# Blender 5.0.1
# www.blender.org
mtllib 20.mtl
o Curve.012
v 0.538764 0.000000 0.061539
v 0.538764 0.000000 0.113923
v 0.552392 0.000000 0.113923
v 0.566020 0.000000 0.113923
v 0.566020 0.000000 0.090382
v 0.566020 0.000000 0.066852
v 0.567613 0.000000 0.066927
v 0.567975 0.000000 0.066948
v 0.568294 0.000000 0.066969
v 0.568579 0.000000 0.066991
v 0.568836 0.000000 0.067016
v 0.569074 0.000000 0.067044
v 0.569301 0.000000 0.067078
v 0.569523 0.000000 0.067118
v 0.569750 0.000000 0.067166
v 0.569988 0.000000 0.067223
v 0.570245 0.000000 0.067290
v 0.570529 0.000000 0.067369
v 0.570849 0.000000 0.067462
v 0.571058 0.000000 0.067531
v 0.571269 0.000000 0.067614
v 0.571478 0.000000 0.067710
v 0.571684 0.000000 0.067815
v 0.571885 0.000000 0.067930
v 0.572078 0.000000 0.068053
v 0.572261 0.000000 0.068182
v 0.572432 0.000000 0.068315
v 0.572588 0.000000 0.068452
v 0.572729 0.000000 0.068591
v 0.572851 0.000000 0.068730
v 0.572952 0.000000 0.068868
v 0.573055 0.000000 0.069034
v 0.573152 0.000000 0.069216
v 0.573244 0.000000 0.069417
v 0.573332 0.000000 0.069638
v 0.573416 0.000000 0.069883
v 0.573496 0.000000 0.070153
v 0.573575 0.000000 0.070450
v 0.573651 0.000000 0.070777
v 0.573726 0.000000 0.071136
v 0.573800 0.000000 0.071529
v 0.573873 0.000000 0.071958
v 0.573948 0.000000 0.072427
v 0.573991 0.000000 0.072764
v 0.574028 0.000000 0.073193
v 0.574060 0.000000 0.073766
v 0.574087 0.000000 0.074534
v 0.574109 0.000000 0.075548
v 0.574128 0.000000 0.076859
v 0.574144 0.000000 0.078520
v 0.574157 0.000000 0.080581
v 0.574168 0.000000 0.083093
v 0.574178 0.000000 0.086109
v 0.574187 0.000000 0.089678
v 0.574197 0.000000 0.093853
v 0.574197 0.000000 0.094248
v 0.574200 0.000000 0.095340
v 0.574204 0.000000 0.096989
v 0.574209 0.000000 0.099057
v 0.574215 0.000000 0.101403
v 0.574221 0.000000 0.103888
v 0.574228 0.000000 0.106374
v 0.574233 0.000000 0.108720
v 0.574238 0.000000 0.110788
v 0.574243 0.000000 0.112437
v 0.574245 0.000000 0.113529
v 0.574246 0.000000 0.113923
v 0.586841 0.000000 0.113923
v 0.588547 0.000000 0.113922
v 0.590187 0.000000 0.113920
v 0.591747 0.000000 0.113915
v 0.593210 0.000000 0.113909
v 0.594562 0.000000 0.113901
v 0.595786 0.000000 0.113892
v 0.596868 0.000000 0.113882
v 0.597792 0.000000 0.113872
v 0.598543 0.000000 0.113860
v 0.599104 0.000000 0.113849
v 0.599461 0.000000 0.113836
v 0.599598 0.000000 0.113824
v 0.599627 0.000000 0.113738
v 0.599652 0.000000 0.113507
v 0.599673 0.000000 0.113111
v 0.599690 0.000000 0.112524
v 0.599703 0.000000 0.111726
v 0.599713 0.000000 0.110693
v 0.599719 0.000000 0.109403
v 0.599721 0.000000 0.107832
v 0.599720 0.000000 0.105959
v 0.599716 0.000000 0.103760
v 0.599708 0.000000 0.101213
v 0.599697 0.000000 0.098295
v 0.599679 0.000000 0.093666
v 0.599656 0.000000 0.089590
v 0.599627 0.000000 0.086028
v 0.599589 0.000000 0.082942
v 0.599542 0.000000 0.080293
v 0.599486 0.000000 0.078043
v 0.599418 0.000000 0.076154
v 0.599337 0.000000 0.074587
v 0.599242 0.000000 0.073303
v 0.599133 0.000000 0.072265
v 0.599007 0.000000 0.071434
v 0.598863 0.000000 0.070772
v 0.598719 0.000000 0.070281
v 0.598526 0.000000 0.069752
v 0.598289 0.000000 0.069195
v 0.598013 0.000000 0.068618
v 0.597703 0.000000 0.068029
v 0.597365 0.000000 0.067437
v 0.597004 0.000000 0.066850
v 0.596623 0.000000 0.066277
v 0.596229 0.000000 0.065725
v 0.595827 0.000000 0.065205
v 0.595422 0.000000 0.064723
v 0.595018 0.000000 0.064289
v 0.594624 0.000000 0.063910
v 0.594203 0.000000 0.063544
v 0.593751 0.000000 0.063191
v 0.593269 0.000000 0.062849
v 0.592753 0.000000 0.062517
v 0.592204 0.000000 0.062195
v 0.591619 0.000000 0.061882
v 0.590997 0.000000 0.061577
v 0.590336 0.000000 0.061279
v 0.589636 0.000000 0.060988
v 0.588895 0.000000 0.060701
v 0.588111 0.000000 0.060419
v 0.587852 0.000000 0.060333
v 0.587593 0.000000 0.060248
v 0.587336 0.000000 0.060165
v 0.587083 0.000000 0.060085
v 0.586835 0.000000 0.060008
v 0.586594 0.000000 0.059936
v 0.586361 0.000000 0.059867
v 0.586139 0.000000 0.059804
v 0.585928 0.000000 0.059746
v 0.585731 0.000000 0.059694
v 0.585550 0.000000 0.059649
v 0.585385 0.000000 0.059610
v 0.585256 0.000000 0.059579
v 0.585168 0.000000 0.059546
v 0.585121 0.000000 0.059512
v 0.585115 0.000000 0.059476
v 0.585152 0.000000 0.059439
v 0.585231 0.000000 0.059400
v 0.585353 0.000000 0.059360
v 0.585518 0.000000 0.059317
v 0.585726 0.000000 0.059273
v 0.585979 0.000000 0.059226
v 0.586276 0.000000 0.059177
v 0.586617 0.000000 0.059125
v 0.587227 0.000000 0.059031
v 0.587813 0.000000 0.058928
v 0.588377 0.000000 0.058817
v 0.588922 0.000000 0.058696
v 0.589449 0.000000 0.058564
v 0.589962 0.000000 0.058422
v 0.590461 0.000000 0.058269
v 0.590950 0.000000 0.058103
v 0.591430 0.000000 0.057925
v 0.591904 0.000000 0.057733
v 0.592373 0.000000 0.057528
v 0.592840 0.000000 0.057309
v 0.593908 0.000000 0.056718
v 0.594862 0.000000 0.056045
v 0.595710 0.000000 0.055274
v 0.596456 0.000000 0.054392
v 0.597107 0.000000 0.053383
v 0.597670 0.000000 0.052233
v 0.598150 0.000000 0.050929
v 0.598554 0.000000 0.049454
v 0.598887 0.000000 0.047795
v 0.599155 0.000000 0.045938
v 0.599365 0.000000 0.043867
v 0.599523 0.000000 0.041568
v 0.599563 0.000000 0.040815
v 0.599596 0.000000 0.040143
v 0.599621 0.000000 0.039536
v 0.599639 0.000000 0.038980
v 0.599650 0.000000 0.038459
v 0.599654 0.000000 0.037957
v 0.599650 0.000000 0.037458
v 0.599639 0.000000 0.036948
v 0.599621 0.000000 0.036410
v 0.599596 0.000000 0.035829
v 0.599563 0.000000 0.035190
v 0.599523 0.000000 0.034476
v 0.599420 0.000000 0.032924
v 0.599296 0.000000 0.031466
v 0.599150 0.000000 0.030096
v 0.598980 0.000000 0.028806
v 0.598785 0.000000 0.027590
v 0.598563 0.000000 0.026441
v 0.598313 0.000000 0.025351
v 0.598033 0.000000 0.024314
v 0.597722 0.000000 0.023323
v 0.597378 0.000000 0.022370
v 0.597000 0.000000 0.021449
v 0.596586 0.000000 0.020552
v 0.596355 0.000000 0.020094
v 0.596116 0.000000 0.019649
v 0.595868 0.000000 0.019216
v 0.595608 0.000000 0.018794
v 0.595336 0.000000 0.018380
v 0.595051 0.000000 0.017972
v 0.594749 0.000000 0.017569
v 0.594432 0.000000 0.017168
v 0.594096 0.000000 0.016768
v 0.593740 0.000000 0.016366
v 0.593363 0.000000 0.015961
v 0.592964 0.000000 0.015550
v 0.592193 0.000000 0.014809
v 0.591418 0.000000 0.014134
v 0.590633 0.000000 0.013521
v 0.589832 0.000000 0.012966
v 0.589006 0.000000 0.012468
v 0.588151 0.000000 0.012023
v 0.587259 0.000000 0.011627
v 0.586323 0.000000 0.011278
v 0.585337 0.000000 0.010973
v 0.584294 0.000000 0.010708
v 0.583188 0.000000 0.010480
v 0.582012 0.000000 0.010287
v 0.580519 0.000000 0.010082
v 0.578952 0.000000 0.009901
v 0.577278 0.000000 0.009743
v 0.575462 0.000000 0.009606
v 0.573471 0.000000 0.009491
v 0.571270 0.000000 0.009394
v 0.568825 0.000000 0.009316
v 0.566102 0.000000 0.009255
v 0.563067 0.000000 0.009209
v 0.559685 0.000000 0.009178
v 0.555923 0.000000 0.009160
v 0.551745 0.000000 0.009155
v 0.551489 0.000000 0.009155
v 0.550783 0.000000 0.009155
v 0.549717 0.000000 0.009155
v 0.548380 0.000000 0.009155
v 0.546862 0.000000 0.009155
v 0.545255 0.000000 0.009155
v 0.543647 0.000000 0.009155
v 0.542130 0.000000 0.009155
v 0.540793 0.000000 0.009155
v 0.539726 0.000000 0.009155
v 0.539020 0.000000 0.009155
v 0.538764 0.000000 0.009155
v 0.568808 0.000000 0.027384
v 0.569627 0.000000 0.027527
v 0.570357 0.000000 0.027702
v 0.571005 0.000000 0.027911
v 0.571576 0.000000 0.028161
v 0.572075 0.000000 0.028458
v 0.572509 0.000000 0.028805
v 0.572882 0.000000 0.029209
v 0.573200 0.000000 0.029675
v 0.573468 0.000000 0.030208
v 0.573693 0.000000 0.030813
v 0.573880 0.000000 0.031495
v 0.574035 0.000000 0.032261
v 0.574073 0.000000 0.032489
v 0.574106 0.000000 0.032743
v 0.574134 0.000000 0.033031
v 0.574158 0.000000 0.033362
v 0.574178 0.000000 0.033744
v 0.574195 0.000000 0.034185
v 0.574208 0.000000 0.034694
v 0.574218 0.000000 0.035279
v 0.574226 0.000000 0.035948
v 0.574230 0.000000 0.036710
v 0.574233 0.000000 0.037573
v 0.574234 0.000000 0.038545
v 0.574230 0.000000 0.040028
v 0.574216 0.000000 0.041338
v 0.574192 0.000000 0.042490
v 0.574156 0.000000 0.043500
v 0.574107 0.000000 0.044380
v 0.574042 0.000000 0.045147
v 0.573962 0.000000 0.045815
v 0.573863 0.000000 0.046398
v 0.573745 0.000000 0.046910
v 0.573607 0.000000 0.047368
v 0.573447 0.000000 0.047785
v 0.573263 0.000000 0.048176
v 0.573060 0.000000 0.048512
v 0.572813 0.000000 0.048820
v 0.572519 0.000000 0.049100
v 0.572177 0.000000 0.049351
v 0.571787 0.000000 0.049575
v 0.571348 0.000000 0.049773
v 0.570858 0.000000 0.049944
v 0.570317 0.000000 0.050090
v 0.569723 0.000000 0.050210
v 0.569075 0.000000 0.050307
v 0.568372 0.000000 0.050379
v 0.567613 0.000000 0.050428
v 0.567582 0.000000 0.050429
v 0.567495 0.000000 0.050433
v 0.567364 0.000000 0.050439
v 0.567200 0.000000 0.050447
v 0.567014 0.000000 0.050456
v 0.566816 0.000000 0.050465
v 0.566619 0.000000 0.050474
v 0.566433 0.000000 0.050483
v 0.566269 0.000000 0.050491
v 0.566138 0.000000 0.050497
v 0.566051 0.000000 0.050501
v 0.566020 0.000000 0.050502
v 0.566020 0.000000 0.038856
v 0.566020 0.000000 0.027197
v 0.566804 0.000000 0.027197
v 0.566919 0.000000 0.027199
v 0.567053 0.000000 0.027204
v 0.567201 0.000000 0.027212
v 0.567362 0.000000 0.027223
v 0.567533 0.000000 0.027237
v 0.567712 0.000000 0.027253
v 0.567897 0.000000 0.027271
v 0.568083 0.000000 0.027291
v 0.568271 0.000000 0.027312
v 0.568455 0.000000 0.027335
v 0.568635 0.000000 0.027359
v 0.168462 0.000000 0.132837
v 0.167941 0.000000 0.132960
v 0.167447 0.000000 0.133094
v 0.166979 0.000000 0.133240
v 0.166534 0.000000 0.133398
v 0.166110 0.000000 0.133570
v 0.165707 0.000000 0.133756
v 0.165321 0.000000 0.133957
v 0.164951 0.000000 0.134175
v 0.164596 0.000000 0.134410
v 0.164253 0.000000 0.134662
v 0.163920 0.000000 0.134934
v 0.163596 0.000000 0.135226
v 0.163250 0.000000 0.135564
v 0.162929 0.000000 0.135914
v 0.162632 0.000000 0.136276
v 0.162359 0.000000 0.136649
v 0.162109 0.000000 0.137033
v 0.161884 0.000000 0.137430
v 0.161683 0.000000 0.137837
v 0.161506 0.000000 0.138257
v 0.161352 0.000000 0.138688
v 0.161222 0.000000 0.139132
v 0.161115 0.000000 0.139587
v 0.161032 0.000000 0.140053
v 0.161010 0.000000 0.140258
v 0.160989 0.000000 0.140574
v 0.160969 0.000000 0.141000
v 0.160950 0.000000 0.141530
v 0.160931 0.000000 0.142160
v 0.160914 0.000000 0.142886
v 0.160897 0.000000 0.143703
v 0.160882 0.000000 0.144608
v 0.160867 0.000000 0.145595
v 0.160854 0.000000 0.146661
v 0.160843 0.000000 0.147802
v 0.160833 0.000000 0.149012
v 0.160822 0.000000 0.150590
v 0.160814 0.000000 0.151974
v 0.160810 0.000000 0.153183
v 0.160810 0.000000 0.154235
v 0.160814 0.000000 0.155147
v 0.160822 0.000000 0.155938
v 0.160834 0.000000 0.156626
v 0.160851 0.000000 0.157228
v 0.160873 0.000000 0.157763
v 0.160900 0.000000 0.158248
v 0.160932 0.000000 0.158701
v 0.160970 0.000000 0.159141
v 0.161047 0.000000 0.159888
v 0.161130 0.000000 0.160568
v 0.161221 0.000000 0.161185
v 0.161321 0.000000 0.161747
v 0.161434 0.000000 0.162260
v 0.161559 0.000000 0.162730
v 0.161700 0.000000 0.163164
v 0.161858 0.000000 0.163569
v 0.162036 0.000000 0.163949
v 0.162234 0.000000 0.164313
v 0.162454 0.000000 0.164665
v 0.162700 0.000000 0.165014
v 0.163156 0.000000 0.165557
v 0.163689 0.000000 0.166059
v 0.164293 0.000000 0.166517
v 0.164963 0.000000 0.166930
v 0.165693 0.000000 0.167297
v 0.166478 0.000000 0.167614
v 0.167314 0.000000 0.167881
v 0.168194 0.000000 0.168095
v 0.169114 0.000000 0.168254
v 0.170068 0.000000 0.168357
v 0.171051 0.000000 0.168402
v 0.172059 0.000000 0.168386
v 0.172773 0.000000 0.168338
v 0.173454 0.000000 0.168264
v 0.174105 0.000000 0.168162
v 0.174729 0.000000 0.168031
v 0.175329 0.000000 0.167871
v 0.175906 0.000000 0.167680
v 0.176464 0.000000 0.167457
v 0.177005 0.000000 0.167201
v 0.177531 0.000000 0.166912
v 0.178047 0.000000 0.166589
v 0.178553 0.000000 0.166230
v 0.179053 0.000000 0.165835
v 0.179205 0.000000 0.165702
v 0.179363 0.000000 0.165553
v 0.179523 0.000000 0.165390
v 0.179685 0.000000 0.165216
v 0.179846 0.000000 0.165032
v 0.180005 0.000000 0.164841
v 0.180160 0.000000 0.164645
v 0.180309 0.000000 0.164447
v 0.180450 0.000000 0.164248
v 0.180581 0.000000 0.164051
v 0.180701 0.000000 0.163857
v 0.180808 0.000000 0.163670
v 0.180969 0.000000 0.163351
v 0.181116 0.000000 0.162992
v 0.181250 0.000000 0.162588
v 0.181371 0.000000 0.162138
v 0.181480 0.000000 0.161639
v 0.181576 0.000000 0.161088
v 0.181661 0.000000 0.160484
v 0.181733 0.000000 0.159823
v 0.181795 0.000000 0.159103
v 0.181845 0.000000 0.158322
v 0.181886 0.000000 0.157477
v 0.181915 0.000000 0.156565
v 0.181917 0.000000 0.156512
v 0.181921 0.000000 0.156365
v 0.181927 0.000000 0.156143
v 0.181935 0.000000 0.155865
v 0.181944 0.000000 0.155549
v 0.181953 0.000000 0.155215
v 0.181962 0.000000 0.154881
v 0.181971 0.000000 0.154565
v 0.181978 0.000000 0.154287
v 0.181985 0.000000 0.154065
v 0.181989 0.000000 0.153918
v 0.181990 0.000000 0.153865
v 0.177485 0.000000 0.153865
v 0.172992 0.000000 0.153865
v 0.172992 0.000000 0.156938
v 0.172987 0.000000 0.157732
v 0.172977 0.000000 0.158448
v 0.172962 0.000000 0.159090
v 0.172942 0.000000 0.159661
v 0.172916 0.000000 0.160166
v 0.172885 0.000000 0.160607
v 0.172846 0.000000 0.160990
v 0.172801 0.000000 0.161316
v 0.172749 0.000000 0.161591
v 0.172689 0.000000 0.161817
v 0.172621 0.000000 0.161999
v 0.172544 0.000000 0.162139
v 0.172463 0.000000 0.162246
v 0.172365 0.000000 0.162342
v 0.172252 0.000000 0.162426
v 0.172125 0.000000 0.162499
v 0.171987 0.000000 0.162559
v 0.171839 0.000000 0.162606
v 0.171684 0.000000 0.162640
v 0.171523 0.000000 0.162659
v 0.171359 0.000000 0.162664
v 0.171193 0.000000 0.162654
v 0.171027 0.000000 0.162629
v 0.170864 0.000000 0.162587
v 0.170764 0.000000 0.162556
v 0.170675 0.000000 0.162524
v 0.170596 0.000000 0.162488
v 0.170525 0.000000 0.162450
v 0.170462 0.000000 0.162406
v 0.170403 0.000000 0.162356
v 0.170349 0.000000 0.162298
v 0.170298 0.000000 0.162232
v 0.170248 0.000000 0.162155
v 0.170198 0.000000 0.162068
v 0.170146 0.000000 0.161967
v 0.170092 0.000000 0.161853
v 0.170087 0.000000 0.161842
v 0.170072 0.000000 0.161810
v 0.170049 0.000000 0.161762
v 0.170021 0.000000 0.161702
v 0.169989 0.000000 0.161633
v 0.169955 0.000000 0.161561
v 0.169921 0.000000 0.161488
v 0.169889 0.000000 0.161420
v 0.169861 0.000000 0.161360
v 0.169839 0.000000 0.161312
v 0.169824 0.000000 0.161280
v 0.169818 0.000000 0.161268
v 0.169818 0.000000 0.150505
v 0.169818 0.000000 0.139742
v 0.170092 0.000000 0.139158
v 0.170146 0.000000 0.139044
v 0.170198 0.000000 0.138943
v 0.170248 0.000000 0.138856
v 0.170297 0.000000 0.138779
v 0.170348 0.000000 0.138713
v 0.170402 0.000000 0.138655
v 0.170459 0.000000 0.138605
v 0.170522 0.000000 0.138561
v 0.170591 0.000000 0.138522
v 0.170668 0.000000 0.138487
v 0.170754 0.000000 0.138455
v 0.170851 0.000000 0.138423
v 0.171010 0.000000 0.138383
v 0.171168 0.000000 0.138356
v 0.171325 0.000000 0.138341
v 0.171479 0.000000 0.138338
v 0.171629 0.000000 0.138348
v 0.171774 0.000000 0.138369
v 0.171913 0.000000 0.138402
v 0.172045 0.000000 0.138446
v 0.172169 0.000000 0.138502
v 0.172284 0.000000 0.138569
v 0.172389 0.000000 0.138646
v 0.172482 0.000000 0.138734
v 0.172578 0.000000 0.138859
v 0.172662 0.000000 0.139016
v 0.172735 0.000000 0.139214
v 0.172797 0.000000 0.139463
v 0.172848 0.000000 0.139772
v 0.172891 0.000000 0.140151
v 0.172925 0.000000 0.140610
v 0.172951 0.000000 0.141158
v 0.172970 0.000000 0.141805
v 0.172983 0.000000 0.142560
v 0.172990 0.000000 0.143433
v 0.172992 0.000000 0.144433
v 0.172992 0.000000 0.144509
v 0.172992 0.000000 0.144717
v 0.172992 0.000000 0.145032
v 0.172992 0.000000 0.145427
v 0.172992 0.000000 0.145875
v 0.172992 0.000000 0.146349
v 0.172992 0.000000 0.146824
v 0.172992 0.000000 0.147272
v 0.172992 0.000000 0.147667
v 0.172992 0.000000 0.147982
v 0.172992 0.000000 0.148190
v 0.172992 0.000000 0.148266
v 0.177485 0.000000 0.148266
v 0.181978 0.000000 0.148266
v 0.181915 0.000000 0.144807
v 0.181898 0.000000 0.143950
v 0.181875 0.000000 0.143174
v 0.181847 0.000000 0.142470
v 0.181812 0.000000 0.141832
v 0.181770 0.000000 0.141251
v 0.181721 0.000000 0.140721
v 0.181663 0.000000 0.140233
v 0.181596 0.000000 0.139781
v 0.181518 0.000000 0.139356
v 0.181430 0.000000 0.138952
v 0.181330 0.000000 0.138560
v 0.181218 0.000000 0.138175
v 0.180991 0.000000 0.137565
v 0.180701 0.000000 0.136983
v 0.180351 0.000000 0.136429
v 0.179941 0.000000 0.135904
v 0.179474 0.000000 0.135410
v 0.178952 0.000000 0.134949
v 0.178375 0.000000 0.134521
v 0.177746 0.000000 0.134128
v 0.177065 0.000000 0.133772
v 0.176336 0.000000 0.133454
v 0.175558 0.000000 0.133175
v 0.174734 0.000000 0.132936
v 0.174336 0.000000 0.132850
v 0.173870 0.000000 0.132777
v 0.173352 0.000000 0.132718
v 0.172793 0.000000 0.132673
v 0.172207 0.000000 0.132642
v 0.171607 0.000000 0.132625
v 0.171007 0.000000 0.132623
v 0.170420 0.000000 0.132636
v 0.169858 0.000000 0.132663
v 0.169336 0.000000 0.132706
v 0.168866 0.000000 0.132763
v 0.051586 0.000000 0.132675
v 0.051301 0.000000 0.132724
v 0.051007 0.000000 0.132783
v 0.050707 0.000000 0.132852
v 0.050401 0.000000 0.132929
v 0.050093 0.000000 0.133015
v 0.049785 0.000000 0.133109
v 0.049478 0.000000 0.133209
v 0.049175 0.000000 0.133316
v 0.048877 0.000000 0.133429
v 0.048587 0.000000 0.133547
v 0.048308 0.000000 0.133669
v 0.048040 0.000000 0.133795
v 0.047806 0.000000 0.133909
v 0.047594 0.000000 0.134018
v 0.047400 0.000000 0.134124
v 0.047220 0.000000 0.134229
v 0.047052 0.000000 0.134337
v 0.046890 0.000000 0.134450
v 0.046731 0.000000 0.134570
v 0.046573 0.000000 0.134700
v 0.046410 0.000000 0.134843
v 0.046240 0.000000 0.135001
v 0.046058 0.000000 0.135178
v 0.045862 0.000000 0.135375
v 0.045583 0.000000 0.135662
v 0.045327 0.000000 0.135948
v 0.045091 0.000000 0.136233
v 0.044874 0.000000 0.136520
v 0.044675 0.000000 0.136811
v 0.044493 0.000000 0.137108
v 0.044326 0.000000 0.137412
v 0.044174 0.000000 0.137726
v 0.044034 0.000000 0.138052
v 0.043907 0.000000 0.138392
v 0.043791 0.000000 0.138747
v 0.043684 0.000000 0.139120
v 0.043541 0.000000 0.140017
v 0.043424 0.000000 0.141459
v 0.043334 0.000000 0.143338
v 0.043269 0.000000 0.145543
v 0.043230 0.000000 0.147967
v 0.043217 0.000000 0.150501
v 0.043230 0.000000 0.153034
v 0.043269 0.000000 0.155459
v 0.043334 0.000000 0.157666
v 0.043424 0.000000 0.159546
v 0.043541 0.000000 0.160991
v 0.043684 0.000000 0.161891
v 0.043897 0.000000 0.162573
v 0.044164 0.000000 0.163227
v 0.044481 0.000000 0.163850
v 0.044847 0.000000 0.164440
v 0.045262 0.000000 0.164995
v 0.045722 0.000000 0.165515
v 0.046226 0.000000 0.165996
v 0.046772 0.000000 0.166438
v 0.047359 0.000000 0.166839
v 0.047985 0.000000 0.167197
v 0.048648 0.000000 0.167510
v 0.049346 0.000000 0.167776
v 0.050045 0.000000 0.167985
v 0.050780 0.000000 0.168152
v 0.051542 0.000000 0.168276
v 0.052325 0.000000 0.168359
v 0.053120 0.000000 0.168401
v 0.053920 0.000000 0.168401
v 0.054717 0.000000 0.168361
v 0.055503 0.000000 0.168279
v 0.056270 0.000000 0.168157
v 0.057011 0.000000 0.167995
v 0.057717 0.000000 0.167794
v 0.058382 0.000000 0.167552
v 0.058667 0.000000 0.167435
v 0.058934 0.000000 0.167318
v 0.059185 0.000000 0.167201
v 0.059422 0.000000 0.167081
v 0.059646 0.000000 0.166958
v 0.059861 0.000000 0.166830
v 0.060069 0.000000 0.166696
v 0.060271 0.000000 0.166555
v 0.060470 0.000000 0.166404
v 0.060668 0.000000 0.166243
v 0.060867 0.000000 0.166071
v 0.061070 0.000000 0.165885
v 0.061393 0.000000 0.165569
v 0.061697 0.000000 0.165239
v 0.061981 0.000000 0.164894
v 0.062244 0.000000 0.164536
v 0.062487 0.000000 0.164165
v 0.062710 0.000000 0.163782
v 0.062910 0.000000 0.163387
v 0.063090 0.000000 0.162982
v 0.063247 0.000000 0.162567
v 0.063382 0.000000 0.162143
v 0.063495 0.000000 0.161710
v 0.063584 0.000000 0.161268
v 0.063703 0.000000 0.160276
v 0.063800 0.000000 0.158828
v 0.063874 0.000000 0.157016
v 0.063925 0.000000 0.154934
v 0.063955 0.000000 0.152671
v 0.063962 0.000000 0.150322
v 0.063947 0.000000 0.147977
v 0.063910 0.000000 0.145729
v 0.063852 0.000000 0.143669
v 0.063771 0.000000 0.141890
v 0.063670 0.000000 0.140485
v 0.063547 0.000000 0.139543
v 0.063402 0.000000 0.138921
v 0.063210 0.000000 0.138319
v 0.062974 0.000000 0.137738
v 0.062694 0.000000 0.137181
v 0.062372 0.000000 0.136649
v 0.062010 0.000000 0.136143
v 0.061607 0.000000 0.135666
v 0.061167 0.000000 0.135220
v 0.060690 0.000000 0.134805
v 0.060178 0.000000 0.134424
v 0.059632 0.000000 0.134078
v 0.059054 0.000000 0.133770
v 0.058643 0.000000 0.133576
v 0.058249 0.000000 0.133404
v 0.057863 0.000000 0.133254
v 0.057482 0.000000 0.133123
v 0.057100 0.000000 0.133011
v 0.056709 0.000000 0.132916
v 0.056306 0.000000 0.132838
v 0.055883 0.000000 0.132774
v 0.055436 0.000000 0.132725
v 0.054959 0.000000 0.132689
v 0.054445 0.000000 0.132664
v 0.053889 0.000000 0.132650
v 0.053625 0.000000 0.132644
v 0.053366 0.000000 0.132641
v 0.053113 0.000000 0.132638
v 0.052869 0.000000 0.132637
v 0.052637 0.000000 0.132637
v 0.052420 0.000000 0.132639
v 0.052221 0.000000 0.132642
v 0.052042 0.000000 0.132646
v 0.051887 0.000000 0.132652
v 0.051757 0.000000 0.132658
v 0.051656 0.000000 0.132666
v 0.054399 0.000000 0.138660
v 0.054483 0.000000 0.138737
v 0.054554 0.000000 0.138808
v 0.054615 0.000000 0.138879
v 0.054666 0.000000 0.138952
v 0.054709 0.000000 0.139031
v 0.054744 0.000000 0.139122
v 0.054775 0.000000 0.139227
v 0.054800 0.000000 0.139351
v 0.054823 0.000000 0.139498
v 0.054843 0.000000 0.139672
v 0.054864 0.000000 0.139876
v 0.054885 0.000000 0.140116
v 0.054913 0.000000 0.140785
v 0.054937 0.000000 0.141963
v 0.054956 0.000000 0.143549
v 0.054971 0.000000 0.145447
v 0.054980 0.000000 0.147556
v 0.054984 0.000000 0.149779
v 0.054983 0.000000 0.152017
v 0.054977 0.000000 0.154171
v 0.054965 0.000000 0.156142
v 0.054948 0.000000 0.157832
v 0.054925 0.000000 0.159142
v 0.054897 0.000000 0.159974
v 0.054880 0.000000 0.160222
v 0.054862 0.000000 0.160464
v 0.054842 0.000000 0.160698
v 0.054821 0.000000 0.160922
v 0.054800 0.000000 0.161134
v 0.054777 0.000000 0.161331
v 0.054755 0.000000 0.161510
v 0.054732 0.000000 0.161669
v 0.054710 0.000000 0.161805
v 0.054688 0.000000 0.161916
v 0.054667 0.000000 0.161999
v 0.054648 0.000000 0.162052
v 0.054599 0.000000 0.162130
v 0.054535 0.000000 0.162208
v 0.054457 0.000000 0.162285
v 0.054369 0.000000 0.162358
v 0.054271 0.000000 0.162428
v 0.054167 0.000000 0.162493
v 0.054059 0.000000 0.162551
v 0.053948 0.000000 0.162601
v 0.053838 0.000000 0.162642
v 0.053729 0.000000 0.162673
v 0.053625 0.000000 0.162693
v 0.053528 0.000000 0.162699
v 0.053417 0.000000 0.162694
v 0.053307 0.000000 0.162677
v 0.053199 0.000000 0.162649
v 0.053095 0.000000 0.162611
v 0.052993 0.000000 0.162563
v 0.052896 0.000000 0.162505
v 0.052804 0.000000 0.162437
v 0.052717 0.000000 0.162360
v 0.052635 0.000000 0.162274
v 0.052561 0.000000 0.162179
v 0.052493 0.000000 0.162076
v 0.052433 0.000000 0.161965
v 0.052384 0.000000 0.161849
v 0.052343 0.000000 0.161689
v 0.052308 0.000000 0.161453
v 0.052281 0.000000 0.161109
v 0.052258 0.000000 0.160624
v 0.052241 0.000000 0.159967
v 0.052229 0.000000 0.159103
v 0.052220 0.000000 0.158002
v 0.052214 0.000000 0.156630
v 0.052211 0.000000 0.154956
v 0.052209 0.000000 0.152945
v 0.052209 0.000000 0.150568
v 0.052209 0.000000 0.148104
v 0.052210 0.000000 0.146038
v 0.052213 0.000000 0.144333
v 0.052218 0.000000 0.142952
v 0.052227 0.000000 0.141857
v 0.052240 0.000000 0.141013
v 0.052258 0.000000 0.140382
v 0.052282 0.000000 0.139926
v 0.052314 0.000000 0.139609
v 0.052353 0.000000 0.139394
v 0.052400 0.000000 0.139243
v 0.052458 0.000000 0.139120
v 0.052575 0.000000 0.138919
v 0.052706 0.000000 0.138747
v 0.052850 0.000000 0.138602
v 0.053005 0.000000 0.138487
v 0.053169 0.000000 0.138400
v 0.053340 0.000000 0.138344
v 0.053515 0.000000 0.138318
v 0.053694 0.000000 0.138323
v 0.053874 0.000000 0.138359
v 0.054052 0.000000 0.138427
v 0.054228 0.000000 0.138527
v 0.074175 0.000000 0.132849
v 0.073496 0.000000 0.133020
v 0.072831 0.000000 0.133239
v 0.072184 0.000000 0.133503
v 0.071559 0.000000 0.133808
v 0.070960 0.000000 0.134153
v 0.070392 0.000000 0.134533
v 0.069857 0.000000 0.134947
v 0.069361 0.000000 0.135390
v 0.068907 0.000000 0.135860
v 0.068500 0.000000 0.136355
v 0.068143 0.000000 0.136870
v 0.067840 0.000000 0.137403
v 0.067658 0.000000 0.137800
v 0.067503 0.000000 0.138227
v 0.067371 0.000000 0.138715
v 0.067263 0.000000 0.139293
v 0.067174 0.000000 0.139993
v 0.067104 0.000000 0.140844
v 0.067051 0.000000 0.141876
v 0.067011 0.000000 0.143119
v 0.066984 0.000000 0.144605
v 0.066968 0.000000 0.146363
v 0.066959 0.000000 0.148423
v 0.066957 0.000000 0.150816
v 0.066958 0.000000 0.152836
v 0.066962 0.000000 0.154581
v 0.066970 0.000000 0.156075
v 0.066983 0.000000 0.157344
v 0.067002 0.000000 0.158411
v 0.067028 0.000000 0.159301
v 0.067062 0.000000 0.160038
v 0.067104 0.000000 0.160647
v 0.067156 0.000000 0.161152
v 0.067219 0.000000 0.161578
v 0.067293 0.000000 0.161949
v 0.067380 0.000000 0.162289
v 0.067657 0.000000 0.163116
v 0.068023 0.000000 0.163902
v 0.068471 0.000000 0.164641
v 0.068996 0.000000 0.165329
v 0.069590 0.000000 0.165961
v 0.070248 0.000000 0.166532
v 0.070964 0.000000 0.167036
v 0.071729 0.000000 0.167469
v 0.072539 0.000000 0.167825
v 0.073387 0.000000 0.168100
v 0.074266 0.000000 0.168289
v 0.075171 0.000000 0.168386
v 0.075693 0.000000 0.168401
v 0.076198 0.000000 0.168385
v 0.076684 0.000000 0.168337
v 0.077152 0.000000 0.168257
v 0.077603 0.000000 0.168146
v 0.078036 0.000000 0.168003
v 0.078452 0.000000 0.167829
v 0.078852 0.000000 0.167623
v 0.079234 0.000000 0.167385
v 0.079601 0.000000 0.167116
v 0.079951 0.000000 0.166815
v 0.080286 0.000000 0.166482
v 0.080363 0.000000 0.166397
v 0.080440 0.000000 0.166311
v 0.080515 0.000000 0.166225
v 0.080588 0.000000 0.166141
v 0.080658 0.000000 0.166058
v 0.080723 0.000000 0.165978
v 0.080783 0.000000 0.165903
v 0.080838 0.000000 0.165832
v 0.080886 0.000000 0.165768
v 0.080927 0.000000 0.165711
v 0.080959 0.000000 0.165663
v 0.080983 0.000000 0.165623
v 0.081004 0.000000 0.165591
v 0.081026 0.000000 0.165560
v 0.081047 0.000000 0.165533
v 0.081068 0.000000 0.165509
v 0.081088 0.000000 0.165488
v 0.081107 0.000000 0.165471
v 0.081125 0.000000 0.165457
v 0.081142 0.000000 0.165447
v 0.081158 0.000000 0.165441
v 0.081172 0.000000 0.165440
v 0.081184 0.000000 0.165442
v 0.081194 0.000000 0.165449
v 0.081207 0.000000 0.165468
v 0.081226 0.000000 0.165505
v 0.081250 0.000000 0.165558
v 0.081280 0.000000 0.165626
v 0.081313 0.000000 0.165709
v 0.081351 0.000000 0.165804
v 0.081393 0.000000 0.165910
v 0.081437 0.000000 0.166027
v 0.081483 0.000000 0.166153
v 0.081531 0.000000 0.166286
v 0.081580 0.000000 0.166425
v 0.081630 0.000000 0.166569
v 0.081637 0.000000 0.166590
v 0.081657 0.000000 0.166647
v 0.081686 0.000000 0.166732
v 0.081723 0.000000 0.166840
v 0.081766 0.000000 0.166962
v 0.081810 0.000000 0.167092
v 0.081855 0.000000 0.167221
v 0.081897 0.000000 0.167343
v 0.081934 0.000000 0.167451
v 0.081964 0.000000 0.167537
v 0.081984 0.000000 0.167594
v 0.081991 0.000000 0.167614
v 0.084803 0.000000 0.167652
v 0.087616 0.000000 0.167677
v 0.087616 0.000000 0.158469
v 0.087616 0.000000 0.149261
v 0.082389 0.000000 0.149261
v 0.077162 0.000000 0.149261
v 0.077162 0.000000 0.151874
v 0.077162 0.000000 0.154475
v 0.078070 0.000000 0.154512
v 0.078966 0.000000 0.154549
v 0.079004 0.000000 0.156665
v 0.079012 0.000000 0.157342
v 0.079010 0.000000 0.157986
v 0.079000 0.000000 0.158592
v 0.078981 0.000000 0.159161
v 0.078953 0.000000 0.159687
v 0.078917 0.000000 0.160170
v 0.078872 0.000000 0.160607
v 0.078819 0.000000 0.160996
v 0.078759 0.000000 0.161333
v 0.078690 0.000000 0.161617
v 0.078614 0.000000 0.161845
v 0.078531 0.000000 0.162015
v 0.078463 0.000000 0.162112
v 0.078385 0.000000 0.162204
v 0.078298 0.000000 0.162290
v 0.078202 0.000000 0.162369
v 0.078099 0.000000 0.162442
v 0.077990 0.000000 0.162507
v 0.077875 0.000000 0.162563
v 0.077757 0.000000 0.162610
v 0.077635 0.000000 0.162648
v 0.077511 0.000000 0.162676
v 0.077386 0.000000 0.162694
v 0.077261 0.000000 0.162699
v 0.077138 0.000000 0.162692
v 0.077017 0.000000 0.162670
v 0.076900 0.000000 0.162634
v 0.076786 0.000000 0.162584
v 0.076677 0.000000 0.162520
v 0.076572 0.000000 0.162444
v 0.076473 0.000000 0.162356
v 0.076380 0.000000 0.162255
v 0.076294 0.000000 0.162143
v 0.076214 0.000000 0.162020
v 0.076143 0.000000 0.161886
v 0.076079 0.000000 0.161741
v 0.076030 0.000000 0.161594
v 0.075989 0.000000 0.161410
v 0.075955 0.000000 0.161158
v 0.075927 0.000000 0.160803
v 0.075905 0.000000 0.160315
v 0.075888 0.000000 0.159659
v 0.075875 0.000000 0.158803
v 0.075866 0.000000 0.157714
v 0.075860 0.000000 0.156361
v 0.075857 0.000000 0.154709
v 0.075855 0.000000 0.152727
v 0.075855 0.000000 0.150381
v 0.075856 0.000000 0.148114
v 0.075858 0.000000 0.146183
v 0.075862 0.000000 0.144561
v 0.075868 0.000000 0.143219
v 0.075878 0.000000 0.142128
v 0.075891 0.000000 0.141260
v 0.075908 0.000000 0.140588
v 0.075929 0.000000 0.140082
v 0.075955 0.000000 0.139714
v 0.075986 0.000000 0.139457
v 0.076023 0.000000 0.139280
v 0.076067 0.000000 0.139158
v 0.076141 0.000000 0.139007
v 0.076223 0.000000 0.138871
v 0.076310 0.000000 0.138751
v 0.076405 0.000000 0.138646
v 0.076507 0.000000 0.138557
v 0.076616 0.000000 0.138482
v 0.076732 0.000000 0.138423
v 0.076857 0.000000 0.138379
v 0.076989 0.000000 0.138349
v 0.077129 0.000000 0.138334
v 0.077278 0.000000 0.138334
v 0.077436 0.000000 0.138349
v 0.077681 0.000000 0.138392
v 0.077892 0.000000 0.138462
v 0.078070 0.000000 0.138570
v 0.078219 0.000000 0.138727
v 0.078342 0.000000 0.138944
v 0.078442 0.000000 0.139232
v 0.078522 0.000000 0.139604
v 0.078585 0.000000 0.140070
v 0.078635 0.000000 0.140641
v 0.078673 0.000000 0.141329
v 0.078704 0.000000 0.142146
v 0.078730 0.000000 0.143102
v 0.078731 0.000000 0.143158
v 0.078735 0.000000 0.143314
v 0.078740 0.000000 0.143549
v 0.078746 0.000000 0.143844
v 0.078753 0.000000 0.144178
v 0.078761 0.000000 0.144533
v 0.078769 0.000000 0.144887
v 0.078776 0.000000 0.145222
v 0.078783 0.000000 0.145517
v 0.078788 0.000000 0.145752
v 0.078791 0.000000 0.145907
v 0.078792 0.000000 0.145964
v 0.083223 0.000000 0.146001
v 0.087653 0.000000 0.146026
v 0.087579 0.000000 0.143388
v 0.087538 0.000000 0.142224
v 0.087468 0.000000 0.141177
v 0.087365 0.000000 0.140236
v 0.087227 0.000000 0.139390
v 0.087047 0.000000 0.138630
v 0.086824 0.000000 0.137944
v 0.086553 0.000000 0.137323
v 0.086230 0.000000 0.136756
v 0.085851 0.000000 0.136232
v 0.085413 0.000000 0.135740
v 0.084912 0.000000 0.135272
v 0.084343 0.000000 0.134815
v 0.083840 0.000000 0.134454
v 0.083338 0.000000 0.134131
v 0.082832 0.000000 0.133843
v 0.082317 0.000000 0.133590
v 0.081788 0.000000 0.133369
v 0.081242 0.000000 0.133180
v 0.080675 0.000000 0.133022
v 0.080080 0.000000 0.132892
v 0.079455 0.000000 0.132791
v 0.078794 0.000000 0.132715
v 0.078093 0.000000 0.132664
v 0.077349 0.000000 0.132637
v 0.076957 0.000000 0.132630
v 0.076607 0.000000 0.132625
v 0.076293 0.000000 0.132625
v 0.076009 0.000000 0.132629
v 0.075749 0.000000 0.132637
v 0.075510 0.000000 0.132650
v 0.075284 0.000000 0.132668
v 0.075067 0.000000 0.132692
v 0.074853 0.000000 0.132721
v 0.074637 0.000000 0.132757
v 0.074412 0.000000 0.132800
v 0.099315 0.000000 0.132662
v 0.099054 0.000000 0.132713
v 0.098795 0.000000 0.132767
v 0.098539 0.000000 0.132822
v 0.098288 0.000000 0.132879
v 0.098043 0.000000 0.132937
v 0.097806 0.000000 0.132997
v 0.097577 0.000000 0.133057
v 0.097359 0.000000 0.133118
v 0.097152 0.000000 0.133179
v 0.096958 0.000000 0.133239
v 0.096778 0.000000 0.133300
v 0.096614 0.000000 0.133359
v 0.095977 0.000000 0.133626
v 0.095370 0.000000 0.133940
v 0.094792 0.000000 0.134298
v 0.094249 0.000000 0.134698
v 0.093740 0.000000 0.135138
v 0.093269 0.000000 0.135614
v 0.092839 0.000000 0.136126
v 0.092450 0.000000 0.136670
v 0.092106 0.000000 0.137244
v 0.091808 0.000000 0.137845
v 0.091560 0.000000 0.138471
v 0.091362 0.000000 0.139120
v 0.091282 0.000000 0.139488
v 0.091208 0.000000 0.139969
v 0.091141 0.000000 0.140560
v 0.091081 0.000000 0.141259
v 0.091027 0.000000 0.142065
v 0.090981 0.000000 0.142974
v 0.090942 0.000000 0.143986
v 0.090910 0.000000 0.145098
v 0.090884 0.000000 0.146308
v 0.090866 0.000000 0.147614
v 0.090856 0.000000 0.149014
v 0.090852 0.000000 0.150505
v 0.090856 0.000000 0.151997
v 0.090866 0.000000 0.153397
v 0.090884 0.000000 0.154703
v 0.090910 0.000000 0.155912
v 0.090942 0.000000 0.157024
v 0.090981 0.000000 0.158036
v 0.091027 0.000000 0.158946
v 0.091081 0.000000 0.159752
v 0.091141 0.000000 0.160451
v 0.091208 0.000000 0.161042
v 0.091282 0.000000 0.161523
v 0.091362 0.000000 0.161891
v 0.091461 0.000000 0.162248
v 0.091572 0.000000 0.162592
v 0.091696 0.000000 0.162925
v 0.091833 0.000000 0.163246
v 0.091983 0.000000 0.163559
v 0.092148 0.000000 0.163863
v 0.092327 0.000000 0.164160
v 0.092522 0.000000 0.164450
v 0.092733 0.000000 0.164736
v 0.092960 0.000000 0.165017
v 0.093204 0.000000 0.165296
v 0.093465 0.000000 0.165574
v 0.093796 0.000000 0.165894
v 0.094130 0.000000 0.166189
v 0.094470 0.000000 0.166462
v 0.094818 0.000000 0.166713
v 0.095179 0.000000 0.166944
v 0.095553 0.000000 0.167157
v 0.095945 0.000000 0.167352
v 0.096356 0.000000 0.167532
v 0.096791 0.000000 0.167698
v 0.097250 0.000000 0.167851
v 0.097738 0.000000 0.167993
v 0.098257 0.000000 0.168124
v 0.098640 0.000000 0.168199
v 0.099086 0.000000 0.168260
v 0.099580 0.000000 0.168308
v 0.100112 0.000000 0.168343
v 0.100669 0.000000 0.168364
v 0.101238 0.000000 0.168372
v 0.101807 0.000000 0.168366
v 0.102363 0.000000 0.168346
v 0.102895 0.000000 0.168312
v 0.103390 0.000000 0.168264
v 0.103835 0.000000 0.168201
v 0.104218 0.000000 0.168124
v 0.104688 0.000000 0.168007
v 0.105137 0.000000 0.167878
v 0.105568 0.000000 0.167738
v 0.105982 0.000000 0.167585
v 0.106378 0.000000 0.167419
v 0.106759 0.000000 0.167241
v 0.107124 0.000000 0.167049
v 0.107474 0.000000 0.166843
v 0.107811 0.000000 0.166623
v 0.108135 0.000000 0.166388
v 0.108448 0.000000 0.166138
v 0.108748 0.000000 0.165872
v 0.109067 0.000000 0.165561
v 0.109367 0.000000 0.165233
v 0.109649 0.000000 0.164889
v 0.109912 0.000000 0.164529
v 0.110155 0.000000 0.164156
v 0.110379 0.000000 0.163771
v 0.110582 0.000000 0.163374
v 0.110763 0.000000 0.162968
v 0.110922 0.000000 0.162553
v 0.111059 0.000000 0.162131
v 0.111173 0.000000 0.161702
v 0.111262 0.000000 0.161268
v 0.111282 0.000000 0.161122
v 0.111304 0.000000 0.160891
v 0.111326 0.000000 0.160583
v 0.111350 0.000000 0.160206
v 0.111375 0.000000 0.159766
v 0.111399 0.000000 0.159270
v 0.111424 0.000000 0.158725
v 0.111449 0.000000 0.158137
v 0.111473 0.000000 0.157515
v 0.111495 0.000000 0.156865
v 0.111517 0.000000 0.156193
v 0.111536 0.000000 0.155507
v 0.111567 0.000000 0.154099
v 0.111586 0.000000 0.152574
v 0.111593 0.000000 0.150973
v 0.111590 0.000000 0.149336
v 0.111576 0.000000 0.147701
v 0.111553 0.000000 0.146110
v 0.111522 0.000000 0.144601
v 0.111483 0.000000 0.143214
v 0.111437 0.000000 0.141989
v 0.111384 0.000000 0.140965
v 0.111326 0.000000 0.140182
v 0.111262 0.000000 0.139680
v 0.111111 0.000000 0.139042
v 0.110913 0.000000 0.138423
v 0.110670 0.000000 0.137826
v 0.110383 0.000000 0.137252
v 0.110055 0.000000 0.136704
v 0.109687 0.000000 0.136184
v 0.109279 0.000000 0.135694
v 0.108835 0.000000 0.135236
v 0.108355 0.000000 0.134812
v 0.107842 0.000000 0.134425
v 0.107296 0.000000 0.134077
v 0.106720 0.000000 0.133770
v 0.106312 0.000000 0.133576
v 0.105919 0.000000 0.133405
v 0.105535 0.000000 0.133255
v 0.105154 0.000000 0.133126
v 0.104771 0.000000 0.133014
v 0.104380 0.000000 0.132921
v 0.103976 0.000000 0.132843
v 0.103552 0.000000 0.132780
v 0.103104 0.000000 0.132730
v 0.102626 0.000000 0.132693
v 0.102111 0.000000 0.132667
v 0.101555 0.000000 0.132650
v 0.101292 0.000000 0.132644
v 0.101034 0.000000 0.132640
v 0.100783 0.000000 0.132638
v 0.100543 0.000000 0.132637
v 0.100315 0.000000 0.132636
v 0.100104 0.000000 0.132637
v 0.099910 0.000000 0.132640
v 0.099738 0.000000 0.132643
v 0.099590 0.000000 0.132646
v 0.099468 0.000000 0.132651
v 0.099375 0.000000 0.132656
v 0.102065 0.000000 0.138660
v 0.102151 0.000000 0.138738
v 0.102224 0.000000 0.138811
v 0.102285 0.000000 0.138883
v 0.102335 0.000000 0.138962
v 0.102376 0.000000 0.139054
v 0.102411 0.000000 0.139165
v 0.102439 0.000000 0.139303
v 0.102464 0.000000 0.139474
v 0.102485 0.000000 0.139683
v 0.102506 0.000000 0.139939
v 0.102527 0.000000 0.140247
v 0.102551 0.000000 0.140613
v 0.102585 0.000000 0.141380
v 0.102613 0.000000 0.142583
v 0.102635 0.000000 0.144137
v 0.102651 0.000000 0.145957
v 0.102660 0.000000 0.147958
v 0.102664 0.000000 0.150054
v 0.102662 0.000000 0.152160
v 0.102654 0.000000 0.154191
v 0.102640 0.000000 0.156060
v 0.102620 0.000000 0.157684
v 0.102594 0.000000 0.158975
v 0.102563 0.000000 0.159850
v 0.102547 0.000000 0.160115
v 0.102528 0.000000 0.160375
v 0.102508 0.000000 0.160626
v 0.102488 0.000000 0.160867
v 0.102466 0.000000 0.161093
v 0.102443 0.000000 0.161303
v 0.102421 0.000000 0.161493
v 0.102398 0.000000 0.161662
v 0.102376 0.000000 0.161806
v 0.102354 0.000000 0.161923
v 0.102334 0.000000 0.162010
v 0.102314 0.000000 0.162065
v 0.102265 0.000000 0.162140
v 0.102200 0.000000 0.162216
v 0.102121 0.000000 0.162290
v 0.102032 0.000000 0.162362
v 0.101933 0.000000 0.162431
v 0.101827 0.000000 0.162494
v 0.101717 0.000000 0.162551
v 0.101605 0.000000 0.162601
v 0.101493 0.000000 0.162642
v 0.101384 0.000000 0.162673
v 0.101279 0.000000 0.162693
v 0.101182 0.000000 0.162699
v 0.101060 0.000000 0.162692
v 0.100940 0.000000 0.162671
v 0.100822 0.000000 0.162637
v 0.100708 0.000000 0.162591
v 0.100597 0.000000 0.162533
v 0.100492 0.000000 0.162465
v 0.100394 0.000000 0.162386
v 0.100303 0.000000 0.162298
v 0.100221 0.000000 0.162201
v 0.100148 0.000000 0.162096
v 0.100087 0.000000 0.161984
v 0.100037 0.000000 0.161866
v 0.100007 0.000000 0.161728
v 0.099981 0.000000 0.161499
v 0.099959 0.000000 0.161160
v 0.099939 0.000000 0.160696
v 0.099923 0.000000 0.160090
v 0.099909 0.000000 0.159326
v 0.099898 0.000000 0.158387
v 0.099889 0.000000 0.157258
v 0.099883 0.000000 0.155922
v 0.099878 0.000000 0.154362
v 0.099876 0.000000 0.152562
v 0.099875 0.000000 0.150505
v 0.099875 0.000000 0.148056
v 0.099876 0.000000 0.146002
v 0.099879 0.000000 0.144307
v 0.099884 0.000000 0.142933
v 0.099893 0.000000 0.141845
v 0.099906 0.000000 0.141005
v 0.099924 0.000000 0.140377
v 0.099949 0.000000 0.139923
v 0.099980 0.000000 0.139608
v 0.100019 0.000000 0.139393
v 0.100067 0.000000 0.139243
v 0.100124 0.000000 0.139120
v 0.100238 0.000000 0.138919
v 0.100368 0.000000 0.138747
v 0.100511 0.000000 0.138602
v 0.100666 0.000000 0.138487
v 0.100830 0.000000 0.138400
v 0.101001 0.000000 0.138344
v 0.101178 0.000000 0.138318
v 0.101357 0.000000 0.138323
v 0.101538 0.000000 0.138359
v 0.101717 0.000000 0.138427
v 0.101894 0.000000 0.138527
v 0.239177 0.000000 0.132837
v 0.238831 0.000000 0.132911
v 0.238523 0.000000 0.132981
v 0.238248 0.000000 0.133047
v 0.237997 0.000000 0.133113
v 0.237766 0.000000 0.133181
v 0.237548 0.000000 0.133252
v 0.237336 0.000000 0.133329
v 0.237125 0.000000 0.133414
v 0.236907 0.000000 0.133510
v 0.236677 0.000000 0.133619
v 0.236427 0.000000 0.133742
v 0.236153 0.000000 0.133882
v 0.235834 0.000000 0.134055
v 0.235525 0.000000 0.134243
v 0.235227 0.000000 0.134445
v 0.234942 0.000000 0.134661
v 0.234671 0.000000 0.134887
v 0.234415 0.000000 0.135125
v 0.234175 0.000000 0.135371
v 0.233953 0.000000 0.135625
v 0.233750 0.000000 0.135885
v 0.233567 0.000000 0.136151
v 0.233405 0.000000 0.136421
v 0.233265 0.000000 0.136694
v 0.233105 0.000000 0.137050
v 0.232965 0.000000 0.137397
v 0.232844 0.000000 0.137743
v 0.232742 0.000000 0.138094
v 0.232656 0.000000 0.138461
v 0.232586 0.000000 0.138850
v 0.232529 0.000000 0.139269
v 0.232486 0.000000 0.139727
v 0.232455 0.000000 0.140232
v 0.232434 0.000000 0.140791
v 0.232423 0.000000 0.141414
v 0.232419 0.000000 0.142106
v 0.232423 0.000000 0.142801
v 0.232434 0.000000 0.143418
v 0.232456 0.000000 0.143968
v 0.232490 0.000000 0.144460
v 0.232537 0.000000 0.144905
v 0.232601 0.000000 0.145314
v 0.232683 0.000000 0.145696
v 0.232784 0.000000 0.146061
v 0.232907 0.000000 0.146421
v 0.233054 0.000000 0.146786
v 0.233227 0.000000 0.147165
v 0.233427 0.000000 0.147569
v 0.233640 0.000000 0.147974
v 0.233858 0.000000 0.148344
v 0.234095 0.000000 0.148692
v 0.234363 0.000000 0.149027
v 0.234675 0.000000 0.149363
v 0.235045 0.000000 0.149711
v 0.235485 0.000000 0.150081
v 0.236009 0.000000 0.150486
v 0.236630 0.000000 0.150937
v 0.237360 0.000000 0.151446
v 0.238213 0.000000 0.152024
v 0.239202 0.000000 0.152683
v 0.240247 0.000000 0.153378
v 0.241128 0.000000 0.153977
v 0.241860 0.000000 0.154497
v 0.242457 0.000000 0.154955
v 0.242934 0.000000 0.155368
v 0.243307 0.000000 0.155755
v 0.243591 0.000000 0.156132
v 0.243800 0.000000 0.156516
v 0.243950 0.000000 0.156926
v 0.244055 0.000000 0.157379
v 0.244131 0.000000 0.157891
v 0.244193 0.000000 0.158481
v 0.244234 0.000000 0.159035
v 0.244253 0.000000 0.159547
v 0.244250 0.000000 0.160018
v 0.244223 0.000000 0.160448
v 0.244174 0.000000 0.160838
v 0.244101 0.000000 0.161189
v 0.244004 0.000000 0.161502
v 0.243884 0.000000 0.161778
v 0.243739 0.000000 0.162018
v 0.243571 0.000000 0.162221
v 0.243377 0.000000 0.162390
v 0.243160 0.000000 0.162525
v 0.243027 0.000000 0.162583
v 0.242885 0.000000 0.162626
v 0.242736 0.000000 0.162655
v 0.242583 0.000000 0.162669
v 0.242429 0.000000 0.162669
v 0.242274 0.000000 0.162656
v 0.242123 0.000000 0.162629
v 0.241977 0.000000 0.162589
v 0.241838 0.000000 0.162536
v 0.241710 0.000000 0.162470
v 0.241593 0.000000 0.162392
v 0.241492 0.000000 0.162301
v 0.241390 0.000000 0.162185
v 0.241300 0.000000 0.162043
v 0.241223 0.000000 0.161870
v 0.241156 0.000000 0.161662
v 0.241101 0.000000 0.161411
v 0.241055 0.000000 0.161113
v 0.241018 0.000000 0.160762
v 0.240989 0.000000 0.160353
v 0.240969 0.000000 0.159880
v 0.240955 0.000000 0.159337
v 0.240947 0.000000 0.158719
v 0.240944 0.000000 0.158021
v 0.240944 0.000000 0.157968
v 0.240944 0.000000 0.157824
v 0.240944 0.000000 0.157605
v 0.240944 0.000000 0.157331
v 0.240944 0.000000 0.157019
v 0.240944 0.000000 0.156689
v 0.240944 0.000000 0.156360
v 0.240944 0.000000 0.156048
v 0.240944 0.000000 0.155774
v 0.240944 0.000000 0.155555
v 0.240944 0.000000 0.155410
v 0.240944 0.000000 0.155358
v 0.236775 0.000000 0.155358
v 0.232606 0.000000 0.155358
v 0.232606 0.000000 0.157125
v 0.232613 0.000000 0.157923
v 0.232636 0.000000 0.158685
v 0.232673 0.000000 0.159412
v 0.232725 0.000000 0.160102
v 0.232791 0.000000 0.160753
v 0.232872 0.000000 0.161366
v 0.232967 0.000000 0.161940
v 0.233076 0.000000 0.162473
v 0.233199 0.000000 0.162964
v 0.233336 0.000000 0.163413
v 0.233487 0.000000 0.163819
v 0.233651 0.000000 0.164180
v 0.233901 0.000000 0.164614
v 0.234201 0.000000 0.165033
v 0.234550 0.000000 0.165434
v 0.234945 0.000000 0.165817
v 0.235384 0.000000 0.166181
v 0.235865 0.000000 0.166524
v 0.236386 0.000000 0.166845
v 0.236946 0.000000 0.167142
v 0.237542 0.000000 0.167415
v 0.238172 0.000000 0.167663
v 0.238834 0.000000 0.167883
v 0.239525 0.000000 0.168075
v 0.239932 0.000000 0.168158
v 0.240403 0.000000 0.168228
v 0.240925 0.000000 0.168284
v 0.241486 0.000000 0.168326
v 0.242074 0.000000 0.168354
v 0.242676 0.000000 0.168367
v 0.243279 0.000000 0.168366
v 0.243870 0.000000 0.168350
v 0.244438 0.000000 0.168320
v 0.244969 0.000000 0.168274
v 0.245452 0.000000 0.168213
v 0.245873 0.000000 0.168137
v 0.246351 0.000000 0.168023
v 0.246820 0.000000 0.167892
v 0.247278 0.000000 0.167746
v 0.247724 0.000000 0.167584
v 0.248156 0.000000 0.167408
v 0.248573 0.000000 0.167218
v 0.248974 0.000000 0.167014
v 0.249356 0.000000 0.166799
v 0.249719 0.000000 0.166571
v 0.250061 0.000000 0.166332
v 0.250381 0.000000 0.166082
v 0.250677 0.000000 0.165823
v 0.251023 0.000000 0.165485
v 0.251329 0.000000 0.165141
v 0.251598 0.000000 0.164783
v 0.251831 0.000000 0.164404
v 0.252032 0.000000 0.163997
v 0.252203 0.000000 0.163555
v 0.252346 0.000000 0.163071
v 0.252463 0.000000 0.162538
v 0.252558 0.000000 0.161948
v 0.252632 0.000000 0.161296
v 0.252689 0.000000 0.160574
v 0.252730 0.000000 0.159775
v 0.252750 0.000000 0.159017
v 0.252749 0.000000 0.158275
v 0.252727 0.000000 0.157551
v 0.252684 0.000000 0.156848
v 0.252620 0.000000 0.156167
v 0.252536 0.000000 0.155512
v 0.252432 0.000000 0.154885
v 0.252308 0.000000 0.154288
v 0.252165 0.000000 0.153723
v 0.252003 0.000000 0.153193
v 0.251822 0.000000 0.152700
v 0.251622 0.000000 0.152247
v 0.251419 0.000000 0.151876
v 0.251152 0.000000 0.151484
v 0.250825 0.000000 0.151073
v 0.250438 0.000000 0.150646
v 0.249995 0.000000 0.150205
v 0.249497 0.000000 0.149751
v 0.248947 0.000000 0.149286
v 0.248347 0.000000 0.148813
v 0.247699 0.000000 0.148333
v 0.247004 0.000000 0.147848
v 0.246266 0.000000 0.147361
v 0.245487 0.000000 0.146872
v 0.245328 0.000000 0.146775
v 0.245156 0.000000 0.146670
v 0.244976 0.000000 0.146560
v 0.244789 0.000000 0.146445
v 0.244598 0.000000 0.146329
v 0.244406 0.000000 0.146211
v 0.244215 0.000000 0.146094
v 0.244028 0.000000 0.145980
v 0.243847 0.000000 0.145869
v 0.243676 0.000000 0.145765
v 0.243516 0.000000 0.145667
v 0.243371 0.000000 0.145578
v 0.243231 0.000000 0.145492
v 0.243084 0.000000 0.145399
v 0.242934 0.000000 0.145298
v 0.242782 0.000000 0.145192
v 0.242631 0.000000 0.145083
v 0.242481 0.000000 0.144971
v 0.242336 0.000000 0.144859
v 0.242197 0.000000 0.144748
v 0.242065 0.000000 0.144640
v 0.241944 0.000000 0.144536
v 0.241836 0.000000 0.144437
v 0.241741 0.000000 0.144346
v 0.241554 0.000000 0.144150
v 0.241391 0.000000 0.143957
v 0.241251 0.000000 0.143762
v 0.241132 0.000000 0.143560
v 0.241032 0.000000 0.143346
v 0.240950 0.000000 0.143116
v 0.240885 0.000000 0.142864
v 0.240836 0.000000 0.142586
v 0.240799 0.000000 0.142276
v 0.240775 0.000000 0.141930
v 0.240762 0.000000 0.141544
v 0.240758 0.000000 0.141111
v 0.240761 0.000000 0.140837
v 0.240767 0.000000 0.140596
v 0.240774 0.000000 0.140385
v 0.240785 0.000000 0.140200
v 0.240799 0.000000 0.140038
v 0.240817 0.000000 0.139895
v 0.240839 0.000000 0.139766
v 0.240867 0.000000 0.139649
v 0.240901 0.000000 0.139540
v 0.240941 0.000000 0.139434
v 0.240989 0.000000 0.139329
v 0.241044 0.000000 0.139220
v 0.241223 0.000000 0.138938
v 0.241431 0.000000 0.138709
v 0.241661 0.000000 0.138533
v 0.241906 0.000000 0.138409
v 0.242159 0.000000 0.138337
v 0.242413 0.000000 0.138318
v 0.242661 0.000000 0.138350
v 0.242895 0.000000 0.138434
v 0.243109 0.000000 0.138569
v 0.243296 0.000000 0.138755
v 0.243447 0.000000 0.138993
v 0.243558 0.000000 0.139282
v 0.243573 0.000000 0.139361
v 0.243589 0.000000 0.139473
v 0.243603 0.000000 0.139614
v 0.243618 0.000000 0.139781
v 0.243631 0.000000 0.139971
v 0.243643 0.000000 0.140181
v 0.243654 0.000000 0.140408
v 0.243664 0.000000 0.140650
v 0.243672 0.000000 0.140902
v 0.243677 0.000000 0.141163
v 0.243681 0.000000 0.141428
v 0.243682 0.000000 0.141696
v 0.243682 0.000000 0.141735
v 0.243682 0.000000 0.141841
v 0.243682 0.000000 0.142003
v 0.243682 0.000000 0.142206
v 0.243682 0.000000 0.142435
v 0.243682 0.000000 0.142679
v 0.243682 0.000000 0.142922
v 0.243682 0.000000 0.143152
v 0.243682 0.000000 0.143355
v 0.243682 0.000000 0.143516
v 0.243682 0.000000 0.143623
v 0.243682 0.000000 0.143662
v 0.247864 0.000000 0.143662
v 0.252058 0.000000 0.143662
v 0.251983 0.000000 0.141447
v 0.251949 0.000000 0.140562
v 0.251900 0.000000 0.139769
v 0.251835 0.000000 0.139059
v 0.251750 0.000000 0.138425
v 0.251644 0.000000 0.137858
v 0.251514 0.000000 0.137350
v 0.251357 0.000000 0.136894
v 0.251171 0.000000 0.136481
v 0.250954 0.000000 0.136103
v 0.250704 0.000000 0.135753
v 0.250417 0.000000 0.135421
v 0.250092 0.000000 0.135101
v 0.249766 0.000000 0.134822
v 0.249416 0.000000 0.134558
v 0.249044 0.000000 0.134309
v 0.248649 0.000000 0.134075
v 0.248233 0.000000 0.133856
v 0.247795 0.000000 0.133653
v 0.247337 0.000000 0.133466
v 0.246859 0.000000 0.133295
v 0.246360 0.000000 0.133140
v 0.245843 0.000000 0.133001
v 0.245307 0.000000 0.132879
v 0.244753 0.000000 0.132774
v 0.244348 0.000000 0.132715
v 0.243904 0.000000 0.132667
v 0.243430 0.000000 0.132632
v 0.242934 0.000000 0.132608
v 0.242424 0.000000 0.132596
v 0.241909 0.000000 0.132596
v 0.241397 0.000000 0.132607
v 0.240896 0.000000 0.132630
v 0.240416 0.000000 0.132664
v 0.239963 0.000000 0.132710
v 0.239548 0.000000 0.132768
v 0.019788 0.000000 0.150505
v 0.019788 0.000000 0.167677
v 0.023522 0.000000 0.167677
v 0.027256 0.000000 0.167677
v 0.027268 0.000000 0.159987
v 0.027268 0.000000 0.158087
v 0.027270 0.000000 0.156515
v 0.027276 0.000000 0.155248
v 0.027287 0.000000 0.154265
v 0.027307 0.000000 0.153544
v 0.027338 0.000000 0.153061
v 0.027381 0.000000 0.152794
v 0.027439 0.000000 0.152722
v 0.027515 0.000000 0.152822
v 0.027609 0.000000 0.153070
v 0.027726 0.000000 0.153446
v 0.027865 0.000000 0.153927
v 0.027904 0.000000 0.154061
v 0.027952 0.000000 0.154225
v 0.028008 0.000000 0.154415
v 0.028070 0.000000 0.154628
v 0.028138 0.000000 0.154860
v 0.028211 0.000000 0.155108
v 0.028287 0.000000 0.155368
v 0.028366 0.000000 0.155636
v 0.028446 0.000000 0.155910
v 0.028527 0.000000 0.156185
v 0.028608 0.000000 0.156459
v 0.028687 0.000000 0.156727
v 0.028770 0.000000 0.156998
v 0.028855 0.000000 0.157282
v 0.028943 0.000000 0.157573
v 0.029032 0.000000 0.157867
v 0.029120 0.000000 0.158162
v 0.029206 0.000000 0.158453
v 0.029290 0.000000 0.158736
v 0.029371 0.000000 0.159008
v 0.029446 0.000000 0.159264
v 0.029516 0.000000 0.159501
v 0.029578 0.000000 0.159714
v 0.029633 0.000000 0.159900
v 0.029690 0.000000 0.160098
v 0.029763 0.000000 0.160346
v 0.029849 0.000000 0.160638
v 0.029947 0.000000 0.160970
v 0.030056 0.000000 0.161335
v 0.030172 0.000000 0.161729
v 0.030296 0.000000 0.162145
v 0.030425 0.000000 0.162579
v 0.030558 0.000000 0.163025
v 0.030694 0.000000 0.163477
v 0.030830 0.000000 0.163930
v 0.030964 0.000000 0.164379
v 0.030983 0.000000 0.164443
v 0.031035 0.000000 0.164619
v 0.031114 0.000000 0.164885
v 0.031213 0.000000 0.165218
v 0.031325 0.000000 0.165596
v 0.031443 0.000000 0.165997
v 0.031562 0.000000 0.166397
v 0.031674 0.000000 0.166776
v 0.031773 0.000000 0.167109
v 0.031852 0.000000 0.167375
v 0.031904 0.000000 0.167551
v 0.031923 0.000000 0.167614
v 0.035880 0.000000 0.167652
v 0.039825 0.000000 0.167677
v 0.039825 0.000000 0.150505
v 0.039825 0.000000 0.133334
v 0.036092 0.000000 0.133334
v 0.032358 0.000000 0.133334
v 0.032358 0.000000 0.140862
v 0.032357 0.000000 0.141920
v 0.032354 0.000000 0.142923
v 0.032349 0.000000 0.143865
v 0.032343 0.000000 0.144738
v 0.032335 0.000000 0.145536
v 0.032326 0.000000 0.146250
v 0.032315 0.000000 0.146874
v 0.032303 0.000000 0.147401
v 0.032290 0.000000 0.147823
v 0.032276 0.000000 0.148133
v 0.032261 0.000000 0.148325
v 0.032246 0.000000 0.148390
v 0.032230 0.000000 0.148387
v 0.032213 0.000000 0.148378
v 0.032196 0.000000 0.148364
v 0.032178 0.000000 0.148344
v 0.032161 0.000000 0.148320
v 0.032144 0.000000 0.148291
v 0.032127 0.000000 0.148257
v 0.032111 0.000000 0.148221
v 0.032096 0.000000 0.148180
v 0.032082 0.000000 0.148137
v 0.032070 0.000000 0.148090
v 0.032060 0.000000 0.148042
v 0.032031 0.000000 0.147937
v 0.031979 0.000000 0.147762
v 0.031898 0.000000 0.147502
v 0.031785 0.000000 0.147143
v 0.031635 0.000000 0.146670
v 0.031442 0.000000 0.146068
v 0.031202 0.000000 0.145323
v 0.030911 0.000000 0.144419
v 0.030563 0.000000 0.143344
v 0.030154 0.000000 0.142080
v 0.029680 0.000000 0.140615
v 0.029135 0.000000 0.138934
v 0.029050 0.000000 0.138671
v 0.028957 0.000000 0.138386
v 0.028859 0.000000 0.138081
v 0.028756 0.000000 0.137762
v 0.028650 0.000000 0.137433
v 0.028542 0.000000 0.137098
v 0.028434 0.000000 0.136763
v 0.028327 0.000000 0.136430
v 0.028223 0.000000 0.136106
v 0.028123 0.000000 0.135794
v 0.028028 0.000000 0.135499
v 0.027940 0.000000 0.135226
v 0.027928 0.000000 0.135188
v 0.027895 0.000000 0.135085
v 0.027845 0.000000 0.134930
v 0.027782 0.000000 0.134735
v 0.027711 0.000000 0.134514
v 0.027635 0.000000 0.134280
v 0.027560 0.000000 0.134046
v 0.027488 0.000000 0.133825
v 0.027426 0.000000 0.133630
v 0.027375 0.000000 0.133474
v 0.027342 0.000000 0.133372
v 0.027330 0.000000 0.133334
v 0.023559 0.000000 0.133334
v 0.019788 0.000000 0.133334
v 0.114996 0.000000 0.150505
v 0.114996 0.000000 0.167677
v 0.118730 0.000000 0.167677
v 0.122463 0.000000 0.167677
v 0.122476 0.000000 0.159987
v 0.122479 0.000000 0.158234
v 0.122482 0.000000 0.156773
v 0.122487 0.000000 0.155580
v 0.122493 0.000000 0.154632
v 0.122502 0.000000 0.153904
v 0.122515 0.000000 0.153374
v 0.122532 0.000000 0.153016
v 0.122554 0.000000 0.152808
v 0.122583 0.000000 0.152725
v 0.122618 0.000000 0.152745
v 0.122661 0.000000 0.152842
v 0.122712 0.000000 0.152994
v 0.122831 0.000000 0.153372
v 0.123073 0.000000 0.154165
v 0.123412 0.000000 0.155294
v 0.123827 0.000000 0.156678
v 0.124292 0.000000 0.158235
v 0.124784 0.000000 0.159887
v 0.125280 0.000000 0.161553
v 0.125755 0.000000 0.163151
v 0.126185 0.000000 0.164602
v 0.126546 0.000000 0.165825
v 0.126816 0.000000 0.166740
v 0.126969 0.000000 0.167266
v 0.126971 0.000000 0.167274
v 0.126977 0.000000 0.167296
v 0.126986 0.000000 0.167330
v 0.126998 0.000000 0.167372
v 0.127011 0.000000 0.167420
v 0.127025 0.000000 0.167471
v 0.127039 0.000000 0.167522
v 0.127052 0.000000 0.167570
v 0.127063 0.000000 0.167612
v 0.127072 0.000000 0.167646
v 0.127078 0.000000 0.167668
v 0.127081 0.000000 0.167677
v 0.130989 0.000000 0.167677
v 0.134909 0.000000 0.167677
v 0.134909 0.000000 0.150505
v 0.134909 0.000000 0.133334
v 0.131175 0.000000 0.133334
v 0.127442 0.000000 0.133334
v 0.127429 0.000000 0.140949
v 0.127417 0.000000 0.148577
v 0.126819 0.000000 0.146773
v 0.126729 0.000000 0.146495
v 0.126622 0.000000 0.146166
v 0.126500 0.000000 0.145791
v 0.126365 0.000000 0.145377
v 0.126219 0.000000 0.144930
v 0.126065 0.000000 0.144457
v 0.125904 0.000000 0.143963
v 0.125739 0.000000 0.143456
v 0.125571 0.000000 0.142942
v 0.125404 0.000000 0.142428
v 0.125238 0.000000 0.141919
v 0.125077 0.000000 0.141422
v 0.124919 0.000000 0.140928
v 0.124758 0.000000 0.140426
v 0.124596 0.000000 0.139922
v 0.124435 0.000000 0.139422
v 0.124277 0.000000 0.138933
v 0.124125 0.000000 0.138461
v 0.123979 0.000000 0.138011
v 0.123843 0.000000 0.137591
v 0.123719 0.000000 0.137205
v 0.123608 0.000000 0.136861
v 0.123512 0.000000 0.136564
v 0.123434 0.000000 0.136321
v 0.123365 0.000000 0.136103
v 0.123294 0.000000 0.135882
v 0.123223 0.000000 0.135661
v 0.123153 0.000000 0.135441
v 0.123084 0.000000 0.135226
v 0.123017 0.000000 0.135019
v 0.122954 0.000000 0.134821
v 0.122894 0.000000 0.134637
v 0.122839 0.000000 0.134468
v 0.122790 0.000000 0.134317
v 0.122747 0.000000 0.134187
v 0.122712 0.000000 0.134081
v 0.122708 0.000000 0.134067
v 0.122695 0.000000 0.134030
v 0.122675 0.000000 0.133974
v 0.122651 0.000000 0.133903
v 0.122623 0.000000 0.133823
v 0.122594 0.000000 0.133739
v 0.122565 0.000000 0.133654
v 0.122537 0.000000 0.133574
v 0.122513 0.000000 0.133503
v 0.122493 0.000000 0.133447
v 0.122481 0.000000 0.133410
v 0.122476 0.000000 0.133397
v 0.118742 0.000000 0.133359
v 0.114996 0.000000 0.133334
v 0.185189 0.000000 0.150505
v 0.185189 0.000000 0.167677
v 0.189706 0.000000 0.167677
v 0.194212 0.000000 0.167677
v 0.194212 0.000000 0.160497
v 0.194212 0.000000 0.153305
v 0.195518 0.000000 0.153305
v 0.196825 0.000000 0.153305
v 0.196862 0.000000 0.160485
v 0.196887 0.000000 0.167677
v 0.201368 0.000000 0.167677
v 0.205848 0.000000 0.167677
v 0.205848 0.000000 0.150505
v 0.205848 0.000000 0.133334
v 0.201368 0.000000 0.133334
v 0.196887 0.000000 0.133334
v 0.196887 0.000000 0.139493
v 0.196887 0.000000 0.145665
v 0.195556 0.000000 0.145628
v 0.194212 0.000000 0.145590
v 0.194212 0.000000 0.139456
v 0.194212 0.000000 0.133334
v 0.189706 0.000000 0.133334
v 0.185189 0.000000 0.133334
v 0.209096 0.000000 0.144496
v 0.209099 0.000000 0.147400
v 0.209106 0.000000 0.149990
v 0.209119 0.000000 0.152281
v 0.209137 0.000000 0.154292
v 0.209161 0.000000 0.156039
v 0.209191 0.000000 0.157537
v 0.209228 0.000000 0.158805
v 0.209271 0.000000 0.159858
v 0.209322 0.000000 0.160714
v 0.209380 0.000000 0.161389
v 0.209446 0.000000 0.161900
v 0.209519 0.000000 0.162264
v 0.209677 0.000000 0.162769
v 0.209870 0.000000 0.163259
v 0.210097 0.000000 0.163731
v 0.210357 0.000000 0.164186
v 0.210649 0.000000 0.164621
v 0.210972 0.000000 0.165035
v 0.211327 0.000000 0.165429
v 0.211711 0.000000 0.165800
v 0.212124 0.000000 0.166148
v 0.212565 0.000000 0.166472
v 0.213033 0.000000 0.166770
v 0.213527 0.000000 0.167042
v 0.214019 0.000000 0.167279
v 0.214490 0.000000 0.167489
v 0.214948 0.000000 0.167671
v 0.215400 0.000000 0.167829
v 0.215852 0.000000 0.167963
v 0.216312 0.000000 0.168075
v 0.216785 0.000000 0.168166
v 0.217279 0.000000 0.168237
v 0.217801 0.000000 0.168291
v 0.218357 0.000000 0.168329
v 0.218955 0.000000 0.168352
v 0.219600 0.000000 0.168361
v 0.220204 0.000000 0.168356
v 0.220755 0.000000 0.168340
v 0.221261 0.000000 0.168313
v 0.221729 0.000000 0.168272
v 0.222166 0.000000 0.168216
v 0.222579 0.000000 0.168145
v 0.222976 0.000000 0.168056
v 0.223362 0.000000 0.167948
v 0.223746 0.000000 0.167820
v 0.224135 0.000000 0.167671
v 0.224534 0.000000 0.167499
v 0.224952 0.000000 0.167303
v 0.225541 0.000000 0.166985
v 0.226095 0.000000 0.166629
v 0.226612 0.000000 0.166238
v 0.227091 0.000000 0.165812
v 0.227530 0.000000 0.165354
v 0.227928 0.000000 0.164864
v 0.228284 0.000000 0.164346
v 0.228596 0.000000 0.163801
v 0.228863 0.000000 0.163230
v 0.229084 0.000000 0.162635
v 0.229258 0.000000 0.162018
v 0.229382 0.000000 0.161380
v 0.229404 0.000000 0.161146
v 0.229425 0.000000 0.160726
v 0.229445 0.000000 0.160122
v 0.229464 0.000000 0.159338
v 0.229483 0.000000 0.158376
v 0.229501 0.000000 0.157240
v 0.229517 0.000000 0.155932
v 0.229533 0.000000 0.154456
v 0.229547 0.000000 0.152814
v 0.229560 0.000000 0.151009
v 0.229571 0.000000 0.149044
v 0.229582 0.000000 0.146922
v 0.229583 0.000000 0.146655
v 0.229585 0.000000 0.145915
v 0.229589 0.000000 0.144799
v 0.229594 0.000000 0.143399
v 0.229600 0.000000 0.141811
v 0.229606 0.000000 0.140128
v 0.229613 0.000000 0.138445
v 0.229618 0.000000 0.136857
v 0.229624 0.000000 0.135457
v 0.229628 0.000000 0.134341
v 0.229630 0.000000 0.133602
v 0.229631 0.000000 0.133334
v 0.225151 0.000000 0.133334
v 0.220671 0.000000 0.133334
v 0.220633 0.000000 0.147420
v 0.220622 0.000000 0.150922
v 0.220612 0.000000 0.153822
v 0.220599 0.000000 0.156179
v 0.220581 0.000000 0.158049
v 0.220555 0.000000 0.159492
v 0.220518 0.000000 0.160565
v 0.220467 0.000000 0.161328
v 0.220399 0.000000 0.161838
v 0.220311 0.000000 0.162153
v 0.220201 0.000000 0.162331
v 0.220064 0.000000 0.162432
v 0.219899 0.000000 0.162513
v 0.219728 0.000000 0.162594
v 0.219562 0.000000 0.162652
v 0.219403 0.000000 0.162686
v 0.219251 0.000000 0.162698
v 0.219106 0.000000 0.162686
v 0.218969 0.000000 0.162651
v 0.218839 0.000000 0.162594
v 0.218717 0.000000 0.162515
v 0.218604 0.000000 0.162413
v 0.218499 0.000000 0.162290
v 0.218404 0.000000 0.162144
v 0.218318 0.000000 0.161978
v 0.218272 0.000000 0.161848
v 0.218233 0.000000 0.161644
v 0.218201 0.000000 0.161330
v 0.218174 0.000000 0.160869
v 0.218151 0.000000 0.160223
v 0.218133 0.000000 0.159355
v 0.218119 0.000000 0.158229
v 0.218106 0.000000 0.156807
v 0.218096 0.000000 0.155052
v 0.218087 0.000000 0.152927
v 0.218078 0.000000 0.150395
v 0.218069 0.000000 0.147420
v 0.218069 0.000000 0.147142
v 0.218067 0.000000 0.146376
v 0.218064 0.000000 0.145219
v 0.218060 0.000000 0.143768
v 0.218055 0.000000 0.142121
v 0.218051 0.000000 0.140377
v 0.218046 0.000000 0.138633
v 0.218042 0.000000 0.136986
v 0.218038 0.000000 0.135535
v 0.218035 0.000000 0.134378
v 0.218033 0.000000 0.133611
v 0.218032 0.000000 0.133334
v 0.213564 0.000000 0.133334
v 0.209084 0.000000 0.133334
v 0.209084 0.000000 0.133554
v 0.209085 0.000000 0.134161
v 0.209086 0.000000 0.135078
v 0.209087 0.000000 0.136228
v 0.209089 0.000000 0.137533
v 0.209090 0.000000 0.138915
v 0.209092 0.000000 0.140297
v 0.209093 0.000000 0.141602
v 0.209094 0.000000 0.142752
v 0.209095 0.000000 0.143669
v 0.209096 0.000000 0.144276
v 0.258057 0.000000 0.133484
v 0.258048 0.000000 0.133523
v 0.258035 0.000000 0.133597
v 0.258017 0.000000 0.133703
v 0.257995 0.000000 0.133837
v 0.257971 0.000000 0.133998
v 0.257943 0.000000 0.134182
v 0.257913 0.000000 0.134387
v 0.257882 0.000000 0.134611
v 0.257849 0.000000 0.134850
v 0.257814 0.000000 0.135103
v 0.257780 0.000000 0.135365
v 0.257746 0.000000 0.135636
v 0.257626 0.000000 0.136563
v 0.257520 0.000000 0.137379
v 0.257426 0.000000 0.138103
v 0.257341 0.000000 0.138754
v 0.257263 0.000000 0.139351
v 0.257189 0.000000 0.139915
v 0.257116 0.000000 0.140464
v 0.257042 0.000000 0.141017
v 0.256965 0.000000 0.141594
v 0.256882 0.000000 0.142214
v 0.256790 0.000000 0.142897
v 0.256688 0.000000 0.143662
v 0.256569 0.000000 0.144536
v 0.256455 0.000000 0.145374
v 0.256346 0.000000 0.146178
v 0.256243 0.000000 0.146948
v 0.256143 0.000000 0.147686
v 0.256048 0.000000 0.148393
v 0.255958 0.000000 0.149071
v 0.255872 0.000000 0.149720
v 0.255790 0.000000 0.150342
v 0.255712 0.000000 0.150939
v 0.255638 0.000000 0.151511
v 0.255568 0.000000 0.152061
v 0.255521 0.000000 0.152411
v 0.255473 0.000000 0.152767
v 0.255424 0.000000 0.153138
v 0.255371 0.000000 0.153528
v 0.255315 0.000000 0.153945
v 0.255255 0.000000 0.154395
v 0.255189 0.000000 0.154885
v 0.255117 0.000000 0.155421
v 0.255037 0.000000 0.156010
v 0.254950 0.000000 0.156658
v 0.254853 0.000000 0.157372
v 0.254746 0.000000 0.158158
v 0.254656 0.000000 0.158829
v 0.254567 0.000000 0.159497
v 0.254478 0.000000 0.160158
v 0.254391 0.000000 0.160808
v 0.254307 0.000000 0.161442
v 0.254225 0.000000 0.162057
v 0.254147 0.000000 0.162649
v 0.254072 0.000000 0.163214
v 0.254002 0.000000 0.163748
v 0.253938 0.000000 0.164247
v 0.253878 0.000000 0.164708
v 0.253825 0.000000 0.165126
v 0.253800 0.000000 0.165315
v 0.253775 0.000000 0.165507
v 0.253749 0.000000 0.165700
v 0.253724 0.000000 0.165892
v 0.253700 0.000000 0.166080
v 0.253676 0.000000 0.166261
v 0.253653 0.000000 0.166434
v 0.253632 0.000000 0.166595
v 0.253612 0.000000 0.166743
v 0.253594 0.000000 0.166874
v 0.253578 0.000000 0.166987
v 0.253564 0.000000 0.167079
v 0.253562 0.000000 0.167091
v 0.253557 0.000000 0.167123
v 0.253550 0.000000 0.167173
v 0.253541 0.000000 0.167234
v 0.253531 0.000000 0.167304
v 0.253520 0.000000 0.167378
v 0.253510 0.000000 0.167452
v 0.253499 0.000000 0.167522
v 0.253490 0.000000 0.167583
v 0.253483 0.000000 0.167632
v 0.253479 0.000000 0.167665
v 0.253477 0.000000 0.167677
v 0.258107 0.000000 0.167677
v 0.258731 0.000000 0.167676
v 0.259330 0.000000 0.167673
v 0.259899 0.000000 0.167670
v 0.260432 0.000000 0.167664
v 0.260923 0.000000 0.167658
v 0.261367 0.000000 0.167650
v 0.261758 0.000000 0.167641
v 0.262091 0.000000 0.167630
v 0.262359 0.000000 0.167619
v 0.262558 0.000000 0.167606
v 0.262681 0.000000 0.167592
v 0.262724 0.000000 0.167577
v 0.262734 0.000000 0.167386
v 0.262762 0.000000 0.167018
v 0.262804 0.000000 0.166509
v 0.262858 0.000000 0.165896
v 0.262919 0.000000 0.165215
v 0.262985 0.000000 0.164502
v 0.263052 0.000000 0.163794
v 0.263116 0.000000 0.163128
v 0.263175 0.000000 0.162539
v 0.263225 0.000000 0.162065
v 0.263262 0.000000 0.161741
v 0.263284 0.000000 0.161604
v 0.263302 0.000000 0.161578
v 0.263337 0.000000 0.161554
v 0.263391 0.000000 0.161534
v 0.263465 0.000000 0.161516
v 0.263560 0.000000 0.161501
v 0.263676 0.000000 0.161488
v 0.263815 0.000000 0.161477
v 0.263978 0.000000 0.161469
v 0.264166 0.000000 0.161463
v 0.264380 0.000000 0.161458
v 0.264621 0.000000 0.161456
v 0.264889 0.000000 0.161455
v 0.264920 0.000000 0.161455
v 0.265005 0.000000 0.161455
v 0.265132 0.000000 0.161455
v 0.265293 0.000000 0.161455
v 0.265475 0.000000 0.161455
v 0.265667 0.000000 0.161455
v 0.265860 0.000000 0.161455
v 0.266042 0.000000 0.161455
v 0.266202 0.000000 0.161455
v 0.266330 0.000000 0.161455
v 0.266414 0.000000 0.161455
v 0.266445 0.000000 0.161455
v 0.266507 0.000000 0.162102
v 0.266518 0.000000 0.162205
v 0.266530 0.000000 0.162330
v 0.266543 0.000000 0.162475
v 0.266558 0.000000 0.162638
v 0.266574 0.000000 0.162816
v 0.266591 0.000000 0.163006
v 0.266609 0.000000 0.163205
v 0.266626 0.000000 0.163412
v 0.266644 0.000000 0.163623
v 0.266661 0.000000 0.163835
v 0.266678 0.000000 0.164047
v 0.266694 0.000000 0.164255
v 0.266713 0.000000 0.164465
v 0.266732 0.000000 0.164685
v 0.266751 0.000000 0.164911
v 0.266771 0.000000 0.165139
v 0.266790 0.000000 0.165367
v 0.266809 0.000000 0.165592
v 0.266827 0.000000 0.165811
v 0.266845 0.000000 0.166021
v 0.266862 0.000000 0.166218
v 0.266878 0.000000 0.166400
v 0.266892 0.000000 0.166564
v 0.266905 0.000000 0.166706
v 0.266907 0.000000 0.166725
v 0.266911 0.000000 0.166778
v 0.266917 0.000000 0.166858
v 0.266925 0.000000 0.166958
v 0.266934 0.000000 0.167071
v 0.266943 0.000000 0.167191
v 0.266952 0.000000 0.167311
v 0.266961 0.000000 0.167425
v 0.266968 0.000000 0.167525
v 0.266975 0.000000 0.167605
v 0.266979 0.000000 0.167657
v 0.266980 0.000000 0.167677
v 0.271510 0.000000 0.167677
v 0.272345 0.000000 0.167676
v 0.273077 0.000000 0.167673
v 0.273715 0.000000 0.167669
v 0.274261 0.000000 0.167662
v 0.274723 0.000000 0.167653
v 0.275105 0.000000 0.167642
v 0.275414 0.000000 0.167629
v 0.275654 0.000000 0.167612
v 0.275831 0.000000 0.167593
v 0.275951 0.000000 0.167570
v 0.276019 0.000000 0.167544
v 0.276040 0.000000 0.167515
v 0.276038 0.000000 0.167477
v 0.276029 0.000000 0.167404
v 0.276016 0.000000 0.167298
v 0.275999 0.000000 0.167162
v 0.275976 0.000000 0.166999
v 0.275950 0.000000 0.166810
v 0.275920 0.000000 0.166600
v 0.275887 0.000000 0.166370
v 0.275851 0.000000 0.166124
v 0.275813 0.000000 0.165863
v 0.275772 0.000000 0.165592
v 0.275729 0.000000 0.165312
v 0.275685 0.000000 0.165023
v 0.275639 0.000000 0.164722
v 0.275592 0.000000 0.164416
v 0.275545 0.000000 0.164106
v 0.275498 0.000000 0.163798
v 0.275452 0.000000 0.163496
v 0.275408 0.000000 0.163202
v 0.275366 0.000000 0.162922
v 0.275327 0.000000 0.162660
v 0.275291 0.000000 0.162418
v 0.275259 0.000000 0.162202
v 0.275232 0.000000 0.162015
v 0.275205 0.000000 0.161831
v 0.275174 0.000000 0.161625
v 0.275141 0.000000 0.161399
v 0.275105 0.000000 0.161157
v 0.275067 0.000000 0.160904
v 0.275028 0.000000 0.160642
v 0.274988 0.000000 0.160375
v 0.274948 0.000000 0.160106
v 0.274908 0.000000 0.159840
v 0.274869 0.000000 0.159580
v 0.274831 0.000000 0.159329
v 0.274796 0.000000 0.159091
v 0.274760 0.000000 0.158853
v 0.274723 0.000000 0.158602
v 0.274684 0.000000 0.158342
v 0.274644 0.000000 0.158076
v 0.274604 0.000000 0.157807
v 0.274564 0.000000 0.157540
v 0.274525 0.000000 0.157278
v 0.274487 0.000000 0.157025
v 0.274451 0.000000 0.156783
v 0.274418 0.000000 0.156557
v 0.274387 0.000000 0.156351
v 0.274360 0.000000 0.156167
v 0.274333 0.000000 0.155984
v 0.274303 0.000000 0.155779
v 0.274270 0.000000 0.155555
v 0.274234 0.000000 0.155317
v 0.274197 0.000000 0.155068
v 0.274158 0.000000 0.154811
v 0.274119 0.000000 0.154549
v 0.274080 0.000000 0.154288
v 0.274042 0.000000 0.154029
v 0.274005 0.000000 0.153776
v 0.273970 0.000000 0.153534
v 0.273937 0.000000 0.153305
v 0.273898 0.000000 0.153046
v 0.273848 0.000000 0.152722
v 0.273790 0.000000 0.152341
v 0.273725 0.000000 0.151908
v 0.273652 0.000000 0.151431
v 0.273575 0.000000 0.150918
v 0.273493 0.000000 0.150374
v 0.273407 0.000000 0.149808
v 0.273319 0.000000 0.149226
v 0.273231 0.000000 0.148636
v 0.273142 0.000000 0.148044
v 0.273054 0.000000 0.147457
v 0.272966 0.000000 0.146870
v 0.272877 0.000000 0.146277
v 0.272788 0.000000 0.145686
v 0.272700 0.000000 0.145103
v 0.272615 0.000000 0.144536
v 0.272532 0.000000 0.143992
v 0.272455 0.000000 0.143477
v 0.272382 0.000000 0.143001
v 0.272317 0.000000 0.142568
v 0.272259 0.000000 0.142187
v 0.272209 0.000000 0.141865
v 0.272170 0.000000 0.141609
v 0.272137 0.000000 0.141377
v 0.272102 0.000000 0.141133
v 0.272065 0.000000 0.140880
v 0.272027 0.000000 0.140621
v 0.271988 0.000000 0.140359
v 0.271949 0.000000 0.140098
v 0.271910 0.000000 0.139842
v 0.271873 0.000000 0.139594
v 0.271837 0.000000 0.139357
v 0.271804 0.000000 0.139134
v 0.271774 0.000000 0.138930
v 0.271747 0.000000 0.138747
v 0.271719 0.000000 0.138560
v 0.271687 0.000000 0.138344
v 0.271651 0.000000 0.138102
v 0.271612 0.000000 0.137840
v 0.271570 0.000000 0.137560
v 0.271526 0.000000 0.137266
v 0.271480 0.000000 0.136964
v 0.271433 0.000000 0.136656
v 0.271386 0.000000 0.136346
v 0.271339 0.000000 0.136039
v 0.271293 0.000000 0.135739
v 0.271249 0.000000 0.135450
v 0.271206 0.000000 0.135171
v 0.271165 0.000000 0.134903
v 0.271127 0.000000 0.134649
v 0.271091 0.000000 0.134410
v 0.271058 0.000000 0.134190
v 0.271028 0.000000 0.133991
v 0.271002 0.000000 0.133815
v 0.270980 0.000000 0.133664
v 0.270962 0.000000 0.133542
v 0.270949 0.000000 0.133451
v 0.270941 0.000000 0.133393
v 0.270938 0.000000 0.133372
v 0.270879 0.000000 0.133366
v 0.270708 0.000000 0.133360
v 0.270432 0.000000 0.133355
v 0.270059 0.000000 0.133351
v 0.269597 0.000000 0.133347
v 0.269054 0.000000 0.133344
v 0.268437 0.000000 0.133341
v 0.267755 0.000000 0.133338
v 0.267016 0.000000 0.133337
v 0.266226 0.000000 0.133335
v 0.265394 0.000000 0.133335
v 0.264528 0.000000 0.133334
v 0.263346 0.000000 0.133335
v 0.262306 0.000000 0.133338
v 0.261401 0.000000 0.133342
v 0.260624 0.000000 0.133348
v 0.259967 0.000000 0.133356
v 0.259421 0.000000 0.133367
v 0.258979 0.000000 0.133380
v 0.258634 0.000000 0.133395
v 0.258377 0.000000 0.133413
v 0.258200 0.000000 0.133434
v 0.258096 0.000000 0.133457
v 0.265088 0.000000 0.143425
v 0.265136 0.000000 0.143987
v 0.265195 0.000000 0.144661
v 0.265264 0.000000 0.145428
v 0.265341 0.000000 0.146267
v 0.265425 0.000000 0.147158
v 0.265513 0.000000 0.148079
v 0.265603 0.000000 0.149011
v 0.265694 0.000000 0.149933
v 0.265783 0.000000 0.150824
v 0.265869 0.000000 0.151663
v 0.265949 0.000000 0.152431
v 0.266022 0.000000 0.153106
v 0.266046 0.000000 0.153350
v 0.266070 0.000000 0.153588
v 0.266093 0.000000 0.153818
v 0.266115 0.000000 0.154038
v 0.266134 0.000000 0.154244
v 0.266153 0.000000 0.154436
v 0.266169 0.000000 0.154609
v 0.266182 0.000000 0.154762
v 0.266193 0.000000 0.154892
v 0.266202 0.000000 0.154997
v 0.266207 0.000000 0.155075
v 0.266209 0.000000 0.155122
v 0.266206 0.000000 0.155173
v 0.266194 0.000000 0.155217
v 0.266168 0.000000 0.155253
v 0.266126 0.000000 0.155283
v 0.266062 0.000000 0.155306
v 0.265972 0.000000 0.155324
v 0.265852 0.000000 0.155337
v 0.265698 0.000000 0.155347
v 0.265505 0.000000 0.155353
v 0.265269 0.000000 0.155356
v 0.264987 0.000000 0.155358
v 0.264653 0.000000 0.155358
v 0.264442 0.000000 0.155358
v 0.264239 0.000000 0.155357
v 0.264047 0.000000 0.155356
v 0.263868 0.000000 0.155354
v 0.263702 0.000000 0.155352
v 0.263553 0.000000 0.155349
v 0.263421 0.000000 0.155345
v 0.263310 0.000000 0.155342
v 0.263219 0.000000 0.155337
v 0.263153 0.000000 0.155332
v 0.263111 0.000000 0.155327
v 0.263097 0.000000 0.155321
v 0.263113 0.000000 0.155072
v 0.263157 0.000000 0.154602
v 0.263227 0.000000 0.153944
v 0.263318 0.000000 0.153128
v 0.263425 0.000000 0.152187
v 0.263547 0.000000 0.151152
v 0.263678 0.000000 0.150057
v 0.263814 0.000000 0.148933
v 0.263953 0.000000 0.147811
v 0.264090 0.000000 0.146724
v 0.264221 0.000000 0.145703
v 0.264342 0.000000 0.144782
v 0.264376 0.000000 0.144515
v 0.264412 0.000000 0.144246
v 0.264447 0.000000 0.143977
v 0.264481 0.000000 0.143713
v 0.264515 0.000000 0.143455
v 0.264547 0.000000 0.143208
v 0.264577 0.000000 0.142974
v 0.264604 0.000000 0.142757
v 0.264629 0.000000 0.142559
v 0.264649 0.000000 0.142385
v 0.264666 0.000000 0.142237
v 0.264678 0.000000 0.142119
v 0.264706 0.000000 0.141883
v 0.264736 0.000000 0.141710
v 0.264766 0.000000 0.141600
v 0.264798 0.000000 0.141553
v 0.264831 0.000000 0.141569
v 0.264864 0.000000 0.141648
v 0.264899 0.000000 0.141789
v 0.264935 0.000000 0.141992
v 0.264972 0.000000 0.142257
v 0.265010 0.000000 0.142585
v 0.265049 0.000000 0.142974
v 0.145114 0.000000 0.164317
v 0.145114 0.000000 0.167677
v 0.145799 0.000000 0.167677
v 0.145932 0.000000 0.167677
v 0.146048 0.000000 0.167680
v 0.146147 0.000000 0.167685
v 0.146231 0.000000 0.167693
v 0.146300 0.000000 0.167703
v 0.146356 0.000000 0.167717
v 0.146400 0.000000 0.167734
v 0.146433 0.000000 0.167756
v 0.146457 0.000000 0.167782
v 0.146472 0.000000 0.167812
v 0.146481 0.000000 0.167847
v 0.146483 0.000000 0.167888
v 0.146475 0.000000 0.167978
v 0.146450 0.000000 0.168078
v 0.146409 0.000000 0.168187
v 0.146355 0.000000 0.168303
v 0.146288 0.000000 0.168424
v 0.146209 0.000000 0.168548
v 0.146120 0.000000 0.168672
v 0.146022 0.000000 0.168796
v 0.145916 0.000000 0.168917
v 0.145803 0.000000 0.169033
v 0.145685 0.000000 0.169143
v 0.145562 0.000000 0.169244
v 0.145553 0.000000 0.169251
v 0.145529 0.000000 0.169271
v 0.145492 0.000000 0.169301
v 0.145446 0.000000 0.169338
v 0.145394 0.000000 0.169380
v 0.145338 0.000000 0.169425
v 0.145283 0.000000 0.169469
v 0.145230 0.000000 0.169512
v 0.145184 0.000000 0.169549
v 0.145147 0.000000 0.169578
v 0.145123 0.000000 0.169598
v 0.145114 0.000000 0.169605
v 0.145114 0.000000 0.170825
v 0.145114 0.000000 0.172056
v 0.145525 0.000000 0.171969
v 0.145982 0.000000 0.171848
v 0.146443 0.000000 0.171681
v 0.146902 0.000000 0.171472
v 0.147353 0.000000 0.171225
v 0.147792 0.000000 0.170945
v 0.148213 0.000000 0.170635
v 0.148611 0.000000 0.170299
v 0.148982 0.000000 0.169942
v 0.149319 0.000000 0.169569
v 0.149618 0.000000 0.169182
v 0.149873 0.000000 0.168786
v 0.150080 0.000000 0.168386
v 0.150210 0.000000 0.168092
v 0.150323 0.000000 0.167813
v 0.150418 0.000000 0.167540
v 0.150499 0.000000 0.167262
v 0.150567 0.000000 0.166969
v 0.150623 0.000000 0.166652
v 0.150669 0.000000 0.166299
v 0.150706 0.000000 0.165901
v 0.150736 0.000000 0.165448
v 0.150761 0.000000 0.164930
v 0.150783 0.000000 0.164336
v 0.150802 0.000000 0.163657
v 0.150803 0.000000 0.163604
v 0.150806 0.000000 0.163457
v 0.150811 0.000000 0.163236
v 0.150818 0.000000 0.162957
v 0.150825 0.000000 0.162642
v 0.150833 0.000000 0.162307
v 0.150841 0.000000 0.161973
v 0.150848 0.000000 0.161657
v 0.150854 0.000000 0.161379
v 0.150859 0.000000 0.161157
v 0.150863 0.000000 0.161011
v 0.150864 0.000000 0.160957
v 0.147989 0.000000 0.160957
v 0.145114 0.000000 0.160957
v 0.161418 0.000000 0.007077
v 0.161394 0.000000 0.007087
v 0.161345 0.000000 0.007099
v 0.161270 0.000000 0.007113
v 0.161172 0.000000 0.007128
v 0.161054 0.000000 0.007145
v 0.160917 0.000000 0.007162
v 0.160762 0.000000 0.007181
v 0.160593 0.000000 0.007199
v 0.160410 0.000000 0.007218
v 0.160215 0.000000 0.007238
v 0.160011 0.000000 0.007257
v 0.159800 0.000000 0.007276
v 0.158258 0.000000 0.007451
v 0.156741 0.000000 0.007682
v 0.155253 0.000000 0.007969
v 0.153799 0.000000 0.008309
v 0.152382 0.000000 0.008700
v 0.151009 0.000000 0.009142
v 0.149682 0.000000 0.009633
v 0.148406 0.000000 0.010171
v 0.147187 0.000000 0.010754
v 0.146027 0.000000 0.011382
v 0.144932 0.000000 0.012052
v 0.143907 0.000000 0.012763
v 0.143155 0.000000 0.013345
v 0.142430 0.000000 0.013964
v 0.141737 0.000000 0.014615
v 0.141076 0.000000 0.015295
v 0.140452 0.000000 0.016002
v 0.139865 0.000000 0.016732
v 0.139320 0.000000 0.017482
v 0.138818 0.000000 0.018248
v 0.138362 0.000000 0.019027
v 0.137956 0.000000 0.019816
v 0.137600 0.000000 0.020612
v 0.137298 0.000000 0.021411
v 0.136997 0.000000 0.022337
v 0.136722 0.000000 0.023318
v 0.136473 0.000000 0.024353
v 0.136249 0.000000 0.025440
v 0.136052 0.000000 0.026580
v 0.135881 0.000000 0.027772
v 0.135736 0.000000 0.029016
v 0.135618 0.000000 0.030310
v 0.135526 0.000000 0.031654
v 0.135460 0.000000 0.033048
v 0.135420 0.000000 0.034491
v 0.135407 0.000000 0.035982
v 0.135425 0.000000 0.037759
v 0.135480 0.000000 0.039422
v 0.135575 0.000000 0.040983
v 0.135713 0.000000 0.042453
v 0.135894 0.000000 0.043845
v 0.136122 0.000000 0.045169
v 0.136399 0.000000 0.046438
v 0.136727 0.000000 0.047664
v 0.137108 0.000000 0.048858
v 0.137544 0.000000 0.050032
v 0.138039 0.000000 0.051199
v 0.138593 0.000000 0.052369
v 0.138903 0.000000 0.052973
v 0.139223 0.000000 0.053560
v 0.139552 0.000000 0.054130
v 0.139890 0.000000 0.054680
v 0.140237 0.000000 0.055212
v 0.140592 0.000000 0.055724
v 0.140954 0.000000 0.056215
v 0.141323 0.000000 0.056685
v 0.141699 0.000000 0.057133
v 0.142081 0.000000 0.057559
v 0.142469 0.000000 0.057962
v 0.142862 0.000000 0.058341
v 0.143398 0.000000 0.058819
v 0.144038 0.000000 0.059359
v 0.144775 0.000000 0.059956
v 0.145601 0.000000 0.060606
v 0.146511 0.000000 0.061303
v 0.147497 0.000000 0.062041
v 0.148553 0.000000 0.062817
v 0.149671 0.000000 0.063625
v 0.150846 0.000000 0.064460
v 0.152069 0.000000 0.065317
v 0.153334 0.000000 0.066191
v 0.154635 0.000000 0.067076
v 0.156212 0.000000 0.068141
v 0.157590 0.000000 0.069073
v 0.158791 0.000000 0.069889
v 0.159837 0.000000 0.070602
v 0.160748 0.000000 0.071228
v 0.161545 0.000000 0.071781
v 0.162251 0.000000 0.072277
v 0.162887 0.000000 0.072729
v 0.163473 0.000000 0.073153
v 0.164032 0.000000 0.073564
v 0.164584 0.000000 0.073976
v 0.165151 0.000000 0.074405
v 0.165897 0.000000 0.074976
v 0.166567 0.000000 0.075502
v 0.167167 0.000000 0.075988
v 0.167701 0.000000 0.076439
v 0.168174 0.000000 0.076859
v 0.168589 0.000000 0.077253
v 0.168953 0.000000 0.077624
v 0.169269 0.000000 0.077978
v 0.169541 0.000000 0.078319
v 0.169774 0.000000 0.078651
v 0.169973 0.000000 0.078979
v 0.170142 0.000000 0.079307
v 0.170379 0.000000 0.079844
v 0.170594 0.000000 0.080398
v 0.170788 0.000000 0.080976
v 0.170960 0.000000 0.081583
v 0.171113 0.000000 0.082223
v 0.171247 0.000000 0.082903
v 0.171362 0.000000 0.083628
v 0.171460 0.000000 0.084403
v 0.171542 0.000000 0.085232
v 0.171608 0.000000 0.086122
v 0.171660 0.000000 0.087078
v 0.171698 0.000000 0.088105
v 0.171718 0.000000 0.089080
v 0.171718 0.000000 0.089986
v 0.171695 0.000000 0.090828
v 0.171650 0.000000 0.091608
v 0.171581 0.000000 0.092330
v 0.171489 0.000000 0.092998
v 0.171373 0.000000 0.093616
v 0.171231 0.000000 0.094187
v 0.171064 0.000000 0.094715
v 0.170871 0.000000 0.095204
v 0.170651 0.000000 0.095658
v 0.170403 0.000000 0.096080
v 0.170183 0.000000 0.096397
v 0.169952 0.000000 0.096686
v 0.169709 0.000000 0.096948
v 0.169452 0.000000 0.097185
v 0.169181 0.000000 0.097396
v 0.168896 0.000000 0.097583
v 0.168595 0.000000 0.097745
v 0.168277 0.000000 0.097883
v 0.167941 0.000000 0.097998
v 0.167587 0.000000 0.098090
v 0.167213 0.000000 0.098160
v 0.166819 0.000000 0.098208
v 0.166264 0.000000 0.098235
v 0.165728 0.000000 0.098210
v 0.165215 0.000000 0.098135
v 0.164728 0.000000 0.098013
v 0.164270 0.000000 0.097846
v 0.163845 0.000000 0.097634
v 0.163456 0.000000 0.097381
v 0.163107 0.000000 0.097088
v 0.162801 0.000000 0.096758
v 0.162542 0.000000 0.096391
v 0.162332 0.000000 0.095990
v 0.162177 0.000000 0.095558
v 0.162056 0.000000 0.095133
v 0.161954 0.000000 0.094732
v 0.161870 0.000000 0.094321
v 0.161800 0.000000 0.093869
v 0.161743 0.000000 0.093341
v 0.161698 0.000000 0.092704
v 0.161662 0.000000 0.091925
v 0.161633 0.000000 0.090971
v 0.161610 0.000000 0.089810
v 0.161590 0.000000 0.088407
v 0.161573 0.000000 0.086730
v 0.161555 0.000000 0.084745
v 0.161553 0.000000 0.084581
v 0.161549 0.000000 0.084127
v 0.161543 0.000000 0.083442
v 0.161535 0.000000 0.082584
v 0.161527 0.000000 0.081609
v 0.161517 0.000000 0.080577
v 0.161508 0.000000 0.079544
v 0.161499 0.000000 0.078570
v 0.161492 0.000000 0.077711
v 0.161485 0.000000 0.077026
v 0.161481 0.000000 0.076572
v 0.161480 0.000000 0.076408
v 0.148972 0.000000 0.076371
v 0.147279 0.000000 0.076368
v 0.145652 0.000000 0.076367
v 0.144105 0.000000 0.076366
v 0.142655 0.000000 0.076366
v 0.141316 0.000000 0.076367
v 0.140103 0.000000 0.076369
v 0.139033 0.000000 0.076372
v 0.138119 0.000000 0.076376
v 0.137378 0.000000 0.076380
v 0.136824 0.000000 0.076385
v 0.136473 0.000000 0.076390
v 0.136340 0.000000 0.076396
v 0.136303 0.000000 0.076667
v 0.136279 0.000000 0.077392
v 0.136266 0.000000 0.078487
v 0.136264 0.000000 0.079868
v 0.136271 0.000000 0.081451
v 0.136287 0.000000 0.083151
v 0.136311 0.000000 0.084884
v 0.136342 0.000000 0.086565
v 0.136379 0.000000 0.088111
v 0.136420 0.000000 0.089436
v 0.136466 0.000000 0.090458
v 0.136514 0.000000 0.091091
v 0.136646 0.000000 0.092209
v 0.136774 0.000000 0.093232
v 0.136901 0.000000 0.094169
v 0.137030 0.000000 0.095032
v 0.137161 0.000000 0.095832
v 0.137297 0.000000 0.096578
v 0.137440 0.000000 0.097282
v 0.137592 0.000000 0.097954
v 0.137755 0.000000 0.098604
v 0.137931 0.000000 0.099244
v 0.138123 0.000000 0.099884
v 0.138331 0.000000 0.100535
v 0.138684 0.000000 0.101519
v 0.139089 0.000000 0.102469
v 0.139547 0.000000 0.103387
v 0.140059 0.000000 0.104273
v 0.140627 0.000000 0.105129
v 0.141251 0.000000 0.105955
v 0.141933 0.000000 0.106754
v 0.142673 0.000000 0.107527
v 0.143472 0.000000 0.108274
v 0.144331 0.000000 0.108998
v 0.145251 0.000000 0.109698
v 0.146234 0.000000 0.110377
v 0.147458 0.000000 0.111151
v 0.148685 0.000000 0.111857
v 0.149926 0.000000 0.112499
v 0.151190 0.000000 0.113079
v 0.152489 0.000000 0.113602
v 0.153832 0.000000 0.114070
v 0.155230 0.000000 0.114486
v 0.156694 0.000000 0.114855
v 0.158233 0.000000 0.115179
v 0.159859 0.000000 0.115461
v 0.161580 0.000000 0.115705
v 0.163409 0.000000 0.115914
v 0.163950 0.000000 0.115958
v 0.164622 0.000000 0.115990
v 0.165400 0.000000 0.116010
v 0.166259 0.000000 0.116019
v 0.167173 0.000000 0.116018
v 0.168116 0.000000 0.116006
v 0.169065 0.000000 0.115985
v 0.169993 0.000000 0.115955
v 0.170875 0.000000 0.115916
v 0.171686 0.000000 0.115869
v 0.172400 0.000000 0.115814
v 0.172992 0.000000 0.115753
v 0.173575 0.000000 0.115674
v 0.174162 0.000000 0.115590
v 0.174747 0.000000 0.115501
v 0.175324 0.000000 0.115408
v 0.175886 0.000000 0.115313
v 0.176429 0.000000 0.115216
v 0.176944 0.000000 0.115119
v 0.177426 0.000000 0.115023
v 0.177870 0.000000 0.114928
v 0.178268 0.000000 0.114837
v 0.178614 0.000000 0.114751
v 0.178904 0.000000 0.114670
v 0.178965 0.000000 0.114652
v 0.179042 0.000000 0.114628
v 0.179134 0.000000 0.114600
v 0.179239 0.000000 0.114568
v 0.179354 0.000000 0.114533
v 0.179479 0.000000 0.114494
v 0.179612 0.000000 0.114454
v 0.179751 0.000000 0.114411
v 0.179894 0.000000 0.114367
v 0.180040 0.000000 0.114323
v 0.180188 0.000000 0.114278
v 0.180335 0.000000 0.114235
v 0.181252 0.000000 0.113937
v 0.182183 0.000000 0.113602
v 0.183119 0.000000 0.113231
v 0.184053 0.000000 0.112830
v 0.184979 0.000000 0.112401
v 0.185889 0.000000 0.111948
v 0.186775 0.000000 0.111475
v 0.187631 0.000000 0.110986
v 0.188448 0.000000 0.110483
v 0.189221 0.000000 0.109971
v 0.189942 0.000000 0.109454
v 0.190602 0.000000 0.108934
v 0.191496 0.000000 0.108160
v 0.192307 0.000000 0.107375
v 0.193040 0.000000 0.106569
v 0.193702 0.000000 0.105731
v 0.194296 0.000000 0.104854
v 0.194828 0.000000 0.103926
v 0.195302 0.000000 0.102937
v 0.195725 0.000000 0.101879
v 0.196101 0.000000 0.100741
v 0.196436 0.000000 0.099514
v 0.196733 0.000000 0.098188
v 0.196999 0.000000 0.096752
v 0.197169 0.000000 0.095590
v 0.197312 0.000000 0.094273
v 0.197428 0.000000 0.092829
v 0.197516 0.000000 0.091283
v 0.197576 0.000000 0.089663
v 0.197608 0.000000 0.087994
v 0.197611 0.000000 0.086304
v 0.197587 0.000000 0.084619
v 0.197533 0.000000 0.082966
v 0.197451 0.000000 0.081371
v 0.197339 0.000000 0.079860
v 0.197198 0.000000 0.078461
v 0.197147 0.000000 0.078041
v 0.197088 0.000000 0.077590
v 0.197021 0.000000 0.077117
v 0.196950 0.000000 0.076632
v 0.196875 0.000000 0.076145
v 0.196799 0.000000 0.075665
v 0.196722 0.000000 0.075202
v 0.196646 0.000000 0.074766
v 0.196574 0.000000 0.074367
v 0.196506 0.000000 0.074014
v 0.196444 0.000000 0.073716
v 0.196389 0.000000 0.073484
v 0.196372 0.000000 0.073419
v 0.196353 0.000000 0.073341
v 0.196330 0.000000 0.073253
v 0.196306 0.000000 0.073156
v 0.196280 0.000000 0.073052
v 0.196253 0.000000 0.072941
v 0.196224 0.000000 0.072827
v 0.196195 0.000000 0.072709
v 0.196165 0.000000 0.072590
v 0.196136 0.000000 0.072471
v 0.196107 0.000000 0.072354
v 0.196078 0.000000 0.072240
v 0.195994 0.000000 0.071921
v 0.195909 0.000000 0.071611
v 0.195821 0.000000 0.071308
v 0.195732 0.000000 0.071009
v 0.195640 0.000000 0.070714
v 0.195545 0.000000 0.070420
v 0.195445 0.000000 0.070126
v 0.195342 0.000000 0.069829
v 0.195233 0.000000 0.069528
v 0.195119 0.000000 0.069221
v 0.194998 0.000000 0.068906
v 0.194871 0.000000 0.068582
v 0.194586 0.000000 0.067906
v 0.194294 0.000000 0.067267
v 0.193991 0.000000 0.066659
v 0.193672 0.000000 0.066075
v 0.193333 0.000000 0.065510
v 0.192970 0.000000 0.064956
v 0.192579 0.000000 0.064408
v 0.192154 0.000000 0.063859
v 0.191693 0.000000 0.063303
v 0.191190 0.000000 0.062733
v 0.190641 0.000000 0.062143
v 0.190042 0.000000 0.061527
v 0.188988 0.000000 0.060499
v 0.187844 0.000000 0.059453
v 0.186605 0.000000 0.058386
v 0.185266 0.000000 0.057294
v 0.183821 0.000000 0.056173
v 0.182265 0.000000 0.055019
v 0.180594 0.000000 0.053829
v 0.178802 0.000000 0.052599
v 0.176883 0.000000 0.051326
v 0.174833 0.000000 0.050004
v 0.172645 0.000000 0.048632
v 0.170316 0.000000 0.047205
v 0.169563 0.000000 0.046741
v 0.168862 0.000000 0.046300
v 0.168211 0.000000 0.045880
v 0.167605 0.000000 0.045476
v 0.167041 0.000000 0.045088
v 0.166516 0.000000 0.044712
v 0.166024 0.000000 0.044345
v 0.165564 0.000000 0.043986
v 0.165131 0.000000 0.043630
v 0.164721 0.000000 0.043277
v 0.164331 0.000000 0.042922
v 0.163957 0.000000 0.042564
v 0.163641 0.000000 0.042246
v 0.163359 0.000000 0.041948
v 0.163107 0.000000 0.041665
v 0.162882 0.000000 0.041392
v 0.162681 0.000000 0.041125
v 0.162500 0.000000 0.040859
v 0.162338 0.000000 0.040589
v 0.162189 0.000000 0.040309
v 0.162052 0.000000 0.040016
v 0.161924 0.000000 0.039704
v 0.161800 0.000000 0.039369
v 0.161679 0.000000 0.039005
v 0.161540 0.000000 0.038554
v 0.161421 0.000000 0.038139
v 0.161320 0.000000 0.037746
v 0.161236 0.000000 0.037363
v 0.161167 0.000000 0.036976
v 0.161113 0.000000 0.036574
v 0.161071 0.000000 0.036143
v 0.161039 0.000000 0.035671
v 0.161018 0.000000 0.035143
v 0.161004 0.000000 0.034549
v 0.160997 0.000000 0.033875
v 0.160995 0.000000 0.033107
v 0.160995 0.000000 0.032455
v 0.160998 0.000000 0.031893
v 0.161002 0.000000 0.031411
v 0.161010 0.000000 0.030998
v 0.161022 0.000000 0.030646
v 0.161038 0.000000 0.030343
v 0.161060 0.000000 0.030081
v 0.161087 0.000000 0.029849
v 0.161121 0.000000 0.029637
v 0.161162 0.000000 0.029436
v 0.161211 0.000000 0.029236
v 0.161268 0.000000 0.029026
v 0.161351 0.000000 0.028733
v 0.161430 0.000000 0.028466
v 0.161509 0.000000 0.028223
v 0.161588 0.000000 0.028000
v 0.161670 0.000000 0.027793
v 0.161755 0.000000 0.027598
v 0.161846 0.000000 0.027412
v 0.161944 0.000000 0.027231
v 0.162051 0.000000 0.027052
v 0.162167 0.000000 0.026871
v 0.162296 0.000000 0.026684
v 0.162438 0.000000 0.026488
v 0.162783 0.000000 0.026088
v 0.163182 0.000000 0.025741
v 0.163627 0.000000 0.025449
v 0.164109 0.000000 0.025212
v 0.164620 0.000000 0.025034
v 0.165151 0.000000 0.024914
v 0.165694 0.000000 0.024854
v 0.166239 0.000000 0.024855
v 0.166779 0.000000 0.024920
v 0.167304 0.000000 0.025049
v 0.167805 0.000000 0.025243
v 0.168275 0.000000 0.025505
v 0.168633 0.000000 0.025782
v 0.168943 0.000000 0.026118
v 0.169209 0.000000 0.026533
v 0.169434 0.000000 0.027046
v 0.169620 0.000000 0.027678
v 0.169772 0.000000 0.028449
v 0.169892 0.000000 0.029379
v 0.169983 0.000000 0.030487
v 0.170050 0.000000 0.031795
v 0.170094 0.000000 0.033322
v 0.170120 0.000000 0.035088
v 0.170130 0.000000 0.037114
v 0.170130 0.000000 0.037185
v 0.170130 0.000000 0.037384
v 0.170130 0.000000 0.037683
v 0.170130 0.000000 0.038059
v 0.170130 0.000000 0.038485
v 0.170130 0.000000 0.038937
v 0.170130 0.000000 0.039388
v 0.170130 0.000000 0.039814
v 0.170130 0.000000 0.040190
v 0.170130 0.000000 0.040489
v 0.170130 0.000000 0.040688
v 0.170130 0.000000 0.040760
v 0.182774 0.000000 0.040760
v 0.195431 0.000000 0.040760
v 0.195357 0.000000 0.035932
v 0.195326 0.000000 0.034257
v 0.195284 0.000000 0.032714
v 0.195230 0.000000 0.031291
v 0.195161 0.000000 0.029976
v 0.195077 0.000000 0.028757
v 0.194977 0.000000 0.027621
v 0.194859 0.000000 0.026558
v 0.194722 0.000000 0.025554
v 0.194565 0.000000 0.024598
v 0.194387 0.000000 0.023678
v 0.194187 0.000000 0.022781
v 0.193963 0.000000 0.021896
v 0.193670 0.000000 0.020908
v 0.193331 0.000000 0.019969
v 0.192944 0.000000 0.019075
v 0.192505 0.000000 0.018224
v 0.192012 0.000000 0.017410
v 0.191461 0.000000 0.016631
v 0.190850 0.000000 0.015883
v 0.190176 0.000000 0.015162
v 0.189437 0.000000 0.014465
v 0.188628 0.000000 0.013787
v 0.187748 0.000000 0.013126
v 0.186794 0.000000 0.012477
v 0.185706 0.000000 0.011806
v 0.184577 0.000000 0.011181
v 0.183403 0.000000 0.010600
v 0.182183 0.000000 0.010064
v 0.180915 0.000000 0.009570
v 0.179596 0.000000 0.009119
v 0.178224 0.000000 0.008710
v 0.176798 0.000000 0.008341
v 0.175315 0.000000 0.008013
v 0.173773 0.000000 0.007725
v 0.172169 0.000000 0.007475
v 0.170503 0.000000 0.007263
v 0.170075 0.000000 0.007232
v 0.169423 0.000000 0.007199
v 0.168595 0.000000 0.007168
v 0.167641 0.000000 0.007138
v 0.166611 0.000000 0.007110
v 0.165554 0.000000 0.007086
v 0.164520 0.000000 0.007067
v 0.163557 0.000000 0.007053
v 0.162716 0.000000 0.007046
v 0.162047 0.000000 0.007047
v 0.161597 0.000000 0.007057
v 0.420470 0.000000 0.007176
v 0.419917 0.000000 0.007247
v 0.419392 0.000000 0.007314
v 0.418897 0.000000 0.007378
v 0.418434 0.000000 0.007439
v 0.418004 0.000000 0.007497
v 0.417611 0.000000 0.007551
v 0.417255 0.000000 0.007601
v 0.416939 0.000000 0.007647
v 0.416665 0.000000 0.007689
v 0.416435 0.000000 0.007726
v 0.416251 0.000000 0.007759
v 0.416114 0.000000 0.007786
v 0.414953 0.000000 0.008049
v 0.413853 0.000000 0.008322
v 0.412810 0.000000 0.008609
v 0.411816 0.000000 0.008912
v 0.410866 0.000000 0.009234
v 0.409954 0.000000 0.009576
v 0.409072 0.000000 0.009942
v 0.408215 0.000000 0.010335
v 0.407378 0.000000 0.010755
v 0.406552 0.000000 0.011208
v 0.405733 0.000000 0.011693
v 0.404913 0.000000 0.012216
v 0.403980 0.000000 0.012858
v 0.403085 0.000000 0.013533
v 0.402227 0.000000 0.014242
v 0.401407 0.000000 0.014984
v 0.400625 0.000000 0.015760
v 0.399881 0.000000 0.016571
v 0.399174 0.000000 0.017415
v 0.398504 0.000000 0.018294
v 0.397872 0.000000 0.019208
v 0.397278 0.000000 0.020156
v 0.396721 0.000000 0.021139
v 0.396201 0.000000 0.022157
v 0.395851 0.000000 0.022906
v 0.395532 0.000000 0.023637
v 0.395244 0.000000 0.024358
v 0.394984 0.000000 0.025075
v 0.394751 0.000000 0.025795
v 0.394543 0.000000 0.026525
v 0.394359 0.000000 0.027272
v 0.394196 0.000000 0.028042
v 0.394052 0.000000 0.028842
v 0.393927 0.000000 0.029679
v 0.393819 0.000000 0.030559
v 0.393725 0.000000 0.031490
v 0.393613 0.000000 0.032744
v 0.393518 0.000000 0.033919
v 0.393440 0.000000 0.035107
v 0.393377 0.000000 0.036399
v 0.393326 0.000000 0.037888
v 0.393288 0.000000 0.039665
v 0.393259 0.000000 0.041822
v 0.393239 0.000000 0.044452
v 0.393226 0.000000 0.047647
v 0.393219 0.000000 0.051498
v 0.393215 0.000000 0.056098
v 0.393215 0.000000 0.061539
v 0.393215 0.000000 0.066983
v 0.393219 0.000000 0.071586
v 0.393226 0.000000 0.075440
v 0.393239 0.000000 0.078637
v 0.393259 0.000000 0.081269
v 0.393288 0.000000 0.083428
v 0.393326 0.000000 0.085205
v 0.393377 0.000000 0.086693
v 0.393440 0.000000 0.087983
v 0.393518 0.000000 0.089168
v 0.393613 0.000000 0.090339
v 0.393725 0.000000 0.091589
v 0.393839 0.000000 0.092665
v 0.393978 0.000000 0.093695
v 0.394142 0.000000 0.094683
v 0.394333 0.000000 0.095634
v 0.394553 0.000000 0.096553
v 0.394803 0.000000 0.097444
v 0.395084 0.000000 0.098314
v 0.395398 0.000000 0.099165
v 0.395746 0.000000 0.100003
v 0.396130 0.000000 0.100833
v 0.396551 0.000000 0.101660
v 0.397010 0.000000 0.102488
v 0.398177 0.000000 0.104326
v 0.399473 0.000000 0.106031
v 0.400899 0.000000 0.107603
v 0.402455 0.000000 0.109043
v 0.404141 0.000000 0.110350
v 0.405957 0.000000 0.111525
v 0.407904 0.000000 0.112568
v 0.409981 0.000000 0.113479
v 0.412189 0.000000 0.114257
v 0.414528 0.000000 0.114904
v 0.416998 0.000000 0.115419
v 0.419599 0.000000 0.115802
v 0.420114 0.000000 0.115852
v 0.420758 0.000000 0.115896
v 0.421505 0.000000 0.115934
v 0.422327 0.000000 0.115965
v 0.423198 0.000000 0.115988
v 0.424092 0.000000 0.116004
v 0.424981 0.000000 0.116013
v 0.425840 0.000000 0.116013
v 0.426642 0.000000 0.116005
v 0.427359 0.000000 0.115988
v 0.427966 0.000000 0.115962
v 0.428435 0.000000 0.115927
v 0.429651 0.000000 0.115788
v 0.430776 0.000000 0.115645
v 0.431821 0.000000 0.115494
v 0.432799 0.000000 0.115333
v 0.433722 0.000000 0.115158
v 0.434603 0.000000 0.114967
v 0.435455 0.000000 0.114757
v 0.436289 0.000000 0.114526
v 0.437118 0.000000 0.114270
v 0.437954 0.000000 0.113986
v 0.438810 0.000000 0.113673
v 0.439698 0.000000 0.113326
v 0.441304 0.000000 0.112616
v 0.442844 0.000000 0.111806
v 0.444316 0.000000 0.110901
v 0.445715 0.000000 0.109905
v 0.447037 0.000000 0.108821
v 0.448280 0.000000 0.107654
v 0.449438 0.000000 0.106407
v 0.450508 0.000000 0.105084
v 0.451487 0.000000 0.103690
v 0.452371 0.000000 0.102228
v 0.453155 0.000000 0.100702
v 0.453836 0.000000 0.099117
v 0.454308 0.000000 0.097814
v 0.454710 0.000000 0.096470
v 0.455050 0.000000 0.094996
v 0.455332 0.000000 0.093308
v 0.455561 0.000000 0.091318
v 0.455742 0.000000 0.088941
v 0.455881 0.000000 0.086091
v 0.455983 0.000000 0.082682
v 0.456054 0.000000 0.078627
v 0.456098 0.000000 0.073840
v 0.456120 0.000000 0.068235
v 0.456126 0.000000 0.061726
v 0.456120 0.000000 0.055544
v 0.456099 0.000000 0.050163
v 0.456060 0.000000 0.045513
v 0.455999 0.000000 0.041526
v 0.455913 0.000000 0.038133
v 0.455798 0.000000 0.035266
v 0.455652 0.000000 0.032856
v 0.455470 0.000000 0.030835
v 0.455250 0.000000 0.029134
v 0.454987 0.000000 0.027685
v 0.454679 0.000000 0.026419
v 0.454322 0.000000 0.025268
v 0.453820 0.000000 0.023923
v 0.453254 0.000000 0.022620
v 0.452625 0.000000 0.021359
v 0.451935 0.000000 0.020144
v 0.451183 0.000000 0.018974
v 0.450372 0.000000 0.017851
v 0.449502 0.000000 0.016776
v 0.448574 0.000000 0.015752
v 0.447589 0.000000 0.014778
v 0.446548 0.000000 0.013857
v 0.445453 0.000000 0.012990
v 0.444303 0.000000 0.012178
v 0.443411 0.000000 0.011615
v 0.442461 0.000000 0.011076
v 0.441459 0.000000 0.010563
v 0.440411 0.000000 0.010080
v 0.439321 0.000000 0.009627
v 0.438196 0.000000 0.009208
v 0.437039 0.000000 0.008822
v 0.435858 0.000000 0.008474
v 0.434656 0.000000 0.008164
v 0.433441 0.000000 0.007895
v 0.432215 0.000000 0.007669
v 0.430987 0.000000 0.007487
v 0.430767 0.000000 0.007459
v 0.430540 0.000000 0.007429
v 0.430309 0.000000 0.007398
v 0.430077 0.000000 0.007368
v 0.429846 0.000000 0.007337
v 0.429619 0.000000 0.007307
v 0.429400 0.000000 0.007278
v 0.429192 0.000000 0.007251
v 0.428997 0.000000 0.007225
v 0.428818 0.000000 0.007202
v 0.428659 0.000000 0.007181
v 0.428522 0.000000 0.007164
v 0.428157 0.000000 0.007130
v 0.427629 0.000000 0.007103
v 0.426972 0.000000 0.007082
v 0.426216 0.000000 0.007068
v 0.425394 0.000000 0.007060
v 0.424538 0.000000 0.007058
v 0.423680 0.000000 0.007063
v 0.422851 0.000000 0.007074
v 0.422084 0.000000 0.007090
v 0.421410 0.000000 0.007113
v 0.420861 0.000000 0.007142
v 0.425871 0.000000 0.025007
v 0.426197 0.000000 0.025109
v 0.426496 0.000000 0.025228
v 0.426770 0.000000 0.025366
v 0.427020 0.000000 0.025524
v 0.427247 0.000000 0.025704
v 0.427452 0.000000 0.025907
v 0.427636 0.000000 0.026135
v 0.427801 0.000000 0.026389
v 0.427947 0.000000 0.026671
v 0.428076 0.000000 0.026981
v 0.428188 0.000000 0.027322
v 0.428286 0.000000 0.027695
v 0.428406 0.000000 0.028214
v 0.428506 0.000000 0.028749
v 0.428588 0.000000 0.029418
v 0.428654 0.000000 0.030338
v 0.428705 0.000000 0.031627
v 0.428743 0.000000 0.033403
v 0.428771 0.000000 0.035782
v 0.428789 0.000000 0.038883
v 0.428800 0.000000 0.042823
v 0.428806 0.000000 0.047720
v 0.428808 0.000000 0.053691
v 0.428809 0.000000 0.060855
v 0.428808 0.000000 0.068004
v 0.428806 0.000000 0.073987
v 0.428801 0.000000 0.078917
v 0.428790 0.000000 0.082911
v 0.428772 0.000000 0.086083
v 0.428745 0.000000 0.088546
v 0.428707 0.000000 0.090417
v 0.428657 0.000000 0.091809
v 0.428593 0.000000 0.092837
v 0.428513 0.000000 0.093616
v 0.428416 0.000000 0.094261
v 0.428298 0.000000 0.094886
v 0.428220 0.000000 0.095238
v 0.428128 0.000000 0.095573
v 0.428022 0.000000 0.095889
v 0.427903 0.000000 0.096186
v 0.427772 0.000000 0.096463
v 0.427628 0.000000 0.096720
v 0.427472 0.000000 0.096956
v 0.427304 0.000000 0.097170
v 0.427124 0.000000 0.097362
v 0.426933 0.000000 0.097531
v 0.426731 0.000000 0.097676
v 0.426519 0.000000 0.097798
v 0.426281 0.000000 0.097905
v 0.426023 0.000000 0.097996
v 0.425748 0.000000 0.098072
v 0.425459 0.000000 0.098131
v 0.425160 0.000000 0.098174
v 0.424852 0.000000 0.098200
v 0.424540 0.000000 0.098210
v 0.424226 0.000000 0.098202
v 0.423913 0.000000 0.098177
v 0.423603 0.000000 0.098135
v 0.423301 0.000000 0.098075
v 0.423009 0.000000 0.097997
v 0.422829 0.000000 0.097934
v 0.422646 0.000000 0.097848
v 0.422462 0.000000 0.097741
v 0.422280 0.000000 0.097615
v 0.422102 0.000000 0.097473
v 0.421931 0.000000 0.097317
v 0.421769 0.000000 0.097149
v 0.421618 0.000000 0.096972
v 0.421481 0.000000 0.096788
v 0.421361 0.000000 0.096599
v 0.421259 0.000000 0.096408
v 0.421180 0.000000 0.096217
v 0.421007 0.000000 0.095709
v 0.420863 0.000000 0.095135
v 0.420744 0.000000 0.094386
v 0.420648 0.000000 0.093348
v 0.420572 0.000000 0.091911
v 0.420514 0.000000 0.089963
v 0.420471 0.000000 0.087393
v 0.420442 0.000000 0.084089
v 0.420423 0.000000 0.079939
v 0.420413 0.000000 0.074833
v 0.420409 0.000000 0.068658
v 0.420408 0.000000 0.061303
v 0.420409 0.000000 0.055611
v 0.420411 0.000000 0.050670
v 0.420416 0.000000 0.046423
v 0.420423 0.000000 0.042817
v 0.420433 0.000000 0.039796
v 0.420445 0.000000 0.037305
v 0.420461 0.000000 0.035290
v 0.420480 0.000000 0.033696
v 0.420502 0.000000 0.032468
v 0.420529 0.000000 0.031551
v 0.420559 0.000000 0.030891
v 0.420595 0.000000 0.030432
v 0.420660 0.000000 0.029813
v 0.420727 0.000000 0.029258
v 0.420798 0.000000 0.028763
v 0.420873 0.000000 0.028321
v 0.420955 0.000000 0.027928
v 0.421046 0.000000 0.027578
v 0.421146 0.000000 0.027265
v 0.421257 0.000000 0.026985
v 0.421382 0.000000 0.026731
v 0.421522 0.000000 0.026499
v 0.421678 0.000000 0.026283
v 0.421852 0.000000 0.026077
v 0.422105 0.000000 0.025824
v 0.422380 0.000000 0.025599
v 0.422674 0.000000 0.025402
v 0.422985 0.000000 0.025236
v 0.423312 0.000000 0.025098
v 0.423651 0.000000 0.024991
v 0.424003 0.000000 0.024915
v 0.424365 0.000000 0.024870
v 0.424734 0.000000 0.024856
v 0.425110 0.000000 0.024874
v 0.425489 0.000000 0.024924
v 0.493699 0.000000 0.007089
v 0.493680 0.000000 0.007097
v 0.493635 0.000000 0.007107
v 0.493568 0.000000 0.007119
v 0.493478 0.000000 0.007133
v 0.493370 0.000000 0.007148
v 0.493243 0.000000 0.007165
v 0.493101 0.000000 0.007184
v 0.492945 0.000000 0.007204
v 0.492777 0.000000 0.007224
v 0.492598 0.000000 0.007245
v 0.492412 0.000000 0.007267
v 0.492218 0.000000 0.007288
v 0.491677 0.000000 0.007347
v 0.491109 0.000000 0.007418
v 0.490525 0.000000 0.007498
v 0.489933 0.000000 0.007587
v 0.489342 0.000000 0.007682
v 0.488762 0.000000 0.007783
v 0.488200 0.000000 0.007887
v 0.487667 0.000000 0.007993
v 0.487171 0.000000 0.008100
v 0.486721 0.000000 0.008206
v 0.486326 0.000000 0.008309
v 0.485996 0.000000 0.008408
v 0.485948 0.000000 0.008422
v 0.485892 0.000000 0.008438
v 0.485830 0.000000 0.008456
v 0.485761 0.000000 0.008475
v 0.485688 0.000000 0.008497
v 0.485611 0.000000 0.008519
v 0.485531 0.000000 0.008542
v 0.485450 0.000000 0.008565
v 0.485367 0.000000 0.008588
v 0.485285 0.000000 0.008612
v 0.485203 0.000000 0.008635
v 0.485124 0.000000 0.008657
v 0.484359 0.000000 0.008891
v 0.483574 0.000000 0.009162
v 0.482774 0.000000 0.009467
v 0.481967 0.000000 0.009803
v 0.481159 0.000000 0.010166
v 0.480355 0.000000 0.010554
v 0.479561 0.000000 0.010965
v 0.478785 0.000000 0.011393
v 0.478033 0.000000 0.011838
v 0.477310 0.000000 0.012295
v 0.476622 0.000000 0.012762
v 0.475977 0.000000 0.013236
v 0.474842 0.000000 0.014155
v 0.473765 0.000000 0.015141
v 0.472749 0.000000 0.016192
v 0.471797 0.000000 0.017302
v 0.470912 0.000000 0.018468
v 0.470095 0.000000 0.019684
v 0.469349 0.000000 0.020949
v 0.468677 0.000000 0.022256
v 0.468082 0.000000 0.023602
v 0.467566 0.000000 0.024982
v 0.467131 0.000000 0.026394
v 0.466780 0.000000 0.027831
v 0.466571 0.000000 0.028973
v 0.466384 0.000000 0.030337
v 0.466220 0.000000 0.031947
v 0.466077 0.000000 0.033827
v 0.465954 0.000000 0.036003
v 0.465851 0.000000 0.038498
v 0.465766 0.000000 0.041337
v 0.465698 0.000000 0.044544
v 0.465647 0.000000 0.048143
v 0.465612 0.000000 0.052159
v 0.465592 0.000000 0.056616
v 0.465585 0.000000 0.061539
v 0.465591 0.000000 0.066184
v 0.465611 0.000000 0.070442
v 0.465645 0.000000 0.074326
v 0.465693 0.000000 0.077848
v 0.465756 0.000000 0.081024
v 0.465834 0.000000 0.083865
v 0.465927 0.000000 0.086385
v 0.466037 0.000000 0.088597
v 0.466162 0.000000 0.090515
v 0.466305 0.000000 0.092152
v 0.466465 0.000000 0.093522
v 0.466643 0.000000 0.094637
v 0.466761 0.000000 0.095235
v 0.466891 0.000000 0.095821
v 0.467034 0.000000 0.096397
v 0.467191 0.000000 0.096965
v 0.467361 0.000000 0.097526
v 0.467545 0.000000 0.098081
v 0.467744 0.000000 0.098631
v 0.467957 0.000000 0.099177
v 0.468186 0.000000 0.099722
v 0.468431 0.000000 0.100266
v 0.468692 0.000000 0.100810
v 0.468970 0.000000 0.101356
v 0.469525 0.000000 0.102373
v 0.470113 0.000000 0.103354
v 0.470735 0.000000 0.104297
v 0.471390 0.000000 0.105203
v 0.472078 0.000000 0.106072
v 0.472800 0.000000 0.106906
v 0.473556 0.000000 0.107703
v 0.474346 0.000000 0.108463
v 0.475169 0.000000 0.109188
v 0.476027 0.000000 0.109877
v 0.476918 0.000000 0.110531
v 0.477844 0.000000 0.111149
v 0.478764 0.000000 0.111700
v 0.479741 0.000000 0.112227
v 0.480769 0.000000 0.112728
v 0.481841 0.000000 0.113199
v 0.482951 0.000000 0.113639
v 0.484091 0.000000 0.114046
v 0.485257 0.000000 0.114418
v 0.486441 0.000000 0.114752
v 0.487637 0.000000 0.115045
v 0.488839 0.000000 0.115297
v 0.490041 0.000000 0.115505
v 0.491235 0.000000 0.115665
v 0.491402 0.000000 0.115685
v 0.491579 0.000000 0.115706
v 0.491763 0.000000 0.115727
v 0.491951 0.000000 0.115749
v 0.492141 0.000000 0.115772
v 0.492330 0.000000 0.115795
v 0.492517 0.000000 0.115817
v 0.492697 0.000000 0.115839
v 0.492870 0.000000 0.115860
v 0.493032 0.000000 0.115880
v 0.493180 0.000000 0.115898
v 0.493313 0.000000 0.115914
v 0.493699 0.000000 0.115951
v 0.494228 0.000000 0.115982
v 0.494871 0.000000 0.116005
v 0.495602 0.000000 0.116022
v 0.496390 0.000000 0.116032
v 0.497209 0.000000 0.116036
v 0.498030 0.000000 0.116032
v 0.498824 0.000000 0.116022
v 0.499565 0.000000 0.116005
v 0.500223 0.000000 0.115982
v 0.500770 0.000000 0.115951
v 0.501179 0.000000 0.115914
v 0.502090 0.000000 0.115801
v 0.502873 0.000000 0.115702
v 0.503547 0.000000 0.115614
v 0.504130 0.000000 0.115535
v 0.504638 0.000000 0.115461
v 0.505090 0.000000 0.115390
v 0.505503 0.000000 0.115319
v 0.505894 0.000000 0.115244
v 0.506282 0.000000 0.115164
v 0.506684 0.000000 0.115074
v 0.507118 0.000000 0.114973
v 0.507601 0.000000 0.114857
v 0.508591 0.000000 0.114597
v 0.509582 0.000000 0.114300
v 0.510568 0.000000 0.113967
v 0.511546 0.000000 0.113599
v 0.512511 0.000000 0.113200
v 0.513461 0.000000 0.112769
v 0.514391 0.000000 0.112311
v 0.515297 0.000000 0.111825
v 0.516175 0.000000 0.111315
v 0.517021 0.000000 0.110782
v 0.517832 0.000000 0.110228
v 0.518603 0.000000 0.109656
v 0.519679 0.000000 0.108766
v 0.520708 0.000000 0.107799
v 0.521686 0.000000 0.106762
v 0.522608 0.000000 0.105662
v 0.523472 0.000000 0.104506
v 0.524271 0.000000 0.103299
v 0.525004 0.000000 0.102049
v 0.525665 0.000000 0.100762
v 0.526251 0.000000 0.099446
v 0.526757 0.000000 0.098106
v 0.527179 0.000000 0.096750
v 0.527514 0.000000 0.095384
v 0.527640 0.000000 0.094736
v 0.527758 0.000000 0.094022
v 0.527868 0.000000 0.093238
v 0.527970 0.000000 0.092378
v 0.528065 0.000000 0.091438
v 0.528153 0.000000 0.090414
v 0.528235 0.000000 0.089301
v 0.528310 0.000000 0.088095
v 0.528380 0.000000 0.086791
v 0.528444 0.000000 0.085384
v 0.528504 0.000000 0.083870
v 0.528559 0.000000 0.082244
v 0.528596 0.000000 0.080436
v 0.528626 0.000000 0.077733
v 0.528650 0.000000 0.074314
v 0.528667 0.000000 0.070356
v 0.528677 0.000000 0.066039
v 0.528680 0.000000 0.061542
v 0.528677 0.000000 0.057044
v 0.528667 0.000000 0.052722
v 0.528650 0.000000 0.048757
v 0.528626 0.000000 0.045326
v 0.528596 0.000000 0.042609
v 0.528559 0.000000 0.040784
v 0.528519 0.000000 0.039620
v 0.528474 0.000000 0.038470
v 0.528424 0.000000 0.037344
v 0.528370 0.000000 0.036249
v 0.528313 0.000000 0.035195
v 0.528252 0.000000 0.034190
v 0.528190 0.000000 0.033241
v 0.528126 0.000000 0.032358
v 0.528060 0.000000 0.031549
v 0.527994 0.000000 0.030822
v 0.527928 0.000000 0.030186
v 0.527862 0.000000 0.029648
v 0.527583 0.000000 0.028028
v 0.527195 0.000000 0.026431
v 0.526703 0.000000 0.024863
v 0.526109 0.000000 0.023331
v 0.525418 0.000000 0.021842
v 0.524634 0.000000 0.020400
v 0.523760 0.000000 0.019013
v 0.522799 0.000000 0.017686
v 0.521756 0.000000 0.016427
v 0.520634 0.000000 0.015240
v 0.519436 0.000000 0.014133
v 0.518167 0.000000 0.013112
v 0.517616 0.000000 0.012709
v 0.517035 0.000000 0.012313
v 0.516429 0.000000 0.011924
v 0.515801 0.000000 0.011544
v 0.515156 0.000000 0.011176
v 0.514496 0.000000 0.010822
v 0.513825 0.000000 0.010483
v 0.513148 0.000000 0.010162
v 0.512469 0.000000 0.009860
v 0.511790 0.000000 0.009580
v 0.511116 0.000000 0.009324
v 0.510451 0.000000 0.009093
v 0.509734 0.000000 0.008859
v 0.509053 0.000000 0.008649
v 0.508395 0.000000 0.008459
v 0.507744 0.000000 0.008286
v 0.507086 0.000000 0.008127
v 0.506406 0.000000 0.007979
v 0.505690 0.000000 0.007839
v 0.504923 0.000000 0.007705
v 0.504091 0.000000 0.007574
v 0.503178 0.000000 0.007442
v 0.502171 0.000000 0.007306
v 0.501055 0.000000 0.007164
v 0.500705 0.000000 0.007137
v 0.500176 0.000000 0.007112
v 0.499506 0.000000 0.007089
v 0.498736 0.000000 0.007070
v 0.497904 0.000000 0.007054
v 0.497050 0.000000 0.007043
v 0.496215 0.000000 0.007036
v 0.495437 0.000000 0.007034
v 0.494758 0.000000 0.007038
v 0.494215 0.000000 0.007048
v 0.493849 0.000000 0.007065
v 0.498416 0.000000 0.025007
v 0.498842 0.000000 0.025140
v 0.499220 0.000000 0.025299
v 0.499553 0.000000 0.025492
v 0.499846 0.000000 0.025726
v 0.500103 0.000000 0.026008
v 0.500326 0.000000 0.026343
v 0.500521 0.000000 0.026739
v 0.500690 0.000000 0.027203
v 0.500838 0.000000 0.027742
v 0.500969 0.000000 0.028362
v 0.501085 0.000000 0.029069
v 0.501191 0.000000 0.029872
v 0.501249 0.000000 0.031471
v 0.501296 0.000000 0.035013
v 0.501333 0.000000 0.040113
v 0.501361 0.000000 0.046382
v 0.501378 0.000000 0.053435
v 0.501384 0.000000 0.060883
v 0.501381 0.000000 0.068340
v 0.501366 0.000000 0.075418
v 0.501342 0.000000 0.081732
v 0.501307 0.000000 0.086893
v 0.501261 0.000000 0.090515
v 0.501204 0.000000 0.092211
v 0.501120 0.000000 0.092986
v 0.501034 0.000000 0.093676
v 0.500944 0.000000 0.094286
v 0.500848 0.000000 0.094824
v 0.500744 0.000000 0.095297
v 0.500630 0.000000 0.095712
v 0.500503 0.000000 0.096076
v 0.500360 0.000000 0.096395
v 0.500201 0.000000 0.096678
v 0.500022 0.000000 0.096931
v 0.499822 0.000000 0.097161
v 0.499598 0.000000 0.097374
v 0.499237 0.000000 0.097645
v 0.498832 0.000000 0.097864
v 0.498392 0.000000 0.098033
v 0.497927 0.000000 0.098152
v 0.497445 0.000000 0.098220
v 0.496957 0.000000 0.098238
v 0.496471 0.000000 0.098206
v 0.495998 0.000000 0.098124
v 0.495545 0.000000 0.097992
v 0.495123 0.000000 0.097811
v 0.494741 0.000000 0.097580
v 0.494409 0.000000 0.097300
v 0.494223 0.000000 0.097094
v 0.494057 0.000000 0.096872
v 0.493908 0.000000 0.096624
v 0.493775 0.000000 0.096346
v 0.493656 0.000000 0.096029
v 0.493550 0.000000 0.095667
v 0.493454 0.000000 0.095252
v 0.493366 0.000000 0.094778
v 0.493285 0.000000 0.094238
v 0.493209 0.000000 0.093624
v 0.493136 0.000000 0.092930
v 0.493065 0.000000 0.092148
v 0.493010 0.000000 0.090392
v 0.492966 0.000000 0.086782
v 0.492932 0.000000 0.081692
v 0.492907 0.000000 0.075495
v 0.492892 0.000000 0.068564
v 0.492887 0.000000 0.061272
v 0.492892 0.000000 0.053990
v 0.492907 0.000000 0.047093
v 0.492932 0.000000 0.040954
v 0.492966 0.000000 0.035944
v 0.493010 0.000000 0.032437
v 0.493065 0.000000 0.030805
v 0.493142 0.000000 0.030116
v 0.493219 0.000000 0.029502
v 0.493299 0.000000 0.028955
v 0.493383 0.000000 0.028470
v 0.493473 0.000000 0.028041
v 0.493570 0.000000 0.027660
v 0.493677 0.000000 0.027323
v 0.493796 0.000000 0.027023
v 0.493927 0.000000 0.026753
v 0.494074 0.000000 0.026507
v 0.494238 0.000000 0.026280
v 0.494421 0.000000 0.026065
v 0.494672 0.000000 0.025814
v 0.494943 0.000000 0.025591
v 0.495234 0.000000 0.025397
v 0.495543 0.000000 0.025232
v 0.495866 0.000000 0.025096
v 0.496204 0.000000 0.024990
v 0.496553 0.000000 0.024914
v 0.496913 0.000000 0.024869
v 0.497281 0.000000 0.024855
v 0.497655 0.000000 0.024874
v 0.498034 0.000000 0.024924
v 0.019913 0.000000 0.061539
v 0.019913 0.000000 0.113923
v 0.041817 0.000000 0.113923
v 0.063721 0.000000 0.113923
v 0.063721 0.000000 0.103409
v 0.063721 0.000000 0.092895
v 0.055445 0.000000 0.092895
v 0.047168 0.000000 0.092895
v 0.047168 0.000000 0.051025
v 0.047168 0.000000 0.009155
v 0.033541 0.000000 0.009155
v 0.019913 0.000000 0.009155
v 0.078095 0.000000 0.009304
v 0.078088 0.000000 0.009335
v 0.078078 0.000000 0.009382
v 0.078066 0.000000 0.009445
v 0.078053 0.000000 0.009521
v 0.078038 0.000000 0.009610
v 0.078022 0.000000 0.009710
v 0.078006 0.000000 0.009820
v 0.077988 0.000000 0.009937
v 0.077971 0.000000 0.010062
v 0.077954 0.000000 0.010192
v 0.077937 0.000000 0.010325
v 0.077921 0.000000 0.010461
v 0.077874 0.000000 0.010832
v 0.077814 0.000000 0.011295
v 0.077743 0.000000 0.011840
v 0.077663 0.000000 0.012456
v 0.077574 0.000000 0.013130
v 0.077479 0.000000 0.013852
v 0.077379 0.000000 0.014610
v 0.077275 0.000000 0.015393
v 0.077169 0.000000 0.016190
v 0.077061 0.000000 0.016989
v 0.076955 0.000000 0.017779
v 0.076851 0.000000 0.018549
v 0.076754 0.000000 0.019273
v 0.076668 0.000000 0.019916
v 0.076591 0.000000 0.020488
v 0.076522 0.000000 0.020999
v 0.076459 0.000000 0.021460
v 0.076403 0.000000 0.021881
v 0.076350 0.000000 0.022272
v 0.076300 0.000000 0.022644
v 0.076252 0.000000 0.023008
v 0.076204 0.000000 0.023372
v 0.076155 0.000000 0.023749
v 0.076104 0.000000 0.024148
v 0.076078 0.000000 0.024341
v 0.076052 0.000000 0.024543
v 0.076024 0.000000 0.024751
v 0.075996 0.000000 0.024964
v 0.075968 0.000000 0.025177
v 0.075941 0.000000 0.025388
v 0.075914 0.000000 0.025594
v 0.075888 0.000000 0.025793
v 0.075864 0.000000 0.025980
v 0.075842 0.000000 0.026155
v 0.075822 0.000000 0.026312
v 0.075805 0.000000 0.026450
v 0.075748 0.000000 0.026878
v 0.075688 0.000000 0.027322
v 0.075627 0.000000 0.027777
v 0.075566 0.000000 0.028237
v 0.075504 0.000000 0.028694
v 0.075444 0.000000 0.029143
v 0.075386 0.000000 0.029577
v 0.075331 0.000000 0.029990
v 0.075280 0.000000 0.030375
v 0.075234 0.000000 0.030727
v 0.075193 0.000000 0.031038
v 0.075158 0.000000 0.031303
v 0.075118 0.000000 0.031613
v 0.075078 0.000000 0.031919
v 0.075037 0.000000 0.032229
v 0.074995 0.000000 0.032549
v 0.074950 0.000000 0.032886
v 0.074901 0.000000 0.033249
v 0.074849 0.000000 0.033643
v 0.074790 0.000000 0.034076
v 0.074726 0.000000 0.034556
v 0.074654 0.000000 0.035089
v 0.074575 0.000000 0.035682
v 0.074486 0.000000 0.036342
v 0.074442 0.000000 0.036673
v 0.074396 0.000000 0.037015
v 0.074349 0.000000 0.037365
v 0.074302 0.000000 0.037717
v 0.074255 0.000000 0.038066
v 0.074209 0.000000 0.038409
v 0.074165 0.000000 0.038741
v 0.074123 0.000000 0.039058
v 0.074084 0.000000 0.039354
v 0.074048 0.000000 0.039625
v 0.074016 0.000000 0.039867
v 0.073988 0.000000 0.040075
v 0.073963 0.000000 0.040268
v 0.073936 0.000000 0.040470
v 0.073908 0.000000 0.040678
v 0.073880 0.000000 0.040891
v 0.073853 0.000000 0.041104
v 0.073825 0.000000 0.041315
v 0.073798 0.000000 0.041521
v 0.073773 0.000000 0.041720
v 0.073749 0.000000 0.041907
v 0.073726 0.000000 0.042081
v 0.073707 0.000000 0.042239
v 0.073690 0.000000 0.042377
v 0.073635 0.000000 0.042778
v 0.073578 0.000000 0.043204
v 0.073519 0.000000 0.043647
v 0.073459 0.000000 0.044100
v 0.073399 0.000000 0.044556
v 0.073340 0.000000 0.045006
v 0.073282 0.000000 0.045443
v 0.073228 0.000000 0.045859
v 0.073177 0.000000 0.046248
v 0.073130 0.000000 0.046600
v 0.073090 0.000000 0.046909
v 0.073055 0.000000 0.047168
v 0.073026 0.000000 0.047392
v 0.072998 0.000000 0.047601
v 0.072970 0.000000 0.047817
v 0.072937 0.000000 0.048062
v 0.072897 0.000000 0.048358
v 0.072848 0.000000 0.048726
v 0.072786 0.000000 0.049189
v 0.072708 0.000000 0.049770
v 0.072612 0.000000 0.050489
v 0.072495 0.000000 0.051369
v 0.072353 0.000000 0.052432
v 0.072184 0.000000 0.053700
v 0.072115 0.000000 0.054222
v 0.072047 0.000000 0.054738
v 0.071980 0.000000 0.055243
v 0.071915 0.000000 0.055731
v 0.071852 0.000000 0.056197
v 0.071793 0.000000 0.056635
v 0.071739 0.000000 0.057040
v 0.071690 0.000000 0.057405
v 0.071646 0.000000 0.057726
v 0.071610 0.000000 0.057997
v 0.071582 0.000000 0.058212
v 0.071561 0.000000 0.058366
v 0.071544 0.000000 0.058496
v 0.071525 0.000000 0.058648
v 0.071502 0.000000 0.058820
v 0.071478 0.000000 0.059007
v 0.071452 0.000000 0.059207
v 0.071425 0.000000 0.059418
v 0.071396 0.000000 0.059635
v 0.071367 0.000000 0.059858
v 0.071337 0.000000 0.060081
v 0.071308 0.000000 0.060303
v 0.071279 0.000000 0.060520
v 0.071250 0.000000 0.060730
v 0.071222 0.000000 0.060941
v 0.071193 0.000000 0.061159
v 0.071163 0.000000 0.061382
v 0.071133 0.000000 0.061607
v 0.071104 0.000000 0.061831
v 0.071075 0.000000 0.062051
v 0.071046 0.000000 0.062264
v 0.071019 0.000000 0.062467
v 0.070993 0.000000 0.062657
v 0.070969 0.000000 0.062831
v 0.070947 0.000000 0.062986
v 0.070927 0.000000 0.063119
v 0.070910 0.000000 0.063251
v 0.070892 0.000000 0.063394
v 0.070872 0.000000 0.063547
v 0.070852 0.000000 0.063708
v 0.070830 0.000000 0.063874
v 0.070808 0.000000 0.064043
v 0.070787 0.000000 0.064213
v 0.070765 0.000000 0.064380
v 0.070745 0.000000 0.064544
v 0.070725 0.000000 0.064701
v 0.070707 0.000000 0.064849
v 0.070690 0.000000 0.064986
v 0.070670 0.000000 0.065130
v 0.070648 0.000000 0.065292
v 0.070624 0.000000 0.065470
v 0.070599 0.000000 0.065661
v 0.070572 0.000000 0.065863
v 0.070544 0.000000 0.066071
v 0.070516 0.000000 0.066285
v 0.070487 0.000000 0.066500
v 0.070459 0.000000 0.066715
v 0.070432 0.000000 0.066925
v 0.070405 0.000000 0.067130
v 0.070379 0.000000 0.067325
v 0.070354 0.000000 0.067517
v 0.070327 0.000000 0.067719
v 0.070299 0.000000 0.067928
v 0.070271 0.000000 0.068140
v 0.070243 0.000000 0.068354
v 0.070216 0.000000 0.068565
v 0.070189 0.000000 0.068771
v 0.070163 0.000000 0.068969
v 0.070139 0.000000 0.069157
v 0.070117 0.000000 0.069331
v 0.070097 0.000000 0.069489
v 0.070080 0.000000 0.069627
v 0.069975 0.000000 0.070404
v 0.069872 0.000000 0.071167
v 0.069771 0.000000 0.071913
v 0.069672 0.000000 0.072642
v 0.069576 0.000000 0.073352
v 0.069483 0.000000 0.074041
v 0.069393 0.000000 0.074708
v 0.069306 0.000000 0.075351
v 0.069223 0.000000 0.075968
v 0.069144 0.000000 0.076559
v 0.069068 0.000000 0.077121
v 0.068998 0.000000 0.077653
v 0.068957 0.000000 0.077979
v 0.068914 0.000000 0.078308
v 0.068872 0.000000 0.078636
v 0.068830 0.000000 0.078959
v 0.068789 0.000000 0.079272
v 0.068749 0.000000 0.079573
v 0.068711 0.000000 0.079857
v 0.068676 0.000000 0.080121
v 0.068644 0.000000 0.080359
v 0.068616 0.000000 0.080569
v 0.068593 0.000000 0.080747
v 0.068575 0.000000 0.080888
v 0.068557 0.000000 0.081018
v 0.068538 0.000000 0.081170
v 0.068515 0.000000 0.081341
v 0.068491 0.000000 0.081528
v 0.068465 0.000000 0.081729
v 0.068438 0.000000 0.081939
v 0.068409 0.000000 0.082157
v 0.068380 0.000000 0.082379
v 0.068351 0.000000 0.082603
v 0.068321 0.000000 0.082824
v 0.068292 0.000000 0.083042
v 0.068263 0.000000 0.083252
v 0.068210 0.000000 0.083638
v 0.068162 0.000000 0.083991
v 0.068117 0.000000 0.084325
v 0.068073 0.000000 0.084654
v 0.068028 0.000000 0.084992
v 0.067980 0.000000 0.085353
v 0.067928 0.000000 0.085751
v 0.067869 0.000000 0.086200
v 0.067801 0.000000 0.086715
v 0.067724 0.000000 0.087308
v 0.067633 0.000000 0.087995
v 0.067529 0.000000 0.088789
v 0.067484 0.000000 0.089123
v 0.067435 0.000000 0.089487
v 0.067383 0.000000 0.089876
v 0.067329 0.000000 0.090283
v 0.067273 0.000000 0.090703
v 0.067216 0.000000 0.091130
v 0.067160 0.000000 0.091558
v 0.067103 0.000000 0.091982
v 0.067048 0.000000 0.092395
v 0.066994 0.000000 0.092793
v 0.066943 0.000000 0.093169
v 0.066894 0.000000 0.093517
v 0.066850 0.000000 0.093852
v 0.066806 0.000000 0.094190
v 0.066762 0.000000 0.094526
v 0.066718 0.000000 0.094856
v 0.066675 0.000000 0.095176
v 0.066635 0.000000 0.095483
v 0.066596 0.000000 0.095772
v 0.066561 0.000000 0.096040
v 0.066529 0.000000 0.096282
v 0.066501 0.000000 0.096494
v 0.066477 0.000000 0.096673
v 0.066459 0.000000 0.096815
v 0.066404 0.000000 0.097223
v 0.066347 0.000000 0.097652
v 0.066288 0.000000 0.098096
v 0.066228 0.000000 0.098546
v 0.066169 0.000000 0.098997
v 0.066110 0.000000 0.099440
v 0.066054 0.000000 0.099869
v 0.066001 0.000000 0.100275
v 0.065951 0.000000 0.100654
v 0.065907 0.000000 0.100996
v 0.065868 0.000000 0.101294
v 0.065837 0.000000 0.101543
v 0.065820 0.000000 0.101668
v 0.065802 0.000000 0.101807
v 0.065782 0.000000 0.101957
v 0.065761 0.000000 0.102115
v 0.065739 0.000000 0.102280
v 0.065717 0.000000 0.102448
v 0.065694 0.000000 0.102618
v 0.065672 0.000000 0.102787
v 0.065649 0.000000 0.102953
v 0.065628 0.000000 0.103114
v 0.065607 0.000000 0.103267
v 0.065588 0.000000 0.103409
v 0.065568 0.000000 0.103556
v 0.065546 0.000000 0.103722
v 0.065521 0.000000 0.103903
v 0.065496 0.000000 0.104097
v 0.065469 0.000000 0.104301
v 0.065441 0.000000 0.104512
v 0.065413 0.000000 0.104728
v 0.065385 0.000000 0.104945
v 0.065357 0.000000 0.105161
v 0.065329 0.000000 0.105373
v 0.065302 0.000000 0.105578
v 0.065276 0.000000 0.105773
v 0.065225 0.000000 0.106177
v 0.065175 0.000000 0.106562
v 0.065127 0.000000 0.106935
v 0.065079 0.000000 0.107298
v 0.065032 0.000000 0.107658
v 0.064984 0.000000 0.108018
v 0.064935 0.000000 0.108383
v 0.064885 0.000000 0.108757
v 0.064832 0.000000 0.109145
v 0.064776 0.000000 0.109552
v 0.064717 0.000000 0.109982
v 0.064654 0.000000 0.110439
v 0.064573 0.000000 0.111038
v 0.064502 0.000000 0.111561
v 0.064441 0.000000 0.112014
v 0.064389 0.000000 0.112401
v 0.064346 0.000000 0.112729
v 0.064310 0.000000 0.113001
v 0.064282 0.000000 0.113224
v 0.064260 0.000000 0.113401
v 0.064243 0.000000 0.113538
v 0.064231 0.000000 0.113641
v 0.064223 0.000000 0.113714
v 0.064219 0.000000 0.113762
v 0.064282 0.000000 0.113791
v 0.064484 0.000000 0.113817
v 0.064844 0.000000 0.113839
v 0.065381 0.000000 0.113859
v 0.066112 0.000000 0.113875
v 0.067058 0.000000 0.113889
v 0.068236 0.000000 0.113900
v 0.069665 0.000000 0.113909
v 0.071364 0.000000 0.113916
v 0.073352 0.000000 0.113920
v 0.075648 0.000000 0.113923
v 0.078270 0.000000 0.113923
v 0.078546 0.000000 0.113923
v 0.079310 0.000000 0.113923
v 0.080465 0.000000 0.113923
v 0.081912 0.000000 0.113923
v 0.083555 0.000000 0.113923
v 0.085295 0.000000 0.113923
v 0.087035 0.000000 0.113923
v 0.088678 0.000000 0.113923
v 0.090125 0.000000 0.113923
v 0.091280 0.000000 0.113923
v 0.092044 0.000000 0.113923
v 0.092320 0.000000 0.113923
v 0.092395 0.000000 0.113451
v 0.092406 0.000000 0.113368
v 0.092421 0.000000 0.113248
v 0.092438 0.000000 0.113092
v 0.092457 0.000000 0.112906
v 0.092479 0.000000 0.112691
v 0.092502 0.000000 0.112452
v 0.092527 0.000000 0.112192
v 0.092553 0.000000 0.111913
v 0.092579 0.000000 0.111620
v 0.092605 0.000000 0.111316
v 0.092631 0.000000 0.111004
v 0.092657 0.000000 0.110688
v 0.092685 0.000000 0.110364
v 0.092714 0.000000 0.110030
v 0.092744 0.000000 0.109691
v 0.092773 0.000000 0.109349
v 0.092802 0.000000 0.109010
v 0.092831 0.000000 0.108679
v 0.092858 0.000000 0.108359
v 0.092884 0.000000 0.108054
v 0.092909 0.000000 0.107770
v 0.092931 0.000000 0.107510
v 0.092951 0.000000 0.107278
v 0.092968 0.000000 0.107080
v 0.092985 0.000000 0.106882
v 0.093005 0.000000 0.106652
v 0.093027 0.000000 0.106395
v 0.093051 0.000000 0.106114
v 0.093077 0.000000 0.105813
v 0.093105 0.000000 0.105498
v 0.093133 0.000000 0.105172
v 0.093162 0.000000 0.104840
v 0.093192 0.000000 0.104506
v 0.093221 0.000000 0.104174
v 0.093250 0.000000 0.103849
v 0.093279 0.000000 0.103534
v 0.093333 0.000000 0.102889
v 0.093385 0.000000 0.102278
v 0.093435 0.000000 0.101695
v 0.093482 0.000000 0.101135
v 0.093528 0.000000 0.100595
v 0.093573 0.000000 0.100068
v 0.093617 0.000000 0.099551
v 0.093660 0.000000 0.099039
v 0.093704 0.000000 0.098526
v 0.093748 0.000000 0.098008
v 0.093793 0.000000 0.097481
v 0.093839 0.000000 0.096939
v 0.093858 0.000000 0.096717
v 0.093877 0.000000 0.096502
v 0.093896 0.000000 0.096295
v 0.093915 0.000000 0.096099
v 0.093933 0.000000 0.095915
v 0.093951 0.000000 0.095746
v 0.093967 0.000000 0.095594
v 0.093983 0.000000 0.095461
v 0.093996 0.000000 0.095348
v 0.094008 0.000000 0.095259
v 0.094018 0.000000 0.095196
v 0.094026 0.000000 0.095160
v 0.094059 0.000000 0.095131
v 0.094141 0.000000 0.095105
v 0.094275 0.000000 0.095084
v 0.094469 0.000000 0.095067
v 0.094729 0.000000 0.095052
v 0.095060 0.000000 0.095041
v 0.095470 0.000000 0.095034
v 0.095963 0.000000 0.095029
v 0.096547 0.000000 0.095027
v 0.097228 0.000000 0.095027
v 0.098012 0.000000 0.095030
v 0.098904 0.000000 0.095035
v 0.098999 0.000000 0.095036
v 0.099262 0.000000 0.095038
v 0.099659 0.000000 0.095041
v 0.100156 0.000000 0.095045
v 0.100721 0.000000 0.095049
v 0.101319 0.000000 0.095054
v 0.101917 0.000000 0.095059
v 0.102481 0.000000 0.095063
v 0.102978 0.000000 0.095067
v 0.103375 0.000000 0.095070
v 0.103638 0.000000 0.095072
v 0.103733 0.000000 0.095073
v 0.103820 0.000000 0.096006
v 0.103834 0.000000 0.096155
v 0.103851 0.000000 0.096343
v 0.103870 0.000000 0.096568
v 0.103892 0.000000 0.096823
v 0.103915 0.000000 0.097106
v 0.103940 0.000000 0.097412
v 0.103966 0.000000 0.097736
v 0.103993 0.000000 0.098075
v 0.104021 0.000000 0.098424
v 0.104050 0.000000 0.098779
v 0.104078 0.000000 0.099136
v 0.104106 0.000000 0.099490
v 0.104132 0.000000 0.099850
v 0.104160 0.000000 0.100223
v 0.104188 0.000000 0.100604
v 0.104217 0.000000 0.100988
v 0.104247 0.000000 0.101372
v 0.104276 0.000000 0.101748
v 0.104304 0.000000 0.102113
v 0.104331 0.000000 0.102462
v 0.104357 0.000000 0.102790
v 0.104380 0.000000 0.103091
v 0.104400 0.000000 0.103362
v 0.104417 0.000000 0.103596
v 0.104474 0.000000 0.104297
v 0.104533 0.000000 0.105026
v 0.104592 0.000000 0.105773
v 0.104651 0.000000 0.106530
v 0.104709 0.000000 0.107286
v 0.104766 0.000000 0.108033
v 0.104821 0.000000 0.108762
v 0.104873 0.000000 0.109464
v 0.104922 0.000000 0.110128
v 0.104966 0.000000 0.110746
v 0.105006 0.000000 0.111310
v 0.105040 0.000000 0.111808
v 0.105059 0.000000 0.112054
v 0.105078 0.000000 0.112293
v 0.105097 0.000000 0.112523
v 0.105116 0.000000 0.112740
v 0.105134 0.000000 0.112944
v 0.105152 0.000000 0.113130
v 0.105168 0.000000 0.113298
v 0.105184 0.000000 0.113443
v 0.105197 0.000000 0.113565
v 0.105209 0.000000 0.113660
v 0.105219 0.000000 0.113727
v 0.105226 0.000000 0.113762
v 0.105299 0.000000 0.113791
v 0.105509 0.000000 0.113817
v 0.105875 0.000000 0.113839
v 0.106415 0.000000 0.113859
v 0.107148 0.000000 0.113875
v 0.108090 0.000000 0.113889
v 0.109262 0.000000 0.113900
v 0.110679 0.000000 0.113909
v 0.112362 0.000000 0.113916
v 0.114327 0.000000 0.113920
v 0.116593 0.000000 0.113923
v 0.119178 0.000000 0.113923
v 0.119451 0.000000 0.113923
v 0.120208 0.000000 0.113923
v 0.121350 0.000000 0.113923
v 0.122782 0.000000 0.113923
v 0.124407 0.000000 0.113923
v 0.126129 0.000000 0.113923
v 0.127850 0.000000 0.113923
v 0.129475 0.000000 0.113923
v 0.130907 0.000000 0.113923
v 0.132050 0.000000 0.113923
v 0.132806 0.000000 0.113923
v 0.133079 0.000000 0.113923
v 0.133005 0.000000 0.113388
v 0.132986 0.000000 0.113246
v 0.132961 0.000000 0.113062
v 0.132929 0.000000 0.112840
v 0.132892 0.000000 0.112581
v 0.132850 0.000000 0.112289
v 0.132802 0.000000 0.111965
v 0.132750 0.000000 0.111613
v 0.132694 0.000000 0.111234
v 0.132634 0.000000 0.110832
v 0.132570 0.000000 0.110408
v 0.132502 0.000000 0.109965
v 0.132432 0.000000 0.109506
v 0.132414 0.000000 0.109385
v 0.132390 0.000000 0.109230
v 0.132362 0.000000 0.109044
v 0.132330 0.000000 0.108831
v 0.132295 0.000000 0.108595
v 0.132256 0.000000 0.108338
v 0.132216 0.000000 0.108065
v 0.132173 0.000000 0.107780
v 0.132129 0.000000 0.107485
v 0.132085 0.000000 0.107185
v 0.132041 0.000000 0.106883
v 0.131997 0.000000 0.106582
v 0.131951 0.000000 0.106270
v 0.131901 0.000000 0.105933
v 0.131848 0.000000 0.105576
v 0.131793 0.000000 0.105206
v 0.131737 0.000000 0.104827
v 0.131679 0.000000 0.104444
v 0.131622 0.000000 0.104062
v 0.131565 0.000000 0.103686
v 0.131510 0.000000 0.103322
v 0.131457 0.000000 0.102975
v 0.131408 0.000000 0.102650
v 0.131362 0.000000 0.102352
v 0.131316 0.000000 0.102053
v 0.131266 0.000000 0.101728
v 0.131214 0.000000 0.101381
v 0.131159 0.000000 0.101017
v 0.131102 0.000000 0.100641
v 0.131045 0.000000 0.100260
v 0.130987 0.000000 0.099876
v 0.130930 0.000000 0.099497
v 0.130875 0.000000 0.099127
v 0.130823 0.000000 0.098770
v 0.130773 0.000000 0.098434
v 0.130727 0.000000 0.098121
v 0.130683 0.000000 0.097821
v 0.130640 0.000000 0.097520
v 0.130596 0.000000 0.097222
v 0.130554 0.000000 0.096931
v 0.130513 0.000000 0.096650
v 0.130474 0.000000 0.096382
v 0.130437 0.000000 0.096132
v 0.130403 0.000000 0.095902
v 0.130372 0.000000 0.095696
v 0.130345 0.000000 0.095518
v 0.130322 0.000000 0.095371
v 0.130304 0.000000 0.095259
v 0.130286 0.000000 0.095147
v 0.130263 0.000000 0.095001
v 0.130236 0.000000 0.094822
v 0.130205 0.000000 0.094617
v 0.130171 0.000000 0.094387
v 0.130134 0.000000 0.094136
v 0.130095 0.000000 0.093868
v 0.130054 0.000000 0.093587
v 0.130012 0.000000 0.093296
v 0.129968 0.000000 0.092998
v 0.129925 0.000000 0.092697
v 0.129881 0.000000 0.092397
v 0.129835 0.000000 0.092085
v 0.129785 0.000000 0.091748
v 0.129733 0.000000 0.091392
v 0.129678 0.000000 0.091021
v 0.129621 0.000000 0.090642
v 0.129564 0.000000 0.090259
v 0.129506 0.000000 0.089877
v 0.129449 0.000000 0.089501
v 0.129394 0.000000 0.089138
v 0.129342 0.000000 0.088790
v 0.129292 0.000000 0.088465
v 0.129246 0.000000 0.088167
v 0.129151 0.000000 0.087523
v 0.129057 0.000000 0.086893
v 0.128965 0.000000 0.086276
v 0.128875 0.000000 0.085675
v 0.128787 0.000000 0.085090
v 0.128702 0.000000 0.084521
v 0.128619 0.000000 0.083970
v 0.128539 0.000000 0.083438
v 0.128462 0.000000 0.082924
v 0.128388 0.000000 0.082431
v 0.128318 0.000000 0.081960
v 0.128251 0.000000 0.081510
v 0.128220 0.000000 0.081305
v 0.128186 0.000000 0.081073
v 0.128148 0.000000 0.080819
v 0.128107 0.000000 0.080545
v 0.128064 0.000000 0.080256
v 0.128019 0.000000 0.079956
v 0.127972 0.000000 0.079649
v 0.127925 0.000000 0.079339
v 0.127878 0.000000 0.079030
v 0.127831 0.000000 0.078727
v 0.127785 0.000000 0.078432
v 0.127740 0.000000 0.078150
v 0.127697 0.000000 0.077861
v 0.127650 0.000000 0.077544
v 0.127599 0.000000 0.077205
v 0.127546 0.000000 0.076848
v 0.127490 0.000000 0.076479
v 0.127434 0.000000 0.076103
v 0.127377 0.000000 0.075725
v 0.127321 0.000000 0.075350
v 0.127266 0.000000 0.074983
v 0.127213 0.000000 0.074629
v 0.127164 0.000000 0.074294
v 0.127118 0.000000 0.073982
v 0.127074 0.000000 0.073681
v 0.127030 0.000000 0.073379
v 0.126985 0.000000 0.073079
v 0.126941 0.000000 0.072784
v 0.126899 0.000000 0.072499
v 0.126858 0.000000 0.072226
v 0.126820 0.000000 0.071969
v 0.126784 0.000000 0.071733
v 0.126752 0.000000 0.071520
v 0.126724 0.000000 0.071334
v 0.126701 0.000000 0.071179
v 0.126682 0.000000 0.071058
v 0.126665 0.000000 0.070946
v 0.126646 0.000000 0.070815
v 0.126623 0.000000 0.070670
v 0.126599 0.000000 0.070511
v 0.126574 0.000000 0.070342
v 0.126547 0.000000 0.070165
v 0.126520 0.000000 0.069982
v 0.126492 0.000000 0.069796
v 0.126464 0.000000 0.069609
v 0.126436 0.000000 0.069424
v 0.126409 0.000000 0.069242
v 0.126384 0.000000 0.069067
v 0.126334 0.000000 0.068717
v 0.126277 0.000000 0.068325
v 0.126214 0.000000 0.067896
v 0.126147 0.000000 0.067435
v 0.126075 0.000000 0.066947
v 0.125999 0.000000 0.066437
v 0.125921 0.000000 0.065911
v 0.125841 0.000000 0.065374
v 0.125759 0.000000 0.064831
v 0.125676 0.000000 0.064287
v 0.125594 0.000000 0.063748
v 0.125513 0.000000 0.063219
v 0.125486 0.000000 0.063039
v 0.125457 0.000000 0.062842
v 0.125426 0.000000 0.062633
v 0.125393 0.000000 0.062414
v 0.125359 0.000000 0.062188
v 0.125324 0.000000 0.061958
v 0.125289 0.000000 0.061727
v 0.125254 0.000000 0.061498
v 0.125220 0.000000 0.061275
v 0.125187 0.000000 0.061060
v 0.125156 0.000000 0.060857
v 0.125127 0.000000 0.060668
v 0.125029 0.000000 0.060006
v 0.124936 0.000000 0.059376
v 0.124847 0.000000 0.058772
v 0.124761 0.000000 0.058193
v 0.124677 0.000000 0.057634
v 0.124596 0.000000 0.057092
v 0.124517 0.000000 0.056564
v 0.124439 0.000000 0.056047
v 0.124362 0.000000 0.055536
v 0.124285 0.000000 0.055029
v 0.124208 0.000000 0.054522
v 0.124131 0.000000 0.054011
v 0.124086 0.000000 0.053706
v 0.124037 0.000000 0.053377
v 0.123985 0.000000 0.053030
v 0.123932 0.000000 0.052670
v 0.123877 0.000000 0.052302
v 0.123822 0.000000 0.051930
v 0.123767 0.000000 0.051560
v 0.123713 0.000000 0.051196
v 0.123660 0.000000 0.050844
v 0.123611 0.000000 0.050508
v 0.123564 0.000000 0.050193
v 0.123521 0.000000 0.049905
v 0.123413 0.000000 0.049167
v 0.123288 0.000000 0.048324
v 0.123151 0.000000 0.047398
v 0.123005 0.000000 0.046413
v 0.122853 0.000000 0.045390
v 0.122698 0.000000 0.044353
v 0.122544 0.000000 0.043323
v 0.122395 0.000000 0.042323
v 0.122252 0.000000 0.041377
v 0.122121 0.000000 0.040506
v 0.122003 0.000000 0.039732
v 0.121903 0.000000 0.039080
v 0.121877 0.000000 0.038900
v 0.121848 0.000000 0.038703
v 0.121817 0.000000 0.038494
v 0.121784 0.000000 0.038275
v 0.121750 0.000000 0.038049
v 0.121715 0.000000 0.037818
v 0.121680 0.000000 0.037588
v 0.121645 0.000000 0.037359
v 0.121611 0.000000 0.037136
v 0.121578 0.000000 0.036921
v 0.121547 0.000000 0.036718
v 0.121518 0.000000 0.036529
v 0.121491 0.000000 0.036337
v 0.121460 0.000000 0.036123
v 0.121427 0.000000 0.035892
v 0.121391 0.000000 0.035646
v 0.121353 0.000000 0.035391
v 0.121314 0.000000 0.035128
v 0.121274 0.000000 0.034861
v 0.121234 0.000000 0.034595
v 0.121194 0.000000 0.034333
v 0.121155 0.000000 0.034078
v 0.121117 0.000000 0.033834
v 0.121082 0.000000 0.033605
v 0.121049 0.000000 0.033373
v 0.121014 0.000000 0.033129
v 0.120977 0.000000 0.032876
v 0.120939 0.000000 0.032617
v 0.120900 0.000000 0.032355
v 0.120861 0.000000 0.032095
v 0.120823 0.000000 0.031839
v 0.120785 0.000000 0.031590
v 0.120749 0.000000 0.031353
v 0.120716 0.000000 0.031130
v 0.120686 0.000000 0.030926
v 0.120659 0.000000 0.030743
v 0.120632 0.000000 0.030559
v 0.120601 0.000000 0.030353
v 0.120568 0.000000 0.030127
v 0.120532 0.000000 0.029885
v 0.120494 0.000000 0.029632
v 0.120455 0.000000 0.029370
v 0.120415 0.000000 0.029103
v 0.120375 0.000000 0.028834
v 0.120335 0.000000 0.028568
v 0.120296 0.000000 0.028308
v 0.120259 0.000000 0.028057
v 0.120223 0.000000 0.027819
v 0.120185 0.000000 0.027581
v 0.120146 0.000000 0.027330
v 0.120106 0.000000 0.027070
v 0.120066 0.000000 0.026804
v 0.120026 0.000000 0.026535
v 0.119987 0.000000 0.026268
v 0.119948 0.000000 0.026006
v 0.119912 0.000000 0.025753
v 0.119877 0.000000 0.025511
v 0.119844 0.000000 0.025285
v 0.119814 0.000000 0.025079
v 0.119788 0.000000 0.024895
v 0.119762 0.000000 0.024720
v 0.119735 0.000000 0.024538
v 0.119708 0.000000 0.024353
v 0.119680 0.000000 0.024166
v 0.119652 0.000000 0.023980
v 0.119624 0.000000 0.023797
v 0.119597 0.000000 0.023620
v 0.119572 0.000000 0.023451
v 0.119548 0.000000 0.023292
v 0.119526 0.000000 0.023147
v 0.119506 0.000000 0.023016
v 0.119489 0.000000 0.022904
v 0.119471 0.000000 0.022783
v 0.119447 0.000000 0.022628
v 0.119419 0.000000 0.022442
v 0.119387 0.000000 0.022229
v 0.119352 0.000000 0.021992
v 0.119313 0.000000 0.021736
v 0.119272 0.000000 0.021463
v 0.119230 0.000000 0.021178
v 0.119186 0.000000 0.020883
v 0.119142 0.000000 0.020583
v 0.119097 0.000000 0.020281
v 0.119053 0.000000 0.019980
v 0.119009 0.000000 0.019675
v 0.118962 0.000000 0.019359
v 0.118914 0.000000 0.019038
v 0.118866 0.000000 0.018714
v 0.118818 0.000000 0.018393
v 0.118770 0.000000 0.018078
v 0.118724 0.000000 0.017774
v 0.118681 0.000000 0.017484
v 0.118640 0.000000 0.017214
v 0.118603 0.000000 0.016967
v 0.118571 0.000000 0.016747
v 0.118543 0.000000 0.016558
v 0.118497 0.000000 0.016254
v 0.118455 0.000000 0.015983
v 0.118416 0.000000 0.015730
v 0.118377 0.000000 0.015478
v 0.118336 0.000000 0.015212
v 0.118291 0.000000 0.014914
v 0.118239 0.000000 0.014570
v 0.118178 0.000000 0.014163
v 0.118106 0.000000 0.013676
v 0.118019 0.000000 0.013095
v 0.117917 0.000000 0.012402
v 0.117796 0.000000 0.011581
v 0.117750 0.000000 0.011277
v 0.117705 0.000000 0.010984
v 0.117661 0.000000 0.010705
v 0.117618 0.000000 0.010441
v 0.117578 0.000000 0.010197
v 0.117541 0.000000 0.009974
v 0.117507 0.000000 0.009776
v 0.117476 0.000000 0.009606
v 0.117450 0.000000 0.009466
v 0.117428 0.000000 0.009358
v 0.117410 0.000000 0.009287
v 0.117398 0.000000 0.009254
v 0.117212 0.000000 0.009239
v 0.116682 0.000000 0.009225
v 0.115833 0.000000 0.009212
v 0.114687 0.000000 0.009201
v 0.113270 0.000000 0.009190
v 0.111605 0.000000 0.009181
v 0.109715 0.000000 0.009173
v 0.107626 0.000000 0.009167
v 0.105361 0.000000 0.009162
v 0.102943 0.000000 0.009158
v 0.100397 0.000000 0.009156
v 0.097747 0.000000 0.009155
v 0.094090 0.000000 0.009156
v 0.090888 0.000000 0.009158
v 0.088113 0.000000 0.009162
v 0.085741 0.000000 0.009169
v 0.083744 0.000000 0.009177
v 0.082097 0.000000 0.009187
v 0.080773 0.000000 0.009200
v 0.079747 0.000000 0.009216
v 0.078992 0.000000 0.009233
v 0.078483 0.000000 0.009254
v 0.078192 0.000000 0.009278
v 0.099066 0.000000 0.034551
v 0.099082 0.000000 0.034740
v 0.099101 0.000000 0.034950
v 0.099121 0.000000 0.035179
v 0.099142 0.000000 0.035422
v 0.099163 0.000000 0.035675
v 0.099186 0.000000 0.035937
v 0.099208 0.000000 0.036202
v 0.099231 0.000000 0.036467
v 0.099253 0.000000 0.036729
v 0.099275 0.000000 0.036985
v 0.099295 0.000000 0.037230
v 0.099315 0.000000 0.037462
v 0.099353 0.000000 0.037966
v 0.099392 0.000000 0.038470
v 0.099432 0.000000 0.038979
v 0.099474 0.000000 0.039494
v 0.099518 0.000000 0.040020
v 0.099564 0.000000 0.040559
v 0.099611 0.000000 0.041114
v 0.099661 0.000000 0.041689
v 0.099714 0.000000 0.042286
v 0.099769 0.000000 0.042909
v 0.099827 0.000000 0.043561
v 0.099887 0.000000 0.044244
v 0.099913 0.000000 0.044549
v 0.099940 0.000000 0.044866
v 0.099967 0.000000 0.045190
v 0.099995 0.000000 0.045517
v 0.100023 0.000000 0.045843
v 0.100051 0.000000 0.046163
v 0.100077 0.000000 0.046473
v 0.100103 0.000000 0.046769
v 0.100127 0.000000 0.047047
v 0.100149 0.000000 0.047302
v 0.100169 0.000000 0.047530
v 0.100186 0.000000 0.047728
v 0.100203 0.000000 0.047925
v 0.100223 0.000000 0.048153
v 0.100245 0.000000 0.048408
v 0.100269 0.000000 0.048686
v 0.100295 0.000000 0.048982
v 0.100323 0.000000 0.049292
v 0.100351 0.000000 0.049612
v 0.100381 0.000000 0.049938
v 0.100410 0.000000 0.050265
v 0.100440 0.000000 0.050589
v 0.100469 0.000000 0.050906
v 0.100497 0.000000 0.051212
v 0.100526 0.000000 0.051517
v 0.100555 0.000000 0.051833
v 0.100584 0.000000 0.052156
v 0.100614 0.000000 0.052481
v 0.100643 0.000000 0.052804
v 0.100671 0.000000 0.053122
v 0.100699 0.000000 0.053428
v 0.100725 0.000000 0.053720
v 0.100749 0.000000 0.053994
v 0.100771 0.000000 0.054244
v 0.100791 0.000000 0.054467
v 0.100808 0.000000 0.054658
v 0.100824 0.000000 0.054832
v 0.100841 0.000000 0.055011
v 0.100858 0.000000 0.055191
v 0.100876 0.000000 0.055372
v 0.100894 0.000000 0.055549
v 0.100911 0.000000 0.055722
v 0.100928 0.000000 0.055888
v 0.100944 0.000000 0.056044
v 0.100959 0.000000 0.056188
v 0.100973 0.000000 0.056317
v 0.100985 0.000000 0.056430
v 0.100995 0.000000 0.056525
v 0.101006 0.000000 0.056623
v 0.101019 0.000000 0.056755
v 0.101036 0.000000 0.056916
v 0.101054 0.000000 0.057104
v 0.101074 0.000000 0.057315
v 0.101096 0.000000 0.057546
v 0.101119 0.000000 0.057795
v 0.101143 0.000000 0.058056
v 0.101168 0.000000 0.058329
v 0.101193 0.000000 0.058608
v 0.101219 0.000000 0.058891
v 0.101244 0.000000 0.059175
v 0.101270 0.000000 0.059463
v 0.101297 0.000000 0.059760
v 0.101326 0.000000 0.060061
v 0.101355 0.000000 0.060363
v 0.101384 0.000000 0.060661
v 0.101413 0.000000 0.060953
v 0.101442 0.000000 0.061234
v 0.101469 0.000000 0.061500
v 0.101494 0.000000 0.061749
v 0.101517 0.000000 0.061975
v 0.101538 0.000000 0.062176
v 0.101555 0.000000 0.062348
v 0.101575 0.000000 0.062521
v 0.101599 0.000000 0.062732
v 0.101626 0.000000 0.062976
v 0.101655 0.000000 0.063250
v 0.101686 0.000000 0.063549
v 0.101718 0.000000 0.063867
v 0.101752 0.000000 0.064202
v 0.101787 0.000000 0.064548
v 0.101823 0.000000 0.064901
v 0.101858 0.000000 0.065256
v 0.101894 0.000000 0.065609
v 0.101928 0.000000 0.065956
v 0.101963 0.000000 0.066302
v 0.101998 0.000000 0.066654
v 0.102034 0.000000 0.067006
v 0.102069 0.000000 0.067354
v 0.102103 0.000000 0.067695
v 0.102137 0.000000 0.068023
v 0.102169 0.000000 0.068336
v 0.102198 0.000000 0.068627
v 0.102226 0.000000 0.068894
v 0.102250 0.000000 0.069132
v 0.102272 0.000000 0.069336
v 0.102289 0.000000 0.069503
v 0.102309 0.000000 0.069658
v 0.102329 0.000000 0.069829
v 0.102351 0.000000 0.070013
v 0.102373 0.000000 0.070207
v 0.102396 0.000000 0.070409
v 0.102418 0.000000 0.070616
v 0.102441 0.000000 0.070825
v 0.102463 0.000000 0.071033
v 0.102484 0.000000 0.071238
v 0.102503 0.000000 0.071437
v 0.102522 0.000000 0.071627
v 0.102538 0.000000 0.071804
v 0.102558 0.000000 0.071982
v 0.102578 0.000000 0.072170
v 0.102600 0.000000 0.072366
v 0.102623 0.000000 0.072568
v 0.102646 0.000000 0.072772
v 0.102669 0.000000 0.072976
v 0.102692 0.000000 0.073177
v 0.102715 0.000000 0.073372
v 0.102738 0.000000 0.073559
v 0.102759 0.000000 0.073736
v 0.102780 0.000000 0.073898
v 0.102800 0.000000 0.074044
v 0.102816 0.000000 0.074185
v 0.102832 0.000000 0.074332
v 0.102850 0.000000 0.074483
v 0.102867 0.000000 0.074636
v 0.102885 0.000000 0.074789
v 0.102902 0.000000 0.074940
v 0.102919 0.000000 0.075087
v 0.102935 0.000000 0.075228
v 0.102950 0.000000 0.075360
v 0.102964 0.000000 0.075482
v 0.102976 0.000000 0.075592
v 0.102986 0.000000 0.075687
v 0.102988 0.000000 0.075700
v 0.102992 0.000000 0.075736
v 0.102998 0.000000 0.075790
v 0.103006 0.000000 0.075858
v 0.103014 0.000000 0.075935
v 0.103024 0.000000 0.076016
v 0.103033 0.000000 0.076098
v 0.103042 0.000000 0.076175
v 0.103049 0.000000 0.076243
v 0.103055 0.000000 0.076297
v 0.103059 0.000000 0.076333
v 0.103061 0.000000 0.076346
v 0.098319 0.000000 0.076346
v 0.097290 0.000000 0.076346
v 0.096421 0.000000 0.076344
v 0.095700 0.000000 0.076341
v 0.095112 0.000000 0.076335
v 0.094645 0.000000 0.076326
v 0.094285 0.000000 0.076313
v 0.094020 0.000000 0.076296
v 0.093835 0.000000 0.076274
v 0.093718 0.000000 0.076246
v 0.093655 0.000000 0.076212
v 0.093634 0.000000 0.076171
v 0.093640 0.000000 0.076122
v 0.093647 0.000000 0.076085
v 0.093655 0.000000 0.076032
v 0.093665 0.000000 0.075963
v 0.093675 0.000000 0.075881
v 0.093687 0.000000 0.075787
v 0.093699 0.000000 0.075682
v 0.093711 0.000000 0.075568
v 0.093725 0.000000 0.075446
v 0.093738 0.000000 0.075319
v 0.093751 0.000000 0.075187
v 0.093764 0.000000 0.075052
v 0.093777 0.000000 0.074915
v 0.093805 0.000000 0.074554
v 0.093841 0.000000 0.074119
v 0.093883 0.000000 0.073626
v 0.093930 0.000000 0.073086
v 0.093980 0.000000 0.072514
v 0.094033 0.000000 0.071924
v 0.094087 0.000000 0.071329
v 0.094142 0.000000 0.070743
v 0.094195 0.000000 0.070178
v 0.094246 0.000000 0.069650
v 0.094294 0.000000 0.069171
v 0.094337 0.000000 0.068756
v 0.094420 0.000000 0.067964
v 0.094501 0.000000 0.067194
v 0.094581 0.000000 0.066447
v 0.094659 0.000000 0.065723
v 0.094735 0.000000 0.065023
v 0.094810 0.000000 0.064348
v 0.094882 0.000000 0.063698
v 0.094952 0.000000 0.063075
v 0.095019 0.000000 0.062478
v 0.095085 0.000000 0.061908
v 0.095147 0.000000 0.061367
v 0.095208 0.000000 0.060855
v 0.095228 0.000000 0.060705
v 0.095250 0.000000 0.060532
v 0.095274 0.000000 0.060340
v 0.095300 0.000000 0.060130
v 0.095326 0.000000 0.059907
v 0.095354 0.000000 0.059674
v 0.095382 0.000000 0.059434
v 0.095411 0.000000 0.059190
v 0.095439 0.000000 0.058946
v 0.095467 0.000000 0.058704
v 0.095493 0.000000 0.058468
v 0.095519 0.000000 0.058242
v 0.095545 0.000000 0.058013
v 0.095572 0.000000 0.057777
v 0.095601 0.000000 0.057537
v 0.095630 0.000000 0.057296
v 0.095659 0.000000 0.057056
v 0.095689 0.000000 0.056822
v 0.095717 0.000000 0.056595
v 0.095744 0.000000 0.056380
v 0.095769 0.000000 0.056179
v 0.095792 0.000000 0.055995
v 0.095813 0.000000 0.055831
v 0.095830 0.000000 0.055691
v 0.095851 0.000000 0.055547
v 0.095874 0.000000 0.055371
v 0.095901 0.000000 0.055168
v 0.095930 0.000000 0.054942
v 0.095961 0.000000 0.054695
v 0.095993 0.000000 0.054431
v 0.096027 0.000000 0.054155
v 0.096062 0.000000 0.053869
v 0.096098 0.000000 0.053577
v 0.096133 0.000000 0.053284
v 0.096169 0.000000 0.052992
v 0.096203 0.000000 0.052705
v 0.096282 0.000000 0.052088
v 0.096368 0.000000 0.051417
v 0.096459 0.000000 0.050707
v 0.096552 0.000000 0.049972
v 0.096647 0.000000 0.049227
v 0.096742 0.000000 0.048488
v 0.096833 0.000000 0.047769
v 0.096921 0.000000 0.047084
v 0.097002 0.000000 0.046449
v 0.097074 0.000000 0.045879
v 0.097136 0.000000 0.045387
v 0.097187 0.000000 0.044990
v 0.097208 0.000000 0.044843
v 0.097234 0.000000 0.044659
v 0.097264 0.000000 0.044442
v 0.097297 0.000000 0.044196
v 0.097334 0.000000 0.043926
v 0.097373 0.000000 0.043635
v 0.097415 0.000000 0.043328
v 0.097458 0.000000 0.043009
v 0.097502 0.000000 0.042682
v 0.097546 0.000000 0.042351
v 0.097591 0.000000 0.042020
v 0.097635 0.000000 0.041693
v 0.097679 0.000000 0.041364
v 0.097723 0.000000 0.041032
v 0.097768 0.000000 0.040703
v 0.097811 0.000000 0.040378
v 0.097854 0.000000 0.040064
v 0.097894 0.000000 0.039763
v 0.097933 0.000000 0.039479
v 0.097968 0.000000 0.039216
v 0.098000 0.000000 0.038979
v 0.098029 0.000000 0.038771
v 0.098052 0.000000 0.038596
v 0.098070 0.000000 0.038458
v 0.098087 0.000000 0.038325
v 0.098107 0.000000 0.038173
v 0.098129 0.000000 0.038004
v 0.098154 0.000000 0.037819
v 0.098180 0.000000 0.037624
v 0.098207 0.000000 0.037419
v 0.098236 0.000000 0.037208
v 0.098265 0.000000 0.036993
v 0.098294 0.000000 0.036778
v 0.098324 0.000000 0.036565
v 0.098353 0.000000 0.036356
v 0.098381 0.000000 0.036156
v 0.098409 0.000000 0.035957
v 0.098437 0.000000 0.035755
v 0.098464 0.000000 0.035551
v 0.098491 0.000000 0.035350
v 0.098516 0.000000 0.035152
v 0.098540 0.000000 0.034961
v 0.098563 0.000000 0.034780
v 0.098583 0.000000 0.034610
v 0.098602 0.000000 0.034455
v 0.098618 0.000000 0.034317
v 0.098632 0.000000 0.034199
v 0.098643 0.000000 0.034103
v 0.098679 0.000000 0.033792
v 0.098715 0.000000 0.033543
v 0.098749 0.000000 0.033357
v 0.098783 0.000000 0.033234
v 0.098816 0.000000 0.033175
v 0.098850 0.000000 0.033179
v 0.098883 0.000000 0.033246
v 0.098917 0.000000 0.033378
v 0.098953 0.000000 0.033574
v 0.098989 0.000000 0.033835
v 0.099026 0.000000 0.034160
v 0.201741 0.000000 0.019669
v 0.201741 0.000000 0.030183
v 0.209768 0.000000 0.030183
v 0.217796 0.000000 0.030183
v 0.217821 0.000000 0.072016
v 0.217858 0.000000 0.113861
v 0.231461 0.000000 0.113899
v 0.245051 0.000000 0.113923
v 0.245051 0.000000 0.072053
v 0.245051 0.000000 0.030183
v 0.253141 0.000000 0.030183
v 0.261230 0.000000 0.030183
v 0.261230 0.000000 0.019669
v 0.261230 0.000000 0.009155
v 0.231486 0.000000 0.009155
v 0.201741 0.000000 0.009155
v 0.290851 0.000000 0.009217
v 0.290851 0.000000 0.009706
v 0.290851 0.000000 0.011111
v 0.290851 0.000000 0.013368
v 0.290851 0.000000 0.016415
v 0.290851 0.000000 0.020187
v 0.290851 0.000000 0.024621
v 0.290851 0.000000 0.029654
v 0.290851 0.000000 0.035221
v 0.290851 0.000000 0.041259
v 0.290851 0.000000 0.047704
v 0.290851 0.000000 0.054494
v 0.290851 0.000000 0.061564
v 0.290851 0.000000 0.062593
v 0.290851 0.000000 0.065438
v 0.290851 0.000000 0.069735
v 0.290851 0.000000 0.075123
v 0.290851 0.000000 0.081236
v 0.290851 0.000000 0.087713
v 0.290851 0.000000 0.094189
v 0.290851 0.000000 0.100303
v 0.290851 0.000000 0.105690
v 0.290851 0.000000 0.109987
v 0.290851 0.000000 0.112832
v 0.290851 0.000000 0.113861
v 0.304416 0.000000 0.113899
v 0.317982 0.000000 0.113923
v 0.318007 0.000000 0.091999
v 0.318044 0.000000 0.070062
v 0.326482 0.000000 0.070025
v 0.334908 0.000000 0.070000
v 0.334908 0.000000 0.060046
v 0.334908 0.000000 0.050092
v 0.326482 0.000000 0.050067
v 0.318044 0.000000 0.050029
v 0.318044 0.000000 0.040137
v 0.318044 0.000000 0.030245
v 0.327478 0.000000 0.030208
v 0.336899 0.000000 0.030183
v 0.336899 0.000000 0.019669
v 0.336899 0.000000 0.009155
v 0.313875 0.000000 0.009155
v 0.310763 0.000000 0.009155
v 0.307774 0.000000 0.009157
v 0.304937 0.000000 0.009159
v 0.302280 0.000000 0.009163
v 0.299830 0.000000 0.009167
v 0.297616 0.000000 0.009172
v 0.295666 0.000000 0.009178
v 0.294007 0.000000 0.009184
v 0.292668 0.000000 0.009192
v 0.291677 0.000000 0.009199
v 0.291062 0.000000 0.009208
v 0.343619 0.000000 0.061539
v 0.343619 0.000000 0.113923
v 0.365523 0.000000 0.113923
v 0.387427 0.000000 0.113923
v 0.387403 0.000000 0.103434
v 0.387365 0.000000 0.092957
v 0.379126 0.000000 0.092920
v 0.370875 0.000000 0.092895
v 0.370875 0.000000 0.051025
v 0.370875 0.000000 0.009155
v 0.357247 0.000000 0.009155
v 0.343619 0.000000 0.009155
vn -0.0000 1.0000 -0.0000
vn -0.0000 -1.0000 -0.0000
vt 0.114943 0.000000
vt 0.114546 0.000000
vt 0.114744 0.000000
vt 0.114348 0.000000
vt 0.115141 0.000000
vt 0.114150 0.000000
vt 0.115339 0.000000
vt 0.113952 0.000000
vt 0.115537 0.000000
vt 0.113753 0.000000
vt 0.064011 0.000000
vt 0.113555 0.000000
vt 0.064209 0.000000
vt 0.113357 0.000000
vt 0.113159 0.000000
vt 0.064407 0.000000
vt 0.064606 0.000000
vt 0.112961 0.000000
vt 0.064804 0.000000
vt 0.065002 0.000000
vt 0.112763 0.000000
vt 0.065200 0.000000
vt 0.065398 0.000000
vt 0.112564 0.000000
vt 0.065597 0.000000
vt 0.112366 0.000000
vt 0.065795 0.000000
vt 0.065993 0.000000
vt 0.112168 0.000000
vt 0.066191 0.000000
vt 0.066389 0.000000
vt 0.111970 0.000000
vt 0.066587 0.000000
vt 0.111772 0.000000
vt 0.066786 0.000000
vt 0.111574 0.000000
vt 0.066984 0.000000
vt 0.067182 0.000000
vt 0.111375 0.000000
vt 0.067380 0.000000
vt 0.111177 0.000000
vt 0.067578 0.000000
vt 0.067776 0.000000
vt 0.110979 0.000000
vt 0.067975 0.000000
vt 0.101665 0.000000
vt 0.110781 0.000000
vt 0.068173 0.000000
vt 0.101467 0.000000
vt 0.101863 0.000000
vt 0.101268 0.000000
vt 0.102061 0.000000
vt 0.101070 0.000000
vt 0.102259 0.000000
vt 0.100872 0.000000
vt 0.102457 0.000000
vt 0.100674 0.000000
vt 0.102656 0.000000
vt 0.100476 0.000000
vt 0.100277 0.000000
vt 0.102854 0.000000
vt 0.100079 0.000000
vt 0.110583 0.000000
vt 0.099881 0.000000
vt 0.103052 0.000000
vt 0.099683 0.000000
vt 0.103250 0.000000
vt 0.099485 0.000000
vt 0.068371 0.000000
vt 0.099287 0.000000
vt 0.103448 0.000000
vt 0.099088 0.000000
vt 0.098890 0.000000
vt 0.103646 0.000000
vt 0.098692 0.000000
vt 0.110384 0.000000
vt 0.103845 0.000000
vt 0.098494 0.000000
vt 0.068569 0.000000
vt 0.098296 0.000000
vt 0.104043 0.000000
vt 0.110186 0.000000
vt 0.104241 0.000000
vt 0.068767 0.000000
vt 0.098098 0.000000
vt 0.104439 0.000000
vt 0.109988 0.000000
vt 0.068966 0.000000
vt 0.104637 0.000000
vt 0.109790 0.000000
vt 0.069164 0.000000
vt 0.069362 0.000000
vt 0.104836 0.000000
vt 0.109592 0.000000
vt 0.069560 0.000000
vt 0.105034 0.000000
vt 0.109394 0.000000
vt 0.069758 0.000000
vt 0.105232 0.000000
vt 0.109195 0.000000
vt 0.069956 0.000000
vt 0.108997 0.000000
vt 0.105430 0.000000
vt 0.070155 0.000000
vt 0.108799 0.000000
vt 0.105628 0.000000
vt 0.070353 0.000000
vt 0.108601 0.000000
vt 0.105826 0.000000
vt 0.106025 0.000000
vt 0.070551 0.000000
vt 0.106223 0.000000
vt 0.108403 0.000000
vt 0.106421 0.000000
vt 0.106619 0.000000
vt 0.070749 0.000000
vt 0.106817 0.000000
vt 0.107015 0.000000
vt 0.070947 0.000000
vt 0.107214 0.000000
vt 0.107412 0.000000
vt 0.107610 0.000000
vt 0.071145 0.000000
vt 0.107808 0.000000
vt 0.108006 0.000000
vt 0.108205 0.000000
vt 0.071344 0.000000
vt 0.097899 0.000000
vt 0.071542 0.000000
vt 0.071740 0.000000
vt 0.071938 0.000000
vt 0.088387 0.000000
vt 0.087990 0.000000
vt 0.088189 0.000000
vt 0.087792 0.000000
vt 0.087594 0.000000
vt 0.087396 0.000000
vt 0.087198 0.000000
vt 0.072136 0.000000
vt 0.087000 0.000000
vt 0.086801 0.000000
vt 0.086603 0.000000
vt 0.072335 0.000000
vt 0.086405 0.000000
vt 0.086207 0.000000
vt 0.086009 0.000000
vt 0.072533 0.000000
vt 0.085811 0.000000
vt 0.085612 0.000000
vt 0.085414 0.000000
vt 0.085216 0.000000
vt 0.072731 0.000000
vt 0.088585 0.000000
vt 0.072929 0.000000
vt 0.085018 0.000000
vt 0.088783 0.000000
vt 0.073127 0.000000
vt 0.073325 0.000000
vt 0.084820 0.000000
vt 0.088981 0.000000
vt 0.073524 0.000000
vt 0.089180 0.000000
vt 0.084621 0.000000
vt 0.073722 0.000000
vt 0.089378 0.000000
vt 0.084423 0.000000
vt 0.073920 0.000000
vt 0.089576 0.000000
vt 0.084225 0.000000
vt 0.074118 0.000000
vt 0.089774 0.000000
vt 0.089972 0.000000
vt 0.084027 0.000000
vt 0.074316 0.000000
vt 0.097701 0.000000
vt 0.097503 0.000000
vt 0.097305 0.000000
vt 0.090170 0.000000
vt 0.097107 0.000000
vt 0.096908 0.000000
vt 0.096710 0.000000
vt 0.096512 0.000000
vt 0.090369 0.000000
vt 0.096314 0.000000
vt 0.083829 0.000000
vt 0.096116 0.000000
vt 0.074514 0.000000
vt 0.095918 0.000000
vt 0.095719 0.000000
vt 0.090567 0.000000
vt 0.095521 0.000000
vt 0.095323 0.000000
vt 0.095125 0.000000
vt 0.090765 0.000000
vt 0.094927 0.000000
vt 0.083631 0.000000
vt 0.090963 0.000000
vt 0.094728 0.000000
vt 0.094530 0.000000
vt 0.091161 0.000000
vt 0.074713 0.000000
vt 0.094332 0.000000
vt 0.091359 0.000000
vt 0.094134 0.000000
vt 0.093936 0.000000
vt 0.091558 0.000000
vt 0.093738 0.000000
vt 0.093539 0.000000
vt 0.091756 0.000000
vt 0.093341 0.000000
vt 0.093143 0.000000
vt 0.091954 0.000000
vt 0.092945 0.000000
vt 0.083432 0.000000
vt 0.092152 0.000000
vt 0.092747 0.000000
vt 0.092350 0.000000
vt 0.092549 0.000000
vt 0.074911 0.000000
vt 0.083234 0.000000
vt 0.075109 0.000000
vt 0.083036 0.000000
vt 0.075307 0.000000
vt 0.082838 0.000000
vt 0.082640 0.000000
vt 0.075505 0.000000
vt 0.082442 0.000000
vt 0.082243 0.000000
vt 0.075704 0.000000
vt 0.082045 0.000000
vt 0.081847 0.000000
vt 0.075902 0.000000
vt 0.081649 0.000000
vt 0.076100 0.000000
vt 0.081451 0.000000
vt 0.081252 0.000000
vt 0.081054 0.000000
vt 0.080856 0.000000
vt 0.076298 0.000000
vt 0.080658 0.000000
vt 0.080460 0.000000
vt 0.076496 0.000000
vt 0.080262 0.000000
vt 0.076694 0.000000
vt 0.080063 0.000000
vt 0.079865 0.000000
vt 0.076893 0.000000
vt 0.079667 0.000000
vt 0.077091 0.000000
vt 0.079469 0.000000
vt 0.077289 0.000000
vt 0.079271 0.000000
vt 0.079073 0.000000
vt 0.077487 0.000000
vt 0.078874 0.000000
vt 0.077685 0.000000
vt 0.078676 0.000000
vt 0.077883 0.000000
vt 0.078478 0.000000
vt 0.078280 0.000000
vt 0.078082 0.000000
vt 0.142885 0.000000
vt 0.142489 0.000000
vt 0.142687 0.000000
vt 0.143084 0.000000
vt 0.142291 0.000000
vt 0.143282 0.000000
vt 0.142093 0.000000
vt 0.143480 0.000000
vt 0.141895 0.000000
vt 0.143678 0.000000
vt 0.141696 0.000000
vt 0.143876 0.000000
vt 0.144075 0.000000
vt 0.141498 0.000000
vt 0.115735 0.000000
vt 0.115933 0.000000
vt 0.141300 0.000000
vt 0.116132 0.000000
vt 0.141102 0.000000
vt 0.140904 0.000000
vt 0.116330 0.000000
vt 0.140706 0.000000
vt 0.116528 0.000000
vt 0.140507 0.000000
vt 0.116726 0.000000
vt 0.140309 0.000000
vt 0.116924 0.000000
vt 0.117122 0.000000
vt 0.140111 0.000000
vt 0.117321 0.000000
vt 0.139913 0.000000
vt 0.117519 0.000000
vt 0.139715 0.000000
vt 0.117717 0.000000
vt 0.117915 0.000000
vt 0.139516 0.000000
vt 0.118113 0.000000
vt 0.139318 0.000000
vt 0.118312 0.000000
vt 0.118510 0.000000
vt 0.118708 0.000000
vt 0.139120 0.000000
vt 0.118906 0.000000
vt 0.119104 0.000000
vt 0.119302 0.000000
vt 0.138922 0.000000
vt 0.119501 0.000000
vt 0.119699 0.000000
vt 0.119897 0.000000
vt 0.138724 0.000000
vt 0.120095 0.000000
vt 0.120293 0.000000
vt 0.120491 0.000000
vt 0.138526 0.000000
vt 0.120690 0.000000
vt 0.120888 0.000000
vt 0.138327 0.000000
vt 0.121086 0.000000
vt 0.138129 0.000000
vt 0.121284 0.000000
vt 0.121482 0.000000
vt 0.137931 0.000000
vt 0.121681 0.000000
vt 0.121879 0.000000
vt 0.137733 0.000000
vt 0.122077 0.000000
vt 0.122275 0.000000
vt 0.137535 0.000000
vt 0.122473 0.000000
vt 0.162307 0.000000
vt 0.162109 0.000000
vt 0.162505 0.000000
vt 0.137337 0.000000
vt 0.162703 0.000000
vt 0.161910 0.000000
vt 0.162901 0.000000
vt 0.122671 0.000000
vt 0.161712 0.000000
vt 0.163099 0.000000
vt 0.161514 0.000000
vt 0.144273 0.000000
vt 0.161316 0.000000
vt 0.144471 0.000000
vt 0.144669 0.000000
vt 0.161118 0.000000
vt 0.122870 0.000000
vt 0.144867 0.000000
vt 0.145065 0.000000
vt 0.160920 0.000000
vt 0.137138 0.000000
vt 0.145264 0.000000
vt 0.145462 0.000000
vt 0.123068 0.000000
vt 0.160721 0.000000
vt 0.145660 0.000000
vt 0.145858 0.000000
vt 0.160523 0.000000
vt 0.146056 0.000000
vt 0.160325 0.000000
vt 0.146254 0.000000
vt 0.136940 0.000000
vt 0.160127 0.000000
vt 0.146453 0.000000
vt 0.146651 0.000000
vt 0.159929 0.000000
vt 0.123266 0.000000
vt 0.146849 0.000000
vt 0.159730 0.000000
vt 0.136742 0.000000
vt 0.147047 0.000000
vt 0.159532 0.000000
vt 0.123464 0.000000
vt 0.159334 0.000000
vt 0.136544 0.000000
vt 0.147245 0.000000
vt 0.159136 0.000000
vt 0.123662 0.000000
vt 0.147444 0.000000
vt 0.136346 0.000000
vt 0.158938 0.000000
vt 0.147642 0.000000
vt 0.123860 0.000000
vt 0.136147 0.000000
vt 0.158740 0.000000
vt 0.147840 0.000000
vt 0.124059 0.000000
vt 0.135949 0.000000
vt 0.158541 0.000000
vt 0.148038 0.000000
vt 0.135751 0.000000
vt 0.124257 0.000000
vt 0.158343 0.000000
vt 0.148236 0.000000
vt 0.135553 0.000000
vt 0.158145 0.000000
vt 0.124455 0.000000
vt 0.148434 0.000000
vt 0.135355 0.000000
vt 0.157947 0.000000
vt 0.124653 0.000000
vt 0.148633 0.000000
vt 0.157749 0.000000
vt 0.135157 0.000000
vt 0.124851 0.000000
vt 0.148831 0.000000
vt 0.157551 0.000000
vt 0.134958 0.000000
vt 0.157352 0.000000
vt 0.149029 0.000000
vt 0.125050 0.000000
vt 0.157154 0.000000
vt 0.149227 0.000000
vt 0.149425 0.000000
vt 0.134760 0.000000
vt 0.149623 0.000000
vt 0.156956 0.000000
vt 0.149822 0.000000
vt 0.150020 0.000000
vt 0.125248 0.000000
vt 0.156758 0.000000
vt 0.150218 0.000000
vt 0.134562 0.000000
vt 0.150416 0.000000
vt 0.156560 0.000000
vt 0.150614 0.000000
vt 0.150813 0.000000
vt 0.156361 0.000000
vt 0.134364 0.000000
vt 0.151011 0.000000
vt 0.156163 0.000000
vt 0.125446 0.000000
vt 0.151209 0.000000
vt 0.155965 0.000000
vt 0.151407 0.000000
vt 0.151605 0.000000
vt 0.155767 0.000000
vt 0.151803 0.000000
vt 0.134166 0.000000
vt 0.155569 0.000000
vt 0.152002 0.000000
vt 0.155371 0.000000
vt 0.152200 0.000000
vt 0.152398 0.000000
vt 0.155172 0.000000
vt 0.152596 0.000000
vt 0.154974 0.000000
vt 0.152794 0.000000
vt 0.154776 0.000000
vt 0.152992 0.000000
vt 0.154578 0.000000
vt 0.133968 0.000000
vt 0.125644 0.000000
vt 0.153191 0.000000
vt 0.154380 0.000000
vt 0.153389 0.000000
vt 0.154182 0.000000
vt 0.153587 0.000000
vt 0.153983 0.000000
vt 0.153785 0.000000
vt 0.133769 0.000000
vt 0.125842 0.000000
vt 0.133571 0.000000
vt 0.133373 0.000000
vt 0.126040 0.000000
vt 0.133175 0.000000
vt 0.126239 0.000000
vt 0.132977 0.000000
vt 0.132778 0.000000
vt 0.126437 0.000000
vt 0.132580 0.000000
vt 0.126635 0.000000
vt 0.132382 0.000000
vt 0.132184 0.000000
vt 0.126833 0.000000
vt 0.131986 0.000000
vt 0.131788 0.000000
vt 0.131589 0.000000
vt 0.127031 0.000000
vt 0.131391 0.000000
vt 0.131193 0.000000
vt 0.130995 0.000000
vt 0.127229 0.000000
vt 0.130797 0.000000
vt 0.130599 0.000000
vt 0.127428 0.000000
vt 0.130400 0.000000
vt 0.130202 0.000000
vt 0.130004 0.000000
vt 0.127626 0.000000
vt 0.129806 0.000000
vt 0.127824 0.000000
vt 0.129608 0.000000
vt 0.128022 0.000000
vt 0.129409 0.000000
vt 0.128220 0.000000
vt 0.129211 0.000000
vt 0.128419 0.000000
vt 0.129013 0.000000
vt 0.128617 0.000000
vt 0.128815 0.000000
vt 0.212049 0.000000
vt 0.211653 0.000000
vt 0.211851 0.000000
vt 0.211455 0.000000
vt 0.212247 0.000000
vt 0.211256 0.000000
vt 0.212445 0.000000
vt 0.211058 0.000000
vt 0.212644 0.000000
vt 0.210860 0.000000
vt 0.212842 0.000000
vt 0.213040 0.000000
vt 0.210662 0.000000
vt 0.213238 0.000000
vt 0.213436 0.000000
vt 0.210464 0.000000
vt 0.163298 0.000000
vt 0.163496 0.000000
vt 0.210266 0.000000
vt 0.163694 0.000000
vt 0.210067 0.000000
vt 0.209869 0.000000
vt 0.163892 0.000000
vt 0.209671 0.000000
vt 0.164090 0.000000
vt 0.209473 0.000000
vt 0.164289 0.000000
vt 0.209275 0.000000
vt 0.209076 0.000000
vt 0.164487 0.000000
vt 0.208878 0.000000
vt 0.164685 0.000000
vt 0.208680 0.000000
vt 0.164883 0.000000
vt 0.208482 0.000000
vt 0.165081 0.000000
vt 0.208284 0.000000
vt 0.165279 0.000000
vt 0.208086 0.000000
vt 0.165478 0.000000
vt 0.207887 0.000000
vt 0.165676 0.000000
vt 0.207689 0.000000
vt 0.165874 0.000000
vt 0.166072 0.000000
vt 0.200951 0.000000
vt 0.207491 0.000000
vt 0.166270 0.000000
vt 0.200753 0.000000
vt 0.201149 0.000000
vt 0.200555 0.000000
vt 0.201348 0.000000
vt 0.200357 0.000000
vt 0.200159 0.000000
vt 0.201546 0.000000
vt 0.199960 0.000000
vt 0.201744 0.000000
vt 0.199762 0.000000
vt 0.199564 0.000000
vt 0.201942 0.000000
vt 0.207293 0.000000
vt 0.199366 0.000000
vt 0.166468 0.000000
vt 0.202140 0.000000
vt 0.199168 0.000000
vt 0.198969 0.000000
vt 0.202338 0.000000
vt 0.198771 0.000000
vt 0.198573 0.000000
vt 0.202537 0.000000
vt 0.198375 0.000000
vt 0.166667 0.000000
vt 0.207095 0.000000
vt 0.198177 0.000000
vt 0.202735 0.000000
vt 0.197979 0.000000
vt 0.166865 0.000000
vt 0.202933 0.000000
vt 0.197780 0.000000
vt 0.206897 0.000000
vt 0.197582 0.000000
vt 0.203131 0.000000
vt 0.167063 0.000000
vt 0.206698 0.000000
vt 0.197384 0.000000
vt 0.203329 0.000000
vt 0.167261 0.000000
vt 0.197186 0.000000
vt 0.203528 0.000000
vt 0.206500 0.000000
vt 0.203726 0.000000
vt 0.167459 0.000000
vt 0.203924 0.000000
vt 0.196988 0.000000
vt 0.204122 0.000000
vt 0.206302 0.000000
vt 0.204320 0.000000
vt 0.204518 0.000000
vt 0.204717 0.000000
vt 0.204915 0.000000
vt 0.196790 0.000000
vt 0.167658 0.000000
vt 0.205113 0.000000
vt 0.205311 0.000000
vt 0.205509 0.000000
vt 0.205707 0.000000
vt 0.205906 0.000000
vt 0.206104 0.000000
vt 0.196591 0.000000
vt 0.167856 0.000000
vt 0.196393 0.000000
vt 0.168054 0.000000
vt 0.186088 0.000000
vt 0.185692 0.000000
vt 0.185890 0.000000
vt 0.185493 0.000000
vt 0.185295 0.000000
vt 0.196195 0.000000
vt 0.168252 0.000000
vt 0.186286 0.000000
vt 0.186484 0.000000
vt 0.186683 0.000000
vt 0.195997 0.000000
vt 0.168450 0.000000
vt 0.186881 0.000000
vt 0.168648 0.000000
vt 0.195799 0.000000
vt 0.168847 0.000000
vt 0.195600 0.000000
vt 0.187079 0.000000
vt 0.187277 0.000000
vt 0.169045 0.000000
vt 0.195402 0.000000
vt 0.187475 0.000000
vt 0.169243 0.000000
vt 0.185097 0.000000
vt 0.187673 0.000000
vt 0.195204 0.000000
vt 0.187872 0.000000
vt 0.169441 0.000000
vt 0.195006 0.000000
vt 0.188070 0.000000
vt 0.169639 0.000000
vt 0.188268 0.000000
vt 0.194808 0.000000
vt 0.188466 0.000000
vt 0.169837 0.000000
vt 0.194610 0.000000
vt 0.188664 0.000000
vt 0.170036 0.000000
vt 0.194411 0.000000
vt 0.188862 0.000000
vt 0.194213 0.000000
vt 0.170234 0.000000
vt 0.194015 0.000000
vt 0.189061 0.000000
vt 0.193817 0.000000
vt 0.189259 0.000000
vt 0.193619 0.000000
vt 0.170432 0.000000
vt 0.189457 0.000000
vt 0.193421 0.000000
vt 0.189655 0.000000
vt 0.193222 0.000000
vt 0.189853 0.000000
vt 0.193024 0.000000
vt 0.170630 0.000000
vt 0.190052 0.000000
vt 0.192826 0.000000
vt 0.190250 0.000000
vt 0.190448 0.000000
vt 0.192628 0.000000
vt 0.190646 0.000000
vt 0.192430 0.000000
vt 0.190844 0.000000
vt 0.192231 0.000000
vt 0.191042 0.000000
vt 0.192033 0.000000
vt 0.191241 0.000000
vt 0.191835 0.000000
vt 0.191439 0.000000
vt 0.191637 0.000000
vt 0.179548 0.000000
vt 0.179746 0.000000
vt 0.170828 0.000000
vt 0.171027 0.000000
vt 0.171225 0.000000
vt 0.171423 0.000000
vt 0.179350 0.000000
vt 0.179152 0.000000
vt 0.179945 0.000000
vt 0.178954 0.000000
vt 0.180143 0.000000
vt 0.178755 0.000000
vt 0.180341 0.000000
vt 0.178557 0.000000
vt 0.178359 0.000000
vt 0.180539 0.000000
vt 0.178161 0.000000
vt 0.177963 0.000000
vt 0.180737 0.000000
vt 0.177765 0.000000
vt 0.177566 0.000000
vt 0.177368 0.000000
vt 0.180935 0.000000
vt 0.177170 0.000000
vt 0.181134 0.000000
vt 0.176972 0.000000
vt 0.176774 0.000000
vt 0.181332 0.000000
vt 0.176576 0.000000
vt 0.176377 0.000000
vt 0.181530 0.000000
vt 0.171621 0.000000
vt 0.176179 0.000000
vt 0.181728 0.000000
vt 0.175981 0.000000
vt 0.175783 0.000000
vt 0.181926 0.000000
vt 0.175585 0.000000
vt 0.182124 0.000000
vt 0.175386 0.000000
vt 0.175188 0.000000
vt 0.182323 0.000000
vt 0.174990 0.000000
vt 0.171819 0.000000
vt 0.182521 0.000000
vt 0.182719 0.000000
vt 0.182917 0.000000
vt 0.183115 0.000000
vt 0.174792 0.000000
vt 0.183314 0.000000
vt 0.183512 0.000000
vt 0.172017 0.000000
vt 0.183710 0.000000
vt 0.174594 0.000000
vt 0.183908 0.000000
vt 0.184106 0.000000
vt 0.174396 0.000000
vt 0.184304 0.000000
vt 0.172216 0.000000
vt 0.184503 0.000000
vt 0.184701 0.000000
vt 0.184899 0.000000
vt 0.174197 0.000000
vt 0.172414 0.000000
vt 0.173999 0.000000
vt 0.173801 0.000000
vt 0.172612 0.000000
vt 0.173603 0.000000
vt 0.173405 0.000000
vt 0.172810 0.000000
vt 0.173206 0.000000
vt 0.173008 0.000000
vt 0.245739 0.000000
vt 0.245343 0.000000
vt 0.245541 0.000000
vt 0.245145 0.000000
vt 0.245937 0.000000
vt 0.244946 0.000000
vt 0.246136 0.000000
vt 0.244748 0.000000
vt 0.246334 0.000000
vt 0.244550 0.000000
vt 0.246532 0.000000
vt 0.244352 0.000000
vt 0.246730 0.000000
vt 0.213635 0.000000
vt 0.213833 0.000000
vt 0.244154 0.000000
vt 0.243956 0.000000
vt 0.214031 0.000000
vt 0.243757 0.000000
vt 0.214229 0.000000
vt 0.243559 0.000000
vt 0.214427 0.000000
vt 0.243361 0.000000
vt 0.214625 0.000000
vt 0.243163 0.000000
vt 0.214824 0.000000
vt 0.215022 0.000000
vt 0.242965 0.000000
vt 0.215220 0.000000
vt 0.215418 0.000000
vt 0.242767 0.000000
vt 0.215616 0.000000
vt 0.215815 0.000000
vt 0.242568 0.000000
vt 0.216013 0.000000
vt 0.216211 0.000000
vt 0.242370 0.000000
vt 0.242172 0.000000
vt 0.216409 0.000000
vt 0.241974 0.000000
vt 0.216607 0.000000
vt 0.241776 0.000000
vt 0.216805 0.000000
vt 0.241577 0.000000
vt 0.217004 0.000000
vt 0.241379 0.000000
vt 0.217202 0.000000
vt 0.241181 0.000000
vt 0.217400 0.000000
vt 0.240983 0.000000
vt 0.217598 0.000000
vt 0.240785 0.000000
vt 0.217796 0.000000
vt 0.240587 0.000000
vt 0.217994 0.000000
vt 0.240388 0.000000
vt 0.240190 0.000000
vt 0.218193 0.000000
vt 0.264962 0.000000
vt 0.264764 0.000000
vt 0.265161 0.000000
vt 0.265359 0.000000
vt 0.264566 0.000000
vt 0.265557 0.000000
vt 0.264368 0.000000
vt 0.239992 0.000000
vt 0.265755 0.000000
vt 0.218391 0.000000
vt 0.264170 0.000000
vt 0.246928 0.000000
vt 0.263971 0.000000
vt 0.247126 0.000000
vt 0.247325 0.000000
vt 0.263773 0.000000
vt 0.247523 0.000000
vt 0.247721 0.000000
vt 0.263575 0.000000
vt 0.247919 0.000000
vt 0.239794 0.000000
vt 0.248117 0.000000
vt 0.218589 0.000000
vt 0.263377 0.000000
vt 0.248315 0.000000
vt 0.263179 0.000000
vt 0.248514 0.000000
vt 0.262981 0.000000
vt 0.248712 0.000000
vt 0.218787 0.000000
vt 0.262782 0.000000
vt 0.239596 0.000000
vt 0.248910 0.000000
vt 0.262584 0.000000
vt 0.249108 0.000000
vt 0.218985 0.000000
vt 0.239398 0.000000
vt 0.249306 0.000000
vt 0.262386 0.000000
vt 0.219184 0.000000
vt 0.249505 0.000000
vt 0.239199 0.000000
vt 0.262188 0.000000
vt 0.219382 0.000000
vt 0.249703 0.000000
vt 0.261990 0.000000
vt 0.239001 0.000000
vt 0.219580 0.000000
vt 0.249901 0.000000
vt 0.261792 0.000000
vt 0.219778 0.000000
vt 0.238803 0.000000
vt 0.219976 0.000000
vt 0.250099 0.000000
vt 0.261593 0.000000
vt 0.238605 0.000000
vt 0.220174 0.000000
vt 0.250297 0.000000
vt 0.261395 0.000000
vt 0.238407 0.000000
vt 0.220373 0.000000
vt 0.220571 0.000000
vt 0.238208 0.000000
vt 0.250495 0.000000
vt 0.261197 0.000000
vt 0.220769 0.000000
vt 0.238010 0.000000
vt 0.250694 0.000000
vt 0.220967 0.000000
vt 0.260999 0.000000
vt 0.237812 0.000000
vt 0.221165 0.000000
vt 0.250892 0.000000
vt 0.260801 0.000000
vt 0.237614 0.000000
vt 0.221363 0.000000
vt 0.237416 0.000000
vt 0.251090 0.000000
vt 0.260602 0.000000
vt 0.221562 0.000000
vt 0.237218 0.000000
vt 0.221760 0.000000
vt 0.260404 0.000000
vt 0.251288 0.000000
vt 0.237019 0.000000
vt 0.236821 0.000000
vt 0.221958 0.000000
vt 0.260206 0.000000
vt 0.236623 0.000000
vt 0.251486 0.000000
vt 0.222156 0.000000
vt 0.236425 0.000000
vt 0.260008 0.000000
vt 0.236227 0.000000
vt 0.222354 0.000000
vt 0.251685 0.000000
vt 0.236029 0.000000
vt 0.259810 0.000000
vt 0.222553 0.000000
vt 0.235830 0.000000
vt 0.251883 0.000000
vt 0.259612 0.000000
vt 0.252081 0.000000
vt 0.235632 0.000000
vt 0.252279 0.000000
vt 0.222751 0.000000
vt 0.235434 0.000000
vt 0.252477 0.000000
vt 0.259413 0.000000
vt 0.252675 0.000000
vt 0.235236 0.000000
vt 0.222949 0.000000
vt 0.252874 0.000000
vt 0.235038 0.000000
vt 0.259215 0.000000
vt 0.234839 0.000000
vt 0.253072 0.000000
vt 0.253270 0.000000
vt 0.259017 0.000000
vt 0.223147 0.000000
vt 0.253468 0.000000
vt 0.234641 0.000000
vt 0.258819 0.000000
vt 0.253666 0.000000
vt 0.258621 0.000000
vt 0.223345 0.000000
vt 0.253864 0.000000
vt 0.258423 0.000000
vt 0.254063 0.000000
vt 0.254261 0.000000
vt 0.258224 0.000000
vt 0.234443 0.000000
vt 0.254459 0.000000
vt 0.258026 0.000000
vt 0.254657 0.000000
vt 0.223543 0.000000
vt 0.254855 0.000000
vt 0.257828 0.000000
vt 0.255054 0.000000
vt 0.257630 0.000000
vt 0.255252 0.000000
vt 0.257432 0.000000
vt 0.255450 0.000000
vt 0.257233 0.000000
vt 0.255648 0.000000
vt 0.234245 0.000000
vt 0.257035 0.000000
vt 0.223742 0.000000
vt 0.255846 0.000000
vt 0.256837 0.000000
vt 0.256044 0.000000
vt 0.256639 0.000000
vt 0.256243 0.000000
vt 0.256441 0.000000
vt 0.223940 0.000000
vt 0.234047 0.000000
vt 0.224138 0.000000
vt 0.233849 0.000000
vt 0.224336 0.000000
vt 0.233650 0.000000
vt 0.224534 0.000000
vt 0.233452 0.000000
vt 0.224732 0.000000
vt 0.224931 0.000000
vt 0.233254 0.000000
vt 0.225129 0.000000
vt 0.233056 0.000000
vt 0.225327 0.000000
vt 0.232858 0.000000
vt 0.225525 0.000000
vt 0.232660 0.000000
vt 0.225723 0.000000
vt 0.232461 0.000000
vt 0.225922 0.000000
vt 0.232263 0.000000
vt 0.226120 0.000000
vt 0.232065 0.000000
vt 0.226318 0.000000
vt 0.231867 0.000000
vt 0.226516 0.000000
vt 0.231669 0.000000
vt 0.226714 0.000000
vt 0.231470 0.000000
vt 0.226912 0.000000
vt 0.231272 0.000000
vt 0.227111 0.000000
vt 0.231074 0.000000
vt 0.227309 0.000000
vt 0.230876 0.000000
vt 0.227507 0.000000
vt 0.230678 0.000000
vt 0.227705 0.000000
vt 0.230480 0.000000
vt 0.227903 0.000000
vt 0.230281 0.000000
vt 0.228101 0.000000
vt 0.230083 0.000000
vt 0.228300 0.000000
vt 0.229885 0.000000
vt 0.228498 0.000000
vt 0.229687 0.000000
vt 0.228696 0.000000
vt 0.229489 0.000000
vt 0.228894 0.000000
vt 0.229291 0.000000
vt 0.229092 0.000000
vt 0.330361 0.000000
vt 0.329964 0.000000
vt 0.330162 0.000000
vt 0.329766 0.000000
vt 0.330559 0.000000
vt 0.329568 0.000000
vt 0.330757 0.000000
vt 0.329370 0.000000
vt 0.330955 0.000000
vt 0.329172 0.000000
vt 0.331153 0.000000
vt 0.328973 0.000000
vt 0.265953 0.000000
vt 0.328775 0.000000
vt 0.266151 0.000000
vt 0.328577 0.000000
vt 0.266350 0.000000
vt 0.266548 0.000000
vt 0.328379 0.000000
vt 0.266746 0.000000
vt 0.266944 0.000000
vt 0.328181 0.000000
vt 0.267142 0.000000
vt 0.267340 0.000000
vt 0.327983 0.000000
vt 0.267539 0.000000
vt 0.267737 0.000000
vt 0.327784 0.000000
vt 0.267935 0.000000
vt 0.268133 0.000000
vt 0.327586 0.000000
vt 0.268331 0.000000
vt 0.327388 0.000000
vt 0.268530 0.000000
vt 0.268728 0.000000
vt 0.327190 0.000000
vt 0.268926 0.000000
vt 0.326992 0.000000
vt 0.269124 0.000000
vt 0.326793 0.000000
vt 0.269322 0.000000
vt 0.326595 0.000000
vt 0.269520 0.000000
vt 0.326397 0.000000
vt 0.269719 0.000000
vt 0.269917 0.000000
vt 0.326199 0.000000
vt 0.270115 0.000000
vt 0.326001 0.000000
vt 0.270313 0.000000
vt 0.325803 0.000000
vt 0.270511 0.000000
vt 0.270709 0.000000
vt 0.325604 0.000000
vt 0.270908 0.000000
vt 0.325406 0.000000
vt 0.271106 0.000000
vt 0.325208 0.000000
vt 0.271304 0.000000
vt 0.271502 0.000000
vt 0.325010 0.000000
vt 0.271700 0.000000
vt 0.317677 0.000000
vt 0.317479 0.000000
vt 0.317876 0.000000
vt 0.317281 0.000000
vt 0.318074 0.000000
vt 0.317083 0.000000
vt 0.324812 0.000000
vt 0.318272 0.000000
vt 0.271899 0.000000
vt 0.316885 0.000000
vt 0.318470 0.000000
vt 0.316686 0.000000
vt 0.318668 0.000000
vt 0.272097 0.000000
vt 0.316488 0.000000
vt 0.318866 0.000000
vt 0.324614 0.000000
vt 0.316290 0.000000
vt 0.272295 0.000000
vt 0.319065 0.000000
vt 0.316092 0.000000
vt 0.319263 0.000000
vt 0.315894 0.000000
vt 0.319461 0.000000
vt 0.315696 0.000000
vt 0.319659 0.000000
vt 0.315497 0.000000
vt 0.272493 0.000000
vt 0.315299 0.000000
vt 0.324415 0.000000
vt 0.319857 0.000000
vt 0.315101 0.000000
vt 0.320055 0.000000
vt 0.314903 0.000000
vt 0.320254 0.000000
vt 0.314705 0.000000
vt 0.272691 0.000000
vt 0.314507 0.000000
vt 0.320452 0.000000
vt 0.324217 0.000000
vt 0.314308 0.000000
vt 0.320650 0.000000
vt 0.272889 0.000000
vt 0.314110 0.000000
vt 0.320848 0.000000
vt 0.313912 0.000000
vt 0.321046 0.000000
vt 0.273088 0.000000
vt 0.321245 0.000000
vt 0.324019 0.000000
vt 0.313714 0.000000
vt 0.321443 0.000000
vt 0.321641 0.000000
vt 0.321839 0.000000
vt 0.313516 0.000000
vt 0.322037 0.000000
vt 0.273286 0.000000
vt 0.322235 0.000000
vt 0.313317 0.000000
vt 0.322434 0.000000
vt 0.313119 0.000000
vt 0.322632 0.000000
vt 0.273484 0.000000
vt 0.312921 0.000000
vt 0.322830 0.000000
vt 0.312723 0.000000
vt 0.323028 0.000000
vt 0.312525 0.000000
vt 0.323226 0.000000
vt 0.273682 0.000000
vt 0.323424 0.000000
vt 0.312327 0.000000
vt 0.323623 0.000000
vt 0.323821 0.000000
vt 0.312128 0.000000
vt 0.311930 0.000000
vt 0.273880 0.000000
vt 0.311732 0.000000
vt 0.311534 0.000000
vt 0.311336 0.000000
vt 0.274078 0.000000
vt 0.311138 0.000000
vt 0.310939 0.000000
vt 0.310741 0.000000
vt 0.310543 0.000000
vt 0.274277 0.000000
vt 0.310345 0.000000
vt 0.310147 0.000000
vt 0.309948 0.000000
vt 0.309750 0.000000
vt 0.274475 0.000000
vt 0.309552 0.000000
vt 0.309354 0.000000
vt 0.309156 0.000000
vt 0.308958 0.000000
vt 0.274673 0.000000
vt 0.308759 0.000000
vt 0.308561 0.000000
vt 0.308363 0.000000
vt 0.274871 0.000000
vt 0.308165 0.000000
vt 0.307967 0.000000
vt 0.307769 0.000000
vt 0.275069 0.000000
vt 0.307570 0.000000
vt 0.307372 0.000000
vt 0.307174 0.000000
vt 0.306976 0.000000
vt 0.275268 0.000000
vt 0.306778 0.000000
vt 0.275466 0.000000
vt 0.306579 0.000000
vt 0.275664 0.000000
vt 0.306381 0.000000
vt 0.275862 0.000000
vt 0.306183 0.000000
vt 0.276060 0.000000
vt 0.276258 0.000000
vt 0.305985 0.000000
vt 0.276457 0.000000
vt 0.305787 0.000000
vt 0.276655 0.000000
vt 0.276853 0.000000
vt 0.305589 0.000000
vt 0.277051 0.000000
vt 0.305390 0.000000
vt 0.277249 0.000000
vt 0.305192 0.000000
vt 0.277447 0.000000
vt 0.304994 0.000000
vt 0.277646 0.000000
vt 0.304796 0.000000
vt 0.304598 0.000000
vt 0.277844 0.000000
vt 0.304400 0.000000
vt 0.278042 0.000000
vt 0.304201 0.000000
vt 0.304003 0.000000
vt 0.278240 0.000000
vt 0.303805 0.000000
vt 0.278438 0.000000
vt 0.303607 0.000000
vt 0.278637 0.000000
vt 0.303409 0.000000
vt 0.278835 0.000000
vt 0.290329 0.000000
vt 0.289933 0.000000
vt 0.290131 0.000000
vt 0.289734 0.000000
vt 0.289536 0.000000
vt 0.279033 0.000000
vt 0.289338 0.000000
vt 0.303210 0.000000
vt 0.289140 0.000000
vt 0.279231 0.000000
vt 0.288942 0.000000
vt 0.288744 0.000000
vt 0.279429 0.000000
vt 0.303012 0.000000
vt 0.288545 0.000000
vt 0.279627 0.000000
vt 0.288347 0.000000
vt 0.302814 0.000000
vt 0.279826 0.000000
vt 0.288149 0.000000
vt 0.290527 0.000000
vt 0.287951 0.000000
vt 0.280024 0.000000
vt 0.302616 0.000000
vt 0.287753 0.000000
vt 0.287555 0.000000
vt 0.280222 0.000000
vt 0.290725 0.000000
vt 0.287356 0.000000
vt 0.287158 0.000000
vt 0.302418 0.000000
vt 0.280420 0.000000
vt 0.290924 0.000000
vt 0.286960 0.000000
vt 0.302220 0.000000
vt 0.280618 0.000000
vt 0.286762 0.000000
vt 0.291122 0.000000
vt 0.280816 0.000000
vt 0.302021 0.000000
vt 0.286564 0.000000
vt 0.281015 0.000000
vt 0.291320 0.000000
vt 0.286365 0.000000
vt 0.281213 0.000000
vt 0.301823 0.000000
vt 0.291518 0.000000
vt 0.286167 0.000000
vt 0.281411 0.000000
vt 0.285969 0.000000
vt 0.281609 0.000000
vt 0.301625 0.000000
vt 0.291716 0.000000
vt 0.285771 0.000000
vt 0.281807 0.000000
vt 0.285573 0.000000
vt 0.282006 0.000000
vt 0.285375 0.000000
vt 0.291914 0.000000
vt 0.301427 0.000000
vt 0.282204 0.000000
vt 0.285176 0.000000
vt 0.284978 0.000000
vt 0.282402 0.000000
vt 0.284780 0.000000
vt 0.282600 0.000000
vt 0.284582 0.000000
vt 0.284384 0.000000
vt 0.292113 0.000000
vt 0.282798 0.000000
vt 0.284185 0.000000
vt 0.301229 0.000000
vt 0.282996 0.000000
vt 0.283987 0.000000
vt 0.283195 0.000000
vt 0.283789 0.000000
vt 0.283393 0.000000
vt 0.283591 0.000000
vt 0.292311 0.000000
vt 0.301031 0.000000
vt 0.292509 0.000000
vt 0.300832 0.000000
vt 0.292707 0.000000
vt 0.300634 0.000000
vt 0.292905 0.000000
vt 0.300436 0.000000
vt 0.293103 0.000000
vt 0.300238 0.000000
vt 0.293302 0.000000
vt 0.300040 0.000000
vt 0.293500 0.000000
vt 0.299841 0.000000
vt 0.293698 0.000000
vt 0.299643 0.000000
vt 0.299445 0.000000
vt 0.293896 0.000000
vt 0.299247 0.000000
vt 0.294094 0.000000
vt 0.299049 0.000000
vt 0.298851 0.000000
vt 0.294293 0.000000
vt 0.298652 0.000000
vt 0.294491 0.000000
vt 0.298454 0.000000
vt 0.298256 0.000000
vt 0.294689 0.000000
vt 0.298058 0.000000
vt 0.294887 0.000000
vt 0.297860 0.000000
vt 0.295085 0.000000
vt 0.297662 0.000000
vt 0.297463 0.000000
vt 0.295283 0.000000
vt 0.297265 0.000000
vt 0.295482 0.000000
vt 0.297067 0.000000
vt 0.295680 0.000000
vt 0.296869 0.000000
vt 0.295878 0.000000
vt 0.296671 0.000000
vt 0.296076 0.000000
vt 0.296472 0.000000
vt 0.296274 0.000000
vt 0.331352 0.000000
vt 0.357511 0.000000
vt 0.357709 0.000000
vt 0.357313 0.000000
vt 0.357115 0.000000
vt 0.345422 0.000000
vt 0.345026 0.000000
vt 0.345224 0.000000
vt 0.344828 0.000000
vt 0.344629 0.000000
vt 0.356916 0.000000
vt 0.356718 0.000000
vt 0.356520 0.000000
vt 0.356322 0.000000
vt 0.356124 0.000000
vt 0.355926 0.000000
vt 0.355727 0.000000
vt 0.355529 0.000000
vt 0.355331 0.000000
vt 0.355133 0.000000
vt 0.354935 0.000000
vt 0.354736 0.000000
vt 0.354538 0.000000
vt 0.354340 0.000000
vt 0.354142 0.000000
vt 0.353944 0.000000
vt 0.353746 0.000000
vt 0.353547 0.000000
vt 0.353349 0.000000
vt 0.353151 0.000000
vt 0.352953 0.000000
vt 0.352755 0.000000
vt 0.352556 0.000000
vt 0.352358 0.000000
vt 0.352160 0.000000
vt 0.345620 0.000000
vt 0.345818 0.000000
vt 0.351962 0.000000
vt 0.346017 0.000000
vt 0.351764 0.000000
vt 0.346215 0.000000
vt 0.351566 0.000000
vt 0.346413 0.000000
vt 0.351367 0.000000
vt 0.346611 0.000000
vt 0.351169 0.000000
vt 0.346809 0.000000
vt 0.350971 0.000000
vt 0.347008 0.000000
vt 0.350773 0.000000
vt 0.347206 0.000000
vt 0.350575 0.000000
vt 0.350377 0.000000
vt 0.347404 0.000000
vt 0.350178 0.000000
vt 0.349980 0.000000
vt 0.349782 0.000000
vt 0.347602 0.000000
vt 0.349584 0.000000
vt 0.349386 0.000000
vt 0.349187 0.000000
vt 0.348989 0.000000
vt 0.348791 0.000000
vt 0.348593 0.000000
vt 0.347800 0.000000
vt 0.348395 0.000000
vt 0.348197 0.000000
vt 0.347998 0.000000
vt 0.331550 0.000000
vt 0.333531 0.000000
vt 0.333730 0.000000
vt 0.344431 0.000000
vt 0.333928 0.000000
vt 0.333333 0.000000
vt 0.334126 0.000000
vt 0.333135 0.000000
vt 0.334324 0.000000
vt 0.334522 0.000000
vt 0.332937 0.000000
vt 0.334721 0.000000
vt 0.334919 0.000000
vt 0.335117 0.000000
vt 0.332739 0.000000
vt 0.335315 0.000000
vt 0.335513 0.000000
vt 0.335711 0.000000
vt 0.335910 0.000000
vt 0.332541 0.000000
vt 0.336108 0.000000
vt 0.336306 0.000000
vt 0.336504 0.000000
vt 0.336702 0.000000
vt 0.336901 0.000000
vt 0.332342 0.000000
vt 0.337099 0.000000
vt 0.337297 0.000000
vt 0.337495 0.000000
vt 0.337693 0.000000
vt 0.337891 0.000000
vt 0.332144 0.000000
vt 0.338090 0.000000
vt 0.338288 0.000000
vt 0.338486 0.000000
vt 0.338684 0.000000
vt 0.338882 0.000000
vt 0.339080 0.000000
vt 0.339279 0.000000
vt 0.339477 0.000000
vt 0.331946 0.000000
vt 0.339675 0.000000
vt 0.339873 0.000000
vt 0.340071 0.000000
vt 0.340270 0.000000
vt 0.340468 0.000000
vt 0.340666 0.000000
vt 0.340864 0.000000
vt 0.341062 0.000000
vt 0.341260 0.000000
vt 0.341459 0.000000
vt 0.341657 0.000000
vt 0.341855 0.000000
vt 0.342053 0.000000
vt 0.342251 0.000000
vt 0.342449 0.000000
vt 0.342648 0.000000
vt 0.342846 0.000000
vt 0.343044 0.000000
vt 0.343242 0.000000
vt 0.343440 0.000000
vt 0.343639 0.000000
vt 0.343837 0.000000
vt 0.344035 0.000000
vt 0.344233 0.000000
vt 0.331748 0.000000
vt 0.357907 0.000000
vt 0.377329 0.000000
vt 0.377527 0.000000
vt 0.367222 0.000000
vt 0.366825 0.000000
vt 0.367023 0.000000
vt 0.366627 0.000000
vt 0.366429 0.000000
vt 0.377130 0.000000
vt 0.376932 0.000000
vt 0.376734 0.000000
vt 0.376536 0.000000
vt 0.376338 0.000000
vt 0.376140 0.000000
vt 0.375941 0.000000
vt 0.375743 0.000000
vt 0.375545 0.000000
vt 0.375347 0.000000
vt 0.375149 0.000000
vt 0.374950 0.000000
vt 0.374752 0.000000
vt 0.374554 0.000000
vt 0.374356 0.000000
vt 0.374158 0.000000
vt 0.373960 0.000000
vt 0.373761 0.000000
vt 0.373563 0.000000
vt 0.373365 0.000000
vt 0.373167 0.000000
vt 0.372969 0.000000
vt 0.372771 0.000000
vt 0.372572 0.000000
vt 0.372374 0.000000
vt 0.372176 0.000000
vt 0.371978 0.000000
vt 0.371780 0.000000
vt 0.371581 0.000000
vt 0.371383 0.000000
vt 0.371185 0.000000
vt 0.370987 0.000000
vt 0.370789 0.000000
vt 0.370591 0.000000
vt 0.370392 0.000000
vt 0.370194 0.000000
vt 0.369996 0.000000
vt 0.367420 0.000000
vt 0.369798 0.000000
vt 0.369600 0.000000
vt 0.369402 0.000000
vt 0.369203 0.000000
vt 0.369005 0.000000
vt 0.368807 0.000000
vt 0.368609 0.000000
vt 0.368411 0.000000
vt 0.368212 0.000000
vt 0.368014 0.000000
vt 0.367816 0.000000
vt 0.367618 0.000000
vt 0.358105 0.000000
vt 0.360484 0.000000
vt 0.360682 0.000000
vt 0.366231 0.000000
vt 0.360285 0.000000
vt 0.360880 0.000000
vt 0.360087 0.000000
vt 0.361078 0.000000
vt 0.361276 0.000000
vt 0.359889 0.000000
vt 0.361474 0.000000
vt 0.359691 0.000000
vt 0.359493 0.000000
vt 0.361673 0.000000
vt 0.359295 0.000000
vt 0.361871 0.000000
vt 0.359096 0.000000
vt 0.362069 0.000000
vt 0.358898 0.000000
vt 0.358700 0.000000
vt 0.362267 0.000000
vt 0.362465 0.000000
vt 0.358502 0.000000
vt 0.362664 0.000000
vt 0.362862 0.000000
vt 0.363060 0.000000
vt 0.363258 0.000000
vt 0.363456 0.000000
vt 0.363654 0.000000
vt 0.363853 0.000000
vt 0.364051 0.000000
vt 0.364249 0.000000
vt 0.364447 0.000000
vt 0.364645 0.000000
vt 0.364843 0.000000
vt 0.365042 0.000000
vt 0.365240 0.000000
vt 0.365438 0.000000
vt 0.365636 0.000000
vt 0.365834 0.000000
vt 0.358304 0.000000
vt 0.366033 0.000000
vt 0.377725 0.000000
vt 0.382085 0.000000
vt 0.382283 0.000000
vt 0.381887 0.000000
vt 0.381688 0.000000
vt 0.380896 0.000000
vt 0.380499 0.000000
vt 0.380698 0.000000
vt 0.380301 0.000000
vt 0.380103 0.000000
vt 0.381490 0.000000
vt 0.381094 0.000000
vt 0.381292 0.000000
vt 0.377923 0.000000
vt 0.378716 0.000000
vt 0.378914 0.000000
vt 0.379112 0.000000
vt 0.379905 0.000000
vt 0.378518 0.000000
vt 0.379310 0.000000
vt 0.379509 0.000000
vt 0.378319 0.000000
vt 0.378121 0.000000
vt 0.379707 0.000000
vt 0.409830 0.000000
vt 0.409433 0.000000
vt 0.409631 0.000000
vt 0.409235 0.000000
vt 0.409037 0.000000
vt 0.399723 0.000000
vt 0.399326 0.000000
vt 0.399524 0.000000
vt 0.399128 0.000000
vt 0.398930 0.000000
vt 0.410028 0.000000
vt 0.398732 0.000000
vt 0.408839 0.000000
vt 0.410226 0.000000
vt 0.398533 0.000000
vt 0.408641 0.000000
vt 0.410424 0.000000
vt 0.398335 0.000000
vt 0.408442 0.000000
vt 0.410622 0.000000
vt 0.398137 0.000000
vt 0.408244 0.000000
vt 0.410820 0.000000
vt 0.397939 0.000000
vt 0.408046 0.000000
vt 0.411019 0.000000
vt 0.397741 0.000000
vt 0.411217 0.000000
vt 0.407848 0.000000
vt 0.411415 0.000000
vt 0.397543 0.000000
vt 0.407650 0.000000
vt 0.411613 0.000000
vt 0.397344 0.000000
vt 0.411811 0.000000
vt 0.407451 0.000000
vt 0.382481 0.000000
vt 0.382679 0.000000
vt 0.397146 0.000000
vt 0.407253 0.000000
vt 0.396948 0.000000
vt 0.407055 0.000000
vt 0.396750 0.000000
vt 0.396552 0.000000
vt 0.406857 0.000000
vt 0.382878 0.000000
vt 0.406659 0.000000
vt 0.399921 0.000000
vt 0.396354 0.000000
vt 0.383076 0.000000
vt 0.406461 0.000000
vt 0.400119 0.000000
vt 0.396155 0.000000
vt 0.383274 0.000000
vt 0.395957 0.000000
vt 0.406262 0.000000
vt 0.400317 0.000000
vt 0.383472 0.000000
vt 0.395759 0.000000
vt 0.406064 0.000000
vt 0.395561 0.000000
vt 0.383670 0.000000
vt 0.400515 0.000000
vt 0.405866 0.000000
vt 0.395363 0.000000
vt 0.383868 0.000000
vt 0.400713 0.000000
vt 0.405668 0.000000
vt 0.395164 0.000000
vt 0.384067 0.000000
vt 0.394966 0.000000
vt 0.405470 0.000000
vt 0.400912 0.000000
vt 0.384265 0.000000
vt 0.394768 0.000000
vt 0.405272 0.000000
vt 0.401110 0.000000
vt 0.384463 0.000000
vt 0.394570 0.000000
vt 0.405073 0.000000
vt 0.394372 0.000000
vt 0.401308 0.000000
vt 0.404875 0.000000
vt 0.394174 0.000000
vt 0.384661 0.000000
vt 0.404677 0.000000
vt 0.401506 0.000000
vt 0.404479 0.000000
vt 0.384859 0.000000
vt 0.404281 0.000000
vt 0.393975 0.000000
vt 0.404082 0.000000
vt 0.401704 0.000000
vt 0.385057 0.000000
vt 0.403884 0.000000
vt 0.401902 0.000000
vt 0.403686 0.000000
vt 0.402101 0.000000
vt 0.402299 0.000000
vt 0.403488 0.000000
vt 0.403290 0.000000
vt 0.402497 0.000000
vt 0.393777 0.000000
vt 0.403092 0.000000
vt 0.402695 0.000000
vt 0.402893 0.000000
vt 0.385256 0.000000
vt 0.393579 0.000000
vt 0.385454 0.000000
vt 0.385652 0.000000
vt 0.393381 0.000000
vt 0.385850 0.000000
vt 0.393183 0.000000
vt 0.386048 0.000000
vt 0.392985 0.000000
vt 0.386247 0.000000
vt 0.392786 0.000000
vt 0.386445 0.000000
vt 0.386643 0.000000
vt 0.392588 0.000000
vt 0.386841 0.000000
vt 0.392390 0.000000
vt 0.387039 0.000000
vt 0.392192 0.000000
vt 0.387237 0.000000
vt 0.391994 0.000000
vt 0.387436 0.000000
vt 0.387634 0.000000
vt 0.391795 0.000000
vt 0.387832 0.000000
vt 0.391597 0.000000
vt 0.391399 0.000000
vt 0.388030 0.000000
vt 0.391201 0.000000
vt 0.388228 0.000000
vt 0.391003 0.000000
vt 0.388426 0.000000
vt 0.390805 0.000000
vt 0.388625 0.000000
vt 0.390606 0.000000
vt 0.388823 0.000000
vt 0.390408 0.000000
vt 0.389021 0.000000
vt 0.390210 0.000000
vt 0.389219 0.000000
vt 0.390012 0.000000
vt 0.389417 0.000000
vt 0.389814 0.000000
vt 0.389616 0.000000
vt 0.474633 0.000000
vt 0.474237 0.000000
vt 0.474435 0.000000
vt 0.474039 0.000000
vt 0.474832 0.000000
vt 0.473841 0.000000
vt 0.473642 0.000000
vt 0.475030 0.000000
vt 0.473444 0.000000
vt 0.473246 0.000000
vt 0.475228 0.000000
vt 0.473048 0.000000
vt 0.472850 0.000000
vt 0.475426 0.000000
vt 0.472652 0.000000
vt 0.472453 0.000000
vt 0.475624 0.000000
vt 0.472255 0.000000
vt 0.472057 0.000000
vt 0.475822 0.000000
vt 0.471859 0.000000
vt 0.476021 0.000000
vt 0.471661 0.000000
vt 0.476219 0.000000
vt 0.476417 0.000000
vt 0.476615 0.000000
vt 0.471463 0.000000
vt 0.412010 0.000000
vt 0.412208 0.000000
vt 0.412406 0.000000
vt 0.471264 0.000000
vt 0.412604 0.000000
vt 0.471066 0.000000
vt 0.412802 0.000000
vt 0.470868 0.000000
vt 0.413000 0.000000
vt 0.470670 0.000000
vt 0.413199 0.000000
vt 0.413397 0.000000
vt 0.470472 0.000000
vt 0.413595 0.000000
vt 0.470273 0.000000
vt 0.413793 0.000000
vt 0.470075 0.000000
vt 0.413991 0.000000
vt 0.469877 0.000000
vt 0.414189 0.000000
vt 0.469679 0.000000
vt 0.414388 0.000000
vt 0.469481 0.000000
vt 0.414586 0.000000
vt 0.469283 0.000000
vt 0.469084 0.000000
vt 0.468886 0.000000
vt 0.414784 0.000000
vt 0.468688 0.000000
vt 0.468490 0.000000
vt 0.468292 0.000000
vt 0.414982 0.000000
vt 0.468094 0.000000
vt 0.467895 0.000000
vt 0.467697 0.000000
vt 0.415180 0.000000
vt 0.467499 0.000000
vt 0.467301 0.000000
vt 0.467103 0.000000
vt 0.415379 0.000000
vt 0.466904 0.000000
vt 0.466706 0.000000
vt 0.415577 0.000000
vt 0.466508 0.000000
vt 0.466310 0.000000
vt 0.466112 0.000000
vt 0.415775 0.000000
vt 0.465914 0.000000
vt 0.465715 0.000000
vt 0.415973 0.000000
vt 0.465517 0.000000
vt 0.465319 0.000000
vt 0.416171 0.000000
vt 0.465121 0.000000
vt 0.491875 0.000000
vt 0.464923 0.000000
vt 0.491677 0.000000
vt 0.492073 0.000000
vt 0.492271 0.000000
vt 0.416369 0.000000
vt 0.491478 0.000000
vt 0.464725 0.000000
vt 0.492469 0.000000
vt 0.491280 0.000000
vt 0.492667 0.000000
vt 0.464526 0.000000
vt 0.491082 0.000000
vt 0.492866 0.000000
vt 0.490884 0.000000
vt 0.464328 0.000000
vt 0.416568 0.000000
vt 0.490686 0.000000
vt 0.493064 0.000000
vt 0.490488 0.000000
vt 0.490289 0.000000
vt 0.464130 0.000000
vt 0.493262 0.000000
vt 0.490091 0.000000
vt 0.416766 0.000000
vt 0.489893 0.000000
vt 0.476813 0.000000
vt 0.463932 0.000000
vt 0.489695 0.000000
vt 0.477012 0.000000
vt 0.489497 0.000000
vt 0.463734 0.000000
vt 0.416964 0.000000
vt 0.489298 0.000000
vt 0.489100 0.000000
vt 0.477210 0.000000
vt 0.463535 0.000000
vt 0.488902 0.000000
vt 0.488704 0.000000
vt 0.463337 0.000000
vt 0.417162 0.000000
vt 0.477408 0.000000
vt 0.488506 0.000000
vt 0.463139 0.000000
vt 0.417360 0.000000
vt 0.477606 0.000000
vt 0.462941 0.000000
vt 0.488308 0.000000
vt 0.417558 0.000000
vt 0.477804 0.000000
vt 0.462743 0.000000
vt 0.488109 0.000000
vt 0.462545 0.000000
vt 0.417757 0.000000
vt 0.478002 0.000000
vt 0.462346 0.000000
vt 0.417955 0.000000
vt 0.487911 0.000000
vt 0.462148 0.000000
vt 0.478201 0.000000
vt 0.418153 0.000000
vt 0.461950 0.000000
vt 0.487713 0.000000
vt 0.478399 0.000000
vt 0.418351 0.000000
vt 0.461752 0.000000
vt 0.418549 0.000000
vt 0.461554 0.000000
vt 0.478597 0.000000
vt 0.487515 0.000000
vt 0.418748 0.000000
vt 0.461356 0.000000
vt 0.478795 0.000000
vt 0.461157 0.000000
vt 0.418946 0.000000
vt 0.487317 0.000000
vt 0.460959 0.000000
vt 0.419144 0.000000
vt 0.478993 0.000000
vt 0.460761 0.000000
vt 0.419342 0.000000
vt 0.487119 0.000000
vt 0.460563 0.000000
vt 0.419540 0.000000
vt 0.479191 0.000000
vt 0.460365 0.000000
vt 0.419738 0.000000
vt 0.460166 0.000000
vt 0.479390 0.000000
vt 0.486920 0.000000
vt 0.419937 0.000000
vt 0.459968 0.000000
vt 0.479588 0.000000
vt 0.420135 0.000000
vt 0.459770 0.000000
vt 0.479786 0.000000
vt 0.459572 0.000000
vt 0.479984 0.000000
vt 0.486722 0.000000
vt 0.420333 0.000000
vt 0.459374 0.000000
vt 0.480182 0.000000
vt 0.480381 0.000000
vt 0.459176 0.000000
vt 0.420531 0.000000
vt 0.480579 0.000000
vt 0.458977 0.000000
vt 0.486524 0.000000
vt 0.480777 0.000000
vt 0.480975 0.000000
vt 0.458779 0.000000
vt 0.420729 0.000000
vt 0.481173 0.000000
vt 0.481371 0.000000
vt 0.458581 0.000000
vt 0.486326 0.000000
vt 0.481570 0.000000
vt 0.481768 0.000000
vt 0.481966 0.000000
vt 0.482164 0.000000
vt 0.482362 0.000000
vt 0.482560 0.000000
vt 0.482759 0.000000
vt 0.458383 0.000000
vt 0.486128 0.000000
vt 0.482957 0.000000
vt 0.485929 0.000000
vt 0.485731 0.000000
vt 0.485533 0.000000
vt 0.483155 0.000000
vt 0.485335 0.000000
vt 0.485137 0.000000
vt 0.483353 0.000000
vt 0.484939 0.000000
vt 0.484740 0.000000
vt 0.483551 0.000000
vt 0.484542 0.000000
vt 0.484344 0.000000
vt 0.483750 0.000000
vt 0.484146 0.000000
vt 0.483948 0.000000
vt 0.420927 0.000000
vt 0.458185 0.000000
vt 0.457987 0.000000
vt 0.457788 0.000000
vt 0.421126 0.000000
vt 0.457590 0.000000
vt 0.457392 0.000000
vt 0.457194 0.000000
vt 0.421324 0.000000
vt 0.456996 0.000000
vt 0.456797 0.000000
vt 0.456599 0.000000
vt 0.421522 0.000000
vt 0.456401 0.000000
vt 0.456203 0.000000
vt 0.456005 0.000000
vt 0.421720 0.000000
vt 0.455807 0.000000
vt 0.455608 0.000000
vt 0.421918 0.000000
vt 0.455410 0.000000
vt 0.455212 0.000000
vt 0.455014 0.000000
vt 0.422117 0.000000
vt 0.454816 0.000000
vt 0.454618 0.000000
vt 0.454419 0.000000
vt 0.422315 0.000000
vt 0.454221 0.000000
vt 0.454023 0.000000
vt 0.422513 0.000000
vt 0.453825 0.000000
vt 0.453627 0.000000
vt 0.437772 0.000000
vt 0.437971 0.000000
vt 0.438367 0.000000
vt 0.453428 0.000000
vt 0.422711 0.000000
vt 0.434998 0.000000
vt 0.435196 0.000000
vt 0.435394 0.000000
vt 0.435593 0.000000
vt 0.435791 0.000000
vt 0.435989 0.000000
vt 0.436187 0.000000
vt 0.436385 0.000000
vt 0.436583 0.000000
vt 0.436782 0.000000
vt 0.436980 0.000000
vt 0.437178 0.000000
vt 0.437376 0.000000
vt 0.437574 0.000000
vt 0.438169 0.000000
vt 0.438565 0.000000
vt 0.434800 0.000000
vt 0.434602 0.000000
vt 0.434403 0.000000
vt 0.434205 0.000000
vt 0.434007 0.000000
vt 0.433809 0.000000
vt 0.433611 0.000000
vt 0.433413 0.000000
vt 0.453230 0.000000
vt 0.433214 0.000000
vt 0.453032 0.000000
vt 0.452834 0.000000
vt 0.422909 0.000000
vt 0.433016 0.000000
vt 0.438763 0.000000
vt 0.452636 0.000000
vt 0.438962 0.000000
vt 0.439160 0.000000
vt 0.452438 0.000000
vt 0.439358 0.000000
vt 0.432818 0.000000
vt 0.439556 0.000000
vt 0.423107 0.000000
vt 0.452239 0.000000
vt 0.439754 0.000000
vt 0.452041 0.000000
vt 0.439952 0.000000
vt 0.432620 0.000000
vt 0.451843 0.000000
vt 0.440151 0.000000
vt 0.423306 0.000000
vt 0.440349 0.000000
vt 0.451645 0.000000
vt 0.440547 0.000000
vt 0.423504 0.000000
vt 0.432422 0.000000
vt 0.451447 0.000000
vt 0.440745 0.000000
vt 0.440943 0.000000
vt 0.451249 0.000000
vt 0.423702 0.000000
vt 0.441141 0.000000
vt 0.451050 0.000000
vt 0.441340 0.000000
vt 0.432224 0.000000
vt 0.441538 0.000000
vt 0.423900 0.000000
vt 0.450852 0.000000
vt 0.441736 0.000000
vt 0.450654 0.000000
vt 0.424098 0.000000
vt 0.441934 0.000000
vt 0.432025 0.000000
vt 0.450456 0.000000
vt 0.424296 0.000000
vt 0.442132 0.000000
vt 0.424495 0.000000
vt 0.450258 0.000000
vt 0.442331 0.000000
vt 0.424693 0.000000
vt 0.442529 0.000000
vt 0.450059 0.000000
vt 0.424891 0.000000
vt 0.431827 0.000000
vt 0.442727 0.000000
vt 0.425089 0.000000
vt 0.449861 0.000000
vt 0.442925 0.000000
vt 0.425287 0.000000
vt 0.449663 0.000000
vt 0.443123 0.000000
vt 0.425486 0.000000
vt 0.431629 0.000000
vt 0.443321 0.000000
vt 0.425684 0.000000
vt 0.449465 0.000000
vt 0.443520 0.000000
vt 0.443718 0.000000
vt 0.425882 0.000000
vt 0.443916 0.000000
vt 0.449267 0.000000
vt 0.444114 0.000000
vt 0.426080 0.000000
vt 0.444312 0.000000
vt 0.426278 0.000000
vt 0.449069 0.000000
vt 0.431431 0.000000
vt 0.444510 0.000000
vt 0.426476 0.000000
vt 0.426675 0.000000
vt 0.426873 0.000000
vt 0.448870 0.000000
vt 0.427071 0.000000
vt 0.444709 0.000000
vt 0.427269 0.000000
vt 0.448672 0.000000
vt 0.427467 0.000000
vt 0.444907 0.000000
vt 0.427665 0.000000
vt 0.431233 0.000000
vt 0.448474 0.000000
vt 0.445105 0.000000
vt 0.427864 0.000000
vt 0.448276 0.000000
vt 0.448078 0.000000
vt 0.428062 0.000000
vt 0.445303 0.000000
vt 0.447880 0.000000
vt 0.447681 0.000000
vt 0.431034 0.000000
vt 0.428260 0.000000
vt 0.430836 0.000000
vt 0.447483 0.000000
vt 0.445501 0.000000
vt 0.430638 0.000000
vt 0.447285 0.000000
vt 0.430440 0.000000
vt 0.447087 0.000000
vt 0.430242 0.000000
vt 0.428458 0.000000
vt 0.430044 0.000000
vt 0.446889 0.000000
vt 0.429845 0.000000
vt 0.446690 0.000000
vt 0.445700 0.000000
vt 0.429647 0.000000
vt 0.446492 0.000000
vt 0.429449 0.000000
vt 0.428656 0.000000
vt 0.446294 0.000000
vt 0.429251 0.000000
vt 0.446096 0.000000
vt 0.429053 0.000000
vt 0.445898 0.000000
vt 0.428855 0.000000
vt 0.493460 0.000000
vt 0.508918 0.000000
vt 0.509116 0.000000
vt 0.508720 0.000000
vt 0.508522 0.000000
vt 0.508323 0.000000
vt 0.508125 0.000000
vt 0.507927 0.000000
vt 0.507729 0.000000
vt 0.507531 0.000000
vt 0.507333 0.000000
vt 0.507134 0.000000
vt 0.506936 0.000000
vt 0.506738 0.000000
vt 0.506540 0.000000
vt 0.506342 0.000000
vt 0.506143 0.000000
vt 0.493658 0.000000
vt 0.505945 0.000000
vt 0.505747 0.000000
vt 0.505549 0.000000
vt 0.505351 0.000000
vt 0.505153 0.000000
vt 0.504954 0.000000
vt 0.504756 0.000000
vt 0.504558 0.000000
vt 0.493857 0.000000
vt 0.494055 0.000000
vt 0.494253 0.000000
vt 0.504360 0.000000
vt 0.494451 0.000000
vt 0.494649 0.000000
vt 0.494847 0.000000
vt 0.495046 0.000000
vt 0.495244 0.000000
vt 0.495442 0.000000
vt 0.495640 0.000000
vt 0.495838 0.000000
vt 0.496036 0.000000
vt 0.504162 0.000000
vt 0.496235 0.000000
vt 0.496433 0.000000
vt 0.496631 0.000000
vt 0.496829 0.000000
vt 0.503964 0.000000
vt 0.497027 0.000000
vt 0.497226 0.000000
vt 0.503765 0.000000
vt 0.497424 0.000000
vt 0.497622 0.000000
vt 0.497820 0.000000
vt 0.503567 0.000000
vt 0.498018 0.000000
vt 0.498216 0.000000
vt 0.498415 0.000000
vt 0.498613 0.000000
vt 0.503369 0.000000
vt 0.498811 0.000000
vt 0.499009 0.000000
vt 0.499207 0.000000
vt 0.499405 0.000000
vt 0.499604 0.000000
vt 0.499802 0.000000
vt 0.500000 0.000000
vt 0.500198 0.000000
vt 0.500396 0.000000
vt 0.500595 0.000000
vt 0.503171 0.000000
vt 0.500793 0.000000
vt 0.500991 0.000000
vt 0.501189 0.000000
vt 0.502973 0.000000
vt 0.502774 0.000000
vt 0.502576 0.000000
vt 0.501387 0.000000
vt 0.502378 0.000000
vt 0.502180 0.000000
vt 0.501982 0.000000
vt 0.501784 0.000000
vt 0.501585 0.000000
vt 0.611970 0.000000
vt 0.611574 0.000000
vt 0.611772 0.000000
vt 0.612168 0.000000
vt 0.611375 0.000000
vt 0.509314 0.000000
vt 0.611177 0.000000
vt 0.509512 0.000000
vt 0.610979 0.000000
vt 0.509711 0.000000
vt 0.509909 0.000000
vt 0.610781 0.000000
vt 0.510107 0.000000
vt 0.510305 0.000000
vt 0.610583 0.000000
vt 0.510503 0.000000
vt 0.510702 0.000000
vt 0.610384 0.000000
vt 0.510900 0.000000
vt 0.511098 0.000000
vt 0.610186 0.000000
vt 0.511296 0.000000
vt 0.609988 0.000000
vt 0.511494 0.000000
vt 0.511692 0.000000
vt 0.609790 0.000000
vt 0.511891 0.000000
vt 0.512089 0.000000
vt 0.609592 0.000000
vt 0.512287 0.000000
vt 0.609394 0.000000
vt 0.512485 0.000000
vt 0.609195 0.000000
vt 0.512683 0.000000
vt 0.608997 0.000000
vt 0.512882 0.000000
vt 0.608799 0.000000
vt 0.608601 0.000000
vt 0.513080 0.000000
vt 0.608403 0.000000
vt 0.513278 0.000000
vt 0.608205 0.000000
vt 0.513476 0.000000
vt 0.608006 0.000000
vt 0.513674 0.000000
vt 0.607808 0.000000
vt 0.513872 0.000000
vt 0.607610 0.000000
vt 0.514071 0.000000
vt 0.607412 0.000000
vt 0.514269 0.000000
vt 0.607214 0.000000
vt 0.514467 0.000000
vt 0.607015 0.000000
vt 0.514665 0.000000
vt 0.606817 0.000000
vt 0.514863 0.000000
vt 0.606619 0.000000
vt 0.515061 0.000000
vt 0.606421 0.000000
vt 0.515260 0.000000
vt 0.606223 0.000000
vt 0.515458 0.000000
vt 0.606025 0.000000
vt 0.515656 0.000000
vt 0.605826 0.000000
vt 0.515854 0.000000
vt 0.516052 0.000000
vt 0.605628 0.000000
vt 0.516250 0.000000
vt 0.605430 0.000000
vt 0.516449 0.000000
vt 0.605232 0.000000
vt 0.516647 0.000000
vt 0.605034 0.000000
vt 0.516845 0.000000
vt 0.604836 0.000000
vt 0.517043 0.000000
vt 0.604637 0.000000
vt 0.517241 0.000000
vt 0.596512 0.000000
vt 0.596710 0.000000
vt 0.604439 0.000000
vt 0.596314 0.000000
vt 0.596908 0.000000
vt 0.596116 0.000000
vt 0.597107 0.000000
vt 0.595918 0.000000
vt 0.597305 0.000000
vt 0.595719 0.000000
vt 0.597503 0.000000
vt 0.517440 0.000000
vt 0.595521 0.000000
vt 0.597701 0.000000
vt 0.604241 0.000000
vt 0.595323 0.000000
vt 0.597899 0.000000
vt 0.595125 0.000000
vt 0.598098 0.000000
vt 0.594927 0.000000
vt 0.598296 0.000000
vt 0.604043 0.000000
vt 0.517638 0.000000
vt 0.594728 0.000000
vt 0.594530 0.000000
vt 0.598494 0.000000
vt 0.594332 0.000000
vt 0.594134 0.000000
vt 0.593936 0.000000
vt 0.593738 0.000000
vt 0.603845 0.000000
vt 0.598692 0.000000
vt 0.517836 0.000000
vt 0.593539 0.000000
vt 0.593341 0.000000
vt 0.593143 0.000000
vt 0.598890 0.000000
vt 0.592945 0.000000
vt 0.592747 0.000000
vt 0.603646 0.000000
vt 0.518034 0.000000
vt 0.592549 0.000000
vt 0.592350 0.000000
vt 0.599088 0.000000
vt 0.592152 0.000000
vt 0.591954 0.000000
vt 0.591756 0.000000
vt 0.603448 0.000000
vt 0.591558 0.000000
vt 0.518232 0.000000
vt 0.591359 0.000000
vt 0.599287 0.000000
vt 0.591161 0.000000
vt 0.590963 0.000000
vt 0.603250 0.000000
vt 0.590765 0.000000
vt 0.518430 0.000000
vt 0.599485 0.000000
vt 0.590567 0.000000
vt 0.590369 0.000000
vt 0.603052 0.000000
vt 0.518629 0.000000
vt 0.590170 0.000000
vt 0.599683 0.000000
vt 0.589972 0.000000
vt 0.602854 0.000000
vt 0.518827 0.000000
vt 0.589774 0.000000
vt 0.599881 0.000000
vt 0.589576 0.000000
vt 0.589378 0.000000
vt 0.602656 0.000000
vt 0.519025 0.000000
vt 0.589180 0.000000
vt 0.588981 0.000000
vt 0.588783 0.000000
vt 0.600079 0.000000
vt 0.600277 0.000000
vt 0.588585 0.000000
vt 0.600476 0.000000
vt 0.600674 0.000000
vt 0.588387 0.000000
vt 0.519223 0.000000
vt 0.600872 0.000000
vt 0.588189 0.000000
vt 0.601070 0.000000
vt 0.587990 0.000000
vt 0.601268 0.000000
vt 0.587792 0.000000
vt 0.587594 0.000000
vt 0.601467 0.000000
vt 0.519421 0.000000
vt 0.587396 0.000000
vt 0.601665 0.000000
vt 0.587198 0.000000
vt 0.601863 0.000000
vt 0.587000 0.000000
vt 0.602061 0.000000
vt 0.586801 0.000000
vt 0.602259 0.000000
vt 0.602457 0.000000
vt 0.586603 0.000000
vt 0.519620 0.000000
vt 0.586405 0.000000
vt 0.586207 0.000000
vt 0.586009 0.000000
vt 0.585811 0.000000
vt 0.585612 0.000000
vt 0.519818 0.000000
vt 0.585414 0.000000
vt 0.585216 0.000000
vt 0.585018 0.000000
vt 0.584820 0.000000
vt 0.520016 0.000000
vt 0.584621 0.000000
vt 0.584423 0.000000
vt 0.584225 0.000000
vt 0.584027 0.000000
vt 0.520214 0.000000
vt 0.583829 0.000000
vt 0.583631 0.000000
vt 0.583432 0.000000
vt 0.520412 0.000000
vt 0.583234 0.000000
vt 0.583036 0.000000
vt 0.520610 0.000000
vt 0.582838 0.000000
vt 0.520809 0.000000
vt 0.582640 0.000000
vt 0.521007 0.000000
vt 0.521205 0.000000
vt 0.582442 0.000000
vt 0.521403 0.000000
vt 0.582243 0.000000
vt 0.521601 0.000000
vt 0.521799 0.000000
vt 0.582045 0.000000
vt 0.521998 0.000000
vt 0.522196 0.000000
vt 0.581847 0.000000
vt 0.522394 0.000000
vt 0.522592 0.000000
vt 0.581649 0.000000
vt 0.522790 0.000000
vt 0.522988 0.000000
vt 0.523187 0.000000
vt 0.581451 0.000000
vt 0.523385 0.000000
vt 0.523583 0.000000
vt 0.523781 0.000000
vt 0.581252 0.000000
vt 0.523979 0.000000
vt 0.524178 0.000000
vt 0.581054 0.000000
vt 0.524376 0.000000
vt 0.580856 0.000000
vt 0.524574 0.000000
vt 0.524772 0.000000
vt 0.580658 0.000000
vt 0.524970 0.000000
vt 0.580460 0.000000
vt 0.580262 0.000000
vt 0.525168 0.000000
vt 0.580063 0.000000
vt 0.525367 0.000000
vt 0.579865 0.000000
vt 0.579667 0.000000
vt 0.525565 0.000000
vt 0.579469 0.000000
vt 0.525763 0.000000
vt 0.579271 0.000000
vt 0.579073 0.000000
vt 0.525961 0.000000
vt 0.578874 0.000000
vt 0.526159 0.000000
vt 0.578676 0.000000
vt 0.578478 0.000000
vt 0.526358 0.000000
vt 0.578280 0.000000
vt 0.578082 0.000000
vt 0.526556 0.000000
vt 0.577883 0.000000
vt 0.577685 0.000000
vt 0.577487 0.000000
vt 0.526754 0.000000
vt 0.577289 0.000000
vt 0.577091 0.000000
vt 0.526952 0.000000
vt 0.576893 0.000000
vt 0.576694 0.000000
vt 0.527150 0.000000
vt 0.576496 0.000000
vt 0.576298 0.000000
vt 0.527348 0.000000
vt 0.576100 0.000000
vt 0.575902 0.000000
vt 0.527547 0.000000
vt 0.575704 0.000000
vt 0.575505 0.000000
vt 0.575307 0.000000
vt 0.575109 0.000000
vt 0.527745 0.000000
vt 0.574911 0.000000
vt 0.574713 0.000000
vt 0.574514 0.000000
vt 0.527943 0.000000
vt 0.574316 0.000000
vt 0.574118 0.000000
vt 0.573920 0.000000
vt 0.573722 0.000000
vt 0.573524 0.000000
vt 0.528141 0.000000
vt 0.573325 0.000000
vt 0.528339 0.000000
vt 0.573127 0.000000
vt 0.572929 0.000000
vt 0.528537 0.000000
vt 0.572731 0.000000
vt 0.528736 0.000000
vt 0.572533 0.000000
vt 0.528934 0.000000
vt 0.572335 0.000000
vt 0.529132 0.000000
vt 0.572136 0.000000
vt 0.545977 0.000000
vt 0.545581 0.000000
vt 0.545779 0.000000
vt 0.546175 0.000000
vt 0.545382 0.000000
vt 0.546373 0.000000
vt 0.545184 0.000000
vt 0.546572 0.000000
vt 0.544986 0.000000
vt 0.546770 0.000000
vt 0.546968 0.000000
vt 0.547166 0.000000
vt 0.547364 0.000000
vt 0.547562 0.000000
vt 0.547761 0.000000
vt 0.544788 0.000000
vt 0.529330 0.000000
vt 0.544590 0.000000
vt 0.571938 0.000000
vt 0.547959 0.000000
vt 0.529528 0.000000
vt 0.544392 0.000000
vt 0.571740 0.000000
vt 0.529727 0.000000
vt 0.548157 0.000000
vt 0.571542 0.000000
vt 0.529925 0.000000
vt 0.544193 0.000000
vt 0.530123 0.000000
vt 0.571344 0.000000
vt 0.530321 0.000000
vt 0.571145 0.000000
vt 0.548355 0.000000
vt 0.543995 0.000000
vt 0.530519 0.000000
vt 0.530717 0.000000
vt 0.530916 0.000000
vt 0.543797 0.000000
vt 0.531114 0.000000
vt 0.570947 0.000000
vt 0.548553 0.000000
vt 0.531312 0.000000
vt 0.543599 0.000000
vt 0.531510 0.000000
vt 0.570749 0.000000
vt 0.548751 0.000000
vt 0.531708 0.000000
vt 0.543401 0.000000
vt 0.531906 0.000000
vt 0.543203 0.000000
vt 0.532105 0.000000
vt 0.570551 0.000000
vt 0.548950 0.000000
vt 0.543004 0.000000
vt 0.532303 0.000000
vt 0.542806 0.000000
vt 0.532501 0.000000
vt 0.542608 0.000000
vt 0.570353 0.000000
vt 0.542410 0.000000
vt 0.549148 0.000000
vt 0.532699 0.000000
vt 0.532897 0.000000
vt 0.570155 0.000000
vt 0.549346 0.000000
vt 0.542212 0.000000
vt 0.533096 0.000000
vt 0.569956 0.000000
vt 0.533294 0.000000
vt 0.549544 0.000000
vt 0.542013 0.000000
vt 0.533492 0.000000
vt 0.549742 0.000000
vt 0.569758 0.000000
vt 0.541815 0.000000
vt 0.533690 0.000000
vt 0.549941 0.000000
vt 0.533888 0.000000
vt 0.541617 0.000000
vt 0.550139 0.000000
vt 0.569560 0.000000
vt 0.534086 0.000000
vt 0.541419 0.000000
vt 0.550337 0.000000
vt 0.534285 0.000000
vt 0.541221 0.000000
vt 0.569362 0.000000
vt 0.534483 0.000000
vt 0.550535 0.000000
vt 0.541023 0.000000
vt 0.534681 0.000000
vt 0.540824 0.000000
vt 0.550733 0.000000
vt 0.534879 0.000000
vt 0.569164 0.000000
vt 0.540626 0.000000
vt 0.535077 0.000000
vt 0.540428 0.000000
vt 0.550931 0.000000
vt 0.540230 0.000000
vt 0.535275 0.000000
vt 0.540032 0.000000
vt 0.568965 0.000000
vt 0.535474 0.000000
vt 0.551130 0.000000
vt 0.539834 0.000000
vt 0.535672 0.000000
vt 0.539635 0.000000
vt 0.535870 0.000000
vt 0.551328 0.000000
vt 0.536068 0.000000
vt 0.568767 0.000000
vt 0.539437 0.000000
vt 0.536266 0.000000
vt 0.539239 0.000000
vt 0.536465 0.000000
vt 0.551526 0.000000
vt 0.539041 0.000000
vt 0.536663 0.000000
vt 0.536861 0.000000
vt 0.538843 0.000000
vt 0.537059 0.000000
vt 0.538644 0.000000
vt 0.537257 0.000000
vt 0.551724 0.000000
vt 0.537455 0.000000
vt 0.538446 0.000000
vt 0.537654 0.000000
vt 0.538248 0.000000
vt 0.537852 0.000000
vt 0.568569 0.000000
vt 0.538050 0.000000
vt 0.551922 0.000000
vt 0.552121 0.000000
vt 0.568371 0.000000
vt 0.552319 0.000000
vt 0.552517 0.000000
vt 0.568173 0.000000
vt 0.552715 0.000000
vt 0.567975 0.000000
vt 0.552913 0.000000
vt 0.567776 0.000000
vt 0.553111 0.000000
vt 0.567578 0.000000
vt 0.553310 0.000000
vt 0.567380 0.000000
vt 0.553508 0.000000
vt 0.567182 0.000000
vt 0.553706 0.000000
vt 0.566984 0.000000
vt 0.553904 0.000000
vt 0.566786 0.000000
vt 0.554102 0.000000
vt 0.566587 0.000000
vt 0.554300 0.000000
vt 0.566389 0.000000
vt 0.554499 0.000000
vt 0.566191 0.000000
vt 0.554697 0.000000
vt 0.565993 0.000000
vt 0.554895 0.000000
vt 0.565795 0.000000
vt 0.565597 0.000000
vt 0.555093 0.000000
vt 0.565398 0.000000
vt 0.555291 0.000000
vt 0.565200 0.000000
vt 0.565002 0.000000
vt 0.555489 0.000000
vt 0.564804 0.000000
vt 0.555688 0.000000
vt 0.564606 0.000000
vt 0.564407 0.000000
vt 0.555886 0.000000
vt 0.564209 0.000000
vt 0.556084 0.000000
vt 0.564011 0.000000
vt 0.563813 0.000000
vt 0.563615 0.000000
vt 0.563417 0.000000
vt 0.563218 0.000000
vt 0.563020 0.000000
vt 0.556282 0.000000
vt 0.562822 0.000000
vt 0.562624 0.000000
vt 0.562426 0.000000
vt 0.562227 0.000000
vt 0.562029 0.000000
vt 0.561831 0.000000
vt 0.561633 0.000000
vt 0.561435 0.000000
vt 0.561237 0.000000
vt 0.556480 0.000000
vt 0.561038 0.000000
vt 0.560840 0.000000
vt 0.560642 0.000000
vt 0.556679 0.000000
vt 0.560444 0.000000
vt 0.560246 0.000000
vt 0.560048 0.000000
vt 0.556877 0.000000
vt 0.559849 0.000000
vt 0.559651 0.000000
vt 0.559453 0.000000
vt 0.557075 0.000000
vt 0.559255 0.000000
vt 0.559057 0.000000
vt 0.558859 0.000000
vt 0.557273 0.000000
vt 0.558660 0.000000
vt 0.558462 0.000000
vt 0.557471 0.000000
vt 0.558264 0.000000
vt 0.557669 0.000000
vt 0.558066 0.000000
vt 0.557868 0.000000
vt 0.651803 0.000000
vt 0.651407 0.000000
vt 0.651605 0.000000
vt 0.651209 0.000000
vt 0.652002 0.000000
vt 0.651011 0.000000
vt 0.652200 0.000000
vt 0.650813 0.000000
vt 0.652398 0.000000
vt 0.650614 0.000000
vt 0.652596 0.000000
vt 0.650416 0.000000
vt 0.612366 0.000000
vt 0.650218 0.000000
vt 0.612564 0.000000
vt 0.650020 0.000000
vt 0.649822 0.000000
vt 0.649623 0.000000
vt 0.612763 0.000000
vt 0.649425 0.000000
vt 0.649227 0.000000
vt 0.649029 0.000000
vt 0.612961 0.000000
vt 0.648831 0.000000
vt 0.648633 0.000000
vt 0.613159 0.000000
vt 0.648434 0.000000
vt 0.648236 0.000000
vt 0.613357 0.000000
vt 0.648038 0.000000
vt 0.647840 0.000000
vt 0.613555 0.000000
vt 0.613753 0.000000
vt 0.613952 0.000000
vt 0.614150 0.000000
vt 0.647642 0.000000
vt 0.614348 0.000000
vt 0.614546 0.000000
vt 0.614744 0.000000
vt 0.614943 0.000000
vt 0.647444 0.000000
vt 0.615141 0.000000
vt 0.647245 0.000000
vt 0.615339 0.000000
vt 0.647047 0.000000
vt 0.615537 0.000000
vt 0.646849 0.000000
vt 0.615735 0.000000
vt 0.646651 0.000000
vt 0.615933 0.000000
vt 0.616132 0.000000
vt 0.646453 0.000000
vt 0.616330 0.000000
vt 0.646254 0.000000
vt 0.616528 0.000000
vt 0.646056 0.000000
vt 0.616726 0.000000
vt 0.645858 0.000000
vt 0.616924 0.000000
vt 0.645660 0.000000
vt 0.617122 0.000000
vt 0.645462 0.000000
vt 0.617321 0.000000
vt 0.617519 0.000000
vt 0.645264 0.000000
vt 0.617717 0.000000
vt 0.645065 0.000000
vt 0.617915 0.000000
vt 0.644867 0.000000
vt 0.618113 0.000000
vt 0.644669 0.000000
vt 0.618312 0.000000
vt 0.618510 0.000000
vt 0.644471 0.000000
vt 0.618708 0.000000
vt 0.644273 0.000000
vt 0.618906 0.000000
vt 0.644074 0.000000
vt 0.619104 0.000000
vt 0.643876 0.000000
vt 0.619302 0.000000
vt 0.619501 0.000000
vt 0.643678 0.000000
vt 0.619699 0.000000
vt 0.643480 0.000000
vt 0.619897 0.000000
vt 0.620095 0.000000
vt 0.643282 0.000000
vt 0.620293 0.000000
vt 0.675981 0.000000
vt 0.675783 0.000000
vt 0.676179 0.000000
vt 0.675585 0.000000
vt 0.676377 0.000000
vt 0.675386 0.000000
vt 0.652794 0.000000
vt 0.675188 0.000000
vt 0.652992 0.000000
vt 0.620492 0.000000
vt 0.674990 0.000000
vt 0.653191 0.000000
vt 0.653389 0.000000
vt 0.674792 0.000000
vt 0.643084 0.000000
vt 0.653587 0.000000
vt 0.674594 0.000000
vt 0.653785 0.000000
vt 0.674396 0.000000
vt 0.653983 0.000000
vt 0.620690 0.000000
vt 0.674197 0.000000
vt 0.654182 0.000000
vt 0.673999 0.000000
vt 0.654380 0.000000
vt 0.673801 0.000000
vt 0.654578 0.000000
vt 0.642885 0.000000
vt 0.673603 0.000000
vt 0.620888 0.000000
vt 0.654776 0.000000
vt 0.673405 0.000000
vt 0.654974 0.000000
vt 0.673207 0.000000
vt 0.673008 0.000000
vt 0.621086 0.000000
vt 0.655172 0.000000
vt 0.672810 0.000000
vt 0.642687 0.000000
vt 0.655371 0.000000
vt 0.672612 0.000000
vt 0.621284 0.000000
vt 0.655569 0.000000
vt 0.672414 0.000000
vt 0.655767 0.000000
vt 0.672216 0.000000
vt 0.621482 0.000000
vt 0.642489 0.000000
vt 0.672017 0.000000
vt 0.655965 0.000000
vt 0.621681 0.000000
vt 0.671819 0.000000
vt 0.656163 0.000000
vt 0.671621 0.000000
vt 0.621879 0.000000
vt 0.642291 0.000000
vt 0.671423 0.000000
vt 0.622077 0.000000
vt 0.671225 0.000000
vt 0.656361 0.000000
vt 0.671027 0.000000
vt 0.622275 0.000000
vt 0.642093 0.000000
vt 0.656560 0.000000
vt 0.670828 0.000000
vt 0.622473 0.000000
vt 0.622671 0.000000
vt 0.641895 0.000000
vt 0.670630 0.000000
vt 0.656758 0.000000
vt 0.622870 0.000000
vt 0.670432 0.000000
vt 0.623068 0.000000
vt 0.641696 0.000000
vt 0.656956 0.000000
vt 0.623266 0.000000
vt 0.670234 0.000000
vt 0.641498 0.000000
vt 0.623464 0.000000
vt 0.670036 0.000000
vt 0.657154 0.000000
vt 0.623662 0.000000
vt 0.641300 0.000000
vt 0.669837 0.000000
vt 0.623860 0.000000
vt 0.657352 0.000000
vt 0.641102 0.000000
vt 0.669639 0.000000
vt 0.624059 0.000000
vt 0.657551 0.000000
vt 0.640904 0.000000
vt 0.669441 0.000000
vt 0.624257 0.000000
vt 0.657749 0.000000
vt 0.669243 0.000000
vt 0.624455 0.000000
vt 0.640706 0.000000
vt 0.624653 0.000000
vt 0.657947 0.000000
vt 0.640507 0.000000
vt 0.669045 0.000000
vt 0.624851 0.000000
vt 0.640309 0.000000
vt 0.658145 0.000000
vt 0.668847 0.000000
vt 0.625050 0.000000
vt 0.640111 0.000000
vt 0.625248 0.000000
vt 0.658343 0.000000
vt 0.668648 0.000000
vt 0.625446 0.000000
vt 0.639913 0.000000
vt 0.658541 0.000000
vt 0.625644 0.000000
vt 0.668450 0.000000
vt 0.625842 0.000000
vt 0.658740 0.000000
vt 0.639715 0.000000
vt 0.626040 0.000000
vt 0.668252 0.000000
vt 0.626239 0.000000
vt 0.658938 0.000000
vt 0.639516 0.000000
vt 0.626437 0.000000
vt 0.668054 0.000000
vt 0.626635 0.000000
vt 0.659136 0.000000
vt 0.639318 0.000000
vt 0.626833 0.000000
vt 0.659334 0.000000
vt 0.667856 0.000000
vt 0.627031 0.000000
vt 0.659532 0.000000
vt 0.639120 0.000000
vt 0.667658 0.000000
vt 0.659730 0.000000
vt 0.627230 0.000000
vt 0.659929 0.000000
vt 0.667459 0.000000
vt 0.627428 0.000000
vt 0.660127 0.000000
vt 0.638922 0.000000
vt 0.667261 0.000000
vt 0.660325 0.000000
vt 0.660523 0.000000
vt 0.627626 0.000000
vt 0.667063 0.000000
vt 0.660721 0.000000
vt 0.660920 0.000000
vt 0.666865 0.000000
vt 0.666667 0.000000
vt 0.661118 0.000000
vt 0.638724 0.000000
vt 0.627824 0.000000
vt 0.666469 0.000000
vt 0.661316 0.000000
vt 0.666270 0.000000
vt 0.661514 0.000000
vt 0.666072 0.000000
vt 0.665874 0.000000
vt 0.661712 0.000000
vt 0.665676 0.000000
vt 0.661910 0.000000
vt 0.628022 0.000000
vt 0.665478 0.000000
vt 0.662109 0.000000
vt 0.665279 0.000000
vt 0.662307 0.000000
vt 0.665081 0.000000
vt 0.662505 0.000000
vt 0.638526 0.000000
vt 0.664883 0.000000
vt 0.662703 0.000000
vt 0.664685 0.000000
vt 0.662901 0.000000
vt 0.664487 0.000000
vt 0.663099 0.000000
vt 0.664289 0.000000
vt 0.663298 0.000000
vt 0.664090 0.000000
vt 0.663496 0.000000
vt 0.663892 0.000000
vt 0.663694 0.000000
vt 0.628220 0.000000
vt 0.638327 0.000000
vt 0.628419 0.000000
vt 0.628617 0.000000
vt 0.638129 0.000000
vt 0.628815 0.000000
vt 0.629013 0.000000
vt 0.637931 0.000000
vt 0.629211 0.000000
vt 0.637733 0.000000
vt 0.629409 0.000000
vt 0.637535 0.000000
vt 0.629608 0.000000
vt 0.637336 0.000000
vt 0.629806 0.000000
vt 0.637138 0.000000
vt 0.636940 0.000000
vt 0.630004 0.000000
vt 0.636742 0.000000
vt 0.630202 0.000000
vt 0.636544 0.000000
vt 0.630400 0.000000
vt 0.636346 0.000000
vt 0.630598 0.000000
vt 0.636147 0.000000
vt 0.635949 0.000000
vt 0.630797 0.000000
vt 0.635751 0.000000
vt 0.635553 0.000000
vt 0.630995 0.000000
vt 0.635355 0.000000
vt 0.635157 0.000000
vt 0.634958 0.000000
vt 0.631193 0.000000
vt 0.634760 0.000000
vt 0.634562 0.000000
vt 0.634364 0.000000
vt 0.631391 0.000000
vt 0.634166 0.000000
vt 0.633968 0.000000
vt 0.633769 0.000000
vt 0.631589 0.000000
vt 0.631788 0.000000
vt 0.631986 0.000000
vt 0.633571 0.000000
vt 0.632184 0.000000
vt 0.633373 0.000000
vt 0.632382 0.000000
vt 0.632580 0.000000
vt 0.633175 0.000000
vt 0.632778 0.000000
vt 0.632977 0.000000
vt 0.728300 0.000000
vt 0.727903 0.000000
vt 0.728101 0.000000
vt 0.727705 0.000000
vt 0.728498 0.000000
vt 0.727507 0.000000
vt 0.728696 0.000000
vt 0.727309 0.000000
vt 0.676575 0.000000
vt 0.727111 0.000000
vt 0.676774 0.000000
vt 0.726912 0.000000
vt 0.676972 0.000000
vt 0.677170 0.000000
vt 0.726714 0.000000
vt 0.677368 0.000000
vt 0.677566 0.000000
vt 0.726516 0.000000
vt 0.677765 0.000000
vt 0.726318 0.000000
vt 0.677963 0.000000
vt 0.678161 0.000000
vt 0.678359 0.000000
vt 0.678557 0.000000
vt 0.678755 0.000000
vt 0.678954 0.000000
vt 0.679152 0.000000
vt 0.726120 0.000000
vt 0.679350 0.000000
vt 0.679548 0.000000
vt 0.725922 0.000000
vt 0.679746 0.000000
vt 0.725723 0.000000
vt 0.679945 0.000000
vt 0.680143 0.000000
vt 0.725525 0.000000
vt 0.680341 0.000000
vt 0.725327 0.000000
vt 0.680539 0.000000
vt 0.725129 0.000000
vt 0.680737 0.000000
vt 0.680935 0.000000
vt 0.724931 0.000000
vt 0.681134 0.000000
vt 0.724732 0.000000
vt 0.681332 0.000000
vt 0.681530 0.000000
vt 0.681728 0.000000
vt 0.681926 0.000000
vt 0.682124 0.000000
vt 0.724534 0.000000
vt 0.682323 0.000000
vt 0.682521 0.000000
vt 0.682719 0.000000
vt 0.682917 0.000000
vt 0.683115 0.000000
vt 0.683313 0.000000
vt 0.683512 0.000000
vt 0.683710 0.000000
vt 0.724336 0.000000
vt 0.683908 0.000000
vt 0.724138 0.000000
vt 0.684106 0.000000
vt 0.723940 0.000000
vt 0.684304 0.000000
vt 0.723742 0.000000
vt 0.684503 0.000000
vt 0.723543 0.000000
vt 0.684701 0.000000
vt 0.723345 0.000000
vt 0.723147 0.000000
vt 0.684899 0.000000
vt 0.722949 0.000000
vt 0.685097 0.000000
vt 0.722751 0.000000
vt 0.685295 0.000000
vt 0.722553 0.000000
vt 0.685493 0.000000
vt 0.722354 0.000000
vt 0.685692 0.000000
vt 0.722156 0.000000
vt 0.685890 0.000000
vt 0.721958 0.000000
vt 0.721760 0.000000
vt 0.686088 0.000000
vt 0.721562 0.000000
vt 0.686286 0.000000
vt 0.721363 0.000000
vt 0.686484 0.000000
vt 0.686683 0.000000
vt 0.721165 0.000000
vt 0.686881 0.000000
vt 0.720967 0.000000
vt 0.687079 0.000000
vt 0.720769 0.000000
vt 0.687277 0.000000
vt 0.720571 0.000000
vt 0.687475 0.000000
vt 0.720373 0.000000
vt 0.687673 0.000000
vt 0.720174 0.000000
vt 0.687872 0.000000
vt 0.719976 0.000000
vt 0.688070 0.000000
vt 0.747325 0.000000
vt 0.747126 0.000000
vt 0.747523 0.000000
vt 0.719778 0.000000
vt 0.746928 0.000000
vt 0.747721 0.000000
vt 0.746730 0.000000
vt 0.728894 0.000000
vt 0.688268 0.000000
vt 0.746532 0.000000
vt 0.729092 0.000000
vt 0.746334 0.000000
vt 0.729291 0.000000
vt 0.746136 0.000000
vt 0.729489 0.000000
vt 0.745937 0.000000
vt 0.729687 0.000000
vt 0.745739 0.000000
vt 0.729885 0.000000
vt 0.745541 0.000000
vt 0.730083 0.000000
vt 0.745343 0.000000
vt 0.745145 0.000000
vt 0.730281 0.000000
vt 0.688466 0.000000
vt 0.719580 0.000000
vt 0.744946 0.000000
vt 0.730480 0.000000
vt 0.744748 0.000000
vt 0.744550 0.000000
vt 0.730678 0.000000
vt 0.744352 0.000000
vt 0.744154 0.000000
vt 0.730876 0.000000
vt 0.688664 0.000000
vt 0.719382 0.000000
vt 0.743956 0.000000
vt 0.731074 0.000000
vt 0.743757 0.000000
vt 0.743559 0.000000
vt 0.688862 0.000000
vt 0.731272 0.000000
vt 0.743361 0.000000
vt 0.719184 0.000000
vt 0.731470 0.000000
vt 0.743163 0.000000
vt 0.718985 0.000000
vt 0.689061 0.000000
vt 0.742965 0.000000
vt 0.718787 0.000000
vt 0.731669 0.000000
vt 0.718589 0.000000
vt 0.689259 0.000000
vt 0.718391 0.000000
vt 0.742767 0.000000
vt 0.718193 0.000000
vt 0.689457 0.000000
vt 0.717994 0.000000
vt 0.731867 0.000000
vt 0.717796 0.000000
vt 0.742568 0.000000
vt 0.689655 0.000000
vt 0.717598 0.000000
vt 0.717400 0.000000
vt 0.717202 0.000000
vt 0.689853 0.000000
vt 0.717004 0.000000
vt 0.732065 0.000000
vt 0.716805 0.000000
vt 0.742370 0.000000
vt 0.690052 0.000000
vt 0.716607 0.000000
vt 0.690250 0.000000
vt 0.716409 0.000000
vt 0.732263 0.000000
vt 0.742172 0.000000
vt 0.690448 0.000000
vt 0.716211 0.000000
vt 0.690646 0.000000
vt 0.716013 0.000000
vt 0.732461 0.000000
vt 0.741974 0.000000
vt 0.690844 0.000000
vt 0.715815 0.000000
vt 0.732660 0.000000
vt 0.741776 0.000000
vt 0.691042 0.000000
vt 0.715616 0.000000
vt 0.715418 0.000000
vt 0.691241 0.000000
vt 0.732858 0.000000
vt 0.741578 0.000000
vt 0.715220 0.000000
vt 0.691439 0.000000
vt 0.715022 0.000000
vt 0.691637 0.000000
vt 0.733056 0.000000
vt 0.741379 0.000000
vt 0.714824 0.000000
vt 0.691835 0.000000
vt 0.714625 0.000000
vt 0.692033 0.000000
vt 0.741181 0.000000
vt 0.733254 0.000000
vt 0.714427 0.000000
vt 0.692231 0.000000
vt 0.714229 0.000000
vt 0.714031 0.000000
vt 0.692430 0.000000
vt 0.740983 0.000000
vt 0.713833 0.000000
vt 0.733452 0.000000
vt 0.713635 0.000000
vt 0.692628 0.000000
vt 0.713436 0.000000
vt 0.740785 0.000000
vt 0.713238 0.000000
vt 0.733650 0.000000
vt 0.692826 0.000000
vt 0.713040 0.000000
vt 0.740587 0.000000
vt 0.693024 0.000000
vt 0.733849 0.000000
vt 0.712842 0.000000
vt 0.740388 0.000000
vt 0.734047 0.000000
vt 0.712644 0.000000
vt 0.693222 0.000000
vt 0.740190 0.000000
vt 0.734245 0.000000
vt 0.712445 0.000000
vt 0.739992 0.000000
vt 0.734443 0.000000
vt 0.693421 0.000000
vt 0.712247 0.000000
vt 0.739794 0.000000
vt 0.734641 0.000000
vt 0.693619 0.000000
vt 0.739596 0.000000
vt 0.734839 0.000000
vt 0.712049 0.000000
vt 0.739398 0.000000
vt 0.735038 0.000000
vt 0.693817 0.000000
vt 0.739199 0.000000
vt 0.735236 0.000000
vt 0.739001 0.000000
vt 0.735434 0.000000
vt 0.694015 0.000000
vt 0.738803 0.000000
vt 0.735632 0.000000
vt 0.711851 0.000000
vt 0.738605 0.000000
vt 0.735830 0.000000
vt 0.694213 0.000000
vt 0.738407 0.000000
vt 0.736029 0.000000
vt 0.738208 0.000000
vt 0.736227 0.000000
vt 0.694411 0.000000
vt 0.738010 0.000000
vt 0.736425 0.000000
vt 0.737812 0.000000
vt 0.736623 0.000000
vt 0.737614 0.000000
vt 0.736821 0.000000
vt 0.694610 0.000000
vt 0.711653 0.000000
vt 0.737416 0.000000
vt 0.737019 0.000000
vt 0.737218 0.000000
vt 0.694808 0.000000
vt 0.695006 0.000000
vt 0.711455 0.000000
vt 0.695204 0.000000
vt 0.695402 0.000000
vt 0.711256 0.000000
vt 0.695600 0.000000
vt 0.695799 0.000000
vt 0.711058 0.000000
vt 0.695997 0.000000
vt 0.710860 0.000000
vt 0.696195 0.000000
vt 0.696393 0.000000
vt 0.710662 0.000000
vt 0.696591 0.000000
vt 0.710464 0.000000
vt 0.696790 0.000000
vt 0.710266 0.000000
vt 0.696988 0.000000
vt 0.697186 0.000000
vt 0.710067 0.000000
vt 0.697384 0.000000
vt 0.709869 0.000000
vt 0.697582 0.000000
vt 0.709671 0.000000
vt 0.697780 0.000000
vt 0.709473 0.000000
vt 0.697979 0.000000
vt 0.709275 0.000000
vt 0.698177 0.000000
vt 0.709077 0.000000
vt 0.698375 0.000000
vt 0.708878 0.000000
vt 0.698573 0.000000
vt 0.708680 0.000000
vt 0.698771 0.000000
vt 0.708482 0.000000
vt 0.698969 0.000000
vt 0.708284 0.000000
vt 0.708086 0.000000
vt 0.699168 0.000000
vt 0.707887 0.000000
vt 0.699366 0.000000
vt 0.707689 0.000000
vt 0.699564 0.000000
vt 0.707491 0.000000
vt 0.699762 0.000000
vt 0.707293 0.000000
vt 0.707095 0.000000
vt 0.699960 0.000000
vt 0.706897 0.000000
vt 0.706698 0.000000
vt 0.706500 0.000000
vt 0.700159 0.000000
vt 0.706302 0.000000
vt 0.706104 0.000000
vt 0.705906 0.000000
vt 0.700357 0.000000
vt 0.705707 0.000000
vt 0.705509 0.000000
vt 0.700555 0.000000
vt 0.700753 0.000000
vt 0.705311 0.000000
vt 0.700951 0.000000
vt 0.701149 0.000000
vt 0.701348 0.000000
vt 0.701546 0.000000
vt 0.701744 0.000000
vt 0.705113 0.000000
vt 0.701942 0.000000
vt 0.702140 0.000000
vt 0.702338 0.000000
vt 0.702537 0.000000
vt 0.702735 0.000000
vt 0.702933 0.000000
vt 0.704915 0.000000
vt 0.703131 0.000000
vt 0.704717 0.000000
vt 0.703329 0.000000
vt 0.704518 0.000000
vt 0.703528 0.000000
vt 0.704320 0.000000
vt 0.703726 0.000000
vt 0.704122 0.000000
vt 0.703924 0.000000
vt 0.747919 0.000000
vt 0.749901 0.000000
vt 0.750099 0.000000
vt 0.749703 0.000000
vt 0.749505 0.000000
vt 0.749306 0.000000
vt 0.748117 0.000000
vt 0.749108 0.000000
vt 0.748910 0.000000
vt 0.748712 0.000000
vt 0.748514 0.000000
vt 0.748316 0.000000
vt 0.917558 0.000000
vt 0.917162 0.000000
vt 0.917360 0.000000
vt 0.917757 0.000000
vt 0.916964 0.000000
vt 0.916766 0.000000
vt 0.917955 0.000000
vt 0.916568 0.000000
vt 0.918153 0.000000
vt 0.916369 0.000000
vt 0.918351 0.000000
vt 0.916171 0.000000
vt 0.918549 0.000000
vt 0.915973 0.000000
vt 0.918748 0.000000
vt 0.915775 0.000000
vt 0.918946 0.000000
vt 0.915577 0.000000
vt 0.915379 0.000000
vt 0.919144 0.000000
vt 0.915180 0.000000
vt 0.919342 0.000000
vt 0.914982 0.000000
vt 0.919540 0.000000
vt 0.914784 0.000000
vt 0.750297 0.000000
vt 0.914586 0.000000
vt 0.750495 0.000000
vt 0.750694 0.000000
vt 0.914388 0.000000
vt 0.750892 0.000000
vt 0.751090 0.000000
vt 0.914189 0.000000
vt 0.751288 0.000000
vt 0.913991 0.000000
vt 0.751486 0.000000
vt 0.751684 0.000000
vt 0.913793 0.000000
vt 0.751883 0.000000
vt 0.752081 0.000000
vt 0.913595 0.000000
vt 0.752279 0.000000
vt 0.752477 0.000000
vt 0.913397 0.000000
vt 0.752675 0.000000
vt 0.913199 0.000000
vt 0.752874 0.000000
vt 0.913000 0.000000
vt 0.753072 0.000000
vt 0.912802 0.000000
vt 0.912604 0.000000
vt 0.753270 0.000000
vt 0.912406 0.000000
vt 0.753468 0.000000
vt 0.912208 0.000000
vt 0.753666 0.000000
vt 0.912010 0.000000
vt 0.753864 0.000000
vt 0.911811 0.000000
vt 0.754063 0.000000
vt 0.911613 0.000000
vt 0.911415 0.000000
vt 0.754261 0.000000
vt 0.911217 0.000000
vt 0.911019 0.000000
vt 0.754459 0.000000
vt 0.910820 0.000000
vt 0.910622 0.000000
vt 0.910424 0.000000
vt 0.754657 0.000000
vt 0.910226 0.000000
vt 0.910028 0.000000
vt 0.909830 0.000000
vt 0.909631 0.000000
vt 0.754855 0.000000
vt 0.909433 0.000000
vt 0.909235 0.000000
vt 0.909037 0.000000
vt 0.755054 0.000000
vt 0.908839 0.000000
vt 0.908641 0.000000
vt 0.755252 0.000000
vt 0.908442 0.000000
vt 0.908244 0.000000
vt 0.755450 0.000000
vt 0.908046 0.000000
vt 0.907848 0.000000
vt 0.755648 0.000000
vt 0.907650 0.000000
vt 0.907451 0.000000
vt 0.755846 0.000000
vt 0.907253 0.000000
vt 0.907055 0.000000
vt 0.756044 0.000000
vt 0.906857 0.000000
vt 0.756243 0.000000
vt 0.906659 0.000000
vt 0.906461 0.000000
vt 0.756441 0.000000
vt 0.906262 0.000000
vt 0.906064 0.000000
vt 0.756639 0.000000
vt 0.905866 0.000000
vt 0.905668 0.000000
vt 0.756837 0.000000
vt 0.905470 0.000000
vt 0.905272 0.000000
vt 0.757035 0.000000
vt 0.905073 0.000000
vt 0.904875 0.000000
vt 0.904677 0.000000
vt 0.757233 0.000000
vt 0.904479 0.000000
vt 0.904281 0.000000
vt 0.757432 0.000000
vt 0.904082 0.000000
vt 0.903884 0.000000
vt 0.757630 0.000000
vt 0.903686 0.000000
vt 0.757828 0.000000
vt 0.903488 0.000000
vt 0.903290 0.000000
vt 0.758026 0.000000
vt 0.903092 0.000000
vt 0.758224 0.000000
vt 0.902893 0.000000
vt 0.758422 0.000000
vt 0.902695 0.000000
vt 0.758621 0.000000
vt 0.902497 0.000000
vt 0.758819 0.000000
vt 0.902299 0.000000
vt 0.759017 0.000000
vt 0.902101 0.000000
vt 0.759215 0.000000
vt 0.759413 0.000000
vt 0.901902 0.000000
vt 0.759612 0.000000
vt 0.901704 0.000000
vt 0.759810 0.000000
vt 0.760008 0.000000
vt 0.901506 0.000000
vt 0.901308 0.000000
vt 0.760206 0.000000
vt 0.901110 0.000000
vt 0.760404 0.000000
vt 0.900912 0.000000
vt 0.900713 0.000000
vt 0.760602 0.000000
vt 0.900515 0.000000
vt 0.900317 0.000000
vt 0.760801 0.000000
vt 0.900119 0.000000
vt 0.899921 0.000000
vt 0.760999 0.000000
vt 0.899723 0.000000
vt 0.899524 0.000000
vt 0.761197 0.000000
vt 0.899326 0.000000
vt 0.761395 0.000000
vt 0.899128 0.000000
vt 0.898930 0.000000
vt 0.761593 0.000000
vt 0.898732 0.000000
vt 0.898533 0.000000
vt 0.761792 0.000000
vt 0.898335 0.000000
vt 0.761990 0.000000
vt 0.898137 0.000000
vt 0.897939 0.000000
vt 0.762188 0.000000
vt 0.897741 0.000000
vt 0.762386 0.000000
vt 0.897543 0.000000
vt 0.897344 0.000000
vt 0.762584 0.000000
vt 0.897146 0.000000
vt 0.762782 0.000000
vt 0.896948 0.000000
vt 0.762981 0.000000
vt 0.896750 0.000000
vt 0.763179 0.000000
vt 0.896552 0.000000
vt 0.896354 0.000000
vt 0.763377 0.000000
vt 0.982759 0.000000
vt 0.896155 0.000000
vt 0.982560 0.000000
vt 0.982957 0.000000
vt 0.983155 0.000000
vt 0.982362 0.000000
vt 0.983353 0.000000
vt 0.763575 0.000000
vt 0.982164 0.000000
vt 0.895957 0.000000
vt 0.983551 0.000000
vt 0.981966 0.000000
vt 0.983750 0.000000
vt 0.895759 0.000000
vt 0.763773 0.000000
vt 0.981768 0.000000
vt 0.895561 0.000000
vt 0.983948 0.000000
vt 0.763971 0.000000
vt 0.895363 0.000000
vt 0.981570 0.000000
vt 0.919738 0.000000
vt 0.981371 0.000000
vt 0.981173 0.000000
vt 0.895164 0.000000
vt 0.980975 0.000000
vt 0.919937 0.000000
vt 0.764170 0.000000
vt 0.894966 0.000000
vt 0.980777 0.000000
vt 0.920135 0.000000
vt 0.980579 0.000000
vt 0.894768 0.000000
vt 0.920333 0.000000
vt 0.980380 0.000000
vt 0.764368 0.000000
vt 0.894570 0.000000
vt 0.980182 0.000000
vt 0.920531 0.000000
vt 0.979984 0.000000
vt 0.894372 0.000000
vt 0.920729 0.000000
vt 0.979786 0.000000
vt 0.894174 0.000000
vt 0.920927 0.000000
vt 0.764566 0.000000
vt 0.979588 0.000000
vt 0.893975 0.000000
vt 0.921126 0.000000
vt 0.979390 0.000000
vt 0.893777 0.000000
vt 0.979191 0.000000
vt 0.921324 0.000000
vt 0.893579 0.000000
vt 0.764764 0.000000
vt 0.978993 0.000000
vt 0.921522 0.000000
vt 0.893381 0.000000
vt 0.978795 0.000000
vt 0.764962 0.000000
vt 0.893183 0.000000
vt 0.921720 0.000000
vt 0.978597 0.000000
vt 0.892985 0.000000
vt 0.921918 0.000000
vt 0.978399 0.000000
vt 0.765161 0.000000
vt 0.892786 0.000000
vt 0.978201 0.000000
vt 0.922117 0.000000
vt 0.892588 0.000000
vt 0.765359 0.000000
vt 0.978002 0.000000
vt 0.922315 0.000000
vt 0.892390 0.000000
vt 0.977804 0.000000
vt 0.765557 0.000000
vt 0.892192 0.000000
vt 0.977606 0.000000
vt 0.922513 0.000000
vt 0.977408 0.000000
vt 0.891994 0.000000
vt 0.765755 0.000000
vt 0.977210 0.000000
vt 0.891795 0.000000
vt 0.977012 0.000000
vt 0.765953 0.000000
vt 0.976813 0.000000
vt 0.922711 0.000000
vt 0.891597 0.000000
vt 0.976615 0.000000
vt 0.891399 0.000000
vt 0.766151 0.000000
vt 0.976417 0.000000
vt 0.891201 0.000000
vt 0.922909 0.000000
vt 0.976219 0.000000
vt 0.766350 0.000000
vt 0.891003 0.000000
vt 0.976021 0.000000
vt 0.766548 0.000000
vt 0.975822 0.000000
vt 0.923107 0.000000
vt 0.766746 0.000000
vt 0.890805 0.000000
vt 0.975624 0.000000
vt 0.766944 0.000000
vt 0.923306 0.000000
vt 0.975426 0.000000
vt 0.767142 0.000000
vt 0.767340 0.000000
vt 0.975228 0.000000
vt 0.767539 0.000000
vt 0.890606 0.000000
vt 0.923504 0.000000
vt 0.767737 0.000000
vt 0.975030 0.000000
vt 0.767935 0.000000
vt 0.974832 0.000000
vt 0.768133 0.000000
vt 0.923702 0.000000
vt 0.768331 0.000000
vt 0.974633 0.000000
vt 0.890408 0.000000
vt 0.768530 0.000000
vt 0.923900 0.000000
vt 0.974435 0.000000
vt 0.768728 0.000000
vt 0.768926 0.000000
vt 0.974237 0.000000
vt 0.769124 0.000000
vt 0.769322 0.000000
vt 0.924098 0.000000
vt 0.890210 0.000000
vt 0.974039 0.000000
vt 0.769520 0.000000
vt 0.973841 0.000000
vt 0.769719 0.000000
vt 0.924296 0.000000
vt 0.973642 0.000000
vt 0.769917 0.000000
vt 0.890012 0.000000
vt 0.973444 0.000000
vt 0.924495 0.000000
vt 0.973246 0.000000
vt 0.770115 0.000000
vt 0.973048 0.000000
vt 0.770313 0.000000
vt 0.972850 0.000000
vt 0.924693 0.000000
vt 0.889814 0.000000
vt 0.972652 0.000000
vt 0.924891 0.000000
vt 0.770511 0.000000
vt 0.972453 0.000000
vt 0.972255 0.000000
vt 0.925089 0.000000
vt 0.972057 0.000000
vt 0.770709 0.000000
vt 0.925287 0.000000
vt 0.971859 0.000000
vt 0.889616 0.000000
vt 0.770908 0.000000
vt 0.925486 0.000000
vt 0.925684 0.000000
vt 0.771106 0.000000
vt 0.971661 0.000000
vt 0.925882 0.000000
vt 0.771304 0.000000
vt 0.889417 0.000000
vt 0.971463 0.000000
vt 0.926080 0.000000
vt 0.771502 0.000000
vt 0.926278 0.000000
vt 0.771700 0.000000
vt 0.926476 0.000000
vt 0.971264 0.000000
vt 0.771899 0.000000
vt 0.926675 0.000000
vt 0.772097 0.000000
vt 0.889219 0.000000
vt 0.926873 0.000000
vt 0.772295 0.000000
vt 0.927071 0.000000
vt 0.971066 0.000000
vt 0.772493 0.000000
vt 0.927269 0.000000
vt 0.772691 0.000000
vt 0.927467 0.000000
vt 0.889021 0.000000
vt 0.772889 0.000000
vt 0.927665 0.000000
vt 0.970868 0.000000
vt 0.927864 0.000000
vt 0.773088 0.000000
vt 0.928062 0.000000
vt 0.888823 0.000000
vt 0.773286 0.000000
vt 0.970670 0.000000
vt 0.928260 0.000000
vt 0.928458 0.000000
vt 0.773484 0.000000
vt 0.888625 0.000000
vt 0.928656 0.000000
vt 0.970472 0.000000
vt 0.888426 0.000000
vt 0.928855 0.000000
vt 0.773682 0.000000
vt 0.888228 0.000000
vt 0.929053 0.000000
vt 0.970273 0.000000
vt 0.888030 0.000000
vt 0.929251 0.000000
vt 0.887832 0.000000
vt 0.929449 0.000000
vt 0.773880 0.000000
vt 0.970075 0.000000
vt 0.929647 0.000000
vt 0.887634 0.000000
vt 0.929845 0.000000
vt 0.887436 0.000000
vt 0.969877 0.000000
vt 0.930044 0.000000
vt 0.887237 0.000000
vt 0.774078 0.000000
vt 0.930242 0.000000
vt 0.887039 0.000000
vt 0.969679 0.000000
vt 0.930440 0.000000
vt 0.969481 0.000000
vt 0.886841 0.000000
vt 0.930638 0.000000
vt 0.969283 0.000000
vt 0.886643 0.000000
vt 0.930836 0.000000
vt 0.969084 0.000000
vt 0.774277 0.000000
vt 0.886445 0.000000
vt 0.931035 0.000000
vt 0.968886 0.000000
vt 0.931233 0.000000
vt 0.886247 0.000000
vt 0.968688 0.000000
vt 0.774475 0.000000
vt 0.931431 0.000000
vt 0.968490 0.000000
vt 0.931629 0.000000
vt 0.886048 0.000000
vt 0.931827 0.000000
vt 0.968292 0.000000
vt 0.774673 0.000000
vt 0.932025 0.000000
vt 0.968094 0.000000
vt 0.932224 0.000000
vt 0.885850 0.000000
vt 0.967895 0.000000
vt 0.932422 0.000000
vt 0.774871 0.000000
vt 0.967697 0.000000
vt 0.932620 0.000000
vt 0.885652 0.000000
vt 0.967499 0.000000
vt 0.932818 0.000000
vt 0.967301 0.000000
vt 0.933016 0.000000
vt 0.775069 0.000000
vt 0.967103 0.000000
vt 0.933214 0.000000
vt 0.966904 0.000000
vt 0.933413 0.000000
vt 0.885454 0.000000
vt 0.966706 0.000000
vt 0.933611 0.000000
vt 0.775268 0.000000
vt 0.933809 0.000000
vt 0.966508 0.000000
vt 0.934007 0.000000
vt 0.934205 0.000000
vt 0.885256 0.000000
vt 0.966310 0.000000
vt 0.934403 0.000000
vt 0.775466 0.000000
vt 0.934602 0.000000
vt 0.966112 0.000000
vt 0.934800 0.000000
vt 0.775664 0.000000
vt 0.965914 0.000000
vt 0.885057 0.000000
vt 0.934998 0.000000
vt 0.965715 0.000000
vt 0.935196 0.000000
vt 0.775862 0.000000
vt 0.965517 0.000000
vt 0.935394 0.000000
vt 0.884859 0.000000
vt 0.776060 0.000000
vt 0.965319 0.000000
vt 0.935593 0.000000
vt 0.776258 0.000000
vt 0.965121 0.000000
vt 0.935791 0.000000
vt 0.884661 0.000000
vt 0.776457 0.000000
vt 0.964923 0.000000
vt 0.935989 0.000000
vt 0.776655 0.000000
vt 0.964725 0.000000
vt 0.776853 0.000000
vt 0.936187 0.000000
vt 0.777051 0.000000
vt 0.964526 0.000000
vt 0.884463 0.000000
vt 0.777249 0.000000
vt 0.936385 0.000000
vt 0.964328 0.000000
vt 0.777447 0.000000
vt 0.936583 0.000000
vt 0.964130 0.000000
vt 0.777646 0.000000
vt 0.884265 0.000000
vt 0.777844 0.000000
vt 0.963932 0.000000
vt 0.936782 0.000000
vt 0.778042 0.000000
vt 0.963734 0.000000
vt 0.936980 0.000000
vt 0.778240 0.000000
vt 0.963535 0.000000
vt 0.884067 0.000000
vt 0.937178 0.000000
vt 0.778438 0.000000
vt 0.963337 0.000000
vt 0.778637 0.000000
vt 0.963139 0.000000
vt 0.937376 0.000000
vt 0.778835 0.000000
vt 0.962941 0.000000
vt 0.937574 0.000000
vt 0.883868 0.000000
vt 0.962743 0.000000
vt 0.779033 0.000000
vt 0.962545 0.000000
vt 0.883670 0.000000
vt 0.779231 0.000000
vt 0.937773 0.000000
vt 0.883472 0.000000
vt 0.779429 0.000000
vt 0.937971 0.000000
vt 0.883274 0.000000
vt 0.962346 0.000000
vt 0.779627 0.000000
vt 0.883076 0.000000
vt 0.938169 0.000000
vt 0.779826 0.000000
vt 0.882878 0.000000
vt 0.938367 0.000000
vt 0.780024 0.000000
vt 0.962148 0.000000
vt 0.882679 0.000000
vt 0.938565 0.000000
vt 0.780222 0.000000
vt 0.938763 0.000000
vt 0.882481 0.000000
vt 0.780420 0.000000
vt 0.938962 0.000000
vt 0.882283 0.000000
vt 0.780618 0.000000
vt 0.961950 0.000000
vt 0.939160 0.000000
vt 0.882085 0.000000
vt 0.780816 0.000000
vt 0.939358 0.000000
vt 0.781015 0.000000
vt 0.881887 0.000000
vt 0.939556 0.000000
vt 0.781213 0.000000
vt 0.881688 0.000000
vt 0.961752 0.000000
vt 0.781411 0.000000
vt 0.881490 0.000000
vt 0.939754 0.000000
vt 0.781609 0.000000
vt 0.781807 0.000000
vt 0.782006 0.000000
vt 0.939952 0.000000
vt 0.961554 0.000000
vt 0.782204 0.000000
vt 0.881292 0.000000
vt 0.940151 0.000000
vt 0.782402 0.000000
vt 0.782600 0.000000
vt 0.940349 0.000000
vt 0.782798 0.000000
vt 0.881094 0.000000
vt 0.961356 0.000000
vt 0.782996 0.000000
vt 0.783195 0.000000
vt 0.940547 0.000000
vt 0.783393 0.000000
vt 0.880896 0.000000
vt 0.783591 0.000000
vt 0.940745 0.000000
vt 0.783789 0.000000
vt 0.961157 0.000000
vt 0.783987 0.000000
vt 0.940943 0.000000
vt 0.784185 0.000000
vt 0.880698 0.000000
vt 0.784384 0.000000
vt 0.941141 0.000000
vt 0.784582 0.000000
vt 0.960959 0.000000
vt 0.784780 0.000000
vt 0.880499 0.000000
vt 0.941340 0.000000
vt 0.784978 0.000000
vt 0.785176 0.000000
vt 0.941538 0.000000
vt 0.880301 0.000000
vt 0.960761 0.000000
vt 0.785375 0.000000
vt 0.941736 0.000000
vt 0.785573 0.000000
vt 0.785771 0.000000
vt 0.880103 0.000000
vt 0.941934 0.000000
vt 0.785969 0.000000
vt 0.960563 0.000000
vt 0.786167 0.000000
vt 0.942132 0.000000
vt 0.879905 0.000000
vt 0.786365 0.000000
vt 0.942331 0.000000
vt 0.786564 0.000000
vt 0.879707 0.000000
vt 0.786762 0.000000
vt 0.960365 0.000000
vt 0.942529 0.000000
vt 0.786960 0.000000
vt 0.879508 0.000000
vt 0.942727 0.000000
vt 0.787158 0.000000
vt 0.787356 0.000000
vt 0.942925 0.000000
vt 0.879310 0.000000
vt 0.960166 0.000000
vt 0.787555 0.000000
vt 0.943123 0.000000
vt 0.787753 0.000000
vt 0.879112 0.000000
vt 0.943321 0.000000
vt 0.787951 0.000000
vt 0.959968 0.000000
vt 0.878914 0.000000
vt 0.788149 0.000000
vt 0.943520 0.000000
vt 0.878716 0.000000
vt 0.788347 0.000000
vt 0.943718 0.000000
vt 0.878518 0.000000
vt 0.788545 0.000000
vt 0.959770 0.000000
vt 0.943916 0.000000
vt 0.878319 0.000000
vt 0.944114 0.000000
vt 0.878121 0.000000
vt 0.944312 0.000000
vt 0.877923 0.000000
vt 0.959572 0.000000
vt 0.944511 0.000000
vt 0.877725 0.000000
vt 0.788744 0.000000
vt 0.944709 0.000000
vt 0.877527 0.000000
vt 0.944907 0.000000
vt 0.877329 0.000000
vt 0.959374 0.000000
vt 0.877130 0.000000
vt 0.945105 0.000000
vt 0.876932 0.000000
vt 0.945303 0.000000
vt 0.876734 0.000000
vt 0.788942 0.000000
vt 0.876536 0.000000
vt 0.945501 0.000000
vt 0.959176 0.000000
vt 0.876338 0.000000
vt 0.945700 0.000000
vt 0.876140 0.000000
vt 0.945898 0.000000
vt 0.875941 0.000000
vt 0.946096 0.000000
vt 0.789140 0.000000
vt 0.958977 0.000000
vt 0.875743 0.000000
vt 0.946294 0.000000
vt 0.946492 0.000000
vt 0.875545 0.000000
vt 0.946690 0.000000
vt 0.875347 0.000000
vt 0.958779 0.000000
vt 0.946889 0.000000
vt 0.789338 0.000000
vt 0.947087 0.000000
vt 0.875149 0.000000
vt 0.947285 0.000000
vt 0.874950 0.000000
vt 0.958581 0.000000
vt 0.947483 0.000000
vt 0.789536 0.000000
vt 0.947681 0.000000
vt 0.874752 0.000000
vt 0.947879 0.000000
vt 0.958383 0.000000
vt 0.874554 0.000000
vt 0.948078 0.000000
vt 0.948276 0.000000
vt 0.874356 0.000000
vt 0.789734 0.000000
vt 0.948474 0.000000
vt 0.958185 0.000000
vt 0.948672 0.000000
vt 0.874158 0.000000
vt 0.948870 0.000000
vt 0.949069 0.000000
vt 0.957987 0.000000
vt 0.873960 0.000000
vt 0.949267 0.000000
vt 0.789933 0.000000
vt 0.949465 0.000000
vt 0.957788 0.000000
vt 0.949663 0.000000
vt 0.873761 0.000000
vt 0.957590 0.000000
vt 0.949861 0.000000
vt 0.957392 0.000000
vt 0.950059 0.000000
vt 0.957194 0.000000
vt 0.873563 0.000000
vt 0.790131 0.000000
vt 0.950258 0.000000
vt 0.956996 0.000000
vt 0.950456 0.000000
vt 0.956797 0.000000
vt 0.950654 0.000000
vt 0.956599 0.000000
vt 0.950852 0.000000
vt 0.951050 0.000000
vt 0.873365 0.000000
vt 0.951249 0.000000
vt 0.956401 0.000000
vt 0.951447 0.000000
vt 0.951645 0.000000
vt 0.956203 0.000000
vt 0.951843 0.000000
vt 0.956005 0.000000
vt 0.790329 0.000000
vt 0.952041 0.000000
vt 0.955807 0.000000
vt 0.955608 0.000000
vt 0.952239 0.000000
vt 0.873167 0.000000
vt 0.955410 0.000000
vt 0.955212 0.000000
vt 0.952438 0.000000
vt 0.955014 0.000000
vt 0.952636 0.000000
vt 0.954816 0.000000
vt 0.954618 0.000000
vt 0.954419 0.000000
vt 0.952834 0.000000
vt 0.954221 0.000000
vt 0.954023 0.000000
vt 0.953032 0.000000
vt 0.953825 0.000000
vt 0.953627 0.000000
vt 0.953428 0.000000
vt 0.953230 0.000000
vt 0.872969 0.000000
vt 0.790527 0.000000
vt 0.872770 0.000000
vt 0.790725 0.000000
vt 0.872572 0.000000
vt 0.872374 0.000000
vt 0.790923 0.000000
vt 0.872176 0.000000
vt 0.791122 0.000000
vt 0.871978 0.000000
vt 0.791320 0.000000
vt 0.871780 0.000000
vt 0.791518 0.000000
vt 0.871581 0.000000
vt 0.791716 0.000000
vt 0.871383 0.000000
vt 0.791914 0.000000
vt 0.871185 0.000000
vt 0.792113 0.000000
vt 0.870987 0.000000
vt 0.792311 0.000000
vt 0.870789 0.000000
vt 0.792509 0.000000
vt 0.870591 0.000000
vt 0.792707 0.000000
vt 0.870392 0.000000
vt 0.792905 0.000000
vt 0.793103 0.000000
vt 0.870194 0.000000
vt 0.793302 0.000000
vt 0.793500 0.000000
vt 0.869996 0.000000
vt 0.793698 0.000000
vt 0.869798 0.000000
vt 0.793896 0.000000
vt 0.869600 0.000000
vt 0.794094 0.000000
vt 0.794293 0.000000
vt 0.794491 0.000000
vt 0.869402 0.000000
vt 0.794689 0.000000
vt 0.794887 0.000000
vt 0.869203 0.000000
vt 0.795085 0.000000
vt 0.795283 0.000000
vt 0.869005 0.000000
vt 0.795482 0.000000
vt 0.795680 0.000000
vt 0.868807 0.000000
vt 0.795878 0.000000
vt 0.868609 0.000000
vt 0.796076 0.000000
vt 0.796274 0.000000
vt 0.868411 0.000000
vt 0.796472 0.000000
vt 0.796671 0.000000
vt 0.868212 0.000000
vt 0.796869 0.000000
vt 0.868014 0.000000
vt 0.797067 0.000000
vt 0.797265 0.000000
vt 0.867816 0.000000
vt 0.797463 0.000000
vt 0.867618 0.000000
vt 0.797662 0.000000
vt 0.867420 0.000000
vt 0.797860 0.000000
vt 0.867222 0.000000
vt 0.867023 0.000000
vt 0.798058 0.000000
vt 0.866825 0.000000
vt 0.798256 0.000000
vt 0.866627 0.000000
vt 0.798454 0.000000
vt 0.866429 0.000000
vt 0.798652 0.000000
vt 0.866231 0.000000
vt 0.866032 0.000000
vt 0.798851 0.000000
vt 0.865834 0.000000
vt 0.799049 0.000000
vt 0.865636 0.000000
vt 0.799247 0.000000
vt 0.865438 0.000000
vt 0.799445 0.000000
vt 0.865240 0.000000
vt 0.799643 0.000000
vt 0.865042 0.000000
vt 0.799841 0.000000
vt 0.864843 0.000000
vt 0.864645 0.000000
vt 0.800040 0.000000
vt 0.864447 0.000000
vt 0.800238 0.000000
vt 0.864249 0.000000
vt 0.800436 0.000000
vt 0.864051 0.000000
vt 0.800634 0.000000
vt 0.863853 0.000000
vt 0.863654 0.000000
vt 0.800832 0.000000
vt 0.863456 0.000000
vt 0.801031 0.000000
vt 0.863258 0.000000
vt 0.863060 0.000000
vt 0.801229 0.000000
vt 0.832937 0.000000
vt 0.833135 0.000000
vt 0.833333 0.000000
vt 0.862862 0.000000
vt 0.833531 0.000000
vt 0.832739 0.000000
vt 0.833730 0.000000
vt 0.832541 0.000000
vt 0.833928 0.000000
vt 0.834126 0.000000
vt 0.834324 0.000000
vt 0.834522 0.000000
vt 0.832342 0.000000
vt 0.834721 0.000000
vt 0.834919 0.000000
vt 0.832144 0.000000
vt 0.835117 0.000000
vt 0.835315 0.000000
vt 0.835513 0.000000
vt 0.831946 0.000000
vt 0.835711 0.000000
vt 0.835910 0.000000
vt 0.836108 0.000000
vt 0.836306 0.000000
vt 0.831748 0.000000
vt 0.831550 0.000000
vt 0.831352 0.000000
vt 0.862664 0.000000
vt 0.831153 0.000000
vt 0.801427 0.000000
vt 0.830955 0.000000
vt 0.862465 0.000000
vt 0.830757 0.000000
vt 0.830559 0.000000
vt 0.862267 0.000000
vt 0.830361 0.000000
vt 0.801625 0.000000
vt 0.862069 0.000000
vt 0.830163 0.000000
vt 0.861871 0.000000
vt 0.829964 0.000000
vt 0.801823 0.000000
vt 0.861673 0.000000
vt 0.829766 0.000000
vt 0.836504 0.000000
vt 0.802021 0.000000
vt 0.829568 0.000000
vt 0.861474 0.000000
vt 0.836702 0.000000
vt 0.802220 0.000000
vt 0.829370 0.000000
vt 0.836901 0.000000
vt 0.861276 0.000000
vt 0.802418 0.000000
vt 0.829172 0.000000
vt 0.837099 0.000000
vt 0.861078 0.000000
vt 0.802616 0.000000
vt 0.828973 0.000000
vt 0.802814 0.000000
vt 0.837297 0.000000
vt 0.860880 0.000000
vt 0.828775 0.000000
vt 0.837495 0.000000
vt 0.860682 0.000000
vt 0.803012 0.000000
vt 0.837693 0.000000
vt 0.828577 0.000000
vt 0.860484 0.000000
vt 0.803210 0.000000
vt 0.837891 0.000000
vt 0.860285 0.000000
vt 0.828379 0.000000
vt 0.838090 0.000000
vt 0.803409 0.000000
vt 0.860087 0.000000
vt 0.838288 0.000000
vt 0.859889 0.000000
vt 0.828181 0.000000
vt 0.803607 0.000000
vt 0.859691 0.000000
vt 0.838486 0.000000
vt 0.803805 0.000000
vt 0.827983 0.000000
vt 0.859493 0.000000
vt 0.838684 0.000000
vt 0.804003 0.000000
vt 0.838882 0.000000
vt 0.859294 0.000000
vt 0.827784 0.000000
vt 0.839080 0.000000
vt 0.804201 0.000000
vt 0.859096 0.000000
vt 0.827586 0.000000
vt 0.839279 0.000000
vt 0.858898 0.000000
vt 0.804400 0.000000
vt 0.827388 0.000000
vt 0.839477 0.000000
vt 0.858700 0.000000
vt 0.804598 0.000000
vt 0.839675 0.000000
vt 0.804796 0.000000
vt 0.858502 0.000000
vt 0.827190 0.000000
vt 0.804994 0.000000
vt 0.839873 0.000000
vt 0.858304 0.000000
vt 0.805192 0.000000
vt 0.805390 0.000000
vt 0.826992 0.000000
vt 0.858105 0.000000
vt 0.840071 0.000000
vt 0.805589 0.000000
vt 0.805787 0.000000
vt 0.857907 0.000000
vt 0.840270 0.000000
vt 0.805985 0.000000
vt 0.826793 0.000000
vt 0.806183 0.000000
vt 0.857709 0.000000
vt 0.806381 0.000000
vt 0.840468 0.000000
vt 0.806579 0.000000
vt 0.857511 0.000000
vt 0.806778 0.000000
vt 0.840666 0.000000
vt 0.826595 0.000000
vt 0.806976 0.000000
vt 0.857313 0.000000
vt 0.840864 0.000000
vt 0.807174 0.000000
vt 0.807372 0.000000
vt 0.857115 0.000000
vt 0.841062 0.000000
vt 0.807570 0.000000
vt 0.826397 0.000000
vt 0.807769 0.000000
vt 0.841260 0.000000
vt 0.856916 0.000000
vt 0.807967 0.000000
vt 0.826199 0.000000
vt 0.808165 0.000000
vt 0.856718 0.000000
vt 0.808363 0.000000
vt 0.826001 0.000000
vt 0.841459 0.000000
vt 0.808561 0.000000
vt 0.856520 0.000000
vt 0.825803 0.000000
vt 0.808759 0.000000
vt 0.808958 0.000000
vt 0.856322 0.000000
vt 0.825604 0.000000
vt 0.809156 0.000000
vt 0.841657 0.000000
vt 0.809354 0.000000
vt 0.825406 0.000000
vt 0.856124 0.000000
vt 0.809552 0.000000
vt 0.825208 0.000000
vt 0.855926 0.000000
vt 0.809750 0.000000
vt 0.841855 0.000000
vt 0.809948 0.000000
vt 0.825010 0.000000
vt 0.855727 0.000000
vt 0.824812 0.000000
vt 0.810147 0.000000
vt 0.855529 0.000000
vt 0.824614 0.000000
vt 0.842053 0.000000
vt 0.810345 0.000000
vt 0.855331 0.000000
vt 0.824415 0.000000
vt 0.824217 0.000000
vt 0.855133 0.000000
vt 0.810543 0.000000
vt 0.824019 0.000000
vt 0.854935 0.000000
vt 0.823821 0.000000
vt 0.842251 0.000000
vt 0.810741 0.000000
vt 0.854736 0.000000
vt 0.823623 0.000000
vt 0.810939 0.000000
vt 0.823425 0.000000
vt 0.854538 0.000000
vt 0.811138 0.000000
vt 0.842449 0.000000
vt 0.823226 0.000000
vt 0.854340 0.000000
vt 0.854142 0.000000
vt 0.823028 0.000000
vt 0.811336 0.000000
vt 0.853944 0.000000
vt 0.822830 0.000000
vt 0.811534 0.000000
vt 0.842648 0.000000
vt 0.853746 0.000000
vt 0.822632 0.000000
vt 0.853547 0.000000
vt 0.811732 0.000000
vt 0.853349 0.000000
vt 0.822434 0.000000
vt 0.853151 0.000000
vt 0.842846 0.000000
vt 0.852953 0.000000
vt 0.811930 0.000000
vt 0.822235 0.000000
vt 0.852755 0.000000
vt 0.812128 0.000000
vt 0.822037 0.000000
vt 0.843044 0.000000
vt 0.821839 0.000000
vt 0.852556 0.000000
vt 0.812327 0.000000
vt 0.821641 0.000000
vt 0.843242 0.000000
vt 0.852358 0.000000
vt 0.821443 0.000000
vt 0.812525 0.000000
vt 0.852160 0.000000
vt 0.843440 0.000000
vt 0.821245 0.000000
vt 0.812723 0.000000
vt 0.851962 0.000000
vt 0.821046 0.000000
vt 0.843639 0.000000
vt 0.820848 0.000000
vt 0.851764 0.000000
vt 0.812921 0.000000
vt 0.843837 0.000000
vt 0.820650 0.000000
vt 0.851566 0.000000
vt 0.844035 0.000000
vt 0.813119 0.000000
vt 0.820452 0.000000
vt 0.844233 0.000000
vt 0.851367 0.000000
vt 0.820254 0.000000
vt 0.813317 0.000000
vt 0.844431 0.000000
vt 0.851169 0.000000
vt 0.820055 0.000000
vt 0.844629 0.000000
vt 0.813516 0.000000
vt 0.850971 0.000000
vt 0.819857 0.000000
vt 0.844828 0.000000
vt 0.813714 0.000000
vt 0.850773 0.000000
vt 0.819659 0.000000
vt 0.845026 0.000000
vt 0.819461 0.000000
vt 0.850575 0.000000
vt 0.813912 0.000000
vt 0.845224 0.000000
vt 0.819263 0.000000
vt 0.814110 0.000000
vt 0.845422 0.000000
vt 0.814308 0.000000
vt 0.845620 0.000000
vt 0.814507 0.000000
vt 0.845818 0.000000
vt 0.814705 0.000000
vt 0.846017 0.000000
vt 0.814903 0.000000
vt 0.846215 0.000000
vt 0.815101 0.000000
vt 0.846413 0.000000
vt 0.815299 0.000000
vt 0.846611 0.000000
vt 0.815497 0.000000
vt 0.846809 0.000000
vt 0.815696 0.000000
vt 0.847008 0.000000
vt 0.815894 0.000000
vt 0.847206 0.000000
vt 0.816092 0.000000
vt 0.847404 0.000000
vt 0.816290 0.000000
vt 0.847602 0.000000
vt 0.816488 0.000000
vt 0.847800 0.000000
vt 0.816687 0.000000
vt 0.847998 0.000000
vt 0.816885 0.000000
vt 0.848197 0.000000
vt 0.817083 0.000000
vt 0.817281 0.000000
vt 0.817479 0.000000
vt 0.817677 0.000000
vt 0.817876 0.000000
vt 0.818074 0.000000
vt 0.818272 0.000000
vt 0.818470 0.000000
vt 0.818668 0.000000
vt 0.818866 0.000000
vt 0.819065 0.000000
vt 0.848395 0.000000
vt 0.848593 0.000000
vt 0.848791 0.000000
vt 0.848989 0.000000
vt 0.849187 0.000000
vt 0.849386 0.000000
vt 0.849584 0.000000
vt 0.849782 0.000000
vt 0.849980 0.000000
vt 0.850178 0.000000
vt 0.850377 0.000000
vt 0.984146 0.000000
vt 0.986920 0.000000
vt 0.987118 0.000000
vt 0.986722 0.000000
vt 0.986524 0.000000
vt 0.984344 0.000000
vt 0.986326 0.000000
vt 0.984542 0.000000
vt 0.984740 0.000000
vt 0.984939 0.000000
vt 0.985929 0.000000
vt 0.985731 0.000000
vt 0.986128 0.000000
vt 0.985137 0.000000
vt 0.985533 0.000000
vt 0.985335 0.000000
vt 0.995640 0.000000
vt 0.995244 0.000000
vt 0.995442 0.000000
vt 0.995046 0.000000
vt 0.995838 0.000000
vt 0.996036 0.000000
vt 0.996235 0.000000
vt 0.996433 0.000000
vt 0.996631 0.000000
vt 0.996829 0.000000
vt 0.997027 0.000000
vt 0.997226 0.000000
vt 0.997424 0.000000
vt 0.997622 0.000000
vt 0.987317 0.000000
vt 0.987515 0.000000
vt 0.987713 0.000000
vt 0.987911 0.000000
vt 0.988109 0.000000
vt 0.988308 0.000000
vt 0.994847 0.000000
vt 0.988506 0.000000
vt 0.988704 0.000000
vt 0.988902 0.000000
vt 0.994451 0.000000
vt 0.994649 0.000000
vt 0.994253 0.000000
vt 0.989100 0.000000
vt 0.994055 0.000000
vt 0.989298 0.000000
vt 0.989497 0.000000
vt 0.993857 0.000000
vt 0.993658 0.000000
vt 0.993460 0.000000
vt 0.989695 0.000000
vt 0.993262 0.000000
vt 0.989893 0.000000
vt 0.990091 0.000000
vt 0.990289 0.000000
vt 0.990488 0.000000
vt 0.992866 0.000000
vt 0.993064 0.000000
vt 0.992667 0.000000
vt 0.990686 0.000000
vt 0.990884 0.000000
vt 0.991082 0.000000
vt 0.992469 0.000000
vt 0.991280 0.000000
vt 0.991478 0.000000
vt 0.991677 0.000000
vt 0.991875 0.000000
vt 0.992073 0.000000
vt 0.992271 0.000000
vt 0.997820 0.000000
vt 0.999802 0.000000
vt 1.000000 0.000000
vt 0.999604 0.000000
vt 0.999405 0.000000
vt 0.999207 0.000000
vt 0.998018 0.000000
vt 0.999009 0.000000
vt 0.998811 0.000000
vt 0.998613 0.000000
vt 0.998415 0.000000
vt 0.998216 0.000000
vt 0.000000 0.000000
vt 0.048751 0.000000
vt 0.048950 0.000000
vt 0.048553 0.000000
vt 0.048355 0.000000
vt 0.048157 0.000000
vt 0.047959 0.000000
vt 0.047761 0.000000
vt 0.047562 0.000000
vt 0.047364 0.000000
vt 0.047166 0.000000
vt 0.046968 0.000000
vt 0.046770 0.000000
vt 0.046572 0.000000
vt 0.046373 0.000000
vt 0.046175 0.000000
vt 0.045977 0.000000
vt 0.045779 0.000000
vt 0.045581 0.000000
vt 0.045382 0.000000
vt 0.045184 0.000000
vt 0.044986 0.000000
vt 0.044788 0.000000
vt 0.044590 0.000000
vt 0.061435 0.000000
vt 0.044392 0.000000
vt 0.044193 0.000000
vt 0.043995 0.000000
vt 0.043797 0.000000
vt 0.043599 0.000000
vt 0.043401 0.000000
vt 0.043203 0.000000
vt 0.043004 0.000000
vt 0.042806 0.000000
vt 0.042608 0.000000
vt 0.042410 0.000000
vt 0.042212 0.000000
vt 0.042013 0.000000
vt 0.041815 0.000000
vt 0.041617 0.000000
vt 0.041419 0.000000
vt 0.041221 0.000000
vt 0.041023 0.000000
vt 0.040824 0.000000
vt 0.040626 0.000000
vt 0.040428 0.000000
vt 0.040230 0.000000
vt 0.040032 0.000000
vt 0.039834 0.000000
vt 0.039635 0.000000
vt 0.039437 0.000000
vt 0.039239 0.000000
vt 0.039041 0.000000
vt 0.038843 0.000000
vt 0.038644 0.000000
vt 0.038446 0.000000
vt 0.038248 0.000000
vt 0.061633 0.000000
vt 0.038050 0.000000
vt 0.061237 0.000000
vt 0.061831 0.000000
vt 0.062029 0.000000
vt 0.062228 0.000000
vt 0.062426 0.000000
vt 0.062624 0.000000
vt 0.062822 0.000000
vt 0.063020 0.000000
vt 0.063218 0.000000
vt 0.063417 0.000000
vt 0.063615 0.000000
vt 0.063813 0.000000
vt 0.049148 0.000000
vt 0.049346 0.000000
vt 0.049544 0.000000
vt 0.037852 0.000000
vt 0.049742 0.000000
vt 0.049941 0.000000
vt 0.050139 0.000000
vt 0.050337 0.000000
vt 0.050535 0.000000
vt 0.037654 0.000000
vt 0.050733 0.000000
vt 0.050931 0.000000
vt 0.037455 0.000000
vt 0.051130 0.000000
vt 0.051328 0.000000
vt 0.037257 0.000000
vt 0.051526 0.000000
vt 0.051724 0.000000
vt 0.051922 0.000000
vt 0.052120 0.000000
vt 0.037059 0.000000
vt 0.052319 0.000000
vt 0.052517 0.000000
vt 0.052715 0.000000
vt 0.052913 0.000000
vt 0.036861 0.000000
vt 0.053111 0.000000
vt 0.036663 0.000000
vt 0.053310 0.000000
vt 0.036465 0.000000
vt 0.053508 0.000000
vt 0.036266 0.000000
vt 0.053706 0.000000
vt 0.036068 0.000000
vt 0.035870 0.000000
vt 0.053904 0.000000
vt 0.035672 0.000000
vt 0.035474 0.000000
vt 0.054102 0.000000
vt 0.061038 0.000000
vt 0.035275 0.000000
vt 0.035077 0.000000
vt 0.054300 0.000000
vt 0.034879 0.000000
vt 0.034681 0.000000
vt 0.054499 0.000000
vt 0.034483 0.000000
vt 0.054697 0.000000
vt 0.054895 0.000000
vt 0.034285 0.000000
vt 0.055093 0.000000
vt 0.055291 0.000000
vt 0.055489 0.000000
vt 0.034086 0.000000
vt 0.055688 0.000000
vt 0.055886 0.000000
vt 0.056084 0.000000
vt 0.056282 0.000000
vt 0.033888 0.000000
vt 0.056480 0.000000
vt 0.056679 0.000000
vt 0.056877 0.000000
vt 0.057075 0.000000
vt 0.057273 0.000000
vt 0.033690 0.000000
vt 0.057471 0.000000
vt 0.057669 0.000000
vt 0.057868 0.000000
vt 0.058066 0.000000
vt 0.058264 0.000000
vt 0.058462 0.000000
vt 0.058660 0.000000
vt 0.058859 0.000000
vt 0.059057 0.000000
vt 0.059255 0.000000
vt 0.059453 0.000000
vt 0.059651 0.000000
vt 0.059849 0.000000
vt 0.060048 0.000000
vt 0.060246 0.000000
vt 0.060444 0.000000
vt 0.060642 0.000000
vt 0.060840 0.000000
vt 0.033492 0.000000
vt 0.033294 0.000000
vt 0.033096 0.000000
vt 0.032897 0.000000
vt 0.032699 0.000000
vt 0.032501 0.000000
vt 0.032303 0.000000
vt 0.032105 0.000000
vt 0.031906 0.000000
vt 0.031708 0.000000
vt 0.031510 0.000000
vt 0.031312 0.000000
vt 0.031114 0.000000
vt 0.030916 0.000000
vt 0.030717 0.000000
vt 0.030519 0.000000
vt 0.030321 0.000000
vt 0.030123 0.000000
vt 0.029925 0.000000
vt 0.029727 0.000000
vt 0.029528 0.000000
vt 0.029330 0.000000
vt 0.029132 0.000000
vt 0.028934 0.000000
vt 0.028736 0.000000
vt 0.028537 0.000000
vt 0.028339 0.000000
vt 0.028141 0.000000
vt 0.027943 0.000000
vt 0.027745 0.000000
vt 0.027547 0.000000
vt 0.027348 0.000000
vt 0.027150 0.000000
vt 0.026952 0.000000
vt 0.026754 0.000000
vt 0.026556 0.000000
vt 0.026358 0.000000
vt 0.026159 0.000000
vt 0.025961 0.000000
vt 0.025763 0.000000
vt 0.025565 0.000000
vt 0.025367 0.000000
vt 0.025168 0.000000
vt 0.024970 0.000000
vt 0.024772 0.000000
vt 0.024574 0.000000
vt 0.024376 0.000000
vt 0.000198 0.000000
vt 0.000991 0.000000
vt 0.024178 0.000000
vt 0.023979 0.000000
vt 0.023781 0.000000
vt 0.023583 0.000000
vt 0.023385 0.000000
vt 0.023187 0.000000
vt 0.022989 0.000000
vt 0.022790 0.000000
vt 0.022592 0.000000
vt 0.022394 0.000000
vt 0.022196 0.000000
vt 0.021998 0.000000
vt 0.021799 0.000000
vt 0.021601 0.000000
vt 0.000793 0.000000
vt 0.001189 0.000000
vt 0.001387 0.000000
vt 0.001585 0.000000
vt 0.001784 0.000000
vt 0.001982 0.000000
vt 0.002180 0.000000
vt 0.002378 0.000000
vt 0.002576 0.000000
vt 0.002774 0.000000
vt 0.002973 0.000000
vt 0.003171 0.000000
vt 0.003369 0.000000
vt 0.003567 0.000000
vt 0.021403 0.000000
vt 0.003765 0.000000
vt 0.003964 0.000000
vt 0.004162 0.000000
vt 0.004360 0.000000
vt 0.004558 0.000000
vt 0.004756 0.000000
vt 0.021205 0.000000
vt 0.004954 0.000000
vt 0.005153 0.000000
vt 0.005351 0.000000
vt 0.005549 0.000000
vt 0.005747 0.000000
vt 0.021007 0.000000
vt 0.005945 0.000000
vt 0.006143 0.000000
vt 0.006342 0.000000
vt 0.020809 0.000000
vt 0.006540 0.000000
vt 0.006738 0.000000
vt 0.006936 0.000000
vt 0.020610 0.000000
vt 0.007134 0.000000
vt 0.007333 0.000000
vt 0.020412 0.000000
vt 0.007531 0.000000
vt 0.020214 0.000000
vt 0.007729 0.000000
vt 0.007927 0.000000
vt 0.020016 0.000000
vt 0.008125 0.000000
vt 0.008323 0.000000
vt 0.019818 0.000000
vt 0.008522 0.000000
vt 0.008720 0.000000
vt 0.008918 0.000000
vt 0.019620 0.000000
vt 0.009116 0.000000
vt 0.009314 0.000000
vt 0.019421 0.000000
vt 0.009512 0.000000
vt 0.019223 0.000000
vt 0.009711 0.000000
vt 0.019025 0.000000
vt 0.009909 0.000000
vt 0.018827 0.000000
vt 0.010107 0.000000
vt 0.018629 0.000000
vt 0.010305 0.000000
vt 0.018430 0.000000
vt 0.010503 0.000000
vt 0.018232 0.000000
vt 0.010702 0.000000
vt 0.000595 0.000000
vt 0.018034 0.000000
vt 0.010900 0.000000
vt 0.011098 0.000000
vt 0.011296 0.000000
vt 0.011494 0.000000
vt 0.017836 0.000000
vt 0.011692 0.000000
vt 0.017638 0.000000
vt 0.011891 0.000000
vt 0.017440 0.000000
vt 0.012089 0.000000
vt 0.017241 0.000000
vt 0.012287 0.000000
vt 0.017043 0.000000
vt 0.012485 0.000000
vt 0.016845 0.000000
vt 0.016647 0.000000
vt 0.012683 0.000000
vt 0.016449 0.000000
vt 0.012881 0.000000
vt 0.016250 0.000000
vt 0.016052 0.000000
vt 0.015854 0.000000
vt 0.013080 0.000000
vt 0.015656 0.000000
vt 0.015458 0.000000
vt 0.015260 0.000000
vt 0.015061 0.000000
vt 0.014863 0.000000
vt 0.014665 0.000000
vt 0.014467 0.000000
vt 0.014269 0.000000
vt 0.014071 0.000000
vt 0.013872 0.000000
vt 0.013674 0.000000
vt 0.013476 0.000000
vt 0.013278 0.000000
vt 0.000396 0.000000
s 0
usemtl SVGMat.001
f 581/1/1 579/2/1 580/3/1
f 581/1/1 578/4/1 579/2/1
f 582/5/1 578/4/1 581/1/1
f 582/5/1 577/6/1 578/4/1
f 583/7/1 577/6/1 582/5/1
f 583/7/1 576/8/1 577/6/1
f 584/9/1 576/8/1 583/7/1
f 584/9/1 575/10/1 576/8/1
f 324/11/1 575/10/1 584/9/1
f 324/11/1 574/12/1 575/10/1
f 325/13/1 574/12/1 324/11/1
f 325/13/1 573/14/1 574/12/1
f 325/13/1 572/15/1 573/14/1
f 326/16/1 572/15/1 325/13/1
f 327/17/1 572/15/1 326/16/1
f 327/17/1 571/18/1 572/15/1
f 328/19/1 571/18/1 327/17/1
f 329/20/1 571/18/1 328/19/1
f 329/20/1 570/21/1 571/18/1
f 330/22/1 570/21/1 329/20/1
f 331/23/1 570/21/1 330/22/1
f 331/23/1 569/24/1 570/21/1
f 332/25/1 569/24/1 331/23/1
f 332/25/1 568/26/1 569/24/1
f 333/27/1 568/26/1 332/25/1
f 334/28/1 568/26/1 333/27/1
f 334/28/1 567/29/1 568/26/1
f 335/30/1 567/29/1 334/28/1
f 336/31/1 567/29/1 335/30/1
f 336/31/1 566/32/1 567/29/1
f 337/33/1 566/32/1 336/31/1
f 337/33/1 565/34/1 566/32/1
f 338/35/1 565/34/1 337/33/1
f 338/35/1 564/36/1 565/34/1
f 339/37/1 564/36/1 338/35/1
f 340/38/1 564/36/1 339/37/1
f 340/38/1 563/39/1 564/36/1
f 341/40/1 563/39/1 340/38/1
f 341/40/1 562/41/1 563/39/1
f 342/42/1 562/41/1 341/40/1
f 343/43/1 562/41/1 342/42/1
f 343/43/1 561/44/1 562/41/1
f 344/45/1 561/44/1 343/43/1
f 344/45/1 514/46/1 561/44/1
f 514/46/1 560/47/1 561/44/1
f 345/48/1 513/49/1 344/45/1
f 513/49/1 514/46/1 344/45/1
f 515/50/1 560/47/1 514/46/1
f 345/48/1 512/51/1 513/49/1
f 516/52/1 560/47/1 515/50/1
f 345/48/1 511/53/1 512/51/1
f 517/54/1 560/47/1 516/52/1
f 345/48/1 510/55/1 511/53/1
f 518/56/1 560/47/1 517/54/1
f 345/48/1 509/57/1 510/55/1
f 519/58/1 560/47/1 518/56/1
f 345/48/1 508/59/1 509/57/1
f 345/48/1 507/60/1 508/59/1
f 520/61/1 560/47/1 519/58/1
f 345/48/1 506/62/1 507/60/1
f 520/61/1 559/63/1 560/47/1
f 345/48/1 505/64/1 506/62/1
f 521/65/1 559/63/1 520/61/1
f 345/48/1 504/66/1 505/64/1
f 522/67/1 559/63/1 521/65/1
f 345/48/1 503/68/1 504/66/1
f 346/69/1 503/68/1 345/48/1
f 346/69/1 502/70/1 503/68/1
f 523/71/1 559/63/1 522/67/1
f 346/69/1 501/72/1 502/70/1
f 346/69/1 500/73/1 501/72/1
f 524/74/1 559/63/1 523/71/1
f 346/69/1 499/75/1 500/73/1
f 524/74/1 558/76/1 559/63/1
f 525/77/1 558/76/1 524/74/1
f 346/69/1 498/78/1 499/75/1
f 347/79/1 498/78/1 346/69/1
f 347/79/1 497/80/1 498/78/1
f 526/81/1 558/76/1 525/77/1
f 526/81/1 557/82/1 558/76/1
f 527/83/1 557/82/1 526/81/1
f 348/84/1 497/80/1 347/79/1
f 348/84/1 496/85/1 497/80/1
f 528/86/1 557/82/1 527/83/1
f 528/86/1 556/87/1 557/82/1
f 349/88/1 496/85/1 348/84/1
f 529/89/1 556/87/1 528/86/1
f 529/89/1 555/90/1 556/87/1
f 350/91/1 496/85/1 349/88/1
f 351/92/1 496/85/1 350/91/1
f 530/93/1 555/90/1 529/89/1
f 530/93/1 554/94/1 555/90/1
f 352/95/1 496/85/1 351/92/1
f 531/96/1 554/94/1 530/93/1
f 531/96/1 553/97/1 554/94/1
f 353/98/1 496/85/1 352/95/1
f 532/99/1 553/97/1 531/96/1
f 532/99/1 552/100/1 553/97/1
f 354/101/1 496/85/1 353/98/1
f 532/99/1 551/102/1 552/100/1
f 533/103/1 551/102/1 532/99/1
f 355/104/1 496/85/1 354/101/1
f 533/103/1 550/105/1 551/102/1
f 534/106/1 550/105/1 533/103/1
f 356/107/1 496/85/1 355/104/1
f 534/106/1 549/108/1 550/105/1
f 535/109/1 549/108/1 534/106/1
f 536/110/1 549/108/1 535/109/1
f 357/111/1 496/85/1 356/107/1
f 537/112/1 549/108/1 536/110/1
f 537/112/1 548/113/1 549/108/1
f 538/114/1 548/113/1 537/112/1
f 539/115/1 548/113/1 538/114/1
f 358/116/1 496/85/1 357/111/1
f 540/117/1 548/113/1 539/115/1
f 541/118/1 548/113/1 540/117/1
f 359/119/1 496/85/1 358/116/1
f 542/120/1 548/113/1 541/118/1
f 543/121/1 548/113/1 542/120/1
f 544/122/1 548/113/1 543/121/1
f 360/123/1 496/85/1 359/119/1
f 545/124/1 548/113/1 544/122/1
f 546/125/1 548/113/1 545/124/1
f 547/126/1 548/113/1 546/125/1
f 361/127/1 496/85/1 360/123/1
f 361/127/1 495/128/1 496/85/1
f 362/129/1 495/128/1 361/127/1
f 363/130/1 495/128/1 362/129/1
f 364/131/1 495/128/1 363/130/1
f 447/132/1 445/133/1 446/134/1
f 447/132/1 444/135/1 445/133/1
f 447/132/1 443/136/1 444/135/1
f 447/132/1 442/137/1 443/136/1
f 447/132/1 441/138/1 442/137/1
f 365/139/1 495/128/1 364/131/1
f 447/132/1 440/140/1 441/138/1
f 447/132/1 439/141/1 440/140/1
f 447/132/1 438/142/1 439/141/1
f 366/143/1 495/128/1 365/139/1
f 447/132/1 437/144/1 438/142/1
f 447/132/1 436/145/1 437/144/1
f 447/132/1 435/146/1 436/145/1
f 367/147/1 495/128/1 366/143/1
f 447/132/1 434/148/1 435/146/1
f 447/132/1 433/149/1 434/148/1
f 447/132/1 432/150/1 433/149/1
f 447/132/1 431/151/1 432/150/1
f 368/152/1 495/128/1 367/147/1
f 448/153/1 431/151/1 447/132/1
f 369/154/1 495/128/1 368/152/1
f 448/153/1 430/155/1 431/151/1
f 449/156/1 430/155/1 448/153/1
f 370/157/1 495/128/1 369/154/1
f 371/158/1 495/128/1 370/157/1
f 449/156/1 429/159/1 430/155/1
f 450/160/1 429/159/1 449/156/1
f 372/161/1 495/128/1 371/158/1
f 451/162/1 429/159/1 450/160/1
f 451/162/1 428/163/1 429/159/1
f 373/164/1 495/128/1 372/161/1
f 452/165/1 428/163/1 451/162/1
f 452/165/1 427/166/1 428/163/1
f 374/167/1 495/128/1 373/164/1
f 453/168/1 427/166/1 452/165/1
f 453/168/1 426/169/1 427/166/1
f 375/170/1 495/128/1 374/167/1
f 454/171/1 426/169/1 453/168/1
f 455/172/1 426/169/1 454/171/1
f 455/172/1 425/173/1 426/169/1
f 376/174/1 495/128/1 375/170/1
f 376/174/1 494/175/1 495/128/1
f 376/174/1 493/176/1 494/175/1
f 376/174/1 492/177/1 493/176/1
f 456/178/1 425/173/1 455/172/1
f 376/174/1 491/179/1 492/177/1
f 376/174/1 490/180/1 491/179/1
f 376/174/1 489/181/1 490/180/1
f 376/174/1 488/182/1 489/181/1
f 457/183/1 425/173/1 456/178/1
f 376/174/1 487/184/1 488/182/1
f 457/183/1 424/185/1 425/173/1
f 376/174/1 486/186/1 487/184/1
f 377/187/1 486/186/1 376/174/1
f 377/187/1 485/188/1 486/186/1
f 377/187/1 484/189/1 485/188/1
f 458/190/1 424/185/1 457/183/1
f 377/187/1 483/191/1 484/189/1
f 377/187/1 482/192/1 483/191/1
f 377/187/1 481/193/1 482/192/1
f 459/194/1 424/185/1 458/190/1
f 377/187/1 480/195/1 481/193/1
f 459/194/1 423/196/1 424/185/1
f 460/197/1 423/196/1 459/194/1
f 377/187/1 479/198/1 480/195/1
f 377/187/1 478/199/1 479/198/1
f 461/200/1 423/196/1 460/197/1
f 378/201/1 478/199/1 377/187/1
f 378/201/1 477/202/1 478/199/1
f 462/203/1 423/196/1 461/200/1
f 378/201/1 476/204/1 477/202/1
f 378/201/1 475/205/1 476/204/1
f 463/206/1 423/196/1 462/203/1
f 378/201/1 474/207/1 475/205/1
f 378/201/1 473/208/1 474/207/1
f 464/209/1 423/196/1 463/206/1
f 378/201/1 472/210/1 473/208/1
f 378/201/1 471/211/1 472/210/1
f 465/212/1 423/196/1 464/209/1
f 378/201/1 470/213/1 471/211/1
f 465/212/1 422/214/1 423/196/1
f 466/215/1 422/214/1 465/212/1
f 378/201/1 469/216/1 470/213/1
f 467/217/1 422/214/1 466/215/1
f 378/201/1 468/218/1 469/216/1
f 468/218/1 422/214/1 467/217/1
f 378/201/1 422/214/1 468/218/1
f 379/219/1 422/214/1 378/201/1
f 379/219/1 421/220/1 422/214/1
f 380/221/1 421/220/1 379/219/1
f 380/221/1 420/222/1 421/220/1
f 381/223/1 420/222/1 380/221/1
f 381/223/1 419/224/1 420/222/1
f 381/223/1 418/225/1 419/224/1
f 382/226/1 418/225/1 381/223/1
f 382/226/1 417/227/1 418/225/1
f 382/226/1 416/228/1 417/227/1
f 383/229/1 416/228/1 382/226/1
f 383/229/1 415/230/1 416/228/1
f 383/229/1 414/231/1 415/230/1
f 384/232/1 414/231/1 383/229/1
f 384/232/1 413/233/1 414/231/1
f 385/234/1 413/233/1 384/232/1
f 385/234/1 412/235/1 413/233/1
f 385/234/1 411/236/1 412/235/1
f 385/234/1 410/237/1 411/236/1
f 385/234/1 409/238/1 410/237/1
f 386/239/1 409/238/1 385/234/1
f 386/239/1 408/240/1 409/238/1
f 386/239/1 407/241/1 408/240/1
f 387/242/1 407/241/1 386/239/1
f 387/242/1 406/243/1 407/241/1
f 388/244/1 406/243/1 387/242/1
f 388/244/1 405/245/1 406/243/1
f 388/244/1 404/246/1 405/245/1
f 389/247/1 404/246/1 388/244/1
f 389/247/1 403/248/1 404/246/1
f 390/249/1 403/248/1 389/247/1
f 390/249/1 402/250/1 403/248/1
f 391/251/1 402/250/1 390/249/1
f 391/251/1 401/252/1 402/250/1
f 391/251/1 400/253/1 401/252/1
f 392/254/1 400/253/1 391/251/1
f 392/254/1 399/255/1 400/253/1
f 393/256/1 399/255/1 392/254/1
f 393/256/1 398/257/1 399/255/1
f 394/258/1 398/257/1 393/256/1
f 394/258/1 397/259/1 398/257/1
f 394/258/1 396/260/1 397/259/1
f 395/261/1 396/260/1 394/258/1
f 722/262/1 720/263/1 721/264/1
f 723/265/1 720/263/1 722/262/1
f 723/265/1 719/266/1 720/263/1
f 724/267/1 719/266/1 723/265/1
f 724/267/1 718/268/1 719/266/1
f 725/269/1 718/268/1 724/267/1
f 725/269/1 717/270/1 718/268/1
f 726/271/1 717/270/1 725/269/1
f 726/271/1 716/272/1 717/270/1
f 727/273/1 716/272/1 726/271/1
f 728/274/1 716/272/1 727/273/1
f 728/274/1 715/275/1 716/272/1
f 585/276/1 715/275/1 728/274/1
f 586/277/1 715/275/1 585/276/1
f 586/277/1 714/278/1 715/275/1
f 587/279/1 714/278/1 586/277/1
f 587/279/1 713/280/1 714/278/1
f 587/279/1 712/281/1 713/280/1
f 588/282/1 712/281/1 587/279/1
f 588/282/1 711/283/1 712/281/1
f 589/284/1 711/283/1 588/282/1
f 589/284/1 710/285/1 711/283/1
f 590/286/1 710/285/1 589/284/1
f 590/286/1 709/287/1 710/285/1
f 591/288/1 709/287/1 590/286/1
f 592/289/1 709/287/1 591/288/1
f 592/289/1 708/290/1 709/287/1
f 593/291/1 708/290/1 592/289/1
f 593/291/1 707/292/1 708/290/1
f 594/293/1 707/292/1 593/291/1
f 594/293/1 706/294/1 707/292/1
f 595/295/1 706/294/1 594/293/1
f 596/296/1 706/294/1 595/295/1
f 596/296/1 705/297/1 706/294/1
f 597/298/1 705/297/1 596/296/1
f 597/298/1 704/299/1 705/297/1
f 598/300/1 704/299/1 597/298/1
f 599/301/1 704/299/1 598/300/1
f 600/302/1 704/299/1 599/301/1
f 600/302/1 703/303/1 704/299/1
f 601/304/1 703/303/1 600/302/1
f 602/305/1 703/303/1 601/304/1
f 603/306/1 703/303/1 602/305/1
f 603/306/1 702/307/1 703/303/1
f 604/308/1 702/307/1 603/306/1
f 605/309/1 702/307/1 604/308/1
f 606/310/1 702/307/1 605/309/1
f 606/310/1 701/311/1 702/307/1
f 607/312/1 701/311/1 606/310/1
f 608/313/1 701/311/1 607/312/1
f 609/314/1 701/311/1 608/313/1
f 609/314/1 700/315/1 701/311/1
f 610/316/1 700/315/1 609/314/1
f 611/317/1 700/315/1 610/316/1
f 611/317/1 699/318/1 700/315/1
f 612/319/1 699/318/1 611/317/1
f 612/319/1 698/320/1 699/318/1
f 613/321/1 698/320/1 612/319/1
f 614/322/1 698/320/1 613/321/1
f 614/322/1 697/323/1 698/320/1
f 615/324/1 697/323/1 614/322/1
f 616/325/1 697/323/1 615/324/1
f 616/325/1 696/326/1 697/323/1
f 617/327/1 696/326/1 616/325/1
f 618/328/1 696/326/1 617/327/1
f 618/328/1 695/329/1 696/326/1
f 619/330/1 820/331/1 618/328/1
f 820/331/1 695/329/1 618/328/1
f 619/330/1 819/332/1 820/331/1
f 821/333/1 695/329/1 820/331/1
f 821/333/1 694/334/1 695/329/1
f 822/335/1 694/334/1 821/333/1
f 619/330/1 818/336/1 819/332/1
f 823/337/1 694/334/1 822/335/1
f 620/338/1 818/336/1 619/330/1
f 620/338/1 817/339/1 818/336/1
f 824/340/1 694/334/1 823/337/1
f 620/338/1 816/341/1 817/339/1
f 729/342/1 694/334/1 824/340/1
f 620/338/1 815/343/1 816/341/1
f 730/344/1 694/334/1 729/342/1
f 731/345/1 694/334/1 730/344/1
f 620/338/1 814/346/1 815/343/1
f 621/347/1 814/346/1 620/338/1
f 732/348/1 694/334/1 731/345/1
f 733/349/1 694/334/1 732/348/1
f 621/347/1 813/350/1 814/346/1
f 733/349/1 693/351/1 694/334/1
f 734/352/1 693/351/1 733/349/1
f 735/353/1 693/351/1 734/352/1
f 622/354/1 813/350/1 621/347/1
f 622/354/1 812/355/1 813/350/1
f 736/356/1 693/351/1 735/353/1
f 737/357/1 693/351/1 736/356/1
f 622/354/1 811/358/1 812/355/1
f 738/359/1 693/351/1 737/357/1
f 622/354/1 810/360/1 811/358/1
f 739/361/1 693/351/1 738/359/1
f 739/361/1 692/362/1 693/351/1
f 622/354/1 809/363/1 810/360/1
f 740/364/1 692/362/1 739/361/1
f 741/365/1 692/362/1 740/364/1
f 622/354/1 808/366/1 809/363/1
f 623/367/1 808/366/1 622/354/1
f 742/368/1 692/362/1 741/365/1
f 623/367/1 807/369/1 808/366/1
f 742/368/1 691/370/1 692/362/1
f 743/371/1 691/370/1 742/368/1
f 623/367/1 806/372/1 807/369/1
f 624/373/1 806/372/1 623/367/1
f 624/373/1 805/374/1 806/372/1
f 743/371/1 690/375/1 691/370/1
f 744/376/1 690/375/1 743/371/1
f 624/373/1 804/377/1 805/374/1
f 625/378/1 804/377/1 624/373/1
f 745/379/1 690/375/1 744/376/1
f 745/379/1 689/380/1 690/375/1
f 625/378/1 803/381/1 804/377/1
f 746/382/1 689/380/1 745/379/1
f 626/383/1 803/381/1 625/378/1
f 746/382/1 688/384/1 689/380/1
f 626/383/1 802/385/1 803/381/1
f 747/386/1 688/384/1 746/382/1
f 627/387/1 802/385/1 626/383/1
f 747/386/1 687/388/1 688/384/1
f 627/387/1 801/389/1 802/385/1
f 748/390/1 687/388/1 747/386/1
f 748/390/1 686/391/1 687/388/1
f 628/392/1 801/389/1 627/387/1
f 628/392/1 800/393/1 801/389/1
f 749/394/1 686/391/1 748/390/1
f 749/394/1 685/395/1 686/391/1
f 628/392/1 799/396/1 800/393/1
f 629/397/1 799/396/1 628/392/1
f 750/398/1 685/395/1 749/394/1
f 750/398/1 684/399/1 685/395/1
f 629/397/1 798/400/1 799/396/1
f 630/401/1 798/400/1 629/397/1
f 751/402/1 684/399/1 750/398/1
f 630/401/1 797/403/1 798/400/1
f 751/402/1 683/404/1 684/399/1
f 631/405/1 797/403/1 630/401/1
f 752/406/1 683/404/1 751/402/1
f 631/405/1 796/407/1 797/403/1
f 752/406/1 682/408/1 683/404/1
f 631/405/1 795/409/1 796/407/1
f 753/410/1 682/408/1 752/406/1
f 632/411/1 795/409/1 631/405/1
f 632/411/1 794/412/1 795/409/1
f 754/413/1 682/408/1 753/410/1
f 755/414/1 682/408/1 754/413/1
f 755/414/1 681/415/1 682/408/1
f 756/416/1 681/415/1 755/414/1
f 632/411/1 793/417/1 794/412/1
f 757/418/1 681/415/1 756/416/1
f 758/419/1 681/415/1 757/418/1
f 633/420/1 793/417/1 632/411/1
f 633/420/1 792/421/1 793/417/1
f 759/422/1 681/415/1 758/419/1
f 759/422/1 680/423/1 681/415/1
f 760/424/1 680/423/1 759/422/1
f 633/420/1 791/425/1 792/421/1
f 761/426/1 680/423/1 760/424/1
f 762/427/1 680/423/1 761/426/1
f 633/420/1 790/428/1 791/425/1
f 762/427/1 679/429/1 680/423/1
f 763/430/1 679/429/1 762/427/1
f 633/420/1 789/431/1 790/428/1
f 634/432/1 789/431/1 633/420/1
f 764/433/1 679/429/1 763/430/1
f 634/432/1 788/434/1 789/431/1
f 765/435/1 679/429/1 764/433/1
f 766/436/1 679/429/1 765/435/1
f 634/432/1 787/437/1 788/434/1
f 767/438/1 679/429/1 766/436/1
f 767/438/1 678/439/1 679/429/1
f 634/432/1 786/440/1 787/437/1
f 768/441/1 678/439/1 767/438/1
f 634/432/1 785/442/1 786/440/1
f 769/443/1 678/439/1 768/441/1
f 770/444/1 678/439/1 769/443/1
f 634/432/1 784/445/1 785/442/1
f 771/446/1 678/439/1 770/444/1
f 634/432/1 783/447/1 784/445/1
f 772/448/1 678/439/1 771/446/1
f 634/432/1 782/449/1 783/447/1
f 773/450/1 678/439/1 772/448/1
f 634/432/1 781/451/1 782/449/1
f 773/450/1 677/452/1 678/439/1
f 635/453/1 781/451/1 634/432/1
f 774/454/1 677/452/1 773/450/1
f 635/453/1 780/455/1 781/451/1
f 775/456/1 677/452/1 774/454/1
f 635/453/1 779/457/1 780/455/1
f 776/458/1 677/452/1 775/456/1
f 635/453/1 778/459/1 779/457/1
f 777/460/1 677/452/1 776/458/1
f 635/453/1 777/460/1 778/459/1
f 635/453/1 677/452/1 777/460/1
f 635/453/1 676/461/1 677/452/1
f 636/462/1 676/461/1 635/453/1
f 636/462/1 675/463/1 676/461/1
f 636/462/1 674/464/1 675/463/1
f 637/465/1 674/464/1 636/462/1
f 637/465/1 673/466/1 674/464/1
f 638/467/1 673/466/1 637/465/1
f 638/467/1 672/468/1 673/466/1
f 638/467/1 671/469/1 672/468/1
f 639/470/1 671/469/1 638/467/1
f 639/470/1 670/471/1 671/469/1
f 640/472/1 670/471/1 639/470/1
f 640/472/1 669/473/1 670/471/1
f 640/472/1 668/474/1 669/473/1
f 641/475/1 668/474/1 640/472/1
f 641/475/1 667/476/1 668/474/1
f 641/475/1 666/477/1 667/476/1
f 641/475/1 665/478/1 666/477/1
f 642/479/1 665/478/1 641/475/1
f 642/479/1 664/480/1 665/478/1
f 642/479/1 663/481/1 664/480/1
f 642/479/1 662/482/1 663/481/1
f 643/483/1 662/482/1 642/479/1
f 643/483/1 661/484/1 662/482/1
f 643/483/1 660/485/1 661/484/1
f 644/486/1 660/485/1 643/483/1
f 644/486/1 659/487/1 660/485/1
f 644/486/1 658/488/1 659/487/1
f 644/486/1 657/489/1 658/488/1
f 645/490/1 657/489/1 644/486/1
f 645/490/1 656/491/1 657/489/1
f 646/492/1 656/491/1 645/490/1
f 646/492/1 655/493/1 656/491/1
f 647/494/1 655/493/1 646/492/1
f 647/494/1 654/495/1 655/493/1
f 648/496/1 654/495/1 647/494/1
f 648/496/1 653/497/1 654/495/1
f 649/498/1 653/497/1 648/496/1
f 649/498/1 652/499/1 653/497/1
f 650/500/1 652/499/1 649/498/1
f 650/500/1 651/501/1 652/499/1
f 1071/502/1 1069/503/1 1070/504/1
f 1071/502/1 1068/505/1 1069/503/1
f 1072/506/1 1068/505/1 1071/502/1
f 1072/506/1 1067/507/1 1068/505/1
f 1073/508/1 1067/507/1 1072/506/1
f 1073/508/1 1066/509/1 1067/507/1
f 1074/510/1 1066/509/1 1073/508/1
f 1074/510/1 1065/511/1 1066/509/1
f 1075/512/1 1065/511/1 1074/510/1
f 1076/513/1 1065/511/1 1075/512/1
f 1076/513/1 1064/514/1 1065/511/1
f 1077/515/1 1064/514/1 1076/513/1
f 1078/516/1 1064/514/1 1077/515/1
f 1078/516/1 1063/517/1 1064/514/1
f 825/518/1 1063/517/1 1078/516/1
f 826/519/1 1063/517/1 825/518/1
f 826/519/1 1062/520/1 1063/517/1
f 827/521/1 1062/520/1 826/519/1
f 827/521/1 1061/522/1 1062/520/1
f 827/521/1 1060/523/1 1061/522/1
f 828/524/1 1060/523/1 827/521/1
f 828/524/1 1059/525/1 1060/523/1
f 829/526/1 1059/525/1 828/524/1
f 829/526/1 1058/527/1 1059/525/1
f 830/528/1 1058/527/1 829/526/1
f 830/528/1 1057/529/1 1058/527/1
f 830/528/1 1056/530/1 1057/529/1
f 831/531/1 1056/530/1 830/528/1
f 831/531/1 1055/532/1 1056/530/1
f 832/533/1 1055/532/1 831/531/1
f 832/533/1 1054/534/1 1055/532/1
f 833/535/1 1054/534/1 832/533/1
f 833/535/1 1053/536/1 1054/534/1
f 834/537/1 1053/536/1 833/535/1
f 834/537/1 1052/538/1 1053/536/1
f 835/539/1 1052/538/1 834/537/1
f 835/539/1 1051/540/1 1052/538/1
f 836/541/1 1051/540/1 835/539/1
f 836/541/1 1050/542/1 1051/540/1
f 837/543/1 1050/542/1 836/541/1
f 837/543/1 1049/544/1 1050/542/1
f 838/545/1 1049/544/1 837/543/1
f 839/546/1 1049/544/1 838/545/1
f 839/546/1 1015/547/1 1049/544/1
f 1015/547/1 1048/548/1 1049/544/1
f 840/549/1 1014/550/1 839/546/1
f 1014/550/1 1015/547/1 839/546/1
f 1016/551/1 1048/548/1 1015/547/1
f 840/549/1 1013/552/1 1014/550/1
f 1017/553/1 1048/548/1 1016/551/1
f 840/549/1 1012/554/1 1013/552/1
f 840/549/1 1011/555/1 1012/554/1
f 1018/556/1 1048/548/1 1017/553/1
f 840/549/1 1010/557/1 1011/555/1
f 1019/558/1 1048/548/1 1018/556/1
f 840/549/1 1009/559/1 1010/557/1
f 840/549/1 1008/560/1 1009/559/1
f 1020/561/1 1048/548/1 1019/558/1
f 1020/561/1 1047/562/1 1048/548/1
f 840/549/1 1007/563/1 1008/560/1
f 841/564/1 1007/563/1 840/549/1
f 1021/565/1 1047/562/1 1020/561/1
f 841/564/1 1006/566/1 1007/563/1
f 841/564/1 1005/567/1 1006/566/1
f 1022/568/1 1047/562/1 1021/565/1
f 841/564/1 1004/569/1 1005/567/1
f 841/564/1 1003/570/1 1004/569/1
f 1023/571/1 1047/562/1 1022/568/1
f 841/564/1 1002/572/1 1003/570/1
f 842/573/1 1002/572/1 841/564/1
f 1023/571/1 1046/574/1 1047/562/1
f 842/573/1 1001/575/1 1002/572/1
f 1024/576/1 1046/574/1 1023/571/1
f 842/573/1 1000/577/1 1001/575/1
f 843/578/1 1000/577/1 842/573/1
f 1025/579/1 1046/574/1 1024/576/1
f 843/578/1 999/580/1 1000/577/1
f 1025/579/1 1045/581/1 1046/574/1
f 843/578/1 998/582/1 999/580/1
f 1026/583/1 1045/581/1 1025/579/1
f 844/584/1 998/582/1 843/578/1
f 1026/583/1 1044/585/1 1045/581/1
f 844/584/1 997/586/1 998/582/1
f 1027/587/1 1044/585/1 1026/583/1
f 845/588/1 997/586/1 844/584/1
f 845/588/1 996/589/1 997/586/1
f 1028/590/1 1044/585/1 1027/587/1
f 1028/590/1 1043/591/1 1044/585/1
f 1029/592/1 1043/591/1 1028/590/1
f 846/593/1 996/589/1 845/588/1
f 1030/594/1 1043/591/1 1029/592/1
f 846/593/1 995/595/1 996/589/1
f 1031/596/1 1043/591/1 1030/594/1
f 1031/596/1 1042/597/1 1043/591/1
f 1032/598/1 1042/597/1 1031/596/1
f 1033/599/1 1042/597/1 1032/598/1
f 1034/600/1 1042/597/1 1033/599/1
f 1035/601/1 1042/597/1 1034/600/1
f 846/593/1 994/602/1 995/595/1
f 847/603/1 994/602/1 846/593/1
f 1036/604/1 1042/597/1 1035/601/1
f 1037/605/1 1042/597/1 1036/604/1
f 1038/606/1 1042/597/1 1037/605/1
f 1039/607/1 1042/597/1 1038/606/1
f 1040/608/1 1042/597/1 1039/607/1
f 1041/609/1 1042/597/1 1040/608/1
f 847/603/1 993/610/1 994/602/1
f 848/611/1 993/610/1 847/603/1
f 848/611/1 992/612/1 993/610/1
f 849/613/1 992/612/1 848/611/1
f 940/614/1 938/615/1 939/616/1
f 940/614/1 937/617/1 938/615/1
f 940/614/1 936/618/1 937/617/1
f 849/613/1 991/619/1 992/612/1
f 850/620/1 991/619/1 849/613/1
f 941/621/1 942/622/1 940/614/1
f 942/622/1 943/623/1 940/614/1
f 943/623/1 936/618/1 940/614/1
f 850/620/1 990/624/1 991/619/1
f 851/625/1 990/624/1 850/620/1
f 944/626/1 936/618/1 943/623/1
f 852/627/1 990/624/1 851/625/1
f 852/627/1 989/628/1 990/624/1
f 853/629/1 989/628/1 852/627/1
f 853/629/1 988/630/1 989/628/1
f 945/631/1 936/618/1 944/626/1
f 946/632/1 936/618/1 945/631/1
f 854/633/1 988/630/1 853/629/1
f 854/633/1 987/634/1 988/630/1
f 947/635/1 936/618/1 946/632/1
f 855/636/1 987/634/1 854/633/1
f 947/635/1 935/637/1 936/618/1
f 948/638/1 935/637/1 947/635/1
f 855/636/1 986/639/1 987/634/1
f 949/640/1 935/637/1 948/638/1
f 856/641/1 986/639/1 855/636/1
f 856/641/1 985/642/1 986/639/1
f 950/643/1 935/637/1 949/640/1
f 857/644/1 985/642/1 856/641/1
f 951/645/1 935/637/1 950/643/1
f 857/644/1 984/646/1 985/642/1
f 952/647/1 935/637/1 951/645/1
f 858/648/1 984/646/1 857/644/1
f 858/648/1 983/649/1 984/646/1
f 953/650/1 935/637/1 952/647/1
f 859/651/1 983/649/1 858/648/1
f 859/651/1 982/652/1 983/649/1
f 954/653/1 935/637/1 953/650/1
f 859/651/1 981/654/1 982/652/1
f 860/655/1 981/654/1 859/651/1
f 860/655/1 980/656/1 981/654/1
f 955/657/1 935/637/1 954/653/1
f 860/655/1 979/658/1 980/656/1
f 956/659/1 935/637/1 955/657/1
f 860/655/1 978/660/1 979/658/1
f 861/661/1 978/660/1 860/655/1
f 957/662/1 935/637/1 956/659/1
f 861/661/1 977/663/1 978/660/1
f 958/664/1 935/637/1 957/662/1
f 861/661/1 976/665/1 977/663/1
f 959/666/1 935/637/1 958/664/1
f 861/661/1 975/667/1 976/665/1
f 862/668/1 975/667/1 861/661/1
f 960/669/1 935/637/1 959/666/1
f 862/668/1 974/670/1 975/667/1
f 961/671/1 935/637/1 960/669/1
f 962/672/1 935/637/1 961/671/1
f 862/668/1 973/673/1 974/670/1
f 963/674/1 935/637/1 962/672/1
f 862/668/1 972/675/1 973/673/1
f 964/676/1 935/637/1 963/674/1
f 862/668/1 971/677/1 972/675/1
f 965/678/1 935/637/1 964/676/1
f 862/668/1 970/679/1 971/677/1
f 966/680/1 935/637/1 965/678/1
f 862/668/1 969/681/1 970/679/1
f 967/682/1 935/637/1 966/680/1
f 862/668/1 968/683/1 969/681/1
f 968/683/1 935/637/1 967/682/1
f 862/668/1 907/684/1 968/683/1
f 907/684/1 908/685/1 968/683/1
f 908/685/1 935/637/1 968/683/1
f 863/686/1 907/684/1 862/668/1
f 864/687/1 907/684/1 863/686/1
f 865/688/1 907/684/1 864/687/1
f 866/689/1 907/684/1 865/688/1
f 866/689/1 906/690/1 907/684/1
f 866/689/1 905/691/1 906/690/1
f 909/692/1 935/637/1 908/685/1
f 866/689/1 904/693/1 905/691/1
f 910/694/1 935/637/1 909/692/1
f 866/689/1 903/695/1 904/693/1
f 911/696/1 935/637/1 910/694/1
f 866/689/1 902/697/1 903/695/1
f 866/689/1 901/698/1 902/697/1
f 912/699/1 935/637/1 911/696/1
f 866/689/1 900/700/1 901/698/1
f 866/689/1 899/701/1 900/700/1
f 913/702/1 935/637/1 912/699/1
f 866/689/1 898/703/1 899/701/1
f 866/689/1 897/704/1 898/703/1
f 866/689/1 896/705/1 897/704/1
f 914/706/1 935/637/1 913/702/1
f 866/689/1 895/707/1 896/705/1
f 915/708/1 935/637/1 914/706/1
f 866/689/1 894/709/1 895/707/1
f 866/689/1 893/710/1 894/709/1
f 916/711/1 935/637/1 915/708/1
f 866/689/1 892/712/1 893/710/1
f 866/689/1 891/713/1 892/712/1
f 917/714/1 935/637/1 916/711/1
f 867/715/1 891/713/1 866/689/1
f 867/715/1 890/716/1 891/713/1
f 918/717/1 935/637/1 917/714/1
f 867/715/1 889/718/1 890/716/1
f 867/715/1 888/719/1 889/718/1
f 919/720/1 935/637/1 918/717/1
f 867/715/1 887/721/1 888/719/1
f 920/722/1 935/637/1 919/720/1
f 867/715/1 886/723/1 887/721/1
f 867/715/1 885/724/1 886/723/1
f 921/725/1 935/637/1 920/722/1
f 867/715/1 884/726/1 885/724/1
f 868/727/1 884/726/1 867/715/1
f 922/728/1 935/637/1 921/725/1
f 923/729/1 935/637/1 922/728/1
f 924/730/1 935/637/1 923/729/1
f 925/731/1 935/637/1 924/730/1
f 868/727/1 883/732/1 884/726/1
f 926/733/1 935/637/1 925/731/1
f 927/734/1 935/637/1 926/733/1
f 869/735/1 883/732/1 868/727/1
f 928/736/1 935/637/1 927/734/1
f 869/735/1 882/737/1 883/732/1
f 929/738/1 935/637/1 928/736/1
f 930/739/1 935/637/1 929/738/1
f 869/735/1 881/740/1 882/737/1
f 931/741/1 935/637/1 930/739/1
f 870/742/1 881/740/1 869/735/1
f 932/743/1 935/637/1 931/741/1
f 933/744/1 935/637/1 932/743/1
f 934/745/1 935/637/1 933/744/1
f 870/742/1 880/746/1 881/740/1
f 871/747/1 880/746/1 870/742/1
f 871/747/1 879/748/1 880/746/1
f 871/747/1 878/749/1 879/748/1
f 872/750/1 878/749/1 871/747/1
f 872/750/1 877/751/1 878/749/1
f 872/750/1 876/752/1 877/751/1
f 873/753/1 876/752/1 872/750/1
f 873/753/1 875/754/1 876/752/1
f 873/753/1 874/755/1 875/754/1
f 1241/756/1 1239/757/1 1240/758/1
f 1241/756/1 1238/759/1 1239/757/1
f 1242/760/1 1238/759/1 1241/756/1
f 1242/760/1 1237/761/1 1238/759/1
f 1243/762/1 1237/761/1 1242/760/1
f 1243/762/1 1236/763/1 1237/761/1
f 1244/764/1 1236/763/1 1243/762/1
f 1244/764/1 1235/765/1 1236/763/1
f 1245/766/1 1235/765/1 1244/764/1
f 1245/766/1 1234/767/1 1235/765/1
f 1246/768/1 1234/767/1 1245/766/1
f 1079/769/1 1234/767/1 1246/768/1
f 1080/770/1 1234/767/1 1079/769/1
f 1080/770/1 1233/771/1 1234/767/1
f 1080/770/1 1232/772/1 1233/771/1
f 1081/773/1 1232/772/1 1080/770/1
f 1081/773/1 1231/774/1 1232/772/1
f 1082/775/1 1231/774/1 1081/773/1
f 1082/775/1 1230/776/1 1231/774/1
f 1083/777/1 1230/776/1 1082/775/1
f 1083/777/1 1229/778/1 1230/776/1
f 1084/779/1 1229/778/1 1083/777/1
f 1084/779/1 1228/780/1 1229/778/1
f 1085/781/1 1228/780/1 1084/779/1
f 1086/782/1 1228/780/1 1085/781/1
f 1086/782/1 1227/783/1 1228/780/1
f 1087/784/1 1227/783/1 1086/782/1
f 1088/785/1 1227/783/1 1087/784/1
f 1088/785/1 1226/786/1 1227/783/1
f 1089/787/1 1226/786/1 1088/785/1
f 1090/788/1 1226/786/1 1089/787/1
f 1090/788/1 1225/789/1 1226/786/1
f 1091/790/1 1225/789/1 1090/788/1
f 1092/791/1 1225/789/1 1091/790/1
f 1092/791/1 1224/792/1 1225/789/1
f 1092/791/1 1223/793/1 1224/792/1
f 1093/794/1 1223/793/1 1092/791/1
f 1093/794/1 1222/795/1 1223/793/1
f 1094/796/1 1222/795/1 1093/794/1
f 1094/796/1 1221/797/1 1222/795/1
f 1095/798/1 1221/797/1 1094/796/1
f 1095/798/1 1220/799/1 1221/797/1
f 1096/800/1 1220/799/1 1095/798/1
f 1096/800/1 1219/801/1 1220/799/1
f 1097/802/1 1219/801/1 1096/800/1
f 1097/802/1 1218/803/1 1219/801/1
f 1098/804/1 1218/803/1 1097/802/1
f 1098/804/1 1217/805/1 1218/803/1
f 1099/806/1 1217/805/1 1098/804/1
f 1099/806/1 1216/807/1 1217/805/1
f 1100/808/1 1216/807/1 1099/806/1
f 1100/808/1 1215/809/1 1216/807/1
f 1101/810/1 1215/809/1 1100/808/1
f 1101/810/1 1214/811/1 1215/809/1
f 1101/810/1 1213/812/1 1214/811/1
f 1102/813/1 1338/814/1 1101/810/1
f 1338/814/1 1213/812/1 1101/810/1
f 1102/813/1 1337/815/1 1338/814/1
f 1339/816/1 1213/812/1 1338/814/1
f 1340/817/1 1213/812/1 1339/816/1
f 1102/813/1 1336/818/1 1337/815/1
f 1341/819/1 1213/812/1 1340/817/1
f 1102/813/1 1335/820/1 1336/818/1
f 1341/819/1 1212/821/1 1213/812/1
f 1342/822/1 1212/821/1 1341/819/1
f 1103/823/1 1335/820/1 1102/813/1
f 1103/823/1 1334/824/1 1335/820/1
f 1247/825/1 1212/821/1 1342/822/1
f 1103/823/1 1333/826/1 1334/824/1
f 1248/827/1 1212/821/1 1247/825/1
f 1249/828/1 1212/821/1 1248/827/1
f 1103/823/1 1332/829/1 1333/826/1
f 1250/830/1 1212/821/1 1249/828/1
f 1251/831/1 1212/821/1 1250/830/1
f 1103/823/1 1331/832/1 1332/829/1
f 1252/833/1 1212/821/1 1251/831/1
f 1252/833/1 1211/834/1 1212/821/1
f 1253/835/1 1211/834/1 1252/833/1
f 1104/836/1 1331/832/1 1103/823/1
f 1104/836/1 1330/837/1 1331/832/1
f 1254/838/1 1211/834/1 1253/835/1
f 1104/836/1 1329/839/1 1330/837/1
f 1255/840/1 1211/834/1 1254/838/1
f 1104/836/1 1328/841/1 1329/839/1
f 1256/842/1 1211/834/1 1255/840/1
f 1105/843/1 1328/841/1 1104/836/1
f 1105/843/1 1327/844/1 1328/841/1
f 1256/842/1 1210/845/1 1211/834/1
f 1257/846/1 1210/845/1 1256/842/1
f 1105/843/1 1326/847/1 1327/844/1
f 1258/848/1 1210/845/1 1257/846/1
f 1106/849/1 1326/847/1 1105/843/1
f 1258/848/1 1209/850/1 1210/845/1
f 1259/851/1 1209/850/1 1258/848/1
f 1106/849/1 1325/852/1 1326/847/1
f 1107/853/1 1325/852/1 1106/849/1
f 1260/854/1 1209/850/1 1259/851/1
f 1260/854/1 1208/855/1 1209/850/1
f 1107/853/1 1324/856/1 1325/852/1
f 1108/857/1 1324/856/1 1107/853/1
f 1261/858/1 1208/855/1 1260/854/1
f 1108/857/1 1323/859/1 1324/856/1
f 1261/858/1 1207/860/1 1208/855/1
f 1109/861/1 1323/859/1 1108/857/1
f 1262/862/1 1207/860/1 1261/858/1
f 1109/861/1 1322/863/1 1323/859/1
f 1110/864/1 1322/863/1 1109/861/1
f 1262/862/1 1206/865/1 1207/860/1
f 1111/866/1 1322/863/1 1110/864/1
f 1263/867/1 1206/865/1 1262/862/1
f 1111/866/1 1321/868/1 1322/863/1
f 1263/867/1 1205/869/1 1206/865/1
f 1112/870/1 1321/868/1 1111/866/1
f 1264/871/1 1205/869/1 1263/867/1
f 1112/870/1 1320/872/1 1321/868/1
f 1264/871/1 1204/873/1 1205/869/1
f 1113/874/1 1320/872/1 1112/870/1
f 1114/875/1 1320/872/1 1113/874/1
f 1264/871/1 1203/876/1 1204/873/1
f 1265/877/1 1203/876/1 1264/871/1
f 1114/875/1 1319/878/1 1320/872/1
f 1115/879/1 1319/878/1 1114/875/1
f 1265/877/1 1202/880/1 1203/876/1
f 1266/881/1 1202/880/1 1265/877/1
f 1116/882/1 1319/878/1 1115/879/1
f 1116/882/1 1318/883/1 1319/878/1
f 1266/881/1 1201/884/1 1202/880/1
f 1117/885/1 1318/883/1 1116/882/1
f 1267/886/1 1201/884/1 1266/881/1
f 1117/885/1 1317/887/1 1318/883/1
f 1267/886/1 1200/888/1 1201/884/1
f 1118/889/1 1317/887/1 1117/885/1
f 1267/886/1 1199/890/1 1200/888/1
f 1268/891/1 1199/890/1 1267/886/1
f 1118/889/1 1316/892/1 1317/887/1
f 1119/893/1 1316/892/1 1118/889/1
f 1268/891/1 1198/894/1 1199/890/1
f 1120/895/1 1316/892/1 1119/893/1
f 1120/895/1 1315/896/1 1316/892/1
f 1269/897/1 1198/894/1 1268/891/1
f 1269/897/1 1197/898/1 1198/894/1
f 1269/897/1 1196/899/1 1197/898/1
f 1121/900/1 1315/896/1 1120/895/1
f 1121/900/1 1314/901/1 1315/896/1
f 1269/897/1 1195/902/1 1196/899/1
f 1270/903/1 1195/902/1 1269/897/1
f 1122/904/1 1314/901/1 1121/900/1
f 1270/903/1 1194/905/1 1195/902/1
f 1122/904/1 1313/906/1 1314/901/1
f 1270/903/1 1193/907/1 1194/905/1
f 1123/908/1 1313/906/1 1122/904/1
f 1271/909/1 1193/907/1 1270/903/1
f 1271/909/1 1192/910/1 1193/907/1
f 1123/908/1 1312/911/1 1313/906/1
f 1124/912/1 1312/911/1 1123/908/1
f 1271/909/1 1191/913/1 1192/910/1
f 1272/914/1 1191/913/1 1271/909/1
f 1124/912/1 1311/915/1 1312/911/1
f 1273/916/1 1191/913/1 1272/914/1
f 1273/916/1 1190/917/1 1191/913/1
f 1274/918/1 1190/917/1 1273/916/1
f 1125/919/1 1311/915/1 1124/912/1
f 1274/918/1 1189/920/1 1190/917/1
f 1275/921/1 1189/920/1 1274/918/1
f 1125/919/1 1310/922/1 1311/915/1
f 1276/923/1 1189/920/1 1275/921/1
f 1276/923/1 1188/924/1 1189/920/1
f 1126/925/1 1310/922/1 1125/919/1
f 1277/926/1 1188/924/1 1276/923/1
f 1277/926/1 1187/927/1 1188/924/1
f 1126/925/1 1309/928/1 1310/922/1
f 1277/926/1 1186/929/1 1187/927/1
f 1278/930/1 1186/929/1 1277/926/1
f 1279/931/1 1186/929/1 1278/930/1
f 1126/925/1 1308/932/1 1309/928/1
f 1127/933/1 1308/932/1 1126/925/1
f 1280/934/1 1186/929/1 1279/931/1
f 1280/934/1 1185/935/1 1186/929/1
f 1127/933/1 1307/936/1 1308/932/1
f 1281/937/1 1185/935/1 1280/934/1
f 1127/933/1 1306/938/1 1307/936/1
f 1128/939/1 1306/938/1 1127/933/1
f 1282/940/1 1185/935/1 1281/937/1
f 1128/939/1 1305/941/1 1306/938/1
f 1283/942/1 1185/935/1 1282/940/1
f 1284/943/1 1185/935/1 1283/942/1
f 1128/939/1 1304/944/1 1305/941/1
f 1284/943/1 1184/945/1 1185/935/1
f 1285/946/1 1184/945/1 1284/943/1
f 1128/939/1 1303/947/1 1304/944/1
f 1286/948/1 1184/945/1 1285/946/1
f 1129/949/1 1303/947/1 1128/939/1
f 1287/950/1 1184/945/1 1286/948/1
f 1129/949/1 1302/951/1 1303/947/1
f 1288/952/1 1184/945/1 1287/950/1
f 1129/949/1 1301/953/1 1302/951/1
f 1289/954/1 1184/945/1 1288/952/1
f 1129/949/1 1300/955/1 1301/953/1
f 1290/956/1 1184/945/1 1289/954/1
f 1129/949/1 1299/957/1 1300/955/1
f 1291/958/1 1184/945/1 1290/956/1
f 1291/958/1 1183/959/1 1184/945/1
f 1129/949/1 1298/960/1 1299/957/1
f 1130/961/1 1298/960/1 1129/949/1
f 1292/962/1 1183/959/1 1291/958/1
f 1130/961/1 1297/963/1 1298/960/1
f 1293/964/1 1183/959/1 1292/962/1
f 1130/961/1 1296/965/1 1297/963/1
f 1294/966/1 1183/959/1 1293/964/1
f 1130/961/1 1295/967/1 1296/965/1
f 1295/967/1 1183/959/1 1294/966/1
f 1130/961/1 1183/959/1 1295/967/1
f 1131/968/1 1183/959/1 1130/961/1
f 1131/968/1 1182/969/1 1183/959/1
f 1132/970/1 1182/969/1 1131/968/1
f 1132/970/1 1181/971/1 1182/969/1
f 1133/972/1 1181/971/1 1132/970/1
f 1133/972/1 1180/973/1 1181/971/1
f 1134/974/1 1180/973/1 1133/972/1
f 1134/974/1 1179/975/1 1180/973/1
f 1135/976/1 1179/975/1 1134/974/1
f 1136/977/1 1179/975/1 1135/976/1
f 1136/977/1 1178/978/1 1179/975/1
f 1137/979/1 1178/978/1 1136/977/1
f 1137/979/1 1177/980/1 1178/978/1
f 1138/981/1 1177/980/1 1137/979/1
f 1138/981/1 1176/982/1 1177/980/1
f 1139/983/1 1176/982/1 1138/981/1
f 1139/983/1 1175/984/1 1176/982/1
f 1140/985/1 1175/984/1 1139/983/1
f 1140/985/1 1174/986/1 1175/984/1
f 1141/987/1 1174/986/1 1140/985/1
f 1141/987/1 1173/988/1 1174/986/1
f 1142/989/1 1173/988/1 1141/987/1
f 1142/989/1 1172/990/1 1173/988/1
f 1143/991/1 1172/990/1 1142/989/1
f 1143/991/1 1171/992/1 1172/990/1
f 1144/993/1 1171/992/1 1143/991/1
f 1144/993/1 1170/994/1 1171/992/1
f 1145/995/1 1170/994/1 1144/993/1
f 1145/995/1 1169/996/1 1170/994/1
f 1146/997/1 1169/996/1 1145/995/1
f 1146/997/1 1168/998/1 1169/996/1
f 1147/999/1 1168/998/1 1146/997/1
f 1147/999/1 1167/1000/1 1168/998/1
f 1148/1001/1 1167/1000/1 1147/999/1
f 1148/1001/1 1166/1002/1 1167/1000/1
f 1149/1003/1 1166/1002/1 1148/1001/1
f 1149/1003/1 1165/1004/1 1166/1002/1
f 1150/1005/1 1165/1004/1 1149/1003/1
f 1150/1005/1 1164/1006/1 1165/1004/1
f 1151/1007/1 1164/1006/1 1150/1005/1
f 1151/1007/1 1163/1008/1 1164/1006/1
f 1152/1009/1 1163/1008/1 1151/1007/1
f 1152/1009/1 1162/1010/1 1163/1008/1
f 1153/1011/1 1162/1010/1 1152/1009/1
f 1153/1011/1 1161/1012/1 1162/1010/1
f 1154/1013/1 1161/1012/1 1153/1011/1
f 1154/1013/1 1160/1014/1 1161/1012/1
f 1155/1015/1 1160/1014/1 1154/1013/1
f 1155/1015/1 1159/1016/1 1160/1014/1
f 1156/1017/1 1159/1016/1 1155/1015/1
f 1156/1017/1 1158/1018/1 1159/1016/1
f 1157/1019/1 1158/1018/1 1156/1017/1
f 1668/1020/1 1666/1021/1 1667/1022/1
f 1668/1020/1 1665/1023/1 1666/1021/1
f 1669/1024/1 1665/1023/1 1668/1020/1
f 1669/1024/1 1664/1025/1 1665/1023/1
f 1670/1026/1 1664/1025/1 1669/1024/1
f 1670/1026/1 1663/1027/1 1664/1025/1
f 1671/1028/1 1663/1027/1 1670/1026/1
f 1671/1028/1 1662/1029/1 1663/1027/1
f 1672/1030/1 1662/1029/1 1671/1028/1
f 1672/1030/1 1661/1031/1 1662/1029/1
f 1343/1032/1 1661/1031/1 1672/1030/1
f 1343/1032/1 1660/1033/1 1661/1031/1
f 1344/1034/1 1660/1033/1 1343/1032/1
f 1344/1034/1 1659/1035/1 1660/1033/1
f 1345/1036/1 1659/1035/1 1344/1034/1
f 1346/1037/1 1659/1035/1 1345/1036/1
f 1346/1037/1 1658/1038/1 1659/1035/1
f 1347/1039/1 1658/1038/1 1346/1037/1
f 1348/1040/1 1658/1038/1 1347/1039/1
f 1348/1040/1 1657/1041/1 1658/1038/1
f 1349/1042/1 1657/1041/1 1348/1040/1
f 1350/1043/1 1657/1041/1 1349/1042/1
f 1350/1043/1 1656/1044/1 1657/1041/1
f 1351/1045/1 1656/1044/1 1350/1043/1
f 1352/1046/1 1656/1044/1 1351/1045/1
f 1352/1046/1 1655/1047/1 1656/1044/1
f 1353/1048/1 1655/1047/1 1352/1046/1
f 1354/1049/1 1655/1047/1 1353/1048/1
f 1354/1049/1 1654/1050/1 1655/1047/1
f 1355/1051/1 1654/1050/1 1354/1049/1
f 1355/1051/1 1653/1052/1 1654/1050/1
f 1356/1053/1 1653/1052/1 1355/1051/1
f 1357/1054/1 1653/1052/1 1356/1053/1
f 1357/1054/1 1652/1055/1 1653/1052/1
f 1358/1056/1 1652/1055/1 1357/1054/1
f 1358/1056/1 1651/1057/1 1652/1055/1
f 1359/1058/1 1651/1057/1 1358/1056/1
f 1359/1058/1 1650/1059/1 1651/1057/1
f 1360/1060/1 1650/1059/1 1359/1058/1
f 1360/1060/1 1649/1061/1 1650/1059/1
f 1361/1062/1 1649/1061/1 1360/1060/1
f 1361/1062/1 1648/1063/1 1649/1061/1
f 1362/1064/1 1648/1063/1 1361/1062/1
f 1363/1065/1 1648/1063/1 1362/1064/1
f 1363/1065/1 1647/1066/1 1648/1063/1
f 1364/1067/1 1647/1066/1 1363/1065/1
f 1364/1067/1 1646/1068/1 1647/1066/1
f 1365/1069/1 1646/1068/1 1364/1067/1
f 1365/1069/1 1645/1070/1 1646/1068/1
f 1366/1071/1 1645/1070/1 1365/1069/1
f 1367/1072/1 1645/1070/1 1366/1071/1
f 1367/1072/1 1644/1073/1 1645/1070/1
f 1368/1074/1 1644/1073/1 1367/1072/1
f 1368/1074/1 1643/1075/1 1644/1073/1
f 1369/1076/1 1643/1075/1 1368/1074/1
f 1369/1076/1 1642/1077/1 1643/1075/1
f 1370/1078/1 1642/1077/1 1369/1076/1
f 1371/1079/1 1642/1077/1 1370/1078/1
f 1371/1079/1 1641/1080/1 1642/1077/1
f 1372/1081/1 1604/1082/1 1371/1079/1
f 1604/1082/1 1641/1080/1 1371/1079/1
f 1372/1081/1 1603/1083/1 1604/1082/1
f 1605/1084/1 1641/1080/1 1604/1082/1
f 1372/1081/1 1602/1085/1 1603/1083/1
f 1606/1086/1 1641/1080/1 1605/1084/1
f 1372/1081/1 1601/1087/1 1602/1085/1
f 1606/1086/1 1640/1088/1 1641/1080/1
f 1607/1089/1 1640/1088/1 1606/1086/1
f 1373/1090/1 1601/1087/1 1372/1081/1
f 1373/1090/1 1600/1091/1 1601/1087/1
f 1608/1092/1 1640/1088/1 1607/1089/1
f 1373/1090/1 1599/1093/1 1600/1091/1
f 1609/1094/1 1640/1088/1 1608/1092/1
f 1374/1095/1 1599/1093/1 1373/1090/1
f 1374/1095/1 1598/1096/1 1599/1093/1
f 1610/1097/1 1640/1088/1 1609/1094/1
f 1610/1097/1 1639/1098/1 1640/1088/1
f 1374/1095/1 1597/1099/1 1598/1096/1
f 1375/1100/1 1597/1099/1 1374/1095/1
f 1611/1101/1 1639/1098/1 1610/1097/1
f 1375/1100/1 1596/1102/1 1597/1099/1
f 1612/1103/1 1639/1098/1 1611/1101/1
f 1375/1100/1 1595/1104/1 1596/1102/1
f 1613/1105/1 1639/1098/1 1612/1103/1
f 1375/1100/1 1594/1106/1 1595/1104/1
f 1614/1107/1 1639/1098/1 1613/1105/1
f 1375/1100/1 1593/1108/1 1594/1106/1
f 1376/1109/1 1593/1108/1 1375/1100/1
f 1376/1109/1 1592/1110/1 1593/1108/1
f 1614/1107/1 1638/1111/1 1639/1098/1
f 1615/1112/1 1638/1111/1 1614/1107/1
f 1376/1109/1 1591/1113/1 1592/1110/1
f 1616/1114/1 1638/1111/1 1615/1112/1
f 1376/1109/1 1590/1115/1 1591/1113/1
f 1617/1116/1 1638/1111/1 1616/1114/1
f 1376/1109/1 1589/1117/1 1590/1115/1
f 1377/1118/1 1589/1117/1 1376/1109/1
f 1377/1118/1 1588/1119/1 1589/1117/1
f 1618/1120/1 1638/1111/1 1617/1116/1
f 1618/1120/1 1637/1121/1 1638/1111/1
f 1377/1118/1 1587/1122/1 1588/1119/1
f 1619/1123/1 1637/1121/1 1618/1120/1
f 1378/1124/1 1587/1122/1 1377/1118/1
f 1378/1124/1 1586/1125/1 1587/1122/1
f 1620/1126/1 1637/1121/1 1619/1123/1
f 1378/1124/1 1585/1127/1 1586/1125/1
f 1621/1128/1 1637/1121/1 1620/1126/1
f 1379/1129/1 1585/1127/1 1378/1124/1
f 1622/1130/1 1637/1121/1 1621/1128/1
f 1622/1130/1 1636/1131/1 1637/1121/1
f 1379/1129/1 1584/1132/1 1585/1127/1
f 1623/1133/1 1636/1131/1 1622/1130/1
f 1624/1134/1 1636/1131/1 1623/1133/1
f 1625/1135/1 1636/1131/1 1624/1134/1
f 1379/1129/1 1583/1136/1 1584/1132/1
f 1626/1137/1 1636/1131/1 1625/1135/1
f 1380/1138/1 1583/1136/1 1379/1129/1
f 1627/1139/1 1636/1131/1 1626/1137/1
f 1380/1138/1 1582/1140/1 1583/1136/1
f 1628/1141/1 1636/1131/1 1627/1139/1
f 1380/1138/1 1581/1142/1 1582/1140/1
f 1629/1143/1 1636/1131/1 1628/1141/1
f 1381/1144/1 1581/1142/1 1380/1138/1
f 1381/1144/1 1580/1145/1 1581/1142/1
f 1630/1146/1 1636/1131/1 1629/1143/1
f 1381/1144/1 1579/1147/1 1580/1145/1
f 1631/1148/1 1636/1131/1 1630/1146/1
f 1381/1144/1 1578/1149/1 1579/1147/1
f 1632/1150/1 1636/1131/1 1631/1148/1
f 1382/1151/1 1578/1149/1 1381/1144/1
f 1633/1152/1 1636/1131/1 1632/1150/1
f 1382/1151/1 1577/1153/1 1578/1149/1
f 1634/1154/1 1636/1131/1 1633/1152/1
f 1635/1155/1 1636/1131/1 1634/1154/1
f 1382/1151/1 1576/1156/1 1577/1153/1
f 1382/1151/1 1575/1157/1 1576/1156/1
f 1383/1158/1 1575/1157/1 1382/1151/1
f 1383/1158/1 1574/1159/1 1575/1157/1
f 1383/1158/1 1573/1160/1 1574/1159/1
f 1383/1158/1 1572/1161/1 1573/1160/1
f 1384/1162/1 1572/1161/1 1383/1158/1
f 1384/1162/1 1571/1163/1 1572/1161/1
f 1384/1162/1 1570/1164/1 1571/1163/1
f 1384/1162/1 1569/1165/1 1570/1164/1
f 1384/1162/1 1568/1166/1 1569/1165/1
f 1385/1167/1 1568/1166/1 1384/1162/1
f 1385/1167/1 1567/1168/1 1568/1166/1
f 1385/1167/1 1566/1169/1 1567/1168/1
f 1385/1167/1 1565/1170/1 1566/1169/1
f 1385/1167/1 1564/1171/1 1565/1170/1
f 1386/1172/1 1564/1171/1 1385/1167/1
f 1386/1172/1 1563/1173/1 1564/1171/1
f 1386/1172/1 1562/1174/1 1563/1173/1
f 1386/1172/1 1561/1175/1 1562/1174/1
f 1386/1172/1 1560/1176/1 1561/1175/1
f 1387/1177/1 1560/1176/1 1386/1172/1
f 1387/1177/1 1559/1178/1 1560/1176/1
f 1387/1177/1 1558/1179/1 1559/1178/1
f 1387/1177/1 1557/1180/1 1558/1179/1
f 1388/1181/1 1557/1180/1 1387/1177/1
f 1388/1181/1 1556/1182/1 1557/1180/1
f 1388/1181/1 1555/1183/1 1556/1182/1
f 1388/1181/1 1554/1184/1 1555/1183/1
f 1389/1185/1 1554/1184/1 1388/1181/1
f 1389/1185/1 1553/1186/1 1554/1184/1
f 1389/1185/1 1552/1187/1 1553/1186/1
f 1389/1185/1 1551/1188/1 1552/1187/1
f 1389/1185/1 1550/1189/1 1551/1188/1
f 1390/1190/1 1550/1189/1 1389/1185/1
f 1390/1190/1 1549/1191/1 1550/1189/1
f 1391/1192/1 1549/1191/1 1390/1190/1
f 1391/1192/1 1548/1193/1 1549/1191/1
f 1392/1194/1 1548/1193/1 1391/1192/1
f 1392/1194/1 1547/1195/1 1548/1193/1
f 1393/1196/1 1547/1195/1 1392/1194/1
f 1393/1196/1 1546/1197/1 1547/1195/1
f 1394/1198/1 1546/1197/1 1393/1196/1
f 1395/1199/1 1546/1197/1 1394/1198/1
f 1395/1199/1 1545/1200/1 1546/1197/1
f 1396/1201/1 1545/1200/1 1395/1199/1
f 1396/1201/1 1544/1202/1 1545/1200/1
f 1397/1203/1 1544/1202/1 1396/1201/1
f 1398/1204/1 1544/1202/1 1397/1203/1
f 1398/1204/1 1543/1205/1 1544/1202/1
f 1399/1206/1 1543/1205/1 1398/1204/1
f 1399/1206/1 1542/1207/1 1543/1205/1
f 1400/1208/1 1542/1207/1 1399/1206/1
f 1400/1208/1 1541/1209/1 1542/1207/1
f 1401/1210/1 1541/1209/1 1400/1208/1
f 1401/1210/1 1540/1211/1 1541/1209/1
f 1402/1212/1 1540/1211/1 1401/1210/1
f 1402/1212/1 1539/1213/1 1540/1211/1
f 1402/1212/1 1538/1214/1 1539/1213/1
f 1403/1215/1 1538/1214/1 1402/1212/1
f 1403/1215/1 1537/1216/1 1538/1214/1
f 1404/1217/1 1537/1216/1 1403/1215/1
f 1404/1217/1 1536/1218/1 1537/1216/1
f 1404/1217/1 1535/1219/1 1536/1218/1
f 1405/1220/1 1535/1219/1 1404/1217/1
f 1405/1220/1 1534/1221/1 1535/1219/1
f 1406/1222/1 1534/1221/1 1405/1220/1
f 1406/1222/1 1533/1223/1 1534/1221/1
f 1407/1224/1 1533/1223/1 1406/1222/1
f 1407/1224/1 1532/1225/1 1533/1223/1
f 1408/1226/1 1532/1225/1 1407/1224/1
f 1466/1227/1 1464/1228/1 1465/1229/1
f 1466/1227/1 1463/1230/1 1464/1228/1
f 1466/1227/1 1462/1231/1 1463/1230/1
f 1409/1232/1 1532/1225/1 1408/1226/1
f 1466/1227/1 1461/1233/1 1462/1231/1
f 1409/1232/1 1531/1234/1 1532/1225/1
f 1466/1227/1 1460/1235/1 1461/1233/1
f 1410/1236/1 1531/1234/1 1409/1232/1
f 1466/1227/1 1459/1237/1 1460/1235/1
f 1466/1227/1 1458/1238/1 1459/1237/1
f 1411/1239/1 1531/1234/1 1410/1236/1
f 1411/1239/1 1530/1240/1 1531/1234/1
f 1466/1227/1 1457/1241/1 1458/1238/1
f 1412/1242/1 1530/1240/1 1411/1239/1
f 1466/1227/1 1456/1243/1 1457/1241/1
f 1412/1242/1 1529/1244/1 1530/1240/1
f 1413/1245/1 1529/1244/1 1412/1242/1
f 1466/1227/1 1455/1246/1 1456/1243/1
f 1467/1247/1 1455/1246/1 1466/1227/1
f 1467/1247/1 1454/1248/1 1455/1246/1
f 1414/1249/1 1529/1244/1 1413/1245/1
f 1414/1249/1 1528/1250/1 1529/1244/1
f 1467/1247/1 1453/1251/1 1454/1248/1
f 1467/1247/1 1452/1252/1 1453/1251/1
f 1415/1253/1 1528/1250/1 1414/1249/1
f 1468/1254/1 1452/1252/1 1467/1247/1
f 1468/1254/1 1451/1255/1 1452/1252/1
f 1468/1254/1 1450/1256/1 1451/1255/1
f 1415/1253/1 1527/1257/1 1528/1250/1
f 1416/1258/1 1527/1257/1 1415/1253/1
f 1469/1259/1 1450/1256/1 1468/1254/1
f 1469/1259/1 1449/1260/1 1450/1256/1
f 1416/1258/1 1526/1261/1 1527/1257/1
f 1417/1262/1 1526/1261/1 1416/1258/1
f 1469/1259/1 1448/1263/1 1449/1260/1
f 1470/1264/1 1448/1263/1 1469/1259/1
f 1418/1265/1 1526/1261/1 1417/1262/1
f 1418/1265/1 1525/1266/1 1526/1261/1
f 1470/1264/1 1447/1267/1 1448/1263/1
f 1419/1268/1 1525/1266/1 1418/1265/1
f 1471/1269/1 1447/1267/1 1470/1264/1
f 1471/1269/1 1446/1270/1 1447/1267/1
f 1420/1271/1 1525/1266/1 1419/1268/1
f 1420/1271/1 1524/1272/1 1525/1266/1
f 1472/1273/1 1446/1270/1 1471/1269/1
f 1472/1273/1 1445/1274/1 1446/1270/1
f 1421/1275/1 1524/1272/1 1420/1271/1
f 1472/1273/1 1444/1276/1 1445/1274/1
f 1422/1277/1 1524/1272/1 1421/1275/1
f 1422/1277/1 1523/1278/1 1524/1272/1
f 1473/1279/1 1444/1276/1 1472/1273/1
f 1473/1279/1 1443/1280/1 1444/1276/1
f 1423/1281/1 1523/1278/1 1422/1277/1
f 1473/1279/1 1442/1282/1 1443/1280/1
f 1424/1283/1 1523/1278/1 1423/1281/1
f 1473/1279/1 1441/1284/1 1442/1282/1
f 1474/1285/1 1441/1284/1 1473/1279/1
f 1424/1283/1 1522/1286/1 1523/1278/1
f 1425/1287/1 1522/1286/1 1424/1283/1
f 1474/1285/1 1440/1288/1 1441/1284/1
f 1474/1285/1 1439/1289/1 1440/1288/1
f 1426/1290/1 1522/1286/1 1425/1287/1
f 1474/1285/1 1438/1291/1 1439/1289/1
f 1427/1292/1 1522/1286/1 1426/1290/1
f 1474/1285/1 1437/1293/1 1438/1291/1
f 1474/1285/1 1436/1294/1 1437/1293/1
f 1475/1295/1 1436/1294/1 1474/1285/1
f 1428/1296/1 1522/1286/1 1427/1292/1
f 1475/1295/1 1435/1297/1 1436/1294/1
f 1428/1296/1 1521/1298/1 1522/1286/1
f 1429/1299/1 1521/1298/1 1428/1296/1
f 1475/1295/1 1434/1300/1 1435/1297/1
f 1430/1301/1 1521/1298/1 1429/1299/1
f 1475/1295/1 1433/1302/1 1434/1300/1
f 1431/1303/1 1521/1298/1 1430/1301/1
f 1475/1295/1 1432/1304/1 1433/1302/1
f 1432/1304/1 1521/1298/1 1431/1303/1
f 1475/1295/1 1521/1298/1 1432/1304/1
f 1476/1305/1 1521/1298/1 1475/1295/1
f 1476/1305/1 1520/1306/1 1521/1298/1
f 1477/1307/1 1520/1306/1 1476/1305/1
f 1477/1307/1 1519/1308/1 1520/1306/1
f 1478/1309/1 1519/1308/1 1477/1307/1
f 1478/1309/1 1518/1310/1 1519/1308/1
f 1479/1311/1 1518/1310/1 1478/1309/1
f 1479/1311/1 1517/1312/1 1518/1310/1
f 1480/1313/1 1517/1312/1 1479/1311/1
f 1480/1313/1 1516/1314/1 1517/1312/1
f 1481/1315/1 1516/1314/1 1480/1313/1
f 1481/1315/1 1515/1316/1 1516/1314/1
f 1482/1317/1 1515/1316/1 1481/1315/1
f 1482/1317/1 1514/1318/1 1515/1316/1
f 1483/1319/1 1514/1318/1 1482/1317/1
f 1483/1319/1 1513/1320/1 1514/1318/1
f 1483/1319/1 1512/1321/1 1513/1320/1
f 1484/1322/1 1512/1321/1 1483/1319/1
f 1484/1322/1 1511/1323/1 1512/1321/1
f 1485/1324/1 1511/1323/1 1484/1322/1
f 1485/1324/1 1510/1325/1 1511/1323/1
f 1485/1324/1 1509/1326/1 1510/1325/1
f 1486/1327/1 1509/1326/1 1485/1324/1
f 1486/1327/1 1508/1328/1 1509/1326/1
f 1487/1329/1 1508/1328/1 1486/1327/1
f 1487/1329/1 1507/1330/1 1508/1328/1
f 1487/1329/1 1506/1331/1 1507/1330/1
f 1488/1332/1 1506/1331/1 1487/1329/1
f 1488/1332/1 1505/1333/1 1506/1331/1
f 1489/1334/1 1505/1333/1 1488/1332/1
f 1489/1334/1 1504/1335/1 1505/1333/1
f 1490/1336/1 1504/1335/1 1489/1334/1
f 1490/1336/1 1503/1337/1 1504/1335/1
f 1490/1336/1 1502/1338/1 1503/1337/1
f 1491/1339/1 1502/1338/1 1490/1336/1
f 1491/1339/1 1501/1340/1 1502/1338/1
f 1492/1341/1 1501/1340/1 1491/1339/1
f 1492/1341/1 1500/1342/1 1501/1340/1
f 1493/1343/1 1500/1342/1 1492/1341/1
f 1493/1343/1 1499/1344/1 1500/1342/1
f 1494/1345/1 1499/1344/1 1493/1343/1
f 1494/1345/1 1498/1346/1 1499/1344/1
f 1495/1347/1 1498/1346/1 1494/1345/1
f 1495/1347/1 1497/1348/1 1498/1346/1
f 1496/1349/1 1497/1348/1 1495/1347/1
f 1673/1350/1 1805/1351/1 1806/1352/1
f 1673/1350/1 1804/1353/1 1805/1351/1
f 1673/1350/1 1803/1354/1 1804/1353/1
f 1744/1355/1 1742/1356/1 1743/1357/1
f 1744/1355/1 1741/1358/1 1742/1356/1
f 1744/1355/1 1740/1359/1 1741/1358/1
f 1673/1350/1 1802/1360/1 1803/1354/1
f 1673/1350/1 1801/1361/1 1802/1360/1
f 1673/1350/1 1800/1362/1 1801/1361/1
f 1673/1350/1 1799/1363/1 1800/1362/1
f 1673/1350/1 1798/1364/1 1799/1363/1
f 1673/1350/1 1797/1365/1 1798/1364/1
f 1673/1350/1 1796/1366/1 1797/1365/1
f 1673/1350/1 1795/1367/1 1796/1366/1
f 1673/1350/1 1794/1368/1 1795/1367/1
f 1673/1350/1 1793/1369/1 1794/1368/1
f 1673/1350/1 1792/1370/1 1793/1369/1
f 1673/1350/1 1791/1371/1 1792/1370/1
f 1673/1350/1 1790/1372/1 1791/1371/1
f 1673/1350/1 1789/1373/1 1790/1372/1
f 1673/1350/1 1788/1374/1 1789/1373/1
f 1673/1350/1 1787/1375/1 1788/1374/1
f 1673/1350/1 1786/1376/1 1787/1375/1
f 1673/1350/1 1785/1377/1 1786/1376/1
f 1673/1350/1 1784/1378/1 1785/1377/1
f 1673/1350/1 1783/1379/1 1784/1378/1
f 1673/1350/1 1782/1380/1 1783/1379/1
f 1673/1350/1 1781/1381/1 1782/1380/1
f 1673/1350/1 1780/1382/1 1781/1381/1
f 1673/1350/1 1779/1383/1 1780/1382/1
f 1673/1350/1 1778/1384/1 1779/1383/1
f 1745/1385/1 1740/1359/1 1744/1355/1
f 1746/1386/1 1740/1359/1 1745/1385/1
f 1673/1350/1 1777/1387/1 1778/1384/1
f 1747/1388/1 1740/1359/1 1746/1386/1
f 1673/1350/1 1776/1389/1 1777/1387/1
f 1748/1390/1 1740/1359/1 1747/1388/1
f 1673/1350/1 1775/1391/1 1776/1389/1
f 1749/1392/1 1740/1359/1 1748/1390/1
f 1673/1350/1 1774/1393/1 1775/1391/1
f 1750/1394/1 1740/1359/1 1749/1392/1
f 1673/1350/1 1773/1395/1 1774/1393/1
f 1751/1396/1 1740/1359/1 1750/1394/1
f 1673/1350/1 1772/1397/1 1773/1395/1
f 1752/1398/1 1740/1359/1 1751/1396/1
f 1673/1350/1 1771/1399/1 1772/1397/1
f 1753/1400/1 1740/1359/1 1752/1398/1
f 1673/1350/1 1770/1401/1 1771/1399/1
f 1673/1350/1 1769/1402/1 1770/1401/1
f 1754/1403/1 1740/1359/1 1753/1400/1
f 1673/1350/1 1768/1404/1 1769/1402/1
f 1673/1350/1 1767/1405/1 1768/1404/1
f 1673/1350/1 1766/1406/1 1767/1405/1
f 1755/1407/1 1740/1359/1 1754/1403/1
f 1673/1350/1 1765/1408/1 1766/1406/1
f 1673/1350/1 1764/1409/1 1765/1408/1
f 1673/1350/1 1763/1410/1 1764/1409/1
f 1673/1350/1 1762/1411/1 1763/1410/1
f 1673/1350/1 1761/1412/1 1762/1411/1
f 1673/1350/1 1760/1413/1 1761/1412/1
f 1756/1414/1 1740/1359/1 1755/1407/1
f 1673/1350/1 1759/1415/1 1760/1413/1
f 1673/1350/1 1758/1416/1 1759/1415/1
f 1673/1350/1 1757/1417/1 1758/1416/1
f 1673/1350/1 1756/1414/1 1757/1417/1
f 1673/1350/1 1740/1359/1 1756/1414/1
f 1674/1418/1 1684/1419/1 1673/1350/1
f 1684/1419/1 1685/1420/1 1673/1350/1
f 1685/1420/1 1740/1359/1 1673/1350/1
f 1685/1420/1 1739/1421/1 1740/1359/1
f 1686/1422/1 1739/1421/1 1685/1420/1
f 1674/1418/1 1683/1423/1 1684/1419/1
f 1687/1424/1 1739/1421/1 1686/1422/1
f 1674/1418/1 1682/1425/1 1683/1423/1
f 1688/1426/1 1739/1421/1 1687/1424/1
f 1689/1427/1 1739/1421/1 1688/1426/1
f 1674/1418/1 1681/1428/1 1682/1425/1
f 1690/1429/1 1739/1421/1 1689/1427/1
f 1691/1430/1 1739/1421/1 1690/1429/1
f 1692/1431/1 1739/1421/1 1691/1430/1
f 1674/1418/1 1680/1432/1 1681/1428/1
f 1693/1433/1 1739/1421/1 1692/1431/1
f 1694/1434/1 1739/1421/1 1693/1433/1
f 1695/1435/1 1739/1421/1 1694/1434/1
f 1696/1436/1 1739/1421/1 1695/1435/1
f 1674/1418/1 1679/1437/1 1680/1432/1
f 1697/1438/1 1739/1421/1 1696/1436/1
f 1698/1439/1 1739/1421/1 1697/1438/1
f 1699/1440/1 1739/1421/1 1698/1439/1
f 1700/1441/1 1739/1421/1 1699/1440/1
f 1701/1442/1 1739/1421/1 1700/1441/1
f 1674/1418/1 1678/1443/1 1679/1437/1
f 1702/1444/1 1739/1421/1 1701/1442/1
f 1703/1445/1 1739/1421/1 1702/1444/1
f 1704/1446/1 1739/1421/1 1703/1445/1
f 1705/1447/1 1739/1421/1 1704/1446/1
f 1706/1448/1 1739/1421/1 1705/1447/1
f 1674/1418/1 1677/1449/1 1678/1443/1
f 1707/1450/1 1739/1421/1 1706/1448/1
f 1708/1451/1 1739/1421/1 1707/1450/1
f 1709/1452/1 1739/1421/1 1708/1451/1
f 1710/1453/1 1739/1421/1 1709/1452/1
f 1711/1454/1 1739/1421/1 1710/1453/1
f 1712/1455/1 1739/1421/1 1711/1454/1
f 1713/1456/1 1739/1421/1 1712/1455/1
f 1714/1457/1 1739/1421/1 1713/1456/1
f 1674/1418/1 1676/1458/1 1677/1449/1
f 1715/1459/1 1739/1421/1 1714/1457/1
f 1716/1460/1 1739/1421/1 1715/1459/1
f 1717/1461/1 1739/1421/1 1716/1460/1
f 1718/1462/1 1739/1421/1 1717/1461/1
f 1719/1463/1 1739/1421/1 1718/1462/1
f 1720/1464/1 1739/1421/1 1719/1463/1
f 1721/1465/1 1739/1421/1 1720/1464/1
f 1722/1466/1 1739/1421/1 1721/1465/1
f 1723/1467/1 1739/1421/1 1722/1466/1
f 1724/1468/1 1739/1421/1 1723/1467/1
f 1725/1469/1 1739/1421/1 1724/1468/1
f 1726/1470/1 1739/1421/1 1725/1469/1
f 1727/1471/1 1739/1421/1 1726/1470/1
f 1728/1472/1 1739/1421/1 1727/1471/1
f 1729/1473/1 1739/1421/1 1728/1472/1
f 1730/1474/1 1739/1421/1 1729/1473/1
f 1731/1475/1 1739/1421/1 1730/1474/1
f 1732/1476/1 1739/1421/1 1731/1475/1
f 1733/1477/1 1739/1421/1 1732/1476/1
f 1734/1478/1 1739/1421/1 1733/1477/1
f 1735/1479/1 1739/1421/1 1734/1478/1
f 1736/1480/1 1739/1421/1 1735/1479/1
f 1737/1481/1 1739/1421/1 1736/1480/1
f 1738/1482/1 1739/1421/1 1737/1481/1
f 1675/1483/1 1676/1458/1 1674/1418/1
f 1807/1484/1 1905/1485/1 1906/1486/1
f 1854/1487/1 1852/1488/1 1853/1489/1
f 1854/1487/1 1851/1490/1 1852/1488/1
f 1854/1487/1 1850/1491/1 1851/1490/1
f 1807/1484/1 1904/1492/1 1905/1485/1
f 1807/1484/1 1903/1493/1 1904/1492/1
f 1807/1484/1 1902/1494/1 1903/1493/1
f 1807/1484/1 1901/1495/1 1902/1494/1
f 1807/1484/1 1900/1496/1 1901/1495/1
f 1807/1484/1 1899/1497/1 1900/1496/1
f 1807/1484/1 1898/1498/1 1899/1497/1
f 1807/1484/1 1897/1499/1 1898/1498/1
f 1807/1484/1 1896/1500/1 1897/1499/1
f 1807/1484/1 1895/1501/1 1896/1500/1
f 1807/1484/1 1894/1502/1 1895/1501/1
f 1807/1484/1 1893/1503/1 1894/1502/1
f 1807/1484/1 1892/1504/1 1893/1503/1
f 1807/1484/1 1891/1505/1 1892/1504/1
f 1807/1484/1 1890/1506/1 1891/1505/1
f 1807/1484/1 1889/1507/1 1890/1506/1
f 1807/1484/1 1888/1508/1 1889/1507/1
f 1807/1484/1 1887/1509/1 1888/1508/1
f 1807/1484/1 1886/1510/1 1887/1509/1
f 1807/1484/1 1885/1511/1 1886/1510/1
f 1807/1484/1 1884/1512/1 1885/1511/1
f 1807/1484/1 1883/1513/1 1884/1512/1
f 1807/1484/1 1882/1514/1 1883/1513/1
f 1807/1484/1 1881/1515/1 1882/1514/1
f 1807/1484/1 1880/1516/1 1881/1515/1
f 1807/1484/1 1879/1517/1 1880/1516/1
f 1807/1484/1 1878/1518/1 1879/1517/1
f 1807/1484/1 1877/1519/1 1878/1518/1
f 1807/1484/1 1876/1520/1 1877/1519/1
f 1807/1484/1 1875/1521/1 1876/1520/1
f 1807/1484/1 1874/1522/1 1875/1521/1
f 1807/1484/1 1873/1523/1 1874/1522/1
f 1807/1484/1 1872/1524/1 1873/1523/1
f 1807/1484/1 1871/1525/1 1872/1524/1
f 1807/1484/1 1870/1526/1 1871/1525/1
f 1807/1484/1 1869/1527/1 1870/1526/1
f 1807/1484/1 1868/1528/1 1869/1527/1
f 1855/1529/1 1850/1491/1 1854/1487/1
f 1807/1484/1 1867/1530/1 1868/1528/1
f 1807/1484/1 1866/1531/1 1867/1530/1
f 1807/1484/1 1865/1532/1 1866/1531/1
f 1807/1484/1 1864/1533/1 1865/1532/1
f 1807/1484/1 1863/1534/1 1864/1533/1
f 1807/1484/1 1862/1535/1 1863/1534/1
f 1807/1484/1 1861/1536/1 1862/1535/1
f 1807/1484/1 1860/1537/1 1861/1536/1
f 1807/1484/1 1859/1538/1 1860/1537/1
f 1807/1484/1 1858/1539/1 1859/1538/1
f 1807/1484/1 1857/1540/1 1858/1539/1
f 1807/1484/1 1856/1541/1 1857/1540/1
f 1807/1484/1 1855/1529/1 1856/1541/1
f 1807/1484/1 1850/1491/1 1855/1529/1
f 1808/1542/1 1820/1543/1 1807/1484/1
f 1820/1543/1 1850/1491/1 1807/1484/1
f 1820/1543/1 1821/1544/1 1850/1491/1
f 1821/1544/1 1849/1545/1 1850/1491/1
f 1808/1542/1 1819/1546/1 1820/1543/1
f 1822/1547/1 1849/1545/1 1821/1544/1
f 1808/1542/1 1818/1548/1 1819/1546/1
f 1823/1549/1 1849/1545/1 1822/1547/1
f 1824/1550/1 1849/1545/1 1823/1549/1
f 1808/1542/1 1817/1551/1 1818/1548/1
f 1825/1552/1 1849/1545/1 1824/1550/1
f 1808/1542/1 1816/1553/1 1817/1551/1
f 1808/1542/1 1815/1554/1 1816/1553/1
f 1826/1555/1 1849/1545/1 1825/1552/1
f 1808/1542/1 1814/1556/1 1815/1554/1
f 1827/1557/1 1849/1545/1 1826/1555/1
f 1808/1542/1 1813/1558/1 1814/1556/1
f 1828/1559/1 1849/1545/1 1827/1557/1
f 1808/1542/1 1812/1560/1 1813/1558/1
f 1808/1542/1 1811/1561/1 1812/1560/1
f 1829/1562/1 1849/1545/1 1828/1559/1
f 1830/1563/1 1849/1545/1 1829/1562/1
f 1808/1542/1 1810/1564/1 1811/1561/1
f 1831/1565/1 1849/1545/1 1830/1563/1
f 1832/1566/1 1849/1545/1 1831/1565/1
f 1833/1567/1 1849/1545/1 1832/1566/1
f 1834/1568/1 1849/1545/1 1833/1567/1
f 1835/1569/1 1849/1545/1 1834/1568/1
f 1836/1570/1 1849/1545/1 1835/1569/1
f 1837/1571/1 1849/1545/1 1836/1570/1
f 1838/1572/1 1849/1545/1 1837/1571/1
f 1839/1573/1 1849/1545/1 1838/1572/1
f 1840/1574/1 1849/1545/1 1839/1573/1
f 1841/1575/1 1849/1545/1 1840/1574/1
f 1842/1576/1 1849/1545/1 1841/1575/1
f 1843/1577/1 1849/1545/1 1842/1576/1
f 1844/1578/1 1849/1545/1 1843/1577/1
f 1845/1579/1 1849/1545/1 1844/1578/1
f 1846/1580/1 1849/1545/1 1845/1579/1
f 1847/1581/1 1849/1545/1 1846/1580/1
f 1809/1582/1 1810/1564/1 1808/1542/1
f 1848/1583/1 1849/1545/1 1847/1581/1
f 1907/1584/1 1929/1585/1 1930/1586/1
f 1907/1584/1 1928/1587/1 1929/1585/1
f 1907/1584/1 1927/1588/1 1928/1587/1
f 1923/1589/1 1921/1590/1 1922/1591/1
f 1923/1589/1 1920/1592/1 1921/1590/1
f 1923/1589/1 1919/1593/1 1920/1592/1
f 1907/1584/1 1926/1594/1 1927/1588/1
f 1924/1595/1 1919/1593/1 1923/1589/1
f 1907/1584/1 1925/1596/1 1926/1594/1
f 1907/1584/1 1924/1595/1 1925/1596/1
f 1907/1584/1 1919/1593/1 1924/1595/1
f 1908/1597/1 1912/1598/1 1907/1584/1
f 1912/1598/1 1919/1593/1 1907/1584/1
f 1912/1598/1 1913/1599/1 1919/1593/1
f 1913/1599/1 1914/1600/1 1919/1593/1
f 1914/1600/1 1918/1601/1 1919/1593/1
f 1908/1597/1 1911/1602/1 1912/1598/1
f 1915/1603/1 1918/1601/1 1914/1600/1
f 1916/1604/1 1918/1601/1 1915/1603/1
f 1908/1597/1 1910/1605/1 1911/1602/1
f 1909/1606/1 1910/1605/1 1908/1597/1
f 1917/1607/1 1918/1601/1 1916/1604/1
f 2069/1608/1 2067/1609/1 2068/1610/1
f 2069/1608/1 2066/1611/1 2067/1609/1
f 2069/1608/1 2065/1612/1 2066/1611/1
f 2018/1613/1 2016/1614/1 2017/1615/1
f 2018/1613/1 2015/1616/1 2016/1614/1
f 2018/1613/1 2014/1617/1 2015/1616/1
f 2070/1618/1 2065/1612/1 2069/1608/1
f 2018/1613/1 2013/1619/1 2014/1617/1
f 2070/1618/1 2064/1620/1 2065/1612/1
f 2071/1621/1 2064/1620/1 2070/1618/1
f 2018/1613/1 2012/1622/1 2013/1619/1
f 2071/1621/1 2063/1623/1 2064/1620/1
f 2072/1624/1 2063/1623/1 2071/1621/1
f 2018/1613/1 2011/1625/1 2012/1622/1
f 2072/1624/1 2062/1626/1 2063/1623/1
f 2073/1627/1 2062/1626/1 2072/1624/1
f 2018/1613/1 2010/1628/1 2011/1625/1
f 2073/1627/1 2061/1629/1 2062/1626/1
f 2074/1630/1 2061/1629/1 2073/1627/1
f 2018/1613/1 2009/1631/1 2010/1628/1
f 2074/1630/1 2060/1632/1 2061/1629/1
f 2075/1633/1 2060/1632/1 2074/1630/1
f 2018/1613/1 2008/1634/1 2009/1631/1
f 2076/1635/1 2060/1632/1 2075/1633/1
f 2076/1635/1 2059/1636/1 2060/1632/1
f 2077/1637/1 2059/1636/1 2076/1635/1
f 2018/1613/1 2007/1638/1 2008/1634/1
f 2077/1637/1 2058/1639/1 2059/1636/1
f 2078/1640/1 2058/1639/1 2077/1637/1
f 2018/1613/1 2006/1641/1 2007/1638/1
f 2079/1642/1 2058/1639/1 2078/1640/1
f 2079/1642/1 2057/1643/1 2058/1639/1
f 1931/1644/1 2057/1643/1 2079/1642/1
f 1932/1645/1 2057/1643/1 1931/1644/1
f 2018/1613/1 2005/1646/1 2006/1641/1
f 1932/1645/1 2056/1647/1 2057/1643/1
f 2018/1613/1 2004/1648/1 2005/1646/1
f 1932/1645/1 2055/1649/1 2056/1647/1
f 2018/1613/1 2003/1650/1 2004/1648/1
f 2018/1613/1 2002/1651/1 2003/1650/1
f 1932/1645/1 2054/1652/1 2055/1649/1
f 1933/1653/1 2054/1652/1 1932/1645/1
f 1933/1653/1 2053/1654/1 2054/1652/1
f 2019/1655/1 2002/1651/1 2018/1613/1
f 2019/1655/1 2001/1656/1 2002/1651/1
f 1934/1657/1 2053/1654/1 1933/1653/1
f 1934/1657/1 2052/1658/1 2053/1654/1
f 2020/1659/1 2001/1656/1 2019/1655/1
f 2020/1659/1 2000/1660/1 2001/1656/1
f 1935/1661/1 2052/1658/1 1934/1657/1
f 2020/1659/1 1999/1662/1 2000/1660/1
f 1935/1661/1 2051/1663/1 2052/1658/1
f 2021/1664/1 1999/1662/1 2020/1659/1
f 1936/1665/1 2051/1663/1 1935/1661/1
f 2021/1664/1 1998/1666/1 1999/1662/1
f 1936/1665/1 2050/1667/1 2051/1663/1
f 2021/1664/1 1997/1668/1 1998/1666/1
f 1937/1669/1 2050/1667/1 1936/1665/1
f 2022/1670/1 1997/1668/1 2021/1664/1
f 1937/1669/1 2049/1671/1 2050/1667/1
f 2022/1670/1 1996/1672/1 1997/1668/1
f 1938/1673/1 2049/1671/1 1937/1669/1
f 2023/1674/1 1996/1672/1 2022/1670/1
f 1938/1673/1 2048/1675/1 2049/1671/1
f 2023/1674/1 1995/1676/1 1996/1672/1
f 1939/1677/1 2048/1675/1 1938/1673/1
f 2023/1674/1 1994/1678/1 1995/1676/1
f 1939/1677/1 2047/1679/1 2048/1675/1
f 2024/1680/1 1994/1678/1 2023/1674/1
f 1940/1681/1 2047/1679/1 1939/1677/1
f 2024/1680/1 1993/1682/1 1994/1678/1
f 1940/1681/1 2046/1683/1 2047/1679/1
f 2025/1684/1 1993/1682/1 2024/1680/1
f 1941/1685/1 2046/1683/1 1940/1681/1
f 2025/1684/1 1992/1686/1 1993/1682/1
f 1941/1685/1 2045/1687/1 2046/1683/1
f 2025/1684/1 1991/1688/1 1992/1686/1
f 2026/1689/1 1991/1688/1 2025/1684/1
f 1941/1685/1 2044/1690/1 2045/1687/1
f 2026/1689/1 1990/1691/1 1991/1688/1
f 1942/1692/1 2044/1690/1 1941/1685/1
f 1942/1692/1 2043/1693/1 2044/1690/1
f 2027/1694/1 1990/1691/1 2026/1689/1
f 1942/1692/1 2042/1695/1 2043/1693/1
f 1943/1696/1 2042/1695/1 1942/1692/1
f 1943/1696/1 2041/1697/1 2042/1695/1
f 2027/1694/1 1989/1698/1 1990/1691/1
f 1943/1696/1 2040/1699/1 2041/1697/1
f 2028/1700/1 1989/1698/1 2027/1694/1
f 1944/1701/1 2040/1699/1 1943/1696/1
f 1944/1701/1 2039/1702/1 2040/1699/1
f 2029/1703/1 1989/1698/1 2028/1700/1
f 1944/1701/1 2038/1704/1 2039/1702/1
f 2030/1705/1 1989/1698/1 2029/1703/1
f 2031/1706/1 1989/1698/1 2030/1705/1
f 1944/1701/1 2037/1707/1 2038/1704/1
f 1944/1701/1 2036/1708/1 2037/1707/1
f 2032/1709/1 1989/1698/1 2031/1706/1
f 2032/1709/1 1988/1710/1 1989/1698/1
f 1944/1701/1 2035/1711/1 2036/1708/1
f 2033/1712/1 1988/1710/1 2032/1709/1
f 1944/1701/1 2034/1713/1 2035/1711/1
f 2034/1713/1 1988/1710/1 2033/1712/1
f 1944/1701/1 1988/1710/1 2034/1713/1
f 1945/1714/1 1988/1710/1 1944/1701/1
f 1945/1714/1 1987/1715/1 1988/1710/1
f 1946/1716/1 1987/1715/1 1945/1714/1
f 1947/1717/1 1987/1715/1 1946/1716/1
f 1947/1717/1 1986/1718/1 1987/1715/1
f 1948/1719/1 1986/1718/1 1947/1717/1
f 1948/1719/1 1985/1720/1 1986/1718/1
f 1949/1721/1 1985/1720/1 1948/1719/1
f 1949/1721/1 1984/1722/1 1985/1720/1
f 1950/1723/1 1984/1722/1 1949/1721/1
f 1950/1723/1 1983/1724/1 1984/1722/1
f 1951/1725/1 1983/1724/1 1950/1723/1
f 1952/1726/1 1983/1724/1 1951/1725/1
f 1952/1726/1 1982/1727/1 1983/1724/1
f 1953/1728/1 1982/1727/1 1952/1726/1
f 1953/1728/1 1981/1729/1 1982/1727/1
f 1954/1730/1 1981/1729/1 1953/1728/1
f 1954/1730/1 1980/1731/1 1981/1729/1
f 1955/1732/1 1980/1731/1 1954/1730/1
f 1955/1732/1 1979/1733/1 1980/1731/1
f 1956/1734/1 1979/1733/1 1955/1732/1
f 1957/1735/1 1979/1733/1 1956/1734/1
f 1957/1735/1 1978/1736/1 1979/1733/1
f 1958/1737/1 1978/1736/1 1957/1735/1
f 1958/1737/1 1977/1738/1 1978/1736/1
f 1958/1737/1 1976/1739/1 1977/1738/1
f 1959/1740/1 1976/1739/1 1958/1737/1
f 1959/1740/1 1975/1741/1 1976/1739/1
f 1960/1742/1 1975/1741/1 1959/1740/1
f 1960/1742/1 1974/1743/1 1975/1741/1
f 1961/1744/1 1974/1743/1 1960/1742/1
f 1961/1744/1 1973/1745/1 1974/1743/1
f 1962/1746/1 1973/1745/1 1961/1744/1
f 1962/1746/1 1972/1747/1 1973/1745/1
f 1963/1748/1 1972/1747/1 1962/1746/1
f 1963/1748/1 1971/1749/1 1972/1747/1
f 1964/1750/1 1971/1749/1 1963/1748/1
f 1964/1750/1 1970/1751/1 1971/1749/1
f 1965/1752/1 1970/1751/1 1964/1750/1
f 1965/1752/1 1969/1753/1 1970/1751/1
f 1966/1754/1 1969/1753/1 1965/1752/1
f 1966/1754/1 1968/1755/1 1969/1753/1
f 1967/1756/1 1968/1755/1 1966/1754/1
f 2396/1757/1 2394/1758/1 2395/1759/1
f 2396/1757/1 2393/1760/1 2394/1758/1
f 2397/1761/1 2393/1760/1 2396/1757/1
f 2397/1761/1 2392/1762/1 2393/1760/1
f 2397/1761/1 2391/1763/1 2392/1762/1
f 2398/1764/1 2391/1763/1 2397/1761/1
f 2398/1764/1 2390/1765/1 2391/1763/1
f 2398/1764/1 2389/1766/1 2390/1765/1
f 2399/1767/1 2389/1766/1 2398/1764/1
f 2399/1767/1 2388/1768/1 2389/1766/1
f 2399/1767/1 2387/1769/1 2388/1768/1
f 2400/1770/1 2387/1769/1 2399/1767/1
f 2400/1770/1 2386/1771/1 2387/1769/1
f 2400/1770/1 2385/1772/1 2386/1771/1
f 2401/1773/1 2385/1772/1 2400/1770/1
f 2401/1773/1 2384/1774/1 2385/1772/1
f 2401/1773/1 2383/1775/1 2384/1774/1
f 2402/1776/1 2383/1775/1 2401/1773/1
f 2402/1776/1 2382/1777/1 2383/1775/1
f 2403/1778/1 2382/1777/1 2402/1776/1
f 2403/1778/1 2381/1779/1 2382/1777/1
f 2404/1780/1 2381/1779/1 2403/1778/1
f 2405/1781/1 2381/1779/1 2404/1780/1
f 2406/1782/1 2381/1779/1 2405/1781/1
f 2406/1782/1 2380/1783/1 2381/1779/1
f 2080/1784/1 2380/1783/1 2406/1782/1
f 2081/1785/1 2380/1783/1 2080/1784/1
f 2082/1786/1 2380/1783/1 2081/1785/1
f 2082/1786/1 2379/1787/1 2380/1783/1
f 2083/1788/1 2379/1787/1 2082/1786/1
f 2083/1788/1 2378/1789/1 2379/1787/1
f 2084/1790/1 2378/1789/1 2083/1788/1
f 2084/1790/1 2377/1791/1 2378/1789/1
f 2085/1792/1 2377/1791/1 2084/1790/1
f 2085/1792/1 2376/1793/1 2377/1791/1
f 2086/1794/1 2376/1793/1 2085/1792/1
f 2087/1795/1 2376/1793/1 2086/1794/1
f 2087/1795/1 2375/1796/1 2376/1793/1
f 2088/1797/1 2375/1796/1 2087/1795/1
f 2088/1797/1 2374/1798/1 2375/1796/1
f 2089/1799/1 2374/1798/1 2088/1797/1
f 2089/1799/1 2373/1800/1 2374/1798/1
f 2090/1801/1 2373/1800/1 2089/1799/1
f 2090/1801/1 2372/1802/1 2373/1800/1
f 2091/1803/1 2372/1802/1 2090/1801/1
f 2091/1803/1 2371/1804/1 2372/1802/1
f 2092/1805/1 2371/1804/1 2091/1803/1
f 2092/1805/1 2370/1806/1 2371/1804/1
f 2093/1807/1 2370/1806/1 2092/1805/1
f 2093/1807/1 2369/1808/1 2370/1806/1
f 2093/1807/1 2368/1809/1 2369/1808/1
f 2093/1807/1 2367/1810/1 2368/1809/1
f 2094/1811/1 2367/1810/1 2093/1807/1
f 2094/1811/1 2366/1812/1 2367/1810/1
f 2094/1811/1 2365/1813/1 2366/1812/1
f 2094/1811/1 2364/1814/1 2365/1813/1
f 2095/1815/1 2364/1814/1 2094/1811/1
f 2095/1815/1 2363/1816/1 2364/1814/1
f 2095/1815/1 2362/1817/1 2363/1816/1
f 2095/1815/1 2361/1818/1 2362/1817/1
f 2096/1819/1 2361/1818/1 2095/1815/1
f 2096/1819/1 2360/1820/1 2361/1818/1
f 2096/1819/1 2359/1821/1 2360/1820/1
f 2096/1819/1 2358/1822/1 2359/1821/1
f 2097/1823/1 2358/1822/1 2096/1819/1
f 2097/1823/1 2357/1824/1 2358/1822/1
f 2097/1823/1 2356/1825/1 2357/1824/1
f 2098/1826/1 2356/1825/1 2097/1823/1
f 2098/1826/1 2355/1827/1 2356/1825/1
f 2098/1826/1 2354/1828/1 2355/1827/1
f 2098/1826/1 2353/1829/1 2354/1828/1
f 2099/1830/1 2353/1829/1 2098/1826/1
f 2099/1830/1 2352/1831/1 2353/1829/1
f 2099/1830/1 2351/1832/1 2352/1831/1
f 2100/1833/1 2351/1832/1 2099/1830/1
f 2100/1833/1 2350/1834/1 2351/1832/1
f 2100/1833/1 2349/1835/1 2350/1834/1
f 2101/1836/1 2349/1835/1 2100/1833/1
f 2101/1836/1 2348/1837/1 2349/1835/1
f 2101/1836/1 2483/1838/1 2348/1837/1
f 2483/1838/1 2347/1839/1 2348/1837/1
f 2101/1836/1 2482/1840/1 2483/1838/1
f 2484/1841/1 2347/1839/1 2483/1838/1
f 2485/1842/1 2347/1839/1 2484/1841/1
f 2102/1843/1 2482/1840/1 2101/1836/1
f 2102/1843/1 2481/1844/1 2482/1840/1
f 2485/1842/1 2346/1845/1 2347/1839/1
f 2486/1846/1 2346/1845/1 2485/1842/1
f 2102/1843/1 2480/1847/1 2481/1844/1
f 2487/1848/1 2346/1845/1 2486/1846/1
f 2487/1848/1 2345/1849/1 2346/1845/1
f 2102/1843/1 2479/1850/1 2480/1847/1
f 2488/1851/1 2345/1849/1 2487/1848/1
f 2102/1843/1 2478/1852/1 2479/1850/1
f 2488/1851/1 2344/1853/1 2345/1849/1
f 2103/1854/1 2478/1852/1 2102/1843/1
f 2103/1854/1 2477/1855/1 2478/1852/1
f 2489/1856/1 2344/1853/1 2488/1851/1
f 2103/1854/1 2476/1857/1 2477/1855/1
f 2103/1854/1 2475/1858/1 2476/1857/1
f 2489/1856/1 2343/1859/1 2344/1853/1
f 2490/1860/1 2343/1859/1 2489/1856/1
f 2103/1854/1 2474/1861/1 2475/1858/1
f 2104/1862/1 2474/1861/1 2103/1854/1
f 2104/1862/1 2473/1863/1 2474/1861/1
f 2407/1864/1 2343/1859/1 2490/1860/1
f 2407/1864/1 2342/1865/1 2343/1859/1
f 2104/1862/1 2472/1866/1 2473/1863/1
f 2408/1867/1 2342/1865/1 2407/1864/1
f 2104/1862/1 2471/1868/1 2472/1866/1
f 2408/1867/1 2341/1869/1 2342/1865/1
f 2105/1870/1 2471/1868/1 2104/1862/1
f 2105/1870/1 2470/1871/1 2471/1868/1
f 2105/1870/1 2469/1872/1 2470/1871/1
f 2409/1873/1 2341/1869/1 2408/1867/1
f 2409/1873/1 2340/1874/1 2341/1869/1
f 2105/1870/1 2468/1875/1 2469/1872/1
f 2105/1870/1 2467/1876/1 2468/1875/1
f 2409/1873/1 2339/1877/1 2340/1874/1
f 2106/1878/1 2467/1876/1 2105/1870/1
f 2410/1879/1 2339/1877/1 2409/1873/1
f 2106/1878/1 2466/1880/1 2467/1876/1
f 2410/1879/1 2338/1881/1 2339/1877/1
f 2107/1882/1 2466/1880/1 2106/1878/1
f 2411/1883/1 2338/1881/1 2410/1879/1
f 2411/1883/1 2337/1884/1 2338/1881/1
f 2107/1882/1 2465/1885/1 2466/1880/1
f 2108/1886/1 2465/1885/1 2107/1882/1
f 2412/1887/1 2337/1884/1 2411/1883/1
f 2412/1887/1 2336/1888/1 2337/1884/1
f 2108/1886/1 2464/1889/1 2465/1885/1
f 2412/1887/1 2335/1890/1 2336/1888/1
f 2109/1891/1 2464/1889/1 2108/1886/1
f 2413/1892/1 2335/1890/1 2412/1887/1
f 2413/1892/1 2334/1893/1 2335/1890/1
f 2110/1894/1 2464/1889/1 2109/1891/1
f 2110/1894/1 2463/1895/1 2464/1889/1
f 2413/1892/1 2333/1896/1 2334/1893/1
f 2414/1897/1 2333/1896/1 2413/1892/1
f 2111/1898/1 2463/1895/1 2110/1894/1
f 2414/1897/1 2332/1899/1 2333/1896/1
f 2111/1898/1 2462/1900/1 2463/1895/1
f 2415/1901/1 2332/1899/1 2414/1897/1
f 2112/1902/1 2462/1900/1 2111/1898/1
f 2415/1901/1 2331/1903/1 2332/1899/1
f 2113/1904/1 2462/1900/1 2112/1902/1
f 2415/1901/1 2330/1905/1 2331/1903/1
f 2416/1906/1 2330/1905/1 2415/1901/1
f 2113/1904/1 2461/1907/1 2462/1900/1
f 2114/1908/1 2461/1907/1 2113/1904/1
f 2416/1906/1 2329/1909/1 2330/1905/1
f 2417/1910/1 2329/1909/1 2416/1906/1
f 2417/1910/1 2328/1911/1 2329/1909/1
f 2115/1912/1 2461/1907/1 2114/1908/1
f 2115/1912/1 2460/1913/1 2461/1907/1
f 2417/1910/1 2327/1914/1 2328/1911/1
f 2116/1915/1 2460/1913/1 2115/1912/1
f 2418/1916/1 2327/1914/1 2417/1910/1
f 2418/1916/1 2326/1917/1 2327/1914/1
f 2117/1918/1 2460/1913/1 2116/1915/1
f 2117/1918/1 2459/1919/1 2460/1913/1
f 2418/1916/1 2325/1920/1 2326/1917/1
f 2118/1921/1 2459/1919/1 2117/1918/1
f 2419/1922/1 2325/1920/1 2418/1916/1
f 2419/1922/1 2324/1923/1 2325/1920/1
f 2119/1924/1 2459/1919/1 2118/1921/1
f 2419/1922/1 2323/1925/1 2324/1923/1
f 2420/1926/1 2323/1925/1 2419/1922/1
f 2119/1924/1 2458/1927/1 2459/1919/1
f 2120/1928/1 2458/1927/1 2119/1924/1
f 2420/1926/1 2322/1929/1 2323/1925/1
f 2421/1930/1 2322/1929/1 2420/1926/1
f 2121/1931/1 2458/1927/1 2120/1928/1
f 2421/1930/1 2321/1932/1 2322/1929/1
f 2422/1933/1 2321/1932/1 2421/1930/1
f 2422/1933/1 2320/1934/1 2321/1932/1
f 2423/1935/1 2320/1934/1 2422/1933/1
f 2121/1931/1 2457/1936/1 2458/1927/1
f 2122/1937/1 2457/1936/1 2121/1931/1
f 2423/1935/1 2319/1938/1 2320/1934/1
f 2424/1939/1 2319/1938/1 2423/1935/1
f 2425/1940/1 2319/1938/1 2424/1939/1
f 2425/1940/1 2318/1941/1 2319/1938/1
f 2123/1942/1 2457/1936/1 2122/1937/1
f 2426/1943/1 2318/1941/1 2425/1940/1
f 2426/1943/1 2317/1944/1 2318/1941/1
f 2123/1942/1 2456/1945/1 2457/1936/1
f 2427/1946/1 2317/1944/1 2426/1943/1
f 2428/1947/1 2317/1944/1 2427/1946/1
f 2428/1947/1 2316/1948/1 2317/1944/1
f 2124/1949/1 2456/1945/1 2123/1942/1
f 2429/1950/1 2316/1948/1 2428/1947/1
f 2430/1951/1 2316/1948/1 2429/1950/1
f 2430/1951/1 2315/1952/1 2316/1948/1
f 2124/1949/1 2455/1953/1 2456/1945/1
f 2431/1954/1 2315/1952/1 2430/1951/1
f 2432/1955/1 2315/1952/1 2431/1954/1
f 2433/1956/1 2315/1952/1 2432/1955/1
f 2434/1957/1 2315/1952/1 2433/1956/1
f 2435/1958/1 2315/1952/1 2434/1957/1
f 2436/1959/1 2315/1952/1 2435/1958/1
f 2437/1960/1 2315/1952/1 2436/1959/1
f 2437/1960/1 2314/1961/1 2315/1952/1
f 2124/1949/1 2454/1962/1 2455/1953/1
f 2438/1963/1 2314/1961/1 2437/1960/1
f 2124/1949/1 2453/1964/1 2454/1962/1
f 2124/1949/1 2452/1965/1 2453/1964/1
f 2124/1949/1 2451/1966/1 2452/1965/1
f 2439/1967/1 2314/1961/1 2438/1963/1
f 2124/1949/1 2450/1968/1 2451/1966/1
f 2124/1949/1 2449/1969/1 2450/1968/1
f 2440/1970/1 2314/1961/1 2439/1967/1
f 2124/1949/1 2448/1971/1 2449/1969/1
f 2124/1949/1 2447/1972/1 2448/1971/1
f 2441/1973/1 2314/1961/1 2440/1970/1
f 2124/1949/1 2446/1974/1 2447/1972/1
f 2124/1949/1 2445/1975/1 2446/1974/1
f 2442/1976/1 2314/1961/1 2441/1973/1
f 2124/1949/1 2444/1977/1 2445/1975/1
f 2443/1978/1 2314/1961/1 2442/1976/1
f 2124/1949/1 2443/1978/1 2444/1977/1
f 2124/1949/1 2314/1961/1 2443/1978/1
f 2125/1979/1 2314/1961/1 2124/1949/1
f 2125/1979/1 2313/1980/1 2314/1961/1
f 2125/1979/1 2312/1981/1 2313/1980/1
f 2125/1979/1 2311/1982/1 2312/1981/1
f 2126/1983/1 2311/1982/1 2125/1979/1
f 2126/1983/1 2310/1984/1 2311/1982/1
f 2126/1983/1 2309/1985/1 2310/1984/1
f 2126/1983/1 2308/1986/1 2309/1985/1
f 2127/1987/1 2308/1986/1 2126/1983/1
f 2127/1987/1 2307/1988/1 2308/1986/1
f 2127/1987/1 2306/1989/1 2307/1988/1
f 2127/1987/1 2305/1990/1 2306/1989/1
f 2128/1991/1 2305/1990/1 2127/1987/1
f 2128/1991/1 2304/1992/1 2305/1990/1
f 2128/1991/1 2303/1993/1 2304/1992/1
f 2128/1991/1 2302/1994/1 2303/1993/1
f 2129/1995/1 2302/1994/1 2128/1991/1
f 2129/1995/1 2301/1996/1 2302/1994/1
f 2129/1995/1 2300/1997/1 2301/1996/1
f 2130/1998/1 2300/1997/1 2129/1995/1
f 2130/1998/1 2299/1999/1 2300/1997/1
f 2130/1998/1 2298/2000/1 2299/1999/1
f 2130/1998/1 2297/2001/1 2298/2000/1
f 2131/2002/1 2297/2001/1 2130/1998/1
f 2131/2002/1 2296/2003/1 2297/2001/1
f 2131/2002/1 2295/2004/1 2296/2003/1
f 2131/2002/1 2294/2005/1 2295/2004/1
f 2132/2006/1 2294/2005/1 2131/2002/1
f 2132/2006/1 2293/2007/1 2294/2005/1
f 2132/2006/1 2292/2008/1 2293/2007/1
f 2133/2009/1 2292/2008/1 2132/2006/1
f 2133/2009/1 2291/2010/1 2292/2008/1
f 2133/2009/1 2290/2011/1 2291/2010/1
f 2133/2009/1 2210/2012/1 2290/2011/1
f 2210/2012/1 2211/2013/1 2290/2011/1
f 2211/2013/1 2213/2014/1 2290/2011/1
f 2213/2014/1 2289/2015/1 2290/2011/1
f 2134/2016/1 2196/2017/1 2133/2009/1
f 2196/2017/1 2197/2018/1 2133/2009/1
f 2197/2018/1 2198/2019/1 2133/2009/1
f 2198/2019/1 2199/2020/1 2133/2009/1
f 2199/2020/1 2200/2021/1 2133/2009/1
f 2200/2021/1 2201/2022/1 2133/2009/1
f 2201/2022/1 2210/2012/1 2133/2009/1
f 2202/2023/2 2210/2012/2 2201/2022/2
f 2203/2024/1 2210/2012/1 2202/2023/1
f 2204/2025/1 2210/2012/1 2203/2024/1
f 2205/2026/1 2210/2012/1 2204/2025/1
f 2206/2027/1 2210/2012/1 2205/2026/1
f 2207/2028/1 2210/2012/1 2206/2027/1
f 2208/2029/1 2210/2012/1 2207/2028/1
f 2209/2030/1 2210/2012/1 2208/2029/1
f 2212/2031/1 2213/2014/1 2211/2013/1
f 2214/2032/1 2289/2015/1 2213/2014/1
f 2134/2016/1 2195/2033/1 2196/2017/1
f 2134/2016/1 2194/2034/1 2195/2033/1
f 2134/2016/1 2193/2035/1 2194/2034/1
f 2134/2016/1 2192/2036/1 2193/2035/1
f 2134/2016/1 2191/2037/1 2192/2036/1
f 2134/2016/1 2190/2038/1 2191/2037/1
f 2134/2016/1 2189/2039/1 2190/2038/1
f 2134/2016/1 2188/2040/1 2189/2039/1
f 2214/2032/1 2288/2041/1 2289/2015/1
f 2134/2016/1 2187/2042/1 2188/2040/1
f 2214/2032/1 2287/2043/1 2288/2041/1
f 2214/2032/1 2286/2044/1 2287/2043/1
f 2135/2045/1 2187/2042/1 2134/2016/1
f 2135/2045/1 2186/2046/1 2187/2042/1
f 2215/2047/1 2286/2044/1 2214/2032/1
f 2215/2047/1 2285/2048/1 2286/2044/1
f 2216/2049/1 2285/2048/1 2215/2047/1
f 2217/2050/1 2285/2048/1 2216/2049/1
f 2217/2050/1 2284/2051/1 2285/2048/1
f 2218/2052/1 2284/2051/1 2217/2050/1
f 2135/2045/1 2185/2053/1 2186/2046/1
f 2219/2054/1 2284/2051/1 2218/2052/1
f 2136/2055/1 2185/2053/1 2135/2045/1
f 2219/2054/1 2283/2056/1 2284/2051/1
f 2220/2057/1 2283/2056/1 2219/2054/1
f 2220/2057/1 2282/2058/1 2283/2056/1
f 2221/2059/1 2282/2058/1 2220/2057/1
f 2136/2055/1 2184/2060/1 2185/2053/1
f 2221/2059/1 2281/2061/1 2282/2058/1
f 2222/2062/1 2281/2061/1 2221/2059/1
f 2137/2063/1 2184/2060/1 2136/2055/1
f 2223/2064/1 2281/2061/1 2222/2062/1
f 2223/2064/1 2280/2065/1 2281/2061/1
f 2224/2066/1 2280/2065/1 2223/2064/1
f 2138/2067/1 2184/2060/1 2137/2063/1
f 2138/2067/1 2183/2068/1 2184/2060/1
f 2224/2066/1 2279/2069/1 2280/2065/1
f 2225/2070/1 2279/2069/1 2224/2066/1
f 2226/2071/1 2279/2069/1 2225/2070/1
f 2226/2071/1 2278/2072/1 2279/2069/1
f 2139/2073/1 2183/2068/1 2138/2067/1
f 2227/2074/1 2278/2072/1 2226/2071/1
f 2227/2074/1 2277/2075/1 2278/2072/1
f 2228/2076/1 2277/2075/1 2227/2074/1
f 2139/2073/1 2182/2077/1 2183/2068/1
f 2229/2078/1 2277/2075/1 2228/2076/1
f 2140/2079/1 2182/2077/1 2139/2073/1
f 2229/2078/1 2276/2080/1 2277/2075/1
f 2230/2081/1 2276/2080/1 2229/2078/1
f 2230/2081/1 2275/2082/1 2276/2080/1
f 2141/2083/1 2182/2077/1 2140/2079/1
f 2231/2084/1 2275/2082/1 2230/2081/1
f 2141/2083/1 2181/2085/1 2182/2077/1
f 2231/2084/1 2274/2086/1 2275/2082/1
f 2142/2087/1 2181/2085/1 2141/2083/1
f 2232/2088/1 2274/2086/1 2231/2084/1
f 2143/2089/1 2181/2085/1 2142/2087/1
f 2232/2088/1 2273/2090/1 2274/2086/1
f 2233/2091/1 2273/2090/1 2232/2088/1
f 2144/2092/1 2181/2085/1 2143/2089/1
f 2234/2093/1 2273/2090/1 2233/2091/1
f 2234/2093/1 2272/2094/1 2273/2090/1
f 2145/2095/1 2181/2085/1 2144/2092/1
f 2145/2095/1 2180/2096/1 2181/2085/1
f 2235/2097/1 2272/2094/1 2234/2093/1
f 2146/2098/1 2180/2096/1 2145/2095/1
f 2235/2097/1 2271/2099/1 2272/2094/1
f 2236/2100/1 2271/2099/1 2235/2097/1
f 2147/2101/1 2180/2096/1 2146/2098/1
f 2236/2100/1 2270/2102/1 2271/2099/1
f 2237/2103/1 2270/2102/1 2236/2100/1
f 2148/2104/1 2180/2096/1 2147/2101/1
f 2148/2104/1 2179/2105/1 2180/2096/1
f 2238/2106/1 2270/2102/1 2237/2103/1
f 2149/2107/1 2179/2105/1 2148/2104/1
f 2238/2106/1 2269/2108/1 2270/2102/1
f 2239/2109/1 2269/2108/1 2238/2106/1
f 2240/2110/1 2269/2108/1 2239/2109/1
f 2150/2111/1 2179/2105/1 2149/2107/1
f 2241/2112/1 2269/2108/1 2240/2110/1
f 2241/2112/1 2268/2113/1 2269/2108/1
f 2242/2114/1 2268/2113/1 2241/2112/1
f 2151/2115/1 2179/2105/1 2150/2111/1
f 2243/2116/1 2268/2113/1 2242/2114/1
f 2152/2117/1 2179/2105/1 2151/2115/1
f 2243/2116/1 2267/2118/1 2268/2113/1
f 2152/2117/1 2178/2119/1 2179/2105/1
f 2244/2120/1 2267/2118/1 2243/2116/1
f 2153/2121/1 2178/2119/1 2152/2117/1
f 2154/2122/1 2178/2119/1 2153/2121/1
f 2155/2123/1 2178/2119/1 2154/2122/1
f 2244/2120/1 2266/2124/1 2267/2118/1
f 2156/2125/1 2178/2119/1 2155/2123/1
f 2245/2126/1 2266/2124/1 2244/2120/1
f 2157/2127/1 2178/2119/1 2156/2125/1
f 2245/2126/1 2265/2128/1 2266/2124/1
f 2158/2129/1 2178/2119/1 2157/2127/1
f 2246/2130/1 2265/2128/1 2245/2126/1
f 2159/2131/1 2178/2119/1 2158/2129/1
f 2159/2131/1 2177/2132/1 2178/2119/1
f 2246/2130/1 2264/2133/1 2265/2128/1
f 2247/2134/1 2264/2133/1 2246/2130/1
f 2160/2135/1 2177/2132/1 2159/2131/1
f 2247/2134/1 2263/2136/1 2264/2133/1
f 2247/2134/1 2262/2137/1 2263/2136/1
f 2161/2138/1 2177/2132/1 2160/2135/1
f 2248/2139/1 2262/2137/1 2247/2134/1
f 2248/2139/1 2261/2140/1 2262/2137/1
f 2248/2139/1 2260/2141/1 2261/2140/1
f 2161/2138/1 2176/2142/1 2177/2132/1
f 2162/2143/1 2176/2142/1 2161/2138/1
f 2162/2143/1 2175/2144/1 2176/2142/1
f 2248/2139/1 2259/2145/1 2260/2141/1
f 2249/2146/1 2259/2145/1 2248/2139/1
f 2162/2143/1 2174/2147/1 2175/2144/1
f 2249/2146/1 2258/2148/1 2259/2145/1
f 2162/2143/1 2173/2149/1 2174/2147/1
f 2249/2146/1 2257/2150/1 2258/2148/1
f 2162/2143/1 2172/2151/1 2173/2149/1
f 2163/2152/1 2172/2151/1 2162/2143/1
f 2163/2152/1 2171/2153/1 2172/2151/1
f 2249/2146/1 2256/2154/1 2257/2150/1
f 2163/2152/1 2170/2155/1 2171/2153/1
f 2249/2146/1 2255/2156/1 2256/2154/1
f 2250/2157/1 2255/2156/1 2249/2146/1
f 2163/2152/1 2169/2158/1 2170/2155/1
f 2250/2157/1 2254/2159/1 2255/2156/1
f 2163/2152/1 2168/2160/1 2169/2158/1
f 2164/2161/1 2168/2160/1 2163/2152/1
f 2250/2157/1 2253/2162/1 2254/2159/1
f 2164/2161/1 2167/2163/1 2168/2160/1
f 2250/2157/1 2252/2164/1 2253/2162/1
f 2164/2161/1 2166/2165/1 2167/2163/1
f 2250/2157/1 2251/2166/1 2252/2164/1
f 2164/2161/1 2165/2167/1 2166/2165/1
f 2491/2168/1 2569/2169/1 2570/2170/1
f 2491/2168/1 2568/2171/1 2569/2169/1
f 2491/2168/1 2567/2172/1 2568/2171/1
f 2491/2168/1 2566/2173/1 2567/2172/1
f 2491/2168/1 2565/2174/1 2566/2173/1
f 2491/2168/1 2564/2175/1 2565/2174/1
f 2491/2168/1 2563/2176/1 2564/2175/1
f 2491/2168/1 2562/2177/1 2563/2176/1
f 2491/2168/1 2561/2178/1 2562/2177/1
f 2491/2168/1 2560/2179/1 2561/2178/1
f 2491/2168/1 2559/2180/1 2560/2179/1
f 2491/2168/1 2558/2181/1 2559/2180/1
f 2491/2168/1 2557/2182/1 2558/2181/1
f 2491/2168/1 2556/2183/1 2557/2182/1
f 2491/2168/1 2555/2184/1 2556/2183/1
f 2492/2185/1 2555/2184/1 2491/2168/1
f 2492/2185/1 2554/2186/1 2555/2184/1
f 2492/2185/1 2553/2187/1 2554/2186/1
f 2492/2185/1 2552/2188/1 2553/2187/1
f 2492/2185/1 2551/2189/1 2552/2188/1
f 2492/2185/1 2550/2190/1 2551/2189/1
f 2492/2185/1 2549/2191/1 2550/2190/1
f 2492/2185/1 2548/2192/1 2549/2191/1
f 2492/2185/1 2547/2193/1 2548/2192/1
f 2492/2185/1 2493/2194/1 2547/2193/1
f 2493/2194/1 2494/2195/1 2547/2193/1
f 2494/2195/1 2495/2196/1 2547/2193/1
f 2495/2196/1 2546/2197/1 2547/2193/1
f 2496/2198/1 2546/2197/1 2495/2196/1
f 2497/2199/1 2546/2197/1 2496/2198/1
f 2498/2200/1 2546/2197/1 2497/2199/1
f 2499/2201/1 2546/2197/1 2498/2200/1
f 2500/2202/1 2546/2197/1 2499/2201/1
f 2501/2203/1 2546/2197/1 2500/2202/1
f 2502/2204/1 2546/2197/1 2501/2203/1
f 2503/2205/1 2546/2197/1 2502/2204/1
f 2504/2206/1 2546/2197/1 2503/2205/1
f 2504/2206/1 2545/2207/1 2546/2197/1
f 2505/2208/1 2545/2207/1 2504/2206/1
f 2506/2209/1 2545/2207/1 2505/2208/1
f 2507/2210/1 2545/2207/1 2506/2209/1
f 2508/2211/1 2545/2207/1 2507/2210/1
f 2508/2211/1 2544/2212/1 2545/2207/1
f 2509/2213/1 2544/2212/1 2508/2211/1
f 2510/2214/1 2544/2212/1 2509/2213/1
f 2510/2214/1 2543/2215/1 2544/2212/1
f 2511/2216/1 2543/2215/1 2510/2214/1
f 2512/2217/1 2543/2215/1 2511/2216/1
f 2513/2218/1 2543/2215/1 2512/2217/1
f 2513/2218/1 2542/2219/1 2543/2215/1
f 2514/2220/1 2542/2219/1 2513/2218/1
f 2515/2221/1 2542/2219/1 2514/2220/1
f 2516/2222/1 2542/2219/1 2515/2221/1
f 2517/2223/1 2542/2219/1 2516/2222/1
f 2517/2223/1 2541/2224/1 2542/2219/1
f 2518/2225/1 2541/2224/1 2517/2223/1
f 2519/2226/1 2541/2224/1 2518/2225/1
f 2520/2227/1 2541/2224/1 2519/2226/1
f 2521/2228/1 2541/2224/1 2520/2227/1
f 2522/2229/1 2541/2224/1 2521/2228/1
f 2523/2230/1 2541/2224/1 2522/2229/1
f 2524/2231/1 2541/2224/1 2523/2230/1
f 2525/2232/1 2541/2224/1 2524/2231/1
f 2526/2233/1 2541/2224/1 2525/2232/1
f 2527/2234/1 2541/2224/1 2526/2233/1
f 2527/2234/1 2540/2235/1 2541/2224/1
f 2528/2236/1 2540/2235/1 2527/2234/1
f 2529/2237/1 2540/2235/1 2528/2236/1
f 2530/2238/1 2540/2235/1 2529/2237/1
f 2530/2238/1 2539/2239/1 2540/2235/1
f 2530/2238/1 2538/2240/1 2539/2239/1
f 2530/2238/1 2537/2241/1 2538/2240/1
f 2531/2242/1 2537/2241/1 2530/2238/1
f 2531/2242/1 2536/2243/1 2537/2241/1
f 2531/2242/1 2535/2244/1 2536/2243/1
f 2531/2242/1 2534/2245/1 2535/2244/1
f 2531/2242/1 2533/2246/1 2534/2245/1
f 2531/2242/1 2532/2247/1 2533/2246/1
f 3089/2248/1 3087/2249/1 3088/2250/1
f 3090/2251/1 3087/2249/1 3089/2248/1
f 3090/2251/1 3086/2252/1 3087/2249/1
f 2571/2253/1 3086/2252/1 3090/2251/1
f 2571/2253/1 3085/2254/1 3086/2252/1
f 2572/2255/1 3085/2254/1 2571/2253/1
f 2572/2255/1 3084/2256/1 3085/2254/1
f 2573/2257/1 3084/2256/1 2572/2255/1
f 2574/2258/1 3084/2256/1 2573/2257/1
f 2574/2258/1 3083/2259/1 3084/2256/1
f 2575/2260/1 3083/2259/1 2574/2258/1
f 2576/2261/1 3083/2259/1 2575/2260/1
f 2576/2261/1 3082/2262/1 3083/2259/1
f 2577/2263/1 3082/2262/1 2576/2261/1
f 2578/2264/1 3082/2262/1 2577/2263/1
f 2578/2264/1 3081/2265/1 3082/2262/1
f 2579/2266/1 3081/2265/1 2578/2264/1
f 2580/2267/1 3081/2265/1 2579/2266/1
f 2580/2267/1 3080/2268/1 3081/2265/1
f 2581/2269/1 3080/2268/1 2580/2267/1
f 2581/2269/1 3079/2270/1 3080/2268/1
f 2582/2271/1 3079/2270/1 2581/2269/1
f 2583/2272/1 3079/2270/1 2582/2271/1
f 2583/2272/1 3078/2273/1 3079/2270/1
f 2584/2274/1 3078/2273/1 2583/2272/1
f 2585/2275/1 3078/2273/1 2584/2274/1
f 2585/2275/1 3077/2276/1 3078/2273/1
f 2586/2277/1 3077/2276/1 2585/2275/1
f 2586/2277/1 3076/2278/1 3077/2276/1
f 2587/2279/1 3076/2278/1 2586/2277/1
f 2587/2279/1 3075/2280/1 3076/2278/1
f 2588/2281/1 3075/2280/1 2587/2279/1
f 2588/2281/1 3074/2282/1 3075/2280/1
f 2589/2283/1 3074/2282/1 2588/2281/1
f 2589/2283/1 3073/2284/1 3074/2282/1
f 2589/2283/1 3072/2285/1 3073/2284/1
f 2590/2286/1 3072/2285/1 2589/2283/1
f 2590/2286/1 3071/2287/1 3072/2285/1
f 2591/2288/1 3071/2287/1 2590/2286/1
f 2591/2288/1 3070/2289/1 3071/2287/1
f 2592/2290/1 3070/2289/1 2591/2288/1
f 2592/2290/1 3069/2291/1 3070/2289/1
f 2593/2292/1 3069/2291/1 2592/2290/1
f 2593/2292/1 3068/2293/1 3069/2291/1
f 2594/2294/1 3068/2293/1 2593/2292/1
f 2594/2294/1 3067/2295/1 3068/2293/1
f 2595/2296/1 3067/2295/1 2594/2294/1
f 2595/2296/1 3066/2297/1 3067/2295/1
f 2596/2298/1 3066/2297/1 2595/2296/1
f 2596/2298/1 3065/2299/1 3066/2297/1
f 2597/2300/1 3065/2299/1 2596/2298/1
f 2597/2300/1 3064/2301/1 3065/2299/1
f 2598/2302/1 3064/2301/1 2597/2300/1
f 2598/2302/1 3063/2303/1 3064/2301/1
f 2599/2304/1 3063/2303/1 2598/2302/1
f 2599/2304/1 3062/2305/1 3063/2303/1
f 2600/2306/1 3062/2305/1 2599/2304/1
f 2600/2306/1 3061/2307/1 3062/2305/1
f 2601/2308/1 3061/2307/1 2600/2306/1
f 2601/2308/1 3060/2309/1 3061/2307/1
f 2602/2310/1 3060/2309/1 2601/2308/1
f 2602/2310/1 3059/2311/1 3060/2309/1
f 2603/2312/1 3059/2311/1 2602/2310/1
f 2603/2312/1 3058/2313/1 3059/2311/1
f 2604/2314/1 3058/2313/1 2603/2312/1
f 2605/2315/1 3058/2313/1 2604/2314/1
f 2605/2315/1 3057/2316/1 3058/2313/1
f 2606/2317/1 3057/2316/1 2605/2315/1
f 2606/2317/1 3056/2318/1 3057/2316/1
f 2607/2319/1 3056/2318/1 2606/2317/1
f 2607/2319/1 3055/2320/1 3056/2318/1
f 2608/2321/1 3055/2320/1 2607/2319/1
f 2608/2321/1 3054/2322/1 3055/2320/1
f 2609/2323/1 3054/2322/1 2608/2321/1
f 2609/2323/1 3053/2324/1 3054/2322/1
f 2610/2325/1 3053/2324/1 2609/2323/1
f 2610/2325/1 3052/2326/1 3053/2324/1
f 2611/2327/1 3011/2328/1 2610/2325/1
f 3011/2328/1 3052/2326/1 2610/2325/1
f 3011/2328/1 3012/2329/1 3052/2326/1
f 3012/2329/1 3051/2330/1 3052/2326/1
f 2611/2327/1 3010/2331/1 3011/2328/1
f 3013/2332/1 3051/2330/1 3012/2329/1
f 2611/2327/1 3009/2333/1 3010/2331/1
f 3014/2334/1 3051/2330/1 3013/2332/1
f 2611/2327/1 3008/2335/1 3009/2333/1
f 3015/2336/1 3051/2330/1 3014/2334/1
f 2611/2327/1 3007/2337/1 3008/2335/1
f 3016/2338/1 3051/2330/1 3015/2336/1
f 2612/2339/1 3007/2337/1 2611/2327/1
f 2612/2339/1 3006/2340/1 3007/2337/1
f 3017/2341/1 3051/2330/1 3016/2338/1
f 3017/2341/1 3050/2342/1 3051/2330/1
f 2612/2339/1 3005/2343/1 3006/2340/1
f 3018/2344/1 3050/2342/1 3017/2341/1
f 2612/2339/1 3004/2345/1 3005/2343/1
f 3019/2346/1 3050/2342/1 3018/2344/1
f 2612/2339/1 3003/2347/1 3004/2345/1
f 3020/2348/1 3050/2342/1 3019/2346/1
f 3020/2348/1 3049/2349/1 3050/2342/1
f 2613/2350/1 3003/2347/1 2612/2339/1
f 2613/2350/1 3002/2351/1 3003/2347/1
f 2613/2350/1 3001/2352/1 3002/2351/1
f 3021/2353/1 3049/2349/1 3020/2348/1
f 2613/2350/1 3000/2354/1 3001/2352/1
f 2613/2350/1 2999/2355/1 3000/2354/1
f 2613/2350/1 2998/2356/1 2999/2355/1
f 2613/2350/1 2997/2357/1 2998/2356/1
f 3021/2353/1 3048/2358/1 3049/2349/1
f 3022/2359/1 3048/2358/1 3021/2353/1
f 2614/2360/1 2997/2357/1 2613/2350/1
f 2614/2360/1 2996/2361/1 2997/2357/1
f 2614/2360/1 2995/2362/1 2996/2361/1
f 2614/2360/1 2994/2363/1 2995/2362/1
f 3023/2364/1 3048/2358/1 3022/2359/1
f 2614/2360/1 2993/2365/1 2994/2363/1
f 2614/2360/1 2992/2366/1 2993/2365/1
f 3023/2364/1 3047/2367/1 3048/2358/1
f 2615/2368/1 2992/2366/1 2614/2360/1
f 2615/2368/1 2991/2369/1 2992/2366/1
f 2615/2368/1 2990/2370/1 2991/2369/1
f 3024/2371/1 3047/2367/1 3023/2364/1
f 2615/2368/1 2989/2372/1 2990/2370/1
f 2615/2368/1 2988/2373/1 2989/2372/1
f 2615/2368/1 2987/2374/1 2988/2373/1
f 3024/2371/1 3046/2375/1 3047/2367/1
f 2615/2368/1 2986/2376/1 2987/2374/1
f 2616/2377/1 2986/2376/1 2615/2368/1
f 2616/2377/1 2985/2378/1 2986/2376/1
f 3025/2379/1 3046/2375/1 3024/2371/1
f 2616/2377/1 2984/2380/1 2985/2378/1
f 2616/2377/1 2983/2381/1 2984/2380/1
f 3025/2379/1 3045/2382/1 3046/2375/1
f 2616/2377/1 2982/2383/1 2983/2381/1
f 2617/2384/1 2982/2383/1 2616/2377/1
f 3026/2385/1 3045/2382/1 3025/2379/1
f 2617/2384/1 2981/2386/1 2982/2383/1
f 2617/2384/1 2980/2387/1 2981/2386/1
f 3026/2385/1 3044/2388/1 3045/2382/1
f 2618/2389/1 2980/2387/1 2617/2384/1
f 2618/2389/1 2979/2390/1 2980/2387/1
f 3027/2391/1 3044/2388/1 3026/2385/1
f 2618/2389/1 2978/2392/1 2979/2390/1
f 3027/2391/1 3043/2393/1 3044/2388/1
f 2619/2394/1 2978/2392/1 2618/2389/1
f 2619/2394/1 2977/2395/1 2978/2392/1
f 3028/2396/1 3043/2393/1 3027/2391/1
f 2619/2394/1 2976/2397/1 2977/2395/1
f 2619/2394/1 2975/2398/1 2976/2397/1
f 3028/2396/1 3042/2399/1 3043/2393/1
f 2620/2400/1 2975/2398/1 2619/2394/1
f 2620/2400/1 2974/2401/1 2975/2398/1
f 2620/2400/1 2973/2402/1 2974/2401/1
f 2620/2400/1 2972/2403/1 2973/2402/1
f 3029/2404/1 3042/2399/1 3028/2396/1
f 3030/2405/1 3042/2399/1 3029/2404/1
f 2620/2400/1 2971/2406/1 2972/2403/1
f 3031/2407/1 3042/2399/1 3030/2405/1
f 3032/2408/1 3042/2399/1 3031/2407/1
f 2620/2400/1 2970/2409/1 2971/2406/1
f 2621/2410/1 2970/2409/1 2620/2400/1
f 3033/2411/1 3042/2399/1 3032/2408/1
f 2621/2410/1 2969/2412/1 2970/2409/1
f 3034/2413/1 3042/2399/1 3033/2411/1
f 2621/2410/1 2968/2414/1 2969/2412/1
f 3035/2415/1 3042/2399/1 3034/2413/1
f 2621/2410/1 2967/2416/1 2968/2414/1
f 2621/2410/1 2966/2417/1 2967/2416/1
f 3036/2418/1 3042/2399/1 3035/2415/1
f 2622/2419/1 2966/2417/1 2621/2410/1
f 2622/2419/1 2965/2420/1 2966/2417/1
f 3037/2421/1 3042/2399/1 3036/2418/1
f 2622/2419/1 2964/2422/1 2965/2420/1
f 3038/2423/1 3042/2399/1 3037/2421/1
f 2622/2419/1 2963/2424/1 2964/2422/1
f 3039/2425/1 3042/2399/1 3038/2423/1
f 2622/2419/1 2962/2426/1 2963/2424/1
f 3040/2427/1 3042/2399/1 3039/2425/1
f 3041/2428/1 3042/2399/1 3040/2427/1
f 2622/2419/1 2961/2429/1 2962/2426/1
f 2623/2430/1 2961/2429/1 2622/2419/1
f 2623/2430/1 2960/2431/1 2961/2429/1
f 2623/2430/1 2959/2432/1 2960/2431/1
f 2623/2430/1 2958/2433/1 2959/2432/1
f 2623/2430/1 2957/2434/1 2958/2433/1
f 2623/2430/1 2956/2435/1 2957/2434/1
f 2624/2436/1 2956/2435/1 2623/2430/1
f 2624/2436/1 2955/2437/1 2956/2435/1
f 2624/2436/1 2954/2438/1 2955/2437/1
f 2624/2436/1 2953/2439/1 2954/2438/1
f 2624/2436/1 2952/2440/1 2953/2439/1
f 2625/2441/1 2952/2440/1 2624/2436/1
f 2625/2441/1 2951/2442/1 2952/2440/1
f 2625/2441/1 2950/2443/1 2951/2442/1
f 2625/2441/1 2949/2444/1 2950/2443/1
f 2625/2441/1 2948/2445/1 2949/2444/1
f 2626/2446/1 2948/2445/1 2625/2441/1
f 2626/2446/1 2947/2447/1 2948/2445/1
f 2626/2446/1 2946/2448/1 2947/2447/1
f 2626/2446/1 2945/2449/1 2946/2448/1
f 2627/2450/1 2945/2449/1 2626/2446/1
f 2627/2450/1 2944/2451/1 2945/2449/1
f 2627/2450/1 2943/2452/1 2944/2451/1
f 2628/2453/1 2943/2452/1 2627/2450/1
f 2628/2453/1 2942/2454/1 2943/2452/1
f 2629/2455/1 2942/2454/1 2628/2453/1
f 2629/2455/1 2941/2456/1 2942/2454/1
f 2630/2457/1 2941/2456/1 2629/2455/1
f 2631/2458/1 2941/2456/1 2630/2457/1
f 2631/2458/1 2940/2459/1 2941/2456/1
f 2632/2460/1 2940/2459/1 2631/2458/1
f 2632/2460/1 2939/2461/1 2940/2459/1
f 2633/2462/1 2939/2461/1 2632/2460/1
f 2634/2463/1 2939/2461/1 2633/2462/1
f 2634/2463/1 2938/2464/1 2939/2461/1
f 2635/2465/1 2938/2464/1 2634/2463/1
f 2636/2466/1 2938/2464/1 2635/2465/1
f 2636/2466/1 2937/2467/1 2938/2464/1
f 2637/2468/1 2937/2467/1 2636/2466/1
f 2638/2469/1 2937/2467/1 2637/2468/1
f 2638/2469/1 2936/2470/1 2937/2467/1
f 2639/2471/1 2936/2470/1 2638/2469/1
f 2640/2472/1 2936/2470/1 2639/2471/1
f 2641/2473/1 2936/2470/1 2640/2472/1
f 2641/2473/1 2935/2474/1 2936/2470/1
f 2642/2475/1 2935/2474/1 2641/2473/1
f 2643/2476/1 2935/2474/1 2642/2475/1
f 2644/2477/1 2935/2474/1 2643/2476/1
f 2644/2477/1 2934/2478/1 2935/2474/1
f 2645/2479/1 2934/2478/1 2644/2477/1
f 2646/2480/1 2934/2478/1 2645/2479/1
f 2646/2480/1 2933/2481/1 2934/2478/1
f 2647/2482/1 2933/2481/1 2646/2480/1
f 2647/2482/1 2932/2483/1 2933/2481/1
f 2648/2484/1 2932/2483/1 2647/2482/1
f 2649/2485/1 2932/2483/1 2648/2484/1
f 2649/2485/1 2931/2486/1 2932/2483/1
f 2650/2487/1 2931/2486/1 2649/2485/1
f 2650/2487/1 2930/2488/1 2931/2486/1
f 2650/2487/1 2929/2489/1 2930/2488/1
f 2651/2490/1 2929/2489/1 2650/2487/1
f 2651/2490/1 2928/2491/1 2929/2489/1
f 2652/2492/1 2928/2491/1 2651/2490/1
f 2652/2492/1 2927/2493/1 2928/2491/1
f 2652/2492/1 2926/2494/1 2927/2493/1
f 2653/2495/1 2926/2494/1 2652/2492/1
f 2653/2495/1 2925/2496/1 2926/2494/1
f 2654/2497/1 2925/2496/1 2653/2495/1
f 2654/2497/1 2924/2498/1 2925/2496/1
f 2654/2497/1 2923/2499/1 2924/2498/1
f 2655/2500/1 2923/2499/1 2654/2497/1
f 2655/2500/1 2922/2501/1 2923/2499/1
f 2656/2502/1 2922/2501/1 2655/2500/1
f 2656/2502/1 2921/2503/1 2922/2501/1
f 2656/2502/1 2920/2504/1 2921/2503/1
f 2657/2505/1 2920/2504/1 2656/2502/1
f 2657/2505/1 2919/2506/1 2920/2504/1
f 2657/2505/1 2918/2507/1 2919/2506/1
f 2658/2508/1 2918/2507/1 2657/2505/1
f 2658/2508/1 2917/2509/1 2918/2507/1
f 2658/2508/1 2916/2510/1 2917/2509/1
f 2658/2508/1 2915/2511/1 2916/2510/1
f 2659/2512/1 2915/2511/1 2658/2508/1
f 2659/2512/1 2914/2513/1 2915/2511/1
f 2659/2512/1 2913/2514/1 2914/2513/1
f 2660/2515/1 2913/2514/1 2659/2512/1
f 2660/2515/1 2912/2516/1 2913/2514/1
f 2660/2515/1 2911/2517/1 2912/2516/1
f 2661/2518/1 2911/2517/1 2660/2515/1
f 2661/2518/1 2910/2519/1 2911/2517/1
f 2661/2518/1 2909/2520/1 2910/2519/1
f 2662/2521/1 2909/2520/1 2661/2518/1
f 2662/2521/1 2908/2522/1 2909/2520/1
f 2662/2521/1 2907/2523/1 2908/2522/1
f 2663/2524/1 2907/2523/1 2662/2521/1
f 2663/2524/1 2906/2525/1 2907/2523/1
f 2663/2524/1 2905/2526/1 2906/2525/1
f 2663/2524/1 2904/2527/1 2905/2526/1
f 2663/2524/1 2903/2528/1 2904/2527/1
f 2664/2529/1 2903/2528/1 2663/2524/1
f 2664/2529/1 2902/2530/1 2903/2528/1
f 2664/2529/1 2901/2531/1 2902/2530/1
f 2664/2529/1 2900/2532/1 2901/2531/1
f 2665/2533/1 2900/2532/1 2664/2529/1
f 2665/2533/1 2899/2534/1 2900/2532/1
f 2665/2533/1 2898/2535/1 2899/2534/1
f 2665/2533/1 2897/2536/1 2898/2535/1
f 2665/2533/1 2896/2537/1 2897/2536/1
f 2665/2533/1 2895/2538/1 2896/2537/1
f 2666/2539/1 2895/2538/1 2665/2533/1
f 2666/2539/1 2894/2540/1 2895/2538/1
f 2667/2541/1 2894/2540/1 2666/2539/1
f 2667/2541/1 2893/2542/1 2894/2540/1
f 2667/2541/1 2892/2543/1 2893/2542/1
f 2668/2544/1 2892/2543/1 2667/2541/1
f 2668/2544/1 2891/2545/1 2892/2543/1
f 2669/2546/1 2891/2545/1 2668/2544/1
f 2669/2546/1 2890/2547/1 2891/2545/1
f 2670/2548/1 2890/2547/1 2669/2546/1
f 2670/2548/1 2889/2549/1 2890/2547/1
f 2671/2550/1 2889/2549/1 2670/2548/1
f 2671/2550/1 2888/2551/1 2889/2549/1
f 2756/2552/1 2754/2553/1 2755/2554/1
f 2757/2555/1 2754/2553/1 2756/2552/1
f 2757/2555/1 2753/2556/1 2754/2553/1
f 2758/2557/1 2753/2556/1 2757/2555/1
f 2758/2557/1 2752/2558/1 2753/2556/1
f 2759/2559/1 2752/2558/1 2758/2557/1
f 2759/2559/1 2751/2560/1 2752/2558/1
f 2760/2561/1 2751/2560/1 2759/2559/1
f 2761/2562/1 2751/2560/1 2760/2561/1
f 2762/2563/1 2751/2560/1 2761/2562/1
f 2763/2564/1 2751/2560/1 2762/2563/1
f 2764/2565/1 2751/2560/1 2763/2564/1
f 2765/2566/1 2751/2560/1 2764/2565/1
f 2765/2566/1 2750/2567/1 2751/2560/1
f 2672/2568/1 2888/2551/1 2671/2550/1
f 2765/2566/1 2749/2569/1 2750/2567/1
f 2672/2568/1 2887/2570/1 2888/2551/1
f 2766/2571/1 2749/2569/1 2765/2566/1
f 2673/2572/1 2887/2570/1 2672/2568/1
f 2766/2571/1 2748/2573/1 2749/2569/1
f 2673/2572/1 2886/2574/1 2887/2570/1
f 2674/2575/1 2886/2574/1 2673/2572/1
f 2767/2576/1 2748/2573/1 2766/2571/1
f 2674/2575/1 2885/2577/1 2886/2574/1
f 2675/2578/1 2885/2577/1 2674/2575/1
f 2767/2576/1 2747/2579/1 2748/2573/1
f 2676/2580/1 2885/2577/1 2675/2578/1
f 2676/2580/1 2884/2581/1 2885/2577/1
f 2677/2582/1 2884/2581/1 2676/2580/1
f 2677/2582/1 2883/2583/1 2884/2581/1
f 2768/2584/1 2747/2579/1 2767/2576/1
f 2768/2584/1 2746/2585/1 2747/2579/1
f 2678/2586/1 2883/2583/1 2677/2582/1
f 2679/2587/1 2883/2583/1 2678/2586/1
f 2680/2588/1 2883/2583/1 2679/2587/1
f 2768/2584/1 2745/2589/1 2746/2585/1
f 2681/2590/1 2883/2583/1 2680/2588/1
f 2681/2590/1 2882/2591/1 2883/2583/1
f 2769/2592/1 2745/2589/1 2768/2584/1
f 2682/2593/1 2882/2591/1 2681/2590/1
f 2769/2592/1 2744/2594/1 2745/2589/1
f 2683/2595/1 2882/2591/1 2682/2593/1
f 2683/2595/1 2881/2596/1 2882/2591/1
f 2770/2597/1 2744/2594/1 2769/2592/1
f 2684/2598/1 2881/2596/1 2683/2595/1
f 2770/2597/1 2743/2599/1 2744/2594/1
f 2685/2600/1 2881/2596/1 2684/2598/1
f 2770/2597/1 2742/2601/1 2743/2599/1
f 2686/2602/1 2881/2596/1 2685/2600/1
f 2686/2602/1 2880/2603/1 2881/2596/1
f 2771/2604/1 2742/2601/1 2770/2597/1
f 2771/2604/1 2741/2605/1 2742/2601/1
f 2687/2606/1 2880/2603/1 2686/2602/1
f 2771/2604/1 2740/2607/1 2741/2605/1
f 2688/2608/1 2880/2603/1 2687/2606/1
f 2771/2604/1 2739/2609/1 2740/2607/1
f 2688/2608/1 2879/2610/1 2880/2603/1
f 2771/2604/1 2738/2611/1 2739/2609/1
f 2772/2612/1 2738/2611/1 2771/2604/1
f 2689/2613/1 2879/2610/1 2688/2608/1
f 2690/2614/1 2879/2610/1 2689/2613/1
f 2690/2614/1 2878/2615/1 2879/2610/1
f 2773/2616/1 2738/2611/1 2772/2612/1
f 2773/2616/1 2737/2617/1 2738/2611/1
f 2691/2618/1 2878/2615/1 2690/2614/1
f 2691/2618/1 2877/2619/1 2878/2615/1
f 2692/2620/1 2877/2619/1 2691/2618/1
f 2774/2621/1 2737/2617/1 2773/2616/1
f 2774/2621/1 2736/2622/1 2737/2617/1
f 2693/2623/1 2877/2619/1 2692/2620/1
f 2775/2624/1 2736/2622/1 2774/2621/1
f 2693/2623/1 2876/2625/1 2877/2619/1
f 2775/2624/1 2735/2626/1 2736/2622/1
f 2694/2627/1 2876/2625/1 2693/2623/1
f 2776/2628/1 2735/2626/1 2775/2624/1
f 2695/2629/1 2876/2625/1 2694/2627/1
f 2776/2628/1 2734/2630/1 2735/2626/1
f 2777/2631/1 2734/2630/1 2776/2628/1
f 2695/2629/1 2875/2632/1 2876/2625/1
f 2696/2633/1 2875/2632/1 2695/2629/1
f 2777/2631/1 2733/2634/1 2734/2630/1
f 2778/2635/1 2733/2634/1 2777/2631/1
f 2697/2636/1 2875/2632/1 2696/2633/1
f 2778/2635/1 2732/2637/1 2733/2634/1
f 2697/2636/1 2874/2638/1 2875/2632/1
f 2698/2639/1 2874/2638/1 2697/2636/1
f 2779/2640/1 2732/2637/1 2778/2635/1
f 2779/2640/1 2731/2641/1 2732/2637/1
f 2699/2642/1 2874/2638/1 2698/2639/1
f 2779/2640/1 2730/2643/1 2731/2641/1
f 2780/2644/1 2730/2643/1 2779/2640/1
f 2700/2645/1 2874/2638/1 2699/2642/1
f 2700/2645/1 2873/2646/1 2874/2638/1
f 2780/2644/1 2729/2647/1 2730/2643/1
f 2701/2648/1 2873/2646/1 2700/2645/1
f 2780/2644/1 2728/2649/1 2729/2647/1
f 2781/2650/1 2728/2649/1 2780/2644/1
f 2781/2650/1 2727/2651/1 2728/2649/1
f 2702/2652/1 2873/2646/1 2701/2648/1
f 2781/2650/1 2726/2653/1 2727/2651/1
f 2702/2652/1 2872/2654/1 2873/2646/1
f 2703/2655/1 2872/2654/1 2702/2652/1
f 2782/2656/1 2726/2653/1 2781/2650/1
f 2782/2656/1 2725/2657/1 2726/2653/1
f 2704/2658/1 2872/2654/1 2703/2655/1
f 2782/2656/1 2724/2659/1 2725/2657/1
f 2705/2660/1 2872/2654/1 2704/2658/1
f 2783/2661/1 2724/2659/1 2782/2656/1
f 2706/2662/1 2872/2654/1 2705/2660/1
f 2706/2662/1 2871/2663/1 2872/2654/1
f 2783/2661/1 2723/2664/1 2724/2659/1
f 2707/2665/1 2871/2663/1 2706/2662/1
f 2783/2661/1 2722/2666/1 2723/2664/1
f 2708/2667/1 2871/2663/1 2707/2665/1
f 2784/2668/1 2722/2666/1 2783/2661/1
f 2784/2668/1 2721/2669/1 2722/2666/1
f 2709/2670/1 2871/2663/1 2708/2667/1
f 2710/2671/1 2871/2663/1 2709/2670/1
f 2784/2668/1 2720/2672/1 2721/2669/1
f 2711/2673/1 2871/2663/1 2710/2671/1
f 2784/2668/1 2719/2674/1 2720/2672/1
f 2712/2675/1 2871/2663/1 2711/2673/1
f 2785/2676/1 2719/2674/1 2784/2668/1
f 2713/2677/1 2871/2663/1 2712/2675/1
f 2785/2676/1 2718/2678/1 2719/2674/1
f 2714/2679/1 2871/2663/1 2713/2677/1
f 2785/2676/1 2717/2680/1 2718/2678/1
f 2715/2681/1 2871/2663/1 2714/2679/1
f 2715/2681/1 2870/2682/1 2871/2663/1
f 2716/2683/1 2870/2682/1 2715/2681/1
f 2785/2676/1 2716/2683/1 2717/2680/1
f 2785/2676/1 2870/2682/1 2716/2683/1
f 2786/2684/1 2870/2682/1 2785/2676/1
f 2787/2685/1 2870/2682/1 2786/2684/1
f 2787/2685/1 2869/2686/1 2870/2682/1
f 2788/2687/1 2869/2686/1 2787/2685/1
f 2789/2688/1 2869/2686/1 2788/2687/1
f 2789/2688/1 2868/2689/1 2869/2686/1
f 2790/2690/1 2868/2689/1 2789/2688/1
f 2790/2690/1 2867/2691/1 2868/2689/1
f 2791/2692/1 2867/2691/1 2790/2690/1
f 2791/2692/1 2866/2693/1 2867/2691/1
f 2792/2694/1 2866/2693/1 2791/2692/1
f 2792/2694/1 2865/2695/1 2866/2693/1
f 2793/2696/1 2865/2695/1 2792/2694/1
f 2793/2696/1 2864/2697/1 2865/2695/1
f 2794/2698/1 2864/2697/1 2793/2696/1
f 2794/2698/1 2863/2699/1 2864/2697/1
f 2795/2700/1 2863/2699/1 2794/2698/1
f 2795/2700/1 2862/2701/1 2863/2699/1
f 2796/2702/1 2862/2701/1 2795/2700/1
f 2796/2702/1 2861/2703/1 2862/2701/1
f 2797/2704/1 2861/2703/1 2796/2702/1
f 2797/2704/1 2860/2705/1 2861/2703/1
f 2798/2706/1 2860/2705/1 2797/2704/1
f 2798/2706/1 2859/2707/1 2860/2705/1
f 2799/2708/1 2859/2707/1 2798/2706/1
f 2799/2708/1 2858/2709/1 2859/2707/1
f 2800/2710/1 2858/2709/1 2799/2708/1
f 2800/2710/1 2857/2711/1 2858/2709/1
f 2801/2712/1 2857/2711/1 2800/2710/1
f 2801/2712/1 2856/2713/1 2857/2711/1
f 2801/2712/1 2855/2714/1 2856/2713/1
f 2802/2715/1 2855/2714/1 2801/2712/1
f 2802/2715/1 2854/2716/1 2855/2714/1
f 2803/2717/1 2854/2716/1 2802/2715/1
f 2803/2717/1 2853/2718/1 2854/2716/1
f 2803/2717/1 2852/2719/1 2853/2718/1
f 2804/2720/1 2852/2719/1 2803/2717/1
f 2804/2720/1 2851/2721/1 2852/2719/1
f 2805/2722/1 2851/2721/1 2804/2720/1
f 2805/2722/1 2850/2723/1 2851/2721/1
f 2805/2722/1 2849/2724/1 2850/2723/1
f 2806/2725/1 2849/2724/1 2805/2722/1
f 2806/2725/1 2848/2726/1 2849/2724/1
f 2807/2727/1 2848/2726/1 2806/2725/1
f 2807/2727/1 2847/2728/1 2848/2726/1
f 2807/2727/1 2846/2729/1 2847/2728/1
f 2807/2727/1 2845/2730/1 2846/2729/1
f 2807/2727/1 2844/2731/1 2845/2730/1
f 2807/2727/1 2843/2732/1 2844/2731/1
f 2807/2727/1 2842/2733/1 2843/2732/1
f 2808/2734/1 2842/2733/1 2807/2727/1
f 2808/2734/1 2841/2735/1 2842/2733/1
f 2808/2734/1 2840/2736/1 2841/2735/1
f 2808/2734/1 2839/2737/1 2840/2736/1
f 2808/2734/1 2838/2738/1 2839/2737/1
f 2808/2734/1 2837/2739/1 2838/2738/1
f 2808/2734/1 2836/2740/1 2837/2739/1
f 2808/2734/1 2835/2741/1 2836/2740/1
f 2808/2734/1 2834/2742/1 2835/2741/1
f 2808/2734/1 2833/2743/1 2834/2742/1
f 2809/2744/1 2833/2743/1 2808/2734/1
f 2809/2744/1 2832/2745/1 2833/2743/1
f 2809/2744/1 2831/2746/1 2832/2745/1
f 2809/2744/1 2830/2747/1 2831/2746/1
f 2810/2748/1 2830/2747/1 2809/2744/1
f 2810/2748/1 2829/2749/1 2830/2747/1
f 2810/2748/1 2828/2750/1 2829/2749/1
f 2810/2748/1 2827/2751/1 2828/2750/1
f 2811/2752/1 2827/2751/1 2810/2748/1
f 2811/2752/1 2826/2753/1 2827/2751/1
f 2811/2752/1 2825/2754/1 2826/2753/1
f 2811/2752/1 2824/2755/1 2825/2754/1
f 2812/2756/1 2824/2755/1 2811/2752/1
f 2812/2756/1 2823/2757/1 2824/2755/1
f 2812/2756/1 2822/2758/1 2823/2757/1
f 2812/2756/1 2821/2759/1 2822/2758/1
f 2813/2760/1 2821/2759/1 2812/2756/1
f 2813/2760/1 2820/2761/1 2821/2759/1
f 2813/2760/1 2819/2762/1 2820/2761/1
f 2814/2763/1 2819/2762/1 2813/2760/1
f 2814/2763/1 2818/2764/1 2819/2762/1
f 2815/2765/1 2818/2764/1 2814/2763/1
f 2815/2765/1 2817/2766/1 2818/2764/1
f 2816/2767/1 2817/2766/1 2815/2765/1
f 3290/2768/1 3288/2769/1 3289/2770/1
f 3290/2768/1 3287/2771/1 3288/2769/1
f 3291/2772/1 3287/2771/1 3290/2768/1
f 3291/2772/1 3286/2773/1 3287/2771/1
f 3292/2774/1 3286/2773/1 3291/2772/1
f 3292/2774/1 3285/2775/1 3286/2773/1
f 3293/2776/1 3285/2775/1 3292/2774/1
f 3293/2776/1 3284/2777/1 3285/2775/1
f 3294/2778/1 3284/2777/1 3293/2776/1
f 3294/2778/1 3283/2779/1 3284/2777/1
f 3091/2780/1 3283/2779/1 3294/2778/1
f 3091/2780/1 3282/2781/1 3283/2779/1
f 3092/2782/1 3282/2781/1 3091/2780/1
f 3092/2782/1 3281/2783/1 3282/2781/1
f 3092/2782/1 3280/2784/1 3281/2783/1
f 3092/2782/1 3279/2785/1 3280/2784/1
f 3093/2786/1 3279/2785/1 3092/2782/1
f 3093/2786/1 3278/2787/1 3279/2785/1
f 3093/2786/1 3277/2788/1 3278/2787/1
f 3093/2786/1 3276/2789/1 3277/2788/1
f 3094/2790/1 3276/2789/1 3093/2786/1
f 3094/2790/1 3275/2791/1 3276/2789/1
f 3094/2790/1 3274/2792/1 3275/2791/1
f 3095/2793/1 3274/2792/1 3094/2790/1
f 3095/2793/1 3273/2794/1 3274/2792/1
f 3095/2793/1 3272/2795/1 3273/2794/1
f 3096/2796/1 3272/2795/1 3095/2793/1
f 3096/2796/1 3271/2797/1 3272/2795/1
f 3096/2796/1 3270/2798/1 3271/2797/1
f 3097/2799/1 3270/2798/1 3096/2796/1
f 3098/2800/1 3270/2798/1 3097/2799/1
f 3099/2801/1 3270/2798/1 3098/2800/1
f 3100/2802/1 3270/2798/1 3099/2801/1
f 3100/2802/1 3269/2803/1 3270/2798/1
f 3101/2804/1 3269/2803/1 3100/2802/1
f 3102/2805/1 3269/2803/1 3101/2804/1
f 3103/2806/1 3269/2803/1 3102/2805/1
f 3104/2807/1 3269/2803/1 3103/2806/1
f 3104/2807/1 3268/2808/1 3269/2803/1
f 3105/2809/1 3268/2808/1 3104/2807/1
f 3105/2809/1 3267/2810/1 3268/2808/1
f 3106/2811/1 3267/2810/1 3105/2809/1
f 3106/2811/1 3266/2812/1 3267/2810/1
f 3107/2813/1 3266/2812/1 3106/2811/1
f 3107/2813/1 3265/2814/1 3266/2812/1
f 3108/2815/1 3265/2814/1 3107/2813/1
f 3108/2815/1 3264/2816/1 3265/2814/1
f 3109/2817/1 3264/2816/1 3108/2815/1
f 3110/2818/1 3264/2816/1 3109/2817/1
f 3110/2818/1 3263/2819/1 3264/2816/1
f 3111/2820/1 3263/2819/1 3110/2818/1
f 3111/2820/1 3262/2821/1 3263/2819/1
f 3112/2822/1 3262/2821/1 3111/2820/1
f 3112/2822/1 3261/2823/1 3262/2821/1
f 3113/2824/1 3261/2823/1 3112/2822/1
f 3113/2824/1 3260/2825/1 3261/2823/1
f 3114/2826/1 3260/2825/1 3113/2824/1
f 3114/2826/1 3259/2827/1 3260/2825/1
f 3115/2828/1 3259/2827/1 3114/2826/1
f 3115/2828/1 3258/2829/1 3259/2827/1
f 3116/2830/1 3258/2829/1 3115/2828/1
f 3117/2831/1 3258/2829/1 3116/2830/1
f 3117/2831/1 3257/2832/1 3258/2829/1
f 3118/2833/1 3257/2832/1 3117/2831/1
f 3118/2833/1 3256/2834/1 3257/2832/1
f 3119/2835/1 3256/2834/1 3118/2833/1
f 3119/2835/1 3255/2836/1 3256/2834/1
f 3120/2837/1 3255/2836/1 3119/2835/1
f 3120/2837/1 3254/2838/1 3255/2836/1
f 3121/2839/1 3254/2838/1 3120/2837/1
f 3122/2840/1 3254/2838/1 3121/2839/1
f 3122/2840/1 3253/2841/1 3254/2838/1
f 3123/2842/1 3253/2841/1 3122/2840/1
f 3123/2842/1 3252/2843/1 3253/2841/1
f 3124/2844/1 3252/2843/1 3123/2842/1
f 3124/2844/1 3251/2845/1 3252/2843/1
f 3125/2846/1 3251/2845/1 3124/2844/1
f 3125/2846/1 3250/2847/1 3251/2845/1
f 3126/2848/1 3250/2847/1 3125/2846/1
f 3127/2849/1 3250/2847/1 3126/2848/1
f 3127/2849/1 3249/2850/1 3250/2847/1
f 3128/2851/1 3249/2850/1 3127/2849/1
f 3128/2851/1 3248/2852/1 3249/2850/1
f 3129/2853/1 3248/2852/1 3128/2851/1
f 3130/2854/1 3248/2852/1 3129/2853/1
f 3130/2854/1 3247/2855/1 3248/2852/1
f 3131/2856/1 3412/2857/1 3130/2854/1
f 3412/2857/1 3247/2855/1 3130/2854/1
f 3131/2856/1 3411/2858/1 3412/2857/1
f 3413/2859/1 3247/2855/1 3412/2857/1
f 3131/2856/1 3410/2860/1 3411/2858/1
f 3414/2861/1 3247/2855/1 3413/2859/1
f 3131/2856/1 3409/2862/1 3410/2860/1
f 3295/2863/1 3247/2855/1 3414/2861/1
f 3131/2856/1 3408/2864/1 3409/2862/1
f 3296/2865/1 3247/2855/1 3295/2863/1
f 3132/2866/1 3408/2864/1 3131/2856/1
f 3132/2866/1 3407/2867/1 3408/2864/1
f 3297/2868/1 3247/2855/1 3296/2865/1
f 3298/2869/1 3247/2855/1 3297/2868/1
f 3132/2866/1 3406/2870/1 3407/2867/1
f 3298/2869/1 3246/2871/1 3247/2855/1
f 3299/2872/1 3246/2871/1 3298/2869/1
f 3132/2866/1 3405/2873/1 3406/2870/1
f 3300/2874/1 3246/2871/1 3299/2872/1
f 3132/2866/1 3404/2875/1 3405/2873/1
f 3301/2876/1 3246/2871/1 3300/2874/1
f 3133/2877/1 3404/2875/1 3132/2866/1
f 3133/2877/1 3403/2878/1 3404/2875/1
f 3302/2879/1 3246/2871/1 3301/2876/1
f 3133/2877/1 3402/2880/1 3403/2878/1
f 3303/2881/1 3246/2871/1 3302/2879/1
f 3133/2877/1 3401/2882/1 3402/2880/1
f 3304/2883/1 3246/2871/1 3303/2881/1
f 3304/2883/1 3245/2884/1 3246/2871/1
f 3133/2877/1 3400/2885/1 3401/2882/1
f 3134/2886/1 3400/2885/1 3133/2877/1
f 3305/2887/1 3245/2884/1 3304/2883/1
f 3134/2886/1 3399/2888/1 3400/2885/1
f 3306/2889/1 3245/2884/1 3305/2887/1
f 3134/2886/1 3398/2890/1 3399/2888/1
f 3134/2886/1 3397/2891/1 3398/2890/1
f 3135/2892/1 3397/2891/1 3134/2886/1
f 3307/2893/1 3245/2884/1 3306/2889/1
f 3135/2892/1 3396/2894/1 3397/2891/1
f 3307/2893/1 3244/2895/1 3245/2884/1
f 3308/2896/1 3244/2895/1 3307/2893/1
f 3135/2892/1 3395/2897/1 3396/2894/1
f 3136/2898/1 3395/2897/1 3135/2892/1
f 3309/2899/1 3244/2895/1 3308/2896/1
f 3136/2898/1 3394/2900/1 3395/2897/1
f 3310/2901/1 3244/2895/1 3309/2899/1
f 3136/2898/1 3393/2902/1 3394/2900/1
f 3137/2903/1 3393/2902/1 3136/2898/1
f 3310/2901/1 3243/2904/1 3244/2895/1
f 3137/2903/1 3392/2905/1 3393/2902/1
f 3311/2906/1 3243/2904/1 3310/2901/1
f 3138/2907/1 3392/2905/1 3137/2903/1
f 3138/2907/1 3391/2908/1 3392/2905/1
f 3312/2909/1 3243/2904/1 3311/2906/1
f 3138/2907/1 3390/2910/1 3391/2908/1
f 3139/2911/1 3390/2910/1 3138/2907/1
f 3312/2909/1 3242/2912/1 3243/2904/1
f 3139/2911/1 3389/2913/1 3390/2910/1
f 3140/2914/1 3389/2913/1 3139/2911/1
f 3140/2914/1 3388/2915/1 3389/2913/1
f 3313/2916/1 3242/2912/1 3312/2909/1
f 3140/2914/1 3387/2917/1 3388/2915/1
f 3141/2918/1 3387/2917/1 3140/2914/1
f 3313/2916/1 3241/2919/1 3242/2912/1
f 3314/2920/1 3241/2919/1 3313/2916/1
f 3141/2918/1 3386/2921/1 3387/2917/1
f 3142/2922/1 3386/2921/1 3141/2918/1
f 3143/2923/1 3386/2921/1 3142/2922/1
f 3314/2920/1 3240/2924/1 3241/2919/1
f 3143/2923/1 3385/2925/1 3386/2921/1
f 3315/2926/1 3240/2924/1 3314/2920/1
f 3144/2927/1 3385/2925/1 3143/2923/1
f 3144/2927/1 3384/2928/1 3385/2925/1
f 3145/2929/1 3384/2928/1 3144/2927/1
f 3315/2926/1 3239/2930/1 3240/2924/1
f 3316/2931/1 3239/2930/1 3315/2926/1
f 3146/2932/1 3384/2928/1 3145/2929/1
f 3146/2932/1 3383/2933/1 3384/2928/1
f 3316/2931/1 3238/2934/1 3239/2930/1
f 3147/2935/1 3383/2933/1 3146/2932/1
f 3147/2935/1 3382/2936/1 3383/2933/1
f 3317/2937/1 3238/2934/1 3316/2931/1
f 3148/2938/1 3382/2936/1 3147/2935/1
f 3317/2937/1 3237/2939/1 3238/2934/1
f 3148/2938/1 3381/2940/1 3382/2936/1
f 3149/2941/1 3381/2940/1 3148/2938/1
f 3318/2942/1 3237/2939/1 3317/2937/1
f 3318/2942/1 3236/2943/1 3237/2939/1
f 3149/2941/1 3380/2944/1 3381/2940/1
f 3150/2945/1 3380/2944/1 3149/2941/1
f 3319/2946/1 3236/2943/1 3318/2942/1
f 3319/2946/1 3235/2947/1 3236/2943/1
f 3150/2945/1 3379/2948/1 3380/2944/1
f 3151/2949/1 3379/2948/1 3150/2945/1
f 3320/2950/1 3235/2947/1 3319/2946/1
f 3151/2949/1 3378/2951/1 3379/2948/1
f 3152/2952/1 3378/2951/1 3151/2949/1
f 3320/2950/1 3234/2953/1 3235/2947/1
f 3153/2954/1 3378/2951/1 3152/2952/1
f 3321/2955/1 3234/2953/1 3320/2950/1
f 3321/2955/1 3233/2956/1 3234/2953/1
f 3153/2954/1 3377/2957/1 3378/2951/1
f 3154/2958/1 3377/2957/1 3153/2954/1
f 3321/2955/1 3232/2959/1 3233/2956/1
f 3322/2960/1 3232/2959/1 3321/2955/1
f 3154/2958/1 3376/2961/1 3377/2957/1
f 3155/2962/1 3376/2961/1 3154/2958/1
f 3322/2960/1 3231/2963/1 3232/2959/1
f 3156/2964/1 3376/2961/1 3155/2962/1
f 3323/2965/1 3231/2963/1 3322/2960/1
f 3156/2964/1 3375/2966/1 3376/2961/1
f 3157/2967/1 3375/2966/1 3156/2964/1
f 3323/2965/1 3230/2968/1 3231/2963/1
f 3324/2969/1 3230/2968/1 3323/2965/1
f 3158/2970/1 3375/2966/1 3157/2967/1
f 3158/2970/1 3374/2971/1 3375/2966/1
f 3159/2972/1 3374/2971/1 3158/2970/1
f 3325/2973/1 3230/2968/1 3324/2969/1
f 3325/2973/1 3229/2974/1 3230/2968/1
f 3160/2975/1 3374/2971/1 3159/2972/1
f 3160/2975/1 3373/2976/1 3374/2971/1
f 3161/2977/1 3373/2976/1 3160/2975/1
f 3326/2978/1 3229/2974/1 3325/2973/1
f 3326/2978/1 3228/2979/1 3229/2974/1
f 3162/2980/1 3373/2976/1 3161/2977/1
f 3162/2980/1 3372/2981/1 3373/2976/1
f 3163/2982/1 3372/2981/1 3162/2980/1
f 3327/2983/1 3228/2979/1 3326/2978/1
f 3327/2983/1 3227/2984/1 3228/2979/1
f 3164/2985/1 3372/2981/1 3163/2982/1
f 3328/2986/1 3227/2984/1 3327/2983/1
f 3164/2985/1 3371/2987/1 3372/2981/1
f 3165/2988/1 3371/2987/1 3164/2985/1
f 3329/2989/1 3227/2984/1 3328/2986/1
f 3329/2989/1 3226/2990/1 3227/2984/1
f 3165/2988/1 3370/2991/1 3371/2987/1
f 3330/2992/1 3226/2990/1 3329/2989/1
f 3166/2993/1 3370/2991/1 3165/2988/1
f 3331/2994/1 3226/2990/1 3330/2992/1
f 3166/2993/1 3369/2995/1 3370/2991/1
f 3167/2996/1 3369/2995/1 3166/2993/1
f 3332/2997/1 3226/2990/1 3331/2994/1
f 3332/2997/1 3225/2998/1 3226/2990/1
f 3167/2996/1 3368/2999/1 3369/2995/1
f 3333/3000/1 3225/2998/1 3332/2997/1
f 3334/3001/1 3225/2998/1 3333/3000/1
f 3168/3002/1 3368/2999/1 3167/2996/1
f 3168/3002/1 3367/3003/1 3368/2999/1
f 3335/3004/1 3225/2998/1 3334/3001/1
f 3336/3005/1 3225/2998/1 3335/3004/1
f 3168/3002/1 3366/3006/1 3367/3003/1
f 3168/3002/1 3365/3007/1 3366/3006/1
f 3337/3008/1 3225/2998/1 3336/3005/1
f 3337/3008/1 3224/3009/1 3225/2998/1
f 3169/3010/1 3365/3007/1 3168/3002/1
f 3169/3010/1 3364/3011/1 3365/3007/1
f 3338/3012/1 3224/3009/1 3337/3008/1
f 3169/3010/1 3363/3013/1 3364/3011/1
f 3339/3014/1 3224/3009/1 3338/3012/1
f 3169/3010/1 3362/3015/1 3363/3013/1
f 3169/3010/1 3361/3016/1 3362/3015/1
f 3340/3017/1 3224/3009/1 3339/3014/1
f 3169/3010/1 3360/3018/1 3361/3016/1
f 3341/3019/1 3224/3009/1 3340/3017/1
f 3170/3020/1 3360/3018/1 3169/3010/1
f 3170/3020/1 3359/3021/1 3360/3018/1
f 3342/3022/1 3224/3009/1 3341/3019/1
f 3170/3020/1 3358/3023/1 3359/3021/1
f 3343/3024/1 3224/3009/1 3342/3022/1
f 3170/3020/1 3357/3025/1 3358/3023/1
f 3344/3026/1 3224/3009/1 3343/3024/1
f 3344/3026/1 3223/3027/1 3224/3009/1
f 3170/3020/1 3356/3028/1 3357/3025/1
f 3345/3029/1 3223/3027/1 3344/3026/1
f 3170/3020/1 3355/3030/1 3356/3028/1
f 3346/3031/1 3223/3027/1 3345/3029/1
f 3170/3020/1 3354/3032/1 3355/3030/1
f 3347/3033/1 3223/3027/1 3346/3031/1
f 3170/3020/1 3353/3034/1 3354/3032/1
f 3348/3035/1 3223/3027/1 3347/3033/1
f 3170/3020/1 3352/3036/1 3353/3034/1
f 3349/3037/1 3223/3027/1 3348/3035/1
f 3170/3020/1 3351/3038/1 3352/3036/1
f 3350/3039/1 3223/3027/1 3349/3037/1
f 3170/3020/1 3350/3039/1 3351/3038/1
f 3170/3020/1 3223/3027/1 3350/3039/1
f 3171/3040/1 3223/3027/1 3170/3020/1
f 3171/3040/1 3222/3041/1 3223/3027/1
f 3172/3042/1 3222/3041/1 3171/3040/1
f 3173/3043/1 3222/3041/1 3172/3042/1
f 3173/3043/1 3221/3044/1 3222/3041/1
f 3174/3045/1 3221/3044/1 3173/3043/1
f 3175/3046/1 3221/3044/1 3174/3045/1
f 3175/3046/1 3220/3047/1 3221/3044/1
f 3176/3048/1 3220/3047/1 3175/3046/1
f 3176/3048/1 3219/3049/1 3220/3047/1
f 3177/3050/1 3219/3049/1 3176/3048/1
f 3177/3050/1 3218/3051/1 3219/3049/1
f 3178/3052/1 3218/3051/1 3177/3050/1
f 3178/3052/1 3217/3053/1 3218/3051/1
f 3179/3054/1 3217/3053/1 3178/3052/1
f 3179/3054/1 3216/3055/1 3217/3053/1
f 3179/3054/1 3215/3056/1 3216/3055/1
f 3180/3057/1 3215/3056/1 3179/3054/1
f 3180/3057/1 3214/3058/1 3215/3056/1
f 3181/3059/1 3214/3058/1 3180/3057/1
f 3181/3059/1 3213/3060/1 3214/3058/1
f 3182/3061/1 3213/3060/1 3181/3059/1
f 3182/3061/1 3212/3062/1 3213/3060/1
f 3183/3063/1 3212/3062/1 3182/3061/1
f 3183/3063/1 3211/3064/1 3212/3062/1
f 3183/3063/1 3210/3065/1 3211/3064/1
f 3184/3066/1 3210/3065/1 3183/3063/1
f 3184/3066/1 3209/3067/1 3210/3065/1
f 3184/3066/1 3208/3068/1 3209/3067/1
f 3185/3069/1 3208/3068/1 3184/3066/1
f 3185/3069/1 3207/3070/1 3208/3068/1
f 3185/3069/1 3206/3071/1 3207/3070/1
f 3185/3069/1 3205/3072/1 3206/3071/1
f 3186/3073/1 3205/3072/1 3185/3069/1
f 3186/3073/1 3204/3074/1 3205/3072/1
f 3186/3073/1 3203/3075/1 3204/3074/1
f 3186/3073/1 3202/3076/1 3203/3075/1
f 3187/3077/1 3202/3076/1 3186/3073/1
f 3187/3077/1 3201/3078/1 3202/3076/1
f 3187/3077/1 3200/3079/1 3201/3078/1
f 3187/3077/1 3199/3080/1 3200/3079/1
f 3188/3081/1 3199/3080/1 3187/3077/1
f 3189/3082/1 3199/3080/1 3188/3081/1
f 3190/3083/1 3199/3080/1 3189/3082/1
f 3190/3083/1 3198/3084/1 3199/3080/1
f 3191/3085/1 3198/3084/1 3190/3083/1
f 3191/3085/1 3197/3086/1 3198/3084/1
f 3192/3087/1 3197/3086/1 3191/3085/1
f 3193/3088/1 3197/3086/1 3192/3087/1
f 3193/3088/1 3196/3089/1 3197/3086/1
f 3194/3090/1 3196/3089/1 3193/3088/1
f 3194/3090/1 3195/3091/1 3196/3089/1
f 3676/3092/1 3674/3093/1 3675/3094/1
f 3676/3092/1 3673/3095/1 3674/3093/1
f 3677/3096/1 3673/3095/1 3676/3092/1
f 3677/3096/1 3672/3097/1 3673/3095/1
f 3678/3098/1 3672/3097/1 3677/3096/1
f 3678/3098/1 3671/3099/1 3672/3097/1
f 3415/3100/1 3671/3099/1 3678/3098/1
f 3415/3100/1 3670/3101/1 3671/3099/1
f 3416/3102/1 3670/3101/1 3415/3100/1
f 3416/3102/1 3669/3103/1 3670/3101/1
f 3417/3104/1 3669/3103/1 3416/3102/1
f 3418/3105/1 3669/3103/1 3417/3104/1
f 3418/3105/1 3668/3106/1 3669/3103/1
f 3419/3107/1 3668/3106/1 3418/3105/1
f 3420/3108/1 3668/3106/1 3419/3107/1
f 3420/3108/1 3667/3109/1 3668/3106/1
f 3421/3110/1 3667/3109/1 3420/3108/1
f 3421/3110/1 3666/3111/1 3667/3109/1
f 3422/3112/1 3666/3111/1 3421/3110/1
f 3423/3113/1 3666/3111/1 3422/3112/1
f 3424/3114/1 3666/3111/1 3423/3113/1
f 3425/3115/1 3666/3111/1 3424/3114/1
f 3426/3116/1 3666/3111/1 3425/3115/1
f 3427/3117/1 3666/3111/1 3426/3116/1
f 3428/3118/1 3666/3111/1 3427/3117/1
f 3428/3118/1 3665/3119/1 3666/3111/1
f 3429/3120/1 3665/3119/1 3428/3118/1
f 3430/3121/1 3665/3119/1 3429/3120/1
f 3430/3121/1 3664/3122/1 3665/3119/1
f 3431/3123/1 3664/3122/1 3430/3121/1
f 3431/3123/1 3663/3124/1 3664/3122/1
f 3432/3125/1 3663/3124/1 3431/3123/1
f 3433/3126/1 3663/3124/1 3432/3125/1
f 3433/3126/1 3662/3127/1 3663/3124/1
f 3434/3128/1 3662/3127/1 3433/3126/1
f 3434/3128/1 3661/3129/1 3662/3127/1
f 3435/3130/1 3661/3129/1 3434/3128/1
f 3435/3130/1 3660/3131/1 3661/3129/1
f 3436/3132/1 3660/3131/1 3435/3130/1
f 3437/3133/1 3660/3131/1 3436/3132/1
f 3437/3133/1 3659/3134/1 3660/3131/1
f 3438/3135/1 3659/3134/1 3437/3133/1
f 3438/3135/1 3658/3136/1 3659/3134/1
f 3439/3137/1 3658/3136/1 3438/3135/1
f 3440/3138/1 3658/3136/1 3439/3137/1
f 3441/3139/1 3658/3136/1 3440/3138/1
f 3442/3140/1 3658/3136/1 3441/3139/1
f 3443/3141/1 3658/3136/1 3442/3140/1
f 3443/3141/1 3657/3142/1 3658/3136/1
f 3444/3143/1 3657/3142/1 3443/3141/1
f 3445/3144/1 3657/3142/1 3444/3143/1
f 3446/3145/1 3657/3142/1 3445/3144/1
f 3447/3146/1 3657/3142/1 3446/3145/1
f 3448/3147/1 3657/3142/1 3447/3146/1
f 3449/3148/1 3657/3142/1 3448/3147/1
f 3450/3149/1 3657/3142/1 3449/3148/1
f 3451/3150/1 3657/3142/1 3450/3149/1
f 3451/3150/1 3656/3151/1 3657/3142/1
f 3452/3152/1 3656/3151/1 3451/3150/1
f 3452/3152/1 3655/3153/1 3656/3151/1
f 3453/3154/1 3655/3153/1 3452/3152/1
f 3453/3154/1 3654/3155/1 3655/3153/1
f 3454/3156/1 3654/3155/1 3453/3154/1
f 3454/3156/1 3653/3157/1 3654/3155/1
f 3455/3158/1 3653/3157/1 3454/3156/1
f 3455/3158/1 3652/3159/1 3653/3157/1
f 3456/3160/1 3652/3159/1 3455/3158/1
f 3456/3160/1 3651/3161/1 3652/3159/1
f 3456/3160/1 3650/3162/1 3651/3161/1
f 3457/3163/1 3650/3162/1 3456/3160/1
f 3457/3163/1 3649/3164/1 3650/3162/1
f 3458/3165/1 3649/3164/1 3457/3163/1
f 3458/3165/1 3648/3166/1 3649/3164/1
f 3459/3167/1 3648/3166/1 3458/3165/1
f 3459/3167/1 3647/3168/1 3648/3166/1
f 3460/3169/1 3647/3168/1 3459/3167/1
f 3460/3169/1 3646/3170/1 3647/3168/1
f 3461/3171/1 3646/3170/1 3460/3169/1
f 3461/3171/1 3645/3172/1 3646/3170/1
f 3462/3173/1 3645/3172/1 3461/3171/1
f 3462/3173/1 3644/3174/1 3645/3172/1
f 3462/3173/1 3643/3175/1 3644/3174/1
f 3463/3176/1 3643/3175/1 3462/3173/1
f 3463/3176/1 3642/3177/1 3643/3175/1
f 3464/3178/1 3642/3177/1 3463/3176/1
f 3464/3178/1 3641/3179/1 3642/3177/1
f 3465/3180/1 3641/3179/1 3464/3178/1
f 3466/3181/1 3641/3179/1 3465/3180/1
f 3466/3181/1 3640/3182/1 3641/3179/1
f 3467/3183/1 3640/3182/1 3466/3181/1
f 3467/3183/1 3639/3184/1 3640/3182/1
f 3468/3185/1 3639/3184/1 3467/3183/1
f 3468/3185/1 3638/3186/1 3639/3184/1
f 3469/3187/1 3638/3186/1 3468/3185/1
f 3469/3187/1 3637/3188/1 3638/3186/1
f 3470/3189/1 3637/3188/1 3469/3187/1
f 3470/3189/1 3636/3190/1 3637/3188/1
f 3471/3191/1 3636/3190/1 3470/3189/1
f 3471/3191/1 3635/3192/1 3636/3190/1
f 3472/3193/1 3635/3192/1 3471/3191/1
f 3472/3193/1 3634/3194/1 3635/3192/1
f 3473/3195/1 3772/3196/1 3472/3193/1
f 3772/3196/1 3634/3194/1 3472/3193/1
f 3473/3195/1 3771/3197/1 3772/3196/1
f 3773/3198/1 3634/3194/1 3772/3196/1
f 3773/3198/1 3633/3199/1 3634/3194/1
f 3473/3195/1 3770/3200/1 3771/3197/1
f 3774/3201/1 3633/3199/1 3773/3198/1
f 3473/3195/1 3769/3202/1 3770/3200/1
f 3679/3203/1 3633/3199/1 3774/3201/1
f 3474/3204/1 3769/3202/1 3473/3195/1
f 3474/3204/1 3768/3205/1 3769/3202/1
f 3680/3206/1 3633/3199/1 3679/3203/1
f 3474/3204/1 3767/3207/1 3768/3205/1
f 3681/3208/1 3633/3199/1 3680/3206/1
f 3474/3204/1 3766/3209/1 3767/3207/1
f 3682/3210/1 3633/3199/1 3681/3208/1
f 3474/3204/1 3765/3211/1 3766/3209/1
f 3683/3212/1 3633/3199/1 3682/3210/1
f 3474/3204/1 3764/3213/1 3765/3211/1
f 3684/3214/1 3633/3199/1 3683/3212/1
f 3474/3204/1 3763/3215/1 3764/3213/1
f 3685/3216/1 3633/3199/1 3684/3214/1
f 3474/3204/1 3762/3217/1 3763/3215/1
f 3474/3204/1 3761/3218/1 3762/3217/1
f 3686/3219/1 3633/3199/1 3685/3216/1
f 3475/3220/1 3761/3218/1 3474/3204/1
f 3686/3219/1 3632/3221/1 3633/3199/1
f 3475/3220/1 3760/3222/1 3761/3218/1
f 3687/3223/1 3632/3221/1 3686/3219/1
f 3475/3220/1 3759/3224/1 3760/3222/1
f 3475/3220/1 3758/3225/1 3759/3224/1
f 3688/3226/1 3632/3221/1 3687/3223/1
f 3475/3220/1 3757/3227/1 3758/3225/1
f 3475/3220/1 3756/3228/1 3757/3227/1
f 3689/3229/1 3632/3221/1 3688/3226/1
f 3476/3230/1 3756/3228/1 3475/3220/1
f 3689/3229/1 3631/3231/1 3632/3221/1
f 3476/3230/1 3755/3232/1 3756/3228/1
f 3690/3233/1 3631/3231/1 3689/3229/1
f 3476/3230/1 3754/3234/1 3755/3232/1
f 3476/3230/1 3753/3235/1 3754/3234/1
f 3477/3236/1 3753/3235/1 3476/3230/1
f 3691/3237/1 3631/3231/1 3690/3233/1
f 3477/3236/1 3752/3238/1 3753/3235/1
f 3691/3237/1 3630/3239/1 3631/3231/1
f 3692/3240/1 3630/3239/1 3691/3237/1
f 3477/3236/1 3751/3241/1 3752/3238/1
f 3692/3240/1 3629/3242/1 3630/3239/1
f 3478/3243/1 3751/3241/1 3477/3236/1
f 3478/3243/1 3750/3244/1 3751/3241/1
f 3692/3240/1 3628/3245/1 3629/3242/1
f 3693/3246/1 3628/3245/1 3692/3240/1
f 3693/3246/1 3627/3247/1 3628/3245/1
f 3479/3248/1 3750/3244/1 3478/3243/1
f 3693/3246/1 3626/3249/1 3627/3247/1
f 3479/3248/1 3749/3250/1 3750/3244/1
f 3693/3246/1 3625/3251/1 3626/3249/1
f 3480/3252/1 3749/3250/1 3479/3248/1
f 3693/3246/1 3624/3253/1 3625/3251/1
f 3694/3254/1 3624/3253/1 3693/3246/1
f 3694/3254/1 3623/3255/1 3624/3253/1
f 3480/3252/1 3748/3256/1 3749/3250/1
f 3481/3257/1 3748/3256/1 3480/3252/1
f 3694/3254/1 3622/3258/1 3623/3255/1
f 3694/3254/1 3621/3259/1 3622/3258/1
f 3694/3254/1 3620/3260/1 3621/3259/1
f 3482/3261/1 3748/3256/1 3481/3257/1
f 3694/3254/1 3619/3262/1 3620/3260/1
f 3695/3263/1 3619/3262/1 3694/3254/1
f 3695/3263/1 3618/3264/1 3619/3262/1
f 3482/3261/1 3747/3265/1 3748/3256/1
f 3483/3266/1 3747/3265/1 3482/3261/1
f 3695/3263/1 3617/3267/1 3618/3264/1
f 3484/3268/1 3747/3265/1 3483/3266/1
f 3695/3263/1 3616/3269/1 3617/3267/1
f 3696/3270/1 3616/3269/1 3695/3263/1
f 3484/3268/1 3746/3271/1 3747/3265/1
f 3485/3272/1 3746/3271/1 3484/3268/1
f 3696/3270/1 3615/3273/1 3616/3269/1
f 3486/3274/1 3746/3271/1 3485/3272/1
f 3696/3270/1 3614/3275/1 3615/3273/1
f 3697/3276/1 3614/3275/1 3696/3270/1
f 3486/3274/1 3745/3277/1 3746/3271/1
f 3487/3278/1 3745/3277/1 3486/3274/1
f 3697/3276/1 3613/3279/1 3614/3275/1
f 3698/3280/1 3613/3279/1 3697/3276/1
f 3487/3278/1 3744/3281/1 3745/3277/1
f 3488/3282/1 3744/3281/1 3487/3278/1
f 3698/3280/1 3612/3283/1 3613/3279/1
f 3698/3280/1 3611/3284/1 3612/3283/1
f 3489/3285/1 3744/3281/1 3488/3282/1
f 3699/3286/1 3611/3284/1 3698/3280/1
f 3489/3285/1 3743/3287/1 3744/3281/1
f 3699/3286/1 3610/3288/1 3611/3284/1
f 3490/3289/1 3743/3287/1 3489/3285/1
f 3699/3286/1 3609/3290/1 3610/3288/1
f 3491/3291/1 3743/3287/1 3490/3289/1
f 3700/3292/1 3609/3290/1 3699/3286/1
f 3491/3291/1 3742/3293/1 3743/3287/1
f 3700/3292/1 3608/3294/1 3609/3290/1
f 3492/3295/1 3742/3293/1 3491/3291/1
f 3700/3292/1 3607/3296/1 3608/3294/1
f 3493/3297/1 3742/3293/1 3492/3295/1
f 3493/3297/1 3741/3298/1 3742/3293/1
f 3701/3299/1 3607/3296/1 3700/3292/1
f 3701/3299/1 3606/3300/1 3607/3296/1
f 3494/3301/1 3741/3298/1 3493/3297/1
f 3701/3299/1 3605/3302/1 3606/3300/1
f 3701/3299/1 3604/3303/1 3605/3302/1
f 3495/3304/1 3741/3298/1 3494/3301/1
f 3495/3304/1 3740/3305/1 3741/3298/1
f 3701/3299/1 3603/3306/1 3604/3303/1
f 3702/3307/1 3603/3306/1 3701/3299/1
f 3702/3307/1 3602/3308/1 3603/3306/1
f 3496/3309/1 3740/3305/1 3495/3304/1
f 3702/3307/1 3601/3310/1 3602/3308/1
f 3496/3309/1 3739/3311/1 3740/3305/1
f 3702/3307/1 3600/3312/1 3601/3310/1
f 3703/3313/1 3600/3312/1 3702/3307/1
f 3497/3314/1 3739/3311/1 3496/3309/1
f 3703/3313/1 3599/3315/1 3600/3312/1
f 3497/3314/1 3738/3316/1 3739/3311/1
f 3498/3317/1 3738/3316/1 3497/3314/1
f 3704/3318/1 3599/3315/1 3703/3313/1
f 3704/3318/1 3598/3319/1 3599/3315/1
f 3498/3317/1 3737/3320/1 3738/3316/1
f 3705/3321/1 3598/3319/1 3704/3318/1
f 3705/3321/1 3597/3322/1 3598/3319/1
f 3499/3323/1 3737/3320/1 3498/3317/1
f 3499/3323/1 3736/3324/1 3737/3320/1
f 3706/3325/1 3597/3322/1 3705/3321/1
f 3706/3325/1 3596/3326/1 3597/3322/1
f 3499/3323/1 3735/3327/1 3736/3324/1
f 3707/3328/1 3596/3326/1 3706/3325/1
f 3500/3329/1 3735/3327/1 3499/3323/1
f 3707/3328/1 3595/3330/1 3596/3326/1
f 3500/3329/1 3734/3331/1 3735/3327/1
f 3708/3332/1 3595/3330/1 3707/3328/1
f 3501/3333/1 3734/3331/1 3500/3329/1
f 3501/3333/1 3733/3334/1 3734/3331/1
f 3709/3335/1 3595/3330/1 3708/3332/1
f 3709/3335/1 3594/3336/1 3595/3330/1
f 3501/3333/1 3732/3337/1 3733/3334/1
f 3710/3338/1 3594/3336/1 3709/3335/1
f 3502/3339/1 3732/3337/1 3501/3333/1
f 3502/3339/1 3731/3340/1 3732/3337/1
f 3711/3341/1 3594/3336/1 3710/3338/1
f 3502/3339/1 3730/3342/1 3731/3340/1
f 3712/3343/1 3594/3336/1 3711/3341/1
f 3503/3344/1 3730/3342/1 3502/3339/1
f 3503/3344/1 3729/3345/1 3730/3342/1
f 3713/3346/1 3594/3336/1 3712/3343/1
f 3713/3346/1 3593/3347/1 3594/3336/1
f 3503/3344/1 3728/3348/1 3729/3345/1
f 3714/3349/1 3593/3347/1 3713/3346/1
f 3504/3350/1 3728/3348/1 3503/3344/1
f 3504/3350/1 3727/3351/1 3728/3348/1
f 3715/3352/1 3593/3347/1 3714/3349/1
f 3504/3350/1 3726/3353/1 3727/3351/1
f 3716/3354/1 3593/3347/1 3715/3352/1
f 3505/3355/1 3726/3353/1 3504/3350/1
f 3505/3355/1 3725/3356/1 3726/3353/1
f 3717/3357/1 3593/3347/1 3716/3354/1
f 3505/3355/1 3724/3358/1 3725/3356/1
f 3718/3359/1 3593/3347/1 3717/3357/1
f 3505/3355/1 3723/3360/1 3724/3358/1
f 3719/3361/1 3593/3347/1 3718/3359/1
f 3506/3362/1 3723/3360/1 3505/3355/1
f 3719/3361/1 3592/3363/1 3593/3347/1
f 3506/3362/1 3722/3364/1 3723/3360/1
f 3720/3365/1 3592/3363/1 3719/3361/1
f 3506/3362/1 3721/3366/1 3722/3364/1
f 3721/3366/1 3592/3363/1 3720/3365/1
f 3506/3362/1 3592/3363/1 3721/3366/1
f 3507/3367/1 3592/3363/1 3506/3362/1
f 3508/3368/1 3592/3363/1 3507/3367/1
f 3508/3368/1 3591/3369/1 3592/3363/1
f 3509/3370/1 3591/3369/1 3508/3368/1
f 3510/3371/1 3591/3369/1 3509/3370/1
f 3510/3371/1 3590/3372/1 3591/3369/1
f 3511/3373/1 3590/3372/1 3510/3371/1
f 3512/3374/1 3590/3372/1 3511/3373/1
f 3512/3374/1 3589/3375/1 3590/3372/1
f 3513/3376/1 3589/3375/1 3512/3374/1
f 3513/3376/1 3588/3377/1 3589/3375/1
f 3514/3378/1 3588/3377/1 3513/3376/1
f 3515/3379/1 3588/3377/1 3514/3378/1
f 3515/3379/1 3587/3380/1 3588/3377/1
f 3516/3381/1 3587/3380/1 3515/3379/1
f 3516/3381/1 3586/3382/1 3587/3380/1
f 3517/3383/1 3586/3382/1 3516/3381/1
f 3517/3383/1 3585/3384/1 3586/3382/1
f 3518/3385/1 3585/3384/1 3517/3383/1
f 3519/3386/1 3585/3384/1 3518/3385/1
f 3519/3386/1 3584/3387/1 3585/3384/1
f 3520/3388/1 3584/3387/1 3519/3386/1
f 3520/3388/1 3583/3389/1 3584/3387/1
f 3521/3390/1 3583/3389/1 3520/3388/1
f 3521/3390/1 3582/3391/1 3583/3389/1
f 3522/3392/1 3582/3391/1 3521/3390/1
f 3522/3392/1 3581/3393/1 3582/3391/1
f 3523/3394/1 3581/3393/1 3522/3392/1
f 3523/3394/1 3580/3395/1 3581/3393/1
f 3524/3396/1 3580/3395/1 3523/3394/1
f 3524/3396/1 3579/3397/1 3580/3395/1
f 3525/3398/1 3579/3397/1 3524/3396/1
f 3525/3398/1 3578/3399/1 3579/3397/1
f 3526/3400/1 3578/3399/1 3525/3398/1
f 3526/3400/1 3577/3401/1 3578/3399/1
f 3527/3402/1 3577/3401/1 3526/3400/1
f 3527/3402/1 3576/3403/1 3577/3401/1
f 3528/3404/1 3576/3403/1 3527/3402/1
f 3528/3404/1 3575/3405/1 3576/3403/1
f 3528/3404/1 3574/3406/1 3575/3405/1
f 3529/3407/1 3574/3406/1 3528/3404/1
f 3529/3407/1 3573/3408/1 3574/3406/1
f 3530/3409/1 3573/3408/1 3529/3407/1
f 3530/3409/1 3572/3410/1 3573/3408/1
f 3531/3411/1 3572/3410/1 3530/3409/1
f 3531/3411/1 3571/3412/1 3572/3410/1
f 3532/3413/1 3571/3412/1 3531/3411/1
f 3532/3413/1 3570/3414/1 3571/3412/1
f 3532/3413/1 3569/3415/1 3570/3414/1
f 3533/3416/1 3569/3415/1 3532/3413/1
f 3533/3416/1 3568/3417/1 3569/3415/1
f 3533/3416/1 3567/3418/1 3568/3417/1
f 3533/3416/1 3566/3419/1 3567/3418/1
f 3534/3420/1 3566/3419/1 3533/3416/1
f 3534/3420/1 3565/3421/1 3566/3419/1
f 3534/3420/1 3564/3422/1 3565/3421/1
f 3534/3420/1 3563/3423/1 3564/3422/1
f 3535/3424/1 3563/3423/1 3534/3420/1
f 3535/3424/1 3562/3425/1 3563/3423/1
f 3535/3424/1 3561/3426/1 3562/3425/1
f 3536/3427/1 3561/3426/1 3535/3424/1
f 3537/3428/1 3561/3426/1 3536/3427/1
f 3537/3428/1 3560/3429/1 3561/3426/1
f 3538/3430/1 3560/3429/1 3537/3428/1
f 3539/3431/1 3560/3429/1 3538/3430/1
f 3540/3432/1 3560/3429/1 3539/3431/1
f 3541/3433/1 3560/3429/1 3540/3432/1
f 3542/3434/1 3560/3429/1 3541/3433/1
f 3542/3434/1 3559/3435/1 3560/3429/1
f 3543/3436/1 3559/3435/1 3542/3434/1
f 3544/3437/1 3559/3435/1 3543/3436/1
f 3545/3438/1 3559/3435/1 3544/3437/1
f 3546/3439/1 3559/3435/1 3545/3438/1
f 3547/3440/1 3559/3435/1 3546/3439/1
f 3548/3441/1 3559/3435/1 3547/3440/1
f 3548/3441/1 3558/3442/1 3559/3435/1
f 3549/3443/1 3558/3442/1 3548/3441/1
f 3549/3443/1 3557/3444/1 3558/3442/1
f 3550/3445/1 3557/3444/1 3549/3443/1
f 3550/3445/1 3556/3446/1 3557/3444/1
f 3551/3447/1 3556/3446/1 3550/3445/1
f 3551/3447/1 3555/3448/1 3556/3446/1
f 3552/3449/1 3555/3448/1 3551/3447/1
f 3552/3449/1 3554/3450/1 3555/3448/1
f 3553/3451/1 3554/3450/1 3552/3449/1
f 3775/3452/1 3785/3453/1 3786/3454/1
f 3775/3452/1 3784/3455/1 3785/3453/1
f 3775/3452/1 3783/3456/1 3784/3455/1
f 3775/3452/1 3782/3457/1 3783/3456/1
f 3776/3458/1 3782/3457/1 3775/3452/1
f 3776/3458/1 3781/3459/1 3782/3457/1
f 3776/3458/1 3780/3460/1 3781/3459/1
f 3776/3458/1 3779/3461/1 3780/3460/1
f 3776/3458/1 3778/3462/1 3779/3461/1
f 3777/3463/2 3778/3462/2 3776/3458/2
f 4631/3464/1 4629/3465/1 4630/3466/1
f 4632/3467/1 4629/3465/1 4631/3464/1
f 4632/3467/1 4628/3468/1 4629/3465/1
f 4632/3467/1 4627/3469/1 4628/3468/1
f 4633/3470/1 4627/3469/1 4632/3467/1
f 4633/3470/1 4626/3471/1 4627/3469/1
f 4634/3472/1 4626/3471/1 4633/3470/1
f 4634/3472/1 4625/3473/1 4626/3471/1
f 4635/3474/1 4625/3473/1 4634/3472/1
f 4635/3474/1 4624/3475/1 4625/3473/1
f 4636/3476/1 4624/3475/1 4635/3474/1
f 4636/3476/1 4623/3477/1 4624/3475/1
f 4637/3478/1 4623/3477/1 4636/3476/1
f 4637/3478/1 4622/3479/1 4623/3477/1
f 4638/3480/1 4622/3479/1 4637/3478/1
f 4638/3480/1 4621/3481/1 4622/3479/1
f 4638/3480/1 4620/3482/1 4621/3481/1
f 4639/3483/1 4620/3482/1 4638/3480/1
f 4639/3483/1 4619/3484/1 4620/3482/1
f 4640/3485/1 4619/3484/1 4639/3483/1
f 4640/3485/1 4618/3486/1 4619/3484/1
f 4641/3487/1 4618/3486/1 4640/3485/1
f 4641/3487/1 4617/3488/1 4618/3486/1
f 3787/3489/1 4617/3488/1 4641/3487/1
f 3787/3489/1 4616/3490/1 4617/3488/1
f 3788/3491/1 4616/3490/1 3787/3489/1
f 3789/3492/1 4616/3490/1 3788/3491/1
f 3789/3492/1 4615/3493/1 4616/3490/1
f 3790/3494/1 4615/3493/1 3789/3492/1
f 3791/3495/1 4615/3493/1 3790/3494/1
f 3791/3495/1 4614/3496/1 4615/3493/1
f 3792/3497/1 4614/3496/1 3791/3495/1
f 3792/3497/1 4613/3498/1 4614/3496/1
f 3793/3499/1 4613/3498/1 3792/3497/1
f 3794/3500/1 4613/3498/1 3793/3499/1
f 3794/3500/1 4612/3501/1 4613/3498/1
f 3795/3502/1 4612/3501/1 3794/3500/1
f 3796/3503/1 4612/3501/1 3795/3502/1
f 3796/3503/1 4611/3504/1 4612/3501/1
f 3797/3505/1 4611/3504/1 3796/3503/1
f 3798/3506/1 4611/3504/1 3797/3505/1
f 3798/3506/1 4610/3507/1 4611/3504/1
f 3799/3508/1 4610/3507/1 3798/3506/1
f 3799/3508/1 4609/3509/1 4610/3507/1
f 3800/3510/1 4609/3509/1 3799/3508/1
f 3800/3510/1 4608/3511/1 4609/3509/1
f 3801/3512/1 4608/3511/1 3800/3510/1
f 3801/3512/1 4607/3513/1 4608/3511/1
f 3801/3512/1 4606/3514/1 4607/3513/1
f 3802/3515/1 4606/3514/1 3801/3512/1
f 3802/3515/1 4605/3516/1 4606/3514/1
f 3803/3517/1 4605/3516/1 3802/3515/1
f 3803/3517/1 4604/3518/1 4605/3516/1
f 3804/3519/1 4604/3518/1 3803/3517/1
f 3804/3519/1 4603/3520/1 4604/3518/1
f 3805/3521/1 4603/3520/1 3804/3519/1
f 3805/3521/1 4602/3522/1 4603/3520/1
f 3806/3523/1 4602/3522/1 3805/3521/1
f 3806/3523/1 4601/3524/1 4602/3522/1
f 3806/3523/1 4600/3525/1 4601/3524/1
f 3807/3526/1 4600/3525/1 3806/3523/1
f 3807/3526/1 4599/3527/1 4600/3525/1
f 3807/3526/1 4598/3528/1 4599/3527/1
f 3808/3529/1 4598/3528/1 3807/3526/1
f 3808/3529/1 4597/3530/1 4598/3528/1
f 3808/3529/1 4596/3531/1 4597/3530/1
f 3808/3529/1 4595/3532/1 4596/3531/1
f 3809/3533/1 4595/3532/1 3808/3529/1
f 3809/3533/1 4594/3534/1 4595/3532/1
f 3809/3533/1 4593/3535/1 4594/3534/1
f 3809/3533/1 4592/3536/1 4593/3535/1
f 3809/3533/1 4591/3537/1 4592/3536/1
f 3810/3538/1 4591/3537/1 3809/3533/1
f 3810/3538/1 4590/3539/1 4591/3537/1
f 3810/3538/1 4589/3540/1 4590/3539/1
f 3810/3538/1 4588/3541/1 4589/3540/1
f 3811/3542/1 4588/3541/1 3810/3538/1
f 3811/3542/1 4587/3543/1 4588/3541/1
f 3811/3542/1 4586/3544/1 4587/3543/1
f 3812/3545/1 4586/3544/1 3811/3542/1
f 3812/3545/1 4585/3546/1 4586/3544/1
f 3812/3545/1 4584/3547/1 4585/3546/1
f 3813/3548/1 4584/3547/1 3812/3545/1
f 3813/3548/1 4583/3549/1 4584/3547/1
f 3813/3548/1 4582/3550/1 4583/3549/1
f 3814/3551/1 4582/3550/1 3813/3548/1
f 3814/3551/1 4581/3552/1 4582/3550/1
f 3814/3551/1 4580/3553/1 4581/3552/1
f 3815/3554/1 4580/3553/1 3814/3551/1
f 3815/3554/1 4579/3555/1 4580/3553/1
f 3815/3554/1 4578/3556/1 4579/3555/1
f 3816/3557/1 4578/3556/1 3815/3554/1
f 3816/3557/1 4577/3558/1 4578/3556/1
f 3817/3559/1 4577/3558/1 3816/3557/1
f 3817/3559/1 4576/3560/1 4577/3558/1
f 3817/3559/1 4575/3561/1 4576/3560/1
f 3818/3562/1 4575/3561/1 3817/3559/1
f 3818/3562/1 4574/3563/1 4575/3561/1
f 3818/3562/1 4573/3564/1 4574/3563/1
f 3819/3565/1 4573/3564/1 3818/3562/1
f 3819/3565/1 4572/3566/1 4573/3564/1
f 3819/3565/1 4571/3567/1 4572/3566/1
f 3820/3568/1 4571/3567/1 3819/3565/1
f 3820/3568/1 4570/3569/1 4571/3567/1
f 3820/3568/1 4569/3570/1 4570/3569/1
f 3821/3571/1 4569/3570/1 3820/3568/1
f 3821/3571/1 4568/3572/1 4569/3570/1
f 3821/3571/1 4567/3573/1 4568/3572/1
f 3821/3571/1 4566/3574/1 4567/3573/1
f 3822/3575/1 4566/3574/1 3821/3571/1
f 3822/3575/1 4565/3576/1 4566/3574/1
f 3822/3575/1 4564/3577/1 4565/3576/1
f 3823/3578/1 4564/3577/1 3822/3575/1
f 3823/3578/1 4563/3579/1 4564/3577/1
f 3823/3578/1 4562/3580/1 4563/3579/1
f 3824/3581/1 4562/3580/1 3823/3578/1
f 3824/3581/1 4561/3582/1 4562/3580/1
f 3825/3583/1 4561/3582/1 3824/3581/1
f 3825/3583/1 4560/3584/1 4561/3582/1
f 3825/3583/1 4559/3585/1 4560/3584/1
f 3826/3586/1 4559/3585/1 3825/3583/1
f 3826/3586/1 4558/3587/1 4559/3585/1
f 3827/3588/1 4558/3587/1 3826/3586/1
f 3827/3588/1 4557/3589/1 4558/3587/1
f 3828/3590/1 4557/3589/1 3827/3588/1
f 3828/3590/1 4556/3591/1 4557/3589/1
f 3829/3592/1 4556/3591/1 3828/3590/1
f 3829/3592/1 4555/3593/1 4556/3591/1
f 3830/3594/1 4555/3593/1 3829/3592/1
f 3830/3594/1 4554/3595/1 4555/3593/1
f 3831/3596/1 4554/3595/1 3830/3594/1
f 3831/3596/1 4553/3597/1 4554/3595/1
f 3832/3598/1 4553/3597/1 3831/3596/1
f 3833/3599/1 4553/3597/1 3832/3598/1
f 3833/3599/1 4552/3600/1 4553/3597/1
f 3834/3601/1 4552/3600/1 3833/3599/1
f 3834/3601/1 4551/3602/1 4552/3600/1
f 3835/3603/1 4551/3602/1 3834/3601/1
f 3836/3604/1 4551/3602/1 3835/3603/1
f 3836/3604/1 4550/3605/1 4551/3602/1
f 3836/3604/1 4549/3606/1 4550/3605/1
f 3837/3607/1 4549/3606/1 3836/3604/1
f 3837/3607/1 4548/3608/1 4549/3606/1
f 3838/3609/1 4548/3608/1 3837/3607/1
f 3838/3609/1 4547/3610/1 4548/3608/1
f 3838/3609/1 4546/3611/1 4547/3610/1
f 3839/3612/1 4546/3611/1 3838/3609/1
f 3839/3612/1 4545/3613/1 4546/3611/1
f 3839/3612/1 4544/3614/1 4545/3613/1
f 3840/3615/1 4544/3614/1 3839/3612/1
f 3840/3615/1 4543/3616/1 4544/3614/1
f 3840/3615/1 4542/3617/1 4543/3616/1
f 3841/3618/1 4542/3617/1 3840/3615/1
f 3841/3618/1 4541/3619/1 4542/3617/1
f 3841/3618/1 4540/3620/1 4541/3619/1
f 3842/3621/1 4540/3620/1 3841/3618/1
f 3842/3621/1 4539/3622/1 4540/3620/1
f 3843/3623/1 4539/3622/1 3842/3621/1
f 3843/3623/1 4538/3624/1 4539/3622/1
f 3843/3623/1 4537/3625/1 4538/3624/1
f 3844/3626/1 4537/3625/1 3843/3623/1
f 3844/3626/1 4536/3627/1 4537/3625/1
f 3844/3626/1 4535/3628/1 4536/3627/1
f 3845/3629/1 4535/3628/1 3844/3626/1
f 3845/3629/1 4534/3630/1 4535/3628/1
f 3846/3631/1 4534/3630/1 3845/3629/1
f 3846/3631/1 4533/3632/1 4534/3630/1
f 3846/3631/1 4532/3633/1 4533/3632/1
f 3847/3634/1 4532/3633/1 3846/3631/1
f 3847/3634/1 4531/3635/1 4532/3633/1
f 3848/3636/1 4531/3635/1 3847/3634/1
f 3848/3636/1 4530/3637/1 4531/3635/1
f 3848/3636/1 4529/3638/1 4530/3637/1
f 3849/3639/1 4529/3638/1 3848/3636/1
f 3849/3639/1 4528/3640/1 4529/3638/1
f 3850/3641/1 4528/3640/1 3849/3639/1
f 3850/3641/1 4527/3642/1 4528/3640/1
f 3851/3643/1 4527/3642/1 3850/3641/1
f 3851/3643/1 4526/3644/1 4527/3642/1
f 3852/3645/1 4526/3644/1 3851/3643/1
f 3852/3645/1 4525/3646/1 4526/3644/1
f 3852/3645/1 4524/3647/1 4525/3646/1
f 3853/3648/1 4960/3649/1 3852/3645/1
f 4960/3649/1 4524/3647/1 3852/3645/1
f 4960/3649/1 4523/3650/1 4524/3647/1
f 3853/3648/1 4959/3651/1 4960/3649/1
f 4961/3652/1 4523/3650/1 4960/3649/1
f 4962/3653/1 4523/3650/1 4961/3652/1
f 3853/3648/1 4958/3654/1 4959/3651/1
f 4963/3655/1 4523/3650/1 4962/3653/1
f 3854/3656/1 4958/3654/1 3853/3648/1
f 3854/3656/1 4957/3657/1 4958/3654/1
f 4963/3655/1 4522/3658/1 4523/3650/1
f 4964/3659/1 4522/3658/1 4963/3655/1
f 3854/3656/1 4956/3660/1 4957/3657/1
f 4965/3661/1 4522/3658/1 4964/3659/1
f 4965/3661/1 4521/3662/1 4522/3658/1
f 3855/3663/1 4956/3660/1 3854/3656/1
f 3855/3663/1 4955/3664/1 4956/3660/1
f 4965/3661/1 4520/3665/1 4521/3662/1
f 4966/3666/1 4520/3665/1 4965/3661/1
f 3856/3667/1 4955/3664/1 3855/3663/1
f 4966/3666/1 4519/3668/1 4520/3665/1
f 3856/3667/1 4954/3669/1 4955/3664/1
f 4642/3670/1 4519/3668/1 4966/3666/1
f 3856/3667/1 4953/3671/1 4954/3669/1
f 3856/3667/1 4952/3672/1 4953/3671/1
f 4642/3670/1 4518/3673/1 4519/3668/1
f 3856/3667/1 4951/3674/1 4952/3672/1
f 4643/3675/1 4518/3673/1 4642/3670/1
f 3857/3676/1 4951/3674/1 3856/3667/1
f 4643/3675/1 4517/3677/1 4518/3673/1
f 3857/3676/1 4950/3678/1 4951/3674/1
f 4644/3679/1 4517/3677/1 4643/3675/1
f 3857/3676/1 4949/3680/1 4950/3678/1
f 4644/3679/1 4516/3681/1 4517/3677/1
f 4645/3682/1 4516/3681/1 4644/3679/1
f 3857/3676/1 4948/3683/1 4949/3680/1
f 3858/3684/1 4948/3683/1 3857/3676/1
f 4645/3682/1 4515/3685/1 4516/3681/1
f 3858/3684/1 4947/3686/1 4948/3683/1
f 4646/3687/1 4515/3685/1 4645/3682/1
f 3858/3684/1 4946/3688/1 4947/3686/1
f 4646/3687/1 4514/3689/1 4515/3685/1
f 4647/3690/1 4514/3689/1 4646/3687/1
f 3858/3684/1 4945/3691/1 4946/3688/1
f 4647/3690/1 4513/3692/1 4514/3689/1
f 4648/3693/1 4513/3692/1 4647/3690/1
f 3859/3694/1 4945/3691/1 3858/3684/1
f 3859/3694/1 4944/3695/1 4945/3691/1
f 4648/3693/1 4512/3696/1 4513/3692/1
f 4649/3697/1 4512/3696/1 4648/3693/1
f 3859/3694/1 4943/3698/1 4944/3695/1
f 4649/3697/1 4511/3699/1 4512/3696/1
f 3859/3694/1 4942/3700/1 4943/3698/1
f 4650/3701/1 4511/3699/1 4649/3697/1
f 4650/3701/1 4510/3702/1 4511/3699/1
f 3860/3703/1 4942/3700/1 3859/3694/1
f 3860/3703/1 4941/3704/1 4942/3700/1
f 4651/3705/1 4510/3702/1 4650/3701/1
f 4651/3705/1 4509/3706/1 4510/3702/1
f 3860/3703/1 4940/3707/1 4941/3704/1
f 3861/3708/1 4940/3707/1 3860/3703/1
f 4651/3705/1 4508/3709/1 4509/3706/1
f 4652/3710/1 4508/3709/1 4651/3705/1
f 3861/3708/1 4939/3711/1 4940/3707/1
f 4652/3710/1 4507/3712/1 4508/3709/1
f 4653/3713/1 4507/3712/1 4652/3710/1
f 3861/3708/1 4938/3714/1 4939/3711/1
f 3862/3715/1 4938/3714/1 3861/3708/1
f 4653/3713/1 4506/3716/1 4507/3712/1
f 3862/3715/1 4937/3717/1 4938/3714/1
f 4654/3718/1 4506/3716/1 4653/3713/1
f 4654/3718/1 4505/3719/1 4506/3716/1
f 3863/3720/1 4937/3717/1 3862/3715/1
f 3863/3720/1 4936/3721/1 4937/3717/1
f 4655/3722/1 4505/3719/1 4654/3718/1
f 4655/3722/1 4504/3723/1 4505/3719/1
f 3863/3720/1 4935/3724/1 4936/3721/1
f 3864/3725/1 4935/3724/1 3863/3720/1
f 4655/3722/1 4503/3726/1 4504/3723/1
f 3864/3725/1 4934/3727/1 4935/3724/1
f 4656/3728/1 4503/3726/1 4655/3722/1
f 3864/3725/1 4933/3729/1 4934/3727/1
f 4656/3728/1 4502/3730/1 4503/3726/1
f 3865/3731/1 4933/3729/1 3864/3725/1
f 3865/3731/1 4932/3732/1 4933/3729/1
f 4656/3728/1 4501/3733/1 4502/3730/1
f 3865/3731/1 4931/3734/1 4932/3732/1
f 3866/3735/1 4931/3734/1 3865/3731/1
f 3866/3735/1 4930/3736/1 4931/3734/1
f 4657/3737/1 4501/3733/1 4656/3728/1
f 4657/3737/1 4500/3738/1 4501/3733/1
f 3866/3735/1 4929/3739/1 4930/3736/1
f 4657/3737/1 4499/3740/1 4500/3738/1
f 3867/3741/1 4929/3739/1 3866/3735/1
f 3867/3741/1 4928/3742/1 4929/3739/1
f 4657/3737/1 4498/3743/1 4499/3740/1
f 4658/3744/1 4498/3743/1 4657/3737/1
f 3867/3741/1 4927/3745/1 4928/3742/1
f 3868/3746/1 4927/3745/1 3867/3741/1
f 4658/3744/1 4497/3747/1 4498/3743/1
f 3868/3746/1 4926/3748/1 4927/3745/1
f 3869/3749/1 4926/3748/1 3868/3746/1
f 3869/3749/1 4925/3750/1 4926/3748/1
f 4659/3751/1 4497/3747/1 4658/3744/1
f 3870/3752/1 4925/3750/1 3869/3749/1
f 4659/3751/1 4496/3753/1 4497/3747/1
f 3870/3752/1 4924/3754/1 4925/3750/1
f 3871/3755/1 4924/3754/1 3870/3752/1
f 4660/3756/1 4496/3753/1 4659/3751/1
f 3871/3755/1 4923/3757/1 4924/3754/1
f 3872/3758/1 4923/3757/1 3871/3755/1
f 3873/3759/1 4923/3757/1 3872/3758/1
f 3873/3759/1 4922/3760/1 4923/3757/1
f 3874/3761/1 4922/3760/1 3873/3759/1
f 4660/3756/1 4495/3762/1 4496/3753/1
f 4661/3763/1 4495/3762/1 4660/3756/1
f 3875/3764/1 4922/3760/1 3874/3761/1
f 3875/3764/1 4921/3765/1 4922/3760/1
f 3876/3766/1 4921/3765/1 3875/3764/1
f 3876/3766/1 4920/3767/1 4921/3765/1
f 3877/3768/1 4920/3767/1 3876/3766/1
f 4662/3769/1 4495/3762/1 4661/3763/1
f 3878/3770/1 4920/3767/1 3877/3768/1
f 3878/3770/1 4919/3771/1 4920/3767/1
f 4662/3769/1 4494/3772/1 4495/3762/1
f 3879/3773/1 4919/3771/1 3878/3770/1
f 4663/3774/1 4494/3772/1 4662/3769/1
f 3879/3773/1 4918/3775/1 4919/3771/1
f 3880/3776/1 4918/3775/1 3879/3773/1
f 3881/3777/1 4918/3775/1 3880/3776/1
f 3881/3777/1 4917/3778/1 4918/3775/1
f 3882/3779/1 4917/3778/1 3881/3777/1
f 3883/3780/1 4917/3778/1 3882/3779/1
f 4664/3781/1 4494/3772/1 4663/3774/1
f 4664/3781/1 4493/3782/1 4494/3772/1
f 3883/3780/1 4916/3783/1 4917/3778/1
f 3884/3784/1 4916/3783/1 3883/3780/1
f 3884/3784/1 4915/3785/1 4916/3783/1
f 3885/3786/1 4915/3785/1 3884/3784/1
f 4665/3787/1 4493/3782/1 4664/3781/1
f 3885/3786/1 4914/3788/1 4915/3785/1
f 3886/3789/1 4914/3788/1 3885/3786/1
f 4665/3787/1 4492/3790/1 4493/3782/1
f 3886/3789/1 4913/3791/1 4914/3788/1
f 4666/3792/1 4492/3790/1 4665/3787/1
f 3886/3789/1 4912/3793/1 4913/3791/1
f 3887/3794/1 4912/3793/1 3886/3789/1
f 3887/3794/1 4911/3795/1 4912/3793/1
f 3888/3796/1 4911/3795/1 3887/3794/1
f 3888/3796/1 4910/3797/1 4911/3795/1
f 4667/3798/1 4492/3790/1 4666/3792/1
f 4667/3798/1 4491/3799/1 4492/3790/1
f 3888/3796/1 4909/3800/1 4910/3797/1
f 4668/3801/1 4491/3799/1 4667/3798/1
f 3889/3802/1 4909/3800/1 3888/3796/1
f 3889/3802/1 4908/3803/1 4909/3800/1
f 3889/3802/1 4907/3804/1 4908/3803/1
f 4669/3805/1 4491/3799/1 4668/3801/1
f 3889/3802/1 4906/3806/1 4907/3804/1
f 3890/3807/1 4906/3806/1 3889/3802/1
f 4670/3808/1 4491/3799/1 4669/3805/1
f 3890/3807/1 4905/3809/1 4906/3806/1
f 4670/3808/1 4490/3810/1 4491/3799/1
f 3891/3811/1 4905/3809/1 3890/3807/1
f 4671/3812/1 4490/3810/1 4670/3808/1
f 4672/3813/1 4490/3810/1 4671/3812/1
f 3892/3814/1 4905/3809/1 3891/3811/1
f 3892/3814/1 4904/3815/1 4905/3809/1
f 4673/3816/1 4490/3810/1 4672/3813/1
f 3893/3817/1 4904/3815/1 3892/3814/1
f 4673/3816/1 4489/3818/1 4490/3810/1
f 3893/3817/1 4903/3819/1 4904/3815/1
f 4674/3820/1 4489/3818/1 4673/3816/1
f 3894/3821/1 4903/3819/1 3893/3817/1
f 4675/3822/1 4489/3818/1 4674/3820/1
f 3895/3823/1 4903/3819/1 3894/3821/1
f 4676/3824/1 4489/3818/1 4675/3822/1
f 3895/3823/1 4902/3825/1 4903/3819/1
f 3896/3826/1 4902/3825/1 3895/3823/1
f 4677/3827/1 4489/3818/1 4676/3824/1
f 3897/3828/1 4902/3825/1 3896/3826/1
f 4677/3827/1 4488/3829/1 4489/3818/1
f 4678/3830/1 4488/3829/1 4677/3827/1
f 3898/3831/1 4902/3825/1 3897/3828/1
f 4679/3832/1 4488/3829/1 4678/3830/1
f 3898/3831/1 4901/3833/1 4902/3825/1
f 3899/3834/1 4901/3833/1 3898/3831/1
f 4680/3835/1 4488/3829/1 4679/3832/1
f 3900/3836/1 4901/3833/1 3899/3834/1
f 4681/3837/1 4488/3829/1 4680/3835/1
f 4681/3837/1 4487/3838/1 4488/3829/1
f 3901/3839/1 4901/3833/1 3900/3836/1
f 4682/3840/1 4487/3838/1 4681/3837/1
f 3901/3839/1 4900/3841/1 4901/3833/1
f 4683/3842/1 4487/3838/1 4682/3840/1
f 3902/3843/1 4900/3841/1 3901/3839/1
f 4684/3844/1 4487/3838/1 4683/3842/1
f 4684/3844/1 4486/3845/1 4487/3838/1
f 3903/3846/1 4900/3841/1 3902/3843/1
f 3903/3846/1 4899/3847/1 4900/3841/1
f 4685/3848/1 4486/3845/1 4684/3844/1
f 4686/3849/1 4486/3845/1 4685/3848/1
f 3904/3850/1 4899/3847/1 3903/3846/1
f 4686/3849/1 4485/3851/1 4486/3845/1
f 4687/3852/1 4485/3851/1 4686/3849/1
f 3904/3850/1 4898/3853/1 4899/3847/1
f 4687/3852/1 4484/3854/1 4485/3851/1
f 4688/3855/1 4484/3854/1 4687/3852/1
f 3905/3856/1 4898/3853/1 3904/3850/1
f 4688/3855/1 4483/3857/1 4484/3854/1
f 4689/3858/1 4483/3857/1 4688/3855/1
f 3905/3856/1 4897/3859/1 4898/3853/1
f 4689/3858/1 4482/3860/1 4483/3857/1
f 4690/3861/1 4482/3860/1 4689/3858/1
f 4690/3861/1 4481/3862/1 4482/3860/1
f 4691/3863/1 4481/3862/1 4690/3861/1
f 3906/3864/1 4897/3859/1 3905/3856/1
f 3906/3864/1 4896/3865/1 4897/3859/1
f 4692/3866/1 4481/3862/1 4691/3863/1
f 4692/3866/1 4480/3867/1 4481/3862/1
f 4693/3868/1 4480/3867/1 4692/3866/1
f 4693/3868/1 4479/3869/1 4480/3867/1
f 3906/3864/1 4895/3870/1 4896/3865/1
f 4694/3871/1 4479/3869/1 4693/3868/1
f 4694/3871/1 4478/3872/1 4479/3869/1
f 3907/3873/1 4895/3870/1 3906/3864/1
f 4695/3874/1 4478/3872/1 4694/3871/1
f 4695/3874/1 4477/3875/1 4478/3872/1
f 3907/3873/1 4894/3876/1 4895/3870/1
f 4696/3877/1 4477/3875/1 4695/3874/1
f 3907/3873/1 4893/3878/1 4894/3876/1
f 4696/3877/1 4476/3879/1 4477/3875/1
f 4697/3880/1 4476/3879/1 4696/3877/1
f 3907/3873/1 4892/3881/1 4893/3878/1
f 4697/3880/1 4475/3882/1 4476/3879/1
f 4698/3883/1 4475/3882/1 4697/3880/1
f 3907/3873/1 4891/3884/1 4892/3881/1
f 3908/3885/1 4891/3884/1 3907/3873/1
f 4698/3883/1 4474/3886/1 4475/3882/1
f 4699/3887/1 4474/3886/1 4698/3883/1
f 3908/3885/1 4890/3888/1 4891/3884/1
f 4700/3889/1 4474/3886/1 4699/3887/1
f 4700/3889/1 4473/3890/1 4474/3886/1
f 3908/3885/1 4889/3891/1 4890/3888/1
f 3909/3892/1 4889/3891/1 3908/3885/1
f 4701/3893/1 4473/3890/1 4700/3889/1
f 3909/3892/1 4888/3894/1 4889/3891/1
f 4702/3895/1 4473/3890/1 4701/3893/1
f 4702/3895/1 4472/3896/1 4473/3890/1
f 4703/3897/1 4472/3896/1 4702/3895/1
f 3909/3892/1 4887/3898/1 4888/3894/1
f 3910/3899/1 4887/3898/1 3909/3892/1
f 4704/3900/1 4472/3896/1 4703/3897/1
f 3910/3899/1 4886/3901/1 4887/3898/1
f 4705/3902/1 4472/3896/1 4704/3900/1
f 4705/3902/1 4471/3903/1 4472/3896/1
f 3910/3899/1 4885/3904/1 4886/3901/1
f 4706/3905/1 4471/3903/1 4705/3902/1
f 3911/3906/1 4885/3904/1 3910/3899/1
f 3911/3906/1 4884/3907/1 4885/3904/1
f 4707/3908/1 4471/3903/1 4706/3905/1
f 4707/3908/1 4470/3909/1 4471/3903/1
f 3911/3906/1 4883/3910/1 4884/3907/1
f 4708/3911/1 4470/3909/1 4707/3908/1
f 3911/3906/1 4882/3912/1 4883/3910/1
f 4709/3913/1 4470/3909/1 4708/3911/1
f 3912/3914/1 4882/3912/1 3911/3906/1
f 3912/3914/1 4881/3915/1 4882/3912/1
f 4710/3916/1 4470/3909/1 4709/3913/1
f 3912/3914/1 4880/3917/1 4881/3915/1
f 4711/3918/1 4470/3909/1 4710/3916/1
f 4711/3918/1 4469/3919/1 4470/3909/1
f 3912/3914/1 4879/3920/1 4880/3917/1
f 4712/3921/1 4469/3919/1 4711/3918/1
f 3913/3922/1 4879/3920/1 3912/3914/1
f 4713/3923/1 4469/3919/1 4712/3921/1
f 3913/3922/1 4878/3924/1 4879/3920/1
f 4714/3925/1 4469/3919/1 4713/3923/1
f 4715/3926/1 4469/3919/1 4714/3925/1
f 4715/3926/1 4468/3927/1 4469/3919/1
f 3913/3922/1 4877/3928/1 4878/3924/1
f 4716/3929/1 4468/3927/1 4715/3926/1
f 3914/3930/1 4877/3928/1 3913/3922/1
f 4717/3931/1 4468/3927/1 4716/3929/1
f 3914/3930/1 4876/3932/1 4877/3928/1
f 4718/3933/1 4468/3927/1 4717/3931/1
f 3915/3934/1 4876/3932/1 3914/3930/1
f 3915/3934/1 4875/3935/1 4876/3932/1
f 4718/3933/1 4467/3936/1 4468/3927/1
f 4719/3937/1 4467/3936/1 4718/3933/1
f 3915/3934/1 4874/3938/1 4875/3935/1
f 4720/3939/1 4467/3936/1 4719/3937/1
f 3916/3940/1 4874/3938/1 3915/3934/1
f 3916/3940/1 4873/3941/1 4874/3938/1
f 4721/3942/1 4467/3936/1 4720/3939/1
f 4721/3942/1 4466/3943/1 4467/3936/1
f 3917/3944/1 4873/3941/1 3916/3940/1
f 3917/3944/1 4872/3945/1 4873/3941/1
f 4722/3946/1 4466/3943/1 4721/3942/1
f 3918/3947/1 4872/3945/1 3917/3944/1
f 3918/3947/1 4871/3948/1 4872/3945/1
f 4723/3949/1 4466/3943/1 4722/3946/1
f 4723/3949/1 4465/3950/1 4466/3943/1
f 3919/3951/1 4871/3948/1 3918/3947/1
f 3919/3951/1 4870/3952/1 4871/3948/1
f 4724/3953/1 4465/3950/1 4723/3949/1
f 3920/3954/1 4870/3952/1 3919/3951/1
f 3920/3954/1 4869/3955/1 4870/3952/1
f 3921/3956/1 4869/3955/1 3920/3954/1
f 4725/3957/1 4465/3950/1 4724/3953/1
f 3922/3958/1 4869/3955/1 3921/3956/1
f 3922/3958/1 4868/3959/1 4869/3955/1
f 4725/3957/1 4464/3960/1 4465/3950/1
f 3923/3961/1 4868/3959/1 3922/3958/1
f 4726/3962/1 4464/3960/1 4725/3957/1
f 3923/3961/1 4867/3963/1 4868/3959/1
f 3924/3964/1 4867/3963/1 3923/3961/1
f 4727/3965/1 4464/3960/1 4726/3962/1
f 3924/3964/1 4866/3966/1 4867/3963/1
f 3925/3967/1 4866/3966/1 3924/3964/1
f 4727/3965/1 4463/3968/1 4464/3960/1
f 3926/3969/1 4866/3966/1 3925/3967/1
f 3926/3969/1 4865/3970/1 4866/3966/1
f 4728/3971/1 4463/3968/1 4727/3965/1
f 3927/3972/1 4865/3970/1 3926/3969/1
f 3927/3972/1 4864/3973/1 4865/3970/1
f 4729/3974/1 4463/3968/1 4728/3971/1
f 3928/3975/1 4864/3973/1 3927/3972/1
f 3928/3975/1 4863/3976/1 4864/3973/1
f 4729/3974/1 4462/3977/1 4463/3968/1
f 4730/3978/1 4462/3977/1 4729/3974/1
f 3929/3979/1 4863/3976/1 3928/3975/1
f 3929/3979/1 4862/3980/1 4863/3976/1
f 3930/3981/1 4862/3980/1 3929/3979/1
f 3930/3981/1 4861/3982/1 4862/3980/1
f 4731/3983/1 4462/3977/1 4730/3978/1
f 3931/3984/1 4861/3982/1 3930/3981/1
f 3931/3984/1 4860/3985/1 4861/3982/1
f 4732/3986/1 4462/3977/1 4731/3983/1
f 4732/3986/1 4461/3987/1 4462/3977/1
f 3931/3984/1 4859/3988/1 4860/3985/1
f 3932/3989/1 4859/3988/1 3931/3984/1
f 3932/3989/1 4858/3990/1 4859/3988/1
f 4732/3986/1 4460/3991/1 4461/3987/1
f 3933/3992/1 4858/3990/1 3932/3989/1
f 4733/3993/1 4460/3991/1 4732/3986/1
f 4733/3993/1 4459/3994/1 4460/3991/1
f 3934/3995/1 4858/3990/1 3933/3992/1
f 4734/3996/1 4459/3994/1 4733/3993/1
f 4734/3996/1 4458/3997/1 4459/3994/1
f 3934/3995/1 4857/3998/1 4858/3990/1
f 3935/3999/1 4857/3998/1 3934/3995/1
f 4734/3996/1 4457/4000/1 4458/3997/1
f 4735/4001/1 4457/4000/1 4734/3996/1
f 3936/4002/1 4857/3998/1 3935/3999/1
f 4735/4001/1 4456/4003/1 4457/4000/1
f 4736/4004/1 4456/4003/1 4735/4001/1
f 3937/4005/1 4857/3998/1 3936/4002/1
f 3937/4005/1 4856/4006/1 4857/3998/1
f 4736/4004/1 4455/4007/1 4456/4003/1
f 4737/4008/1 4455/4007/1 4736/4004/1
f 3938/4009/1 4856/4006/1 3937/4005/1
f 4738/4010/1 4455/4007/1 4737/4008/1
f 4738/4010/1 4454/4011/1 4455/4007/1
f 3939/4012/1 4856/4006/1 3938/4009/1
f 4739/4013/1 4454/4011/1 4738/4010/1
f 4739/4013/1 4453/4014/1 4454/4011/1
f 3940/4015/1 4856/4006/1 3939/4012/1
f 3940/4015/1 4855/4016/1 4856/4006/1
f 4740/4017/1 4453/4014/1 4739/4013/1
f 4740/4017/1 4452/4018/1 4453/4014/1
f 3941/4019/1 4855/4016/1 3940/4015/1
f 4741/4020/1 4452/4018/1 4740/4017/1
f 3942/4021/1 4855/4016/1 3941/4019/1
f 4741/4020/1 4451/4022/1 4452/4018/1
f 4742/4023/1 4451/4022/1 4741/4020/1
f 3943/4024/1 4855/4016/1 3942/4021/1
f 4742/4023/1 4450/4025/1 4451/4022/1
f 3943/4024/1 4854/4026/1 4855/4016/1
f 3944/4027/1 4854/4026/1 3943/4024/1
f 4742/4023/1 4449/4028/1 4450/4025/1
f 4743/4029/1 4449/4028/1 4742/4023/1
f 3945/4030/1 4854/4026/1 3944/4027/1
f 3946/4031/1 4854/4026/1 3945/4030/1
f 3947/4032/1 4854/4026/1 3946/4031/1
f 4744/4033/1 4449/4028/1 4743/4029/1
f 3947/4032/1 4853/4034/1 4854/4026/1
f 3948/4035/1 4853/4034/1 3947/4032/1
f 4744/4033/1 4448/4036/1 4449/4028/1
f 4745/4037/1 4448/4036/1 4744/4033/1
f 3949/4038/1 4853/4034/1 3948/4035/1
f 3950/4039/1 4853/4034/1 3949/4038/1
f 4746/4040/1 4448/4036/1 4745/4037/1
f 3951/4041/1 4853/4034/1 3950/4039/1
f 4746/4040/1 4447/4042/1 4448/4036/1
f 3951/4041/1 4852/4043/1 4853/4034/1
f 3952/4044/1 4852/4043/1 3951/4041/1
f 3953/4045/1 4852/4043/1 3952/4044/1
f 4747/4046/1 4447/4042/1 4746/4040/1
f 3954/4047/1 4852/4043/1 3953/4045/1
f 4747/4046/1 4446/4048/1 4447/4042/1
f 3955/4049/1 4852/4043/1 3954/4047/1
f 4748/4050/1 4446/4048/1 4747/4046/1
f 3956/4051/1 4852/4043/1 3955/4049/1
f 3956/4051/1 4851/4052/1 4852/4043/1
f 3957/4053/1 4851/4052/1 3956/4051/1
f 4749/4054/1 4446/4048/1 4748/4050/1
f 3958/4055/1 4851/4052/1 3957/4053/1
f 4749/4054/1 4445/4056/1 4446/4048/1
f 3959/4057/1 4851/4052/1 3958/4055/1
f 4750/4058/1 4445/4056/1 4749/4054/1
f 3960/4059/1 4851/4052/1 3959/4057/1
f 3960/4059/1 4850/4060/1 4851/4052/1
f 3961/4061/1 4850/4060/1 3960/4059/1
f 4750/4058/1 4444/4062/1 4445/4056/1
f 4751/4063/1 4444/4062/1 4750/4058/1
f 3962/4064/1 4850/4060/1 3961/4061/1
f 3963/4065/1 4850/4060/1 3962/4064/1
f 4752/4066/1 4444/4062/1 4751/4063/1
f 4752/4066/1 4443/4067/1 4444/4062/1
f 3963/4065/1 4849/4068/1 4850/4060/1
f 3964/4069/1 4849/4068/1 3963/4065/1
f 4753/4070/1 4443/4067/1 4752/4066/1
f 3965/4071/1 4849/4068/1 3964/4069/1
f 3966/4072/1 4849/4068/1 3965/4071/1
f 4753/4070/1 4442/4073/1 4443/4067/1
f 4754/4074/1 4442/4073/1 4753/4070/1
f 3967/4075/1 4849/4068/1 3966/4072/1
f 3967/4075/1 4848/4076/1 4849/4068/1
f 3968/4077/1 4848/4076/1 3967/4075/1
f 4755/4078/1 4442/4073/1 4754/4074/1
f 4755/4078/1 4441/4079/1 4442/4073/1
f 3969/4080/1 4848/4076/1 3968/4077/1
f 4756/4081/1 4441/4079/1 4755/4078/1
f 3970/4082/1 4848/4076/1 3969/4080/1
f 4756/4081/1 4440/4083/1 4441/4079/1
f 3971/4084/1 4848/4076/1 3970/4082/1
f 3971/4084/1 4847/4085/1 4848/4076/1
f 4757/4086/1 4440/4083/1 4756/4081/1
f 3972/4087/1 4847/4085/1 3971/4084/1
f 4757/4086/1 4439/4088/1 4440/4083/1
f 4758/4089/1 4439/4088/1 4757/4086/1
f 3973/4090/1 4847/4085/1 3972/4087/1
f 3974/4091/1 4847/4085/1 3973/4090/1
f 4759/4092/1 4439/4088/1 4758/4089/1
f 4759/4092/1 4438/4093/1 4439/4088/1
f 3974/4091/1 4846/4094/1 4847/4085/1
f 3975/4095/1 4846/4094/1 3974/4091/1
f 4760/4096/1 4438/4093/1 4759/4092/1
f 3976/4097/1 4846/4094/1 3975/4095/1
f 4760/4096/1 4437/4098/1 4438/4093/1
f 4761/4099/1 4437/4098/1 4760/4096/1
f 3977/4100/1 4846/4094/1 3976/4097/1
f 3977/4100/1 4845/4101/1 4846/4094/1
f 4761/4099/1 4436/4102/1 4437/4098/1
f 3978/4103/1 4845/4101/1 3977/4100/1
f 4762/4104/1 4436/4102/1 4761/4099/1
f 4762/4104/1 4435/4105/1 4436/4102/1
f 3979/4106/1 4845/4101/1 3978/4103/1
f 4763/4107/1 4435/4105/1 4762/4104/1
f 4763/4107/1 4434/4108/1 4435/4105/1
f 3980/4109/1 4845/4101/1 3979/4106/1
f 3980/4109/1 4844/4110/1 4845/4101/1
f 4764/4111/1 4434/4108/1 4763/4107/1
f 4764/4111/1 4433/4112/1 4434/4108/1
f 4765/4113/1 4433/4112/1 4764/4111/1
f 4765/4113/1 4432/4114/1 4433/4112/1
f 4766/4115/1 4432/4114/1 4765/4113/1
f 4766/4115/1 4431/4116/1 4432/4114/1
f 3980/4109/1 4843/4117/1 4844/4110/1
f 4767/4118/1 4431/4116/1 4766/4115/1
f 4767/4118/1 4430/4119/1 4431/4116/1
f 3981/4120/1 4843/4117/1 3980/4109/1
f 4768/4121/1 4430/4119/1 4767/4118/1
f 4768/4121/1 4429/4122/1 4430/4119/1
f 4769/4123/1 4429/4122/1 4768/4121/1
f 4769/4123/1 4428/4124/1 4429/4122/1
f 3981/4120/1 4842/4125/1 4843/4117/1
f 4769/4123/1 4427/4126/1 4428/4124/1
f 4770/4127/1 4427/4126/1 4769/4123/1
f 4770/4127/1 4426/4128/1 4427/4126/1
f 4771/4129/1 4426/4128/1 4770/4127/1
f 4771/4129/1 4425/4130/1 4426/4128/1
f 3982/4131/1 4842/4125/1 3981/4120/1
f 4771/4129/1 4424/4132/1 4425/4130/1
f 4772/4133/1 4424/4132/1 4771/4129/1
f 3982/4131/1 4841/4134/1 4842/4125/1
f 4772/4133/1 4423/4135/1 4424/4132/1
f 4773/4136/1 4423/4135/1 4772/4133/1
f 4773/4136/1 4422/4137/1 4423/4135/1
f 4774/4138/1 4422/4137/1 4773/4136/1
f 4774/4138/1 4421/4139/1 4422/4137/1
f 4775/4140/1 4421/4139/1 4774/4138/1
f 3983/4141/1 4841/4134/1 3982/4131/1
f 3983/4141/1 4840/4142/1 4841/4134/1
f 4775/4140/1 4420/4143/1 4421/4139/1
f 4776/4144/1 4420/4143/1 4775/4140/1
f 4777/4145/1 4420/4143/1 4776/4144/1
f 4777/4145/1 4419/4146/1 4420/4143/1
f 4778/4147/1 4419/4146/1 4777/4145/1
f 4778/4147/1 4418/4148/1 4419/4146/1
f 3983/4141/1 4839/4149/1 4840/4142/1
f 4779/4150/1 4418/4148/1 4778/4147/1
f 3984/4151/1 4839/4149/1 3983/4141/1
f 4780/4152/1 4418/4148/1 4779/4150/1
f 4780/4152/1 4417/4153/1 4418/4148/1
f 4781/4154/1 4417/4153/1 4780/4152/1
f 4781/4154/1 4416/4155/1 4417/4153/1
f 3984/4151/1 4838/4156/1 4839/4149/1
f 4782/4157/1 4416/4155/1 4781/4154/1
f 3985/4158/1 4838/4156/1 3984/4151/1
f 4783/4159/1 4416/4155/1 4782/4157/1
f 4783/4159/1 4415/4160/1 4416/4155/1
f 4784/4161/1 4415/4160/1 4783/4159/1
f 3985/4158/1 4837/4162/1 4838/4156/1
f 4784/4161/1 4414/4163/1 4415/4160/1
f 4785/4164/1 4414/4163/1 4784/4161/1
f 4786/4165/1 4414/4163/1 4785/4164/1
f 4786/4165/1 4413/4166/1 4414/4163/1
f 3986/4167/1 4837/4162/1 3985/4158/1
f 4787/4168/1 4413/4166/1 4786/4165/1
f 3986/4167/1 4836/4169/1 4837/4162/1
f 4788/4170/1 4413/4166/1 4787/4168/1
f 4788/4170/1 4412/4171/1 4413/4166/1
f 4789/4172/1 4412/4171/1 4788/4170/1
f 4790/4173/1 4412/4171/1 4789/4172/1
f 3986/4167/1 4835/4174/1 4836/4169/1
f 4790/4173/1 4411/4175/1 4412/4171/1
f 4791/4176/1 4411/4175/1 4790/4173/1
f 3987/4177/1 4835/4174/1 3986/4167/1
f 4792/4178/1 4411/4175/1 4791/4176/1
f 3987/4177/1 4834/4179/1 4835/4174/1
f 4793/4180/1 4411/4175/1 4792/4178/1
f 4793/4180/1 4410/4181/1 4411/4175/1
f 3987/4177/1 4833/4182/1 4834/4179/1
f 4794/4183/1 4410/4181/1 4793/4180/1
f 3987/4177/1 4832/4184/1 4833/4182/1
f 4795/4185/1 4410/4181/1 4794/4183/1
f 3987/4177/1 4831/4186/1 4832/4184/1
f 4795/4185/1 4409/4187/1 4410/4181/1
f 3988/4188/1 4831/4186/1 3987/4177/1
f 4796/4189/1 4409/4187/1 4795/4185/1
f 3988/4188/1 4830/4190/1 4831/4186/1
f 4797/4191/1 4409/4187/1 4796/4189/1
f 3988/4188/1 4829/4192/1 4830/4190/1
f 4798/4193/1 4409/4187/1 4797/4191/1
f 3988/4188/1 4828/4194/1 4829/4192/1
f 4799/4195/1 4409/4187/1 4798/4193/1
f 4800/4196/1 4409/4187/1 4799/4195/1
f 4800/4196/1 4408/4197/1 4409/4187/1
f 4801/4198/1 4408/4197/1 4800/4196/1
f 3988/4188/1 4827/4199/1 4828/4194/1
f 4802/4200/1 4408/4197/1 4801/4198/1
f 4803/4201/1 4408/4197/1 4802/4200/1
f 3988/4188/1 4826/4202/1 4827/4199/1
f 4804/4203/1 4408/4197/1 4803/4201/1
f 3988/4188/1 4825/4204/1 4826/4202/1
f 3989/4205/1 4825/4204/1 3988/4188/1
f 4805/4206/1 4408/4197/1 4804/4203/1
f 3989/4205/1 4824/4207/1 4825/4204/1
f 3989/4205/1 4823/4208/1 4824/4207/1
f 4806/4209/1 4408/4197/1 4805/4206/1
f 4806/4209/1 4407/4210/1 4408/4197/1
f 3989/4205/1 4822/4211/1 4823/4208/1
f 3989/4205/1 4821/4212/1 4822/4211/1
f 4807/4213/1 4407/4210/1 4806/4209/1
f 3989/4205/1 4820/4214/1 4821/4212/1
f 4808/4215/1 4407/4210/1 4807/4213/1
f 3989/4205/1 4819/4216/1 4820/4214/1
f 3989/4205/1 4818/4217/1 4819/4216/1
f 3989/4205/1 4817/4218/1 4818/4217/1
f 4809/4219/1 4407/4210/1 4808/4215/1
f 3989/4205/1 4816/4220/1 4817/4218/1
f 3989/4205/1 4815/4221/1 4816/4220/1
f 4810/4222/1 4407/4210/1 4809/4219/1
f 3989/4205/1 4814/4223/1 4815/4221/1
f 3989/4205/1 4813/4224/1 4814/4223/1
f 3989/4205/1 4812/4225/1 4813/4224/1
f 3989/4205/1 4811/4226/1 4812/4225/1
f 3989/4205/1 4810/4222/1 4811/4226/1
f 3989/4205/1 4407/4210/1 4810/4222/1
f 3989/4205/1 4406/4227/1 4407/4210/1
f 3990/4228/1 4406/4227/1 3989/4205/1
f 3990/4228/1 4405/4229/1 4406/4227/1
f 3991/4230/1 4405/4229/1 3990/4228/1
f 3991/4230/1 4404/4231/1 4405/4229/1
f 3991/4230/1 4403/4232/1 4404/4231/1
f 3992/4233/1 4403/4232/1 3991/4230/1
f 3992/4233/1 4402/4234/1 4403/4232/1
f 3993/4235/1 4402/4234/1 3992/4233/1
f 3993/4235/1 4401/4236/1 4402/4234/1
f 3994/4237/1 4401/4236/1 3993/4235/1
f 3994/4237/1 4400/4238/1 4401/4236/1
f 3995/4239/1 4400/4238/1 3994/4237/1
f 3995/4239/1 4399/4240/1 4400/4238/1
f 3996/4241/1 4399/4240/1 3995/4239/1
f 3996/4241/1 4398/4242/1 4399/4240/1
f 3997/4243/1 4398/4242/1 3996/4241/1
f 3997/4243/1 4397/4244/1 4398/4242/1
f 3998/4245/1 4397/4244/1 3997/4243/1
f 3998/4245/1 4396/4246/1 4397/4244/1
f 3999/4247/1 4396/4246/1 3998/4245/1
f 3999/4247/1 4395/4248/1 4396/4246/1
f 4000/4249/1 4395/4248/1 3999/4247/1
f 4000/4249/1 4394/4250/1 4395/4248/1
f 4001/4251/1 4394/4250/1 4000/4249/1
f 4001/4251/1 4393/4252/1 4394/4250/1
f 4002/4253/1 4393/4252/1 4001/4251/1
f 4003/4254/1 4393/4252/1 4002/4253/1
f 4003/4254/1 4392/4255/1 4393/4252/1
f 4004/4256/1 4392/4255/1 4003/4254/1
f 4005/4257/1 4392/4255/1 4004/4256/1
f 4005/4257/1 4391/4258/1 4392/4255/1
f 4006/4259/1 4391/4258/1 4005/4257/1
f 4006/4259/1 4390/4260/1 4391/4258/1
f 4007/4261/1 4390/4260/1 4006/4259/1
f 4007/4261/1 4389/4262/1 4390/4260/1
f 4008/4263/1 4389/4262/1 4007/4261/1
f 4009/4264/1 4389/4262/1 4008/4263/1
f 4010/4265/1 4389/4262/1 4009/4264/1
f 4010/4265/1 4388/4266/1 4389/4262/1
f 4011/4267/1 4388/4266/1 4010/4265/1
f 4012/4268/1 4388/4266/1 4011/4267/1
f 4012/4268/1 4387/4269/1 4388/4266/1
f 4013/4270/1 4387/4269/1 4012/4268/1
f 4014/4271/1 4387/4269/1 4013/4270/1
f 4014/4271/1 4386/4272/1 4387/4269/1
f 4015/4273/1 4386/4272/1 4014/4271/1
f 4016/4274/1 4386/4272/1 4015/4273/1
f 4016/4274/1 4385/4275/1 4386/4272/1
f 4017/4276/1 4385/4275/1 4016/4274/1
f 4017/4276/1 4384/4277/1 4385/4275/1
f 4018/4278/1 4384/4277/1 4017/4276/1
f 4019/4279/1 4384/4277/1 4018/4278/1
f 4019/4279/1 4383/4280/1 4384/4277/1
f 4020/4281/1 4383/4280/1 4019/4279/1
f 4021/4282/1 4383/4280/1 4020/4281/1
f 4021/4282/1 4382/4283/1 4383/4280/1
f 4022/4284/1 4382/4283/1 4021/4282/1
f 4022/4284/1 4381/4285/1 4382/4283/1
f 4023/4286/1 4381/4285/1 4022/4284/1
f 4024/4287/1 4381/4285/1 4023/4286/1
f 4024/4287/1 4380/4288/1 4381/4285/1
f 4025/4289/1 4380/4288/1 4024/4287/1
f 4025/4289/1 4379/4290/1 4380/4288/1
f 4026/4291/1 4379/4290/1 4025/4289/1
f 4026/4291/1 4378/4292/1 4379/4290/1
f 4027/4293/1 4378/4292/1 4026/4291/1
f 4027/4293/1 4377/4294/1 4378/4292/1
f 4027/4293/1 4376/4295/1 4377/4294/1
f 4028/4296/1 4376/4295/1 4027/4293/1
f 4028/4296/1 4375/4297/1 4376/4295/1
f 4029/4298/1 4375/4297/1 4028/4296/1
f 4029/4298/1 4374/4299/1 4375/4297/1
f 4030/4300/1 4374/4299/1 4029/4298/1
f 4030/4300/1 4373/4301/1 4374/4299/1
f 4031/4302/1 4373/4301/1 4030/4300/1
f 4031/4302/1 4372/4303/1 4373/4301/1
f 4031/4302/1 4371/4304/1 4372/4303/1
f 4032/4305/1 4371/4304/1 4031/4302/1
f 4032/4305/1 4370/4306/1 4371/4304/1
f 4033/4307/1 4370/4306/1 4032/4305/1
f 4033/4307/1 4369/4308/1 4370/4306/1
f 4034/4309/1 4369/4308/1 4033/4307/1
f 4034/4309/1 4368/4310/1 4369/4308/1
f 4035/4311/1 4368/4310/1 4034/4309/1
f 4035/4311/1 4367/4312/1 4368/4310/1
f 4036/4313/1 4367/4312/1 4035/4311/1
f 4036/4313/1 4366/4314/1 4367/4312/1
f 4037/4315/1 4366/4314/1 4036/4313/1
f 4037/4315/1 4365/4316/1 4366/4314/1
f 4037/4315/1 4364/4317/1 4365/4316/1
f 4038/4318/1 4364/4317/1 4037/4315/1
f 4038/4318/1 4363/4319/1 4364/4317/1
f 4039/4320/1 4363/4319/1 4038/4318/1
f 4039/4320/1 4362/4321/1 4363/4319/1
f 4040/4322/1 4362/4321/1 4039/4320/1
f 4040/4322/1 4361/4323/1 4362/4321/1
f 4041/4324/1 4361/4323/1 4040/4322/1
f 4041/4324/1 4360/4325/1 4361/4323/1
f 4041/4324/1 4359/4326/1 4360/4325/1
f 4042/4327/1 4359/4326/1 4041/4324/1
f 4042/4327/1 4358/4328/1 4359/4326/1
f 4043/4329/1 4358/4328/1 4042/4327/1
f 4043/4329/1 4357/4330/1 4358/4328/1
f 4043/4329/1 4356/4331/1 4357/4330/1
f 4044/4332/1 4204/4333/1 4043/4329/1
f 4204/4333/1 4205/4334/1 4043/4329/1
f 4205/4334/1 4356/4331/1 4043/4329/1
f 4205/4334/1 4206/4335/1 4356/4331/1
f 4206/4335/1 4355/4336/1 4356/4331/1
f 4207/4337/1 4355/4336/1 4206/4335/1
f 4044/4332/1 4203/4338/1 4204/4333/1
f 4208/4339/1 4355/4336/1 4207/4337/1
f 4044/4332/1 4202/4340/1 4203/4338/1
f 4209/4341/1 4355/4336/1 4208/4339/1
f 4210/4342/1 4355/4336/1 4209/4341/1
f 4211/4343/1 4355/4336/1 4210/4342/1
f 4212/4344/1 4355/4336/1 4211/4343/1
f 4044/4332/1 4201/4345/1 4202/4340/1
f 4213/4346/1 4355/4336/1 4212/4344/1
f 4214/4347/1 4355/4336/1 4213/4346/1
f 4044/4332/1 4200/4348/1 4201/4345/1
f 4215/4349/1 4355/4336/1 4214/4347/1
f 4216/4350/1 4355/4336/1 4215/4349/1
f 4217/4351/1 4355/4336/1 4216/4350/1
f 4044/4332/1 4199/4352/1 4200/4348/1
f 4218/4353/1 4355/4336/1 4217/4351/1
f 4219/4354/1 4355/4336/1 4218/4353/1
f 4220/4355/1 4355/4336/1 4219/4354/1
f 4221/4356/1 4355/4336/1 4220/4355/1
f 4044/4332/1 4198/4357/1 4199/4352/1
f 4044/4332/1 4197/4358/1 4198/4357/1
f 4044/4332/1 4196/4359/1 4197/4358/1
f 4221/4356/1 4354/4360/1 4355/4336/1
f 4044/4332/1 4195/4361/1 4196/4359/1
f 4045/4362/1 4195/4361/1 4044/4332/1
f 4045/4362/1 4194/4363/1 4195/4361/1
f 4221/4356/1 4353/4364/1 4354/4360/1
f 4045/4362/1 4193/4365/1 4194/4363/1
f 4045/4362/1 4192/4366/1 4193/4365/1
f 4221/4356/1 4352/4367/1 4353/4364/1
f 4045/4362/1 4191/4368/1 4192/4366/1
f 4046/4369/1 4191/4368/1 4045/4362/1
f 4221/4356/1 4351/4370/1 4352/4367/1
f 4046/4369/1 4190/4371/1 4191/4368/1
f 4221/4356/1 4350/4372/1 4351/4370/1
f 4046/4369/1 4189/4373/1 4190/4371/1
f 4047/4374/1 4189/4373/1 4046/4369/1
f 4221/4356/1 4349/4375/1 4350/4372/1
f 4047/4374/1 4188/4376/1 4189/4373/1
f 4222/4377/1 4349/4375/1 4221/4356/1
f 4048/4378/1 4188/4376/1 4047/4374/1
f 4048/4378/1 4187/4379/1 4188/4376/1
f 4222/4377/1 4348/4380/1 4349/4375/1
f 4223/4381/1 4348/4380/1 4222/4377/1
f 4049/4382/1 4187/4379/1 4048/4378/1
f 4049/4382/1 4186/4383/1 4187/4379/1
f 4224/4384/1 4348/4380/1 4223/4381/1
f 4224/4384/1 4347/4385/1 4348/4380/1
f 4050/4386/1 4186/4383/1 4049/4382/1
f 4050/4386/1 4185/4387/1 4186/4383/1
f 4225/4388/1 4347/4385/1 4224/4384/1
f 4225/4388/1 4346/4389/1 4347/4385/1
f 4051/4390/1 4185/4387/1 4050/4386/1
f 4051/4390/1 4184/4391/1 4185/4387/1
f 4052/4392/1 4184/4391/1 4051/4390/1
f 4226/4393/1 4346/4389/1 4225/4388/1
f 4226/4393/1 4345/4394/1 4346/4389/1
f 4052/4392/1 4183/4395/1 4184/4391/1
f 4227/4396/1 4345/4394/1 4226/4393/1
f 4227/4396/1 4344/4397/1 4345/4394/1
f 4053/4398/1 4183/4395/1 4052/4392/1
f 4228/4399/1 4344/4397/1 4227/4396/1
f 4053/4398/1 4182/4400/1 4183/4395/1
f 4228/4399/1 4343/4401/1 4344/4397/1
f 4054/4402/1 4182/4400/1 4053/4398/1
f 4229/4403/1 4343/4401/1 4228/4399/1
f 4229/4403/1 4342/4404/1 4343/4401/1
f 4054/4402/1 4181/4405/1 4182/4400/1
f 4230/4406/1 4342/4404/1 4229/4403/1
f 4055/4407/1 4181/4405/1 4054/4402/1
f 4230/4406/1 4341/4408/1 4342/4404/1
f 4231/4409/1 4341/4408/1 4230/4406/1
f 4231/4409/1 4340/4410/1 4341/4408/1
f 4055/4407/1 4180/4411/1 4181/4405/1
f 4056/4412/1 4180/4411/1 4055/4407/1
f 4231/4409/1 4339/4413/1 4340/4410/1
f 4232/4414/1 4339/4413/1 4231/4409/1
f 4057/4415/1 4180/4411/1 4056/4412/1
f 4057/4415/1 4179/4416/1 4180/4411/1
f 4232/4414/1 4338/4417/1 4339/4413/1
f 4233/4418/1 4338/4417/1 4232/4414/1
f 4058/4419/1 4179/4416/1 4057/4415/1
f 4234/4420/1 4338/4417/1 4233/4418/1
f 4234/4420/1 4337/4421/1 4338/4417/1
f 4058/4419/1 4178/4422/1 4179/4416/1
f 4235/4423/1 4337/4421/1 4234/4420/1
f 4059/4424/1 4178/4422/1 4058/4419/1
f 4235/4423/1 4336/4425/1 4337/4421/1
f 4059/4424/1 4177/4426/1 4178/4422/1
f 4236/4427/1 4336/4425/1 4235/4423/1
f 4236/4427/1 4335/4428/1 4336/4425/1
f 4060/4429/1 4177/4426/1 4059/4424/1
f 4060/4429/1 4176/4430/1 4177/4426/1
f 4237/4431/1 4335/4428/1 4236/4427/1
f 4237/4431/1 4334/4432/1 4335/4428/1
f 4061/4433/1 4176/4430/1 4060/4429/1
f 4238/4434/1 4334/4432/1 4237/4431/1
f 4062/4435/1 4176/4430/1 4061/4433/1
f 4238/4434/1 4333/4436/1 4334/4432/1
f 4062/4435/1 4175/4437/1 4176/4430/1
f 4063/4438/1 4175/4437/1 4062/4435/1
f 4239/4439/1 4333/4436/1 4238/4434/1
f 4239/4439/1 4332/4440/1 4333/4436/1
f 4064/4441/1 4175/4437/1 4063/4438/1
f 4065/4442/1 4175/4437/1 4064/4441/1
f 4065/4442/1 4174/4443/1 4175/4437/1
f 4239/4439/1 4331/4444/1 4332/4440/1
f 4240/4445/1 4331/4444/1 4239/4439/1
f 4066/4446/1 4174/4443/1 4065/4442/1
f 4067/4447/1 4174/4443/1 4066/4446/1
f 4240/4445/1 4330/4448/1 4331/4444/1
f 4241/4449/1 4330/4448/1 4240/4445/1
f 4068/4450/1 4174/4443/1 4067/4447/1
f 4068/4450/1 4173/4451/1 4174/4443/1
f 4069/4452/1 4173/4451/1 4068/4450/1
f 4241/4449/1 4329/4453/1 4330/4448/1
f 4070/4454/1 4173/4451/1 4069/4452/1
f 4242/4455/1 4329/4453/1 4241/4449/1
f 4071/4456/1 4173/4451/1 4070/4454/1
f 4242/4455/1 4328/4457/1 4329/4453/1
f 4072/4458/1 4173/4451/1 4071/4456/1
f 4243/4459/1 4328/4457/1 4242/4455/1
f 4072/4458/1 4172/4460/1 4173/4451/1
f 4073/4461/1 4172/4460/1 4072/4458/1
f 4243/4459/1 4327/4462/1 4328/4457/1
f 4244/4463/1 4327/4462/1 4243/4459/1
f 4074/4464/1 4172/4460/1 4073/4461/1
f 4075/4465/1 4172/4460/1 4074/4464/1
f 4244/4463/1 4326/4466/1 4327/4462/1
f 4245/4467/1 4326/4466/1 4244/4463/1
f 4076/4468/1 4172/4460/1 4075/4465/1
f 4076/4468/1 4171/4469/1 4172/4460/1
f 4077/4470/1 4171/4469/1 4076/4468/1
f 4246/4471/1 4326/4466/1 4245/4467/1
f 4246/4471/1 4325/4472/1 4326/4466/1
f 4078/4473/1 4171/4469/1 4077/4470/1
f 4078/4473/1 4170/4474/1 4171/4469/1
f 4079/4475/1 4170/4474/1 4078/4473/1
f 4246/4471/1 4324/4476/1 4325/4472/1
f 4080/4477/1 4170/4474/1 4079/4475/1
f 4080/4477/1 4169/4478/1 4170/4474/1
f 4247/4479/1 4324/4476/1 4246/4471/1
f 4081/4480/1 4169/4478/1 4080/4477/1
f 4247/4479/1 4323/4481/1 4324/4476/1
f 4081/4480/1 4168/4482/1 4169/4478/1
f 4082/4483/1 4168/4482/1 4081/4480/1
f 4083/4484/1 4168/4482/1 4082/4483/1
f 4247/4479/1 4322/4485/1 4323/4481/1
f 4083/4484/1 4167/4486/1 4168/4482/1
f 4084/4487/1 4167/4486/1 4083/4484/1
f 4248/4488/1 4322/4485/1 4247/4479/1
f 4085/4489/1 4167/4486/1 4084/4487/1
f 4085/4489/1 4166/4490/1 4167/4486/1
f 4248/4488/1 4321/4491/1 4322/4485/1
f 4086/4492/1 4166/4490/1 4085/4489/1
f 4086/4492/1 4165/4493/1 4166/4490/1
f 4248/4488/1 4320/4494/1 4321/4491/1
f 4087/4495/1 4165/4493/1 4086/4492/1
f 4249/4496/1 4320/4494/1 4248/4488/1
f 4088/4497/1 4165/4493/1 4087/4495/1
f 4088/4497/1 4164/4498/1 4165/4493/1
f 4249/4496/1 4319/4499/1 4320/4494/1
f 4088/4497/1 4163/4500/1 4164/4498/1
f 4089/4501/1 4163/4500/1 4088/4497/1
f 4249/4496/1 4318/4502/1 4319/4499/1
f 4089/4501/1 4162/4503/1 4163/4500/1
f 4250/4504/1 4318/4502/1 4249/4496/1
f 4090/4505/1 4162/4503/1 4089/4501/1
f 4250/4504/1 4317/4506/1 4318/4502/1
f 4090/4505/1 4161/4507/1 4162/4503/1
f 4090/4505/1 4160/4508/1 4161/4507/1
f 4250/4504/1 4316/4509/1 4317/4506/1
f 4091/4510/1 4160/4508/1 4090/4505/1
f 4091/4510/1 4159/4511/1 4160/4508/1
f 4250/4504/1 4315/4512/1 4316/4509/1
f 4091/4510/1 4158/4513/1 4159/4511/1
f 4251/4514/1 4315/4512/1 4250/4504/1
f 4092/4515/1 4158/4513/1 4091/4510/1
f 4251/4514/1 4314/4516/1 4315/4512/1
f 4092/4515/1 4157/4517/1 4158/4513/1
f 4093/4518/1 4157/4517/1 4092/4515/1
f 4093/4518/1 4156/4519/1 4157/4517/1
f 4251/4514/1 4313/4520/1 4314/4516/1
f 4094/4521/1 4156/4519/1 4093/4518/1
f 4252/4522/1 4313/4520/1 4251/4514/1
f 4094/4521/1 4155/4523/1 4156/4519/1
f 4252/4522/1 4312/4524/1 4313/4520/1
f 4252/4522/1 4311/4525/1 4312/4524/1
f 4094/4521/1 4154/4526/1 4155/4523/1
f 4095/4527/1 4154/4526/1 4094/4521/1
f 4252/4522/1 4310/4528/1 4311/4525/1
f 4095/4527/1 4153/4529/1 4154/4526/1
f 4096/4530/1 4153/4529/1 4095/4527/1
f 4253/4531/1 4310/4528/1 4252/4522/1
f 4253/4531/1 4309/4532/1 4310/4528/1
f 4096/4530/1 4152/4533/1 4153/4529/1
f 4253/4531/1 4308/4534/1 4309/4532/1
f 4097/4535/1 4152/4533/1 4096/4530/1
f 4253/4531/1 4307/4536/1 4308/4534/1
f 4097/4535/1 4151/4537/1 4152/4533/1
f 4253/4531/1 4306/4538/1 4307/4536/1
f 4254/4539/1 4306/4538/1 4253/4531/1
f 4254/4539/1 4305/4540/1 4306/4538/1
f 4098/4541/1 4151/4537/1 4097/4535/1
f 4098/4541/1 4150/4542/1 4151/4537/1
f 4254/4539/1 4304/4543/1 4305/4540/1
f 4099/4544/1 4150/4542/1 4098/4541/1
f 4099/4544/1 4149/4545/1 4150/4542/1
f 4255/4546/1 4304/4543/1 4254/4539/1
f 4099/4544/1 4148/4547/1 4149/4545/1
f 4255/4546/1 4303/4548/1 4304/4543/1
f 4100/4549/1 4148/4547/1 4099/4544/1
f 4100/4549/1 4147/4550/1 4148/4547/1
f 4256/4551/1 4303/4548/1 4255/4546/1
f 4256/4551/1 4302/4552/1 4303/4548/1
f 4100/4549/1 4146/4553/1 4147/4550/1
f 4101/4554/1 4146/4553/1 4100/4549/1
f 4256/4551/1 4301/4555/1 4302/4552/1
f 4257/4556/1 4301/4555/1 4256/4551/1
f 4101/4554/1 4145/4557/1 4146/4553/1
f 4102/4558/1 4145/4557/1 4101/4554/1
f 4257/4556/1 4300/4559/1 4301/4555/1
f 4102/4558/1 4144/4560/1 4145/4557/1
f 4258/4561/1 4300/4559/1 4257/4556/1
f 4102/4558/1 4143/4562/1 4144/4560/1
f 4258/4561/1 4299/4563/1 4300/4559/1
f 4103/4564/1 4143/4562/1 4102/4558/1
f 4259/4565/1 4299/4563/1 4258/4561/1
f 4103/4564/1 4142/4566/1 4143/4562/1
f 4259/4565/1 4298/4567/1 4299/4563/1
f 4260/4568/1 4298/4567/1 4259/4565/1
f 4104/4569/1 4142/4566/1 4103/4564/1
f 4104/4569/1 4141/4570/1 4142/4566/1
f 4261/4571/1 4298/4567/1 4260/4568/1
f 4261/4571/1 4297/4572/1 4298/4567/1
f 4104/4569/1 4140/4573/1 4141/4570/1
f 4105/4574/1 4140/4573/1 4104/4569/1
f 4262/4575/1 4297/4572/1 4261/4571/1
f 4262/4575/1 4296/4576/1 4297/4572/1
f 4105/4574/1 4139/4577/1 4140/4573/1
f 4263/4578/1 4296/4576/1 4262/4575/1
f 4106/4579/1 4139/4577/1 4105/4574/1
f 4263/4578/1 4295/4580/1 4296/4576/1
f 4106/4579/1 4138/4581/1 4139/4577/1
f 4264/4582/1 4295/4580/1 4263/4578/1
f 4107/4583/1 4138/4581/1 4106/4579/1
f 4264/4582/1 4294/4584/1 4295/4580/1
f 4107/4583/1 4137/4585/1 4138/4581/1
f 4265/4586/1 4294/4584/1 4264/4582/1
f 4107/4583/1 4136/4587/1 4137/4585/1
f 4265/4586/1 4293/4588/1 4294/4584/1
f 4108/4589/1 4136/4587/1 4107/4583/1
f 4266/4590/1 4293/4588/1 4265/4586/1
f 4108/4589/1 4135/4591/1 4136/4587/1
f 4109/4592/1 4135/4591/1 4108/4589/1
f 4267/4593/1 4293/4588/1 4266/4590/1
f 4110/4594/1 4135/4591/1 4109/4592/1
f 4268/4595/1 4293/4588/1 4267/4593/1
f 4111/4596/1 4135/4591/1 4110/4594/1
f 4269/4597/1 4293/4588/1 4268/4595/1
f 4112/4598/1 4135/4591/1 4111/4596/1
f 4270/4599/1 4293/4588/1 4269/4597/1
f 4113/4600/1 4135/4591/1 4112/4598/1
f 4271/4601/1 4293/4588/1 4270/4599/1
f 4114/4602/1 4135/4591/1 4113/4600/1
f 4272/4603/1 4293/4588/1 4271/4601/1
f 4115/4604/1 4135/4591/1 4114/4602/1
f 4273/4605/1 4293/4588/1 4272/4603/1
f 4116/4606/1 4135/4591/1 4115/4604/1
f 4274/4607/1 4293/4588/1 4273/4605/1
f 4117/4608/1 4135/4591/1 4116/4606/1
f 4275/4609/1 4293/4588/1 4274/4607/1
f 4118/4610/1 4135/4591/1 4117/4608/1
f 4276/4611/1 4293/4588/1 4275/4609/1
f 4119/4612/1 4135/4591/1 4118/4610/1
f 4277/4613/1 4293/4588/1 4276/4611/1
f 4120/4614/1 4135/4591/1 4119/4612/1
f 4278/4615/1 4293/4588/1 4277/4613/1
f 4121/4616/1 4135/4591/1 4120/4614/1
f 4279/4617/1 4293/4588/1 4278/4615/1
f 4122/4618/1 4135/4591/1 4121/4616/1
f 4280/4619/1 4293/4588/1 4279/4617/1
f 4123/4620/1 4135/4591/1 4122/4618/1
f 4281/4621/1 4293/4588/1 4280/4619/1
f 4124/4622/1 4135/4591/1 4123/4620/1
f 4125/4623/1 4135/4591/1 4124/4622/1
f 4126/4624/1 4135/4591/1 4125/4623/1
f 4127/4625/1 4135/4591/1 4126/4624/1
f 4128/4626/1 4135/4591/1 4127/4625/1
f 4129/4627/1 4135/4591/1 4128/4626/1
f 4130/4628/1 4135/4591/1 4129/4627/1
f 4131/4629/2 4135/4591/2 4130/4628/2
f 4132/4630/1 4135/4591/1 4131/4629/1
f 4133/4631/2 4135/4591/2 4132/4630/2
f 4134/4632/1 4135/4591/1 4133/4631/1
f 4282/4633/1 4293/4588/1 4281/4621/1
f 4283/4634/1 4293/4588/1 4282/4633/1
f 4284/4635/1 4293/4588/1 4283/4634/1
f 4285/4636/1 4293/4588/1 4284/4635/1
f 4286/4637/1 4293/4588/1 4285/4636/1
f 4287/4638/1 4293/4588/1 4286/4637/1
f 4288/4639/1 4293/4588/1 4287/4638/1
f 4289/4640/1 4293/4588/1 4288/4639/1
f 4290/4641/2 4293/4588/2 4289/4640/2
f 4291/4642/1 4293/4588/1 4290/4641/1
f 4292/4643/1 4293/4588/1 4291/4642/1
f 4967/4644/1 4981/4645/1 4982/4646/1
f 4967/4644/1 4980/4647/1 4981/4645/1
f 4967/4644/1 4979/4648/1 4980/4647/1
f 4968/4649/1 4979/4648/1 4967/4644/1
f 4968/4649/1 4978/4650/1 4979/4648/1
f 4969/4651/2 4978/4650/2 4968/4649/2
f 4970/4652/1 4978/4650/1 4969/4651/1
f 4971/4653/1 4976/4654/1 4970/4652/1
f 4976/4654/1 4978/4650/1 4970/4652/1
f 4971/4653/1 4975/4655/1 4976/4654/1
f 4977/4656/1 4978/4650/1 4976/4654/1
f 4972/4657/1 4975/4655/1 4971/4653/1
f 4972/4657/1 4974/4658/1 4975/4655/1
f 4973/4659/1 4974/4658/1 4972/4657/1
f 5025/4660/1 5023/4661/1 5024/4662/1
f 5025/4660/1 5022/4663/1 5023/4661/1
f 5026/4664/1 5022/4663/1 5025/4660/1
f 5027/4665/1 5022/4663/1 5026/4664/1
f 5028/4666/1 5022/4663/1 5027/4665/1
f 5029/4667/1 5022/4663/1 5028/4666/1
f 5030/4668/1 5022/4663/1 5029/4667/1
f 5031/4669/1 5022/4663/1 5030/4668/1
f 5032/4670/1 5022/4663/1 5031/4669/1
f 5033/4671/1 5022/4663/1 5032/4670/1
f 5034/4672/1 5022/4663/1 5033/4671/1
f 5035/4673/1 5022/4663/1 5034/4672/1
f 4983/4674/1 5022/4663/1 5035/4673/1
f 4984/4675/1 5022/4663/1 4983/4674/1
f 4985/4676/1 5022/4663/1 4984/4675/1
f 4986/4677/1 5022/4663/1 4985/4676/1
f 4987/4678/1 5022/4663/1 4986/4677/1
f 4988/4679/1 5022/4663/1 4987/4678/1
f 4988/4679/1 5021/4680/1 5022/4663/1
f 4989/4681/1 5021/4680/1 4988/4679/1
f 4990/4682/1 5021/4680/1 4989/4681/1
f 4991/4683/1 5019/4684/1 4990/4682/1
f 5019/4684/1 5020/4685/1 4990/4682/1
f 5020/4685/1 5021/4680/1 4990/4682/1
f 4991/4683/1 5018/4686/1 5019/4684/1
f 4992/4687/1 5018/4686/1 4991/4683/1
f 4992/4687/1 5017/4688/1 5018/4686/1
f 4993/4689/1 5017/4688/1 4992/4687/1
f 4994/4690/1 5017/4688/1 4993/4689/1
f 4994/4690/1 5016/4691/1 5017/4688/1
f 4994/4690/1 5015/4692/1 5016/4691/1
f 4994/4690/1 5014/4693/1 5015/4692/1
f 4995/4694/1 5014/4693/1 4994/4690/1
f 4995/4694/1 5013/4695/1 5014/4693/1
f 4996/4696/1 5013/4695/1 4995/4694/1
f 4997/4697/1 5013/4695/1 4996/4696/1
f 4998/4698/1 5013/4695/1 4997/4697/1
f 4999/4699/1 5011/4700/1 4998/4698/1
f 5011/4700/1 5012/4701/1 4998/4698/1
f 5012/4701/1 5013/4695/1 4998/4698/1
f 4999/4699/1 5010/4702/1 5011/4700/1
f 5000/4703/1 5010/4702/1 4999/4699/1
f 5001/4704/1 5010/4702/1 5000/4703/1
f 5002/4705/1 5010/4702/1 5001/4704/1
f 5002/4705/1 5009/4706/1 5010/4702/1
f 5003/4707/1 5009/4706/1 5002/4705/1
f 5004/4708/1 5009/4706/1 5003/4707/1
f 5005/4709/1 5009/4706/1 5004/4708/1
f 5006/4710/1 5009/4706/1 5005/4709/1
f 5007/4711/1 5009/4706/1 5006/4710/1
f 5008/4712/1 5009/4706/1 5007/4711/1
f 5036/4713/1 5046/4714/1 5047/4715/1
f 5036/4713/1 5045/4716/1 5046/4714/1
f 5036/4713/1 5044/4717/1 5045/4716/1
f 5036/4713/1 5043/4718/1 5044/4717/1
f 5037/4719/1 5043/4718/1 5036/4713/1
f 5037/4719/1 5042/4720/1 5043/4718/1
f 5037/4719/1 5041/4721/1 5042/4720/1
f 5037/4719/1 5040/4722/1 5041/4721/1
f 5037/4719/1 5039/4723/1 5040/4722/1
f 5038/4724/1 5039/4723/1 5037/4719/1
f 1/4725/1 247/4726/1 248/4727/1
f 1/4725/1 246/4728/1 247/4726/1
f 1/4725/1 245/4729/1 246/4728/1
f 1/4725/1 244/4730/1 245/4729/1
f 1/4725/1 243/4731/1 244/4730/1
f 1/4725/1 242/4732/1 243/4731/1
f 1/4725/1 241/4733/1 242/4732/1
f 1/4725/1 240/4734/1 241/4733/1
f 1/4725/1 239/4735/1 240/4734/1
f 1/4725/1 238/4736/1 239/4735/1
f 1/4725/1 237/4737/1 238/4736/1
f 1/4725/1 236/4738/1 237/4737/1
f 1/4725/1 235/4739/1 236/4738/1
f 1/4725/1 234/4740/1 235/4739/1
f 1/4725/1 233/4741/1 234/4740/1
f 1/4725/1 232/4742/1 233/4741/1
f 1/4725/1 231/4743/1 232/4742/1
f 1/4725/1 230/4744/1 231/4743/1
f 1/4725/1 229/4745/1 230/4744/1
f 1/4725/1 228/4746/1 229/4745/1
f 1/4725/1 227/4747/1 228/4746/1
f 1/4725/1 226/4748/1 227/4747/1
f 1/4725/1 311/4749/1 226/4748/1
f 311/4749/1 225/4750/1 226/4748/1
f 311/4749/1 224/4751/1 225/4750/1
f 311/4749/1 223/4752/1 224/4751/1
f 311/4749/1 222/4753/1 223/4752/1
f 311/4749/1 221/4754/1 222/4753/1
f 311/4749/1 220/4755/1 221/4754/1
f 311/4749/1 219/4756/1 220/4755/1
f 311/4749/1 218/4757/1 219/4756/1
f 311/4749/1 217/4758/1 218/4757/1
f 311/4749/1 216/4759/1 217/4758/1
f 311/4749/1 215/4760/1 216/4759/1
f 311/4749/1 214/4761/1 215/4760/1
f 311/4749/1 213/4762/1 214/4761/1
f 311/4749/1 212/4763/1 213/4762/1
f 311/4749/1 211/4764/1 212/4763/1
f 311/4749/1 210/4765/1 211/4764/1
f 311/4749/1 209/4766/1 210/4765/1
f 311/4749/1 208/4767/1 209/4766/1
f 311/4749/1 207/4768/1 208/4767/1
f 311/4749/1 206/4769/1 207/4768/1
f 311/4749/1 205/4770/1 206/4769/1
f 311/4749/1 204/4771/1 205/4770/1
f 311/4749/1 203/4772/1 204/4771/1
f 311/4749/1 202/4773/1 203/4772/1
f 311/4749/1 201/4774/1 202/4773/1
f 311/4749/1 200/4775/1 201/4774/1
f 311/4749/1 199/4776/1 200/4775/1
f 311/4749/1 198/4777/1 199/4776/1
f 311/4749/1 197/4778/1 198/4777/1
f 311/4749/1 196/4779/1 197/4778/1
f 311/4749/1 195/4780/1 196/4779/1
f 311/4749/1 194/4781/1 195/4780/1
f 311/4749/1 312/4782/1 194/4781/1
f 312/4782/1 193/4783/1 194/4781/1
f 1/4725/1 310/4784/1 311/4749/1
f 313/4785/1 193/4783/1 312/4782/1
f 314/4786/1 193/4783/1 313/4785/1
f 315/4787/1 193/4783/1 314/4786/1
f 316/4788/1 193/4783/1 315/4787/1
f 317/4789/1 193/4783/1 316/4788/1
f 318/4790/1 193/4783/1 317/4789/1
f 319/4791/1 193/4783/1 318/4790/1
f 320/4792/1 193/4783/1 319/4791/1
f 321/4793/1 193/4783/1 320/4792/1
f 322/4794/1 193/4783/1 321/4793/1
f 323/4795/1 193/4783/1 322/4794/1
f 249/4796/1 193/4783/1 323/4795/1
f 250/4797/1 193/4783/1 249/4796/1
f 251/4798/1 193/4783/1 250/4797/1
f 251/4798/1 192/4799/1 193/4783/1
f 252/4800/1 192/4799/1 251/4798/1
f 253/4801/1 192/4799/1 252/4800/1
f 254/4802/1 192/4799/1 253/4801/1
f 255/4803/1 192/4799/1 254/4802/1
f 256/4804/1 192/4799/1 255/4803/1
f 256/4804/1 191/4805/1 192/4799/1
f 257/4806/1 191/4805/1 256/4804/1
f 258/4807/1 191/4805/1 257/4806/1
f 258/4807/1 190/4808/1 191/4805/1
f 259/4809/1 190/4808/1 258/4807/1
f 260/4810/1 190/4808/1 259/4809/1
f 260/4810/1 189/4811/1 190/4808/1
f 261/4812/1 189/4811/1 260/4810/1
f 262/4813/1 189/4811/1 261/4812/1
f 263/4814/1 189/4811/1 262/4813/1
f 264/4815/1 189/4811/1 263/4814/1
f 264/4815/1 188/4816/1 189/4811/1
f 265/4817/1 188/4816/1 264/4815/1
f 266/4818/1 188/4816/1 265/4817/1
f 267/4819/1 188/4816/1 266/4818/1
f 268/4820/1 188/4816/1 267/4819/1
f 268/4820/1 187/4821/1 188/4816/1
f 269/4822/1 187/4821/1 268/4820/1
f 269/4822/1 186/4823/1 187/4821/1
f 270/4824/1 186/4823/1 269/4822/1
f 270/4824/1 185/4825/1 186/4823/1
f 271/4826/1 185/4825/1 270/4824/1
f 271/4826/1 184/4827/1 185/4825/1
f 272/4828/1 184/4827/1 271/4826/1
f 272/4828/1 183/4829/1 184/4827/1
f 272/4828/1 182/4830/1 183/4829/1
f 273/4831/1 182/4830/1 272/4828/1
f 273/4831/1 181/4832/1 182/4830/1
f 273/4831/1 180/4833/1 181/4832/1
f 274/4834/1 180/4833/1 273/4831/1
f 1/4725/1 309/4835/1 310/4784/1
f 274/4834/1 179/4836/1 180/4833/1
f 274/4834/1 178/4837/1 179/4836/1
f 275/4838/1 178/4837/1 274/4834/1
f 275/4838/1 177/4839/1 178/4837/1
f 275/4838/1 176/4840/1 177/4839/1
f 276/4841/1 176/4840/1 275/4838/1
f 276/4841/1 175/4842/1 176/4840/1
f 277/4843/1 175/4842/1 276/4841/1
f 278/4844/1 175/4842/1 277/4843/1
f 278/4844/1 174/4845/1 175/4842/1
f 279/4846/1 174/4845/1 278/4844/1
f 280/4847/1 174/4845/1 279/4846/1
f 281/4848/1 174/4845/1 280/4847/1
f 281/4848/1 173/4849/1 174/4845/1
f 282/4850/1 173/4849/1 281/4848/1
f 283/4851/1 173/4849/1 282/4850/1
f 284/4852/1 173/4849/1 283/4851/1
f 285/4853/1 173/4849/1 284/4852/1
f 285/4853/1 172/4854/1 173/4849/1
f 286/4855/1 172/4854/1 285/4853/1
f 287/4856/1 172/4854/1 286/4855/1
f 288/4857/1 172/4854/1 287/4856/1
f 289/4858/1 172/4854/1 288/4857/1
f 290/4859/1 172/4854/1 289/4858/1
f 290/4859/1 171/4860/1 172/4854/1
f 291/4861/1 171/4860/1 290/4859/1
f 292/4862/1 171/4860/1 291/4861/1
f 293/4863/1 171/4860/1 292/4862/1
f 294/4864/1 171/4860/1 293/4863/1
f 295/4865/1 171/4860/1 294/4864/1
f 296/4866/1 171/4860/1 295/4865/1
f 297/4867/1 171/4860/1 296/4866/1
f 298/4868/1 171/4860/1 297/4867/1
f 299/4869/1 171/4860/1 298/4868/1
f 300/4870/1 171/4860/1 299/4869/1
f 301/4871/1 171/4860/1 300/4870/1
f 302/4872/1 171/4860/1 301/4871/1
f 303/4873/1 171/4860/1 302/4872/1
f 304/4874/1 171/4860/1 303/4873/1
f 305/4875/1 171/4860/1 304/4874/1
f 306/4876/1 171/4860/1 305/4875/1
f 307/4877/1 171/4860/1 306/4876/1
f 308/4878/1 171/4860/1 307/4877/1
f 309/4835/1 171/4860/1 308/4878/1
f 1/4725/1 171/4860/1 309/4835/1
f 1/4725/1 170/4879/1 171/4860/1
f 1/4725/1 169/4880/1 170/4879/1
f 1/4725/1 168/4881/1 169/4880/1
f 1/4725/1 167/4882/1 168/4881/1
f 1/4725/1 166/4883/1 167/4882/1
f 1/4725/1 165/4884/1 166/4883/1
f 1/4725/1 164/4885/1 165/4884/1
f 1/4725/1 163/4886/1 164/4885/1
f 1/4725/1 162/4887/1 163/4886/1
f 1/4725/1 161/4888/1 162/4887/1
f 1/4725/1 160/4889/1 161/4888/1
f 1/4725/1 159/4890/1 160/4889/1
f 1/4725/1 158/4891/1 159/4890/1
f 1/4725/1 157/4892/1 158/4891/1
f 1/4725/1 156/4893/1 157/4892/1
f 1/4725/1 155/4894/1 156/4893/1
f 1/4725/1 154/4895/1 155/4894/1
f 1/4725/1 153/4896/1 154/4895/1
f 1/4725/1 152/4897/1 153/4896/1
f 1/4725/1 151/4898/1 152/4897/1
f 1/4725/1 150/4899/1 151/4898/1
f 1/4725/1 149/4900/1 150/4899/1
f 1/4725/1 148/4901/1 149/4900/1
f 1/4725/1 147/4902/1 148/4901/1
f 1/4725/1 146/4903/1 147/4902/1
f 1/4725/1 145/4904/1 146/4903/1
f 1/4725/1 144/4905/1 145/4904/1
f 1/4725/1 143/4906/1 144/4905/1
f 1/4725/1 142/4907/1 143/4906/1
f 1/4725/1 141/4908/1 142/4907/1
f 1/4725/1 140/4909/1 141/4908/1
f 1/4725/1 139/4910/1 140/4909/1
f 1/4725/1 138/4911/1 139/4910/1
f 1/4725/1 137/4912/1 138/4911/1
f 1/4725/1 136/4913/1 137/4912/1
f 1/4725/1 135/4914/1 136/4913/1
f 1/4725/1 134/4915/1 135/4914/1
f 1/4725/1 133/4916/1 134/4915/1
f 1/4725/1 132/4917/1 133/4916/1
f 1/4725/1 131/4918/1 132/4917/1
f 1/4725/1 130/4919/1 131/4918/1
f 1/4725/1 129/4920/1 130/4919/1
f 1/4725/1 128/4921/1 129/4920/1
f 1/4725/1 127/4922/1 128/4921/1
f 1/4725/1 126/4923/1 127/4922/1
f 1/4725/1 125/4924/1 126/4923/1
f 1/4725/1 124/4925/1 125/4924/1
f 2/4926/1 6/4927/1 1/4725/1
f 6/4927/1 124/4925/1 1/4725/1
f 6/4927/1 123/4928/1 124/4925/1
f 6/4927/1 122/4929/1 123/4928/1
f 6/4927/1 121/4930/1 122/4929/1
f 6/4927/1 120/4931/1 121/4930/1
f 6/4927/1 119/4932/1 120/4931/1
f 6/4927/1 118/4933/1 119/4932/1
f 6/4927/1 117/4934/1 118/4933/1
f 6/4927/1 116/4935/1 117/4934/1
f 6/4927/1 115/4936/1 116/4935/1
f 6/4927/1 114/4937/1 115/4936/1
f 6/4927/1 113/4938/1 114/4937/1
f 6/4927/1 112/4939/1 113/4938/1
f 6/4927/1 111/4940/1 112/4939/1
f 6/4927/1 110/4941/1 111/4940/1
f 2/4926/1 5/4942/1 6/4927/1
f 7/4943/1 110/4941/1 6/4927/1
f 8/4944/1 110/4941/1 7/4943/1
f 9/4945/1 110/4941/1 8/4944/1
f 10/4946/1 110/4941/1 9/4945/1
f 11/4947/1 110/4941/1 10/4946/1
f 12/4948/1 110/4941/1 11/4947/1
f 13/4949/1 110/4941/1 12/4948/1
f 14/4950/1 110/4941/1 13/4949/1
f 15/4951/1 110/4941/1 14/4950/1
f 16/4952/1 110/4941/1 15/4951/1
f 17/4953/1 110/4941/1 16/4952/1
f 18/4954/1 110/4941/1 17/4953/1
f 19/4955/1 110/4941/1 18/4954/1
f 19/4955/1 109/4956/1 110/4941/1
f 20/4957/1 109/4956/1 19/4955/1
f 21/4958/1 109/4956/1 20/4957/1
f 22/4959/1 109/4956/1 21/4958/1
f 23/4960/1 109/4956/1 22/4959/1
f 24/4961/1 109/4956/1 23/4960/1
f 25/4962/1 109/4956/1 24/4961/1
f 25/4962/1 108/4963/1 109/4956/1
f 26/4964/1 108/4963/1 25/4962/1
f 27/4965/1 108/4963/1 26/4964/1
f 28/4966/1 108/4963/1 27/4965/1
f 29/4967/1 108/4963/1 28/4966/1
f 30/4968/1 108/4963/1 29/4967/1
f 30/4968/1 107/4969/1 108/4963/1
f 31/4970/1 107/4969/1 30/4968/1
f 32/4971/1 107/4969/1 31/4970/1
f 33/4972/1 107/4969/1 32/4971/1
f 33/4972/1 106/4973/1 107/4969/1
f 34/4974/1 106/4973/1 33/4972/1
f 35/4975/1 106/4973/1 34/4974/1
f 36/4976/1 106/4973/1 35/4975/1
f 36/4976/1 105/4977/1 106/4973/1
f 37/4978/1 105/4977/1 36/4976/1
f 38/4979/1 105/4977/1 37/4978/1
f 38/4979/1 104/4980/1 105/4977/1
f 39/4981/1 104/4980/1 38/4979/1
f 39/4981/1 103/4982/1 104/4980/1
f 40/4983/1 103/4982/1 39/4981/1
f 41/4984/1 103/4982/1 40/4983/1
f 41/4984/1 102/4985/1 103/4982/1
f 42/4986/1 102/4985/1 41/4984/1
f 43/4987/1 102/4985/1 42/4986/1
f 43/4987/1 101/4988/1 102/4985/1
f 44/4989/1 101/4988/1 43/4987/1
f 45/4990/1 101/4988/1 44/4989/1
f 46/4991/1 101/4988/1 45/4990/1
f 46/4991/1 100/4992/1 101/4988/1
f 47/4993/1 100/4992/1 46/4991/1
f 48/4994/1 100/4992/1 47/4993/1
f 48/4994/1 99/4995/1 100/4992/1
f 49/4996/1 99/4995/1 48/4994/1
f 49/4996/1 98/4997/1 99/4995/1
f 50/4998/1 98/4997/1 49/4996/1
f 50/4998/1 97/4999/1 98/4997/1
f 51/5000/1 97/4999/1 50/4998/1
f 51/5000/1 96/5001/1 97/4999/1
f 52/5002/1 96/5001/1 51/5000/1
f 52/5002/1 95/5003/1 96/5001/1
f 53/5004/1 95/5003/1 52/5002/1
f 53/5004/1 94/5005/1 95/5003/1
f 54/5006/1 94/5005/1 53/5004/1
f 54/5006/1 93/5007/1 94/5005/1
f 55/5008/1 93/5007/1 54/5006/1
f 2/4926/1 4/5009/1 5/4942/1
f 55/5008/1 92/5010/1 93/5007/1
f 56/5011/1 92/5010/1 55/5008/1
f 57/5012/1 92/5010/1 56/5011/1
f 58/5013/1 92/5010/1 57/5012/1
f 59/5014/1 92/5010/1 58/5013/1
f 59/5014/1 91/5015/1 92/5010/1
f 60/5016/1 91/5015/1 59/5014/1
f 60/5016/1 90/5017/1 91/5015/1
f 61/5018/1 90/5017/1 60/5016/1
f 61/5018/1 89/5019/1 90/5017/1
f 62/5020/1 89/5019/1 61/5018/1
f 62/5020/1 88/5021/1 89/5019/1
f 63/5022/1 88/5021/1 62/5020/1
f 63/5022/1 87/5023/1 88/5021/1
f 64/5024/1 87/5023/1 63/5022/1
f 64/5024/1 86/5025/1 87/5023/1
f 64/5024/1 85/5026/1 86/5025/1
f 65/5027/1 85/5026/1 64/5024/1
f 65/5027/1 84/5028/1 85/5026/1
f 66/5029/1 84/5028/1 65/5027/1
f 66/5029/1 83/5030/1 84/5028/1
f 66/5029/1 82/5031/1 83/5030/1
f 66/5029/1 81/5032/1 82/5031/1
f 67/5033/1 81/5032/1 66/5029/1
f 67/5033/1 80/5034/1 81/5032/1
f 67/5033/1 79/5035/1 80/5034/1
f 67/5033/1 78/5036/1 79/5035/1
f 67/5033/1 77/5037/1 78/5036/1
f 67/5033/1 76/5038/1 77/5037/1
f 67/5033/1 75/5039/1 76/5038/1
f 67/5033/1 74/5040/1 75/5039/1
f 67/5033/1 73/5041/1 74/5040/1
f 67/5033/1 72/5042/1 73/5041/1
f 67/5033/1 71/5043/1 72/5042/1
f 67/5033/1 70/5044/1 71/5043/1
f 67/5033/1 69/5045/1 70/5044/1
f 67/5033/1 68/5046/1 69/5045/1
f 3/5047/1 4/5009/1 2/4926/1
o Curve.012
v 0.538764 0.000000 0.061539
v 0.538764 0.000000 0.113923
v 0.552392 0.000000 0.113923
v 0.566020 0.000000 0.113923
v 0.566020 0.000000 0.090382
v 0.566020 0.000000 0.066852
v 0.567613 0.000000 0.066927
v 0.567975 0.000000 0.066948
v 0.568294 0.000000 0.066969
v 0.568579 0.000000 0.066991
v 0.568836 0.000000 0.067016
v 0.569074 0.000000 0.067044
v 0.569301 0.000000 0.067078
v 0.569523 0.000000 0.067118
v 0.569750 0.000000 0.067166
v 0.569988 0.000000 0.067223
v 0.570245 0.000000 0.067290
v 0.570529 0.000000 0.067369
v 0.570849 0.000000 0.067462
v 0.571058 0.000000 0.067531
v 0.571269 0.000000 0.067614
v 0.571478 0.000000 0.067710
v 0.571684 0.000000 0.067815
v 0.571885 0.000000 0.067930
v 0.572078 0.000000 0.068053
v 0.572261 0.000000 0.068182
v 0.572432 0.000000 0.068315
v 0.572588 0.000000 0.068452
v 0.572729 0.000000 0.068591
v 0.572851 0.000000 0.068730
v 0.572952 0.000000 0.068868
v 0.573055 0.000000 0.069034
v 0.573152 0.000000 0.069216
v 0.573244 0.000000 0.069417
v 0.573332 0.000000 0.069638
v 0.573416 0.000000 0.069883
v 0.573496 0.000000 0.070153
v 0.573575 0.000000 0.070450
v 0.573651 0.000000 0.070777
v 0.573726 0.000000 0.071136
v 0.573800 0.000000 0.071529
v 0.573873 0.000000 0.071958
v 0.573948 0.000000 0.072427
v 0.573991 0.000000 0.072764
v 0.574028 0.000000 0.073193
v 0.574060 0.000000 0.073766
v 0.574087 0.000000 0.074534
v 0.574109 0.000000 0.075548
v 0.574128 0.000000 0.076859
v 0.574144 0.000000 0.078520
v 0.574157 0.000000 0.080581
v 0.574168 0.000000 0.083093
v 0.574178 0.000000 0.086109
v 0.574187 0.000000 0.089678
v 0.574197 0.000000 0.093853
v 0.574197 0.000000 0.094248
v 0.574200 0.000000 0.095340
v 0.574204 0.000000 0.096989
v 0.574209 0.000000 0.099057
v 0.574215 0.000000 0.101403
v 0.574221 0.000000 0.103888
v 0.574228 0.000000 0.106374
v 0.574233 0.000000 0.108720
v 0.574238 0.000000 0.110788
v 0.574243 0.000000 0.112437
v 0.574245 0.000000 0.113529
v 0.574246 0.000000 0.113923
v 0.586841 0.000000 0.113923
v 0.588547 0.000000 0.113922
v 0.590187 0.000000 0.113920
v 0.591747 0.000000 0.113915
v 0.593210 0.000000 0.113909
v 0.594562 0.000000 0.113901
v 0.595786 0.000000 0.113892
v 0.596868 0.000000 0.113882
v 0.597792 0.000000 0.113872
v 0.598543 0.000000 0.113860
v 0.599104 0.000000 0.113849
v 0.599461 0.000000 0.113836
v 0.599598 0.000000 0.113824
v 0.599627 0.000000 0.113738
v 0.599652 0.000000 0.113507
v 0.599673 0.000000 0.113111
v 0.599690 0.000000 0.112524
v 0.599703 0.000000 0.111726
v 0.599713 0.000000 0.110693
v 0.599719 0.000000 0.109403
v 0.599721 0.000000 0.107832
v 0.599720 0.000000 0.105959
v 0.599716 0.000000 0.103760
v 0.599708 0.000000 0.101213
v 0.599697 0.000000 0.098295
v 0.599679 0.000000 0.093666
v 0.599656 0.000000 0.089590
v 0.599627 0.000000 0.086028
v 0.599589 0.000000 0.082942
v 0.599542 0.000000 0.080293
v 0.599486 0.000000 0.078043
v 0.599418 0.000000 0.076154
v 0.599337 0.000000 0.074587
v 0.599242 0.000000 0.073303
v 0.599133 0.000000 0.072265
v 0.599007 0.000000 0.071434
v 0.598863 0.000000 0.070772
v 0.598719 0.000000 0.070281
v 0.598526 0.000000 0.069752
v 0.598289 0.000000 0.069195
v 0.598013 0.000000 0.068618
v 0.597703 0.000000 0.068029
v 0.597365 0.000000 0.067437
v 0.597004 0.000000 0.066850
v 0.596623 0.000000 0.066277
v 0.596229 0.000000 0.065725
v 0.595827 0.000000 0.065205
v 0.595422 0.000000 0.064723
v 0.595018 0.000000 0.064289
v 0.594624 0.000000 0.063910
v 0.594203 0.000000 0.063544
v 0.593751 0.000000 0.063191
v 0.593269 0.000000 0.062849
v 0.592753 0.000000 0.062517
v 0.592204 0.000000 0.062195
v 0.591619 0.000000 0.061882
v 0.590997 0.000000 0.061577
v 0.590336 0.000000 0.061279
v 0.589636 0.000000 0.060988
v 0.588895 0.000000 0.060701
v 0.588111 0.000000 0.060419
v 0.587852 0.000000 0.060333
v 0.587593 0.000000 0.060248
v 0.587336 0.000000 0.060165
v 0.587083 0.000000 0.060085
v 0.586835 0.000000 0.060008
v 0.586594 0.000000 0.059936
v 0.586361 0.000000 0.059867
v 0.586139 0.000000 0.059804
v 0.585928 0.000000 0.059746
v 0.585731 0.000000 0.059694
v 0.585550 0.000000 0.059649
v 0.585385 0.000000 0.059610
v 0.585256 0.000000 0.059579
v 0.585168 0.000000 0.059546
v 0.585121 0.000000 0.059512
v 0.585115 0.000000 0.059476
v 0.585152 0.000000 0.059439
v 0.585231 0.000000 0.059400
v 0.585353 0.000000 0.059360
v 0.585518 0.000000 0.059317
v 0.585726 0.000000 0.059273
v 0.585979 0.000000 0.059226
v 0.586276 0.000000 0.059177
v 0.586617 0.000000 0.059125
v 0.587227 0.000000 0.059031
v 0.587813 0.000000 0.058928
v 0.588377 0.000000 0.058817
v 0.588922 0.000000 0.058696
v 0.589449 0.000000 0.058564
v 0.589962 0.000000 0.058422
v 0.590461 0.000000 0.058269
v 0.590950 0.000000 0.058103
v 0.591430 0.000000 0.057925
v 0.591904 0.000000 0.057733
v 0.592373 0.000000 0.057528
v 0.592840 0.000000 0.057309
v 0.593908 0.000000 0.056718
v 0.594862 0.000000 0.056045
v 0.595710 0.000000 0.055274
v 0.596456 0.000000 0.054392
v 0.597107 0.000000 0.053383
v 0.597670 0.000000 0.052233
v 0.598150 0.000000 0.050929
v 0.598554 0.000000 0.049454
v 0.598887 0.000000 0.047795
v 0.599155 0.000000 0.045938
v 0.599365 0.000000 0.043867
v 0.599523 0.000000 0.041568
v 0.599563 0.000000 0.040815
v 0.599596 0.000000 0.040143
v 0.599621 0.000000 0.039536
v 0.599639 0.000000 0.038980
v 0.599650 0.000000 0.038459
v 0.599654 0.000000 0.037957
v 0.599650 0.000000 0.037458
v 0.599639 0.000000 0.036948
v 0.599621 0.000000 0.036410
v 0.599596 0.000000 0.035829
v 0.599563 0.000000 0.035190
v 0.599523 0.000000 0.034476
v 0.599420 0.000000 0.032924
v 0.599296 0.000000 0.031466
v 0.599150 0.000000 0.030096
v 0.598980 0.000000 0.028806
v 0.598785 0.000000 0.027590
v 0.598563 0.000000 0.026441
v 0.598313 0.000000 0.025351
v 0.598033 0.000000 0.024314
v 0.597722 0.000000 0.023323
v 0.597378 0.000000 0.022370
v 0.597000 0.000000 0.021449
v 0.596586 0.000000 0.020552
v 0.596355 0.000000 0.020094
v 0.596116 0.000000 0.019649
v 0.595868 0.000000 0.019216
v 0.595608 0.000000 0.018794
v 0.595336 0.000000 0.018380
v 0.595051 0.000000 0.017972
v 0.594749 0.000000 0.017569
v 0.594432 0.000000 0.017168
v 0.594096 0.000000 0.016768
v 0.593740 0.000000 0.016366
v 0.593363 0.000000 0.015961
v 0.592964 0.000000 0.015550
v 0.592193 0.000000 0.014809
v 0.591418 0.000000 0.014134
v 0.590633 0.000000 0.013521
v 0.589832 0.000000 0.012966
v 0.589006 0.000000 0.012468
v 0.588151 0.000000 0.012023
v 0.587259 0.000000 0.011627
v 0.586323 0.000000 0.011278
v 0.585337 0.000000 0.010973
v 0.584294 0.000000 0.010708
v 0.583188 0.000000 0.010480
v 0.582012 0.000000 0.010287
v 0.580519 0.000000 0.010082
v 0.578952 0.000000 0.009901
v 0.577278 0.000000 0.009743
v 0.575462 0.000000 0.009606
v 0.573471 0.000000 0.009491
v 0.571270 0.000000 0.009394
v 0.568825 0.000000 0.009316
v 0.566102 0.000000 0.009255
v 0.563067 0.000000 0.009209
v 0.559685 0.000000 0.009178
v 0.555923 0.000000 0.009160
v 0.551745 0.000000 0.009155
v 0.551489 0.000000 0.009155
v 0.550783 0.000000 0.009155
v 0.549717 0.000000 0.009155
v 0.548380 0.000000 0.009155
v 0.546862 0.000000 0.009155
v 0.545255 0.000000 0.009155
v 0.543647 0.000000 0.009155
v 0.542130 0.000000 0.009155
v 0.540793 0.000000 0.009155
v 0.539726 0.000000 0.009155
v 0.539020 0.000000 0.009155
v 0.538764 0.000000 0.009155
v 0.568808 0.000000 0.027384
v 0.569627 0.000000 0.027527
v 0.570357 0.000000 0.027702
v 0.571005 0.000000 0.027911
v 0.571576 0.000000 0.028161
v 0.572075 0.000000 0.028458
v 0.572509 0.000000 0.028805
v 0.572882 0.000000 0.029209
v 0.573200 0.000000 0.029675
v 0.573468 0.000000 0.030208
v 0.573693 0.000000 0.030813
v 0.573880 0.000000 0.031495
v 0.574035 0.000000 0.032261
v 0.574073 0.000000 0.032489
v 0.574106 0.000000 0.032743
v 0.574134 0.000000 0.033031
v 0.574158 0.000000 0.033362
v 0.574178 0.000000 0.033744
v 0.574195 0.000000 0.034185
v 0.574208 0.000000 0.034694
v 0.574218 0.000000 0.035279
v 0.574226 0.000000 0.035948
v 0.574230 0.000000 0.036710
v 0.574233 0.000000 0.037573
v 0.574234 0.000000 0.038545
v 0.574230 0.000000 0.040028
v 0.574216 0.000000 0.041338
v 0.574192 0.000000 0.042490
v 0.574156 0.000000 0.043500
v 0.574107 0.000000 0.044380
v 0.574042 0.000000 0.045147
v 0.573962 0.000000 0.045815
v 0.573863 0.000000 0.046398
v 0.573745 0.000000 0.046910
v 0.573607 0.000000 0.047368
v 0.573447 0.000000 0.047785
v 0.573263 0.000000 0.048176
v 0.573060 0.000000 0.048512
v 0.572813 0.000000 0.048820
v 0.572519 0.000000 0.049100
v 0.572177 0.000000 0.049351
v 0.571787 0.000000 0.049575
v 0.571348 0.000000 0.049773
v 0.570858 0.000000 0.049944
v 0.570317 0.000000 0.050090
v 0.569723 0.000000 0.050210
v 0.569075 0.000000 0.050307
v 0.568372 0.000000 0.050379
v 0.567613 0.000000 0.050428
v 0.567582 0.000000 0.050429
v 0.567495 0.000000 0.050433
v 0.567364 0.000000 0.050439
v 0.567200 0.000000 0.050447
v 0.567014 0.000000 0.050456
v 0.566816 0.000000 0.050465
v 0.566619 0.000000 0.050474
v 0.566433 0.000000 0.050483
v 0.566269 0.000000 0.050491
v 0.566138 0.000000 0.050497
v 0.566051 0.000000 0.050501
v 0.566020 0.000000 0.050502
v 0.566020 0.000000 0.038856
v 0.566020 0.000000 0.027197
v 0.566804 0.000000 0.027197
v 0.566919 0.000000 0.027199
v 0.567053 0.000000 0.027204
v 0.567201 0.000000 0.027212
v 0.567362 0.000000 0.027223
v 0.567533 0.000000 0.027237
v 0.567712 0.000000 0.027253
v 0.567897 0.000000 0.027271
v 0.568083 0.000000 0.027291
v 0.568271 0.000000 0.027312
v 0.568455 0.000000 0.027335
v 0.568635 0.000000 0.027359
v 0.168462 0.000000 0.132837
v 0.167941 0.000000 0.132960
v 0.167447 0.000000 0.133094
v 0.166979 0.000000 0.133240
v 0.166534 0.000000 0.133398
v 0.166110 0.000000 0.133570
v 0.165707 0.000000 0.133756
v 0.165321 0.000000 0.133957
v 0.164951 0.000000 0.134175
v 0.164596 0.000000 0.134410
v 0.164253 0.000000 0.134662
v 0.163920 0.000000 0.134934
v 0.163596 0.000000 0.135226
v 0.163250 0.000000 0.135564
v 0.162929 0.000000 0.135914
v 0.162632 0.000000 0.136276
v 0.162359 0.000000 0.136649
v 0.162109 0.000000 0.137033
v 0.161884 0.000000 0.137430
v 0.161683 0.000000 0.137837
v 0.161506 0.000000 0.138257
v 0.161352 0.000000 0.138688
v 0.161222 0.000000 0.139132
v 0.161115 0.000000 0.139587
v 0.161032 0.000000 0.140053
v 0.161010 0.000000 0.140258
v 0.160989 0.000000 0.140574
v 0.160969 0.000000 0.141000
v 0.160950 0.000000 0.141530
v 0.160931 0.000000 0.142160
v 0.160914 0.000000 0.142886
v 0.160897 0.000000 0.143703
v 0.160882 0.000000 0.144608
v 0.160867 0.000000 0.145595
v 0.160854 0.000000 0.146661
v 0.160843 0.000000 0.147802
v 0.160833 0.000000 0.149012
v 0.160822 0.000000 0.150590
v 0.160814 0.000000 0.151974
v 0.160810 0.000000 0.153183
v 0.160810 0.000000 0.154235
v 0.160814 0.000000 0.155147
v 0.160822 0.000000 0.155938
v 0.160834 0.000000 0.156626
v 0.160851 0.000000 0.157228
v 0.160873 0.000000 0.157763
v 0.160900 0.000000 0.158248
v 0.160932 0.000000 0.158701
v 0.160970 0.000000 0.159141
v 0.161047 0.000000 0.159888
v 0.161130 0.000000 0.160568
v 0.161221 0.000000 0.161185
v 0.161321 0.000000 0.161747
v 0.161434 0.000000 0.162260
v 0.161559 0.000000 0.162730
v 0.161700 0.000000 0.163164
v 0.161858 0.000000 0.163569
v 0.162036 0.000000 0.163949
v 0.162234 0.000000 0.164313
v 0.162454 0.000000 0.164665
v 0.162700 0.000000 0.165014
v 0.163156 0.000000 0.165557
v 0.163689 0.000000 0.166059
v 0.164293 0.000000 0.166517
v 0.164963 0.000000 0.166930
v 0.165693 0.000000 0.167297
v 0.166478 0.000000 0.167614
v 0.167314 0.000000 0.167881
v 0.168194 0.000000 0.168095
v 0.169114 0.000000 0.168254
v 0.170068 0.000000 0.168357
v 0.171051 0.000000 0.168402
v 0.172059 0.000000 0.168386
v 0.172773 0.000000 0.168338
v 0.173454 0.000000 0.168264
v 0.174105 0.000000 0.168162
v 0.174729 0.000000 0.168031
v 0.175329 0.000000 0.167871
v 0.175906 0.000000 0.167680
v 0.176464 0.000000 0.167457
v 0.177005 0.000000 0.167201
v 0.177531 0.000000 0.166912
v 0.178047 0.000000 0.166589
v 0.178553 0.000000 0.166230
v 0.179053 0.000000 0.165835
v 0.179205 0.000000 0.165702
v 0.179363 0.000000 0.165553
v 0.179523 0.000000 0.165390
v 0.179685 0.000000 0.165216
v 0.179846 0.000000 0.165032
v 0.180005 0.000000 0.164841
v 0.180160 0.000000 0.164645
v 0.180309 0.000000 0.164447
v 0.180450 0.000000 0.164248
v 0.180581 0.000000 0.164051
v 0.180701 0.000000 0.163857
v 0.180808 0.000000 0.163670
v 0.180969 0.000000 0.163351
v 0.181116 0.000000 0.162992
v 0.181250 0.000000 0.162588
v 0.181371 0.000000 0.162138
v 0.181480 0.000000 0.161639
v 0.181576 0.000000 0.161088
v 0.181661 0.000000 0.160484
v 0.181733 0.000000 0.159823
v 0.181795 0.000000 0.159103
v 0.181845 0.000000 0.158322
v 0.181886 0.000000 0.157477
v 0.181915 0.000000 0.156565
v 0.181917 0.000000 0.156512
v 0.181921 0.000000 0.156365
v 0.181927 0.000000 0.156143
v 0.181935 0.000000 0.155865
v 0.181944 0.000000 0.155549
v 0.181953 0.000000 0.155215
v 0.181962 0.000000 0.154881
v 0.181971 0.000000 0.154565
v 0.181978 0.000000 0.154287
v 0.181985 0.000000 0.154065
v 0.181989 0.000000 0.153918
v 0.181990 0.000000 0.153865
v 0.177485 0.000000 0.153865
v 0.172992 0.000000 0.153865
v 0.172992 0.000000 0.156938
v 0.172987 0.000000 0.157732
v 0.172977 0.000000 0.158448
v 0.172962 0.000000 0.159090
v 0.172942 0.000000 0.159661
v 0.172916 0.000000 0.160166
v 0.172885 0.000000 0.160607
v 0.172846 0.000000 0.160990
v 0.172801 0.000000 0.161316
v 0.172749 0.000000 0.161591
v 0.172689 0.000000 0.161817
v 0.172621 0.000000 0.161999
v 0.172544 0.000000 0.162139
v 0.172463 0.000000 0.162246
v 0.172365 0.000000 0.162342
v 0.172252 0.000000 0.162426
v 0.172125 0.000000 0.162499
v 0.171987 0.000000 0.162559
v 0.171839 0.000000 0.162606
v 0.171684 0.000000 0.162640
v 0.171523 0.000000 0.162659
v 0.171359 0.000000 0.162664
v 0.171193 0.000000 0.162654
v 0.171027 0.000000 0.162629
v 0.170864 0.000000 0.162587
v 0.170764 0.000000 0.162556
v 0.170675 0.000000 0.162524
v 0.170596 0.000000 0.162488
v 0.170525 0.000000 0.162450
v 0.170462 0.000000 0.162406
v 0.170403 0.000000 0.162356
v 0.170349 0.000000 0.162298
v 0.170298 0.000000 0.162232
v 0.170248 0.000000 0.162155
v 0.170198 0.000000 0.162068
v 0.170146 0.000000 0.161967
v 0.170092 0.000000 0.161853
v 0.170087 0.000000 0.161842
v 0.170072 0.000000 0.161810
v 0.170049 0.000000 0.161762
v 0.170021 0.000000 0.161702
v 0.169989 0.000000 0.161633
v 0.169955 0.000000 0.161561
v 0.169921 0.000000 0.161488
v 0.169889 0.000000 0.161420
v 0.169861 0.000000 0.161360
v 0.169839 0.000000 0.161312
v 0.169824 0.000000 0.161280
v 0.169818 0.000000 0.161268
v 0.169818 0.000000 0.150505
v 0.169818 0.000000 0.139742
v 0.170092 0.000000 0.139158
v 0.170146 0.000000 0.139044
v 0.170198 0.000000 0.138943
v 0.170248 0.000000 0.138856
v 0.170297 0.000000 0.138779
v 0.170348 0.000000 0.138713
v 0.170402 0.000000 0.138655
v 0.170459 0.000000 0.138605
v 0.170522 0.000000 0.138561
v 0.170591 0.000000 0.138522
v 0.170668 0.000000 0.138487
v 0.170754 0.000000 0.138455
v 0.170851 0.000000 0.138423
v 0.171010 0.000000 0.138383
v 0.171168 0.000000 0.138356
v 0.171325 0.000000 0.138341
v 0.171479 0.000000 0.138338
v 0.171629 0.000000 0.138348
v 0.171774 0.000000 0.138369
v 0.171913 0.000000 0.138402
v 0.172045 0.000000 0.138446
v 0.172169 0.000000 0.138502
v 0.172284 0.000000 0.138569
v 0.172389 0.000000 0.138646
v 0.172482 0.000000 0.138734
v 0.172578 0.000000 0.138859
v 0.172662 0.000000 0.139016
v 0.172735 0.000000 0.139214
v 0.172797 0.000000 0.139463
v 0.172848 0.000000 0.139772
v 0.172891 0.000000 0.140151
v 0.172925 0.000000 0.140610
v 0.172951 0.000000 0.141158
v 0.172970 0.000000 0.141805
v 0.172983 0.000000 0.142560
v 0.172990 0.000000 0.143433
v 0.172992 0.000000 0.144433
v 0.172992 0.000000 0.144509
v 0.172992 0.000000 0.144717
v 0.172992 0.000000 0.145032
v 0.172992 0.000000 0.145427
v 0.172992 0.000000 0.145875
v 0.172992 0.000000 0.146349
v 0.172992 0.000000 0.146824
v 0.172992 0.000000 0.147272
v 0.172992 0.000000 0.147667
v 0.172992 0.000000 0.147982
v 0.172992 0.000000 0.148190
v 0.172992 0.000000 0.148266
v 0.177485 0.000000 0.148266
v 0.181978 0.000000 0.148266
v 0.181915 0.000000 0.144807
v 0.181898 0.000000 0.143950
v 0.181875 0.000000 0.143174
v 0.181847 0.000000 0.142470
v 0.181812 0.000000 0.141832
v 0.181770 0.000000 0.141251
v 0.181721 0.000000 0.140721
v 0.181663 0.000000 0.140233
v 0.181596 0.000000 0.139781
v 0.181518 0.000000 0.139356
v 0.181430 0.000000 0.138952
v 0.181330 0.000000 0.138560
v 0.181218 0.000000 0.138175
v 0.180991 0.000000 0.137565
v 0.180701 0.000000 0.136983
v 0.180351 0.000000 0.136429
v 0.179941 0.000000 0.135904
v 0.179474 0.000000 0.135410
v 0.178952 0.000000 0.134949
v 0.178375 0.000000 0.134521
v 0.177746 0.000000 0.134128
v 0.177065 0.000000 0.133772
v 0.176336 0.000000 0.133454
v 0.175558 0.000000 0.133175
v 0.174734 0.000000 0.132936
v 0.174336 0.000000 0.132850
v 0.173870 0.000000 0.132777
v 0.173352 0.000000 0.132718
v 0.172793 0.000000 0.132673
v 0.172207 0.000000 0.132642
v 0.171607 0.000000 0.132625
v 0.171007 0.000000 0.132623
v 0.170420 0.000000 0.132636
v 0.169858 0.000000 0.132663
v 0.169336 0.000000 0.132706
v 0.168866 0.000000 0.132763
v 0.051586 0.000000 0.132675
v 0.051301 0.000000 0.132724
v 0.051007 0.000000 0.132783
v 0.050707 0.000000 0.132852
v 0.050401 0.000000 0.132929
v 0.050093 0.000000 0.133015
v 0.049785 0.000000 0.133109
v 0.049478 0.000000 0.133209
v 0.049175 0.000000 0.133316
v 0.048877 0.000000 0.133429
v 0.048587 0.000000 0.133547
v 0.048308 0.000000 0.133669
v 0.048040 0.000000 0.133795
v 0.047806 0.000000 0.133909
v 0.047594 0.000000 0.134018
v 0.047400 0.000000 0.134124
v 0.047220 0.000000 0.134229
v 0.047052 0.000000 0.134337
v 0.046890 0.000000 0.134450
v 0.046731 0.000000 0.134570
v 0.046573 0.000000 0.134700
v 0.046410 0.000000 0.134843
v 0.046240 0.000000 0.135001
v 0.046058 0.000000 0.135178
v 0.045862 0.000000 0.135375
v 0.045583 0.000000 0.135662
v 0.045327 0.000000 0.135948
v 0.045091 0.000000 0.136233
v 0.044874 0.000000 0.136520
v 0.044675 0.000000 0.136811
v 0.044493 0.000000 0.137108
v 0.044326 0.000000 0.137412
v 0.044174 0.000000 0.137726
v 0.044034 0.000000 0.138052
v 0.043907 0.000000 0.138392
v 0.043791 0.000000 0.138747
v 0.043684 0.000000 0.139120
v 0.043541 0.000000 0.140017
v 0.043424 0.000000 0.141459
v 0.043334 0.000000 0.143338
v 0.043269 0.000000 0.145543
v 0.043230 0.000000 0.147967
v 0.043217 0.000000 0.150501
v 0.043230 0.000000 0.153034
v 0.043269 0.000000 0.155459
v 0.043334 0.000000 0.157666
v 0.043424 0.000000 0.159546
v 0.043541 0.000000 0.160991
v 0.043684 0.000000 0.161891
v 0.043897 0.000000 0.162573
v 0.044164 0.000000 0.163227
v 0.044481 0.000000 0.163850
v 0.044847 0.000000 0.164440
v 0.045262 0.000000 0.164995
v 0.045722 0.000000 0.165515
v 0.046226 0.000000 0.165996
v 0.046772 0.000000 0.166438
v 0.047359 0.000000 0.166839
v 0.047985 0.000000 0.167197
v 0.048648 0.000000 0.167510
v 0.049346 0.000000 0.167776
v 0.050045 0.000000 0.167985
v 0.050780 0.000000 0.168152
v 0.051542 0.000000 0.168276
v 0.052325 0.000000 0.168359
v 0.053120 0.000000 0.168401
v 0.053920 0.000000 0.168401
v 0.054717 0.000000 0.168361
v 0.055503 0.000000 0.168279
v 0.056270 0.000000 0.168157
v 0.057011 0.000000 0.167995
v 0.057717 0.000000 0.167794
v 0.058382 0.000000 0.167552
v 0.058667 0.000000 0.167435
v 0.058934 0.000000 0.167318
v 0.059185 0.000000 0.167201
v 0.059422 0.000000 0.167081
v 0.059646 0.000000 0.166958
v 0.059861 0.000000 0.166830
v 0.060069 0.000000 0.166696
v 0.060271 0.000000 0.166555
v 0.060470 0.000000 0.166404
v 0.060668 0.000000 0.166243
v 0.060867 0.000000 0.166071
v 0.061070 0.000000 0.165885
v 0.061393 0.000000 0.165569
v 0.061697 0.000000 0.165239
v 0.061981 0.000000 0.164894
v 0.062244 0.000000 0.164536
v 0.062487 0.000000 0.164165
v 0.062710 0.000000 0.163782
v 0.062910 0.000000 0.163387
v 0.063090 0.000000 0.162982
v 0.063247 0.000000 0.162567
v 0.063382 0.000000 0.162143
v 0.063495 0.000000 0.161710
v 0.063584 0.000000 0.161268
v 0.063703 0.000000 0.160276
v 0.063800 0.000000 0.158828
v 0.063874 0.000000 0.157016
v 0.063925 0.000000 0.154934
v 0.063955 0.000000 0.152671
v 0.063962 0.000000 0.150322
v 0.063947 0.000000 0.147977
v 0.063910 0.000000 0.145729
v 0.063852 0.000000 0.143669
v 0.063771 0.000000 0.141890
v 0.063670 0.000000 0.140485
v 0.063547 0.000000 0.139543
v 0.063402 0.000000 0.138921
v 0.063210 0.000000 0.138319
v 0.062974 0.000000 0.137738
v 0.062694 0.000000 0.137181
v 0.062372 0.000000 0.136649
v 0.062010 0.000000 0.136143
v 0.061607 0.000000 0.135666
v 0.061167 0.000000 0.135220
v 0.060690 0.000000 0.134805
v 0.060178 0.000000 0.134424
v 0.059632 0.000000 0.134078
v 0.059054 0.000000 0.133770
v 0.058643 0.000000 0.133576
v 0.058249 0.000000 0.133404
v 0.057863 0.000000 0.133254
v 0.057482 0.000000 0.133123
v 0.057100 0.000000 0.133011
v 0.056709 0.000000 0.132916
v 0.056306 0.000000 0.132838
v 0.055883 0.000000 0.132774
v 0.055436 0.000000 0.132725
v 0.054959 0.000000 0.132689
v 0.054445 0.000000 0.132664
v 0.053889 0.000000 0.132650
v 0.053625 0.000000 0.132644
v 0.053366 0.000000 0.132641
v 0.053113 0.000000 0.132638
v 0.052869 0.000000 0.132637
v 0.052637 0.000000 0.132637
v 0.052420 0.000000 0.132639
v 0.052221 0.000000 0.132642
v 0.052042 0.000000 0.132646
v 0.051887 0.000000 0.132652
v 0.051757 0.000000 0.132658
v 0.051656 0.000000 0.132666
v 0.054399 0.000000 0.138660
v 0.054483 0.000000 0.138737
v 0.054554 0.000000 0.138808
v 0.054615 0.000000 0.138879
v 0.054666 0.000000 0.138952
v 0.054709 0.000000 0.139031
v 0.054744 0.000000 0.139122
v 0.054775 0.000000 0.139227
v 0.054800 0.000000 0.139351
v 0.054823 0.000000 0.139498
v 0.054843 0.000000 0.139672
v 0.054864 0.000000 0.139876
v 0.054885 0.000000 0.140116
v 0.054913 0.000000 0.140785
v 0.054937 0.000000 0.141963
v 0.054956 0.000000 0.143549
v 0.054971 0.000000 0.145447
v 0.054980 0.000000 0.147556
v 0.054984 0.000000 0.149779
v 0.054983 0.000000 0.152017
v 0.054977 0.000000 0.154171
v 0.054965 0.000000 0.156142
v 0.054948 0.000000 0.157832
v 0.054925 0.000000 0.159142
v 0.054897 0.000000 0.159974
v 0.054880 0.000000 0.160222
v 0.054862 0.000000 0.160464
v 0.054842 0.000000 0.160698
v 0.054821 0.000000 0.160922
v 0.054800 0.000000 0.161134
v 0.054777 0.000000 0.161331
v 0.054755 0.000000 0.161510
v 0.054732 0.000000 0.161669
v 0.054710 0.000000 0.161805
v 0.054688 0.000000 0.161916
v 0.054667 0.000000 0.161999
v 0.054648 0.000000 0.162052
v 0.054599 0.000000 0.162130
v 0.054535 0.000000 0.162208
v 0.054457 0.000000 0.162285
v 0.054369 0.000000 0.162358
v 0.054271 0.000000 0.162428
v 0.054167 0.000000 0.162493
v 0.054059 0.000000 0.162551
v 0.053948 0.000000 0.162601
v 0.053838 0.000000 0.162642
v 0.053729 0.000000 0.162673
v 0.053625 0.000000 0.162693
v 0.053528 0.000000 0.162699
v 0.053417 0.000000 0.162694
v 0.053307 0.000000 0.162677
v 0.053199 0.000000 0.162649
v 0.053095 0.000000 0.162611
v 0.052993 0.000000 0.162563
v 0.052896 0.000000 0.162505
v 0.052804 0.000000 0.162437
v 0.052717 0.000000 0.162360
v 0.052635 0.000000 0.162274
v 0.052561 0.000000 0.162179
v 0.052493 0.000000 0.162076
v 0.052433 0.000000 0.161965
v 0.052384 0.000000 0.161849
v 0.052343 0.000000 0.161689
v 0.052308 0.000000 0.161453
v 0.052281 0.000000 0.161109
v 0.052258 0.000000 0.160624
v 0.052241 0.000000 0.159967
v 0.052229 0.000000 0.159103
v 0.052220 0.000000 0.158002
v 0.052214 0.000000 0.156630
v 0.052211 0.000000 0.154956
v 0.052209 0.000000 0.152945
v 0.052209 0.000000 0.150568
v 0.052209 0.000000 0.148104
v 0.052210 0.000000 0.146038
v 0.052213 0.000000 0.144333
v 0.052218 0.000000 0.142952
v 0.052227 0.000000 0.141857
v 0.052240 0.000000 0.141013
v 0.052258 0.000000 0.140382
v 0.052282 0.000000 0.139926
v 0.052314 0.000000 0.139609
v 0.052353 0.000000 0.139394
v 0.052400 0.000000 0.139243
v 0.052458 0.000000 0.139120
v 0.052575 0.000000 0.138919
v 0.052706 0.000000 0.138747
v 0.052850 0.000000 0.138602
v 0.053005 0.000000 0.138487
v 0.053169 0.000000 0.138400
v 0.053340 0.000000 0.138344
v 0.053515 0.000000 0.138318
v 0.053694 0.000000 0.138323
v 0.053874 0.000000 0.138359
v 0.054052 0.000000 0.138427
v 0.054228 0.000000 0.138527
v 0.074175 0.000000 0.132849
v 0.073496 0.000000 0.133020
v 0.072831 0.000000 0.133239
v 0.072184 0.000000 0.133503
v 0.071559 0.000000 0.133808
v 0.070960 0.000000 0.134153
v 0.070392 0.000000 0.134533
v 0.069857 0.000000 0.134947
v 0.069361 0.000000 0.135390
v 0.068907 0.000000 0.135860
v 0.068500 0.000000 0.136355
v 0.068143 0.000000 0.136870
v 0.067840 0.000000 0.137403
v 0.067658 0.000000 0.137800
v 0.067503 0.000000 0.138227
v 0.067371 0.000000 0.138715
v 0.067263 0.000000 0.139293
v 0.067174 0.000000 0.139993
v 0.067104 0.000000 0.140844
v 0.067051 0.000000 0.141876
v 0.067011 0.000000 0.143119
v 0.066984 0.000000 0.144605
v 0.066968 0.000000 0.146363
v 0.066959 0.000000 0.148423
v 0.066957 0.000000 0.150816
v 0.066958 0.000000 0.152836
v 0.066962 0.000000 0.154581
v 0.066970 0.000000 0.156075
v 0.066983 0.000000 0.157344
v 0.067002 0.000000 0.158411
v 0.067028 0.000000 0.159301
v 0.067062 0.000000 0.160038
v 0.067104 0.000000 0.160647
v 0.067156 0.000000 0.161152
v 0.067219 0.000000 0.161578
v 0.067293 0.000000 0.161949
v 0.067380 0.000000 0.162289
v 0.067657 0.000000 0.163116
v 0.068023 0.000000 0.163902
v 0.068471 0.000000 0.164641
v 0.068996 0.000000 0.165329
v 0.069590 0.000000 0.165961
v 0.070248 0.000000 0.166532
v 0.070964 0.000000 0.167036
v 0.071729 0.000000 0.167469
v 0.072539 0.000000 0.167825
v 0.073387 0.000000 0.168100
v 0.074266 0.000000 0.168289
v 0.075171 0.000000 0.168386
v 0.075693 0.000000 0.168401
v 0.076198 0.000000 0.168385
v 0.076684 0.000000 0.168337
v 0.077152 0.000000 0.168257
v 0.077603 0.000000 0.168146
v 0.078036 0.000000 0.168003
v 0.078452 0.000000 0.167829
v 0.078852 0.000000 0.167623
v 0.079234 0.000000 0.167385
v 0.079601 0.000000 0.167116
v 0.079951 0.000000 0.166815
v 0.080286 0.000000 0.166482
v 0.080363 0.000000 0.166397
v 0.080440 0.000000 0.166311
v 0.080515 0.000000 0.166225
v 0.080588 0.000000 0.166141
v 0.080658 0.000000 0.166058
v 0.080723 0.000000 0.165978
v 0.080783 0.000000 0.165903
v 0.080838 0.000000 0.165832
v 0.080886 0.000000 0.165768
v 0.080927 0.000000 0.165711
v 0.080959 0.000000 0.165663
v 0.080983 0.000000 0.165623
v 0.081004 0.000000 0.165591
v 0.081026 0.000000 0.165560
v 0.081047 0.000000 0.165533
v 0.081068 0.000000 0.165509
v 0.081088 0.000000 0.165488
v 0.081107 0.000000 0.165471
v 0.081125 0.000000 0.165457
v 0.081142 0.000000 0.165447
v 0.081158 0.000000 0.165441
v 0.081172 0.000000 0.165440
v 0.081184 0.000000 0.165442
v 0.081194 0.000000 0.165449
v 0.081207 0.000000 0.165468
v 0.081226 0.000000 0.165505
v 0.081250 0.000000 0.165558
v 0.081280 0.000000 0.165626
v 0.081313 0.000000 0.165709
v 0.081351 0.000000 0.165804
v 0.081393 0.000000 0.165910
v 0.081437 0.000000 0.166027
v 0.081483 0.000000 0.166153
v 0.081531 0.000000 0.166286
v 0.081580 0.000000 0.166425
v 0.081630 0.000000 0.166569
v 0.081637 0.000000 0.166590
v 0.081657 0.000000 0.166647
v 0.081686 0.000000 0.166732
v 0.081723 0.000000 0.166840
v 0.081766 0.000000 0.166962
v 0.081810 0.000000 0.167092
v 0.081855 0.000000 0.167221
v 0.081897 0.000000 0.167343
v 0.081934 0.000000 0.167451
v 0.081964 0.000000 0.167537
v 0.081984 0.000000 0.167594
v 0.081991 0.000000 0.167614
v 0.084803 0.000000 0.167652
v 0.087616 0.000000 0.167677
v 0.087616 0.000000 0.158469
v 0.087616 0.000000 0.149261
v 0.082389 0.000000 0.149261
v 0.077162 0.000000 0.149261
v 0.077162 0.000000 0.151874
v 0.077162 0.000000 0.154475
v 0.078070 0.000000 0.154512
v 0.078966 0.000000 0.154549
v 0.079004 0.000000 0.156665
v 0.079012 0.000000 0.157342
v 0.079010 0.000000 0.157986
v 0.079000 0.000000 0.158592
v 0.078981 0.000000 0.159161
v 0.078953 0.000000 0.159687
v 0.078917 0.000000 0.160170
v 0.078872 0.000000 0.160607
v 0.078819 0.000000 0.160996
v 0.078759 0.000000 0.161333
v 0.078690 0.000000 0.161617
v 0.078614 0.000000 0.161845
v 0.078531 0.000000 0.162015
v 0.078463 0.000000 0.162112
v 0.078385 0.000000 0.162204
v 0.078298 0.000000 0.162290
v 0.078202 0.000000 0.162369
v 0.078099 0.000000 0.162442
v 0.077990 0.000000 0.162507
v 0.077875 0.000000 0.162563
v 0.077757 0.000000 0.162610
v 0.077635 0.000000 0.162648
v 0.077511 0.000000 0.162676
v 0.077386 0.000000 0.162694
v 0.077261 0.000000 0.162699
v 0.077138 0.000000 0.162692
v 0.077017 0.000000 0.162670
v 0.076900 0.000000 0.162634
v 0.076786 0.000000 0.162584
v 0.076677 0.000000 0.162520
v 0.076572 0.000000 0.162444
v 0.076473 0.000000 0.162356
v 0.076380 0.000000 0.162255
v 0.076294 0.000000 0.162143
v 0.076214 0.000000 0.162020
v 0.076143 0.000000 0.161886
v 0.076079 0.000000 0.161741
v 0.076030 0.000000 0.161594
v 0.075989 0.000000 0.161410
v 0.075955 0.000000 0.161158
v 0.075927 0.000000 0.160803
v 0.075905 0.000000 0.160315
v 0.075888 0.000000 0.159659
v 0.075875 0.000000 0.158803
v 0.075866 0.000000 0.157714
v 0.075860 0.000000 0.156361
v 0.075857 0.000000 0.154709
v 0.075855 0.000000 0.152727
v 0.075855 0.000000 0.150381
v 0.075856 0.000000 0.148114
v 0.075858 0.000000 0.146183
v 0.075862 0.000000 0.144561
v 0.075868 0.000000 0.143219
v 0.075878 0.000000 0.142128
v 0.075891 0.000000 0.141260
v 0.075908 0.000000 0.140588
v 0.075929 0.000000 0.140082
v 0.075955 0.000000 0.139714
v 0.075986 0.000000 0.139457
v 0.076023 0.000000 0.139280
v 0.076067 0.000000 0.139158
v 0.076141 0.000000 0.139007
v 0.076223 0.000000 0.138871
v 0.076310 0.000000 0.138751
v 0.076405 0.000000 0.138646
v 0.076507 0.000000 0.138557
v 0.076616 0.000000 0.138482
v 0.076732 0.000000 0.138423
v 0.076857 0.000000 0.138379
v 0.076989 0.000000 0.138349
v 0.077129 0.000000 0.138334
v 0.077278 0.000000 0.138334
v 0.077436 0.000000 0.138349
v 0.077681 0.000000 0.138392
v 0.077892 0.000000 0.138462
v 0.078070 0.000000 0.138570
v 0.078219 0.000000 0.138727
v 0.078342 0.000000 0.138944
v 0.078442 0.000000 0.139232
v 0.078522 0.000000 0.139604
v 0.078585 0.000000 0.140070
v 0.078635 0.000000 0.140641
v 0.078673 0.000000 0.141329
v 0.078704 0.000000 0.142146
v 0.078730 0.000000 0.143102
v 0.078731 0.000000 0.143158
v 0.078735 0.000000 0.143314
v 0.078740 0.000000 0.143549
v 0.078746 0.000000 0.143844
v 0.078753 0.000000 0.144178
v 0.078761 0.000000 0.144533
v 0.078769 0.000000 0.144887
v 0.078776 0.000000 0.145222
v 0.078783 0.000000 0.145517
v 0.078788 0.000000 0.145752
v 0.078791 0.000000 0.145907
v 0.078792 0.000000 0.145964
v 0.083223 0.000000 0.146001
v 0.087653 0.000000 0.146026
v 0.087579 0.000000 0.143388
v 0.087538 0.000000 0.142224
v 0.087468 0.000000 0.141177
v 0.087365 0.000000 0.140236
v 0.087227 0.000000 0.139390
v 0.087047 0.000000 0.138630
v 0.086824 0.000000 0.137944
v 0.086553 0.000000 0.137323
v 0.086230 0.000000 0.136756
v 0.085851 0.000000 0.136232
v 0.085413 0.000000 0.135740
v 0.084912 0.000000 0.135272
v 0.084343 0.000000 0.134815
v 0.083840 0.000000 0.134454
v 0.083338 0.000000 0.134131
v 0.082832 0.000000 0.133843
v 0.082317 0.000000 0.133590
v 0.081788 0.000000 0.133369
v 0.081242 0.000000 0.133180
v 0.080675 0.000000 0.133022
v 0.080080 0.000000 0.132892
v 0.079455 0.000000 0.132791
v 0.078794 0.000000 0.132715
v 0.078093 0.000000 0.132664
v 0.077349 0.000000 0.132637
v 0.076957 0.000000 0.132630
v 0.076607 0.000000 0.132625
v 0.076293 0.000000 0.132625
v 0.076009 0.000000 0.132629
v 0.075749 0.000000 0.132637
v 0.075510 0.000000 0.132650
v 0.075284 0.000000 0.132668
v 0.075067 0.000000 0.132692
v 0.074853 0.000000 0.132721
v 0.074637 0.000000 0.132757
v 0.074412 0.000000 0.132800
v 0.099315 0.000000 0.132662
v 0.099054 0.000000 0.132713
v 0.098795 0.000000 0.132767
v 0.098539 0.000000 0.132822
v 0.098288 0.000000 0.132879
v 0.098043 0.000000 0.132937
v 0.097806 0.000000 0.132997
v 0.097577 0.000000 0.133057
v 0.097359 0.000000 0.133118
v 0.097152 0.000000 0.133179
v 0.096958 0.000000 0.133239
v 0.096778 0.000000 0.133300
v 0.096614 0.000000 0.133359
v 0.095977 0.000000 0.133626
v 0.095370 0.000000 0.133940
v 0.094792 0.000000 0.134298
v 0.094249 0.000000 0.134698
v 0.093740 0.000000 0.135138
v 0.093269 0.000000 0.135614
v 0.092839 0.000000 0.136126
v 0.092450 0.000000 0.136670
v 0.092106 0.000000 0.137244
v 0.091808 0.000000 0.137845
v 0.091560 0.000000 0.138471
v 0.091362 0.000000 0.139120
v 0.091282 0.000000 0.139488
v 0.091208 0.000000 0.139969
v 0.091141 0.000000 0.140560
v 0.091081 0.000000 0.141259
v 0.091027 0.000000 0.142065
v 0.090981 0.000000 0.142974
v 0.090942 0.000000 0.143986
v 0.090910 0.000000 0.145098
v 0.090884 0.000000 0.146308
v 0.090866 0.000000 0.147614
v 0.090856 0.000000 0.149014
v 0.090852 0.000000 0.150505
v 0.090856 0.000000 0.151997
v 0.090866 0.000000 0.153397
v 0.090884 0.000000 0.154703
v 0.090910 0.000000 0.155912
v 0.090942 0.000000 0.157024
v 0.090981 0.000000 0.158036
v 0.091027 0.000000 0.158946
v 0.091081 0.000000 0.159752
v 0.091141 0.000000 0.160451
v 0.091208 0.000000 0.161042
v 0.091282 0.000000 0.161523
v 0.091362 0.000000 0.161891
v 0.091461 0.000000 0.162248
v 0.091572 0.000000 0.162592
v 0.091696 0.000000 0.162925
v 0.091833 0.000000 0.163246
v 0.091983 0.000000 0.163559
v 0.092148 0.000000 0.163863
v 0.092327 0.000000 0.164160
v 0.092522 0.000000 0.164450
v 0.092733 0.000000 0.164736
v 0.092960 0.000000 0.165017
v 0.093204 0.000000 0.165296
v 0.093465 0.000000 0.165574
v 0.093796 0.000000 0.165894
v 0.094130 0.000000 0.166189
v 0.094470 0.000000 0.166462
v 0.094818 0.000000 0.166713
v 0.095179 0.000000 0.166944
v 0.095553 0.000000 0.167157
v 0.095945 0.000000 0.167352
v 0.096356 0.000000 0.167532
v 0.096791 0.000000 0.167698
v 0.097250 0.000000 0.167851
v 0.097738 0.000000 0.167993
v 0.098257 0.000000 0.168124
v 0.098640 0.000000 0.168199
v 0.099086 0.000000 0.168260
v 0.099580 0.000000 0.168308
v 0.100112 0.000000 0.168343
v 0.100669 0.000000 0.168364
v 0.101238 0.000000 0.168372
v 0.101807 0.000000 0.168366
v 0.102363 0.000000 0.168346
v 0.102895 0.000000 0.168312
v 0.103390 0.000000 0.168264
v 0.103835 0.000000 0.168201
v 0.104218 0.000000 0.168124
v 0.104688 0.000000 0.168007
v 0.105137 0.000000 0.167878
v 0.105568 0.000000 0.167738
v 0.105982 0.000000 0.167585
v 0.106378 0.000000 0.167419
v 0.106759 0.000000 0.167241
v 0.107124 0.000000 0.167049
v 0.107474 0.000000 0.166843
v 0.107811 0.000000 0.166623
v 0.108135 0.000000 0.166388
v 0.108448 0.000000 0.166138
v 0.108748 0.000000 0.165872
v 0.109067 0.000000 0.165561
v 0.109367 0.000000 0.165233
v 0.109649 0.000000 0.164889
v 0.109912 0.000000 0.164529
v 0.110155 0.000000 0.164156
v 0.110379 0.000000 0.163771
v 0.110582 0.000000 0.163374
v 0.110763 0.000000 0.162968
v 0.110922 0.000000 0.162553
v 0.111059 0.000000 0.162131
v 0.111173 0.000000 0.161702
v 0.111262 0.000000 0.161268
v 0.111282 0.000000 0.161122
v 0.111304 0.000000 0.160891
v 0.111326 0.000000 0.160583
v 0.111350 0.000000 0.160206
v 0.111375 0.000000 0.159766
v 0.111399 0.000000 0.159270
v 0.111424 0.000000 0.158725
v 0.111449 0.000000 0.158137
v 0.111473 0.000000 0.157515
v 0.111495 0.000000 0.156865
v 0.111517 0.000000 0.156193
v 0.111536 0.000000 0.155507
v 0.111567 0.000000 0.154099
v 0.111586 0.000000 0.152574
v 0.111593 0.000000 0.150973
v 0.111590 0.000000 0.149336
v 0.111576 0.000000 0.147701
v 0.111553 0.000000 0.146110
v 0.111522 0.000000 0.144601
v 0.111483 0.000000 0.143214
v 0.111437 0.000000 0.141989
v 0.111384 0.000000 0.140965
v 0.111326 0.000000 0.140182
v 0.111262 0.000000 0.139680
v 0.111111 0.000000 0.139042
v 0.110913 0.000000 0.138423
v 0.110670 0.000000 0.137826
v 0.110383 0.000000 0.137252
v 0.110055 0.000000 0.136704
v 0.109687 0.000000 0.136184
v 0.109279 0.000000 0.135694
v 0.108835 0.000000 0.135236
v 0.108355 0.000000 0.134812
v 0.107842 0.000000 0.134425
v 0.107296 0.000000 0.134077
v 0.106720 0.000000 0.133770
v 0.106312 0.000000 0.133576
v 0.105919 0.000000 0.133405
v 0.105535 0.000000 0.133255
v 0.105154 0.000000 0.133126
v 0.104771 0.000000 0.133014
v 0.104380 0.000000 0.132921
v 0.103976 0.000000 0.132843
v 0.103552 0.000000 0.132780
v 0.103104 0.000000 0.132730
v 0.102626 0.000000 0.132693
v 0.102111 0.000000 0.132667
v 0.101555 0.000000 0.132650
v 0.101292 0.000000 0.132644
v 0.101034 0.000000 0.132640
v 0.100783 0.000000 0.132638
v 0.100543 0.000000 0.132637
v 0.100315 0.000000 0.132636
v 0.100104 0.000000 0.132637
v 0.099910 0.000000 0.132640
v 0.099738 0.000000 0.132643
v 0.099590 0.000000 0.132646
v 0.099468 0.000000 0.132651
v 0.099375 0.000000 0.132656
v 0.102065 0.000000 0.138660
v 0.102151 0.000000 0.138738
v 0.102224 0.000000 0.138811
v 0.102285 0.000000 0.138883
v 0.102335 0.000000 0.138962
v 0.102376 0.000000 0.139054
v 0.102411 0.000000 0.139165
v 0.102439 0.000000 0.139303
v 0.102464 0.000000 0.139474
v 0.102485 0.000000 0.139683
v 0.102506 0.000000 0.139939
v 0.102527 0.000000 0.140247
v 0.102551 0.000000 0.140613
v 0.102585 0.000000 0.141380
v 0.102613 0.000000 0.142583
v 0.102635 0.000000 0.144137
v 0.102651 0.000000 0.145957
v 0.102660 0.000000 0.147958
v 0.102664 0.000000 0.150054
v 0.102662 0.000000 0.152160
v 0.102654 0.000000 0.154191
v 0.102640 0.000000 0.156060
v 0.102620 0.000000 0.157684
v 0.102594 0.000000 0.158975
v 0.102563 0.000000 0.159850
v 0.102547 0.000000 0.160115
v 0.102528 0.000000 0.160375
v 0.102508 0.000000 0.160626
v 0.102488 0.000000 0.160867
v 0.102466 0.000000 0.161093
v 0.102443 0.000000 0.161303
v 0.102421 0.000000 0.161493
v 0.102398 0.000000 0.161662
v 0.102376 0.000000 0.161806
v 0.102354 0.000000 0.161923
v 0.102334 0.000000 0.162010
v 0.102314 0.000000 0.162065
v 0.102265 0.000000 0.162140
v 0.102200 0.000000 0.162216
v 0.102121 0.000000 0.162290
v 0.102032 0.000000 0.162362
v 0.101933 0.000000 0.162431
v 0.101827 0.000000 0.162494
v 0.101717 0.000000 0.162551
v 0.101605 0.000000 0.162601
v 0.101493 0.000000 0.162642
v 0.101384 0.000000 0.162673
v 0.101279 0.000000 0.162693
v 0.101182 0.000000 0.162699
v 0.101060 0.000000 0.162692
v 0.100940 0.000000 0.162671
v 0.100822 0.000000 0.162637
v 0.100708 0.000000 0.162591
v 0.100597 0.000000 0.162533
v 0.100492 0.000000 0.162465
v 0.100394 0.000000 0.162386
v 0.100303 0.000000 0.162298
v 0.100221 0.000000 0.162201
v 0.100148 0.000000 0.162096
v 0.100087 0.000000 0.161984
v 0.100037 0.000000 0.161866
v 0.100007 0.000000 0.161728
v 0.099981 0.000000 0.161499
v 0.099959 0.000000 0.161160
v 0.099939 0.000000 0.160696
v 0.099923 0.000000 0.160090
v 0.099909 0.000000 0.159326
v 0.099898 0.000000 0.158387
v 0.099889 0.000000 0.157258
v 0.099883 0.000000 0.155922
v 0.099878 0.000000 0.154362
v 0.099876 0.000000 0.152562
v 0.099875 0.000000 0.150505
v 0.099875 0.000000 0.148056
v 0.099876 0.000000 0.146002
v 0.099879 0.000000 0.144307
v 0.099884 0.000000 0.142933
v 0.099893 0.000000 0.141845
v 0.099906 0.000000 0.141005
v 0.099924 0.000000 0.140377
v 0.099949 0.000000 0.139923
v 0.099980 0.000000 0.139608
v 0.100019 0.000000 0.139393
v 0.100067 0.000000 0.139243
v 0.100124 0.000000 0.139120
v 0.100238 0.000000 0.138919
v 0.100368 0.000000 0.138747
v 0.100511 0.000000 0.138602
v 0.100666 0.000000 0.138487
v 0.100830 0.000000 0.138400
v 0.101001 0.000000 0.138344
v 0.101178 0.000000 0.138318
v 0.101357 0.000000 0.138323
v 0.101538 0.000000 0.138359
v 0.101717 0.000000 0.138427
v 0.101894 0.000000 0.138527
v 0.239177 0.000000 0.132837
v 0.238831 0.000000 0.132911
v 0.238523 0.000000 0.132981
v 0.238248 0.000000 0.133047
v 0.237997 0.000000 0.133113
v 0.237766 0.000000 0.133181
v 0.237548 0.000000 0.133252
v 0.237336 0.000000 0.133329
v 0.237125 0.000000 0.133414
v 0.236907 0.000000 0.133510
v 0.236677 0.000000 0.133619
v 0.236427 0.000000 0.133742
v 0.236153 0.000000 0.133882
v 0.235834 0.000000 0.134055
v 0.235525 0.000000 0.134243
v 0.235227 0.000000 0.134445
v 0.234942 0.000000 0.134661
v 0.234671 0.000000 0.134887
v 0.234415 0.000000 0.135125
v 0.234175 0.000000 0.135371
v 0.233953 0.000000 0.135625
v 0.233750 0.000000 0.135885
v 0.233567 0.000000 0.136151
v 0.233405 0.000000 0.136421
v 0.233265 0.000000 0.136694
v 0.233105 0.000000 0.137050
v 0.232965 0.000000 0.137397
v 0.232844 0.000000 0.137743
v 0.232742 0.000000 0.138094
v 0.232656 0.000000 0.138461
v 0.232586 0.000000 0.138850
v 0.232529 0.000000 0.139269
v 0.232486 0.000000 0.139727
v 0.232455 0.000000 0.140232
v 0.232434 0.000000 0.140791
v 0.232423 0.000000 0.141414
v 0.232419 0.000000 0.142106
v 0.232423 0.000000 0.142801
v 0.232434 0.000000 0.143418
v 0.232456 0.000000 0.143968
v 0.232490 0.000000 0.144460
v 0.232537 0.000000 0.144905
v 0.232601 0.000000 0.145314
v 0.232683 0.000000 0.145696
v 0.232784 0.000000 0.146061
v 0.232907 0.000000 0.146421
v 0.233054 0.000000 0.146786
v 0.233227 0.000000 0.147165
v 0.233427 0.000000 0.147569
v 0.233640 0.000000 0.147974
v 0.233858 0.000000 0.148344
v 0.234095 0.000000 0.148692
v 0.234363 0.000000 0.149027
v 0.234675 0.000000 0.149363
v 0.235045 0.000000 0.149711
v 0.235485 0.000000 0.150081
v 0.236009 0.000000 0.150486
v 0.236630 0.000000 0.150937
v 0.237360 0.000000 0.151446
v 0.238213 0.000000 0.152024
v 0.239202 0.000000 0.152683
v 0.240247 0.000000 0.153378
v 0.241128 0.000000 0.153977
v 0.241860 0.000000 0.154497
v 0.242457 0.000000 0.154955
v 0.242934 0.000000 0.155368
v 0.243307 0.000000 0.155755
v 0.243591 0.000000 0.156132
v 0.243800 0.000000 0.156516
v 0.243950 0.000000 0.156926
v 0.244055 0.000000 0.157379
v 0.244131 0.000000 0.157891
v 0.244193 0.000000 0.158481
v 0.244234 0.000000 0.159035
v 0.244253 0.000000 0.159547
v 0.244250 0.000000 0.160018
v 0.244223 0.000000 0.160448
v 0.244174 0.000000 0.160838
v 0.244101 0.000000 0.161189
v 0.244004 0.000000 0.161502
v 0.243884 0.000000 0.161778
v 0.243739 0.000000 0.162018
v 0.243571 0.000000 0.162221
v 0.243377 0.000000 0.162390
v 0.243160 0.000000 0.162525
v 0.243027 0.000000 0.162583
v 0.242885 0.000000 0.162626
v 0.242736 0.000000 0.162655
v 0.242583 0.000000 0.162669
v 0.242429 0.000000 0.162669
v 0.242274 0.000000 0.162656
v 0.242123 0.000000 0.162629
v 0.241977 0.000000 0.162589
v 0.241838 0.000000 0.162536
v 0.241710 0.000000 0.162470
v 0.241593 0.000000 0.162392
v 0.241492 0.000000 0.162301
v 0.241390 0.000000 0.162185
v 0.241300 0.000000 0.162043
v 0.241223 0.000000 0.161870
v 0.241156 0.000000 0.161662
v 0.241101 0.000000 0.161411
v 0.241055 0.000000 0.161113
v 0.241018 0.000000 0.160762
v 0.240989 0.000000 0.160353
v 0.240969 0.000000 0.159880
v 0.240955 0.000000 0.159337
v 0.240947 0.000000 0.158719
v 0.240944 0.000000 0.158021
v 0.240944 0.000000 0.157968
v 0.240944 0.000000 0.157824
v 0.240944 0.000000 0.157605
v 0.240944 0.000000 0.157331
v 0.240944 0.000000 0.157019
v 0.240944 0.000000 0.156689
v 0.240944 0.000000 0.156360
v 0.240944 0.000000 0.156048
v 0.240944 0.000000 0.155774
v 0.240944 0.000000 0.155555
v 0.240944 0.000000 0.155410
v 0.240944 0.000000 0.155358
v 0.236775 0.000000 0.155358
v 0.232606 0.000000 0.155358
v 0.232606 0.000000 0.157125
v 0.232613 0.000000 0.157923
v 0.232636 0.000000 0.158685
v 0.232673 0.000000 0.159412
v 0.232725 0.000000 0.160102
v 0.232791 0.000000 0.160753
v 0.232872 0.000000 0.161366
v 0.232967 0.000000 0.161940
v 0.233076 0.000000 0.162473
v 0.233199 0.000000 0.162964
v 0.233336 0.000000 0.163413
v 0.233487 0.000000 0.163819
v 0.233651 0.000000 0.164180
v 0.233901 0.000000 0.164614
v 0.234201 0.000000 0.165033
v 0.234550 0.000000 0.165434
v 0.234945 0.000000 0.165817
v 0.235384 0.000000 0.166181
v 0.235865 0.000000 0.166524
v 0.236386 0.000000 0.166845
v 0.236946 0.000000 0.167142
v 0.237542 0.000000 0.167415
v 0.238172 0.000000 0.167663
v 0.238834 0.000000 0.167883
v 0.239525 0.000000 0.168075
v 0.239932 0.000000 0.168158
v 0.240403 0.000000 0.168228
v 0.240925 0.000000 0.168284
v 0.241486 0.000000 0.168326
v 0.242074 0.000000 0.168354
v 0.242676 0.000000 0.168367
v 0.243279 0.000000 0.168366
v 0.243870 0.000000 0.168350
v 0.244438 0.000000 0.168320
v 0.244969 0.000000 0.168274
v 0.245452 0.000000 0.168213
v 0.245873 0.000000 0.168137
v 0.246351 0.000000 0.168023
v 0.246820 0.000000 0.167892
v 0.247278 0.000000 0.167746
v 0.247724 0.000000 0.167584
v 0.248156 0.000000 0.167408
v 0.248573 0.000000 0.167218
v 0.248974 0.000000 0.167014
v 0.249356 0.000000 0.166799
v 0.249719 0.000000 0.166571
v 0.250061 0.000000 0.166332
v 0.250381 0.000000 0.166082
v 0.250677 0.000000 0.165823
v 0.251023 0.000000 0.165485
v 0.251329 0.000000 0.165141
v 0.251598 0.000000 0.164783
v 0.251831 0.000000 0.164404
v 0.252032 0.000000 0.163997
v 0.252203 0.000000 0.163555
v 0.252346 0.000000 0.163071
v 0.252463 0.000000 0.162538
v 0.252558 0.000000 0.161948
v 0.252632 0.000000 0.161296
v 0.252689 0.000000 0.160574
v 0.252730 0.000000 0.159775
v 0.252750 0.000000 0.159017
v 0.252749 0.000000 0.158275
v 0.252727 0.000000 0.157551
v 0.252684 0.000000 0.156848
v 0.252620 0.000000 0.156167
v 0.252536 0.000000 0.155512
v 0.252432 0.000000 0.154885
v 0.252308 0.000000 0.154288
v 0.252165 0.000000 0.153723
v 0.252003 0.000000 0.153193
v 0.251822 0.000000 0.152700
v 0.251622 0.000000 0.152247
v 0.251419 0.000000 0.151876
v 0.251152 0.000000 0.151484
v 0.250825 0.000000 0.151073
v 0.250438 0.000000 0.150646
v 0.249995 0.000000 0.150205
v 0.249497 0.000000 0.149751
v 0.248947 0.000000 0.149286
v 0.248347 0.000000 0.148813
v 0.247699 0.000000 0.148333
v 0.247004 0.000000 0.147848
v 0.246266 0.000000 0.147361
v 0.245487 0.000000 0.146872
v 0.245328 0.000000 0.146775
v 0.245156 0.000000 0.146670
v 0.244976 0.000000 0.146560
v 0.244789 0.000000 0.146445
v 0.244598 0.000000 0.146329
v 0.244406 0.000000 0.146211
v 0.244215 0.000000 0.146094
v 0.244028 0.000000 0.145980
v 0.243847 0.000000 0.145869
v 0.243676 0.000000 0.145765
v 0.243516 0.000000 0.145667
v 0.243371 0.000000 0.145578
v 0.243231 0.000000 0.145492
v 0.243084 0.000000 0.145399
v 0.242934 0.000000 0.145298
v 0.242782 0.000000 0.145192
v 0.242631 0.000000 0.145083
v 0.242481 0.000000 0.144971
v 0.242336 0.000000 0.144859
v 0.242197 0.000000 0.144748
v 0.242065 0.000000 0.144640
v 0.241944 0.000000 0.144536
v 0.241836 0.000000 0.144437
v 0.241741 0.000000 0.144346
v 0.241554 0.000000 0.144150
v 0.241391 0.000000 0.143957
v 0.241251 0.000000 0.143762
v 0.241132 0.000000 0.143560
v 0.241032 0.000000 0.143346
v 0.240950 0.000000 0.143116
v 0.240885 0.000000 0.142864
v 0.240836 0.000000 0.142586
v 0.240799 0.000000 0.142276
v 0.240775 0.000000 0.141930
v 0.240762 0.000000 0.141544
v 0.240758 0.000000 0.141111
v 0.240761 0.000000 0.140837
v 0.240767 0.000000 0.140596
v 0.240774 0.000000 0.140385
v 0.240785 0.000000 0.140200
v 0.240799 0.000000 0.140038
v 0.240817 0.000000 0.139895
v 0.240839 0.000000 0.139766
v 0.240867 0.000000 0.139649
v 0.240901 0.000000 0.139540
v 0.240941 0.000000 0.139434
v 0.240989 0.000000 0.139329
v 0.241044 0.000000 0.139220
v 0.241223 0.000000 0.138938
v 0.241431 0.000000 0.138709
v 0.241661 0.000000 0.138533
v 0.241906 0.000000 0.138409
v 0.242159 0.000000 0.138337
v 0.242413 0.000000 0.138318
v 0.242661 0.000000 0.138350
v 0.242895 0.000000 0.138434
v 0.243109 0.000000 0.138569
v 0.243296 0.000000 0.138755
v 0.243447 0.000000 0.138993
v 0.243558 0.000000 0.139282
v 0.243573 0.000000 0.139361
v 0.243589 0.000000 0.139473
v 0.243603 0.000000 0.139614
v 0.243618 0.000000 0.139781
v 0.243631 0.000000 0.139971
v 0.243643 0.000000 0.140181
v 0.243654 0.000000 0.140408
v 0.243664 0.000000 0.140650
v 0.243672 0.000000 0.140902
v 0.243677 0.000000 0.141163
v 0.243681 0.000000 0.141428
v 0.243682 0.000000 0.141696
v 0.243682 0.000000 0.141735
v 0.243682 0.000000 0.141841
v 0.243682 0.000000 0.142003
v 0.243682 0.000000 0.142206
v 0.243682 0.000000 0.142435
v 0.243682 0.000000 0.142679
v 0.243682 0.000000 0.142922
v 0.243682 0.000000 0.143152
v 0.243682 0.000000 0.143355
v 0.243682 0.000000 0.143516
v 0.243682 0.000000 0.143623
v 0.243682 0.000000 0.143662
v 0.247864 0.000000 0.143662
v 0.252058 0.000000 0.143662
v 0.251983 0.000000 0.141447
v 0.251949 0.000000 0.140562
v 0.251900 0.000000 0.139769
v 0.251835 0.000000 0.139059
v 0.251750 0.000000 0.138425
v 0.251644 0.000000 0.137858
v 0.251514 0.000000 0.137350
v 0.251357 0.000000 0.136894
v 0.251171 0.000000 0.136481
v 0.250954 0.000000 0.136103
v 0.250704 0.000000 0.135753
v 0.250417 0.000000 0.135421
v 0.250092 0.000000 0.135101
v 0.249766 0.000000 0.134822
v 0.249416 0.000000 0.134558
v 0.249044 0.000000 0.134309
v 0.248649 0.000000 0.134075
v 0.248233 0.000000 0.133856
v 0.247795 0.000000 0.133653
v 0.247337 0.000000 0.133466
v 0.246859 0.000000 0.133295
v 0.246360 0.000000 0.133140
v 0.245843 0.000000 0.133001
v 0.245307 0.000000 0.132879
v 0.244753 0.000000 0.132774
v 0.244348 0.000000 0.132715
v 0.243904 0.000000 0.132667
v 0.243430 0.000000 0.132632
v 0.242934 0.000000 0.132608
v 0.242424 0.000000 0.132596
v 0.241909 0.000000 0.132596
v 0.241397 0.000000 0.132607
v 0.240896 0.000000 0.132630
v 0.240416 0.000000 0.132664
v 0.239963 0.000000 0.132710
v 0.239548 0.000000 0.132768
v 0.019788 0.000000 0.150505
v 0.019788 0.000000 0.167677
v 0.023522 0.000000 0.167677
v 0.027256 0.000000 0.167677
v 0.027268 0.000000 0.159987
v 0.027268 0.000000 0.158087
v 0.027270 0.000000 0.156515
v 0.027276 0.000000 0.155248
v 0.027287 0.000000 0.154265
v 0.027307 0.000000 0.153544
v 0.027338 0.000000 0.153061
v 0.027381 0.000000 0.152794
v 0.027439 0.000000 0.152722
v 0.027515 0.000000 0.152822
v 0.027609 0.000000 0.153070
v 0.027726 0.000000 0.153446
v 0.027865 0.000000 0.153927
v 0.027904 0.000000 0.154061
v 0.027952 0.000000 0.154225
v 0.028008 0.000000 0.154415
v 0.028070 0.000000 0.154628
v 0.028138 0.000000 0.154860
v 0.028211 0.000000 0.155108
v 0.028287 0.000000 0.155368
v 0.028366 0.000000 0.155636
v 0.028446 0.000000 0.155910
v 0.028527 0.000000 0.156185
v 0.028608 0.000000 0.156459
v 0.028687 0.000000 0.156727
v 0.028770 0.000000 0.156998
v 0.028855 0.000000 0.157282
v 0.028943 0.000000 0.157573
v 0.029032 0.000000 0.157867
v 0.029120 0.000000 0.158162
v 0.029206 0.000000 0.158453
v 0.029290 0.000000 0.158736
v 0.029371 0.000000 0.159008
v 0.029446 0.000000 0.159264
v 0.029516 0.000000 0.159501
v 0.029578 0.000000 0.159714
v 0.029633 0.000000 0.159900
v 0.029690 0.000000 0.160098
v 0.029763 0.000000 0.160346
v 0.029849 0.000000 0.160638
v 0.029947 0.000000 0.160970
v 0.030056 0.000000 0.161335
v 0.030172 0.000000 0.161729
v 0.030296 0.000000 0.162145
v 0.030425 0.000000 0.162579
v 0.030558 0.000000 0.163025
v 0.030694 0.000000 0.163477
v 0.030830 0.000000 0.163930
v 0.030964 0.000000 0.164379
v 0.030983 0.000000 0.164443
v 0.031035 0.000000 0.164619
v 0.031114 0.000000 0.164885
v 0.031213 0.000000 0.165218
v 0.031325 0.000000 0.165596
v 0.031443 0.000000 0.165997
v 0.031562 0.000000 0.166397
v 0.031674 0.000000 0.166776
v 0.031773 0.000000 0.167109
v 0.031852 0.000000 0.167375
v 0.031904 0.000000 0.167551
v 0.031923 0.000000 0.167614
v 0.035880 0.000000 0.167652
v 0.039825 0.000000 0.167677
v 0.039825 0.000000 0.150505
v 0.039825 0.000000 0.133334
v 0.036092 0.000000 0.133334
v 0.032358 0.000000 0.133334
v 0.032358 0.000000 0.140862
v 0.032357 0.000000 0.141920
v 0.032354 0.000000 0.142923
v 0.032349 0.000000 0.143865
v 0.032343 0.000000 0.144738
v 0.032335 0.000000 0.145536
v 0.032326 0.000000 0.146250
v 0.032315 0.000000 0.146874
v 0.032303 0.000000 0.147401
v 0.032290 0.000000 0.147823
v 0.032276 0.000000 0.148133
v 0.032261 0.000000 0.148325
v 0.032246 0.000000 0.148390
v 0.032230 0.000000 0.148387
v 0.032213 0.000000 0.148378
v 0.032196 0.000000 0.148364
v 0.032178 0.000000 0.148344
v 0.032161 0.000000 0.148320
v 0.032144 0.000000 0.148291
v 0.032127 0.000000 0.148257
v 0.032111 0.000000 0.148221
v 0.032096 0.000000 0.148180
v 0.032082 0.000000 0.148137
v 0.032070 0.000000 0.148090
v 0.032060 0.000000 0.148042
v 0.032031 0.000000 0.147937
v 0.031979 0.000000 0.147762
v 0.031898 0.000000 0.147502
v 0.031785 0.000000 0.147143
v 0.031635 0.000000 0.146670
v 0.031442 0.000000 0.146068
v 0.031202 0.000000 0.145323
v 0.030911 0.000000 0.144419
v 0.030563 0.000000 0.143344
v 0.030154 0.000000 0.142080
v 0.029680 0.000000 0.140615
v 0.029135 0.000000 0.138934
v 0.029050 0.000000 0.138671
v 0.028957 0.000000 0.138386
v 0.028859 0.000000 0.138081
v 0.028756 0.000000 0.137762
v 0.028650 0.000000 0.137433
v 0.028542 0.000000 0.137098
v 0.028434 0.000000 0.136763
v 0.028327 0.000000 0.136430
v 0.028223 0.000000 0.136106
v 0.028123 0.000000 0.135794
v 0.028028 0.000000 0.135499
v 0.027940 0.000000 0.135226
v 0.027928 0.000000 0.135188
v 0.027895 0.000000 0.135085
v 0.027845 0.000000 0.134930
v 0.027782 0.000000 0.134735
v 0.027711 0.000000 0.134514
v 0.027635 0.000000 0.134280
v 0.027560 0.000000 0.134046
v 0.027488 0.000000 0.133825
v 0.027426 0.000000 0.133630
v 0.027375 0.000000 0.133474
v 0.027342 0.000000 0.133372
v 0.027330 0.000000 0.133334
v 0.023559 0.000000 0.133334
v 0.019788 0.000000 0.133334
v 0.114996 0.000000 0.150505
v 0.114996 0.000000 0.167677
v 0.118730 0.000000 0.167677
v 0.122463 0.000000 0.167677
v 0.122476 0.000000 0.159987
v 0.122479 0.000000 0.158234
v 0.122482 0.000000 0.156773
v 0.122487 0.000000 0.155580
v 0.122493 0.000000 0.154632
v 0.122502 0.000000 0.153904
v 0.122515 0.000000 0.153374
v 0.122532 0.000000 0.153016
v 0.122554 0.000000 0.152808
v 0.122583 0.000000 0.152725
v 0.122618 0.000000 0.152745
v 0.122661 0.000000 0.152842
v 0.122712 0.000000 0.152994
v 0.122831 0.000000 0.153372
v 0.123073 0.000000 0.154165
v 0.123412 0.000000 0.155294
v 0.123827 0.000000 0.156678
v 0.124292 0.000000 0.158235
v 0.124784 0.000000 0.159887
v 0.125280 0.000000 0.161553
v 0.125755 0.000000 0.163151
v 0.126185 0.000000 0.164602
v 0.126546 0.000000 0.165825
v 0.126816 0.000000 0.166740
v 0.126969 0.000000 0.167266
v 0.126971 0.000000 0.167274
v 0.126977 0.000000 0.167296
v 0.126986 0.000000 0.167330
v 0.126998 0.000000 0.167372
v 0.127011 0.000000 0.167420
v 0.127025 0.000000 0.167471
v 0.127039 0.000000 0.167522
v 0.127052 0.000000 0.167570
v 0.127063 0.000000 0.167612
v 0.127072 0.000000 0.167646
v 0.127078 0.000000 0.167668
v 0.127081 0.000000 0.167677
v 0.130989 0.000000 0.167677
v 0.134909 0.000000 0.167677
v 0.134909 0.000000 0.150505
v 0.134909 0.000000 0.133334
v 0.131175 0.000000 0.133334
v 0.127442 0.000000 0.133334
v 0.127429 0.000000 0.140949
v 0.127417 0.000000 0.148577
v 0.126819 0.000000 0.146773
v 0.126729 0.000000 0.146495
v 0.126622 0.000000 0.146166
v 0.126500 0.000000 0.145791
v 0.126365 0.000000 0.145377
v 0.126219 0.000000 0.144930
v 0.126065 0.000000 0.144457
v 0.125904 0.000000 0.143963
v 0.125739 0.000000 0.143456
v 0.125571 0.000000 0.142942
v 0.125404 0.000000 0.142428
v 0.125238 0.000000 0.141919
v 0.125077 0.000000 0.141422
v 0.124919 0.000000 0.140928
v 0.124758 0.000000 0.140426
v 0.124596 0.000000 0.139922
v 0.124435 0.000000 0.139422
v 0.124277 0.000000 0.138933
v 0.124125 0.000000 0.138461
v 0.123979 0.000000 0.138011
v 0.123843 0.000000 0.137591
v 0.123719 0.000000 0.137205
v 0.123608 0.000000 0.136861
v 0.123512 0.000000 0.136564
v 0.123434 0.000000 0.136321
v 0.123365 0.000000 0.136103
v 0.123294 0.000000 0.135882
v 0.123223 0.000000 0.135661
v 0.123153 0.000000 0.135441
v 0.123084 0.000000 0.135226
v 0.123017 0.000000 0.135019
v 0.122954 0.000000 0.134821
v 0.122894 0.000000 0.134637
v 0.122839 0.000000 0.134468
v 0.122790 0.000000 0.134317
v 0.122747 0.000000 0.134187
v 0.122712 0.000000 0.134081
v 0.122708 0.000000 0.134067
v 0.122695 0.000000 0.134030
v 0.122675 0.000000 0.133974
v 0.122651 0.000000 0.133903
v 0.122623 0.000000 0.133823
v 0.122594 0.000000 0.133739
v 0.122565 0.000000 0.133654
v 0.122537 0.000000 0.133574
v 0.122513 0.000000 0.133503
v 0.122493 0.000000 0.133447
v 0.122481 0.000000 0.133410
v 0.122476 0.000000 0.133397
v 0.118742 0.000000 0.133359
v 0.114996 0.000000 0.133334
v 0.185189 0.000000 0.150505
v 0.185189 0.000000 0.167677
v 0.189706 0.000000 0.167677
v 0.194212 0.000000 0.167677
v 0.194212 0.000000 0.160497
v 0.194212 0.000000 0.153305
v 0.195518 0.000000 0.153305
v 0.196825 0.000000 0.153305
v 0.196862 0.000000 0.160485
v 0.196887 0.000000 0.167677
v 0.201368 0.000000 0.167677
v 0.205848 0.000000 0.167677
v 0.205848 0.000000 0.150505
v 0.205848 0.000000 0.133334
v 0.201368 0.000000 0.133334
v 0.196887 0.000000 0.133334
v 0.196887 0.000000 0.139493
v 0.196887 0.000000 0.145665
v 0.195556 0.000000 0.145628
v 0.194212 0.000000 0.145590
v 0.194212 0.000000 0.139456
v 0.194212 0.000000 0.133334
v 0.189706 0.000000 0.133334
v 0.185189 0.000000 0.133334
v 0.209096 0.000000 0.144496
v 0.209099 0.000000 0.147400
v 0.209106 0.000000 0.149990
v 0.209119 0.000000 0.152281
v 0.209137 0.000000 0.154292
v 0.209161 0.000000 0.156039
v 0.209191 0.000000 0.157537
v 0.209228 0.000000 0.158805
v 0.209271 0.000000 0.159858
v 0.209322 0.000000 0.160714
v 0.209380 0.000000 0.161389
v 0.209446 0.000000 0.161900
v 0.209519 0.000000 0.162264
v 0.209677 0.000000 0.162769
v 0.209870 0.000000 0.163259
v 0.210097 0.000000 0.163731
v 0.210357 0.000000 0.164186
v 0.210649 0.000000 0.164621
v 0.210972 0.000000 0.165035
v 0.211327 0.000000 0.165429
v 0.211711 0.000000 0.165800
v 0.212124 0.000000 0.166148
v 0.212565 0.000000 0.166472
v 0.213033 0.000000 0.166770
v 0.213527 0.000000 0.167042
v 0.214019 0.000000 0.167279
v 0.214490 0.000000 0.167489
v 0.214948 0.000000 0.167671
v 0.215400 0.000000 0.167829
v 0.215852 0.000000 0.167963
v 0.216312 0.000000 0.168075
v 0.216785 0.000000 0.168166
v 0.217279 0.000000 0.168237
v 0.217801 0.000000 0.168291
v 0.218357 0.000000 0.168329
v 0.218955 0.000000 0.168352
v 0.219600 0.000000 0.168361
v 0.220204 0.000000 0.168356
v 0.220755 0.000000 0.168340
v 0.221261 0.000000 0.168313
v 0.221729 0.000000 0.168272
v 0.222166 0.000000 0.168216
v 0.222579 0.000000 0.168145
v 0.222976 0.000000 0.168056
v 0.223362 0.000000 0.167948
v 0.223746 0.000000 0.167820
v 0.224135 0.000000 0.167671
v 0.224534 0.000000 0.167499
v 0.224952 0.000000 0.167303
v 0.225541 0.000000 0.166985
v 0.226095 0.000000 0.166629
v 0.226612 0.000000 0.166238
v 0.227091 0.000000 0.165812
v 0.227530 0.000000 0.165354
v 0.227928 0.000000 0.164864
v 0.228284 0.000000 0.164346
v 0.228596 0.000000 0.163801
v 0.228863 0.000000 0.163230
v 0.229084 0.000000 0.162635
v 0.229258 0.000000 0.162018
v 0.229382 0.000000 0.161380
v 0.229404 0.000000 0.161146
v 0.229425 0.000000 0.160726
v 0.229445 0.000000 0.160122
v 0.229464 0.000000 0.159338
v 0.229483 0.000000 0.158376
v 0.229501 0.000000 0.157240
v 0.229517 0.000000 0.155932
v 0.229533 0.000000 0.154456
v 0.229547 0.000000 0.152814
v 0.229560 0.000000 0.151009
v 0.229571 0.000000 0.149044
v 0.229582 0.000000 0.146922
v 0.229583 0.000000 0.146655
v 0.229585 0.000000 0.145915
v 0.229589 0.000000 0.144799
v 0.229594 0.000000 0.143399
v 0.229600 0.000000 0.141811
v 0.229606 0.000000 0.140128
v 0.229613 0.000000 0.138445
v 0.229618 0.000000 0.136857
v 0.229624 0.000000 0.135457
v 0.229628 0.000000 0.134341
v 0.229630 0.000000 0.133602
v 0.229631 0.000000 0.133334
v 0.225151 0.000000 0.133334
v 0.220671 0.000000 0.133334
v 0.220633 0.000000 0.147420
v 0.220622 0.000000 0.150922
v 0.220612 0.000000 0.153822
v 0.220599 0.000000 0.156179
v 0.220581 0.000000 0.158049
v 0.220555 0.000000 0.159492
v 0.220518 0.000000 0.160565
v 0.220467 0.000000 0.161328
v 0.220399 0.000000 0.161838
v 0.220311 0.000000 0.162153
v 0.220201 0.000000 0.162331
v 0.220064 0.000000 0.162432
v 0.219899 0.000000 0.162513
v 0.219728 0.000000 0.162594
v 0.219562 0.000000 0.162652
v 0.219403 0.000000 0.162686
v 0.219251 0.000000 0.162698
v 0.219106 0.000000 0.162686
v 0.218969 0.000000 0.162651
v 0.218839 0.000000 0.162594
v 0.218717 0.000000 0.162515
v 0.218604 0.000000 0.162413
v 0.218499 0.000000 0.162290
v 0.218404 0.000000 0.162144
v 0.218318 0.000000 0.161978
v 0.218272 0.000000 0.161848
v 0.218233 0.000000 0.161644
v 0.218201 0.000000 0.161330
v 0.218174 0.000000 0.160869
v 0.218151 0.000000 0.160223
v 0.218133 0.000000 0.159355
v 0.218119 0.000000 0.158229
v 0.218106 0.000000 0.156807
v 0.218096 0.000000 0.155052
v 0.218087 0.000000 0.152927
v 0.218078 0.000000 0.150395
v 0.218069 0.000000 0.147420
v 0.218069 0.000000 0.147142
v 0.218067 0.000000 0.146376
v 0.218064 0.000000 0.145219
v 0.218060 0.000000 0.143768
v 0.218055 0.000000 0.142121
v 0.218051 0.000000 0.140377
v 0.218046 0.000000 0.138633
v 0.218042 0.000000 0.136986
v 0.218038 0.000000 0.135535
v 0.218035 0.000000 0.134378
v 0.218033 0.000000 0.133611
v 0.218032 0.000000 0.133334
v 0.213564 0.000000 0.133334
v 0.209084 0.000000 0.133334
v 0.209084 0.000000 0.133554
v 0.209085 0.000000 0.134161
v 0.209086 0.000000 0.135078
v 0.209087 0.000000 0.136228
v 0.209089 0.000000 0.137533
v 0.209090 0.000000 0.138915
v 0.209092 0.000000 0.140297
v 0.209093 0.000000 0.141602
v 0.209094 0.000000 0.142752
v 0.209095 0.000000 0.143669
v 0.209096 0.000000 0.144276
v 0.258057 0.000000 0.133484
v 0.258048 0.000000 0.133523
v 0.258035 0.000000 0.133597
v 0.258017 0.000000 0.133703
v 0.257995 0.000000 0.133837
v 0.257971 0.000000 0.133998
v 0.257943 0.000000 0.134182
v 0.257913 0.000000 0.134387
v 0.257882 0.000000 0.134611
v 0.257849 0.000000 0.134850
v 0.257814 0.000000 0.135103
v 0.257780 0.000000 0.135365
v 0.257746 0.000000 0.135636
v 0.257626 0.000000 0.136563
v 0.257520 0.000000 0.137379
v 0.257426 0.000000 0.138103
v 0.257341 0.000000 0.138754
v 0.257263 0.000000 0.139351
v 0.257189 0.000000 0.139915
v 0.257116 0.000000 0.140464
v 0.257042 0.000000 0.141017
v 0.256965 0.000000 0.141594
v 0.256882 0.000000 0.142214
v 0.256790 0.000000 0.142897
v 0.256688 0.000000 0.143662
v 0.256569 0.000000 0.144536
v 0.256455 0.000000 0.145374
v 0.256346 0.000000 0.146178
v 0.256243 0.000000 0.146948
v 0.256143 0.000000 0.147686
v 0.256048 0.000000 0.148393
v 0.255958 0.000000 0.149071
v 0.255872 0.000000 0.149720
v 0.255790 0.000000 0.150342
v 0.255712 0.000000 0.150939
v 0.255638 0.000000 0.151511
v 0.255568 0.000000 0.152061
v 0.255521 0.000000 0.152411
v 0.255473 0.000000 0.152767
v 0.255424 0.000000 0.153138
v 0.255371 0.000000 0.153528
v 0.255315 0.000000 0.153945
v 0.255255 0.000000 0.154395
v 0.255189 0.000000 0.154885
v 0.255117 0.000000 0.155421
v 0.255037 0.000000 0.156010
v 0.254950 0.000000 0.156658
v 0.254853 0.000000 0.157372
v 0.254746 0.000000 0.158158
v 0.254656 0.000000 0.158829
v 0.254567 0.000000 0.159497
v 0.254478 0.000000 0.160158
v 0.254391 0.000000 0.160808
v 0.254307 0.000000 0.161442
v 0.254225 0.000000 0.162057
v 0.254147 0.000000 0.162649
v 0.254072 0.000000 0.163214
v 0.254002 0.000000 0.163748
v 0.253938 0.000000 0.164247
v 0.253878 0.000000 0.164708
v 0.253825 0.000000 0.165126
v 0.253800 0.000000 0.165315
v 0.253775 0.000000 0.165507
v 0.253749 0.000000 0.165700
v 0.253724 0.000000 0.165892
v 0.253700 0.000000 0.166080
v 0.253676 0.000000 0.166261
v 0.253653 0.000000 0.166434
v 0.253632 0.000000 0.166595
v 0.253612 0.000000 0.166743
v 0.253594 0.000000 0.166874
v 0.253578 0.000000 0.166987
v 0.253564 0.000000 0.167079
v 0.253562 0.000000 0.167091
v 0.253557 0.000000 0.167123
v 0.253550 0.000000 0.167173
v 0.253541 0.000000 0.167234
v 0.253531 0.000000 0.167304
v 0.253520 0.000000 0.167378
v 0.253510 0.000000 0.167452
v 0.253499 0.000000 0.167522
v 0.253490 0.000000 0.167583
v 0.253483 0.000000 0.167632
v 0.253479 0.000000 0.167665
v 0.253477 0.000000 0.167677
v 0.258107 0.000000 0.167677
v 0.258731 0.000000 0.167676
v 0.259330 0.000000 0.167673
v 0.259899 0.000000 0.167670
v 0.260432 0.000000 0.167664
v 0.260923 0.000000 0.167658
v 0.261367 0.000000 0.167650
v 0.261758 0.000000 0.167641
v 0.262091 0.000000 0.167630
v 0.262359 0.000000 0.167619
v 0.262558 0.000000 0.167606
v 0.262681 0.000000 0.167592
v 0.262724 0.000000 0.167577
v 0.262734 0.000000 0.167386
v 0.262762 0.000000 0.167018
v 0.262804 0.000000 0.166509
v 0.262858 0.000000 0.165896
v 0.262919 0.000000 0.165215
v 0.262985 0.000000 0.164502
v 0.263052 0.000000 0.163794
v 0.263116 0.000000 0.163128
v 0.263175 0.000000 0.162539
v 0.263225 0.000000 0.162065
v 0.263262 0.000000 0.161741
v 0.263284 0.000000 0.161604
v 0.263302 0.000000 0.161578
v 0.263337 0.000000 0.161554
v 0.263391 0.000000 0.161534
v 0.263465 0.000000 0.161516
v 0.263560 0.000000 0.161501
v 0.263676 0.000000 0.161488
v 0.263815 0.000000 0.161477
v 0.263978 0.000000 0.161469
v 0.264166 0.000000 0.161463
v 0.264380 0.000000 0.161458
v 0.264621 0.000000 0.161456
v 0.264889 0.000000 0.161455
v 0.264920 0.000000 0.161455
v 0.265005 0.000000 0.161455
v 0.265132 0.000000 0.161455
v 0.265293 0.000000 0.161455
v 0.265475 0.000000 0.161455
v 0.265667 0.000000 0.161455
v 0.265860 0.000000 0.161455
v 0.266042 0.000000 0.161455
v 0.266202 0.000000 0.161455
v 0.266330 0.000000 0.161455
v 0.266414 0.000000 0.161455
v 0.266445 0.000000 0.161455
v 0.266507 0.000000 0.162102
v 0.266518 0.000000 0.162205
v 0.266530 0.000000 0.162330
v 0.266543 0.000000 0.162475
v 0.266558 0.000000 0.162638
v 0.266574 0.000000 0.162816
v 0.266591 0.000000 0.163006
v 0.266609 0.000000 0.163205
v 0.266626 0.000000 0.163412
v 0.266644 0.000000 0.163623
v 0.266661 0.000000 0.163835
v 0.266678 0.000000 0.164047
v 0.266694 0.000000 0.164255
v 0.266713 0.000000 0.164465
v 0.266732 0.000000 0.164685
v 0.266751 0.000000 0.164911
v 0.266771 0.000000 0.165139
v 0.266790 0.000000 0.165367
v 0.266809 0.000000 0.165592
v 0.266827 0.000000 0.165811
v 0.266845 0.000000 0.166021
v 0.266862 0.000000 0.166218
v 0.266878 0.000000 0.166400
v 0.266892 0.000000 0.166564
v 0.266905 0.000000 0.166706
v 0.266907 0.000000 0.166725
v 0.266911 0.000000 0.166778
v 0.266917 0.000000 0.166858
v 0.266925 0.000000 0.166958
v 0.266934 0.000000 0.167071
v 0.266943 0.000000 0.167191
v 0.266952 0.000000 0.167311
v 0.266961 0.000000 0.167425
v 0.266968 0.000000 0.167525
v 0.266975 0.000000 0.167605
v 0.266979 0.000000 0.167657
v 0.266980 0.000000 0.167677
v 0.271510 0.000000 0.167677
v 0.272345 0.000000 0.167676
v 0.273077 0.000000 0.167673
v 0.273715 0.000000 0.167669
v 0.274261 0.000000 0.167662
v 0.274723 0.000000 0.167653
v 0.275105 0.000000 0.167642
v 0.275414 0.000000 0.167629
v 0.275654 0.000000 0.167612
v 0.275831 0.000000 0.167593
v 0.275951 0.000000 0.167570
v 0.276019 0.000000 0.167544
v 0.276040 0.000000 0.167515
v 0.276038 0.000000 0.167477
v 0.276029 0.000000 0.167404
v 0.276016 0.000000 0.167298
v 0.275999 0.000000 0.167162
v 0.275976 0.000000 0.166999
v 0.275950 0.000000 0.166810
v 0.275920 0.000000 0.166600
v 0.275887 0.000000 0.166370
v 0.275851 0.000000 0.166124
v 0.275813 0.000000 0.165863
v 0.275772 0.000000 0.165592
v 0.275729 0.000000 0.165312
v 0.275685 0.000000 0.165023
v 0.275639 0.000000 0.164722
v 0.275592 0.000000 0.164416
v 0.275545 0.000000 0.164106
v 0.275498 0.000000 0.163798
v 0.275452 0.000000 0.163496
v 0.275408 0.000000 0.163202
v 0.275366 0.000000 0.162922
v 0.275327 0.000000 0.162660
v 0.275291 0.000000 0.162418
v 0.275259 0.000000 0.162202
v 0.275232 0.000000 0.162015
v 0.275205 0.000000 0.161831
v 0.275174 0.000000 0.161625
v 0.275141 0.000000 0.161399
v 0.275105 0.000000 0.161157
v 0.275067 0.000000 0.160904
v 0.275028 0.000000 0.160642
v 0.274988 0.000000 0.160375
v 0.274948 0.000000 0.160106
v 0.274908 0.000000 0.159840
v 0.274869 0.000000 0.159580
v 0.274831 0.000000 0.159329
v 0.274796 0.000000 0.159091
v 0.274760 0.000000 0.158853
v 0.274723 0.000000 0.158602
v 0.274684 0.000000 0.158342
v 0.274644 0.000000 0.158076
v 0.274604 0.000000 0.157807
v 0.274564 0.000000 0.157540
v 0.274525 0.000000 0.157278
v 0.274487 0.000000 0.157025
v 0.274451 0.000000 0.156783
v 0.274418 0.000000 0.156557
v 0.274387 0.000000 0.156351
v 0.274360 0.000000 0.156167
v 0.274333 0.000000 0.155984
v 0.274303 0.000000 0.155779
v 0.274270 0.000000 0.155555
v 0.274234 0.000000 0.155317
v 0.274197 0.000000 0.155068
v 0.274158 0.000000 0.154811
v 0.274119 0.000000 0.154549
v 0.274080 0.000000 0.154288
v 0.274042 0.000000 0.154029
v 0.274005 0.000000 0.153776
v 0.273970 0.000000 0.153534
v 0.273937 0.000000 0.153305
v 0.273898 0.000000 0.153046
v 0.273848 0.000000 0.152722
v 0.273790 0.000000 0.152341
v 0.273725 0.000000 0.151908
v 0.273652 0.000000 0.151431
v 0.273575 0.000000 0.150918
v 0.273493 0.000000 0.150374
v 0.273407 0.000000 0.149808
v 0.273319 0.000000 0.149226
v 0.273231 0.000000 0.148636
v 0.273142 0.000000 0.148044
v 0.273054 0.000000 0.147457
v 0.272966 0.000000 0.146870
v 0.272877 0.000000 0.146277
v 0.272788 0.000000 0.145686
v 0.272700 0.000000 0.145103
v 0.272615 0.000000 0.144536
v 0.272532 0.000000 0.143992
v 0.272455 0.000000 0.143477
v 0.272382 0.000000 0.143001
v 0.272317 0.000000 0.142568
v 0.272259 0.000000 0.142187
v 0.272209 0.000000 0.141865
v 0.272170 0.000000 0.141609
v 0.272137 0.000000 0.141377
v 0.272102 0.000000 0.141133
v 0.272065 0.000000 0.140880
v 0.272027 0.000000 0.140621
v 0.271988 0.000000 0.140359
v 0.271949 0.000000 0.140098
v 0.271910 0.000000 0.139842
v 0.271873 0.000000 0.139594
v 0.271837 0.000000 0.139357
v 0.271804 0.000000 0.139134
v 0.271774 0.000000 0.138930
v 0.271747 0.000000 0.138747
v 0.271719 0.000000 0.138560
v 0.271687 0.000000 0.138344
v 0.271651 0.000000 0.138102
v 0.271612 0.000000 0.137840
v 0.271570 0.000000 0.137560
v 0.271526 0.000000 0.137266
v 0.271480 0.000000 0.136964
v 0.271433 0.000000 0.136656
v 0.271386 0.000000 0.136346
v 0.271339 0.000000 0.136039
v 0.271293 0.000000 0.135739
v 0.271249 0.000000 0.135450
v 0.271206 0.000000 0.135171
v 0.271165 0.000000 0.134903
v 0.271127 0.000000 0.134649
v 0.271091 0.000000 0.134410
v 0.271058 0.000000 0.134190
v 0.271028 0.000000 0.133991
v 0.271002 0.000000 0.133815
v 0.270980 0.000000 0.133664
v 0.270962 0.000000 0.133542
v 0.270949 0.000000 0.133451
v 0.270941 0.000000 0.133393
v 0.270938 0.000000 0.133372
v 0.270879 0.000000 0.133366
v 0.270708 0.000000 0.133360
v 0.270432 0.000000 0.133355
v 0.270059 0.000000 0.133351
v 0.269597 0.000000 0.133347
v 0.269054 0.000000 0.133344
v 0.268437 0.000000 0.133341
v 0.267755 0.000000 0.133338
v 0.267016 0.000000 0.133337
v 0.266226 0.000000 0.133335
v 0.265394 0.000000 0.133335
v 0.264528 0.000000 0.133334
v 0.263346 0.000000 0.133335
v 0.262306 0.000000 0.133338
v 0.261401 0.000000 0.133342
v 0.260624 0.000000 0.133348
v 0.259967 0.000000 0.133356
v 0.259421 0.000000 0.133367
v 0.258979 0.000000 0.133380
v 0.258634 0.000000 0.133395
v 0.258377 0.000000 0.133413
v 0.258200 0.000000 0.133434
v 0.258096 0.000000 0.133457
v 0.265088 0.000000 0.143425
v 0.265136 0.000000 0.143987
v 0.265195 0.000000 0.144661
v 0.265264 0.000000 0.145428
v 0.265341 0.000000 0.146267
v 0.265425 0.000000 0.147158
v 0.265513 0.000000 0.148079
v 0.265603 0.000000 0.149011
v 0.265694 0.000000 0.149933
v 0.265783 0.000000 0.150824
v 0.265869 0.000000 0.151663
v 0.265949 0.000000 0.152431
v 0.266022 0.000000 0.153106
v 0.266046 0.000000 0.153350
v 0.266070 0.000000 0.153588
v 0.266093 0.000000 0.153818
v 0.266115 0.000000 0.154038
v 0.266134 0.000000 0.154244
v 0.266153 0.000000 0.154436
v 0.266169 0.000000 0.154609
v 0.266182 0.000000 0.154762
v 0.266193 0.000000 0.154892
v 0.266202 0.000000 0.154997
v 0.266207 0.000000 0.155075
v 0.266209 0.000000 0.155122
v 0.266206 0.000000 0.155173
v 0.266194 0.000000 0.155217
v 0.266168 0.000000 0.155253
v 0.266126 0.000000 0.155283
v 0.266062 0.000000 0.155306
v 0.265972 0.000000 0.155324
v 0.265852 0.000000 0.155337
v 0.265698 0.000000 0.155347
v 0.265505 0.000000 0.155353
v 0.265269 0.000000 0.155356
v 0.264987 0.000000 0.155358
v 0.264653 0.000000 0.155358
v 0.264442 0.000000 0.155358
v 0.264239 0.000000 0.155357
v 0.264047 0.000000 0.155356
v 0.263868 0.000000 0.155354
v 0.263702 0.000000 0.155352
v 0.263553 0.000000 0.155349
v 0.263421 0.000000 0.155345
v 0.263310 0.000000 0.155342
v 0.263219 0.000000 0.155337
v 0.263153 0.000000 0.155332
v 0.263111 0.000000 0.155327
v 0.263097 0.000000 0.155321
v 0.263113 0.000000 0.155072
v 0.263157 0.000000 0.154602
v 0.263227 0.000000 0.153944
v 0.263318 0.000000 0.153128
v 0.263425 0.000000 0.152187
v 0.263547 0.000000 0.151152
v 0.263678 0.000000 0.150057
v 0.263814 0.000000 0.148933
v 0.263953 0.000000 0.147811
v 0.264090 0.000000 0.146724
v 0.264221 0.000000 0.145703
v 0.264342 0.000000 0.144782
v 0.264376 0.000000 0.144515
v 0.264412 0.000000 0.144246
v 0.264447 0.000000 0.143977
v 0.264481 0.000000 0.143713
v 0.264515 0.000000 0.143455
v 0.264547 0.000000 0.143208
v 0.264577 0.000000 0.142974
v 0.264604 0.000000 0.142757
v 0.264629 0.000000 0.142559
v 0.264649 0.000000 0.142385
v 0.264666 0.000000 0.142237
v 0.264678 0.000000 0.142119
v 0.264706 0.000000 0.141883
v 0.264736 0.000000 0.141710
v 0.264766 0.000000 0.141600
v 0.264798 0.000000 0.141553
v 0.264831 0.000000 0.141569
v 0.264864 0.000000 0.141648
v 0.264899 0.000000 0.141789
v 0.264935 0.000000 0.141992
v 0.264972 0.000000 0.142257
v 0.265010 0.000000 0.142585
v 0.265049 0.000000 0.142974
v 0.145114 0.000000 0.164317
v 0.145114 0.000000 0.167677
v 0.145799 0.000000 0.167677
v 0.145932 0.000000 0.167677
v 0.146048 0.000000 0.167680
v 0.146147 0.000000 0.167685
v 0.146231 0.000000 0.167693
v 0.146300 0.000000 0.167703
v 0.146356 0.000000 0.167717
v 0.146400 0.000000 0.167734
v 0.146433 0.000000 0.167756
v 0.146457 0.000000 0.167782
v 0.146472 0.000000 0.167812
v 0.146481 0.000000 0.167847
v 0.146483 0.000000 0.167888
v 0.146475 0.000000 0.167978
v 0.146450 0.000000 0.168078
v 0.146409 0.000000 0.168187
v 0.146355 0.000000 0.168303
v 0.146288 0.000000 0.168424
v 0.146209 0.000000 0.168548
v 0.146120 0.000000 0.168672
v 0.146022 0.000000 0.168796
v 0.145916 0.000000 0.168917
v 0.145803 0.000000 0.169033
v 0.145685 0.000000 0.169143
v 0.145562 0.000000 0.169244
v 0.145553 0.000000 0.169251
v 0.145529 0.000000 0.169271
v 0.145492 0.000000 0.169301
v 0.145446 0.000000 0.169338
v 0.145394 0.000000 0.169380
v 0.145338 0.000000 0.169425
v 0.145283 0.000000 0.169469
v 0.145230 0.000000 0.169512
v 0.145184 0.000000 0.169549
v 0.145147 0.000000 0.169578
v 0.145123 0.000000 0.169598
v 0.145114 0.000000 0.169605
v 0.145114 0.000000 0.170825
v 0.145114 0.000000 0.172056
v 0.145525 0.000000 0.171969
v 0.145982 0.000000 0.171848
v 0.146443 0.000000 0.171681
v 0.146902 0.000000 0.171472
v 0.147353 0.000000 0.171225
v 0.147792 0.000000 0.170945
v 0.148213 0.000000 0.170635
v 0.148611 0.000000 0.170299
v 0.148982 0.000000 0.169942
v 0.149319 0.000000 0.169569
v 0.149618 0.000000 0.169182
v 0.149873 0.000000 0.168786
v 0.150080 0.000000 0.168386
v 0.150210 0.000000 0.168092
v 0.150323 0.000000 0.167813
v 0.150418 0.000000 0.167540
v 0.150499 0.000000 0.167262
v 0.150567 0.000000 0.166969
v 0.150623 0.000000 0.166652
v 0.150669 0.000000 0.166299
v 0.150706 0.000000 0.165901
v 0.150736 0.000000 0.165448
v 0.150761 0.000000 0.164930
v 0.150783 0.000000 0.164336
v 0.150802 0.000000 0.163657
v 0.150803 0.000000 0.163604
v 0.150806 0.000000 0.163457
v 0.150811 0.000000 0.163236
v 0.150818 0.000000 0.162957
v 0.150825 0.000000 0.162642
v 0.150833 0.000000 0.162307
v 0.150841 0.000000 0.161973
v 0.150848 0.000000 0.161657
v 0.150854 0.000000 0.161379
v 0.150859 0.000000 0.161157
v 0.150863 0.000000 0.161011
v 0.150864 0.000000 0.160957
v 0.147989 0.000000 0.160957
v 0.145114 0.000000 0.160957
v 0.161418 0.000000 0.007077
v 0.161394 0.000000 0.007087
v 0.161345 0.000000 0.007099
v 0.161270 0.000000 0.007113
v 0.161172 0.000000 0.007128
v 0.161054 0.000000 0.007145
v 0.160917 0.000000 0.007162
v 0.160762 0.000000 0.007181
v 0.160593 0.000000 0.007199
v 0.160410 0.000000 0.007218
v 0.160215 0.000000 0.007238
v 0.160011 0.000000 0.007257
v 0.159800 0.000000 0.007276
v 0.158258 0.000000 0.007451
v 0.156741 0.000000 0.007682
v 0.155253 0.000000 0.007969
v 0.153799 0.000000 0.008309
v 0.152382 0.000000 0.008700
v 0.151009 0.000000 0.009142
v 0.149682 0.000000 0.009633
v 0.148406 0.000000 0.010171
v 0.147187 0.000000 0.010754
v 0.146027 0.000000 0.011382
v 0.144932 0.000000 0.012052
v 0.143907 0.000000 0.012763
v 0.143155 0.000000 0.013345
v 0.142430 0.000000 0.013964
v 0.141737 0.000000 0.014615
v 0.141076 0.000000 0.015295
v 0.140452 0.000000 0.016002
v 0.139865 0.000000 0.016732
v 0.139320 0.000000 0.017482
v 0.138818 0.000000 0.018248
v 0.138362 0.000000 0.019027
v 0.137956 0.000000 0.019816
v 0.137600 0.000000 0.020612
v 0.137298 0.000000 0.021411
v 0.136997 0.000000 0.022337
v 0.136722 0.000000 0.023318
v 0.136473 0.000000 0.024353
v 0.136249 0.000000 0.025440
v 0.136052 0.000000 0.026580
v 0.135881 0.000000 0.027772
v 0.135736 0.000000 0.029016
v 0.135618 0.000000 0.030310
v 0.135526 0.000000 0.031654
v 0.135460 0.000000 0.033048
v 0.135420 0.000000 0.034491
v 0.135407 0.000000 0.035982
v 0.135425 0.000000 0.037759
v 0.135480 0.000000 0.039422
v 0.135575 0.000000 0.040983
v 0.135713 0.000000 0.042453
v 0.135894 0.000000 0.043845
v 0.136122 0.000000 0.045169
v 0.136399 0.000000 0.046438
v 0.136727 0.000000 0.047664
v 0.137108 0.000000 0.048858
v 0.137544 0.000000 0.050032
v 0.138039 0.000000 0.051199
v 0.138593 0.000000 0.052369
v 0.138903 0.000000 0.052973
v 0.139223 0.000000 0.053560
v 0.139552 0.000000 0.054130
v 0.139890 0.000000 0.054680
v 0.140237 0.000000 0.055212
v 0.140592 0.000000 0.055724
v 0.140954 0.000000 0.056215
v 0.141323 0.000000 0.056685
v 0.141699 0.000000 0.057133
v 0.142081 0.000000 0.057559
v 0.142469 0.000000 0.057962
v 0.142862 0.000000 0.058341
v 0.143398 0.000000 0.058819
v 0.144038 0.000000 0.059359
v 0.144775 0.000000 0.059956
v 0.145601 0.000000 0.060606
v 0.146511 0.000000 0.061303
v 0.147497 0.000000 0.062041
v 0.148553 0.000000 0.062817
v 0.149671 0.000000 0.063625
v 0.150846 0.000000 0.064460
v 0.152069 0.000000 0.065317
v 0.153334 0.000000 0.066191
v 0.154635 0.000000 0.067076
v 0.156212 0.000000 0.068141
v 0.157590 0.000000 0.069073
v 0.158791 0.000000 0.069889
v 0.159837 0.000000 0.070602
v 0.160748 0.000000 0.071228
v 0.161545 0.000000 0.071781
v 0.162251 0.000000 0.072277
v 0.162887 0.000000 0.072729
v 0.163473 0.000000 0.073153
v 0.164032 0.000000 0.073564
v 0.164584 0.000000 0.073976
v 0.165151 0.000000 0.074405
v 0.165897 0.000000 0.074976
v 0.166567 0.000000 0.075502
v 0.167167 0.000000 0.075988
v 0.167701 0.000000 0.076439
v 0.168174 0.000000 0.076859
v 0.168589 0.000000 0.077253
v 0.168953 0.000000 0.077624
v 0.169269 0.000000 0.077978
v 0.169541 0.000000 0.078319
v 0.169774 0.000000 0.078651
v 0.169973 0.000000 0.078979
v 0.170142 0.000000 0.079307
v 0.170379 0.000000 0.079844
v 0.170594 0.000000 0.080398
v 0.170788 0.000000 0.080976
v 0.170960 0.000000 0.081583
v 0.171113 0.000000 0.082223
v 0.171247 0.000000 0.082903
v 0.171362 0.000000 0.083628
v 0.171460 0.000000 0.084403
v 0.171542 0.000000 0.085232
v 0.171608 0.000000 0.086122
v 0.171660 0.000000 0.087078
v 0.171698 0.000000 0.088105
v 0.171718 0.000000 0.089080
v 0.171718 0.000000 0.089986
v 0.171695 0.000000 0.090828
v 0.171650 0.000000 0.091608
v 0.171581 0.000000 0.092330
v 0.171489 0.000000 0.092998
v 0.171373 0.000000 0.093616
v 0.171231 0.000000 0.094187
v 0.171064 0.000000 0.094715
v 0.170871 0.000000 0.095204
v 0.170651 0.000000 0.095658
v 0.170403 0.000000 0.096080
v 0.170183 0.000000 0.096397
v 0.169952 0.000000 0.096686
v 0.169709 0.000000 0.096948
v 0.169452 0.000000 0.097185
v 0.169181 0.000000 0.097396
v 0.168896 0.000000 0.097583
v 0.168595 0.000000 0.097745
v 0.168277 0.000000 0.097883
v 0.167941 0.000000 0.097998
v 0.167587 0.000000 0.098090
v 0.167213 0.000000 0.098160
v 0.166819 0.000000 0.098208
v 0.166264 0.000000 0.098235
v 0.165728 0.000000 0.098210
v 0.165215 0.000000 0.098135
v 0.164728 0.000000 0.098013
v 0.164270 0.000000 0.097846
v 0.163845 0.000000 0.097634
v 0.163456 0.000000 0.097381
v 0.163107 0.000000 0.097088
v 0.162801 0.000000 0.096758
v 0.162542 0.000000 0.096391
v 0.162332 0.000000 0.095990
v 0.162177 0.000000 0.095558
v 0.162056 0.000000 0.095133
v 0.161954 0.000000 0.094732
v 0.161870 0.000000 0.094321
v 0.161800 0.000000 0.093869
v 0.161743 0.000000 0.093341
v 0.161698 0.000000 0.092704
v 0.161662 0.000000 0.091925
v 0.161633 0.000000 0.090971
v 0.161610 0.000000 0.089810
v 0.161590 0.000000 0.088407
v 0.161573 0.000000 0.086730
v 0.161555 0.000000 0.084745
v 0.161553 0.000000 0.084581
v 0.161549 0.000000 0.084127
v 0.161543 0.000000 0.083442
v 0.161535 0.000000 0.082584
v 0.161527 0.000000 0.081609
v 0.161517 0.000000 0.080577
v 0.161508 0.000000 0.079544
v 0.161499 0.000000 0.078570
v 0.161492 0.000000 0.077711
v 0.161485 0.000000 0.077026
v 0.161481 0.000000 0.076572
v 0.161480 0.000000 0.076408
v 0.148972 0.000000 0.076371
v 0.147279 0.000000 0.076368
v 0.145652 0.000000 0.076367
v 0.144105 0.000000 0.076366
v 0.142655 0.000000 0.076366
v 0.141316 0.000000 0.076367
v 0.140103 0.000000 0.076369
v 0.139033 0.000000 0.076372
v 0.138119 0.000000 0.076376
v 0.137378 0.000000 0.076380
v 0.136824 0.000000 0.076385
v 0.136473 0.000000 0.076390
v 0.136340 0.000000 0.076396
v 0.136303 0.000000 0.076667
v 0.136279 0.000000 0.077392
v 0.136266 0.000000 0.078487
v 0.136264 0.000000 0.079868
v 0.136271 0.000000 0.081451
v 0.136287 0.000000 0.083151
v 0.136311 0.000000 0.084884
v 0.136342 0.000000 0.086565
v 0.136379 0.000000 0.088111
v 0.136420 0.000000 0.089436
v 0.136466 0.000000 0.090458
v 0.136514 0.000000 0.091091
v 0.136646 0.000000 0.092209
v 0.136774 0.000000 0.093232
v 0.136901 0.000000 0.094169
v 0.137030 0.000000 0.095032
v 0.137161 0.000000 0.095832
v 0.137297 0.000000 0.096578
v 0.137440 0.000000 0.097282
v 0.137592 0.000000 0.097954
v 0.137755 0.000000 0.098604
v 0.137931 0.000000 0.099244
v 0.138123 0.000000 0.099884
v 0.138331 0.000000 0.100535
v 0.138684 0.000000 0.101519
v 0.139089 0.000000 0.102469
v 0.139547 0.000000 0.103387
v 0.140059 0.000000 0.104273
v 0.140627 0.000000 0.105129
v 0.141251 0.000000 0.105955
v 0.141933 0.000000 0.106754
v 0.142673 0.000000 0.107527
v 0.143472 0.000000 0.108274
v 0.144331 0.000000 0.108998
v 0.145251 0.000000 0.109698
v 0.146234 0.000000 0.110377
v 0.147458 0.000000 0.111151
v 0.148685 0.000000 0.111857
v 0.149926 0.000000 0.112499
v 0.151190 0.000000 0.113079
v 0.152489 0.000000 0.113602
v 0.153832 0.000000 0.114070
v 0.155230 0.000000 0.114486
v 0.156694 0.000000 0.114855
v 0.158233 0.000000 0.115179
v 0.159859 0.000000 0.115461
v 0.161580 0.000000 0.115705
v 0.163409 0.000000 0.115914
v 0.163950 0.000000 0.115958
v 0.164622 0.000000 0.115990
v 0.165400 0.000000 0.116010
v 0.166259 0.000000 0.116019
v 0.167173 0.000000 0.116018
v 0.168116 0.000000 0.116006
v 0.169065 0.000000 0.115985
v 0.169993 0.000000 0.115955
v 0.170875 0.000000 0.115916
v 0.171686 0.000000 0.115869
v 0.172400 0.000000 0.115814
v 0.172992 0.000000 0.115753
v 0.173575 0.000000 0.115674
v 0.174162 0.000000 0.115590
v 0.174747 0.000000 0.115501
v 0.175324 0.000000 0.115408
v 0.175886 0.000000 0.115313
v 0.176429 0.000000 0.115216
v 0.176944 0.000000 0.115119
v 0.177426 0.000000 0.115023
v 0.177870 0.000000 0.114928
v 0.178268 0.000000 0.114837
v 0.178614 0.000000 0.114751
v 0.178904 0.000000 0.114670
v 0.178965 0.000000 0.114652
v 0.179042 0.000000 0.114628
v 0.179134 0.000000 0.114600
v 0.179239 0.000000 0.114568
v 0.179354 0.000000 0.114533
v 0.179479 0.000000 0.114494
v 0.179612 0.000000 0.114454
v 0.179751 0.000000 0.114411
v 0.179894 0.000000 0.114367
v 0.180040 0.000000 0.114323
v 0.180188 0.000000 0.114278
v 0.180335 0.000000 0.114235
v 0.181252 0.000000 0.113937
v 0.182183 0.000000 0.113602
v 0.183119 0.000000 0.113231
v 0.184053 0.000000 0.112830
v 0.184979 0.000000 0.112401
v 0.185889 0.000000 0.111948
v 0.186775 0.000000 0.111475
v 0.187631 0.000000 0.110986
v 0.188448 0.000000 0.110483
v 0.189221 0.000000 0.109971
v 0.189942 0.000000 0.109454
v 0.190602 0.000000 0.108934
v 0.191496 0.000000 0.108160
v 0.192307 0.000000 0.107375
v 0.193040 0.000000 0.106569
v 0.193702 0.000000 0.105731
v 0.194296 0.000000 0.104854
v 0.194828 0.000000 0.103926
v 0.195302 0.000000 0.102937
v 0.195725 0.000000 0.101879
v 0.196101 0.000000 0.100741
v 0.196436 0.000000 0.099514
v 0.196733 0.000000 0.098188
v 0.196999 0.000000 0.096752
v 0.197169 0.000000 0.095590
v 0.197312 0.000000 0.094273
v 0.197428 0.000000 0.092829
v 0.197516 0.000000 0.091283
v 0.197576 0.000000 0.089663
v 0.197608 0.000000 0.087994
v 0.197611 0.000000 0.086304
v 0.197587 0.000000 0.084619
v 0.197533 0.000000 0.082966
v 0.197451 0.000000 0.081371
v 0.197339 0.000000 0.079860
v 0.197198 0.000000 0.078461
v 0.197147 0.000000 0.078041
v 0.197088 0.000000 0.077590
v 0.197021 0.000000 0.077117
v 0.196950 0.000000 0.076632
v 0.196875 0.000000 0.076145
v 0.196799 0.000000 0.075665
v 0.196722 0.000000 0.075202
v 0.196646 0.000000 0.074766
v 0.196574 0.000000 0.074367
v 0.196506 0.000000 0.074014
v 0.196444 0.000000 0.073716
v 0.196389 0.000000 0.073484
v 0.196372 0.000000 0.073419
v 0.196353 0.000000 0.073341
v 0.196330 0.000000 0.073253
v 0.196306 0.000000 0.073156
v 0.196280 0.000000 0.073052
v 0.196253 0.000000 0.072941
v 0.196224 0.000000 0.072827
v 0.196195 0.000000 0.072709
v 0.196165 0.000000 0.072590
v 0.196136 0.000000 0.072471
v 0.196107 0.000000 0.072354
v 0.196078 0.000000 0.072240
v 0.195994 0.000000 0.071921
v 0.195909 0.000000 0.071611
v 0.195821 0.000000 0.071308
v 0.195732 0.000000 0.071009
v 0.195640 0.000000 0.070714
v 0.195545 0.000000 0.070420
v 0.195445 0.000000 0.070126
v 0.195342 0.000000 0.069829
v 0.195233 0.000000 0.069528
v 0.195119 0.000000 0.069221
v 0.194998 0.000000 0.068906
v 0.194871 0.000000 0.068582
v 0.194586 0.000000 0.067906
v 0.194294 0.000000 0.067267
v 0.193991 0.000000 0.066659
v 0.193672 0.000000 0.066075
v 0.193333 0.000000 0.065510
v 0.192970 0.000000 0.064956
v 0.192579 0.000000 0.064408
v 0.192154 0.000000 0.063859
v 0.191693 0.000000 0.063303
v 0.191190 0.000000 0.062733
v 0.190641 0.000000 0.062143
v 0.190042 0.000000 0.061527
v 0.188988 0.000000 0.060499
v 0.187844 0.000000 0.059453
v 0.186605 0.000000 0.058386
v 0.185266 0.000000 0.057294
v 0.183821 0.000000 0.056173
v 0.182265 0.000000 0.055019
v 0.180594 0.000000 0.053829
v 0.178802 0.000000 0.052599
v 0.176883 0.000000 0.051326
v 0.174833 0.000000 0.050004
v 0.172645 0.000000 0.048632
v 0.170316 0.000000 0.047205
v 0.169563 0.000000 0.046741
v 0.168862 0.000000 0.046300
v 0.168211 0.000000 0.045880
v 0.167605 0.000000 0.045476
v 0.167041 0.000000 0.045088
v 0.166516 0.000000 0.044712
v 0.166024 0.000000 0.044345
v 0.165564 0.000000 0.043986
v 0.165131 0.000000 0.043630
v 0.164721 0.000000 0.043277
v 0.164331 0.000000 0.042922
v 0.163957 0.000000 0.042564
v 0.163641 0.000000 0.042246
v 0.163359 0.000000 0.041948
v 0.163107 0.000000 0.041665
v 0.162882 0.000000 0.041392
v 0.162681 0.000000 0.041125
v 0.162500 0.000000 0.040859
v 0.162338 0.000000 0.040589
v 0.162189 0.000000 0.040309
v 0.162052 0.000000 0.040016
v 0.161924 0.000000 0.039704
v 0.161800 0.000000 0.039369
v 0.161679 0.000000 0.039005
v 0.161540 0.000000 0.038554
v 0.161421 0.000000 0.038139
v 0.161320 0.000000 0.037746
v 0.161236 0.000000 0.037363
v 0.161167 0.000000 0.036976
v 0.161113 0.000000 0.036574
v 0.161071 0.000000 0.036143
v 0.161039 0.000000 0.035671
v 0.161018 0.000000 0.035143
v 0.161004 0.000000 0.034549
v 0.160997 0.000000 0.033875
v 0.160995 0.000000 0.033107
v 0.160995 0.000000 0.032455
v 0.160998 0.000000 0.031893
v 0.161002 0.000000 0.031411
v 0.161010 0.000000 0.030998
v 0.161022 0.000000 0.030646
v 0.161038 0.000000 0.030343
v 0.161060 0.000000 0.030081
v 0.161087 0.000000 0.029849
v 0.161121 0.000000 0.029637
v 0.161162 0.000000 0.029436
v 0.161211 0.000000 0.029236
v 0.161268 0.000000 0.029026
v 0.161351 0.000000 0.028733
v 0.161430 0.000000 0.028466
v 0.161509 0.000000 0.028223
v 0.161588 0.000000 0.028000
v 0.161670 0.000000 0.027793
v 0.161755 0.000000 0.027598
v 0.161846 0.000000 0.027412
v 0.161944 0.000000 0.027231
v 0.162051 0.000000 0.027052
v 0.162167 0.000000 0.026871
v 0.162296 0.000000 0.026684
v 0.162438 0.000000 0.026488
v 0.162783 0.000000 0.026088
v 0.163182 0.000000 0.025741
v 0.163627 0.000000 0.025449
v 0.164109 0.000000 0.025212
v 0.164620 0.000000 0.025034
v 0.165151 0.000000 0.024914
v 0.165694 0.000000 0.024854
v 0.166239 0.000000 0.024855
v 0.166779 0.000000 0.024920
v 0.167304 0.000000 0.025049
v 0.167805 0.000000 0.025243
v 0.168275 0.000000 0.025505
v 0.168633 0.000000 0.025782
v 0.168943 0.000000 0.026118
v 0.169209 0.000000 0.026533
v 0.169434 0.000000 0.027046
v 0.169620 0.000000 0.027678
v 0.169772 0.000000 0.028449
v 0.169892 0.000000 0.029379
v 0.169983 0.000000 0.030487
v 0.170050 0.000000 0.031795
v 0.170094 0.000000 0.033322
v 0.170120 0.000000 0.035088
v 0.170130 0.000000 0.037114
v 0.170130 0.000000 0.037185
v 0.170130 0.000000 0.037384
v 0.170130 0.000000 0.037683
v 0.170130 0.000000 0.038059
v 0.170130 0.000000 0.038485
v 0.170130 0.000000 0.038937
v 0.170130 0.000000 0.039388
v 0.170130 0.000000 0.039814
v 0.170130 0.000000 0.040190
v 0.170130 0.000000 0.040489
v 0.170130 0.000000 0.040688
v 0.170130 0.000000 0.040760
v 0.182774 0.000000 0.040760
v 0.195431 0.000000 0.040760
v 0.195357 0.000000 0.035932
v 0.195326 0.000000 0.034257
v 0.195284 0.000000 0.032714
v 0.195230 0.000000 0.031291
v 0.195161 0.000000 0.029976
v 0.195077 0.000000 0.028757
v 0.194977 0.000000 0.027621
v 0.194859 0.000000 0.026558
v 0.194722 0.000000 0.025554
v 0.194565 0.000000 0.024598
v 0.194387 0.000000 0.023678
v 0.194187 0.000000 0.022781
v 0.193963 0.000000 0.021896
v 0.193670 0.000000 0.020908
v 0.193331 0.000000 0.019969
v 0.192944 0.000000 0.019075
v 0.192505 0.000000 0.018224
v 0.192012 0.000000 0.017410
v 0.191461 0.000000 0.016631
v 0.190850 0.000000 0.015883
v 0.190176 0.000000 0.015162
v 0.189437 0.000000 0.014465
v 0.188628 0.000000 0.013787
v 0.187748 0.000000 0.013126
v 0.186794 0.000000 0.012477
v 0.185706 0.000000 0.011806
v 0.184577 0.000000 0.011181
v 0.183403 0.000000 0.010600
v 0.182183 0.000000 0.010064
v 0.180915 0.000000 0.009570
v 0.179596 0.000000 0.009119
v 0.178224 0.000000 0.008710
v 0.176798 0.000000 0.008341
v 0.175315 0.000000 0.008013
v 0.173773 0.000000 0.007725
v 0.172169 0.000000 0.007475
v 0.170503 0.000000 0.007263
v 0.170075 0.000000 0.007232
v 0.169423 0.000000 0.007199
v 0.168595 0.000000 0.007168
v 0.167641 0.000000 0.007138
v 0.166611 0.000000 0.007110
v 0.165554 0.000000 0.007086
v 0.164520 0.000000 0.007067
v 0.163557 0.000000 0.007053
v 0.162716 0.000000 0.007046
v 0.162047 0.000000 0.007047
v 0.161597 0.000000 0.007057
v 0.420470 0.000000 0.007176
v 0.419917 0.000000 0.007247
v 0.419392 0.000000 0.007314
v 0.418897 0.000000 0.007378
v 0.418434 0.000000 0.007439
v 0.418004 0.000000 0.007497
v 0.417611 0.000000 0.007551
v 0.417255 0.000000 0.007601
v 0.416939 0.000000 0.007647
v 0.416665 0.000000 0.007689
v 0.416435 0.000000 0.007726
v 0.416251 0.000000 0.007759
v 0.416114 0.000000 0.007786
v 0.414953 0.000000 0.008049
v 0.413853 0.000000 0.008322
v 0.412810 0.000000 0.008609
v 0.411816 0.000000 0.008912
v 0.410866 0.000000 0.009234
v 0.409954 0.000000 0.009576
v 0.409072 0.000000 0.009942
v 0.408215 0.000000 0.010335
v 0.407378 0.000000 0.010755
v 0.406552 0.000000 0.011208
v 0.405733 0.000000 0.011693
v 0.404913 0.000000 0.012216
v 0.403980 0.000000 0.012858
v 0.403085 0.000000 0.013533
v 0.402227 0.000000 0.014242
v 0.401407 0.000000 0.014984
v 0.400625 0.000000 0.015760
v 0.399881 0.000000 0.016571
v 0.399174 0.000000 0.017415
v 0.398504 0.000000 0.018294
v 0.397872 0.000000 0.019208
v 0.397278 0.000000 0.020156
v 0.396721 0.000000 0.021139
v 0.396201 0.000000 0.022157
v 0.395851 0.000000 0.022906
v 0.395532 0.000000 0.023637
v 0.395244 0.000000 0.024358
v 0.394984 0.000000 0.025075
v 0.394751 0.000000 0.025795
v 0.394543 0.000000 0.026525
v 0.394359 0.000000 0.027272
v 0.394196 0.000000 0.028042
v 0.394052 0.000000 0.028842
v 0.393927 0.000000 0.029679
v 0.393819 0.000000 0.030559
v 0.393725 0.000000 0.031490
v 0.393613 0.000000 0.032744
v 0.393518 0.000000 0.033919
v 0.393440 0.000000 0.035107
v 0.393377 0.000000 0.036399
v 0.393326 0.000000 0.037888
v 0.393288 0.000000 0.039665
v 0.393259 0.000000 0.041822
v 0.393239 0.000000 0.044452
v 0.393226 0.000000 0.047647
v 0.393219 0.000000 0.051498
v 0.393215 0.000000 0.056098
v 0.393215 0.000000 0.061539
v 0.393215 0.000000 0.066983
v 0.393219 0.000000 0.071586
v 0.393226 0.000000 0.075440
v 0.393239 0.000000 0.078637
v 0.393259 0.000000 0.081269
v 0.393288 0.000000 0.083428
v 0.393326 0.000000 0.085205
v 0.393377 0.000000 0.086693
v 0.393440 0.000000 0.087983
v 0.393518 0.000000 0.089168
v 0.393613 0.000000 0.090339
v 0.393725 0.000000 0.091589
v 0.393839 0.000000 0.092665
v 0.393978 0.000000 0.093695
v 0.394142 0.000000 0.094683
v 0.394333 0.000000 0.095634
v 0.394553 0.000000 0.096553
v 0.394803 0.000000 0.097444
v 0.395084 0.000000 0.098314
v 0.395398 0.000000 0.099165
v 0.395746 0.000000 0.100003
v 0.396130 0.000000 0.100833
v 0.396551 0.000000 0.101660
v 0.397010 0.000000 0.102488
v 0.398177 0.000000 0.104326
v 0.399473 0.000000 0.106031
v 0.400899 0.000000 0.107603
v 0.402455 0.000000 0.109043
v 0.404141 0.000000 0.110350
v 0.405957 0.000000 0.111525
v 0.407904 0.000000 0.112568
v 0.409981 0.000000 0.113479
v 0.412189 0.000000 0.114257
v 0.414528 0.000000 0.114904
v 0.416998 0.000000 0.115419
v 0.419599 0.000000 0.115802
v 0.420114 0.000000 0.115852
v 0.420758 0.000000 0.115896
v 0.421505 0.000000 0.115934
v 0.422327 0.000000 0.115965
v 0.423198 0.000000 0.115988
v 0.424092 0.000000 0.116004
v 0.424981 0.000000 0.116013
v 0.425840 0.000000 0.116013
v 0.426642 0.000000 0.116005
v 0.427359 0.000000 0.115988
v 0.427966 0.000000 0.115962
v 0.428435 0.000000 0.115927
v 0.429651 0.000000 0.115788
v 0.430776 0.000000 0.115645
v 0.431821 0.000000 0.115494
v 0.432799 0.000000 0.115333
v 0.433722 0.000000 0.115158
v 0.434603 0.000000 0.114967
v 0.435455 0.000000 0.114757
v 0.436289 0.000000 0.114526
v 0.437118 0.000000 0.114270
v 0.437954 0.000000 0.113986
v 0.438810 0.000000 0.113673
v 0.439698 0.000000 0.113326
v 0.441304 0.000000 0.112616
v 0.442844 0.000000 0.111806
v 0.444316 0.000000 0.110901
v 0.445715 0.000000 0.109905
v 0.447037 0.000000 0.108821
v 0.448280 0.000000 0.107654
v 0.449438 0.000000 0.106407
v 0.450508 0.000000 0.105084
v 0.451487 0.000000 0.103690
v 0.452371 0.000000 0.102228
v 0.453155 0.000000 0.100702
v 0.453836 0.000000 0.099117
v 0.454308 0.000000 0.097814
v 0.454710 0.000000 0.096470
v 0.455050 0.000000 0.094996
v 0.455332 0.000000 0.093308
v 0.455561 0.000000 0.091318
v 0.455742 0.000000 0.088941
v 0.455881 0.000000 0.086091
v 0.455983 0.000000 0.082682
v 0.456054 0.000000 0.078627
v 0.456098 0.000000 0.073840
v 0.456120 0.000000 0.068235
v 0.456126 0.000000 0.061726
v 0.456120 0.000000 0.055544
v 0.456099 0.000000 0.050163
v 0.456060 0.000000 0.045513
v 0.455999 0.000000 0.041526
v 0.455913 0.000000 0.038133
v 0.455798 0.000000 0.035266
v 0.455652 0.000000 0.032856
v 0.455470 0.000000 0.030835
v 0.455250 0.000000 0.029134
v 0.454987 0.000000 0.027685
v 0.454679 0.000000 0.026419
v 0.454322 0.000000 0.025268
v 0.453820 0.000000 0.023923
v 0.453254 0.000000 0.022620
v 0.452625 0.000000 0.021359
v 0.451935 0.000000 0.020144
v 0.451183 0.000000 0.018974
v 0.450372 0.000000 0.017851
v 0.449502 0.000000 0.016776
v 0.448574 0.000000 0.015752
v 0.447589 0.000000 0.014778
v 0.446548 0.000000 0.013857
v 0.445453 0.000000 0.012990
v 0.444303 0.000000 0.012178
v 0.443411 0.000000 0.011615
v 0.442461 0.000000 0.011076
v 0.441459 0.000000 0.010563
v 0.440411 0.000000 0.010080
v 0.439321 0.000000 0.009627
v 0.438196 0.000000 0.009208
v 0.437039 0.000000 0.008822
v 0.435858 0.000000 0.008474
v 0.434656 0.000000 0.008164
v 0.433441 0.000000 0.007895
v 0.432215 0.000000 0.007669
v 0.430987 0.000000 0.007487
v 0.430767 0.000000 0.007459
v 0.430540 0.000000 0.007429
v 0.430309 0.000000 0.007398
v 0.430077 0.000000 0.007368
v 0.429846 0.000000 0.007337
v 0.429619 0.000000 0.007307
v 0.429400 0.000000 0.007278
v 0.429192 0.000000 0.007251
v 0.428997 0.000000 0.007225
v 0.428818 0.000000 0.007202
v 0.428659 0.000000 0.007181
v 0.428522 0.000000 0.007164
v 0.428157 0.000000 0.007130
v 0.427629 0.000000 0.007103
v 0.426972 0.000000 0.007082
v 0.426216 0.000000 0.007068
v 0.425394 0.000000 0.007060
v 0.424538 0.000000 0.007058
v 0.423680 0.000000 0.007063
v 0.422851 0.000000 0.007074
v 0.422084 0.000000 0.007090
v 0.421410 0.000000 0.007113
v 0.420861 0.000000 0.007142
v 0.425871 0.000000 0.025007
v 0.426197 0.000000 0.025109
v 0.426496 0.000000 0.025228
v 0.426770 0.000000 0.025366
v 0.427020 0.000000 0.025524
v 0.427247 0.000000 0.025704
v 0.427452 0.000000 0.025907
v 0.427636 0.000000 0.026135
v 0.427801 0.000000 0.026389
v 0.427947 0.000000 0.026671
v 0.428076 0.000000 0.026981
v 0.428188 0.000000 0.027322
v 0.428286 0.000000 0.027695
v 0.428406 0.000000 0.028214
v 0.428506 0.000000 0.028749
v 0.428588 0.000000 0.029418
v 0.428654 0.000000 0.030338
v 0.428705 0.000000 0.031627
v 0.428743 0.000000 0.033403
v 0.428771 0.000000 0.035782
v 0.428789 0.000000 0.038883
v 0.428800 0.000000 0.042823
v 0.428806 0.000000 0.047720
v 0.428808 0.000000 0.053691
v 0.428809 0.000000 0.060855
v 0.428808 0.000000 0.068004
v 0.428806 0.000000 0.073987
v 0.428801 0.000000 0.078917
v 0.428790 0.000000 0.082911
v 0.428772 0.000000 0.086083
v 0.428745 0.000000 0.088546
v 0.428707 0.000000 0.090417
v 0.428657 0.000000 0.091809
v 0.428593 0.000000 0.092837
v 0.428513 0.000000 0.093616
v 0.428416 0.000000 0.094261
v 0.428298 0.000000 0.094886
v 0.428220 0.000000 0.095238
v 0.428128 0.000000 0.095573
v 0.428022 0.000000 0.095889
v 0.427903 0.000000 0.096186
v 0.427772 0.000000 0.096463
v 0.427628 0.000000 0.096720
v 0.427472 0.000000 0.096956
v 0.427304 0.000000 0.097170
v 0.427124 0.000000 0.097362
v 0.426933 0.000000 0.097531
v 0.426731 0.000000 0.097676
v 0.426519 0.000000 0.097798
v 0.426281 0.000000 0.097905
v 0.426023 0.000000 0.097996
v 0.425748 0.000000 0.098072
v 0.425459 0.000000 0.098131
v 0.425160 0.000000 0.098174
v 0.424852 0.000000 0.098200
v 0.424540 0.000000 0.098210
v 0.424226 0.000000 0.098202
v 0.423913 0.000000 0.098177
v 0.423603 0.000000 0.098135
v 0.423301 0.000000 0.098075
v 0.423009 0.000000 0.097997
v 0.422829 0.000000 0.097934
v 0.422646 0.000000 0.097848
v 0.422462 0.000000 0.097741
v 0.422280 0.000000 0.097615
v 0.422102 0.000000 0.097473
v 0.421931 0.000000 0.097317
v 0.421769 0.000000 0.097149
v 0.421618 0.000000 0.096972
v 0.421481 0.000000 0.096788
v 0.421361 0.000000 0.096599
v 0.421259 0.000000 0.096408
v 0.421180 0.000000 0.096217
v 0.421007 0.000000 0.095709
v 0.420863 0.000000 0.095135
v 0.420744 0.000000 0.094386
v 0.420648 0.000000 0.093348
v 0.420572 0.000000 0.091911
v 0.420514 0.000000 0.089963
v 0.420471 0.000000 0.087393
v 0.420442 0.000000 0.084089
v 0.420423 0.000000 0.079939
v 0.420413 0.000000 0.074833
v 0.420409 0.000000 0.068658
v 0.420408 0.000000 0.061303
v 0.420409 0.000000 0.055611
v 0.420411 0.000000 0.050670
v 0.420416 0.000000 0.046423
v 0.420423 0.000000 0.042817
v 0.420433 0.000000 0.039796
v 0.420445 0.000000 0.037305
v 0.420461 0.000000 0.035290
v 0.420480 0.000000 0.033696
v 0.420502 0.000000 0.032468
v 0.420529 0.000000 0.031551
v 0.420559 0.000000 0.030891
v 0.420595 0.000000 0.030432
v 0.420660 0.000000 0.029813
v 0.420727 0.000000 0.029258
v 0.420798 0.000000 0.028763
v 0.420873 0.000000 0.028321
v 0.420955 0.000000 0.027928
v 0.421046 0.000000 0.027578
v 0.421146 0.000000 0.027265
v 0.421257 0.000000 0.026985
v 0.421382 0.000000 0.026731
v 0.421522 0.000000 0.026499
v 0.421678 0.000000 0.026283
v 0.421852 0.000000 0.026077
v 0.422105 0.000000 0.025824
v 0.422380 0.000000 0.025599
v 0.422674 0.000000 0.025402
v 0.422985 0.000000 0.025236
v 0.423312 0.000000 0.025098
v 0.423651 0.000000 0.024991
v 0.424003 0.000000 0.024915
v 0.424365 0.000000 0.024870
v 0.424734 0.000000 0.024856
v 0.425110 0.000000 0.024874
v 0.425489 0.000000 0.024924
v 0.493699 0.000000 0.007089
v 0.493680 0.000000 0.007097
v 0.493635 0.000000 0.007107
v 0.493568 0.000000 0.007119
v 0.493478 0.000000 0.007133
v 0.493370 0.000000 0.007148
v 0.493243 0.000000 0.007165
v 0.493101 0.000000 0.007184
v 0.492945 0.000000 0.007204
v 0.492777 0.000000 0.007224
v 0.492598 0.000000 0.007245
v 0.492412 0.000000 0.007267
v 0.492218 0.000000 0.007288
v 0.491677 0.000000 0.007347
v 0.491109 0.000000 0.007418
v 0.490525 0.000000 0.007498
v 0.489933 0.000000 0.007587
v 0.489342 0.000000 0.007682
v 0.488762 0.000000 0.007783
v 0.488200 0.000000 0.007887
v 0.487667 0.000000 0.007993
v 0.487171 0.000000 0.008100
v 0.486721 0.000000 0.008206
v 0.486326 0.000000 0.008309
v 0.485996 0.000000 0.008408
v 0.485948 0.000000 0.008422
v 0.485892 0.000000 0.008438
v 0.485830 0.000000 0.008456
v 0.485761 0.000000 0.008475
v 0.485688 0.000000 0.008497
v 0.485611 0.000000 0.008519
v 0.485531 0.000000 0.008542
v 0.485450 0.000000 0.008565
v 0.485367 0.000000 0.008588
v 0.485285 0.000000 0.008612
v 0.485203 0.000000 0.008635
v 0.485124 0.000000 0.008657
v 0.484359 0.000000 0.008891
v 0.483574 0.000000 0.009162
v 0.482774 0.000000 0.009467
v 0.481967 0.000000 0.009803
v 0.481159 0.000000 0.010166
v 0.480355 0.000000 0.010554
v 0.479561 0.000000 0.010965
v 0.478785 0.000000 0.011393
v 0.478033 0.000000 0.011838
v 0.477310 0.000000 0.012295
v 0.476622 0.000000 0.012762
v 0.475977 0.000000 0.013236
v 0.474842 0.000000 0.014155
v 0.473765 0.000000 0.015141
v 0.472749 0.000000 0.016192
v 0.471797 0.000000 0.017302
v 0.470912 0.000000 0.018468
v 0.470095 0.000000 0.019684
v 0.469349 0.000000 0.020949
v 0.468677 0.000000 0.022256
v 0.468082 0.000000 0.023602
v 0.467566 0.000000 0.024982
v 0.467131 0.000000 0.026394
v 0.466780 0.000000 0.027831
v 0.466571 0.000000 0.028973
v 0.466384 0.000000 0.030337
v 0.466220 0.000000 0.031947
v 0.466077 0.000000 0.033827
v 0.465954 0.000000 0.036003
v 0.465851 0.000000 0.038498
v 0.465766 0.000000 0.041337
v 0.465698 0.000000 0.044544
v 0.465647 0.000000 0.048143
v 0.465612 0.000000 0.052159
v 0.465592 0.000000 0.056616
v 0.465585 0.000000 0.061539
v 0.465591 0.000000 0.066184
v 0.465611 0.000000 0.070442
v 0.465645 0.000000 0.074326
v 0.465693 0.000000 0.077848
v 0.465756 0.000000 0.081024
v 0.465834 0.000000 0.083865
v 0.465927 0.000000 0.086385
v 0.466037 0.000000 0.088597
v 0.466162 0.000000 0.090515
v 0.466305 0.000000 0.092152
v 0.466465 0.000000 0.093522
v 0.466643 0.000000 0.094637
v 0.466761 0.000000 0.095235
v 0.466891 0.000000 0.095821
v 0.467034 0.000000 0.096397
v 0.467191 0.000000 0.096965
v 0.467361 0.000000 0.097526
v 0.467545 0.000000 0.098081
v 0.467744 0.000000 0.098631
v 0.467957 0.000000 0.099177
v 0.468186 0.000000 0.099722
v 0.468431 0.000000 0.100266
v 0.468692 0.000000 0.100810
v 0.468970 0.000000 0.101356
v 0.469525 0.000000 0.102373
v 0.470113 0.000000 0.103354
v 0.470735 0.000000 0.104297
v 0.471390 0.000000 0.105203
v 0.472078 0.000000 0.106072
v 0.472800 0.000000 0.106906
v 0.473556 0.000000 0.107703
v 0.474346 0.000000 0.108463
v 0.475169 0.000000 0.109188
v 0.476027 0.000000 0.109877
v 0.476918 0.000000 0.110531
v 0.477844 0.000000 0.111149
v 0.478764 0.000000 0.111700
v 0.479741 0.000000 0.112227
v 0.480769 0.000000 0.112728
v 0.481841 0.000000 0.113199
v 0.482951 0.000000 0.113639
v 0.484091 0.000000 0.114046
v 0.485257 0.000000 0.114418
v 0.486441 0.000000 0.114752
v 0.487637 0.000000 0.115045
v 0.488839 0.000000 0.115297
v 0.490041 0.000000 0.115505
v 0.491235 0.000000 0.115665
v 0.491402 0.000000 0.115685
v 0.491579 0.000000 0.115706
v 0.491763 0.000000 0.115727
v 0.491951 0.000000 0.115749
v 0.492141 0.000000 0.115772
v 0.492330 0.000000 0.115795
v 0.492517 0.000000 0.115817
v 0.492697 0.000000 0.115839
v 0.492870 0.000000 0.115860
v 0.493032 0.000000 0.115880
v 0.493180 0.000000 0.115898
v 0.493313 0.000000 0.115914
v 0.493699 0.000000 0.115951
v 0.494228 0.000000 0.115982
v 0.494871 0.000000 0.116005
v 0.495602 0.000000 0.116022
v 0.496390 0.000000 0.116032
v 0.497209 0.000000 0.116036
v 0.498030 0.000000 0.116032
v 0.498824 0.000000 0.116022
v 0.499565 0.000000 0.116005
v 0.500223 0.000000 0.115982
v 0.500770 0.000000 0.115951
v 0.501179 0.000000 0.115914
v 0.502090 0.000000 0.115801
v 0.502873 0.000000 0.115702
v 0.503547 0.000000 0.115614
v 0.504130 0.000000 0.115535
v 0.504638 0.000000 0.115461
v 0.505090 0.000000 0.115390
v 0.505503 0.000000 0.115319
v 0.505894 0.000000 0.115244
v 0.506282 0.000000 0.115164
v 0.506684 0.000000 0.115074
v 0.507118 0.000000 0.114973
v 0.507601 0.000000 0.114857
v 0.508591 0.000000 0.114597
v 0.509582 0.000000 0.114300
v 0.510568 0.000000 0.113967
v 0.511546 0.000000 0.113599
v 0.512511 0.000000 0.113200
v 0.513461 0.000000 0.112769
v 0.514391 0.000000 0.112311
v 0.515297 0.000000 0.111825
v 0.516175 0.000000 0.111315
v 0.517021 0.000000 0.110782
v 0.517832 0.000000 0.110228
v 0.518603 0.000000 0.109656
v 0.519679 0.000000 0.108766
v 0.520708 0.000000 0.107799
v 0.521686 0.000000 0.106762
v 0.522608 0.000000 0.105662
v 0.523472 0.000000 0.104506
v 0.524271 0.000000 0.103299
v 0.525004 0.000000 0.102049
v 0.525665 0.000000 0.100762
v 0.526251 0.000000 0.099446
v 0.526757 0.000000 0.098106
v 0.527179 0.000000 0.096750
v 0.527514 0.000000 0.095384
v 0.527640 0.000000 0.094736
v 0.527758 0.000000 0.094022
v 0.527868 0.000000 0.093238
v 0.527970 0.000000 0.092378
v 0.528065 0.000000 0.091438
v 0.528153 0.000000 0.090414
v 0.528235 0.000000 0.089301
v 0.528310 0.000000 0.088095
v 0.528380 0.000000 0.086791
v 0.528444 0.000000 0.085384
v 0.528504 0.000000 0.083870
v 0.528559 0.000000 0.082244
v 0.528596 0.000000 0.080436
v 0.528626 0.000000 0.077733
v 0.528650 0.000000 0.074314
v 0.528667 0.000000 0.070356
v 0.528677 0.000000 0.066039
v 0.528680 0.000000 0.061542
v 0.528677 0.000000 0.057044
v 0.528667 0.000000 0.052722
v 0.528650 0.000000 0.048757
v 0.528626 0.000000 0.045326
v 0.528596 0.000000 0.042609
v 0.528559 0.000000 0.040784
v 0.528519 0.000000 0.039620
v 0.528474 0.000000 0.038470
v 0.528424 0.000000 0.037344
v 0.528370 0.000000 0.036249
v 0.528313 0.000000 0.035195
v 0.528252 0.000000 0.034190
v 0.528190 0.000000 0.033241
v 0.528126 0.000000 0.032358
v 0.528060 0.000000 0.031549
v 0.527994 0.000000 0.030822
v 0.527928 0.000000 0.030186
v 0.527862 0.000000 0.029648
v 0.527583 0.000000 0.028028
v 0.527195 0.000000 0.026431
v 0.526703 0.000000 0.024863
v 0.526109 0.000000 0.023331
v 0.525418 0.000000 0.021842
v 0.524634 0.000000 0.020400
v 0.523760 0.000000 0.019013
v 0.522799 0.000000 0.017686
v 0.521756 0.000000 0.016427
v 0.520634 0.000000 0.015240
v 0.519436 0.000000 0.014133
v 0.518167 0.000000 0.013112
v 0.517616 0.000000 0.012709
v 0.517035 0.000000 0.012313
v 0.516429 0.000000 0.011924
v 0.515801 0.000000 0.011544
v 0.515156 0.000000 0.011176
v 0.514496 0.000000 0.010822
v 0.513825 0.000000 0.010483
v 0.513148 0.000000 0.010162
v 0.512469 0.000000 0.009860
v 0.511790 0.000000 0.009580
v 0.511116 0.000000 0.009324
v 0.510451 0.000000 0.009093
v 0.509734 0.000000 0.008859
v 0.509053 0.000000 0.008649
v 0.508395 0.000000 0.008459
v 0.507744 0.000000 0.008286
v 0.507086 0.000000 0.008127
v 0.506406 0.000000 0.007979
v 0.505690 0.000000 0.007839
v 0.504923 0.000000 0.007705
v 0.504091 0.000000 0.007574
v 0.503178 0.000000 0.007442
v 0.502171 0.000000 0.007306
v 0.501055 0.000000 0.007164
v 0.500705 0.000000 0.007137
v 0.500176 0.000000 0.007112
v 0.499506 0.000000 0.007089
v 0.498736 0.000000 0.007070
v 0.497904 0.000000 0.007054
v 0.497050 0.000000 0.007043
v 0.496215 0.000000 0.007036
v 0.495437 0.000000 0.007034
v 0.494758 0.000000 0.007038
v 0.494215 0.000000 0.007048
v 0.493849 0.000000 0.007065
v 0.498416 0.000000 0.025007
v 0.498842 0.000000 0.025140
v 0.499220 0.000000 0.025299
v 0.499553 0.000000 0.025492
v 0.499846 0.000000 0.025726
v 0.500103 0.000000 0.026008
v 0.500326 0.000000 0.026343
v 0.500521 0.000000 0.026739
v 0.500690 0.000000 0.027203
v 0.500838 0.000000 0.027742
v 0.500969 0.000000 0.028362
v 0.501085 0.000000 0.029069
v 0.501191 0.000000 0.029872
v 0.501249 0.000000 0.031471
v 0.501296 0.000000 0.035013
v 0.501333 0.000000 0.040113
v 0.501361 0.000000 0.046382
v 0.501378 0.000000 0.053435
v 0.501384 0.000000 0.060883
v 0.501381 0.000000 0.068340
v 0.501366 0.000000 0.075418
v 0.501342 0.000000 0.081732
v 0.501307 0.000000 0.086893
v 0.501261 0.000000 0.090515
v 0.501204 0.000000 0.092211
v 0.501120 0.000000 0.092986
v 0.501034 0.000000 0.093676
v 0.500944 0.000000 0.094286
v 0.500848 0.000000 0.094824
v 0.500744 0.000000 0.095297
v 0.500630 0.000000 0.095712
v 0.500503 0.000000 0.096076
v 0.500360 0.000000 0.096395
v 0.500201 0.000000 0.096678
v 0.500022 0.000000 0.096931
v 0.499822 0.000000 0.097161
v 0.499598 0.000000 0.097374
v 0.499237 0.000000 0.097645
v 0.498832 0.000000 0.097864
v 0.498392 0.000000 0.098033
v 0.497927 0.000000 0.098152
v 0.497445 0.000000 0.098220
v 0.496957 0.000000 0.098238
v 0.496471 0.000000 0.098206
v 0.495998 0.000000 0.098124
v 0.495545 0.000000 0.097992
v 0.495123 0.000000 0.097811
v 0.494741 0.000000 0.097580
v 0.494409 0.000000 0.097300
v 0.494223 0.000000 0.097094
v 0.494057 0.000000 0.096872
v 0.493908 0.000000 0.096624
v 0.493775 0.000000 0.096346
v 0.493656 0.000000 0.096029
v 0.493550 0.000000 0.095667
v 0.493454 0.000000 0.095252
v 0.493366 0.000000 0.094778
v 0.493285 0.000000 0.094238
v 0.493209 0.000000 0.093624
v 0.493136 0.000000 0.092930
v 0.493065 0.000000 0.092148
v 0.493010 0.000000 0.090392
v 0.492966 0.000000 0.086782
v 0.492932 0.000000 0.081692
v 0.492907 0.000000 0.075495
v 0.492892 0.000000 0.068564
v 0.492887 0.000000 0.061272
v 0.492892 0.000000 0.053990
v 0.492907 0.000000 0.047093
v 0.492932 0.000000 0.040954
v 0.492966 0.000000 0.035944
v 0.493010 0.000000 0.032437
v 0.493065 0.000000 0.030805
v 0.493142 0.000000 0.030116
v 0.493219 0.000000 0.029502
v 0.493299 0.000000 0.028955
v 0.493383 0.000000 0.028470
v 0.493473 0.000000 0.028041
v 0.493570 0.000000 0.027660
v 0.493677 0.000000 0.027323
v 0.493796 0.000000 0.027023
v 0.493927 0.000000 0.026753
v 0.494074 0.000000 0.026507
v 0.494238 0.000000 0.026280
v 0.494421 0.000000 0.026065
v 0.494672 0.000000 0.025814
v 0.494943 0.000000 0.025591
v 0.495234 0.000000 0.025397
v 0.495543 0.000000 0.025232
v 0.495866 0.000000 0.025096
v 0.496204 0.000000 0.024990
v 0.496553 0.000000 0.024914
v 0.496913 0.000000 0.024869
v 0.497281 0.000000 0.024855
v 0.497655 0.000000 0.024874
v 0.498034 0.000000 0.024924
v 0.019913 0.000000 0.061539
v 0.019913 0.000000 0.113923
v 0.041817 0.000000 0.113923
v 0.063721 0.000000 0.113923
v 0.063721 0.000000 0.103409
v 0.063721 0.000000 0.092895
v 0.055445 0.000000 0.092895
v 0.047168 0.000000 0.092895
v 0.047168 0.000000 0.051025
v 0.047168 0.000000 0.009155
v 0.033541 0.000000 0.009155
v 0.019913 0.000000 0.009155
v 0.078095 0.000000 0.009304
v 0.078088 0.000000 0.009335
v 0.078078 0.000000 0.009382
v 0.078066 0.000000 0.009445
v 0.078053 0.000000 0.009521
v 0.078038 0.000000 0.009610
v 0.078022 0.000000 0.009710
v 0.078006 0.000000 0.009820
v 0.077988 0.000000 0.009937
v 0.077971 0.000000 0.010062
v 0.077954 0.000000 0.010192
v 0.077937 0.000000 0.010325
v 0.077921 0.000000 0.010461
v 0.077874 0.000000 0.010832
v 0.077814 0.000000 0.011295
v 0.077743 0.000000 0.011840
v 0.077663 0.000000 0.012456
v 0.077574 0.000000 0.013130
v 0.077479 0.000000 0.013852
v 0.077379 0.000000 0.014610
v 0.077275 0.000000 0.015393
v 0.077169 0.000000 0.016190
v 0.077061 0.000000 0.016989
v 0.076955 0.000000 0.017779
v 0.076851 0.000000 0.018549
v 0.076754 0.000000 0.019273
v 0.076668 0.000000 0.019916
v 0.076591 0.000000 0.020488
v 0.076522 0.000000 0.020999
v 0.076459 0.000000 0.021460
v 0.076403 0.000000 0.021881
v 0.076350 0.000000 0.022272
v 0.076300 0.000000 0.022644
v 0.076252 0.000000 0.023008
v 0.076204 0.000000 0.023372
v 0.076155 0.000000 0.023749
v 0.076104 0.000000 0.024148
v 0.076078 0.000000 0.024341
v 0.076052 0.000000 0.024543
v 0.076024 0.000000 0.024751
v 0.075996 0.000000 0.024964
v 0.075968 0.000000 0.025177
v 0.075941 0.000000 0.025388
v 0.075914 0.000000 0.025594
v 0.075888 0.000000 0.025793
v 0.075864 0.000000 0.025980
v 0.075842 0.000000 0.026155
v 0.075822 0.000000 0.026312
v 0.075805 0.000000 0.026450
v 0.075748 0.000000 0.026878
v 0.075688 0.000000 0.027322
v 0.075627 0.000000 0.027777
v 0.075566 0.000000 0.028237
v 0.075504 0.000000 0.028694
v 0.075444 0.000000 0.029143
v 0.075386 0.000000 0.029577
v 0.075331 0.000000 0.029990
v 0.075280 0.000000 0.030375
v 0.075234 0.000000 0.030727
v 0.075193 0.000000 0.031038
v 0.075158 0.000000 0.031303
v 0.075118 0.000000 0.031613
v 0.075078 0.000000 0.031919
v 0.075037 0.000000 0.032229
v 0.074995 0.000000 0.032549
v 0.074950 0.000000 0.032886
v 0.074901 0.000000 0.033249
v 0.074849 0.000000 0.033643
v 0.074790 0.000000 0.034076
v 0.074726 0.000000 0.034556
v 0.074654 0.000000 0.035089
v 0.074575 0.000000 0.035682
v 0.074486 0.000000 0.036342
v 0.074442 0.000000 0.036673
v 0.074396 0.000000 0.037015
v 0.074349 0.000000 0.037365
v 0.074302 0.000000 0.037717
v 0.074255 0.000000 0.038066
v 0.074209 0.000000 0.038409
v 0.074165 0.000000 0.038741
v 0.074123 0.000000 0.039058
v 0.074084 0.000000 0.039354
v 0.074048 0.000000 0.039625
v 0.074016 0.000000 0.039867
v 0.073988 0.000000 0.040075
v 0.073963 0.000000 0.040268
v 0.073936 0.000000 0.040470
v 0.073908 0.000000 0.040678
v 0.073880 0.000000 0.040891
v 0.073853 0.000000 0.041104
v 0.073825 0.000000 0.041315
v 0.073798 0.000000 0.041521
v 0.073773 0.000000 0.041720
v 0.073749 0.000000 0.041907
v 0.073726 0.000000 0.042081
v 0.073707 0.000000 0.042239
v 0.073690 0.000000 0.042377
v 0.073635 0.000000 0.042778
v 0.073578 0.000000 0.043204
v 0.073519 0.000000 0.043647
v 0.073459 0.000000 0.044100
v 0.073399 0.000000 0.044556
v 0.073340 0.000000 0.045006
v 0.073282 0.000000 0.045443
v 0.073228 0.000000 0.045859
v 0.073177 0.000000 0.046248
v 0.073130 0.000000 0.046600
v 0.073090 0.000000 0.046909
v 0.073055 0.000000 0.047168
v 0.073026 0.000000 0.047392
v 0.072998 0.000000 0.047601
v 0.072970 0.000000 0.047817
v 0.072937 0.000000 0.048062
v 0.072897 0.000000 0.048358
v 0.072848 0.000000 0.048726
v 0.072786 0.000000 0.049189
v 0.072708 0.000000 0.049770
v 0.072612 0.000000 0.050489
v 0.072495 0.000000 0.051369
v 0.072353 0.000000 0.052432
v 0.072184 0.000000 0.053700
v 0.072115 0.000000 0.054222
v 0.072047 0.000000 0.054738
v 0.071980 0.000000 0.055243
v 0.071915 0.000000 0.055731
v 0.071852 0.000000 0.056197
v 0.071793 0.000000 0.056635
v 0.071739 0.000000 0.057040
v 0.071690 0.000000 0.057405
v 0.071646 0.000000 0.057726
v 0.071610 0.000000 0.057997
v 0.071582 0.000000 0.058212
v 0.071561 0.000000 0.058366
v 0.071544 0.000000 0.058496
v 0.071525 0.000000 0.058648
v 0.071502 0.000000 0.058820
v 0.071478 0.000000 0.059007
v 0.071452 0.000000 0.059207
v 0.071425 0.000000 0.059418
v 0.071396 0.000000 0.059635
v 0.071367 0.000000 0.059858
v 0.071337 0.000000 0.060081
v 0.071308 0.000000 0.060303
v 0.071279 0.000000 0.060520
v 0.071250 0.000000 0.060730
v 0.071222 0.000000 0.060941
v 0.071193 0.000000 0.061159
v 0.071163 0.000000 0.061382
v 0.071133 0.000000 0.061607
v 0.071104 0.000000 0.061831
v 0.071075 0.000000 0.062051
v 0.071046 0.000000 0.062264
v 0.071019 0.000000 0.062467
v 0.070993 0.000000 0.062657
v 0.070969 0.000000 0.062831
v 0.070947 0.000000 0.062986
v 0.070927 0.000000 0.063119
v 0.070910 0.000000 0.063251
v 0.070892 0.000000 0.063394
v 0.070872 0.000000 0.063547
v 0.070852 0.000000 0.063708
v 0.070830 0.000000 0.063874
v 0.070808 0.000000 0.064043
v 0.070787 0.000000 0.064213
v 0.070765 0.000000 0.064380
v 0.070745 0.000000 0.064544
v 0.070725 0.000000 0.064701
v 0.070707 0.000000 0.064849
v 0.070690 0.000000 0.064986
v 0.070670 0.000000 0.065130
v 0.070648 0.000000 0.065292
v 0.070624 0.000000 0.065470
v 0.070599 0.000000 0.065661
v 0.070572 0.000000 0.065863
v 0.070544 0.000000 0.066071
v 0.070516 0.000000 0.066285
v 0.070487 0.000000 0.066500
v 0.070459 0.000000 0.066715
v 0.070432 0.000000 0.066925
v 0.070405 0.000000 0.067130
v 0.070379 0.000000 0.067325
v 0.070354 0.000000 0.067517
v 0.070327 0.000000 0.067719
v 0.070299 0.000000 0.067928
v 0.070271 0.000000 0.068140
v 0.070243 0.000000 0.068354
v 0.070216 0.000000 0.068565
v 0.070189 0.000000 0.068771
v 0.070163 0.000000 0.068969
v 0.070139 0.000000 0.069157
v 0.070117 0.000000 0.069331
v 0.070097 0.000000 0.069489
v 0.070080 0.000000 0.069627
v 0.069975 0.000000 0.070404
v 0.069872 0.000000 0.071167
v 0.069771 0.000000 0.071913
v 0.069672 0.000000 0.072642
v 0.069576 0.000000 0.073352
v 0.069483 0.000000 0.074041
v 0.069393 0.000000 0.074708
v 0.069306 0.000000 0.075351
v 0.069223 0.000000 0.075968
v 0.069144 0.000000 0.076559
v 0.069068 0.000000 0.077121
v 0.068998 0.000000 0.077653
v 0.068957 0.000000 0.077979
v 0.068914 0.000000 0.078308
v 0.068872 0.000000 0.078636
v 0.068830 0.000000 0.078959
v 0.068789 0.000000 0.079272
v 0.068749 0.000000 0.079573
v 0.068711 0.000000 0.079857
v 0.068676 0.000000 0.080121
v 0.068644 0.000000 0.080359
v 0.068616 0.000000 0.080569
v 0.068593 0.000000 0.080747
v 0.068575 0.000000 0.080888
v 0.068557 0.000000 0.081018
v 0.068538 0.000000 0.081170
v 0.068515 0.000000 0.081341
v 0.068491 0.000000 0.081528
v 0.068465 0.000000 0.081729
v 0.068438 0.000000 0.081939
v 0.068409 0.000000 0.082157
v 0.068380 0.000000 0.082379
v 0.068351 0.000000 0.082603
v 0.068321 0.000000 0.082824
v 0.068292 0.000000 0.083042
v 0.068263 0.000000 0.083252
v 0.068210 0.000000 0.083638
v 0.068162 0.000000 0.083991
v 0.068117 0.000000 0.084325
v 0.068073 0.000000 0.084654
v 0.068028 0.000000 0.084992
v 0.067980 0.000000 0.085353
v 0.067928 0.000000 0.085751
v 0.067869 0.000000 0.086200
v 0.067801 0.000000 0.086715
v 0.067724 0.000000 0.087308
v 0.067633 0.000000 0.087995
v 0.067529 0.000000 0.088789
v 0.067484 0.000000 0.089123
v 0.067435 0.000000 0.089487
v 0.067383 0.000000 0.089876
v 0.067329 0.000000 0.090283
v 0.067273 0.000000 0.090703
v 0.067216 0.000000 0.091130
v 0.067160 0.000000 0.091558
v 0.067103 0.000000 0.091982
v 0.067048 0.000000 0.092395
v 0.066994 0.000000 0.092793
v 0.066943 0.000000 0.093169
v 0.066894 0.000000 0.093517
v 0.066850 0.000000 0.093852
v 0.066806 0.000000 0.094190
v 0.066762 0.000000 0.094526
v 0.066718 0.000000 0.094856
v 0.066675 0.000000 0.095176
v 0.066635 0.000000 0.095483
v 0.066596 0.000000 0.095772
v 0.066561 0.000000 0.096040
v 0.066529 0.000000 0.096282
v 0.066501 0.000000 0.096494
v 0.066477 0.000000 0.096673
v 0.066459 0.000000 0.096815
v 0.066404 0.000000 0.097223
v 0.066347 0.000000 0.097652
v 0.066288 0.000000 0.098096
v 0.066228 0.000000 0.098546
v 0.066169 0.000000 0.098997
v 0.066110 0.000000 0.099440
v 0.066054 0.000000 0.099869
v 0.066001 0.000000 0.100275
v 0.065951 0.000000 0.100654
v 0.065907 0.000000 0.100996
v 0.065868 0.000000 0.101294
v 0.065837 0.000000 0.101543
v 0.065820 0.000000 0.101668
v 0.065802 0.000000 0.101807
v 0.065782 0.000000 0.101957
v 0.065761 0.000000 0.102115
v 0.065739 0.000000 0.102280
v 0.065717 0.000000 0.102448
v 0.065694 0.000000 0.102618
v 0.065672 0.000000 0.102787
v 0.065649 0.000000 0.102953
v 0.065628 0.000000 0.103114
v 0.065607 0.000000 0.103267
v 0.065588 0.000000 0.103409
v 0.065568 0.000000 0.103556
v 0.065546 0.000000 0.103722
v 0.065521 0.000000 0.103903
v 0.065496 0.000000 0.104097
v 0.065469 0.000000 0.104301
v 0.065441 0.000000 0.104512
v 0.065413 0.000000 0.104728
v 0.065385 0.000000 0.104945
v 0.065357 0.000000 0.105161
v 0.065329 0.000000 0.105373
v 0.065302 0.000000 0.105578
v 0.065276 0.000000 0.105773
v 0.065225 0.000000 0.106177
v 0.065175 0.000000 0.106562
v 0.065127 0.000000 0.106935
v 0.065079 0.000000 0.107298
v 0.065032 0.000000 0.107658
v 0.064984 0.000000 0.108018
v 0.064935 0.000000 0.108383
v 0.064885 0.000000 0.108757
v 0.064832 0.000000 0.109145
v 0.064776 0.000000 0.109552
v 0.064717 0.000000 0.109982
v 0.064654 0.000000 0.110439
v 0.064573 0.000000 0.111038
v 0.064502 0.000000 0.111561
v 0.064441 0.000000 0.112014
v 0.064389 0.000000 0.112401
v 0.064346 0.000000 0.112729
v 0.064310 0.000000 0.113001
v 0.064282 0.000000 0.113224
v 0.064260 0.000000 0.113401
v 0.064243 0.000000 0.113538
v 0.064231 0.000000 0.113641
v 0.064223 0.000000 0.113714
v 0.064219 0.000000 0.113762
v 0.064282 0.000000 0.113791
v 0.064484 0.000000 0.113817
v 0.064844 0.000000 0.113839
v 0.065381 0.000000 0.113859
v 0.066112 0.000000 0.113875
v 0.067058 0.000000 0.113889
v 0.068236 0.000000 0.113900
v 0.069665 0.000000 0.113909
v 0.071364 0.000000 0.113916
v 0.073352 0.000000 0.113920
v 0.075648 0.000000 0.113923
v 0.078270 0.000000 0.113923
v 0.078546 0.000000 0.113923
v 0.079310 0.000000 0.113923
v 0.080465 0.000000 0.113923
v 0.081912 0.000000 0.113923
v 0.083555 0.000000 0.113923
v 0.085295 0.000000 0.113923
v 0.087035 0.000000 0.113923
v 0.088678 0.000000 0.113923
v 0.090125 0.000000 0.113923
v 0.091280 0.000000 0.113923
v 0.092044 0.000000 0.113923
v 0.092320 0.000000 0.113923
v 0.092395 0.000000 0.113451
v 0.092406 0.000000 0.113368
v 0.092421 0.000000 0.113248
v 0.092438 0.000000 0.113092
v 0.092457 0.000000 0.112906
v 0.092479 0.000000 0.112691
v 0.092502 0.000000 0.112452
v 0.092527 0.000000 0.112192
v 0.092553 0.000000 0.111913
v 0.092579 0.000000 0.111620
v 0.092605 0.000000 0.111316
v 0.092631 0.000000 0.111004
v 0.092657 0.000000 0.110688
v 0.092685 0.000000 0.110364
v 0.092714 0.000000 0.110030
v 0.092744 0.000000 0.109691
v 0.092773 0.000000 0.109349
v 0.092802 0.000000 0.109010
v 0.092831 0.000000 0.108679
v 0.092858 0.000000 0.108359
v 0.092884 0.000000 0.108054
v 0.092909 0.000000 0.107770
v 0.092931 0.000000 0.107510
v 0.092951 0.000000 0.107278
v 0.092968 0.000000 0.107080
v 0.092985 0.000000 0.106882
v 0.093005 0.000000 0.106652
v 0.093027 0.000000 0.106395
v 0.093051 0.000000 0.106114
v 0.093077 0.000000 0.105813
v 0.093105 0.000000 0.105498
v 0.093133 0.000000 0.105172
v 0.093162 0.000000 0.104840
v 0.093192 0.000000 0.104506
v 0.093221 0.000000 0.104174
v 0.093250 0.000000 0.103849
v 0.093279 0.000000 0.103534
v 0.093333 0.000000 0.102889
v 0.093385 0.000000 0.102278
v 0.093435 0.000000 0.101695
v 0.093482 0.000000 0.101135
v 0.093528 0.000000 0.100595
v 0.093573 0.000000 0.100068
v 0.093617 0.000000 0.099551
v 0.093660 0.000000 0.099039
v 0.093704 0.000000 0.098526
v 0.093748 0.000000 0.098008
v 0.093793 0.000000 0.097481
v 0.093839 0.000000 0.096939
v 0.093858 0.000000 0.096717
v 0.093877 0.000000 0.096502
v 0.093896 0.000000 0.096295
v 0.093915 0.000000 0.096099
v 0.093933 0.000000 0.095915
v 0.093951 0.000000 0.095746
v 0.093967 0.000000 0.095594
v 0.093983 0.000000 0.095461
v 0.093996 0.000000 0.095348
v 0.094008 0.000000 0.095259
v 0.094018 0.000000 0.095196
v 0.094026 0.000000 0.095160
v 0.094059 0.000000 0.095131
v 0.094141 0.000000 0.095105
v 0.094275 0.000000 0.095084
v 0.094469 0.000000 0.095067
v 0.094729 0.000000 0.095052
v 0.095060 0.000000 0.095041
v 0.095470 0.000000 0.095034
v 0.095963 0.000000 0.095029
v 0.096547 0.000000 0.095027
v 0.097228 0.000000 0.095027
v 0.098012 0.000000 0.095030
v 0.098904 0.000000 0.095035
v 0.098999 0.000000 0.095036
v 0.099262 0.000000 0.095038
v 0.099659 0.000000 0.095041
v 0.100156 0.000000 0.095045
v 0.100721 0.000000 0.095049
v 0.101319 0.000000 0.095054
v 0.101917 0.000000 0.095059
v 0.102481 0.000000 0.095063
v 0.102978 0.000000 0.095067
v 0.103375 0.000000 0.095070
v 0.103638 0.000000 0.095072
v 0.103733 0.000000 0.095073
v 0.103820 0.000000 0.096006
v 0.103834 0.000000 0.096155
v 0.103851 0.000000 0.096343
v 0.103870 0.000000 0.096568
v 0.103892 0.000000 0.096823
v 0.103915 0.000000 0.097106
v 0.103940 0.000000 0.097412
v 0.103966 0.000000 0.097736
v 0.103993 0.000000 0.098075
v 0.104021 0.000000 0.098424
v 0.104050 0.000000 0.098779
v 0.104078 0.000000 0.099136
v 0.104106 0.000000 0.099490
v 0.104132 0.000000 0.099850
v 0.104160 0.000000 0.100223
v 0.104188 0.000000 0.100604
v 0.104217 0.000000 0.100988
v 0.104247 0.000000 0.101372
v 0.104276 0.000000 0.101748
v 0.104304 0.000000 0.102113
v 0.104331 0.000000 0.102462
v 0.104357 0.000000 0.102790
v 0.104380 0.000000 0.103091
v 0.104400 0.000000 0.103362
v 0.104417 0.000000 0.103596
v 0.104474 0.000000 0.104297
v 0.104533 0.000000 0.105026
v 0.104592 0.000000 0.105773
v 0.104651 0.000000 0.106530
v 0.104709 0.000000 0.107286
v 0.104766 0.000000 0.108033
v 0.104821 0.000000 0.108762
v 0.104873 0.000000 0.109464
v 0.104922 0.000000 0.110128
v 0.104966 0.000000 0.110746
v 0.105006 0.000000 0.111310
v 0.105040 0.000000 0.111808
v 0.105059 0.000000 0.112054
v 0.105078 0.000000 0.112293
v 0.105097 0.000000 0.112523
v 0.105116 0.000000 0.112740
v 0.105134 0.000000 0.112944
v 0.105152 0.000000 0.113130
v 0.105168 0.000000 0.113298
v 0.105184 0.000000 0.113443
v 0.105197 0.000000 0.113565
v 0.105209 0.000000 0.113660
v 0.105219 0.000000 0.113727
v 0.105226 0.000000 0.113762
v 0.105299 0.000000 0.113791
v 0.105509 0.000000 0.113817
v 0.105875 0.000000 0.113839
v 0.106415 0.000000 0.113859
v 0.107148 0.000000 0.113875
v 0.108090 0.000000 0.113889
v 0.109262 0.000000 0.113900
v 0.110679 0.000000 0.113909
v 0.112362 0.000000 0.113916
v 0.114327 0.000000 0.113920
v 0.116593 0.000000 0.113923
v 0.119178 0.000000 0.113923
v 0.119451 0.000000 0.113923
v 0.120208 0.000000 0.113923
v 0.121350 0.000000 0.113923
v 0.122782 0.000000 0.113923
v 0.124407 0.000000 0.113923
v 0.126129 0.000000 0.113923
v 0.127850 0.000000 0.113923
v 0.129475 0.000000 0.113923
v 0.130907 0.000000 0.113923
v 0.132050 0.000000 0.113923
v 0.132806 0.000000 0.113923
v 0.133079 0.000000 0.113923
v 0.133005 0.000000 0.113388
v 0.132986 0.000000 0.113246
v 0.132961 0.000000 0.113062
v 0.132929 0.000000 0.112840
v 0.132892 0.000000 0.112581
v 0.132850 0.000000 0.112289
v 0.132802 0.000000 0.111965
v 0.132750 0.000000 0.111613
v 0.132694 0.000000 0.111234
v 0.132634 0.000000 0.110832
v 0.132570 0.000000 0.110408
v 0.132502 0.000000 0.109965
v 0.132432 0.000000 0.109506
v 0.132414 0.000000 0.109385
v 0.132390 0.000000 0.109230
v 0.132362 0.000000 0.109044
v 0.132330 0.000000 0.108831
v 0.132295 0.000000 0.108595
v 0.132256 0.000000 0.108338
v 0.132216 0.000000 0.108065
v 0.132173 0.000000 0.107780
v 0.132129 0.000000 0.107485
v 0.132085 0.000000 0.107185
v 0.132041 0.000000 0.106883
v 0.131997 0.000000 0.106582
v 0.131951 0.000000 0.106270
v 0.131901 0.000000 0.105933
v 0.131848 0.000000 0.105576
v 0.131793 0.000000 0.105206
v 0.131737 0.000000 0.104827
v 0.131679 0.000000 0.104444
v 0.131622 0.000000 0.104062
v 0.131565 0.000000 0.103686
v 0.131510 0.000000 0.103322
v 0.131457 0.000000 0.102975
v 0.131408 0.000000 0.102650
v 0.131362 0.000000 0.102352
v 0.131316 0.000000 0.102053
v 0.131266 0.000000 0.101728
v 0.131214 0.000000 0.101381
v 0.131159 0.000000 0.101017
v 0.131102 0.000000 0.100641
v 0.131045 0.000000 0.100260
v 0.130987 0.000000 0.099876
v 0.130930 0.000000 0.099497
v 0.130875 0.000000 0.099127
v 0.130823 0.000000 0.098770
v 0.130773 0.000000 0.098434
v 0.130727 0.000000 0.098121
v 0.130683 0.000000 0.097821
v 0.130640 0.000000 0.097520
v 0.130596 0.000000 0.097222
v 0.130554 0.000000 0.096931
v 0.130513 0.000000 0.096650
v 0.130474 0.000000 0.096382
v 0.130437 0.000000 0.096132
v 0.130403 0.000000 0.095902
v 0.130372 0.000000 0.095696
v 0.130345 0.000000 0.095518
v 0.130322 0.000000 0.095371
v 0.130304 0.000000 0.095259
v 0.130286 0.000000 0.095147
v 0.130263 0.000000 0.095001
v 0.130236 0.000000 0.094822
v 0.130205 0.000000 0.094617
v 0.130171 0.000000 0.094387
v 0.130134 0.000000 0.094136
v 0.130095 0.000000 0.093868
v 0.130054 0.000000 0.093587
v 0.130012 0.000000 0.093296
v 0.129968 0.000000 0.092998
v 0.129925 0.000000 0.092697
v 0.129881 0.000000 0.092397
v 0.129835 0.000000 0.092085
v 0.129785 0.000000 0.091748
v 0.129733 0.000000 0.091392
v 0.129678 0.000000 0.091021
v 0.129621 0.000000 0.090642
v 0.129564 0.000000 0.090259
v 0.129506 0.000000 0.089877
v 0.129449 0.000000 0.089501
v 0.129394 0.000000 0.089138
v 0.129342 0.000000 0.088790
v 0.129292 0.000000 0.088465
v 0.129246 0.000000 0.088167
v 0.129151 0.000000 0.087523
v 0.129057 0.000000 0.086893
v 0.128965 0.000000 0.086276
v 0.128875 0.000000 0.085675
v 0.128787 0.000000 0.085090
v 0.128702 0.000000 0.084521
v 0.128619 0.000000 0.083970
v 0.128539 0.000000 0.083438
v 0.128462 0.000000 0.082924
v 0.128388 0.000000 0.082431
v 0.128318 0.000000 0.081960
v 0.128251 0.000000 0.081510
v 0.128220 0.000000 0.081305
v 0.128186 0.000000 0.081073
v 0.128148 0.000000 0.080819
v 0.128107 0.000000 0.080545
v 0.128064 0.000000 0.080256
v 0.128019 0.000000 0.079956
v 0.127972 0.000000 0.079649
v 0.127925 0.000000 0.079339
v 0.127878 0.000000 0.079030
v 0.127831 0.000000 0.078727
v 0.127785 0.000000 0.078432
v 0.127740 0.000000 0.078150
v 0.127697 0.000000 0.077861
v 0.127650 0.000000 0.077544
v 0.127599 0.000000 0.077205
v 0.127546 0.000000 0.076848
v 0.127490 0.000000 0.076479
v 0.127434 0.000000 0.076103
v 0.127377 0.000000 0.075725
v 0.127321 0.000000 0.075350
v 0.127266 0.000000 0.074983
v 0.127213 0.000000 0.074629
v 0.127164 0.000000 0.074294
v 0.127118 0.000000 0.073982
v 0.127074 0.000000 0.073681
v 0.127030 0.000000 0.073379
v 0.126985 0.000000 0.073079
v 0.126941 0.000000 0.072784
v 0.126899 0.000000 0.072499
v 0.126858 0.000000 0.072226
v 0.126820 0.000000 0.071969
v 0.126784 0.000000 0.071733
v 0.126752 0.000000 0.071520
v 0.126724 0.000000 0.071334
v 0.126701 0.000000 0.071179
v 0.126682 0.000000 0.071058
v 0.126665 0.000000 0.070946
v 0.126646 0.000000 0.070815
v 0.126623 0.000000 0.070670
v 0.126599 0.000000 0.070511
v 0.126574 0.000000 0.070342
v 0.126547 0.000000 0.070165
v 0.126520 0.000000 0.069982
v 0.126492 0.000000 0.069796
v 0.126464 0.000000 0.069609
v 0.126436 0.000000 0.069424
v 0.126409 0.000000 0.069242
v 0.126384 0.000000 0.069067
v 0.126334 0.000000 0.068717
v 0.126277 0.000000 0.068325
v 0.126214 0.000000 0.067896
v 0.126147 0.000000 0.067435
v 0.126075 0.000000 0.066947
v 0.125999 0.000000 0.066437
v 0.125921 0.000000 0.065911
v 0.125841 0.000000 0.065374
v 0.125759 0.000000 0.064831
v 0.125676 0.000000 0.064287
v 0.125594 0.000000 0.063748
v 0.125513 0.000000 0.063219
v 0.125486 0.000000 0.063039
v 0.125457 0.000000 0.062842
v 0.125426 0.000000 0.062633
v 0.125393 0.000000 0.062414
v 0.125359 0.000000 0.062188
v 0.125324 0.000000 0.061958
v 0.125289 0.000000 0.061727
v 0.125254 0.000000 0.061498
v 0.125220 0.000000 0.061275
v 0.125187 0.000000 0.061060
v 0.125156 0.000000 0.060857
v 0.125127 0.000000 0.060668
v 0.125029 0.000000 0.060006
v 0.124936 0.000000 0.059376
v 0.124847 0.000000 0.058772
v 0.124761 0.000000 0.058193
v 0.124677 0.000000 0.057634
v 0.124596 0.000000 0.057092
v 0.124517 0.000000 0.056564
v 0.124439 0.000000 0.056047
v 0.124362 0.000000 0.055536
v 0.124285 0.000000 0.055029
v 0.124208 0.000000 0.054522
v 0.124131 0.000000 0.054011
v 0.124086 0.000000 0.053706
v 0.124037 0.000000 0.053377
v 0.123985 0.000000 0.053030
v 0.123932 0.000000 0.052670
v 0.123877 0.000000 0.052302
v 0.123822 0.000000 0.051930
v 0.123767 0.000000 0.051560
v 0.123713 0.000000 0.051196
v 0.123660 0.000000 0.050844
v 0.123611 0.000000 0.050508
v 0.123564 0.000000 0.050193
v 0.123521 0.000000 0.049905
v 0.123413 0.000000 0.049167
v 0.123288 0.000000 0.048324
v 0.123151 0.000000 0.047398
v 0.123005 0.000000 0.046413
v 0.122853 0.000000 0.045390
v 0.122698 0.000000 0.044353
v 0.122544 0.000000 0.043323
v 0.122395 0.000000 0.042323
v 0.122252 0.000000 0.041377
v 0.122121 0.000000 0.040506
v 0.122003 0.000000 0.039732
v 0.121903 0.000000 0.039080
v 0.121877 0.000000 0.038900
v 0.121848 0.000000 0.038703
v 0.121817 0.000000 0.038494
v 0.121784 0.000000 0.038275
v 0.121750 0.000000 0.038049
v 0.121715 0.000000 0.037818
v 0.121680 0.000000 0.037588
v 0.121645 0.000000 0.037359
v 0.121611 0.000000 0.037136
v 0.121578 0.000000 0.036921
v 0.121547 0.000000 0.036718
v 0.121518 0.000000 0.036529
v 0.121491 0.000000 0.036337
v 0.121460 0.000000 0.036123
v 0.121427 0.000000 0.035892
v 0.121391 0.000000 0.035646
v 0.121353 0.000000 0.035391
v 0.121314 0.000000 0.035128
v 0.121274 0.000000 0.034861
v 0.121234 0.000000 0.034595
v 0.121194 0.000000 0.034333
v 0.121155 0.000000 0.034078
v 0.121117 0.000000 0.033834
v 0.121082 0.000000 0.033605
v 0.121049 0.000000 0.033373
v 0.121014 0.000000 0.033129
v 0.120977 0.000000 0.032876
v 0.120939 0.000000 0.032617
v 0.120900 0.000000 0.032355
v 0.120861 0.000000 0.032095
v 0.120823 0.000000 0.031839
v 0.120785 0.000000 0.031590
v 0.120749 0.000000 0.031353
v 0.120716 0.000000 0.031130
v 0.120686 0.000000 0.030926
v 0.120659 0.000000 0.030743
v 0.120632 0.000000 0.030559
v 0.120601 0.000000 0.030353
v 0.120568 0.000000 0.030127
v 0.120532 0.000000 0.029885
v 0.120494 0.000000 0.029632
v 0.120455 0.000000 0.029370
v 0.120415 0.000000 0.029103
v 0.120375 0.000000 0.028834
v 0.120335 0.000000 0.028568
v 0.120296 0.000000 0.028308
v 0.120259 0.000000 0.028057
v 0.120223 0.000000 0.027819
v 0.120185 0.000000 0.027581
v 0.120146 0.000000 0.027330
v 0.120106 0.000000 0.027070
v 0.120066 0.000000 0.026804
v 0.120026 0.000000 0.026535
v 0.119987 0.000000 0.026268
v 0.119948 0.000000 0.026006
v 0.119912 0.000000 0.025753
v 0.119877 0.000000 0.025511
v 0.119844 0.000000 0.025285
v 0.119814 0.000000 0.025079
v 0.119788 0.000000 0.024895
v 0.119762 0.000000 0.024720
v 0.119735 0.000000 0.024538
v 0.119708 0.000000 0.024353
v 0.119680 0.000000 0.024166
v 0.119652 0.000000 0.023980
v 0.119624 0.000000 0.023797
v 0.119597 0.000000 0.023620
v 0.119572 0.000000 0.023451
v 0.119548 0.000000 0.023292
v 0.119526 0.000000 0.023147
v 0.119506 0.000000 0.023016
v 0.119489 0.000000 0.022904
v 0.119471 0.000000 0.022783
v 0.119447 0.000000 0.022628
v 0.119419 0.000000 0.022442
v 0.119387 0.000000 0.022229
v 0.119352 0.000000 0.021992
v 0.119313 0.000000 0.021736
v 0.119272 0.000000 0.021463
v 0.119230 0.000000 0.021178
v 0.119186 0.000000 0.020883
v 0.119142 0.000000 0.020583
v 0.119097 0.000000 0.020281
v 0.119053 0.000000 0.019980
v 0.119009 0.000000 0.019675
v 0.118962 0.000000 0.019359
v 0.118914 0.000000 0.019038
v 0.118866 0.000000 0.018714
v 0.118818 0.000000 0.018393
v 0.118770 0.000000 0.018078
v 0.118724 0.000000 0.017774
v 0.118681 0.000000 0.017484
v 0.118640 0.000000 0.017214
v 0.118603 0.000000 0.016967
v 0.118571 0.000000 0.016747
v 0.118543 0.000000 0.016558
v 0.118497 0.000000 0.016254
v 0.118455 0.000000 0.015983
v 0.118416 0.000000 0.015730
v 0.118377 0.000000 0.015478
v 0.118336 0.000000 0.015212
v 0.118291 0.000000 0.014914
v 0.118239 0.000000 0.014570
v 0.118178 0.000000 0.014163
v 0.118106 0.000000 0.013676
v 0.118019 0.000000 0.013095
v 0.117917 0.000000 0.012402
v 0.117796 0.000000 0.011581
v 0.117750 0.000000 0.011277
v 0.117705 0.000000 0.010984
v 0.117661 0.000000 0.010705
v 0.117618 0.000000 0.010441
v 0.117578 0.000000 0.010197
v 0.117541 0.000000 0.009974
v 0.117507 0.000000 0.009776
v 0.117476 0.000000 0.009606
v 0.117450 0.000000 0.009466
v 0.117428 0.000000 0.009358
v 0.117410 0.000000 0.009287
v 0.117398 0.000000 0.009254
v 0.117212 0.000000 0.009239
v 0.116682 0.000000 0.009225
v 0.115833 0.000000 0.009212
v 0.114687 0.000000 0.009201
v 0.113270 0.000000 0.009190
v 0.111605 0.000000 0.009181
v 0.109715 0.000000 0.009173
v 0.107626 0.000000 0.009167
v 0.105361 0.000000 0.009162
v 0.102943 0.000000 0.009158
v 0.100397 0.000000 0.009156
v 0.097747 0.000000 0.009155
v 0.094090 0.000000 0.009156
v 0.090888 0.000000 0.009158
v 0.088113 0.000000 0.009162
v 0.085741 0.000000 0.009169
v 0.083744 0.000000 0.009177
v 0.082097 0.000000 0.009187
v 0.080773 0.000000 0.009200
v 0.079747 0.000000 0.009216
v 0.078992 0.000000 0.009233
v 0.078483 0.000000 0.009254
v 0.078192 0.000000 0.009278
v 0.099066 0.000000 0.034551
v 0.099082 0.000000 0.034740
v 0.099101 0.000000 0.034950
v 0.099121 0.000000 0.035179
v 0.099142 0.000000 0.035422
v 0.099163 0.000000 0.035675
v 0.099186 0.000000 0.035937
v 0.099208 0.000000 0.036202
v 0.099231 0.000000 0.036467
v 0.099253 0.000000 0.036729
v 0.099275 0.000000 0.036985
v 0.099295 0.000000 0.037230
v 0.099315 0.000000 0.037462
v 0.099353 0.000000 0.037966
v 0.099392 0.000000 0.038470
v 0.099432 0.000000 0.038979
v 0.099474 0.000000 0.039494
v 0.099518 0.000000 0.040020
v 0.099564 0.000000 0.040559
v 0.099611 0.000000 0.041114
v 0.099661 0.000000 0.041689
v 0.099714 0.000000 0.042286
v 0.099769 0.000000 0.042909
v 0.099827 0.000000 0.043561
v 0.099887 0.000000 0.044244
v 0.099913 0.000000 0.044549
v 0.099940 0.000000 0.044866
v 0.099967 0.000000 0.045190
v 0.099995 0.000000 0.045517
v 0.100023 0.000000 0.045843
v 0.100051 0.000000 0.046163
v 0.100077 0.000000 0.046473
v 0.100103 0.000000 0.046769
v 0.100127 0.000000 0.047047
v 0.100149 0.000000 0.047302
v 0.100169 0.000000 0.047530
v 0.100186 0.000000 0.047728
v 0.100203 0.000000 0.047925
v 0.100223 0.000000 0.048153
v 0.100245 0.000000 0.048408
v 0.100269 0.000000 0.048686
v 0.100295 0.000000 0.048982
v 0.100323 0.000000 0.049292
v 0.100351 0.000000 0.049612
v 0.100381 0.000000 0.049938
v 0.100410 0.000000 0.050265
v 0.100440 0.000000 0.050589
v 0.100469 0.000000 0.050906
v 0.100497 0.000000 0.051212
v 0.100526 0.000000 0.051517
v 0.100555 0.000000 0.051833
v 0.100584 0.000000 0.052156
v 0.100614 0.000000 0.052481
v 0.100643 0.000000 0.052804
v 0.100671 0.000000 0.053122
v 0.100699 0.000000 0.053428
v 0.100725 0.000000 0.053720
v 0.100749 0.000000 0.053994
v 0.100771 0.000000 0.054244
v 0.100791 0.000000 0.054467
v 0.100808 0.000000 0.054658
v 0.100824 0.000000 0.054832
v 0.100841 0.000000 0.055011
v 0.100858 0.000000 0.055191
v 0.100876 0.000000 0.055372
v 0.100894 0.000000 0.055549
v 0.100911 0.000000 0.055722
v 0.100928 0.000000 0.055888
v 0.100944 0.000000 0.056044
v 0.100959 0.000000 0.056188
v 0.100973 0.000000 0.056317
v 0.100985 0.000000 0.056430
v 0.100995 0.000000 0.056525
v 0.101006 0.000000 0.056623
v 0.101019 0.000000 0.056755
v 0.101036 0.000000 0.056916
v 0.101054 0.000000 0.057104
v 0.101074 0.000000 0.057315
v 0.101096 0.000000 0.057546
v 0.101119 0.000000 0.057795
v 0.101143 0.000000 0.058056
v 0.101168 0.000000 0.058329
v 0.101193 0.000000 0.058608
v 0.101219 0.000000 0.058891
v 0.101244 0.000000 0.059175
v 0.101270 0.000000 0.059463
v 0.101297 0.000000 0.059760
v 0.101326 0.000000 0.060061
v 0.101355 0.000000 0.060363
v 0.101384 0.000000 0.060661
v 0.101413 0.000000 0.060953
v 0.101442 0.000000 0.061234
v 0.101469 0.000000 0.061500
v 0.101494 0.000000 0.061749
v 0.101517 0.000000 0.061975
v 0.101538 0.000000 0.062176
v 0.101555 0.000000 0.062348
v 0.101575 0.000000 0.062521
v 0.101599 0.000000 0.062732
v 0.101626 0.000000 0.062976
v 0.101655 0.000000 0.063250
v 0.101686 0.000000 0.063549
v 0.101718 0.000000 0.063867
v 0.101752 0.000000 0.064202
v 0.101787 0.000000 0.064548
v 0.101823 0.000000 0.064901
v 0.101858 0.000000 0.065256
v 0.101894 0.000000 0.065609
v 0.101928 0.000000 0.065956
v 0.101963 0.000000 0.066302
v 0.101998 0.000000 0.066654
v 0.102034 0.000000 0.067006
v 0.102069 0.000000 0.067354
v 0.102103 0.000000 0.067695
v 0.102137 0.000000 0.068023
v 0.102169 0.000000 0.068336
v 0.102198 0.000000 0.068627
v 0.102226 0.000000 0.068894
v 0.102250 0.000000 0.069132
v 0.102272 0.000000 0.069336
v 0.102289 0.000000 0.069503
v 0.102309 0.000000 0.069658
v 0.102329 0.000000 0.069829
v 0.102351 0.000000 0.070013
v 0.102373 0.000000 0.070207
v 0.102396 0.000000 0.070409
v 0.102418 0.000000 0.070616
v 0.102441 0.000000 0.070825
v 0.102463 0.000000 0.071033
v 0.102484 0.000000 0.071238
v 0.102503 0.000000 0.071437
v 0.102522 0.000000 0.071627
v 0.102538 0.000000 0.071804
v 0.102558 0.000000 0.071982
v 0.102578 0.000000 0.072170
v 0.102600 0.000000 0.072366
v 0.102623 0.000000 0.072568
v 0.102646 0.000000 0.072772
v 0.102669 0.000000 0.072976
v 0.102692 0.000000 0.073177
v 0.102715 0.000000 0.073372
v 0.102738 0.000000 0.073559
v 0.102759 0.000000 0.073736
v 0.102780 0.000000 0.073898
v 0.102800 0.000000 0.074044
v 0.102816 0.000000 0.074185
v 0.102832 0.000000 0.074332
v 0.102850 0.000000 0.074483
v 0.102867 0.000000 0.074636
v 0.102885 0.000000 0.074789
v 0.102902 0.000000 0.074940
v 0.102919 0.000000 0.075087
v 0.102935 0.000000 0.075228
v 0.102950 0.000000 0.075360
v 0.102964 0.000000 0.075482
v 0.102976 0.000000 0.075592
v 0.102986 0.000000 0.075687
v 0.102988 0.000000 0.075700
v 0.102992 0.000000 0.075736
v 0.102998 0.000000 0.075790
v 0.103006 0.000000 0.075858
v 0.103014 0.000000 0.075935
v 0.103024 0.000000 0.076016
v 0.103033 0.000000 0.076098
v 0.103042 0.000000 0.076175
v 0.103049 0.000000 0.076243
v 0.103055 0.000000 0.076297
v 0.103059 0.000000 0.076333
v 0.103061 0.000000 0.076346
v 0.098319 0.000000 0.076346
v 0.097290 0.000000 0.076346
v 0.096421 0.000000 0.076344
v 0.095700 0.000000 0.076341
v 0.095112 0.000000 0.076335
v 0.094645 0.000000 0.076326
v 0.094285 0.000000 0.076313
v 0.094020 0.000000 0.076296
v 0.093835 0.000000 0.076274
v 0.093718 0.000000 0.076246
v 0.093655 0.000000 0.076212
v 0.093634 0.000000 0.076171
v 0.093640 0.000000 0.076122
v 0.093647 0.000000 0.076085
v 0.093655 0.000000 0.076032
v 0.093665 0.000000 0.075963
v 0.093675 0.000000 0.075881
v 0.093687 0.000000 0.075787
v 0.093699 0.000000 0.075682
v 0.093711 0.000000 0.075568
v 0.093725 0.000000 0.075446
v 0.093738 0.000000 0.075319
v 0.093751 0.000000 0.075187
v 0.093764 0.000000 0.075052
v 0.093777 0.000000 0.074915
v 0.093805 0.000000 0.074554
v 0.093841 0.000000 0.074119
v 0.093883 0.000000 0.073626
v 0.093930 0.000000 0.073086
v 0.093980 0.000000 0.072514
v 0.094033 0.000000 0.071924
v 0.094087 0.000000 0.071329
v 0.094142 0.000000 0.070743
v 0.094195 0.000000 0.070178
v 0.094246 0.000000 0.069650
v 0.094294 0.000000 0.069171
v 0.094337 0.000000 0.068756
v 0.094420 0.000000 0.067964
v 0.094501 0.000000 0.067194
v 0.094581 0.000000 0.066447
v 0.094659 0.000000 0.065723
v 0.094735 0.000000 0.065023
v 0.094810 0.000000 0.064348
v 0.094882 0.000000 0.063698
v 0.094952 0.000000 0.063075
v 0.095019 0.000000 0.062478
v 0.095085 0.000000 0.061908
v 0.095147 0.000000 0.061367
v 0.095208 0.000000 0.060855
v 0.095228 0.000000 0.060705
v 0.095250 0.000000 0.060532
v 0.095274 0.000000 0.060340
v 0.095300 0.000000 0.060130
v 0.095326 0.000000 0.059907
v 0.095354 0.000000 0.059674
v 0.095382 0.000000 0.059434
v 0.095411 0.000000 0.059190
v 0.095439 0.000000 0.058946
v 0.095467 0.000000 0.058704
v 0.095493 0.000000 0.058468
v 0.095519 0.000000 0.058242
v 0.095545 0.000000 0.058013
v 0.095572 0.000000 0.057777
v 0.095601 0.000000 0.057537
v 0.095630 0.000000 0.057296
v 0.095659 0.000000 0.057056
v 0.095689 0.000000 0.056822
v 0.095717 0.000000 0.056595
v 0.095744 0.000000 0.056380
v 0.095769 0.000000 0.056179
v 0.095792 0.000000 0.055995
v 0.095813 0.000000 0.055831
v 0.095830 0.000000 0.055691
v 0.095851 0.000000 0.055547
v 0.095874 0.000000 0.055371
v 0.095901 0.000000 0.055168
v 0.095930 0.000000 0.054942
v 0.095961 0.000000 0.054695
v 0.095993 0.000000 0.054431
v 0.096027 0.000000 0.054155
v 0.096062 0.000000 0.053869
v 0.096098 0.000000 0.053577
v 0.096133 0.000000 0.053284
v 0.096169 0.000000 0.052992
v 0.096203 0.000000 0.052705
v 0.096282 0.000000 0.052088
v 0.096368 0.000000 0.051417
v 0.096459 0.000000 0.050707
v 0.096552 0.000000 0.049972
v 0.096647 0.000000 0.049227
v 0.096742 0.000000 0.048488
v 0.096833 0.000000 0.047769
v 0.096921 0.000000 0.047084
v 0.097002 0.000000 0.046449
v 0.097074 0.000000 0.045879
v 0.097136 0.000000 0.045387
v 0.097187 0.000000 0.044990
v 0.097208 0.000000 0.044843
v 0.097234 0.000000 0.044659
v 0.097264 0.000000 0.044442
v 0.097297 0.000000 0.044196
v 0.097334 0.000000 0.043926
v 0.097373 0.000000 0.043635
v 0.097415 0.000000 0.043328
v 0.097458 0.000000 0.043009
v 0.097502 0.000000 0.042682
v 0.097546 0.000000 0.042351
v 0.097591 0.000000 0.042020
v 0.097635 0.000000 0.041693
v 0.097679 0.000000 0.041364
v 0.097723 0.000000 0.041032
v 0.097768 0.000000 0.040703
v 0.097811 0.000000 0.040378
v 0.097854 0.000000 0.040064
v 0.097894 0.000000 0.039763
v 0.097933 0.000000 0.039479
v 0.097968 0.000000 0.039216
v 0.098000 0.000000 0.038979
v 0.098029 0.000000 0.038771
v 0.098052 0.000000 0.038596
v 0.098070 0.000000 0.038458
v 0.098087 0.000000 0.038325
v 0.098107 0.000000 0.038173
v 0.098129 0.000000 0.038004
v 0.098154 0.000000 0.037819
v 0.098180 0.000000 0.037624
v 0.098207 0.000000 0.037419
v 0.098236 0.000000 0.037208
v 0.098265 0.000000 0.036993
v 0.098294 0.000000 0.036778
v 0.098324 0.000000 0.036565
v 0.098353 0.000000 0.036356
v 0.098381 0.000000 0.036156
v 0.098409 0.000000 0.035957
v 0.098437 0.000000 0.035755
v 0.098464 0.000000 0.035551
v 0.098491 0.000000 0.035350
v 0.098516 0.000000 0.035152
v 0.098540 0.000000 0.034961
v 0.098563 0.000000 0.034780
v 0.098583 0.000000 0.034610
v 0.098602 0.000000 0.034455
v 0.098618 0.000000 0.034317
v 0.098632 0.000000 0.034199
v 0.098643 0.000000 0.034103
v 0.098679 0.000000 0.033792
v 0.098715 0.000000 0.033543
v 0.098749 0.000000 0.033357
v 0.098783 0.000000 0.033234
v 0.098816 0.000000 0.033175
v 0.098850 0.000000 0.033179
v 0.098883 0.000000 0.033246
v 0.098917 0.000000 0.033378
v 0.098953 0.000000 0.033574
v 0.098989 0.000000 0.033835
v 0.099026 0.000000 0.034160
v 0.201741 0.000000 0.019669
v 0.201741 0.000000 0.030183
v 0.209768 0.000000 0.030183
v 0.217796 0.000000 0.030183
v 0.217821 0.000000 0.072016
v 0.217858 0.000000 0.113861
v 0.231461 0.000000 0.113899
v 0.245051 0.000000 0.113923
v 0.245051 0.000000 0.072053
v 0.245051 0.000000 0.030183
v 0.253141 0.000000 0.030183
v 0.261230 0.000000 0.030183
v 0.261230 0.000000 0.019669
v 0.261230 0.000000 0.009155
v 0.231486 0.000000 0.009155
v 0.201741 0.000000 0.009155
v 0.290851 0.000000 0.009217
v 0.290851 0.000000 0.009706
v 0.290851 0.000000 0.011111
v 0.290851 0.000000 0.013368
v 0.290851 0.000000 0.016415
v 0.290851 0.000000 0.020187
v 0.290851 0.000000 0.024621
v 0.290851 0.000000 0.029654
v 0.290851 0.000000 0.035221
v 0.290851 0.000000 0.041259
v 0.290851 0.000000 0.047704
v 0.290851 0.000000 0.054494
v 0.290851 0.000000 0.061564
v 0.290851 0.000000 0.062593
v 0.290851 0.000000 0.065438
v 0.290851 0.000000 0.069735
v 0.290851 0.000000 0.075123
v 0.290851 0.000000 0.081236
v 0.290851 0.000000 0.087713
v 0.290851 0.000000 0.094189
v 0.290851 0.000000 0.100303
v 0.290851 0.000000 0.105690
v 0.290851 0.000000 0.109987
v 0.290851 0.000000 0.112832
v 0.290851 0.000000 0.113861
v 0.304416 0.000000 0.113899
v 0.317982 0.000000 0.113923
v 0.318007 0.000000 0.091999
v 0.318044 0.000000 0.070062
v 0.326482 0.000000 0.070025
v 0.334908 0.000000 0.070000
v 0.334908 0.000000 0.060046
v 0.334908 0.000000 0.050092
v 0.326482 0.000000 0.050067
v 0.318044 0.000000 0.050029
v 0.318044 0.000000 0.040137
v 0.318044 0.000000 0.030245
v 0.327478 0.000000 0.030208
v 0.336899 0.000000 0.030183
v 0.336899 0.000000 0.019669
v 0.336899 0.000000 0.009155
v 0.313875 0.000000 0.009155
v 0.310763 0.000000 0.009155
v 0.307774 0.000000 0.009157
v 0.304937 0.000000 0.009159
v 0.302280 0.000000 0.009163
v 0.299830 0.000000 0.009167
v 0.297616 0.000000 0.009172
v 0.295666 0.000000 0.009178
v 0.294007 0.000000 0.009184
v 0.292668 0.000000 0.009192
v 0.291677 0.000000 0.009199
v 0.291062 0.000000 0.009208
v 0.343619 0.000000 0.061539
v 0.343619 0.000000 0.113923
v 0.365523 0.000000 0.113923
v 0.387427 0.000000 0.113923
v 0.387403 0.000000 0.103434
v 0.387365 0.000000 0.092957
v 0.379126 0.000000 0.092920
v 0.370875 0.000000 0.092895
v 0.370875 0.000000 0.051025
v 0.370875 0.000000 0.009155
v 0.357247 0.000000 0.009155
v 0.343619 0.000000 0.009155
vn -0.0000 1.0000 -0.0000
vn -0.0000 -1.0000 -0.0000
vt 0.114943 0.000000
vt 0.114546 0.000000
vt 0.114744 0.000000
vt 0.114348 0.000000
vt 0.115141 0.000000
vt 0.114150 0.000000
vt 0.115339 0.000000
vt 0.113952 0.000000
vt 0.115537 0.000000
vt 0.113753 0.000000
vt 0.064011 0.000000
vt 0.113555 0.000000
vt 0.064209 0.000000
vt 0.113357 0.000000
vt 0.113159 0.000000
vt 0.064407 0.000000
vt 0.064606 0.000000
vt 0.112961 0.000000
vt 0.064804 0.000000
vt 0.065002 0.000000
vt 0.112763 0.000000
vt 0.065200 0.000000
vt 0.065398 0.000000
vt 0.112564 0.000000
vt 0.065597 0.000000
vt 0.112366 0.000000
vt 0.065795 0.000000
vt 0.065993 0.000000
vt 0.112168 0.000000
vt 0.066191 0.000000
vt 0.066389 0.000000
vt 0.111970 0.000000
vt 0.066587 0.000000
vt 0.111772 0.000000
vt 0.066786 0.000000
vt 0.111574 0.000000
vt 0.066984 0.000000
vt 0.067182 0.000000
vt 0.111375 0.000000
vt 0.067380 0.000000
vt 0.111177 0.000000
vt 0.067578 0.000000
vt 0.067776 0.000000
vt 0.110979 0.000000
vt 0.067975 0.000000
vt 0.101665 0.000000
vt 0.110781 0.000000
vt 0.068173 0.000000
vt 0.101467 0.000000
vt 0.101863 0.000000
vt 0.101268 0.000000
vt 0.102061 0.000000
vt 0.101070 0.000000
vt 0.102259 0.000000
vt 0.100872 0.000000
vt 0.102457 0.000000
vt 0.100674 0.000000
vt 0.102656 0.000000
vt 0.100476 0.000000
vt 0.100277 0.000000
vt 0.102854 0.000000
vt 0.100079 0.000000
vt 0.110583 0.000000
vt 0.099881 0.000000
vt 0.103052 0.000000
vt 0.099683 0.000000
vt 0.103250 0.000000
vt 0.099485 0.000000
vt 0.068371 0.000000
vt 0.099287 0.000000
vt 0.103448 0.000000
vt 0.099088 0.000000
vt 0.098890 0.000000
vt 0.103646 0.000000
vt 0.098692 0.000000
vt 0.110384 0.000000
vt 0.103845 0.000000
vt 0.098494 0.000000
vt 0.068569 0.000000
vt 0.098296 0.000000
vt 0.104043 0.000000
vt 0.110186 0.000000
vt 0.104241 0.000000
vt 0.068767 0.000000
vt 0.098098 0.000000
vt 0.104439 0.000000
vt 0.109988 0.000000
vt 0.068966 0.000000
vt 0.104637 0.000000
vt 0.109790 0.000000
vt 0.069164 0.000000
vt 0.069362 0.000000
vt 0.104836 0.000000
vt 0.109592 0.000000
vt 0.069560 0.000000
vt 0.105034 0.000000
vt 0.109394 0.000000
vt 0.069758 0.000000
vt 0.105232 0.000000
vt 0.109195 0.000000
vt 0.069956 0.000000
vt 0.108997 0.000000
vt 0.105430 0.000000
vt 0.070155 0.000000
vt 0.108799 0.000000
vt 0.105628 0.000000
vt 0.070353 0.000000
vt 0.108601 0.000000
vt 0.105826 0.000000
vt 0.106025 0.000000
vt 0.070551 0.000000
vt 0.106223 0.000000
vt 0.108403 0.000000
vt 0.106421 0.000000
vt 0.106619 0.000000
vt 0.070749 0.000000
vt 0.106817 0.000000
vt 0.107015 0.000000
vt 0.070947 0.000000
vt 0.107214 0.000000
vt 0.107412 0.000000
vt 0.107610 0.000000
vt 0.071145 0.000000
vt 0.107808 0.000000
vt 0.108006 0.000000
vt 0.108205 0.000000
vt 0.071344 0.000000
vt 0.097899 0.000000
vt 0.071542 0.000000
vt 0.071740 0.000000
vt 0.071938 0.000000
vt 0.088387 0.000000
vt 0.087990 0.000000
vt 0.088189 0.000000
vt 0.087792 0.000000
vt 0.087594 0.000000
vt 0.087396 0.000000
vt 0.087198 0.000000
vt 0.072136 0.000000
vt 0.087000 0.000000
vt 0.086801 0.000000
vt 0.086603 0.000000
vt 0.072335 0.000000
vt 0.086405 0.000000
vt 0.086207 0.000000
vt 0.086009 0.000000
vt 0.072533 0.000000
vt 0.085811 0.000000
vt 0.085612 0.000000
vt 0.085414 0.000000
vt 0.085216 0.000000
vt 0.072731 0.000000
vt 0.088585 0.000000
vt 0.072929 0.000000
vt 0.085018 0.000000
vt 0.088783 0.000000
vt 0.073127 0.000000
vt 0.073325 0.000000
vt 0.084820 0.000000
vt 0.088981 0.000000
vt 0.073524 0.000000
vt 0.089180 0.000000
vt 0.084621 0.000000
vt 0.073722 0.000000
vt 0.089378 0.000000
vt 0.084423 0.000000
vt 0.073920 0.000000
vt 0.089576 0.000000
vt 0.084225 0.000000
vt 0.074118 0.000000
vt 0.089774 0.000000
vt 0.089972 0.000000
vt 0.084027 0.000000
vt 0.074316 0.000000
vt 0.097701 0.000000
vt 0.097503 0.000000
vt 0.097305 0.000000
vt 0.090170 0.000000
vt 0.097107 0.000000
vt 0.096908 0.000000
vt 0.096710 0.000000
vt 0.096512 0.000000
vt 0.090369 0.000000
vt 0.096314 0.000000
vt 0.083829 0.000000
vt 0.096116 0.000000
vt 0.074514 0.000000
vt 0.095918 0.000000
vt 0.095719 0.000000
vt 0.090567 0.000000
vt 0.095521 0.000000
vt 0.095323 0.000000
vt 0.095125 0.000000
vt 0.090765 0.000000
vt 0.094927 0.000000
vt 0.083631 0.000000
vt 0.090963 0.000000
vt 0.094728 0.000000
vt 0.094530 0.000000
vt 0.091161 0.000000
vt 0.074713 0.000000
vt 0.094332 0.000000
vt 0.091359 0.000000
vt 0.094134 0.000000
vt 0.093936 0.000000
vt 0.091558 0.000000
vt 0.093738 0.000000
vt 0.093539 0.000000
vt 0.091756 0.000000
vt 0.093341 0.000000
vt 0.093143 0.000000
vt 0.091954 0.000000
vt 0.092945 0.000000
vt 0.083432 0.000000
vt 0.092152 0.000000
vt 0.092747 0.000000
vt 0.092350 0.000000
vt 0.092549 0.000000
vt 0.074911 0.000000
vt 0.083234 0.000000
vt 0.075109 0.000000
vt 0.083036 0.000000
vt 0.075307 0.000000
vt 0.082838 0.000000
vt 0.082640 0.000000
vt 0.075505 0.000000
vt 0.082442 0.000000
vt 0.082243 0.000000
vt 0.075704 0.000000
vt 0.082045 0.000000
vt 0.081847 0.000000
vt 0.075902 0.000000
vt 0.081649 0.000000
vt 0.076100 0.000000
vt 0.081451 0.000000
vt 0.081252 0.000000
vt 0.081054 0.000000
vt 0.080856 0.000000
vt 0.076298 0.000000
vt 0.080658 0.000000
vt 0.080460 0.000000
vt 0.076496 0.000000
vt 0.080262 0.000000
vt 0.076694 0.000000
vt 0.080063 0.000000
vt 0.079865 0.000000
vt 0.076893 0.000000
vt 0.079667 0.000000
vt 0.077091 0.000000
vt 0.079469 0.000000
vt 0.077289 0.000000
vt 0.079271 0.000000
vt 0.079073 0.000000
vt 0.077487 0.000000
vt 0.078874 0.000000
vt 0.077685 0.000000
vt 0.078676 0.000000
vt 0.077883 0.000000
vt 0.078478 0.000000
vt 0.078280 0.000000
vt 0.078082 0.000000
vt 0.142885 0.000000
vt 0.142489 0.000000
vt 0.142687 0.000000
vt 0.143084 0.000000
vt 0.142291 0.000000
vt 0.143282 0.000000
vt 0.142093 0.000000
vt 0.143480 0.000000
vt 0.141895 0.000000
vt 0.143678 0.000000
vt 0.141696 0.000000
vt 0.143876 0.000000
vt 0.144075 0.000000
vt 0.141498 0.000000
vt 0.115735 0.000000
vt 0.115933 0.000000
vt 0.141300 0.000000
vt 0.116132 0.000000
vt 0.141102 0.000000
vt 0.140904 0.000000
vt 0.116330 0.000000
vt 0.140706 0.000000
vt 0.116528 0.000000
vt 0.140507 0.000000
vt 0.116726 0.000000
vt 0.140309 0.000000
vt 0.116924 0.000000
vt 0.117122 0.000000
vt 0.140111 0.000000
vt 0.117321 0.000000
vt 0.139913 0.000000
vt 0.117519 0.000000
vt 0.139715 0.000000
vt 0.117717 0.000000
vt 0.117915 0.000000
vt 0.139516 0.000000
vt 0.118113 0.000000
vt 0.139318 0.000000
vt 0.118312 0.000000
vt 0.118510 0.000000
vt 0.118708 0.000000
vt 0.139120 0.000000
vt 0.118906 0.000000
vt 0.119104 0.000000
vt 0.119302 0.000000
vt 0.138922 0.000000
vt 0.119501 0.000000
vt 0.119699 0.000000
vt 0.119897 0.000000
vt 0.138724 0.000000
vt 0.120095 0.000000
vt 0.120293 0.000000
vt 0.120491 0.000000
vt 0.138526 0.000000
vt 0.120690 0.000000
vt 0.120888 0.000000
vt 0.138327 0.000000
vt 0.121086 0.000000
vt 0.138129 0.000000
vt 0.121284 0.000000
vt 0.121482 0.000000
vt 0.137931 0.000000
vt 0.121681 0.000000
vt 0.121879 0.000000
vt 0.137733 0.000000
vt 0.122077 0.000000
vt 0.122275 0.000000
vt 0.137535 0.000000
vt 0.122473 0.000000
vt 0.162307 0.000000
vt 0.162109 0.000000
vt 0.162505 0.000000
vt 0.137337 0.000000
vt 0.162703 0.000000
vt 0.161910 0.000000
vt 0.162901 0.000000
vt 0.122671 0.000000
vt 0.161712 0.000000
vt 0.163099 0.000000
vt 0.161514 0.000000
vt 0.144273 0.000000
vt 0.161316 0.000000
vt 0.144471 0.000000
vt 0.144669 0.000000
vt 0.161118 0.000000
vt 0.122870 0.000000
vt 0.144867 0.000000
vt 0.145065 0.000000
vt 0.160920 0.000000
vt 0.137138 0.000000
vt 0.145264 0.000000
vt 0.145462 0.000000
vt 0.123068 0.000000
vt 0.160721 0.000000
vt 0.145660 0.000000
vt 0.145858 0.000000
vt 0.160523 0.000000
vt 0.146056 0.000000
vt 0.160325 0.000000
vt 0.146254 0.000000
vt 0.136940 0.000000
vt 0.160127 0.000000
vt 0.146453 0.000000
vt 0.146651 0.000000
vt 0.159929 0.000000
vt 0.123266 0.000000
vt 0.146849 0.000000
vt 0.159730 0.000000
vt 0.136742 0.000000
vt 0.147047 0.000000
vt 0.159532 0.000000
vt 0.123464 0.000000
vt 0.159334 0.000000
vt 0.136544 0.000000
vt 0.147245 0.000000
vt 0.159136 0.000000
vt 0.123662 0.000000
vt 0.147444 0.000000
vt 0.136346 0.000000
vt 0.158938 0.000000
vt 0.147642 0.000000
vt 0.123860 0.000000
vt 0.136147 0.000000
vt 0.158740 0.000000
vt 0.147840 0.000000
vt 0.124059 0.000000
vt 0.135949 0.000000
vt 0.158541 0.000000
vt 0.148038 0.000000
vt 0.135751 0.000000
vt 0.124257 0.000000
vt 0.158343 0.000000
vt 0.148236 0.000000
vt 0.135553 0.000000
vt 0.158145 0.000000
vt 0.124455 0.000000
vt 0.148434 0.000000
vt 0.135355 0.000000
vt 0.157947 0.000000
vt 0.124653 0.000000
vt 0.148633 0.000000
vt 0.157749 0.000000
vt 0.135157 0.000000
vt 0.124851 0.000000
vt 0.148831 0.000000
vt 0.157551 0.000000
vt 0.134958 0.000000
vt 0.157352 0.000000
vt 0.149029 0.000000
vt 0.125050 0.000000
vt 0.157154 0.000000
vt 0.149227 0.000000
vt 0.149425 0.000000
vt 0.134760 0.000000
vt 0.149623 0.000000
vt 0.156956 0.000000
vt 0.149822 0.000000
vt 0.150020 0.000000
vt 0.125248 0.000000
vt 0.156758 0.000000
vt 0.150218 0.000000
vt 0.134562 0.000000
vt 0.150416 0.000000
vt 0.156560 0.000000
vt 0.150614 0.000000
vt 0.150813 0.000000
vt 0.156361 0.000000
vt 0.134364 0.000000
vt 0.151011 0.000000
vt 0.156163 0.000000
vt 0.125446 0.000000
vt 0.151209 0.000000
vt 0.155965 0.000000
vt 0.151407 0.000000
vt 0.151605 0.000000
vt 0.155767 0.000000
vt 0.151803 0.000000
vt 0.134166 0.000000
vt 0.155569 0.000000
vt 0.152002 0.000000
vt 0.155371 0.000000
vt 0.152200 0.000000
vt 0.152398 0.000000
vt 0.155172 0.000000
vt 0.152596 0.000000
vt 0.154974 0.000000
vt 0.152794 0.000000
vt 0.154776 0.000000
vt 0.152992 0.000000
vt 0.154578 0.000000
vt 0.133968 0.000000
vt 0.125644 0.000000
vt 0.153191 0.000000
vt 0.154380 0.000000
vt 0.153389 0.000000
vt 0.154182 0.000000
vt 0.153587 0.000000
vt 0.153983 0.000000
vt 0.153785 0.000000
vt 0.133769 0.000000
vt 0.125842 0.000000
vt 0.133571 0.000000
vt 0.133373 0.000000
vt 0.126040 0.000000
vt 0.133175 0.000000
vt 0.126239 0.000000
vt 0.132977 0.000000
vt 0.132778 0.000000
vt 0.126437 0.000000
vt 0.132580 0.000000
vt 0.126635 0.000000
vt 0.132382 0.000000
vt 0.132184 0.000000
vt 0.126833 0.000000
vt 0.131986 0.000000
vt 0.131788 0.000000
vt 0.131589 0.000000
vt 0.127031 0.000000
vt 0.131391 0.000000
vt 0.131193 0.000000
vt 0.130995 0.000000
vt 0.127229 0.000000
vt 0.130797 0.000000
vt 0.130599 0.000000
vt 0.127428 0.000000
vt 0.130400 0.000000
vt 0.130202 0.000000
vt 0.130004 0.000000
vt 0.127626 0.000000
vt 0.129806 0.000000
vt 0.127824 0.000000
vt 0.129608 0.000000
vt 0.128022 0.000000
vt 0.129409 0.000000
vt 0.128220 0.000000
vt 0.129211 0.000000
vt 0.128419 0.000000
vt 0.129013 0.000000
vt 0.128617 0.000000
vt 0.128815 0.000000
vt 0.212049 0.000000
vt 0.211653 0.000000
vt 0.211851 0.000000
vt 0.211455 0.000000
vt 0.212247 0.000000
vt 0.211256 0.000000
vt 0.212445 0.000000
vt 0.211058 0.000000
vt 0.212644 0.000000
vt 0.210860 0.000000
vt 0.212842 0.000000
vt 0.213040 0.000000
vt 0.210662 0.000000
vt 0.213238 0.000000
vt 0.213436 0.000000
vt 0.210464 0.000000
vt 0.163298 0.000000
vt 0.163496 0.000000
vt 0.210266 0.000000
vt 0.163694 0.000000
vt 0.210067 0.000000
vt 0.209869 0.000000
vt 0.163892 0.000000
vt 0.209671 0.000000
vt 0.164090 0.000000
vt 0.209473 0.000000
vt 0.164289 0.000000
vt 0.209275 0.000000
vt 0.209076 0.000000
vt 0.164487 0.000000
vt 0.208878 0.000000
vt 0.164685 0.000000
vt 0.208680 0.000000
vt 0.164883 0.000000
vt 0.208482 0.000000
vt 0.165081 0.000000
vt 0.208284 0.000000
vt 0.165279 0.000000
vt 0.208086 0.000000
vt 0.165478 0.000000
vt 0.207887 0.000000
vt 0.165676 0.000000
vt 0.207689 0.000000
vt 0.165874 0.000000
vt 0.166072 0.000000
vt 0.200951 0.000000
vt 0.207491 0.000000
vt 0.166270 0.000000
vt 0.200753 0.000000
vt 0.201149 0.000000
vt 0.200555 0.000000
vt 0.201348 0.000000
vt 0.200357 0.000000
vt 0.200159 0.000000
vt 0.201546 0.000000
vt 0.199960 0.000000
vt 0.201744 0.000000
vt 0.199762 0.000000
vt 0.199564 0.000000
vt 0.201942 0.000000
vt 0.207293 0.000000
vt 0.199366 0.000000
vt 0.166468 0.000000
vt 0.202140 0.000000
vt 0.199168 0.000000
vt 0.198969 0.000000
vt 0.202338 0.000000
vt 0.198771 0.000000
vt 0.198573 0.000000
vt 0.202537 0.000000
vt 0.198375 0.000000
vt 0.166667 0.000000
vt 0.207095 0.000000
vt 0.198177 0.000000
vt 0.202735 0.000000
vt 0.197979 0.000000
vt 0.166865 0.000000
vt 0.202933 0.000000
vt 0.197780 0.000000
vt 0.206897 0.000000
vt 0.197582 0.000000
vt 0.203131 0.000000
vt 0.167063 0.000000
vt 0.206698 0.000000
vt 0.197384 0.000000
vt 0.203329 0.000000
vt 0.167261 0.000000
vt 0.197186 0.000000
vt 0.203528 0.000000
vt 0.206500 0.000000
vt 0.203726 0.000000
vt 0.167459 0.000000
vt 0.203924 0.000000
vt 0.196988 0.000000
vt 0.204122 0.000000
vt 0.206302 0.000000
vt 0.204320 0.000000
vt 0.204518 0.000000
vt 0.204717 0.000000
vt 0.204915 0.000000
vt 0.196790 0.000000
vt 0.167658 0.000000
vt 0.205113 0.000000
vt 0.205311 0.000000
vt 0.205509 0.000000
vt 0.205707 0.000000
vt 0.205906 0.000000
vt 0.206104 0.000000
vt 0.196591 0.000000
vt 0.167856 0.000000
vt 0.196393 0.000000
vt 0.168054 0.000000
vt 0.186088 0.000000
vt 0.185692 0.000000
vt 0.185890 0.000000
vt 0.185493 0.000000
vt 0.185295 0.000000
vt 0.196195 0.000000
vt 0.168252 0.000000
vt 0.186286 0.000000
vt 0.186484 0.000000
vt 0.186683 0.000000
vt 0.195997 0.000000
vt 0.168450 0.000000
vt 0.186881 0.000000
vt 0.168648 0.000000
vt 0.195799 0.000000
vt 0.168847 0.000000
vt 0.195600 0.000000
vt 0.187079 0.000000
vt 0.187277 0.000000
vt 0.169045 0.000000
vt 0.195402 0.000000
vt 0.187475 0.000000
vt 0.169243 0.000000
vt 0.185097 0.000000
vt 0.187673 0.000000
vt 0.195204 0.000000
vt 0.187872 0.000000
vt 0.169441 0.000000
vt 0.195006 0.000000
vt 0.188070 0.000000
vt 0.169639 0.000000
vt 0.188268 0.000000
vt 0.194808 0.000000
vt 0.188466 0.000000
vt 0.169837 0.000000
vt 0.194610 0.000000
vt 0.188664 0.000000
vt 0.170036 0.000000
vt 0.194411 0.000000
vt 0.188862 0.000000
vt 0.194213 0.000000
vt 0.170234 0.000000
vt 0.194015 0.000000
vt 0.189061 0.000000
vt 0.193817 0.000000
vt 0.189259 0.000000
vt 0.193619 0.000000
vt 0.170432 0.000000
vt 0.189457 0.000000
vt 0.193421 0.000000
vt 0.189655 0.000000
vt 0.193222 0.000000
vt 0.189853 0.000000
vt 0.193024 0.000000
vt 0.170630 0.000000
vt 0.190052 0.000000
vt 0.192826 0.000000
vt 0.190250 0.000000
vt 0.190448 0.000000
vt 0.192628 0.000000
vt 0.190646 0.000000
vt 0.192430 0.000000
vt 0.190844 0.000000
vt 0.192231 0.000000
vt 0.191042 0.000000
vt 0.192033 0.000000
vt 0.191241 0.000000
vt 0.191835 0.000000
vt 0.191439 0.000000
vt 0.191637 0.000000
vt 0.179548 0.000000
vt 0.179746 0.000000
vt 0.170828 0.000000
vt 0.171027 0.000000
vt 0.171225 0.000000
vt 0.171423 0.000000
vt 0.179350 0.000000
vt 0.179152 0.000000
vt 0.179945 0.000000
vt 0.178954 0.000000
vt 0.180143 0.000000
vt 0.178755 0.000000
vt 0.180341 0.000000
vt 0.178557 0.000000
vt 0.178359 0.000000
vt 0.180539 0.000000
vt 0.178161 0.000000
vt 0.177963 0.000000
vt 0.180737 0.000000
vt 0.177765 0.000000
vt 0.177566 0.000000
vt 0.177368 0.000000
vt 0.180935 0.000000
vt 0.177170 0.000000
vt 0.181134 0.000000
vt 0.176972 0.000000
vt 0.176774 0.000000
vt 0.181332 0.000000
vt 0.176576 0.000000
vt 0.176377 0.000000
vt 0.181530 0.000000
vt 0.171621 0.000000
vt 0.176179 0.000000
vt 0.181728 0.000000
vt 0.175981 0.000000
vt 0.175783 0.000000
vt 0.181926 0.000000
vt 0.175585 0.000000
vt 0.182124 0.000000
vt 0.175386 0.000000
vt 0.175188 0.000000
vt 0.182323 0.000000
vt 0.174990 0.000000
vt 0.171819 0.000000
vt 0.182521 0.000000
vt 0.182719 0.000000
vt 0.182917 0.000000
vt 0.183115 0.000000
vt 0.174792 0.000000
vt 0.183314 0.000000
vt 0.183512 0.000000
vt 0.172017 0.000000
vt 0.183710 0.000000
vt 0.174594 0.000000
vt 0.183908 0.000000
vt 0.184106 0.000000
vt 0.174396 0.000000
vt 0.184304 0.000000
vt 0.172216 0.000000
vt 0.184503 0.000000
vt 0.184701 0.000000
vt 0.184899 0.000000
vt 0.174197 0.000000
vt 0.172414 0.000000
vt 0.173999 0.000000
vt 0.173801 0.000000
vt 0.172612 0.000000
vt 0.173603 0.000000
vt 0.173405 0.000000
vt 0.172810 0.000000
vt 0.173206 0.000000
vt 0.173008 0.000000
vt 0.245739 0.000000
vt 0.245343 0.000000
vt 0.245541 0.000000
vt 0.245145 0.000000
vt 0.245937 0.000000
vt 0.244946 0.000000
vt 0.246136 0.000000
vt 0.244748 0.000000
vt 0.246334 0.000000
vt 0.244550 0.000000
vt 0.246532 0.000000
vt 0.244352 0.000000
vt 0.246730 0.000000
vt 0.213635 0.000000
vt 0.213833 0.000000
vt 0.244154 0.000000
vt 0.243956 0.000000
vt 0.214031 0.000000
vt 0.243757 0.000000
vt 0.214229 0.000000
vt 0.243559 0.000000
vt 0.214427 0.000000
vt 0.243361 0.000000
vt 0.214625 0.000000
vt 0.243163 0.000000
vt 0.214824 0.000000
vt 0.215022 0.000000
vt 0.242965 0.000000
vt 0.215220 0.000000
vt 0.215418 0.000000
vt 0.242767 0.000000
vt 0.215616 0.000000
vt 0.215815 0.000000
vt 0.242568 0.000000
vt 0.216013 0.000000
vt 0.216211 0.000000
vt 0.242370 0.000000
vt 0.242172 0.000000
vt 0.216409 0.000000
vt 0.241974 0.000000
vt 0.216607 0.000000
vt 0.241776 0.000000
vt 0.216805 0.000000
vt 0.241577 0.000000
vt 0.217004 0.000000
vt 0.241379 0.000000
vt 0.217202 0.000000
vt 0.241181 0.000000
vt 0.217400 0.000000
vt 0.240983 0.000000
vt 0.217598 0.000000
vt 0.240785 0.000000
vt 0.217796 0.000000
vt 0.240587 0.000000
vt 0.217994 0.000000
vt 0.240388 0.000000
vt 0.240190 0.000000
vt 0.218193 0.000000
vt 0.264962 0.000000
vt 0.264764 0.000000
vt 0.265161 0.000000
vt 0.265359 0.000000
vt 0.264566 0.000000
vt 0.265557 0.000000
vt 0.264368 0.000000
vt 0.239992 0.000000
vt 0.265755 0.000000
vt 0.218391 0.000000
vt 0.264170 0.000000
vt 0.246928 0.000000
vt 0.263971 0.000000
vt 0.247126 0.000000
vt 0.247325 0.000000
vt 0.263773 0.000000
vt 0.247523 0.000000
vt 0.247721 0.000000
vt 0.263575 0.000000
vt 0.247919 0.000000
vt 0.239794 0.000000
vt 0.248117 0.000000
vt 0.218589 0.000000
vt 0.263377 0.000000
vt 0.248315 0.000000
vt 0.263179 0.000000
vt 0.248514 0.000000
vt 0.262981 0.000000
vt 0.248712 0.000000
vt 0.218787 0.000000
vt 0.262782 0.000000
vt 0.239596 0.000000
vt 0.248910 0.000000
vt 0.262584 0.000000
vt 0.249108 0.000000
vt 0.218985 0.000000
vt 0.239398 0.000000
vt 0.249306 0.000000
vt 0.262386 0.000000
vt 0.219184 0.000000
vt 0.249505 0.000000
vt 0.239199 0.000000
vt 0.262188 0.000000
vt 0.219382 0.000000
vt 0.249703 0.000000
vt 0.261990 0.000000
vt 0.239001 0.000000
vt 0.219580 0.000000
vt 0.249901 0.000000
vt 0.261792 0.000000
vt 0.219778 0.000000
vt 0.238803 0.000000
vt 0.219976 0.000000
vt 0.250099 0.000000
vt 0.261593 0.000000
vt 0.238605 0.000000
vt 0.220174 0.000000
vt 0.250297 0.000000
vt 0.261395 0.000000
vt 0.238407 0.000000
vt 0.220373 0.000000
vt 0.220571 0.000000
vt 0.238208 0.000000
vt 0.250495 0.000000
vt 0.261197 0.000000
vt 0.220769 0.000000
vt 0.238010 0.000000
vt 0.250694 0.000000
vt 0.220967 0.000000
vt 0.260999 0.000000
vt 0.237812 0.000000
vt 0.221165 0.000000
vt 0.250892 0.000000
vt 0.260801 0.000000
vt 0.237614 0.000000
vt 0.221363 0.000000
vt 0.237416 0.000000
vt 0.251090 0.000000
vt 0.260602 0.000000
vt 0.221562 0.000000
vt 0.237218 0.000000
vt 0.221760 0.000000
vt 0.260404 0.000000
vt 0.251288 0.000000
vt 0.237019 0.000000
vt 0.236821 0.000000
vt 0.221958 0.000000
vt 0.260206 0.000000
vt 0.236623 0.000000
vt 0.251486 0.000000
vt 0.222156 0.000000
vt 0.236425 0.000000
vt 0.260008 0.000000
vt 0.236227 0.000000
vt 0.222354 0.000000
vt 0.251685 0.000000
vt 0.236029 0.000000
vt 0.259810 0.000000
vt 0.222553 0.000000
vt 0.235830 0.000000
vt 0.251883 0.000000
vt 0.259612 0.000000
vt 0.252081 0.000000
vt 0.235632 0.000000
vt 0.252279 0.000000
vt 0.222751 0.000000
vt 0.235434 0.000000
vt 0.252477 0.000000
vt 0.259413 0.000000
vt 0.252675 0.000000
vt 0.235236 0.000000
vt 0.222949 0.000000
vt 0.252874 0.000000
vt 0.235038 0.000000
vt 0.259215 0.000000
vt 0.234839 0.000000
vt 0.253072 0.000000
vt 0.253270 0.000000
vt 0.259017 0.000000
vt 0.223147 0.000000
vt 0.253468 0.000000
vt 0.234641 0.000000
vt 0.258819 0.000000
vt 0.253666 0.000000
vt 0.258621 0.000000
vt 0.223345 0.000000
vt 0.253864 0.000000
vt 0.258423 0.000000
vt 0.254063 0.000000
vt 0.254261 0.000000
vt 0.258224 0.000000
vt 0.234443 0.000000
vt 0.254459 0.000000
vt 0.258026 0.000000
vt 0.254657 0.000000
vt 0.223543 0.000000
vt 0.254855 0.000000
vt 0.257828 0.000000
vt 0.255054 0.000000
vt 0.257630 0.000000
vt 0.255252 0.000000
vt 0.257432 0.000000
vt 0.255450 0.000000
vt 0.257233 0.000000
vt 0.255648 0.000000
vt 0.234245 0.000000
vt 0.257035 0.000000
vt 0.223742 0.000000
vt 0.255846 0.000000
vt 0.256837 0.000000
vt 0.256044 0.000000
vt 0.256639 0.000000
vt 0.256243 0.000000
vt 0.256441 0.000000
vt 0.223940 0.000000
vt 0.234047 0.000000
vt 0.224138 0.000000
vt 0.233849 0.000000
vt 0.224336 0.000000
vt 0.233650 0.000000
vt 0.224534 0.000000
vt 0.233452 0.000000
vt 0.224732 0.000000
vt 0.224931 0.000000
vt 0.233254 0.000000
vt 0.225129 0.000000
vt 0.233056 0.000000
vt 0.225327 0.000000
vt 0.232858 0.000000
vt 0.225525 0.000000
vt 0.232660 0.000000
vt 0.225723 0.000000
vt 0.232461 0.000000
vt 0.225922 0.000000
vt 0.232263 0.000000
vt 0.226120 0.000000
vt 0.232065 0.000000
vt 0.226318 0.000000
vt 0.231867 0.000000
vt 0.226516 0.000000
vt 0.231669 0.000000
vt 0.226714 0.000000
vt 0.231470 0.000000
vt 0.226912 0.000000
vt 0.231272 0.000000
vt 0.227111 0.000000
vt 0.231074 0.000000
vt 0.227309 0.000000
vt 0.230876 0.000000
vt 0.227507 0.000000
vt 0.230678 0.000000
vt 0.227705 0.000000
vt 0.230480 0.000000
vt 0.227903 0.000000
vt 0.230281 0.000000
vt 0.228101 0.000000
vt 0.230083 0.000000
vt 0.228300 0.000000
vt 0.229885 0.000000
vt 0.228498 0.000000
vt 0.229687 0.000000
vt 0.228696 0.000000
vt 0.229489 0.000000
vt 0.228894 0.000000
vt 0.229291 0.000000
vt 0.229092 0.000000
vt 0.330361 0.000000
vt 0.329964 0.000000
vt 0.330162 0.000000
vt 0.329766 0.000000
vt 0.330559 0.000000
vt 0.329568 0.000000
vt 0.330757 0.000000
vt 0.329370 0.000000
vt 0.330955 0.000000
vt 0.329172 0.000000
vt 0.331153 0.000000
vt 0.328973 0.000000
vt 0.265953 0.000000
vt 0.328775 0.000000
vt 0.266151 0.000000
vt 0.328577 0.000000
vt 0.266350 0.000000
vt 0.266548 0.000000
vt 0.328379 0.000000
vt 0.266746 0.000000
vt 0.266944 0.000000
vt 0.328181 0.000000
vt 0.267142 0.000000
vt 0.267340 0.000000
vt 0.327983 0.000000
vt 0.267539 0.000000
vt 0.267737 0.000000
vt 0.327784 0.000000
vt 0.267935 0.000000
vt 0.268133 0.000000
vt 0.327586 0.000000
vt 0.268331 0.000000
vt 0.327388 0.000000
vt 0.268530 0.000000
vt 0.268728 0.000000
vt 0.327190 0.000000
vt 0.268926 0.000000
vt 0.326992 0.000000
vt 0.269124 0.000000
vt 0.326793 0.000000
vt 0.269322 0.000000
vt 0.326595 0.000000
vt 0.269520 0.000000
vt 0.326397 0.000000
vt 0.269719 0.000000
vt 0.269917 0.000000
vt 0.326199 0.000000
vt 0.270115 0.000000
vt 0.326001 0.000000
vt 0.270313 0.000000
vt 0.325803 0.000000
vt 0.270511 0.000000
vt 0.270709 0.000000
vt 0.325604 0.000000
vt 0.270908 0.000000
vt 0.325406 0.000000
vt 0.271106 0.000000
vt 0.325208 0.000000
vt 0.271304 0.000000
vt 0.271502 0.000000
vt 0.325010 0.000000
vt 0.271700 0.000000
vt 0.317677 0.000000
vt 0.317479 0.000000
vt 0.317876 0.000000
vt 0.317281 0.000000
vt 0.318074 0.000000
vt 0.317083 0.000000
vt 0.324812 0.000000
vt 0.318272 0.000000
vt 0.271899 0.000000
vt 0.316885 0.000000
vt 0.318470 0.000000
vt 0.316686 0.000000
vt 0.318668 0.000000
vt 0.272097 0.000000
vt 0.316488 0.000000
vt 0.318866 0.000000
vt 0.324614 0.000000
vt 0.316290 0.000000
vt 0.272295 0.000000
vt 0.319065 0.000000
vt 0.316092 0.000000
vt 0.319263 0.000000
vt 0.315894 0.000000
vt 0.319461 0.000000
vt 0.315696 0.000000
vt 0.319659 0.000000
vt 0.315497 0.000000
vt 0.272493 0.000000
vt 0.315299 0.000000
vt 0.324415 0.000000
vt 0.319857 0.000000
vt 0.315101 0.000000
vt 0.320055 0.000000
vt 0.314903 0.000000
vt 0.320254 0.000000
vt 0.314705 0.000000
vt 0.272691 0.000000
vt 0.314507 0.000000
vt 0.320452 0.000000
vt 0.324217 0.000000
vt 0.314308 0.000000
vt 0.320650 0.000000
vt 0.272889 0.000000
vt 0.314110 0.000000
vt 0.320848 0.000000
vt 0.313912 0.000000
vt 0.321046 0.000000
vt 0.273088 0.000000
vt 0.321245 0.000000
vt 0.324019 0.000000
vt 0.313714 0.000000
vt 0.321443 0.000000
vt 0.321641 0.000000
vt 0.321839 0.000000
vt 0.313516 0.000000
vt 0.322037 0.000000
vt 0.273286 0.000000
vt 0.322235 0.000000
vt 0.313317 0.000000
vt 0.322434 0.000000
vt 0.313119 0.000000
vt 0.322632 0.000000
vt 0.273484 0.000000
vt 0.312921 0.000000
vt 0.322830 0.000000
vt 0.312723 0.000000
vt 0.323028 0.000000
vt 0.312525 0.000000
vt 0.323226 0.000000
vt 0.273682 0.000000
vt 0.323424 0.000000
vt 0.312327 0.000000
vt 0.323623 0.000000
vt 0.323821 0.000000
vt 0.312128 0.000000
vt 0.311930 0.000000
vt 0.273880 0.000000
vt 0.311732 0.000000
vt 0.311534 0.000000
vt 0.311336 0.000000
vt 0.274078 0.000000
vt 0.311138 0.000000
vt 0.310939 0.000000
vt 0.310741 0.000000
vt 0.310543 0.000000
vt 0.274277 0.000000
vt 0.310345 0.000000
vt 0.310147 0.000000
vt 0.309948 0.000000
vt 0.309750 0.000000
vt 0.274475 0.000000
vt 0.309552 0.000000
vt 0.309354 0.000000
vt 0.309156 0.000000
vt 0.308958 0.000000
vt 0.274673 0.000000
vt 0.308759 0.000000
vt 0.308561 0.000000
vt 0.308363 0.000000
vt 0.274871 0.000000
vt 0.308165 0.000000
vt 0.307967 0.000000
vt 0.307769 0.000000
vt 0.275069 0.000000
vt 0.307570 0.000000
vt 0.307372 0.000000
vt 0.307174 0.000000
vt 0.306976 0.000000
vt 0.275268 0.000000
vt 0.306778 0.000000
vt 0.275466 0.000000
vt 0.306579 0.000000
vt 0.275664 0.000000
vt 0.306381 0.000000
vt 0.275862 0.000000
vt 0.306183 0.000000
vt 0.276060 0.000000
vt 0.276258 0.000000
vt 0.305985 0.000000
vt 0.276457 0.000000
vt 0.305787 0.000000
vt 0.276655 0.000000
vt 0.276853 0.000000
vt 0.305589 0.000000
vt 0.277051 0.000000
vt 0.305390 0.000000
vt 0.277249 0.000000
vt 0.305192 0.000000
vt 0.277447 0.000000
vt 0.304994 0.000000
vt 0.277646 0.000000
vt 0.304796 0.000000
vt 0.304598 0.000000
vt 0.277844 0.000000
vt 0.304400 0.000000
vt 0.278042 0.000000
vt 0.304201 0.000000
vt 0.304003 0.000000
vt 0.278240 0.000000
vt 0.303805 0.000000
vt 0.278438 0.000000
vt 0.303607 0.000000
vt 0.278637 0.000000
vt 0.303409 0.000000
vt 0.278835 0.000000
vt 0.290329 0.000000
vt 0.289933 0.000000
vt 0.290131 0.000000
vt 0.289734 0.000000
vt 0.289536 0.000000
vt 0.279033 0.000000
vt 0.289338 0.000000
vt 0.303210 0.000000
vt 0.289140 0.000000
vt 0.279231 0.000000
vt 0.288942 0.000000
vt 0.288744 0.000000
vt 0.279429 0.000000
vt 0.303012 0.000000
vt 0.288545 0.000000
vt 0.279627 0.000000
vt 0.288347 0.000000
vt 0.302814 0.000000
vt 0.279826 0.000000
vt 0.288149 0.000000
vt 0.290527 0.000000
vt 0.287951 0.000000
vt 0.280024 0.000000
vt 0.302616 0.000000
vt 0.287753 0.000000
vt 0.287555 0.000000
vt 0.280222 0.000000
vt 0.290725 0.000000
vt 0.287356 0.000000
vt 0.287158 0.000000
vt 0.302418 0.000000
vt 0.280420 0.000000
vt 0.290924 0.000000
vt 0.286960 0.000000
vt 0.302220 0.000000
vt 0.280618 0.000000
vt 0.286762 0.000000
vt 0.291122 0.000000
vt 0.280816 0.000000
vt 0.302021 0.000000
vt 0.286564 0.000000
vt 0.281015 0.000000
vt 0.291320 0.000000
vt 0.286365 0.000000
vt 0.281213 0.000000
vt 0.301823 0.000000
vt 0.291518 0.000000
vt 0.286167 0.000000
vt 0.281411 0.000000
vt 0.285969 0.000000
vt 0.281609 0.000000
vt 0.301625 0.000000
vt 0.291716 0.000000
vt 0.285771 0.000000
vt 0.281807 0.000000
vt 0.285573 0.000000
vt 0.282006 0.000000
vt 0.285375 0.000000
vt 0.291914 0.000000
vt 0.301427 0.000000
vt 0.282204 0.000000
vt 0.285176 0.000000
vt 0.284978 0.000000
vt 0.282402 0.000000
vt 0.284780 0.000000
vt 0.282600 0.000000
vt 0.284582 0.000000
vt 0.284384 0.000000
vt 0.292113 0.000000
vt 0.282798 0.000000
vt 0.284185 0.000000
vt 0.301229 0.000000
vt 0.282996 0.000000
vt 0.283987 0.000000
vt 0.283195 0.000000
vt 0.283789 0.000000
vt 0.283393 0.000000
vt 0.283591 0.000000
vt 0.292311 0.000000
vt 0.301031 0.000000
vt 0.292509 0.000000
vt 0.300832 0.000000
vt 0.292707 0.000000
vt 0.300634 0.000000
vt 0.292905 0.000000
vt 0.300436 0.000000
vt 0.293103 0.000000
vt 0.300238 0.000000
vt 0.293302 0.000000
vt 0.300040 0.000000
vt 0.293500 0.000000
vt 0.299841 0.000000
vt 0.293698 0.000000
vt 0.299643 0.000000
vt 0.299445 0.000000
vt 0.293896 0.000000
vt 0.299247 0.000000
vt 0.294094 0.000000
vt 0.299049 0.000000
vt 0.298851 0.000000
vt 0.294293 0.000000
vt 0.298652 0.000000
vt 0.294491 0.000000
vt 0.298454 0.000000
vt 0.298256 0.000000
vt 0.294689 0.000000
vt 0.298058 0.000000
vt 0.294887 0.000000
vt 0.297860 0.000000
vt 0.295085 0.000000
vt 0.297662 0.000000
vt 0.297463 0.000000
vt 0.295283 0.000000
vt 0.297265 0.000000
vt 0.295482 0.000000
vt 0.297067 0.000000
vt 0.295680 0.000000
vt 0.296869 0.000000
vt 0.295878 0.000000
vt 0.296671 0.000000
vt 0.296076 0.000000
vt 0.296472 0.000000
vt 0.296274 0.000000
vt 0.331352 0.000000
vt 0.357511 0.000000
vt 0.357709 0.000000
vt 0.357313 0.000000
vt 0.357115 0.000000
vt 0.345422 0.000000
vt 0.345026 0.000000
vt 0.345224 0.000000
vt 0.344828 0.000000
vt 0.344629 0.000000
vt 0.356916 0.000000
vt 0.356718 0.000000
vt 0.356520 0.000000
vt 0.356322 0.000000
vt 0.356124 0.000000
vt 0.355926 0.000000
vt 0.355727 0.000000
vt 0.355529 0.000000
vt 0.355331 0.000000
vt 0.355133 0.000000
vt 0.354935 0.000000
vt 0.354736 0.000000
vt 0.354538 0.000000
vt 0.354340 0.000000
vt 0.354142 0.000000
vt 0.353944 0.000000
vt 0.353746 0.000000
vt 0.353547 0.000000
vt 0.353349 0.000000
vt 0.353151 0.000000
vt 0.352953 0.000000
vt 0.352755 0.000000
vt 0.352556 0.000000
vt 0.352358 0.000000
vt 0.352160 0.000000
vt 0.345620 0.000000
vt 0.345818 0.000000
vt 0.351962 0.000000
vt 0.346017 0.000000
vt 0.351764 0.000000
vt 0.346215 0.000000
vt 0.351566 0.000000
vt 0.346413 0.000000
vt 0.351367 0.000000
vt 0.346611 0.000000
vt 0.351169 0.000000
vt 0.346809 0.000000
vt 0.350971 0.000000
vt 0.347008 0.000000
vt 0.350773 0.000000
vt 0.347206 0.000000
vt 0.350575 0.000000
vt 0.350377 0.000000
vt 0.347404 0.000000
vt 0.350178 0.000000
vt 0.349980 0.000000
vt 0.349782 0.000000
vt 0.347602 0.000000
vt 0.349584 0.000000
vt 0.349386 0.000000
vt 0.349187 0.000000
vt 0.348989 0.000000
vt 0.348791 0.000000
vt 0.348593 0.000000
vt 0.347800 0.000000
vt 0.348395 0.000000
vt 0.348197 0.000000
vt 0.347998 0.000000
vt 0.331550 0.000000
vt 0.333531 0.000000
vt 0.333730 0.000000
vt 0.344431 0.000000
vt 0.333928 0.000000
vt 0.333333 0.000000
vt 0.334126 0.000000
vt 0.333135 0.000000
vt 0.334324 0.000000
vt 0.334522 0.000000
vt 0.332937 0.000000
vt 0.334721 0.000000
vt 0.334919 0.000000
vt 0.335117 0.000000
vt 0.332739 0.000000
vt 0.335315 0.000000
vt 0.335513 0.000000
vt 0.335711 0.000000
vt 0.335910 0.000000
vt 0.332541 0.000000
vt 0.336108 0.000000
vt 0.336306 0.000000
vt 0.336504 0.000000
vt 0.336702 0.000000
vt 0.336901 0.000000
vt 0.332342 0.000000
vt 0.337099 0.000000
vt 0.337297 0.000000
vt 0.337495 0.000000
vt 0.337693 0.000000
vt 0.337891 0.000000
vt 0.332144 0.000000
vt 0.338090 0.000000
vt 0.338288 0.000000
vt 0.338486 0.000000
vt 0.338684 0.000000
vt 0.338882 0.000000
vt 0.339080 0.000000
vt 0.339279 0.000000
vt 0.339477 0.000000
vt 0.331946 0.000000
vt 0.339675 0.000000
vt 0.339873 0.000000
vt 0.340071 0.000000
vt 0.340270 0.000000
vt 0.340468 0.000000
vt 0.340666 0.000000
vt 0.340864 0.000000
vt 0.341062 0.000000
vt 0.341260 0.000000
vt 0.341459 0.000000
vt 0.341657 0.000000
vt 0.341855 0.000000
vt 0.342053 0.000000
vt 0.342251 0.000000
vt 0.342449 0.000000
vt 0.342648 0.000000
vt 0.342846 0.000000
vt 0.343044 0.000000
vt 0.343242 0.000000
vt 0.343440 0.000000
vt 0.343639 0.000000
vt 0.343837 0.000000
vt 0.344035 0.000000
vt 0.344233 0.000000
vt 0.331748 0.000000
vt 0.357907 0.000000
vt 0.377329 0.000000
vt 0.377527 0.000000
vt 0.367222 0.000000
vt 0.366825 0.000000
vt 0.367023 0.000000
vt 0.366627 0.000000
vt 0.366429 0.000000
vt 0.377130 0.000000
vt 0.376932 0.000000
vt 0.376734 0.000000
vt 0.376536 0.000000
vt 0.376338 0.000000
vt 0.376140 0.000000
vt 0.375941 0.000000
vt 0.375743 0.000000
vt 0.375545 0.000000
vt 0.375347 0.000000
vt 0.375149 0.000000
vt 0.374950 0.000000
vt 0.374752 0.000000
vt 0.374554 0.000000
vt 0.374356 0.000000
vt 0.374158 0.000000
vt 0.373960 0.000000
vt 0.373761 0.000000
vt 0.373563 0.000000
vt 0.373365 0.000000
vt 0.373167 0.000000
vt 0.372969 0.000000
vt 0.372771 0.000000
vt 0.372572 0.000000
vt 0.372374 0.000000
vt 0.372176 0.000000
vt 0.371978 0.000000
vt 0.371780 0.000000
vt 0.371581 0.000000
vt 0.371383 0.000000
vt 0.371185 0.000000
vt 0.370987 0.000000
vt 0.370789 0.000000
vt 0.370591 0.000000
vt 0.370392 0.000000
vt 0.370194 0.000000
vt 0.369996 0.000000
vt 0.367420 0.000000
vt 0.369798 0.000000
vt 0.369600 0.000000
vt 0.369402 0.000000
vt 0.369203 0.000000
vt 0.369005 0.000000
vt 0.368807 0.000000
vt 0.368609 0.000000
vt 0.368411 0.000000
vt 0.368212 0.000000
vt 0.368014 0.000000
vt 0.367816 0.000000
vt 0.367618 0.000000
vt 0.358105 0.000000
vt 0.360484 0.000000
vt 0.360682 0.000000
vt 0.366231 0.000000
vt 0.360285 0.000000
vt 0.360880 0.000000
vt 0.360087 0.000000
vt 0.361078 0.000000
vt 0.361276 0.000000
vt 0.359889 0.000000
vt 0.361474 0.000000
vt 0.359691 0.000000
vt 0.359493 0.000000
vt 0.361673 0.000000
vt 0.359295 0.000000
vt 0.361871 0.000000
vt 0.359096 0.000000
vt 0.362069 0.000000
vt 0.358898 0.000000
vt 0.358700 0.000000
vt 0.362267 0.000000
vt 0.362465 0.000000
vt 0.358502 0.000000
vt 0.362664 0.000000
vt 0.362862 0.000000
vt 0.363060 0.000000
vt 0.363258 0.000000
vt 0.363456 0.000000
vt 0.363654 0.000000
vt 0.363853 0.000000
vt 0.364051 0.000000
vt 0.364249 0.000000
vt 0.364447 0.000000
vt 0.364645 0.000000
vt 0.364843 0.000000
vt 0.365042 0.000000
vt 0.365240 0.000000
vt 0.365438 0.000000
vt 0.365636 0.000000
vt 0.365834 0.000000
vt 0.358304 0.000000
vt 0.366033 0.000000
vt 0.377725 0.000000
vt 0.382085 0.000000
vt 0.382283 0.000000
vt 0.381887 0.000000
vt 0.381688 0.000000
vt 0.380896 0.000000
vt 0.380499 0.000000
vt 0.380698 0.000000
vt 0.380301 0.000000
vt 0.380103 0.000000
vt 0.381490 0.000000
vt 0.381094 0.000000
vt 0.381292 0.000000
vt 0.377923 0.000000
vt 0.378716 0.000000
vt 0.378914 0.000000
vt 0.379112 0.000000
vt 0.379905 0.000000
vt 0.378518 0.000000
vt 0.379310 0.000000
vt 0.379509 0.000000
vt 0.378319 0.000000
vt 0.378121 0.000000
vt 0.379707 0.000000
vt 0.409830 0.000000
vt 0.409433 0.000000
vt 0.409631 0.000000
vt 0.409235 0.000000
vt 0.409037 0.000000
vt 0.399723 0.000000
vt 0.399326 0.000000
vt 0.399524 0.000000
vt 0.399128 0.000000
vt 0.398930 0.000000
vt 0.410028 0.000000
vt 0.398732 0.000000
vt 0.408839 0.000000
vt 0.410226 0.000000
vt 0.398533 0.000000
vt 0.408641 0.000000
vt 0.410424 0.000000
vt 0.398335 0.000000
vt 0.408442 0.000000
vt 0.410622 0.000000
vt 0.398137 0.000000
vt 0.408244 0.000000
vt 0.410820 0.000000
vt 0.397939 0.000000
vt 0.408046 0.000000
vt 0.411019 0.000000
vt 0.397741 0.000000
vt 0.411217 0.000000
vt 0.407848 0.000000
vt 0.411415 0.000000
vt 0.397543 0.000000
vt 0.407650 0.000000
vt 0.411613 0.000000
vt 0.397344 0.000000
vt 0.411811 0.000000
vt 0.407451 0.000000
vt 0.382481 0.000000
vt 0.382679 0.000000
vt 0.397146 0.000000
vt 0.407253 0.000000
vt 0.396948 0.000000
vt 0.407055 0.000000
vt 0.396750 0.000000
vt 0.396552 0.000000
vt 0.406857 0.000000
vt 0.382878 0.000000
vt 0.406659 0.000000
vt 0.399921 0.000000
vt 0.396354 0.000000
vt 0.383076 0.000000
vt 0.406461 0.000000
vt 0.400119 0.000000
vt 0.396155 0.000000
vt 0.383274 0.000000
vt 0.395957 0.000000
vt 0.406262 0.000000
vt 0.400317 0.000000
vt 0.383472 0.000000
vt 0.395759 0.000000
vt 0.406064 0.000000
vt 0.395561 0.000000
vt 0.383670 0.000000
vt 0.400515 0.000000
vt 0.405866 0.000000
vt 0.395363 0.000000
vt 0.383868 0.000000
vt 0.400713 0.000000
vt 0.405668 0.000000
vt 0.395164 0.000000
vt 0.384067 0.000000
vt 0.394966 0.000000
vt 0.405470 0.000000
vt 0.400912 0.000000
vt 0.384265 0.000000
vt 0.394768 0.000000
vt 0.405272 0.000000
vt 0.401110 0.000000
vt 0.384463 0.000000
vt 0.394570 0.000000
vt 0.405073 0.000000
vt 0.394372 0.000000
vt 0.401308 0.000000
vt 0.404875 0.000000
vt 0.394174 0.000000
vt 0.384661 0.000000
vt 0.404677 0.000000
vt 0.401506 0.000000
vt 0.404479 0.000000
vt 0.384859 0.000000
vt 0.404281 0.000000
vt 0.393975 0.000000
vt 0.404082 0.000000
vt 0.401704 0.000000
vt 0.385057 0.000000
vt 0.403884 0.000000
vt 0.401902 0.000000
vt 0.403686 0.000000
vt 0.402101 0.000000
vt 0.402299 0.000000
vt 0.403488 0.000000
vt 0.403290 0.000000
vt 0.402497 0.000000
vt 0.393777 0.000000
vt 0.403092 0.000000
vt 0.402695 0.000000
vt 0.402893 0.000000
vt 0.385256 0.000000
vt 0.393579 0.000000
vt 0.385454 0.000000
vt 0.385652 0.000000
vt 0.393381 0.000000
vt 0.385850 0.000000
vt 0.393183 0.000000
vt 0.386048 0.000000
vt 0.392985 0.000000
vt 0.386247 0.000000
vt 0.392786 0.000000
vt 0.386445 0.000000
vt 0.386643 0.000000
vt 0.392588 0.000000
vt 0.386841 0.000000
vt 0.392390 0.000000
vt 0.387039 0.000000
vt 0.392192 0.000000
vt 0.387237 0.000000
vt 0.391994 0.000000
vt 0.387436 0.000000
vt 0.387634 0.000000
vt 0.391795 0.000000
vt 0.387832 0.000000
vt 0.391597 0.000000
vt 0.391399 0.000000
vt 0.388030 0.000000
vt 0.391201 0.000000
vt 0.388228 0.000000
vt 0.391003 0.000000
vt 0.388426 0.000000
vt 0.390805 0.000000
vt 0.388625 0.000000
vt 0.390606 0.000000
vt 0.388823 0.000000
vt 0.390408 0.000000
vt 0.389021 0.000000
vt 0.390210 0.000000
vt 0.389219 0.000000
vt 0.390012 0.000000
vt 0.389417 0.000000
vt 0.389814 0.000000
vt 0.389616 0.000000
vt 0.474633 0.000000
vt 0.474237 0.000000
vt 0.474435 0.000000
vt 0.474039 0.000000
vt 0.474832 0.000000
vt 0.473841 0.000000
vt 0.473642 0.000000
vt 0.475030 0.000000
vt 0.473444 0.000000
vt 0.473246 0.000000
vt 0.475228 0.000000
vt 0.473048 0.000000
vt 0.472850 0.000000
vt 0.475426 0.000000
vt 0.472652 0.000000
vt 0.472453 0.000000
vt 0.475624 0.000000
vt 0.472255 0.000000
vt 0.472057 0.000000
vt 0.475822 0.000000
vt 0.471859 0.000000
vt 0.476021 0.000000
vt 0.471661 0.000000
vt 0.476219 0.000000
vt 0.476417 0.000000
vt 0.476615 0.000000
vt 0.471463 0.000000
vt 0.412010 0.000000
vt 0.412208 0.000000
vt 0.412406 0.000000
vt 0.471264 0.000000
vt 0.412604 0.000000
vt 0.471066 0.000000
vt 0.412802 0.000000
vt 0.470868 0.000000
vt 0.413000 0.000000
vt 0.470670 0.000000
vt 0.413199 0.000000
vt 0.413397 0.000000
vt 0.470472 0.000000
vt 0.413595 0.000000
vt 0.470273 0.000000
vt 0.413793 0.000000
vt 0.470075 0.000000
vt 0.413991 0.000000
vt 0.469877 0.000000
vt 0.414189 0.000000
vt 0.469679 0.000000
vt 0.414388 0.000000
vt 0.469481 0.000000
vt 0.414586 0.000000
vt 0.469283 0.000000
vt 0.469084 0.000000
vt 0.468886 0.000000
vt 0.414784 0.000000
vt 0.468688 0.000000
vt 0.468490 0.000000
vt 0.468292 0.000000
vt 0.414982 0.000000
vt 0.468094 0.000000
vt 0.467895 0.000000
vt 0.467697 0.000000
vt 0.415180 0.000000
vt 0.467499 0.000000
vt 0.467301 0.000000
vt 0.467103 0.000000
vt 0.415379 0.000000
vt 0.466904 0.000000
vt 0.466706 0.000000
vt 0.415577 0.000000
vt 0.466508 0.000000
vt 0.466310 0.000000
vt 0.466112 0.000000
vt 0.415775 0.000000
vt 0.465914 0.000000
vt 0.465715 0.000000
vt 0.415973 0.000000
vt 0.465517 0.000000
vt 0.465319 0.000000
vt 0.416171 0.000000
vt 0.465121 0.000000
vt 0.491875 0.000000
vt 0.464923 0.000000
vt 0.491677 0.000000
vt 0.492073 0.000000
vt 0.492271 0.000000
vt 0.416369 0.000000
vt 0.491478 0.000000
vt 0.464725 0.000000
vt 0.492469 0.000000
vt 0.491280 0.000000
vt 0.492667 0.000000
vt 0.464526 0.000000
vt 0.491082 0.000000
vt 0.492866 0.000000
vt 0.490884 0.000000
vt 0.464328 0.000000
vt 0.416568 0.000000
vt 0.490686 0.000000
vt 0.493064 0.000000
vt 0.490488 0.000000
vt 0.490289 0.000000
vt 0.464130 0.000000
vt 0.493262 0.000000
vt 0.490091 0.000000
vt 0.416766 0.000000
vt 0.489893 0.000000
vt 0.476813 0.000000
vt 0.463932 0.000000
vt 0.489695 0.000000
vt 0.477012 0.000000
vt 0.489497 0.000000
vt 0.463734 0.000000
vt 0.416964 0.000000
vt 0.489298 0.000000
vt 0.489100 0.000000
vt 0.477210 0.000000
vt 0.463535 0.000000
vt 0.488902 0.000000
vt 0.488704 0.000000
vt 0.463337 0.000000
vt 0.417162 0.000000
vt 0.477408 0.000000
vt 0.488506 0.000000
vt 0.463139 0.000000
vt 0.417360 0.000000
vt 0.477606 0.000000
vt 0.462941 0.000000
vt 0.488308 0.000000
vt 0.417558 0.000000
vt 0.477804 0.000000
vt 0.462743 0.000000
vt 0.488109 0.000000
vt 0.462545 0.000000
vt 0.417757 0.000000
vt 0.478002 0.000000
vt 0.462346 0.000000
vt 0.417955 0.000000
vt 0.487911 0.000000
vt 0.462148 0.000000
vt 0.478201 0.000000
vt 0.418153 0.000000
vt 0.461950 0.000000
vt 0.487713 0.000000
vt 0.478399 0.000000
vt 0.418351 0.000000
vt 0.461752 0.000000
vt 0.418549 0.000000
vt 0.461554 0.000000
vt 0.478597 0.000000
vt 0.487515 0.000000
vt 0.418748 0.000000
vt 0.461356 0.000000
vt 0.478795 0.000000
vt 0.461157 0.000000
vt 0.418946 0.000000
vt 0.487317 0.000000
vt 0.460959 0.000000
vt 0.419144 0.000000
vt 0.478993 0.000000
vt 0.460761 0.000000
vt 0.419342 0.000000
vt 0.487119 0.000000
vt 0.460563 0.000000
vt 0.419540 0.000000
vt 0.479191 0.000000
vt 0.460365 0.000000
vt 0.419738 0.000000
vt 0.460166 0.000000
vt 0.479390 0.000000
vt 0.486920 0.000000
vt 0.419937 0.000000
vt 0.459968 0.000000
vt 0.479588 0.000000
vt 0.420135 0.000000
vt 0.459770 0.000000
vt 0.479786 0.000000
vt 0.459572 0.000000
vt 0.479984 0.000000
vt 0.486722 0.000000
vt 0.420333 0.000000
vt 0.459374 0.000000
vt 0.480182 0.000000
vt 0.480381 0.000000
vt 0.459176 0.000000
vt 0.420531 0.000000
vt 0.480579 0.000000
vt 0.458977 0.000000
vt 0.486524 0.000000
vt 0.480777 0.000000
vt 0.480975 0.000000
vt 0.458779 0.000000
vt 0.420729 0.000000
vt 0.481173 0.000000
vt 0.481371 0.000000
vt 0.458581 0.000000
vt 0.486326 0.000000
vt 0.481570 0.000000
vt 0.481768 0.000000
vt 0.481966 0.000000
vt 0.482164 0.000000
vt 0.482362 0.000000
vt 0.482560 0.000000
vt 0.482759 0.000000
vt 0.458383 0.000000
vt 0.486128 0.000000
vt 0.482957 0.000000
vt 0.485929 0.000000
vt 0.485731 0.000000
vt 0.485533 0.000000
vt 0.483155 0.000000
vt 0.485335 0.000000
vt 0.485137 0.000000
vt 0.483353 0.000000
vt 0.484939 0.000000
vt 0.484740 0.000000
vt 0.483551 0.000000
vt 0.484542 0.000000
vt 0.484344 0.000000
vt 0.483750 0.000000
vt 0.484146 0.000000
vt 0.483948 0.000000
vt 0.420927 0.000000
vt 0.458185 0.000000
vt 0.457987 0.000000
vt 0.457788 0.000000
vt 0.421126 0.000000
vt 0.457590 0.000000
vt 0.457392 0.000000
vt 0.457194 0.000000
vt 0.421324 0.000000
vt 0.456996 0.000000
vt 0.456797 0.000000
vt 0.456599 0.000000
vt 0.421522 0.000000
vt 0.456401 0.000000
vt 0.456203 0.000000
vt 0.456005 0.000000
vt 0.421720 0.000000
vt 0.455807 0.000000
vt 0.455608 0.000000
vt 0.421918 0.000000
vt 0.455410 0.000000
vt 0.455212 0.000000
vt 0.455014 0.000000
vt 0.422117 0.000000
vt 0.454816 0.000000
vt 0.454618 0.000000
vt 0.454419 0.000000
vt 0.422315 0.000000
vt 0.454221 0.000000
vt 0.454023 0.000000
vt 0.422513 0.000000
vt 0.453825 0.000000
vt 0.453627 0.000000
vt 0.437772 0.000000
vt 0.437971 0.000000
vt 0.438367 0.000000
vt 0.453428 0.000000
vt 0.422711 0.000000
vt 0.434998 0.000000
vt 0.435196 0.000000
vt 0.435394 0.000000
vt 0.435593 0.000000
vt 0.435791 0.000000
vt 0.435989 0.000000
vt 0.436187 0.000000
vt 0.436385 0.000000
vt 0.436583 0.000000
vt 0.436782 0.000000
vt 0.436980 0.000000
vt 0.437178 0.000000
vt 0.437376 0.000000
vt 0.437574 0.000000
vt 0.438169 0.000000
vt 0.438565 0.000000
vt 0.434800 0.000000
vt 0.434602 0.000000
vt 0.434403 0.000000
vt 0.434205 0.000000
vt 0.434007 0.000000
vt 0.433809 0.000000
vt 0.433611 0.000000
vt 0.433413 0.000000
vt 0.453230 0.000000
vt 0.433214 0.000000
vt 0.453032 0.000000
vt 0.452834 0.000000
vt 0.422909 0.000000
vt 0.433016 0.000000
vt 0.438763 0.000000
vt 0.452636 0.000000
vt 0.438962 0.000000
vt 0.439160 0.000000
vt 0.452438 0.000000
vt 0.439358 0.000000
vt 0.432818 0.000000
vt 0.439556 0.000000
vt 0.423107 0.000000
vt 0.452239 0.000000
vt 0.439754 0.000000
vt 0.452041 0.000000
vt 0.439952 0.000000
vt 0.432620 0.000000
vt 0.451843 0.000000
vt 0.440151 0.000000
vt 0.423306 0.000000
vt 0.440349 0.000000
vt 0.451645 0.000000
vt 0.440547 0.000000
vt 0.423504 0.000000
vt 0.432422 0.000000
vt 0.451447 0.000000
vt 0.440745 0.000000
vt 0.440943 0.000000
vt 0.451249 0.000000
vt 0.423702 0.000000
vt 0.441141 0.000000
vt 0.451050 0.000000
vt 0.441340 0.000000
vt 0.432224 0.000000
vt 0.441538 0.000000
vt 0.423900 0.000000
vt 0.450852 0.000000
vt 0.441736 0.000000
vt 0.450654 0.000000
vt 0.424098 0.000000
vt 0.441934 0.000000
vt 0.432025 0.000000
vt 0.450456 0.000000
vt 0.424296 0.000000
vt 0.442132 0.000000
vt 0.424495 0.000000
vt 0.450258 0.000000
vt 0.442331 0.000000
vt 0.424693 0.000000
vt 0.442529 0.000000
vt 0.450059 0.000000
vt 0.424891 0.000000
vt 0.431827 0.000000
vt 0.442727 0.000000
vt 0.425089 0.000000
vt 0.449861 0.000000
vt 0.442925 0.000000
vt 0.425287 0.000000
vt 0.449663 0.000000
vt 0.443123 0.000000
vt 0.425486 0.000000
vt 0.431629 0.000000
vt 0.443321 0.000000
vt 0.425684 0.000000
vt 0.449465 0.000000
vt 0.443520 0.000000
vt 0.443718 0.000000
vt 0.425882 0.000000
vt 0.443916 0.000000
vt 0.449267 0.000000
vt 0.444114 0.000000
vt 0.426080 0.000000
vt 0.444312 0.000000
vt 0.426278 0.000000
vt 0.449069 0.000000
vt 0.431431 0.000000
vt 0.444510 0.000000
vt 0.426476 0.000000
vt 0.426675 0.000000
vt 0.426873 0.000000
vt 0.448870 0.000000
vt 0.427071 0.000000
vt 0.444709 0.000000
vt 0.427269 0.000000
vt 0.448672 0.000000
vt 0.427467 0.000000
vt 0.444907 0.000000
vt 0.427665 0.000000
vt 0.431233 0.000000
vt 0.448474 0.000000
vt 0.445105 0.000000
vt 0.427864 0.000000
vt 0.448276 0.000000
vt 0.448078 0.000000
vt 0.428062 0.000000
vt 0.445303 0.000000
vt 0.447880 0.000000
vt 0.447681 0.000000
vt 0.431034 0.000000
vt 0.428260 0.000000
vt 0.430836 0.000000
vt 0.447483 0.000000
vt 0.445501 0.000000
vt 0.430638 0.000000
vt 0.447285 0.000000
vt 0.430440 0.000000
vt 0.447087 0.000000
vt 0.430242 0.000000
vt 0.428458 0.000000
vt 0.430044 0.000000
vt 0.446889 0.000000
vt 0.429845 0.000000
vt 0.446690 0.000000
vt 0.445700 0.000000
vt 0.429647 0.000000
vt 0.446492 0.000000
vt 0.429449 0.000000
vt 0.428656 0.000000
vt 0.446294 0.000000
vt 0.429251 0.000000
vt 0.446096 0.000000
vt 0.429053 0.000000
vt 0.445898 0.000000
vt 0.428855 0.000000
vt 0.493460 0.000000
vt 0.508918 0.000000
vt 0.509116 0.000000
vt 0.508720 0.000000
vt 0.508522 0.000000
vt 0.508323 0.000000
vt 0.508125 0.000000
vt 0.507927 0.000000
vt 0.507729 0.000000
vt 0.507531 0.000000
vt 0.507333 0.000000
vt 0.507134 0.000000
vt 0.506936 0.000000
vt 0.506738 0.000000
vt 0.506540 0.000000
vt 0.506342 0.000000
vt 0.506143 0.000000
vt 0.493658 0.000000
vt 0.505945 0.000000
vt 0.505747 0.000000
vt 0.505549 0.000000
vt 0.505351 0.000000
vt 0.505153 0.000000
vt 0.504954 0.000000
vt 0.504756 0.000000
vt 0.504558 0.000000
vt 0.493857 0.000000
vt 0.494055 0.000000
vt 0.494253 0.000000
vt 0.504360 0.000000
vt 0.494451 0.000000
vt 0.494649 0.000000
vt 0.494847 0.000000
vt 0.495046 0.000000
vt 0.495244 0.000000
vt 0.495442 0.000000
vt 0.495640 0.000000
vt 0.495838 0.000000
vt 0.496036 0.000000
vt 0.504162 0.000000
vt 0.496235 0.000000
vt 0.496433 0.000000
vt 0.496631 0.000000
vt 0.496829 0.000000
vt 0.503964 0.000000
vt 0.497027 0.000000
vt 0.497226 0.000000
vt 0.503765 0.000000
vt 0.497424 0.000000
vt 0.497622 0.000000
vt 0.497820 0.000000
vt 0.503567 0.000000
vt 0.498018 0.000000
vt 0.498216 0.000000
vt 0.498415 0.000000
vt 0.498613 0.000000
vt 0.503369 0.000000
vt 0.498811 0.000000
vt 0.499009 0.000000
vt 0.499207 0.000000
vt 0.499405 0.000000
vt 0.499604 0.000000
vt 0.499802 0.000000
vt 0.500000 0.000000
vt 0.500198 0.000000
vt 0.500396 0.000000
vt 0.500595 0.000000
vt 0.503171 0.000000
vt 0.500793 0.000000
vt 0.500991 0.000000
vt 0.501189 0.000000
vt 0.502973 0.000000
vt 0.502774 0.000000
vt 0.502576 0.000000
vt 0.501387 0.000000
vt 0.502378 0.000000
vt 0.502180 0.000000
vt 0.501982 0.000000
vt 0.501784 0.000000
vt 0.501585 0.000000
vt 0.611970 0.000000
vt 0.611574 0.000000
vt 0.611772 0.000000
vt 0.612168 0.000000
vt 0.611375 0.000000
vt 0.509314 0.000000
vt 0.611177 0.000000
vt 0.509512 0.000000
vt 0.610979 0.000000
vt 0.509711 0.000000
vt 0.509909 0.000000
vt 0.610781 0.000000
vt 0.510107 0.000000
vt 0.510305 0.000000
vt 0.610583 0.000000
vt 0.510503 0.000000
vt 0.510702 0.000000
vt 0.610384 0.000000
vt 0.510900 0.000000
vt 0.511098 0.000000
vt 0.610186 0.000000
vt 0.511296 0.000000
vt 0.609988 0.000000
vt 0.511494 0.000000
vt 0.511692 0.000000
vt 0.609790 0.000000
vt 0.511891 0.000000
vt 0.512089 0.000000
vt 0.609592 0.000000
vt 0.512287 0.000000
vt 0.609394 0.000000
vt 0.512485 0.000000
vt 0.609195 0.000000
vt 0.512683 0.000000
vt 0.608997 0.000000
vt 0.512882 0.000000
vt 0.608799 0.000000
vt 0.608601 0.000000
vt 0.513080 0.000000
vt 0.608403 0.000000
vt 0.513278 0.000000
vt 0.608205 0.000000
vt 0.513476 0.000000
vt 0.608006 0.000000
vt 0.513674 0.000000
vt 0.607808 0.000000
vt 0.513872 0.000000
vt 0.607610 0.000000
vt 0.514071 0.000000
vt 0.607412 0.000000
vt 0.514269 0.000000
vt 0.607214 0.000000
vt 0.514467 0.000000
vt 0.607015 0.000000
vt 0.514665 0.000000
vt 0.606817 0.000000
vt 0.514863 0.000000
vt 0.606619 0.000000
vt 0.515061 0.000000
vt 0.606421 0.000000
vt 0.515260 0.000000
vt 0.606223 0.000000
vt 0.515458 0.000000
vt 0.606025 0.000000
vt 0.515656 0.000000
vt 0.605826 0.000000
vt 0.515854 0.000000
vt 0.516052 0.000000
vt 0.605628 0.000000
vt 0.516250 0.000000
vt 0.605430 0.000000
vt 0.516449 0.000000
vt 0.605232 0.000000
vt 0.516647 0.000000
vt 0.605034 0.000000
vt 0.516845 0.000000
vt 0.604836 0.000000
vt 0.517043 0.000000
vt 0.604637 0.000000
vt 0.517241 0.000000
vt 0.596512 0.000000
vt 0.596710 0.000000
vt 0.604439 0.000000
vt 0.596314 0.000000
vt 0.596908 0.000000
vt 0.596116 0.000000
vt 0.597107 0.000000
vt 0.595918 0.000000
vt 0.597305 0.000000
vt 0.595719 0.000000
vt 0.597503 0.000000
vt 0.517440 0.000000
vt 0.595521 0.000000
vt 0.597701 0.000000
vt 0.604241 0.000000
vt 0.595323 0.000000
vt 0.597899 0.000000
vt 0.595125 0.000000
vt 0.598098 0.000000
vt 0.594927 0.000000
vt 0.598296 0.000000
vt 0.604043 0.000000
vt 0.517638 0.000000
vt 0.594728 0.000000
vt 0.594530 0.000000
vt 0.598494 0.000000
vt 0.594332 0.000000
vt 0.594134 0.000000
vt 0.593936 0.000000
vt 0.593738 0.000000
vt 0.603845 0.000000
vt 0.598692 0.000000
vt 0.517836 0.000000
vt 0.593539 0.000000
vt 0.593341 0.000000
vt 0.593143 0.000000
vt 0.598890 0.000000
vt 0.592945 0.000000
vt 0.592747 0.000000
vt 0.603646 0.000000
vt 0.518034 0.000000
vt 0.592549 0.000000
vt 0.592350 0.000000
vt 0.599088 0.000000
vt 0.592152 0.000000
vt 0.591954 0.000000
vt 0.591756 0.000000
vt 0.603448 0.000000
vt 0.591558 0.000000
vt 0.518232 0.000000
vt 0.591359 0.000000
vt 0.599287 0.000000
vt 0.591161 0.000000
vt 0.590963 0.000000
vt 0.603250 0.000000
vt 0.590765 0.000000
vt 0.518430 0.000000
vt 0.599485 0.000000
vt 0.590567 0.000000
vt 0.590369 0.000000
vt 0.603052 0.000000
vt 0.518629 0.000000
vt 0.590170 0.000000
vt 0.599683 0.000000
vt 0.589972 0.000000
vt 0.602854 0.000000
vt 0.518827 0.000000
vt 0.589774 0.000000
vt 0.599881 0.000000
vt 0.589576 0.000000
vt 0.589378 0.000000
vt 0.602656 0.000000
vt 0.519025 0.000000
vt 0.589180 0.000000
vt 0.588981 0.000000
vt 0.588783 0.000000
vt 0.600079 0.000000
vt 0.600277 0.000000
vt 0.588585 0.000000
vt 0.600476 0.000000
vt 0.600674 0.000000
vt 0.588387 0.000000
vt 0.519223 0.000000
vt 0.600872 0.000000
vt 0.588189 0.000000
vt 0.601070 0.000000
vt 0.587990 0.000000
vt 0.601268 0.000000
vt 0.587792 0.000000
vt 0.587594 0.000000
vt 0.601467 0.000000
vt 0.519421 0.000000
vt 0.587396 0.000000
vt 0.601665 0.000000
vt 0.587198 0.000000
vt 0.601863 0.000000
vt 0.587000 0.000000
vt 0.602061 0.000000
vt 0.586801 0.000000
vt 0.602259 0.000000
vt 0.602457 0.000000
vt 0.586603 0.000000
vt 0.519620 0.000000
vt 0.586405 0.000000
vt 0.586207 0.000000
vt 0.586009 0.000000
vt 0.585811 0.000000
vt 0.585612 0.000000
vt 0.519818 0.000000
vt 0.585414 0.000000
vt 0.585216 0.000000
vt 0.585018 0.000000
vt 0.584820 0.000000
vt 0.520016 0.000000
vt 0.584621 0.000000
vt 0.584423 0.000000
vt 0.584225 0.000000
vt 0.584027 0.000000
vt 0.520214 0.000000
vt 0.583829 0.000000
vt 0.583631 0.000000
vt 0.583432 0.000000
vt 0.520412 0.000000
vt 0.583234 0.000000
vt 0.583036 0.000000
vt 0.520610 0.000000
vt 0.582838 0.000000
vt 0.520809 0.000000
vt 0.582640 0.000000
vt 0.521007 0.000000
vt 0.521205 0.000000
vt 0.582442 0.000000
vt 0.521403 0.000000
vt 0.582243 0.000000
vt 0.521601 0.000000
vt 0.521799 0.000000
vt 0.582045 0.000000
vt 0.521998 0.000000
vt 0.522196 0.000000
vt 0.581847 0.000000
vt 0.522394 0.000000
vt 0.522592 0.000000
vt 0.581649 0.000000
vt 0.522790 0.000000
vt 0.522988 0.000000
vt 0.523187 0.000000
vt 0.581451 0.000000
vt 0.523385 0.000000
vt 0.523583 0.000000
vt 0.523781 0.000000
vt 0.581252 0.000000
vt 0.523979 0.000000
vt 0.524178 0.000000
vt 0.581054 0.000000
vt 0.524376 0.000000
vt 0.580856 0.000000
vt 0.524574 0.000000
vt 0.524772 0.000000
vt 0.580658 0.000000
vt 0.524970 0.000000
vt 0.580460 0.000000
vt 0.580262 0.000000
vt 0.525168 0.000000
vt 0.580063 0.000000
vt 0.525367 0.000000
vt 0.579865 0.000000
vt 0.579667 0.000000
vt 0.525565 0.000000
vt 0.579469 0.000000
vt 0.525763 0.000000
vt 0.579271 0.000000
vt 0.579073 0.000000
vt 0.525961 0.000000
vt 0.578874 0.000000
vt 0.526159 0.000000
vt 0.578676 0.000000
vt 0.578478 0.000000
vt 0.526358 0.000000
vt 0.578280 0.000000
vt 0.578082 0.000000
vt 0.526556 0.000000
vt 0.577883 0.000000
vt 0.577685 0.000000
vt 0.577487 0.000000
vt 0.526754 0.000000
vt 0.577289 0.000000
vt 0.577091 0.000000
vt 0.526952 0.000000
vt 0.576893 0.000000
vt 0.576694 0.000000
vt 0.527150 0.000000
vt 0.576496 0.000000
vt 0.576298 0.000000
vt 0.527348 0.000000
vt 0.576100 0.000000
vt 0.575902 0.000000
vt 0.527547 0.000000
vt 0.575704 0.000000
vt 0.575505 0.000000
vt 0.575307 0.000000
vt 0.575109 0.000000
vt 0.527745 0.000000
vt 0.574911 0.000000
vt 0.574713 0.000000
vt 0.574514 0.000000
vt 0.527943 0.000000
vt 0.574316 0.000000
vt 0.574118 0.000000
vt 0.573920 0.000000
vt 0.573722 0.000000
vt 0.573524 0.000000
vt 0.528141 0.000000
vt 0.573325 0.000000
vt 0.528339 0.000000
vt 0.573127 0.000000
vt 0.572929 0.000000
vt 0.528537 0.000000
vt 0.572731 0.000000
vt 0.528736 0.000000
vt 0.572533 0.000000
vt 0.528934 0.000000
vt 0.572335 0.000000
vt 0.529132 0.000000
vt 0.572136 0.000000
vt 0.545977 0.000000
vt 0.545581 0.000000
vt 0.545779 0.000000
vt 0.546175 0.000000
vt 0.545382 0.000000
vt 0.546373 0.000000
vt 0.545184 0.000000
vt 0.546572 0.000000
vt 0.544986 0.000000
vt 0.546770 0.000000
vt 0.546968 0.000000
vt 0.547166 0.000000
vt 0.547364 0.000000
vt 0.547562 0.000000
vt 0.547761 0.000000
vt 0.544788 0.000000
vt 0.529330 0.000000
vt 0.544590 0.000000
vt 0.571938 0.000000
vt 0.547959 0.000000
vt 0.529528 0.000000
vt 0.544392 0.000000
vt 0.571740 0.000000
vt 0.529727 0.000000
vt 0.548157 0.000000
vt 0.571542 0.000000
vt 0.529925 0.000000
vt 0.544193 0.000000
vt 0.530123 0.000000
vt 0.571344 0.000000
vt 0.530321 0.000000
vt 0.571145 0.000000
vt 0.548355 0.000000
vt 0.543995 0.000000
vt 0.530519 0.000000
vt 0.530717 0.000000
vt 0.530916 0.000000
vt 0.543797 0.000000
vt 0.531114 0.000000
vt 0.570947 0.000000
vt 0.548553 0.000000
vt 0.531312 0.000000
vt 0.543599 0.000000
vt 0.531510 0.000000
vt 0.570749 0.000000
vt 0.548751 0.000000
vt 0.531708 0.000000
vt 0.543401 0.000000
vt 0.531906 0.000000
vt 0.543203 0.000000
vt 0.532105 0.000000
vt 0.570551 0.000000
vt 0.548950 0.000000
vt 0.543004 0.000000
vt 0.532303 0.000000
vt 0.542806 0.000000
vt 0.532501 0.000000
vt 0.542608 0.000000
vt 0.570353 0.000000
vt 0.542410 0.000000
vt 0.549148 0.000000
vt 0.532699 0.000000
vt 0.532897 0.000000
vt 0.570155 0.000000
vt 0.549346 0.000000
vt 0.542212 0.000000
vt 0.533096 0.000000
vt 0.569956 0.000000
vt 0.533294 0.000000
vt 0.549544 0.000000
vt 0.542013 0.000000
vt 0.533492 0.000000
vt 0.549742 0.000000
vt 0.569758 0.000000
vt 0.541815 0.000000
vt 0.533690 0.000000
vt 0.549941 0.000000
vt 0.533888 0.000000
vt 0.541617 0.000000
vt 0.550139 0.000000
vt 0.569560 0.000000
vt 0.534086 0.000000
vt 0.541419 0.000000
vt 0.550337 0.000000
vt 0.534285 0.000000
vt 0.541221 0.000000
vt 0.569362 0.000000
vt 0.534483 0.000000
vt 0.550535 0.000000
vt 0.541023 0.000000
vt 0.534681 0.000000
vt 0.540824 0.000000
vt 0.550733 0.000000
vt 0.534879 0.000000
vt 0.569164 0.000000
vt 0.540626 0.000000
vt 0.535077 0.000000
vt 0.540428 0.000000
vt 0.550931 0.000000
vt 0.540230 0.000000
vt 0.535275 0.000000
vt 0.540032 0.000000
vt 0.568965 0.000000
vt 0.535474 0.000000
vt 0.551130 0.000000
vt 0.539834 0.000000
vt 0.535672 0.000000
vt 0.539635 0.000000
vt 0.535870 0.000000
vt 0.551328 0.000000
vt 0.536068 0.000000
vt 0.568767 0.000000
vt 0.539437 0.000000
vt 0.536266 0.000000
vt 0.539239 0.000000
vt 0.536465 0.000000
vt 0.551526 0.000000
vt 0.539041 0.000000
vt 0.536663 0.000000
vt 0.536861 0.000000
vt 0.538843 0.000000
vt 0.537059 0.000000
vt 0.538644 0.000000
vt 0.537257 0.000000
vt 0.551724 0.000000
vt 0.537455 0.000000
vt 0.538446 0.000000
vt 0.537654 0.000000
vt 0.538248 0.000000
vt 0.537852 0.000000
vt 0.568569 0.000000
vt 0.538050 0.000000
vt 0.551922 0.000000
vt 0.552121 0.000000
vt 0.568371 0.000000
vt 0.552319 0.000000
vt 0.552517 0.000000
vt 0.568173 0.000000
vt 0.552715 0.000000
vt 0.567975 0.000000
vt 0.552913 0.000000
vt 0.567776 0.000000
vt 0.553111 0.000000
vt 0.567578 0.000000
vt 0.553310 0.000000
vt 0.567380 0.000000
vt 0.553508 0.000000
vt 0.567182 0.000000
vt 0.553706 0.000000
vt 0.566984 0.000000
vt 0.553904 0.000000
vt 0.566786 0.000000
vt 0.554102 0.000000
vt 0.566587 0.000000
vt 0.554300 0.000000
vt 0.566389 0.000000
vt 0.554499 0.000000
vt 0.566191 0.000000
vt 0.554697 0.000000
vt 0.565993 0.000000
vt 0.554895 0.000000
vt 0.565795 0.000000
vt 0.565597 0.000000
vt 0.555093 0.000000
vt 0.565398 0.000000
vt 0.555291 0.000000
vt 0.565200 0.000000
vt 0.565002 0.000000
vt 0.555489 0.000000
vt 0.564804 0.000000
vt 0.555688 0.000000
vt 0.564606 0.000000
vt 0.564407 0.000000
vt 0.555886 0.000000
vt 0.564209 0.000000
vt 0.556084 0.000000
vt 0.564011 0.000000
vt 0.563813 0.000000
vt 0.563615 0.000000
vt 0.563417 0.000000
vt 0.563218 0.000000
vt 0.563020 0.000000
vt 0.556282 0.000000
vt 0.562822 0.000000
vt 0.562624 0.000000
vt 0.562426 0.000000
vt 0.562227 0.000000
vt 0.562029 0.000000
vt 0.561831 0.000000
vt 0.561633 0.000000
vt 0.561435 0.000000
vt 0.561237 0.000000
vt 0.556480 0.000000
vt 0.561038 0.000000
vt 0.560840 0.000000
vt 0.560642 0.000000
vt 0.556679 0.000000
vt 0.560444 0.000000
vt 0.560246 0.000000
vt 0.560048 0.000000
vt 0.556877 0.000000
vt 0.559849 0.000000
vt 0.559651 0.000000
vt 0.559453 0.000000
vt 0.557075 0.000000
vt 0.559255 0.000000
vt 0.559057 0.000000
vt 0.558859 0.000000
vt 0.557273 0.000000
vt 0.558660 0.000000
vt 0.558462 0.000000
vt 0.557471 0.000000
vt 0.558264 0.000000
vt 0.557669 0.000000
vt 0.558066 0.000000
vt 0.557868 0.000000
vt 0.651803 0.000000
vt 0.651407 0.000000
vt 0.651605 0.000000
vt 0.651209 0.000000
vt 0.652002 0.000000
vt 0.651011 0.000000
vt 0.652200 0.000000
vt 0.650813 0.000000
vt 0.652398 0.000000
vt 0.650614 0.000000
vt 0.652596 0.000000
vt 0.650416 0.000000
vt 0.612366 0.000000
vt 0.650218 0.000000
vt 0.612564 0.000000
vt 0.650020 0.000000
vt 0.649822 0.000000
vt 0.649623 0.000000
vt 0.612763 0.000000
vt 0.649425 0.000000
vt 0.649227 0.000000
vt 0.649029 0.000000
vt 0.612961 0.000000
vt 0.648831 0.000000
vt 0.648633 0.000000
vt 0.613159 0.000000
vt 0.648434 0.000000
vt 0.648236 0.000000
vt 0.613357 0.000000
vt 0.648038 0.000000
vt 0.647840 0.000000
vt 0.613555 0.000000
vt 0.613753 0.000000
vt 0.613952 0.000000
vt 0.614150 0.000000
vt 0.647642 0.000000
vt 0.614348 0.000000
vt 0.614546 0.000000
vt 0.614744 0.000000
vt 0.614943 0.000000
vt 0.647444 0.000000
vt 0.615141 0.000000
vt 0.647245 0.000000
vt 0.615339 0.000000
vt 0.647047 0.000000
vt 0.615537 0.000000
vt 0.646849 0.000000
vt 0.615735 0.000000
vt 0.646651 0.000000
vt 0.615933 0.000000
vt 0.616132 0.000000
vt 0.646453 0.000000
vt 0.616330 0.000000
vt 0.646254 0.000000
vt 0.616528 0.000000
vt 0.646056 0.000000
vt 0.616726 0.000000
vt 0.645858 0.000000
vt 0.616924 0.000000
vt 0.645660 0.000000
vt 0.617122 0.000000
vt 0.645462 0.000000
vt 0.617321 0.000000
vt 0.617519 0.000000
vt 0.645264 0.000000
vt 0.617717 0.000000
vt 0.645065 0.000000
vt 0.617915 0.000000
vt 0.644867 0.000000
vt 0.618113 0.000000
vt 0.644669 0.000000
vt 0.618312 0.000000
vt 0.618510 0.000000
vt 0.644471 0.000000
vt 0.618708 0.000000
vt 0.644273 0.000000
vt 0.618906 0.000000
vt 0.644074 0.000000
vt 0.619104 0.000000
vt 0.643876 0.000000
vt 0.619302 0.000000
vt 0.619501 0.000000
vt 0.643678 0.000000
vt 0.619699 0.000000
vt 0.643480 0.000000
vt 0.619897 0.000000
vt 0.620095 0.000000
vt 0.643282 0.000000
vt 0.620293 0.000000
vt 0.675981 0.000000
vt 0.675783 0.000000
vt 0.676179 0.000000
vt 0.675585 0.000000
vt 0.676377 0.000000
vt 0.675386 0.000000
vt 0.652794 0.000000
vt 0.675188 0.000000
vt 0.652992 0.000000
vt 0.620492 0.000000
vt 0.674990 0.000000
vt 0.653191 0.000000
vt 0.653389 0.000000
vt 0.674792 0.000000
vt 0.643084 0.000000
vt 0.653587 0.000000
vt 0.674594 0.000000
vt 0.653785 0.000000
vt 0.674396 0.000000
vt 0.653983 0.000000
vt 0.620690 0.000000
vt 0.674197 0.000000
vt 0.654182 0.000000
vt 0.673999 0.000000
vt 0.654380 0.000000
vt 0.673801 0.000000
vt 0.654578 0.000000
vt 0.642885 0.000000
vt 0.673603 0.000000
vt 0.620888 0.000000
vt 0.654776 0.000000
vt 0.673405 0.000000
vt 0.654974 0.000000
vt 0.673207 0.000000
vt 0.673008 0.000000
vt 0.621086 0.000000
vt 0.655172 0.000000
vt 0.672810 0.000000
vt 0.642687 0.000000
vt 0.655371 0.000000
vt 0.672612 0.000000
vt 0.621284 0.000000
vt 0.655569 0.000000
vt 0.672414 0.000000
vt 0.655767 0.000000
vt 0.672216 0.000000
vt 0.621482 0.000000
vt 0.642489 0.000000
vt 0.672017 0.000000
vt 0.655965 0.000000
vt 0.621681 0.000000
vt 0.671819 0.000000
vt 0.656163 0.000000
vt 0.671621 0.000000
vt 0.621879 0.000000
vt 0.642291 0.000000
vt 0.671423 0.000000
vt 0.622077 0.000000
vt 0.671225 0.000000
vt 0.656361 0.000000
vt 0.671027 0.000000
vt 0.622275 0.000000
vt 0.642093 0.000000
vt 0.656560 0.000000
vt 0.670828 0.000000
vt 0.622473 0.000000
vt 0.622671 0.000000
vt 0.641895 0.000000
vt 0.670630 0.000000
vt 0.656758 0.000000
vt 0.622870 0.000000
vt 0.670432 0.000000
vt 0.623068 0.000000
vt 0.641696 0.000000
vt 0.656956 0.000000
vt 0.623266 0.000000
vt 0.670234 0.000000
vt 0.641498 0.000000
vt 0.623464 0.000000
vt 0.670036 0.000000
vt 0.657154 0.000000
vt 0.623662 0.000000
vt 0.641300 0.000000
vt 0.669837 0.000000
vt 0.623860 0.000000
vt 0.657352 0.000000
vt 0.641102 0.000000
vt 0.669639 0.000000
vt 0.624059 0.000000
vt 0.657551 0.000000
vt 0.640904 0.000000
vt 0.669441 0.000000
vt 0.624257 0.000000
vt 0.657749 0.000000
vt 0.669243 0.000000
vt 0.624455 0.000000
vt 0.640706 0.000000
vt 0.624653 0.000000
vt 0.657947 0.000000
vt 0.640507 0.000000
vt 0.669045 0.000000
vt 0.624851 0.000000
vt 0.640309 0.000000
vt 0.658145 0.000000
vt 0.668847 0.000000
vt 0.625050 0.000000
vt 0.640111 0.000000
vt 0.625248 0.000000
vt 0.658343 0.000000
vt 0.668648 0.000000
vt 0.625446 0.000000
vt 0.639913 0.000000
vt 0.658541 0.000000
vt 0.625644 0.000000
vt 0.668450 0.000000
vt 0.625842 0.000000
vt 0.658740 0.000000
vt 0.639715 0.000000
vt 0.626040 0.000000
vt 0.668252 0.000000
vt 0.626239 0.000000
vt 0.658938 0.000000
vt 0.639516 0.000000
vt 0.626437 0.000000
vt 0.668054 0.000000
vt 0.626635 0.000000
vt 0.659136 0.000000
vt 0.639318 0.000000
vt 0.626833 0.000000
vt 0.659334 0.000000
vt 0.667856 0.000000
vt 0.627031 0.000000
vt 0.659532 0.000000
vt 0.639120 0.000000
vt 0.667658 0.000000
vt 0.659730 0.000000
vt 0.627230 0.000000
vt 0.659929 0.000000
vt 0.667459 0.000000
vt 0.627428 0.000000
vt 0.660127 0.000000
vt 0.638922 0.000000
vt 0.667261 0.000000
vt 0.660325 0.000000
vt 0.660523 0.000000
vt 0.627626 0.000000
vt 0.667063 0.000000
vt 0.660721 0.000000
vt 0.660920 0.000000
vt 0.666865 0.000000
vt 0.666667 0.000000
vt 0.661118 0.000000
vt 0.638724 0.000000
vt 0.627824 0.000000
vt 0.666469 0.000000
vt 0.661316 0.000000
vt 0.666270 0.000000
vt 0.661514 0.000000
vt 0.666072 0.000000
vt 0.665874 0.000000
vt 0.661712 0.000000
vt 0.665676 0.000000
vt 0.661910 0.000000
vt 0.628022 0.000000
vt 0.665478 0.000000
vt 0.662109 0.000000
vt 0.665279 0.000000
vt 0.662307 0.000000
vt 0.665081 0.000000
vt 0.662505 0.000000
vt 0.638526 0.000000
vt 0.664883 0.000000
vt 0.662703 0.000000
vt 0.664685 0.000000
vt 0.662901 0.000000
vt 0.664487 0.000000
vt 0.663099 0.000000
vt 0.664289 0.000000
vt 0.663298 0.000000
vt 0.664090 0.000000
vt 0.663496 0.000000
vt 0.663892 0.000000
vt 0.663694 0.000000
vt 0.628220 0.000000
vt 0.638327 0.000000
vt 0.628419 0.000000
vt 0.628617 0.000000
vt 0.638129 0.000000
vt 0.628815 0.000000
vt 0.629013 0.000000
vt 0.637931 0.000000
vt 0.629211 0.000000
vt 0.637733 0.000000
vt 0.629409 0.000000
vt 0.637535 0.000000
vt 0.629608 0.000000
vt 0.637336 0.000000
vt 0.629806 0.000000
vt 0.637138 0.000000
vt 0.636940 0.000000
vt 0.630004 0.000000
vt 0.636742 0.000000
vt 0.630202 0.000000
vt 0.636544 0.000000
vt 0.630400 0.000000
vt 0.636346 0.000000
vt 0.630598 0.000000
vt 0.636147 0.000000
vt 0.635949 0.000000
vt 0.630797 0.000000
vt 0.635751 0.000000
vt 0.635553 0.000000
vt 0.630995 0.000000
vt 0.635355 0.000000
vt 0.635157 0.000000
vt 0.634958 0.000000
vt 0.631193 0.000000
vt 0.634760 0.000000
vt 0.634562 0.000000
vt 0.634364 0.000000
vt 0.631391 0.000000
vt 0.634166 0.000000
vt 0.633968 0.000000
vt 0.633769 0.000000
vt 0.631589 0.000000
vt 0.631788 0.000000
vt 0.631986 0.000000
vt 0.633571 0.000000
vt 0.632184 0.000000
vt 0.633373 0.000000
vt 0.632382 0.000000
vt 0.632580 0.000000
vt 0.633175 0.000000
vt 0.632778 0.000000
vt 0.632977 0.000000
vt 0.728300 0.000000
vt 0.727903 0.000000
vt 0.728101 0.000000
vt 0.727705 0.000000
vt 0.728498 0.000000
vt 0.727507 0.000000
vt 0.728696 0.000000
vt 0.727309 0.000000
vt 0.676575 0.000000
vt 0.727111 0.000000
vt 0.676774 0.000000
vt 0.726912 0.000000
vt 0.676972 0.000000
vt 0.677170 0.000000
vt 0.726714 0.000000
vt 0.677368 0.000000
vt 0.677566 0.000000
vt 0.726516 0.000000
vt 0.677765 0.000000
vt 0.726318 0.000000
vt 0.677963 0.000000
vt 0.678161 0.000000
vt 0.678359 0.000000
vt 0.678557 0.000000
vt 0.678755 0.000000
vt 0.678954 0.000000
vt 0.679152 0.000000
vt 0.726120 0.000000
vt 0.679350 0.000000
vt 0.679548 0.000000
vt 0.725922 0.000000
vt 0.679746 0.000000
vt 0.725723 0.000000
vt 0.679945 0.000000
vt 0.680143 0.000000
vt 0.725525 0.000000
vt 0.680341 0.000000
vt 0.725327 0.000000
vt 0.680539 0.000000
vt 0.725129 0.000000
vt 0.680737 0.000000
vt 0.680935 0.000000
vt 0.724931 0.000000
vt 0.681134 0.000000
vt 0.724732 0.000000
vt 0.681332 0.000000
vt 0.681530 0.000000
vt 0.681728 0.000000
vt 0.681926 0.000000
vt 0.682124 0.000000
vt 0.724534 0.000000
vt 0.682323 0.000000
vt 0.682521 0.000000
vt 0.682719 0.000000
vt 0.682917 0.000000
vt 0.683115 0.000000
vt 0.683313 0.000000
vt 0.683512 0.000000
vt 0.683710 0.000000
vt 0.724336 0.000000
vt 0.683908 0.000000
vt 0.724138 0.000000
vt 0.684106 0.000000
vt 0.723940 0.000000
vt 0.684304 0.000000
vt 0.723742 0.000000
vt 0.684503 0.000000
vt 0.723543 0.000000
vt 0.684701 0.000000
vt 0.723345 0.000000
vt 0.723147 0.000000
vt 0.684899 0.000000
vt 0.722949 0.000000
vt 0.685097 0.000000
vt 0.722751 0.000000
vt 0.685295 0.000000
vt 0.722553 0.000000
vt 0.685493 0.000000
vt 0.722354 0.000000
vt 0.685692 0.000000
vt 0.722156 0.000000
vt 0.685890 0.000000
vt 0.721958 0.000000
vt 0.721760 0.000000
vt 0.686088 0.000000
vt 0.721562 0.000000
vt 0.686286 0.000000
vt 0.721363 0.000000
vt 0.686484 0.000000
vt 0.686683 0.000000
vt 0.721165 0.000000
vt 0.686881 0.000000
vt 0.720967 0.000000
vt 0.687079 0.000000
vt 0.720769 0.000000
vt 0.687277 0.000000
vt 0.720571 0.000000
vt 0.687475 0.000000
vt 0.720373 0.000000
vt 0.687673 0.000000
vt 0.720174 0.000000
vt 0.687872 0.000000
vt 0.719976 0.000000
vt 0.688070 0.000000
vt 0.747325 0.000000
vt 0.747126 0.000000
vt 0.747523 0.000000
vt 0.719778 0.000000
vt 0.746928 0.000000
vt 0.747721 0.000000
vt 0.746730 0.000000
vt 0.728894 0.000000
vt 0.688268 0.000000
vt 0.746532 0.000000
vt 0.729092 0.000000
vt 0.746334 0.000000
vt 0.729291 0.000000
vt 0.746136 0.000000
vt 0.729489 0.000000
vt 0.745937 0.000000
vt 0.729687 0.000000
vt 0.745739 0.000000
vt 0.729885 0.000000
vt 0.745541 0.000000
vt 0.730083 0.000000
vt 0.745343 0.000000
vt 0.745145 0.000000
vt 0.730281 0.000000
vt 0.688466 0.000000
vt 0.719580 0.000000
vt 0.744946 0.000000
vt 0.730480 0.000000
vt 0.744748 0.000000
vt 0.744550 0.000000
vt 0.730678 0.000000
vt 0.744352 0.000000
vt 0.744154 0.000000
vt 0.730876 0.000000
vt 0.688664 0.000000
vt 0.719382 0.000000
vt 0.743956 0.000000
vt 0.731074 0.000000
vt 0.743757 0.000000
vt 0.743559 0.000000
vt 0.688862 0.000000
vt 0.731272 0.000000
vt 0.743361 0.000000
vt 0.719184 0.000000
vt 0.731470 0.000000
vt 0.743163 0.000000
vt 0.718985 0.000000
vt 0.689061 0.000000
vt 0.742965 0.000000
vt 0.718787 0.000000
vt 0.731669 0.000000
vt 0.718589 0.000000
vt 0.689259 0.000000
vt 0.718391 0.000000
vt 0.742767 0.000000
vt 0.718193 0.000000
vt 0.689457 0.000000
vt 0.717994 0.000000
vt 0.731867 0.000000
vt 0.717796 0.000000
vt 0.742568 0.000000
vt 0.689655 0.000000
vt 0.717598 0.000000
vt 0.717400 0.000000
vt 0.717202 0.000000
vt 0.689853 0.000000
vt 0.717004 0.000000
vt 0.732065 0.000000
vt 0.716805 0.000000
vt 0.742370 0.000000
vt 0.690052 0.000000
vt 0.716607 0.000000
vt 0.690250 0.000000
vt 0.716409 0.000000
vt 0.732263 0.000000
vt 0.742172 0.000000
vt 0.690448 0.000000
vt 0.716211 0.000000
vt 0.690646 0.000000
vt 0.716013 0.000000
vt 0.732461 0.000000
vt 0.741974 0.000000
vt 0.690844 0.000000
vt 0.715815 0.000000
vt 0.732660 0.000000
vt 0.741776 0.000000
vt 0.691042 0.000000
vt 0.715616 0.000000
vt 0.715418 0.000000
vt 0.691241 0.000000
vt 0.732858 0.000000
vt 0.741578 0.000000
vt 0.715220 0.000000
vt 0.691439 0.000000
vt 0.715022 0.000000
vt 0.691637 0.000000
vt 0.733056 0.000000
vt 0.741379 0.000000
vt 0.714824 0.000000
vt 0.691835 0.000000
vt 0.714625 0.000000
vt 0.692033 0.000000
vt 0.741181 0.000000
vt 0.733254 0.000000
vt 0.714427 0.000000
vt 0.692231 0.000000
vt 0.714229 0.000000
vt 0.714031 0.000000
vt 0.692430 0.000000
vt 0.740983 0.000000
vt 0.713833 0.000000
vt 0.733452 0.000000
vt 0.713635 0.000000
vt 0.692628 0.000000
vt 0.713436 0.000000
vt 0.740785 0.000000
vt 0.713238 0.000000
vt 0.733650 0.000000
vt 0.692826 0.000000
vt 0.713040 0.000000
vt 0.740587 0.000000
vt 0.693024 0.000000
vt 0.733849 0.000000
vt 0.712842 0.000000
vt 0.740388 0.000000
vt 0.734047 0.000000
vt 0.712644 0.000000
vt 0.693222 0.000000
vt 0.740190 0.000000
vt 0.734245 0.000000
vt 0.712445 0.000000
vt 0.739992 0.000000
vt 0.734443 0.000000
vt 0.693421 0.000000
vt 0.712247 0.000000
vt 0.739794 0.000000
vt 0.734641 0.000000
vt 0.693619 0.000000
vt 0.739596 0.000000
vt 0.734839 0.000000
vt 0.712049 0.000000
vt 0.739398 0.000000
vt 0.735038 0.000000
vt 0.693817 0.000000
vt 0.739199 0.000000
vt 0.735236 0.000000
vt 0.739001 0.000000
vt 0.735434 0.000000
vt 0.694015 0.000000
vt 0.738803 0.000000
vt 0.735632 0.000000
vt 0.711851 0.000000
vt 0.738605 0.000000
vt 0.735830 0.000000
vt 0.694213 0.000000
vt 0.738407 0.000000
vt 0.736029 0.000000
vt 0.738208 0.000000
vt 0.736227 0.000000
vt 0.694411 0.000000
vt 0.738010 0.000000
vt 0.736425 0.000000
vt 0.737812 0.000000
vt 0.736623 0.000000
vt 0.737614 0.000000
vt 0.736821 0.000000
vt 0.694610 0.000000
vt 0.711653 0.000000
vt 0.737416 0.000000
vt 0.737019 0.000000
vt 0.737218 0.000000
vt 0.694808 0.000000
vt 0.695006 0.000000
vt 0.711455 0.000000
vt 0.695204 0.000000
vt 0.695402 0.000000
vt 0.711256 0.000000
vt 0.695600 0.000000
vt 0.695799 0.000000
vt 0.711058 0.000000
vt 0.695997 0.000000
vt 0.710860 0.000000
vt 0.696195 0.000000
vt 0.696393 0.000000
vt 0.710662 0.000000
vt 0.696591 0.000000
vt 0.710464 0.000000
vt 0.696790 0.000000
vt 0.710266 0.000000
vt 0.696988 0.000000
vt 0.697186 0.000000
vt 0.710067 0.000000
vt 0.697384 0.000000
vt 0.709869 0.000000
vt 0.697582 0.000000
vt 0.709671 0.000000
vt 0.697780 0.000000
vt 0.709473 0.000000
vt 0.697979 0.000000
vt 0.709275 0.000000
vt 0.698177 0.000000
vt 0.709077 0.000000
vt 0.698375 0.000000
vt 0.708878 0.000000
vt 0.698573 0.000000
vt 0.708680 0.000000
vt 0.698771 0.000000
vt 0.708482 0.000000
vt 0.698969 0.000000
vt 0.708284 0.000000
vt 0.708086 0.000000
vt 0.699168 0.000000
vt 0.707887 0.000000
vt 0.699366 0.000000
vt 0.707689 0.000000
vt 0.699564 0.000000
vt 0.707491 0.000000
vt 0.699762 0.000000
vt 0.707293 0.000000
vt 0.707095 0.000000
vt 0.699960 0.000000
vt 0.706897 0.000000
vt 0.706698 0.000000
vt 0.706500 0.000000
vt 0.700159 0.000000
vt 0.706302 0.000000
vt 0.706104 0.000000
vt 0.705906 0.000000
vt 0.700357 0.000000
vt 0.705707 0.000000
vt 0.705509 0.000000
vt 0.700555 0.000000
vt 0.700753 0.000000
vt 0.705311 0.000000
vt 0.700951 0.000000
vt 0.701149 0.000000
vt 0.701348 0.000000
vt 0.701546 0.000000
vt 0.701744 0.000000
vt 0.705113 0.000000
vt 0.701942 0.000000
vt 0.702140 0.000000
vt 0.702338 0.000000
vt 0.702537 0.000000
vt 0.702735 0.000000
vt 0.702933 0.000000
vt 0.704915 0.000000
vt 0.703131 0.000000
vt 0.704717 0.000000
vt 0.703329 0.000000
vt 0.704518 0.000000
vt 0.703528 0.000000
vt 0.704320 0.000000
vt 0.703726 0.000000
vt 0.704122 0.000000
vt 0.703924 0.000000
vt 0.747919 0.000000
vt 0.749901 0.000000
vt 0.750099 0.000000
vt 0.749703 0.000000
vt 0.749505 0.000000
vt 0.749306 0.000000
vt 0.748117 0.000000
vt 0.749108 0.000000
vt 0.748910 0.000000
vt 0.748712 0.000000
vt 0.748514 0.000000
vt 0.748316 0.000000
vt 0.917558 0.000000
vt 0.917162 0.000000
vt 0.917360 0.000000
vt 0.917757 0.000000
vt 0.916964 0.000000
vt 0.916766 0.000000
vt 0.917955 0.000000
vt 0.916568 0.000000
vt 0.918153 0.000000
vt 0.916369 0.000000
vt 0.918351 0.000000
vt 0.916171 0.000000
vt 0.918549 0.000000
vt 0.915973 0.000000
vt 0.918748 0.000000
vt 0.915775 0.000000
vt 0.918946 0.000000
vt 0.915577 0.000000
vt 0.915379 0.000000
vt 0.919144 0.000000
vt 0.915180 0.000000
vt 0.919342 0.000000
vt 0.914982 0.000000
vt 0.919540 0.000000
vt 0.914784 0.000000
vt 0.750297 0.000000
vt 0.914586 0.000000
vt 0.750495 0.000000
vt 0.750694 0.000000
vt 0.914388 0.000000
vt 0.750892 0.000000
vt 0.751090 0.000000
vt 0.914189 0.000000
vt 0.751288 0.000000
vt 0.913991 0.000000
vt 0.751486 0.000000
vt 0.751684 0.000000
vt 0.913793 0.000000
vt 0.751883 0.000000
vt 0.752081 0.000000
vt 0.913595 0.000000
vt 0.752279 0.000000
vt 0.752477 0.000000
vt 0.913397 0.000000
vt 0.752675 0.000000
vt 0.913199 0.000000
vt 0.752874 0.000000
vt 0.913000 0.000000
vt 0.753072 0.000000
vt 0.912802 0.000000
vt 0.912604 0.000000
vt 0.753270 0.000000
vt 0.912406 0.000000
vt 0.753468 0.000000
vt 0.912208 0.000000
vt 0.753666 0.000000
vt 0.912010 0.000000
vt 0.753864 0.000000
vt 0.911811 0.000000
vt 0.754063 0.000000
vt 0.911613 0.000000
vt 0.911415 0.000000
vt 0.754261 0.000000
vt 0.911217 0.000000
vt 0.911019 0.000000
vt 0.754459 0.000000
vt 0.910820 0.000000
vt 0.910622 0.000000
vt 0.910424 0.000000
vt 0.754657 0.000000
vt 0.910226 0.000000
vt 0.910028 0.000000
vt 0.909830 0.000000
vt 0.909631 0.000000
vt 0.754855 0.000000
vt 0.909433 0.000000
vt 0.909235 0.000000
vt 0.909037 0.000000
vt 0.755054 0.000000
vt 0.908839 0.000000
vt 0.908641 0.000000
vt 0.755252 0.000000
vt 0.908442 0.000000
vt 0.908244 0.000000
vt 0.755450 0.000000
vt 0.908046 0.000000
vt 0.907848 0.000000
vt 0.755648 0.000000
vt 0.907650 0.000000
vt 0.907451 0.000000
vt 0.755846 0.000000
vt 0.907253 0.000000
vt 0.907055 0.000000
vt 0.756044 0.000000
vt 0.906857 0.000000
vt 0.756243 0.000000
vt 0.906659 0.000000
vt 0.906461 0.000000
vt 0.756441 0.000000
vt 0.906262 0.000000
vt 0.906064 0.000000
vt 0.756639 0.000000
vt 0.905866 0.000000
vt 0.905668 0.000000
vt 0.756837 0.000000
vt 0.905470 0.000000
vt 0.905272 0.000000
vt 0.757035 0.000000
vt 0.905073 0.000000
vt 0.904875 0.000000
vt 0.904677 0.000000
vt 0.757233 0.000000
vt 0.904479 0.000000
vt 0.904281 0.000000
vt 0.757432 0.000000
vt 0.904082 0.000000
vt 0.903884 0.000000
vt 0.757630 0.000000
vt 0.903686 0.000000
vt 0.757828 0.000000
vt 0.903488 0.000000
vt 0.903290 0.000000
vt 0.758026 0.000000
vt 0.903092 0.000000
vt 0.758224 0.000000
vt 0.902893 0.000000
vt 0.758422 0.000000
vt 0.902695 0.000000
vt 0.758621 0.000000
vt 0.902497 0.000000
vt 0.758819 0.000000
vt 0.902299 0.000000
vt 0.759017 0.000000
vt 0.902101 0.000000
vt 0.759215 0.000000
vt 0.759413 0.000000
vt 0.901902 0.000000
vt 0.759612 0.000000
vt 0.901704 0.000000
vt 0.759810 0.000000
vt 0.760008 0.000000
vt 0.901506 0.000000
vt 0.901308 0.000000
vt 0.760206 0.000000
vt 0.901110 0.000000
vt 0.760404 0.000000
vt 0.900912 0.000000
vt 0.900713 0.000000
vt 0.760602 0.000000
vt 0.900515 0.000000
vt 0.900317 0.000000
vt 0.760801 0.000000
vt 0.900119 0.000000
vt 0.899921 0.000000
vt 0.760999 0.000000
vt 0.899723 0.000000
vt 0.899524 0.000000
vt 0.761197 0.000000
vt 0.899326 0.000000
vt 0.761395 0.000000
vt 0.899128 0.000000
vt 0.898930 0.000000
vt 0.761593 0.000000
vt 0.898732 0.000000
vt 0.898533 0.000000
vt 0.761792 0.000000
vt 0.898335 0.000000
vt 0.761990 0.000000
vt 0.898137 0.000000
vt 0.897939 0.000000
vt 0.762188 0.000000
vt 0.897741 0.000000
vt 0.762386 0.000000
vt 0.897543 0.000000
vt 0.897344 0.000000
vt 0.762584 0.000000
vt 0.897146 0.000000
vt 0.762782 0.000000
vt 0.896948 0.000000
vt 0.762981 0.000000
vt 0.896750 0.000000
vt 0.763179 0.000000
vt 0.896552 0.000000
vt 0.896354 0.000000
vt 0.763377 0.000000
vt 0.982759 0.000000
vt 0.896155 0.000000
vt 0.982560 0.000000
vt 0.982957 0.000000
vt 0.983155 0.000000
vt 0.982362 0.000000
vt 0.983353 0.000000
vt 0.763575 0.000000
vt 0.982164 0.000000
vt 0.895957 0.000000
vt 0.983551 0.000000
vt 0.981966 0.000000
vt 0.983750 0.000000
vt 0.895759 0.000000
vt 0.763773 0.000000
vt 0.981768 0.000000
vt 0.895561 0.000000
vt 0.983948 0.000000
vt 0.763971 0.000000
vt 0.895363 0.000000
vt 0.981570 0.000000
vt 0.919738 0.000000
vt 0.981371 0.000000
vt 0.981173 0.000000
vt 0.895164 0.000000
vt 0.980975 0.000000
vt 0.919937 0.000000
vt 0.764170 0.000000
vt 0.894966 0.000000
vt 0.980777 0.000000
vt 0.920135 0.000000
vt 0.980579 0.000000
vt 0.894768 0.000000
vt 0.920333 0.000000
vt 0.980380 0.000000
vt 0.764368 0.000000
vt 0.894570 0.000000
vt 0.980182 0.000000
vt 0.920531 0.000000
vt 0.979984 0.000000
vt 0.894372 0.000000
vt 0.920729 0.000000
vt 0.979786 0.000000
vt 0.894174 0.000000
vt 0.920927 0.000000
vt 0.764566 0.000000
vt 0.979588 0.000000
vt 0.893975 0.000000
vt 0.921126 0.000000
vt 0.979390 0.000000
vt 0.893777 0.000000
vt 0.979191 0.000000
vt 0.921324 0.000000
vt 0.893579 0.000000
vt 0.764764 0.000000
vt 0.978993 0.000000
vt 0.921522 0.000000
vt 0.893381 0.000000
vt 0.978795 0.000000
vt 0.764962 0.000000
vt 0.893183 0.000000
vt 0.921720 0.000000
vt 0.978597 0.000000
vt 0.892985 0.000000
vt 0.921918 0.000000
vt 0.978399 0.000000
vt 0.765161 0.000000
vt 0.892786 0.000000
vt 0.978201 0.000000
vt 0.922117 0.000000
vt 0.892588 0.000000
vt 0.765359 0.000000
vt 0.978002 0.000000
vt 0.922315 0.000000
vt 0.892390 0.000000
vt 0.977804 0.000000
vt 0.765557 0.000000
vt 0.892192 0.000000
vt 0.977606 0.000000
vt 0.922513 0.000000
vt 0.977408 0.000000
vt 0.891994 0.000000
vt 0.765755 0.000000
vt 0.977210 0.000000
vt 0.891795 0.000000
vt 0.977012 0.000000
vt 0.765953 0.000000
vt 0.976813 0.000000
vt 0.922711 0.000000
vt 0.891597 0.000000
vt 0.976615 0.000000
vt 0.891399 0.000000
vt 0.766151 0.000000
vt 0.976417 0.000000
vt 0.891201 0.000000
vt 0.922909 0.000000
vt 0.976219 0.000000
vt 0.766350 0.000000
vt 0.891003 0.000000
vt 0.976021 0.000000
vt 0.766548 0.000000
vt 0.975822 0.000000
vt 0.923107 0.000000
vt 0.766746 0.000000
vt 0.890805 0.000000
vt 0.975624 0.000000
vt 0.766944 0.000000
vt 0.923306 0.000000
vt 0.975426 0.000000
vt 0.767142 0.000000
vt 0.767340 0.000000
vt 0.975228 0.000000
vt 0.767539 0.000000
vt 0.890606 0.000000
vt 0.923504 0.000000
vt 0.767737 0.000000
vt 0.975030 0.000000
vt 0.767935 0.000000
vt 0.974832 0.000000
vt 0.768133 0.000000
vt 0.923702 0.000000
vt 0.768331 0.000000
vt 0.974633 0.000000
vt 0.890408 0.000000
vt 0.768530 0.000000
vt 0.923900 0.000000
vt 0.974435 0.000000
vt 0.768728 0.000000
vt 0.768926 0.000000
vt 0.974237 0.000000
vt 0.769124 0.000000
vt 0.769322 0.000000
vt 0.924098 0.000000
vt 0.890210 0.000000
vt 0.974039 0.000000
vt 0.769520 0.000000
vt 0.973841 0.000000
vt 0.769719 0.000000
vt 0.924296 0.000000
vt 0.973642 0.000000
vt 0.769917 0.000000
vt 0.890012 0.000000
vt 0.973444 0.000000
vt 0.924495 0.000000
vt 0.973246 0.000000
vt 0.770115 0.000000
vt 0.973048 0.000000
vt 0.770313 0.000000
vt 0.972850 0.000000
vt 0.924693 0.000000
vt 0.889814 0.000000
vt 0.972652 0.000000
vt 0.924891 0.000000
vt 0.770511 0.000000
vt 0.972453 0.000000
vt 0.972255 0.000000
vt 0.925089 0.000000
vt 0.972057 0.000000
vt 0.770709 0.000000
vt 0.925287 0.000000
vt 0.971859 0.000000
vt 0.889616 0.000000
vt 0.770908 0.000000
vt 0.925486 0.000000
vt 0.925684 0.000000
vt 0.771106 0.000000
vt 0.971661 0.000000
vt 0.925882 0.000000
vt 0.771304 0.000000
vt 0.889417 0.000000
vt 0.971463 0.000000
vt 0.926080 0.000000
vt 0.771502 0.000000
vt 0.926278 0.000000
vt 0.771700 0.000000
vt 0.926476 0.000000
vt 0.971264 0.000000
vt 0.771899 0.000000
vt 0.926675 0.000000
vt 0.772097 0.000000
vt 0.889219 0.000000
vt 0.926873 0.000000
vt 0.772295 0.000000
vt 0.927071 0.000000
vt 0.971066 0.000000
vt 0.772493 0.000000
vt 0.927269 0.000000
vt 0.772691 0.000000
vt 0.927467 0.000000
vt 0.889021 0.000000
vt 0.772889 0.000000
vt 0.927665 0.000000
vt 0.970868 0.000000
vt 0.927864 0.000000
vt 0.773088 0.000000
vt 0.928062 0.000000
vt 0.888823 0.000000
vt 0.773286 0.000000
vt 0.970670 0.000000
vt 0.928260 0.000000
vt 0.928458 0.000000
vt 0.773484 0.000000
vt 0.888625 0.000000
vt 0.928656 0.000000
vt 0.970472 0.000000
vt 0.888426 0.000000
vt 0.928855 0.000000
vt 0.773682 0.000000
vt 0.888228 0.000000
vt 0.929053 0.000000
vt 0.970273 0.000000
vt 0.888030 0.000000
vt 0.929251 0.000000
vt 0.887832 0.000000
vt 0.929449 0.000000
vt 0.773880 0.000000
vt 0.970075 0.000000
vt 0.929647 0.000000
vt 0.887634 0.000000
vt 0.929845 0.000000
vt 0.887436 0.000000
vt 0.969877 0.000000
vt 0.930044 0.000000
vt 0.887237 0.000000
vt 0.774078 0.000000
vt 0.930242 0.000000
vt 0.887039 0.000000
vt 0.969679 0.000000
vt 0.930440 0.000000
vt 0.969481 0.000000
vt 0.886841 0.000000
vt 0.930638 0.000000
vt 0.969283 0.000000
vt 0.886643 0.000000
vt 0.930836 0.000000
vt 0.969084 0.000000
vt 0.774277 0.000000
vt 0.886445 0.000000
vt 0.931035 0.000000
vt 0.968886 0.000000
vt 0.931233 0.000000
vt 0.886247 0.000000
vt 0.968688 0.000000
vt 0.774475 0.000000
vt 0.931431 0.000000
vt 0.968490 0.000000
vt 0.931629 0.000000
vt 0.886048 0.000000
vt 0.931827 0.000000
vt 0.968292 0.000000
vt 0.774673 0.000000
vt 0.932025 0.000000
vt 0.968094 0.000000
vt 0.932224 0.000000
vt 0.885850 0.000000
vt 0.967895 0.000000
vt 0.932422 0.000000
vt 0.774871 0.000000
vt 0.967697 0.000000
vt 0.932620 0.000000
vt 0.885652 0.000000
vt 0.967499 0.000000
vt 0.932818 0.000000
vt 0.967301 0.000000
vt 0.933016 0.000000
vt 0.775069 0.000000
vt 0.967103 0.000000
vt 0.933214 0.000000
vt 0.966904 0.000000
vt 0.933413 0.000000
vt 0.885454 0.000000
vt 0.966706 0.000000
vt 0.933611 0.000000
vt 0.775268 0.000000
vt 0.933809 0.000000
vt 0.966508 0.000000
vt 0.934007 0.000000
vt 0.934205 0.000000
vt 0.885256 0.000000
vt 0.966310 0.000000
vt 0.934403 0.000000
vt 0.775466 0.000000
vt 0.934602 0.000000
vt 0.966112 0.000000
vt 0.934800 0.000000
vt 0.775664 0.000000
vt 0.965914 0.000000
vt 0.885057 0.000000
vt 0.934998 0.000000
vt 0.965715 0.000000
vt 0.935196 0.000000
vt 0.775862 0.000000
vt 0.965517 0.000000
vt 0.935394 0.000000
vt 0.884859 0.000000
vt 0.776060 0.000000
vt 0.965319 0.000000
vt 0.935593 0.000000
vt 0.776258 0.000000
vt 0.965121 0.000000
vt 0.935791 0.000000
vt 0.884661 0.000000
vt 0.776457 0.000000
vt 0.964923 0.000000
vt 0.935989 0.000000
vt 0.776655 0.000000
vt 0.964725 0.000000
vt 0.776853 0.000000
vt 0.936187 0.000000
vt 0.777051 0.000000
vt 0.964526 0.000000
vt 0.884463 0.000000
vt 0.777249 0.000000
vt 0.936385 0.000000
vt 0.964328 0.000000
vt 0.777447 0.000000
vt 0.936583 0.000000
vt 0.964130 0.000000
vt 0.777646 0.000000
vt 0.884265 0.000000
vt 0.777844 0.000000
vt 0.963932 0.000000
vt 0.936782 0.000000
vt 0.778042 0.000000
vt 0.963734 0.000000
vt 0.936980 0.000000
vt 0.778240 0.000000
vt 0.963535 0.000000
vt 0.884067 0.000000
vt 0.937178 0.000000
vt 0.778438 0.000000
vt 0.963337 0.000000
vt 0.778637 0.000000
vt 0.963139 0.000000
vt 0.937376 0.000000
vt 0.778835 0.000000
vt 0.962941 0.000000
vt 0.937574 0.000000
vt 0.883868 0.000000
vt 0.962743 0.000000
vt 0.779033 0.000000
vt 0.962545 0.000000
vt 0.883670 0.000000
vt 0.779231 0.000000
vt 0.937773 0.000000
vt 0.883472 0.000000
vt 0.779429 0.000000
vt 0.937971 0.000000
vt 0.883274 0.000000
vt 0.962346 0.000000
vt 0.779627 0.000000
vt 0.883076 0.000000
vt 0.938169 0.000000
vt 0.779826 0.000000
vt 0.882878 0.000000
vt 0.938367 0.000000
vt 0.780024 0.000000
vt 0.962148 0.000000
vt 0.882679 0.000000
vt 0.938565 0.000000
vt 0.780222 0.000000
vt 0.938763 0.000000
vt 0.882481 0.000000
vt 0.780420 0.000000
vt 0.938962 0.000000
vt 0.882283 0.000000
vt 0.780618 0.000000
vt 0.961950 0.000000
vt 0.939160 0.000000
vt 0.882085 0.000000
vt 0.780816 0.000000
vt 0.939358 0.000000
vt 0.781015 0.000000
vt 0.881887 0.000000
vt 0.939556 0.000000
vt 0.781213 0.000000
vt 0.881688 0.000000
vt 0.961752 0.000000
vt 0.781411 0.000000
vt 0.881490 0.000000
vt 0.939754 0.000000
vt 0.781609 0.000000
vt 0.781807 0.000000
vt 0.782006 0.000000
vt 0.939952 0.000000
vt 0.961554 0.000000
vt 0.782204 0.000000
vt 0.881292 0.000000
vt 0.940151 0.000000
vt 0.782402 0.000000
vt 0.782600 0.000000
vt 0.940349 0.000000
vt 0.782798 0.000000
vt 0.881094 0.000000
vt 0.961356 0.000000
vt 0.782996 0.000000
vt 0.783195 0.000000
vt 0.940547 0.000000
vt 0.783393 0.000000
vt 0.880896 0.000000
vt 0.783591 0.000000
vt 0.940745 0.000000
vt 0.783789 0.000000
vt 0.961157 0.000000
vt 0.783987 0.000000
vt 0.940943 0.000000
vt 0.784185 0.000000
vt 0.880698 0.000000
vt 0.784384 0.000000
vt 0.941141 0.000000
vt 0.784582 0.000000
vt 0.960959 0.000000
vt 0.784780 0.000000
vt 0.880499 0.000000
vt 0.941340 0.000000
vt 0.784978 0.000000
vt 0.785176 0.000000
vt 0.941538 0.000000
vt 0.880301 0.000000
vt 0.960761 0.000000
vt 0.785375 0.000000
vt 0.941736 0.000000
vt 0.785573 0.000000
vt 0.785771 0.000000
vt 0.880103 0.000000
vt 0.941934 0.000000
vt 0.785969 0.000000
vt 0.960563 0.000000
vt 0.786167 0.000000
vt 0.942132 0.000000
vt 0.879905 0.000000
vt 0.786365 0.000000
vt 0.942331 0.000000
vt 0.786564 0.000000
vt 0.879707 0.000000
vt 0.786762 0.000000
vt 0.960365 0.000000
vt 0.942529 0.000000
vt 0.786960 0.000000
vt 0.879508 0.000000
vt 0.942727 0.000000
vt 0.787158 0.000000
vt 0.787356 0.000000
vt 0.942925 0.000000
vt 0.879310 0.000000
vt 0.960166 0.000000
vt 0.787555 0.000000
vt 0.943123 0.000000
vt 0.787753 0.000000
vt 0.879112 0.000000
vt 0.943321 0.000000
vt 0.787951 0.000000
vt 0.959968 0.000000
vt 0.878914 0.000000
vt 0.788149 0.000000
vt 0.943520 0.000000
vt 0.878716 0.000000
vt 0.788347 0.000000
vt 0.943718 0.000000
vt 0.878518 0.000000
vt 0.788545 0.000000
vt 0.959770 0.000000
vt 0.943916 0.000000
vt 0.878319 0.000000
vt 0.944114 0.000000
vt 0.878121 0.000000
vt 0.944312 0.000000
vt 0.877923 0.000000
vt 0.959572 0.000000
vt 0.944511 0.000000
vt 0.877725 0.000000
vt 0.788744 0.000000
vt 0.944709 0.000000
vt 0.877527 0.000000
vt 0.944907 0.000000
vt 0.877329 0.000000
vt 0.959374 0.000000
vt 0.877130 0.000000
vt 0.945105 0.000000
vt 0.876932 0.000000
vt 0.945303 0.000000
vt 0.876734 0.000000
vt 0.788942 0.000000
vt 0.876536 0.000000
vt 0.945501 0.000000
vt 0.959176 0.000000
vt 0.876338 0.000000
vt 0.945700 0.000000
vt 0.876140 0.000000
vt 0.945898 0.000000
vt 0.875941 0.000000
vt 0.946096 0.000000
vt 0.789140 0.000000
vt 0.958977 0.000000
vt 0.875743 0.000000
vt 0.946294 0.000000
vt 0.946492 0.000000
vt 0.875545 0.000000
vt 0.946690 0.000000
vt 0.875347 0.000000
vt 0.958779 0.000000
vt 0.946889 0.000000
vt 0.789338 0.000000
vt 0.947087 0.000000
vt 0.875149 0.000000
vt 0.947285 0.000000
vt 0.874950 0.000000
vt 0.958581 0.000000
vt 0.947483 0.000000
vt 0.789536 0.000000
vt 0.947681 0.000000
vt 0.874752 0.000000
vt 0.947879 0.000000
vt 0.958383 0.000000
vt 0.874554 0.000000
vt 0.948078 0.000000
vt 0.948276 0.000000
vt 0.874356 0.000000
vt 0.789734 0.000000
vt 0.948474 0.000000
vt 0.958185 0.000000
vt 0.948672 0.000000
vt 0.874158 0.000000
vt 0.948870 0.000000
vt 0.949069 0.000000
vt 0.957987 0.000000
vt 0.873960 0.000000
vt 0.949267 0.000000
vt 0.789933 0.000000
vt 0.949465 0.000000
vt 0.957788 0.000000
vt 0.949663 0.000000
vt 0.873761 0.000000
vt 0.957590 0.000000
vt 0.949861 0.000000
vt 0.957392 0.000000
vt 0.950059 0.000000
vt 0.957194 0.000000
vt 0.873563 0.000000
vt 0.790131 0.000000
vt 0.950258 0.000000
vt 0.956996 0.000000
vt 0.950456 0.000000
vt 0.956797 0.000000
vt 0.950654 0.000000
vt 0.956599 0.000000
vt 0.950852 0.000000
vt 0.951050 0.000000
vt 0.873365 0.000000
vt 0.951249 0.000000
vt 0.956401 0.000000
vt 0.951447 0.000000
vt 0.951645 0.000000
vt 0.956203 0.000000
vt 0.951843 0.000000
vt 0.956005 0.000000
vt 0.790329 0.000000
vt 0.952041 0.000000
vt 0.955807 0.000000
vt 0.955608 0.000000
vt 0.952239 0.000000
vt 0.873167 0.000000
vt 0.955410 0.000000
vt 0.955212 0.000000
vt 0.952438 0.000000
vt 0.955014 0.000000
vt 0.952636 0.000000
vt 0.954816 0.000000
vt 0.954618 0.000000
vt 0.954419 0.000000
vt 0.952834 0.000000
vt 0.954221 0.000000
vt 0.954023 0.000000
vt 0.953032 0.000000
vt 0.953825 0.000000
vt 0.953627 0.000000
vt 0.953428 0.000000
vt 0.953230 0.000000
vt 0.872969 0.000000
vt 0.790527 0.000000
vt 0.872770 0.000000
vt 0.790725 0.000000
vt 0.872572 0.000000
vt 0.872374 0.000000
vt 0.790923 0.000000
vt 0.872176 0.000000
vt 0.791122 0.000000
vt 0.871978 0.000000
vt 0.791320 0.000000
vt 0.871780 0.000000
vt 0.791518 0.000000
vt 0.871581 0.000000
vt 0.791716 0.000000
vt 0.871383 0.000000
vt 0.791914 0.000000
vt 0.871185 0.000000
vt 0.792113 0.000000
vt 0.870987 0.000000
vt 0.792311 0.000000
vt 0.870789 0.000000
vt 0.792509 0.000000
vt 0.870591 0.000000
vt 0.792707 0.000000
vt 0.870392 0.000000
vt 0.792905 0.000000
vt 0.793103 0.000000
vt 0.870194 0.000000
vt 0.793302 0.000000
vt 0.793500 0.000000
vt 0.869996 0.000000
vt 0.793698 0.000000
vt 0.869798 0.000000
vt 0.793896 0.000000
vt 0.869600 0.000000
vt 0.794094 0.000000
vt 0.794293 0.000000
vt 0.794491 0.000000
vt 0.869402 0.000000
vt 0.794689 0.000000
vt 0.794887 0.000000
vt 0.869203 0.000000
vt 0.795085 0.000000
vt 0.795283 0.000000
vt 0.869005 0.000000
vt 0.795482 0.000000
vt 0.795680 0.000000
vt 0.868807 0.000000
vt 0.795878 0.000000
vt 0.868609 0.000000
vt 0.796076 0.000000
vt 0.796274 0.000000
vt 0.868411 0.000000
vt 0.796472 0.000000
vt 0.796671 0.000000
vt 0.868212 0.000000
vt 0.796869 0.000000
vt 0.868014 0.000000
vt 0.797067 0.000000
vt 0.797265 0.000000
vt 0.867816 0.000000
vt 0.797463 0.000000
vt 0.867618 0.000000
vt 0.797662 0.000000
vt 0.867420 0.000000
vt 0.797860 0.000000
vt 0.867222 0.000000
vt 0.867023 0.000000
vt 0.798058 0.000000
vt 0.866825 0.000000
vt 0.798256 0.000000
vt 0.866627 0.000000
vt 0.798454 0.000000
vt 0.866429 0.000000
vt 0.798652 0.000000
vt 0.866231 0.000000
vt 0.866032 0.000000
vt 0.798851 0.000000
vt 0.865834 0.000000
vt 0.799049 0.000000
vt 0.865636 0.000000
vt 0.799247 0.000000
vt 0.865438 0.000000
vt 0.799445 0.000000
vt 0.865240 0.000000
vt 0.799643 0.000000
vt 0.865042 0.000000
vt 0.799841 0.000000
vt 0.864843 0.000000
vt 0.864645 0.000000
vt 0.800040 0.000000
vt 0.864447 0.000000
vt 0.800238 0.000000
vt 0.864249 0.000000
vt 0.800436 0.000000
vt 0.864051 0.000000
vt 0.800634 0.000000
vt 0.863853 0.000000
vt 0.863654 0.000000
vt 0.800832 0.000000
vt 0.863456 0.000000
vt 0.801031 0.000000
vt 0.863258 0.000000
vt 0.863060 0.000000
vt 0.801229 0.000000
vt 0.832937 0.000000
vt 0.833135 0.000000
vt 0.833333 0.000000
vt 0.862862 0.000000
vt 0.833531 0.000000
vt 0.832739 0.000000
vt 0.833730 0.000000
vt 0.832541 0.000000
vt 0.833928 0.000000
vt 0.834126 0.000000
vt 0.834324 0.000000
vt 0.834522 0.000000
vt 0.832342 0.000000
vt 0.834721 0.000000
vt 0.834919 0.000000
vt 0.832144 0.000000
vt 0.835117 0.000000
vt 0.835315 0.000000
vt 0.835513 0.000000
vt 0.831946 0.000000
vt 0.835711 0.000000
vt 0.835910 0.000000
vt 0.836108 0.000000
vt 0.836306 0.000000
vt 0.831748 0.000000
vt 0.831550 0.000000
vt 0.831352 0.000000
vt 0.862664 0.000000
vt 0.831153 0.000000
vt 0.801427 0.000000
vt 0.830955 0.000000
vt 0.862465 0.000000
vt 0.830757 0.000000
vt 0.830559 0.000000
vt 0.862267 0.000000
vt 0.830361 0.000000
vt 0.801625 0.000000
vt 0.862069 0.000000
vt 0.830163 0.000000
vt 0.861871 0.000000
vt 0.829964 0.000000
vt 0.801823 0.000000
vt 0.861673 0.000000
vt 0.829766 0.000000
vt 0.836504 0.000000
vt 0.802021 0.000000
vt 0.829568 0.000000
vt 0.861474 0.000000
vt 0.836702 0.000000
vt 0.802220 0.000000
vt 0.829370 0.000000
vt 0.836901 0.000000
vt 0.861276 0.000000
vt 0.802418 0.000000
vt 0.829172 0.000000
vt 0.837099 0.000000
vt 0.861078 0.000000
vt 0.802616 0.000000
vt 0.828973 0.000000
vt 0.802814 0.000000
vt 0.837297 0.000000
vt 0.860880 0.000000
vt 0.828775 0.000000
vt 0.837495 0.000000
vt 0.860682 0.000000
vt 0.803012 0.000000
vt 0.837693 0.000000
vt 0.828577 0.000000
vt 0.860484 0.000000
vt 0.803210 0.000000
vt 0.837891 0.000000
vt 0.860285 0.000000
vt 0.828379 0.000000
vt 0.838090 0.000000
vt 0.803409 0.000000
vt 0.860087 0.000000
vt 0.838288 0.000000
vt 0.859889 0.000000
vt 0.828181 0.000000
vt 0.803607 0.000000
vt 0.859691 0.000000
vt 0.838486 0.000000
vt 0.803805 0.000000
vt 0.827983 0.000000
vt 0.859493 0.000000
vt 0.838684 0.000000
vt 0.804003 0.000000
vt 0.838882 0.000000
vt 0.859294 0.000000
vt 0.827784 0.000000
vt 0.839080 0.000000
vt 0.804201 0.000000
vt 0.859096 0.000000
vt 0.827586 0.000000
vt 0.839279 0.000000
vt 0.858898 0.000000
vt 0.804400 0.000000
vt 0.827388 0.000000
vt 0.839477 0.000000
vt 0.858700 0.000000
vt 0.804598 0.000000
vt 0.839675 0.000000
vt 0.804796 0.000000
vt 0.858502 0.000000
vt 0.827190 0.000000
vt 0.804994 0.000000
vt 0.839873 0.000000
vt 0.858304 0.000000
vt 0.805192 0.000000
vt 0.805390 0.000000
vt 0.826992 0.000000
vt 0.858105 0.000000
vt 0.840071 0.000000
vt 0.805589 0.000000
vt 0.805787 0.000000
vt 0.857907 0.000000
vt 0.840270 0.000000
vt 0.805985 0.000000
vt 0.826793 0.000000
vt 0.806183 0.000000
vt 0.857709 0.000000
vt 0.806381 0.000000
vt 0.840468 0.000000
vt 0.806579 0.000000
vt 0.857511 0.000000
vt 0.806778 0.000000
vt 0.840666 0.000000
vt 0.826595 0.000000
vt 0.806976 0.000000
vt 0.857313 0.000000
vt 0.840864 0.000000
vt 0.807174 0.000000
vt 0.807372 0.000000
vt 0.857115 0.000000
vt 0.841062 0.000000
vt 0.807570 0.000000
vt 0.826397 0.000000
vt 0.807769 0.000000
vt 0.841260 0.000000
vt 0.856916 0.000000
vt 0.807967 0.000000
vt 0.826199 0.000000
vt 0.808165 0.000000
vt 0.856718 0.000000
vt 0.808363 0.000000
vt 0.826001 0.000000
vt 0.841459 0.000000
vt 0.808561 0.000000
vt 0.856520 0.000000
vt 0.825803 0.000000
vt 0.808759 0.000000
vt 0.808958 0.000000
vt 0.856322 0.000000
vt 0.825604 0.000000
vt 0.809156 0.000000
vt 0.841657 0.000000
vt 0.809354 0.000000
vt 0.825406 0.000000
vt 0.856124 0.000000
vt 0.809552 0.000000
vt 0.825208 0.000000
vt 0.855926 0.000000
vt 0.809750 0.000000
vt 0.841855 0.000000
vt 0.809948 0.000000
vt 0.825010 0.000000
vt 0.855727 0.000000
vt 0.824812 0.000000
vt 0.810147 0.000000
vt 0.855529 0.000000
vt 0.824614 0.000000
vt 0.842053 0.000000
vt 0.810345 0.000000
vt 0.855331 0.000000
vt 0.824415 0.000000
vt 0.824217 0.000000
vt 0.855133 0.000000
vt 0.810543 0.000000
vt 0.824019 0.000000
vt 0.854935 0.000000
vt 0.823821 0.000000
vt 0.842251 0.000000
vt 0.810741 0.000000
vt 0.854736 0.000000
vt 0.823623 0.000000
vt 0.810939 0.000000
vt 0.823425 0.000000
vt 0.854538 0.000000
vt 0.811138 0.000000
vt 0.842449 0.000000
vt 0.823226 0.000000
vt 0.854340 0.000000
vt 0.854142 0.000000
vt 0.823028 0.000000
vt 0.811336 0.000000
vt 0.853944 0.000000
vt 0.822830 0.000000
vt 0.811534 0.000000
vt 0.842648 0.000000
vt 0.853746 0.000000
vt 0.822632 0.000000
vt 0.853547 0.000000
vt 0.811732 0.000000
vt 0.853349 0.000000
vt 0.822434 0.000000
vt 0.853151 0.000000
vt 0.842846 0.000000
vt 0.852953 0.000000
vt 0.811930 0.000000
vt 0.822235 0.000000
vt 0.852755 0.000000
vt 0.812128 0.000000
vt 0.822037 0.000000
vt 0.843044 0.000000
vt 0.821839 0.000000
vt 0.852556 0.000000
vt 0.812327 0.000000
vt 0.821641 0.000000
vt 0.843242 0.000000
vt 0.852358 0.000000
vt 0.821443 0.000000
vt 0.812525 0.000000
vt 0.852160 0.000000
vt 0.843440 0.000000
vt 0.821245 0.000000
vt 0.812723 0.000000
vt 0.851962 0.000000
vt 0.821046 0.000000
vt 0.843639 0.000000
vt 0.820848 0.000000
vt 0.851764 0.000000
vt 0.812921 0.000000
vt 0.843837 0.000000
vt 0.820650 0.000000
vt 0.851566 0.000000
vt 0.844035 0.000000
vt 0.813119 0.000000
vt 0.820452 0.000000
vt 0.844233 0.000000
vt 0.851367 0.000000
vt 0.820254 0.000000
vt 0.813317 0.000000
vt 0.844431 0.000000
vt 0.851169 0.000000
vt 0.820055 0.000000
vt 0.844629 0.000000
vt 0.813516 0.000000
vt 0.850971 0.000000
vt 0.819857 0.000000
vt 0.844828 0.000000
vt 0.813714 0.000000
vt 0.850773 0.000000
vt 0.819659 0.000000
vt 0.845026 0.000000
vt 0.819461 0.000000
vt 0.850575 0.000000
vt 0.813912 0.000000
vt 0.845224 0.000000
vt 0.819263 0.000000
vt 0.814110 0.000000
vt 0.845422 0.000000
vt 0.814308 0.000000
vt 0.845620 0.000000
vt 0.814507 0.000000
vt 0.845818 0.000000
vt 0.814705 0.000000
vt 0.846017 0.000000
vt 0.814903 0.000000
vt 0.846215 0.000000
vt 0.815101 0.000000
vt 0.846413 0.000000
vt 0.815299 0.000000
vt 0.846611 0.000000
vt 0.815497 0.000000
vt 0.846809 0.000000
vt 0.815696 0.000000
vt 0.847008 0.000000
vt 0.815894 0.000000
vt 0.847206 0.000000
vt 0.816092 0.000000
vt 0.847404 0.000000
vt 0.816290 0.000000
vt 0.847602 0.000000
vt 0.816488 0.000000
vt 0.847800 0.000000
vt 0.816687 0.000000
vt 0.847998 0.000000
vt 0.816885 0.000000
vt 0.848197 0.000000
vt 0.817083 0.000000
vt 0.817281 0.000000
vt 0.817479 0.000000
vt 0.817677 0.000000
vt 0.817876 0.000000
vt 0.818074 0.000000
vt 0.818272 0.000000
vt 0.818470 0.000000
vt 0.818668 0.000000
vt 0.818866 0.000000
vt 0.819065 0.000000
vt 0.848395 0.000000
vt 0.848593 0.000000
vt 0.848791 0.000000
vt 0.848989 0.000000
vt 0.849187 0.000000
vt 0.849386 0.000000
vt 0.849584 0.000000
vt 0.849782 0.000000
vt 0.849980 0.000000
vt 0.850178 0.000000
vt 0.850377 0.000000
vt 0.984146 0.000000
vt 0.986920 0.000000
vt 0.987118 0.000000
vt 0.986722 0.000000
vt 0.986524 0.000000
vt 0.984344 0.000000
vt 0.986326 0.000000
vt 0.984542 0.000000
vt 0.984740 0.000000
vt 0.984939 0.000000
vt 0.985929 0.000000
vt 0.985731 0.000000
vt 0.986128 0.000000
vt 0.985137 0.000000
vt 0.985533 0.000000
vt 0.985335 0.000000
vt 0.995640 0.000000
vt 0.995244 0.000000
vt 0.995442 0.000000
vt 0.995046 0.000000
vt 0.995838 0.000000
vt 0.996036 0.000000
vt 0.996235 0.000000
vt 0.996433 0.000000
vt 0.996631 0.000000
vt 0.996829 0.000000
vt 0.997027 0.000000
vt 0.997226 0.000000
vt 0.997424 0.000000
vt 0.997622 0.000000
vt 0.987317 0.000000
vt 0.987515 0.000000
vt 0.987713 0.000000
vt 0.987911 0.000000
vt 0.988109 0.000000
vt 0.988308 0.000000
vt 0.994847 0.000000
vt 0.988506 0.000000
vt 0.988704 0.000000
vt 0.988902 0.000000
vt 0.994451 0.000000
vt 0.994649 0.000000
vt 0.994253 0.000000
vt 0.989100 0.000000
vt 0.994055 0.000000
vt 0.989298 0.000000
vt 0.989497 0.000000
vt 0.993857 0.000000
vt 0.993658 0.000000
vt 0.993460 0.000000
vt 0.989695 0.000000
vt 0.993262 0.000000
vt 0.989893 0.000000
vt 0.990091 0.000000
vt 0.990289 0.000000
vt 0.990488 0.000000
vt 0.992866 0.000000
vt 0.993064 0.000000
vt 0.992667 0.000000
vt 0.990686 0.000000
vt 0.990884 0.000000
vt 0.991082 0.000000
vt 0.992469 0.000000
vt 0.991280 0.000000
vt 0.991478 0.000000
vt 0.991677 0.000000
vt 0.991875 0.000000
vt 0.992073 0.000000
vt 0.992271 0.000000
vt 0.997820 0.000000
vt 0.999802 0.000000
vt 1.000000 0.000000
vt 0.999604 0.000000
vt 0.999405 0.000000
vt 0.999207 0.000000
vt 0.998018 0.000000
vt 0.999009 0.000000
vt 0.998811 0.000000
vt 0.998613 0.000000
vt 0.998415 0.000000
vt 0.998216 0.000000
vt 0.000000 0.000000
vt 0.048751 0.000000
vt 0.048950 0.000000
vt 0.048553 0.000000
vt 0.048355 0.000000
vt 0.048157 0.000000
vt 0.047959 0.000000
vt 0.047761 0.000000
vt 0.047562 0.000000
vt 0.047364 0.000000
vt 0.047166 0.000000
vt 0.046968 0.000000
vt 0.046770 0.000000
vt 0.046572 0.000000
vt 0.046373 0.000000
vt 0.046175 0.000000
vt 0.045977 0.000000
vt 0.045779 0.000000
vt 0.045581 0.000000
vt 0.045382 0.000000
vt 0.045184 0.000000
vt 0.044986 0.000000
vt 0.044788 0.000000
vt 0.044590 0.000000
vt 0.061435 0.000000
vt 0.044392 0.000000
vt 0.044193 0.000000
vt 0.043995 0.000000
vt 0.043797 0.000000
vt 0.043599 0.000000
vt 0.043401 0.000000
vt 0.043203 0.000000
vt 0.043004 0.000000
vt 0.042806 0.000000
vt 0.042608 0.000000
vt 0.042410 0.000000
vt 0.042212 0.000000
vt 0.042013 0.000000
vt 0.041815 0.000000
vt 0.041617 0.000000
vt 0.041419 0.000000
vt 0.041221 0.000000
vt 0.041023 0.000000
vt 0.040824 0.000000
vt 0.040626 0.000000
vt 0.040428 0.000000
vt 0.040230 0.000000
vt 0.040032 0.000000
vt 0.039834 0.000000
vt 0.039635 0.000000
vt 0.039437 0.000000
vt 0.039239 0.000000
vt 0.039041 0.000000
vt 0.038843 0.000000
vt 0.038644 0.000000
vt 0.038446 0.000000
vt 0.038248 0.000000
vt 0.061633 0.000000
vt 0.038050 0.000000
vt 0.061237 0.000000
vt 0.061831 0.000000
vt 0.062029 0.000000
vt 0.062228 0.000000
vt 0.062426 0.000000
vt 0.062624 0.000000
vt 0.062822 0.000000
vt 0.063020 0.000000
vt 0.063218 0.000000
vt 0.063417 0.000000
vt 0.063615 0.000000
vt 0.063813 0.000000
vt 0.049148 0.000000
vt 0.049346 0.000000
vt 0.049544 0.000000
vt 0.037852 0.000000
vt 0.049742 0.000000
vt 0.049941 0.000000
vt 0.050139 0.000000
vt 0.050337 0.000000
vt 0.050535 0.000000
vt 0.037654 0.000000
vt 0.050733 0.000000
vt 0.050931 0.000000
vt 0.037455 0.000000
vt 0.051130 0.000000
vt 0.051328 0.000000
vt 0.037257 0.000000
vt 0.051526 0.000000
vt 0.051724 0.000000
vt 0.051922 0.000000
vt 0.052120 0.000000
vt 0.037059 0.000000
vt 0.052319 0.000000
vt 0.052517 0.000000
vt 0.052715 0.000000
vt 0.052913 0.000000
vt 0.036861 0.000000
vt 0.053111 0.000000
vt 0.036663 0.000000
vt 0.053310 0.000000
vt 0.036465 0.000000
vt 0.053508 0.000000
vt 0.036266 0.000000
vt 0.053706 0.000000
vt 0.036068 0.000000
vt 0.035870 0.000000
vt 0.053904 0.000000
vt 0.035672 0.000000
vt 0.035474 0.000000
vt 0.054102 0.000000
vt 0.061038 0.000000
vt 0.035275 0.000000
vt 0.035077 0.000000
vt 0.054300 0.000000
vt 0.034879 0.000000
vt 0.034681 0.000000
vt 0.054499 0.000000
vt 0.034483 0.000000
vt 0.054697 0.000000
vt 0.054895 0.000000
vt 0.034285 0.000000
vt 0.055093 0.000000
vt 0.055291 0.000000
vt 0.055489 0.000000
vt 0.034086 0.000000
vt 0.055688 0.000000
vt 0.055886 0.000000
vt 0.056084 0.000000
vt 0.056282 0.000000
vt 0.033888 0.000000
vt 0.056480 0.000000
vt 0.056679 0.000000
vt 0.056877 0.000000
vt 0.057075 0.000000
vt 0.057273 0.000000
vt 0.033690 0.000000
vt 0.057471 0.000000
vt 0.057669 0.000000
vt 0.057868 0.000000
vt 0.058066 0.000000
vt 0.058264 0.000000
vt 0.058462 0.000000
vt 0.058660 0.000000
vt 0.058859 0.000000
vt 0.059057 0.000000
vt 0.059255 0.000000
vt 0.059453 0.000000
vt 0.059651 0.000000
vt 0.059849 0.000000
vt 0.060048 0.000000
vt 0.060246 0.000000
vt 0.060444 0.000000
vt 0.060642 0.000000
vt 0.060840 0.000000
vt 0.033492 0.000000
vt 0.033294 0.000000
vt 0.033096 0.000000
vt 0.032897 0.000000
vt 0.032699 0.000000
vt 0.032501 0.000000
vt 0.032303 0.000000
vt 0.032105 0.000000
vt 0.031906 0.000000
vt 0.031708 0.000000
vt 0.031510 0.000000
vt 0.031312 0.000000
vt 0.031114 0.000000
vt 0.030916 0.000000
vt 0.030717 0.000000
vt 0.030519 0.000000
vt 0.030321 0.000000
vt 0.030123 0.000000
vt 0.029925 0.000000
vt 0.029727 0.000000
vt 0.029528 0.000000
vt 0.029330 0.000000
vt 0.029132 0.000000
vt 0.028934 0.000000
vt 0.028736 0.000000
vt 0.028537 0.000000
vt 0.028339 0.000000
vt 0.028141 0.000000
vt 0.027943 0.000000
vt 0.027745 0.000000
vt 0.027547 0.000000
vt 0.027348 0.000000
vt 0.027150 0.000000
vt 0.026952 0.000000
vt 0.026754 0.000000
vt 0.026556 0.000000
vt 0.026358 0.000000
vt 0.026159 0.000000
vt 0.025961 0.000000
vt 0.025763 0.000000
vt 0.025565 0.000000
vt 0.025367 0.000000
vt 0.025168 0.000000
vt 0.024970 0.000000
vt 0.024772 0.000000
vt 0.024574 0.000000
vt 0.024376 0.000000
vt 0.000198 0.000000
vt 0.000991 0.000000
vt 0.024178 0.000000
vt 0.023979 0.000000
vt 0.023781 0.000000
vt 0.023583 0.000000
vt 0.023385 0.000000
vt 0.023187 0.000000
vt 0.022989 0.000000
vt 0.022790 0.000000
vt 0.022592 0.000000
vt 0.022394 0.000000
vt 0.022196 0.000000
vt 0.021998 0.000000
vt 0.021799 0.000000
vt 0.021601 0.000000
vt 0.000793 0.000000
vt 0.001189 0.000000
vt 0.001387 0.000000
vt 0.001585 0.000000
vt 0.001784 0.000000
vt 0.001982 0.000000
vt 0.002180 0.000000
vt 0.002378 0.000000
vt 0.002576 0.000000
vt 0.002774 0.000000
vt 0.002973 0.000000
vt 0.003171 0.000000
vt 0.003369 0.000000
vt 0.003567 0.000000
vt 0.021403 0.000000
vt 0.003765 0.000000
vt 0.003964 0.000000
vt 0.004162 0.000000
vt 0.004360 0.000000
vt 0.004558 0.000000
vt 0.004756 0.000000
vt 0.021205 0.000000
vt 0.004954 0.000000
vt 0.005153 0.000000
vt 0.005351 0.000000
vt 0.005549 0.000000
vt 0.005747 0.000000
vt 0.021007 0.000000
vt 0.005945 0.000000
vt 0.006143 0.000000
vt 0.006342 0.000000
vt 0.020809 0.000000
vt 0.006540 0.000000
vt 0.006738 0.000000
vt 0.006936 0.000000
vt 0.020610 0.000000
vt 0.007134 0.000000
vt 0.007333 0.000000
vt 0.020412 0.000000
vt 0.007531 0.000000
vt 0.020214 0.000000
vt 0.007729 0.000000
vt 0.007927 0.000000
vt 0.020016 0.000000
vt 0.008125 0.000000
vt 0.008323 0.000000
vt 0.019818 0.000000
vt 0.008522 0.000000
vt 0.008720 0.000000
vt 0.008918 0.000000
vt 0.019620 0.000000
vt 0.009116 0.000000
vt 0.009314 0.000000
vt 0.019421 0.000000
vt 0.009512 0.000000
vt 0.019223 0.000000
vt 0.009711 0.000000
vt 0.019025 0.000000
vt 0.009909 0.000000
vt 0.018827 0.000000
vt 0.010107 0.000000
vt 0.018629 0.000000
vt 0.010305 0.000000
vt 0.018430 0.000000
vt 0.010503 0.000000
vt 0.018232 0.000000
vt 0.010702 0.000000
vt 0.000595 0.000000
vt 0.018034 0.000000
vt 0.010900 0.000000
vt 0.011098 0.000000
vt 0.011296 0.000000
vt 0.011494 0.000000
vt 0.017836 0.000000
vt 0.011692 0.000000
vt 0.017638 0.000000
vt 0.011891 0.000000
vt 0.017440 0.000000
vt 0.012089 0.000000
vt 0.017241 0.000000
vt 0.012287 0.000000
vt 0.017043 0.000000
vt 0.012485 0.000000
vt 0.016845 0.000000
vt 0.016647 0.000000
vt 0.012683 0.000000
vt 0.016449 0.000000
vt 0.012881 0.000000
vt 0.016250 0.000000
vt 0.016052 0.000000
vt 0.015854 0.000000
vt 0.013080 0.000000
vt 0.015656 0.000000
vt 0.015458 0.000000
vt 0.015260 0.000000
vt 0.015061 0.000000
vt 0.014863 0.000000
vt 0.014665 0.000000
vt 0.014467 0.000000
vt 0.014269 0.000000
vt 0.014071 0.000000
vt 0.013872 0.000000
vt 0.013674 0.000000
vt 0.013476 0.000000
vt 0.013278 0.000000
vt 0.000396 0.000000
s 0
usemtl SVGMat.001
f 5628/5048/3 5626/5049/3 5627/5050/3
f 5628/5048/3 5625/5051/3 5626/5049/3
f 5629/5052/3 5625/5051/3 5628/5048/3
f 5629/5052/3 5624/5053/3 5625/5051/3
f 5630/5054/3 5624/5053/3 5629/5052/3
f 5630/5054/3 5623/5055/3 5624/5053/3
f 5631/5056/3 5623/5055/3 5630/5054/3
f 5631/5056/3 5622/5057/3 5623/5055/3
f 5371/5058/3 5622/5057/3 5631/5056/3
f 5371/5058/3 5621/5059/3 5622/5057/3
f 5372/5060/3 5621/5059/3 5371/5058/3
f 5372/5060/3 5620/5061/3 5621/5059/3
f 5372/5060/3 5619/5062/3 5620/5061/3
f 5373/5063/3 5619/5062/3 5372/5060/3
f 5374/5064/3 5619/5062/3 5373/5063/3
f 5374/5064/3 5618/5065/3 5619/5062/3
f 5375/5066/3 5618/5065/3 5374/5064/3
f 5376/5067/3 5618/5065/3 5375/5066/3
f 5376/5067/3 5617/5068/3 5618/5065/3
f 5377/5069/3 5617/5068/3 5376/5067/3
f 5378/5070/3 5617/5068/3 5377/5069/3
f 5378/5070/3 5616/5071/3 5617/5068/3
f 5379/5072/3 5616/5071/3 5378/5070/3
f 5379/5072/3 5615/5073/3 5616/5071/3
f 5380/5074/3 5615/5073/3 5379/5072/3
f 5381/5075/3 5615/5073/3 5380/5074/3
f 5381/5075/3 5614/5076/3 5615/5073/3
f 5382/5077/3 5614/5076/3 5381/5075/3
f 5383/5078/3 5614/5076/3 5382/5077/3
f 5383/5078/3 5613/5079/3 5614/5076/3
f 5384/5080/3 5613/5079/3 5383/5078/3
f 5384/5080/3 5612/5081/3 5613/5079/3
f 5385/5082/3 5612/5081/3 5384/5080/3
f 5385/5082/3 5611/5083/3 5612/5081/3
f 5386/5084/3 5611/5083/3 5385/5082/3
f 5387/5085/3 5611/5083/3 5386/5084/3
f 5387/5085/3 5610/5086/3 5611/5083/3
f 5388/5087/3 5610/5086/3 5387/5085/3
f 5388/5087/3 5609/5088/3 5610/5086/3
f 5389/5089/3 5609/5088/3 5388/5087/3
f 5390/5090/3 5609/5088/3 5389/5089/3
f 5390/5090/3 5608/5091/3 5609/5088/3
f 5391/5092/3 5608/5091/3 5390/5090/3
f 5391/5092/3 5561/5093/3 5608/5091/3
f 5561/5093/3 5607/5094/3 5608/5091/3
f 5392/5095/3 5560/5096/3 5391/5092/3
f 5560/5096/3 5561/5093/3 5391/5092/3
f 5562/5097/3 5607/5094/3 5561/5093/3
f 5392/5095/3 5559/5098/3 5560/5096/3
f 5563/5099/3 5607/5094/3 5562/5097/3
f 5392/5095/3 5558/5100/3 5559/5098/3
f 5564/5101/3 5607/5094/3 5563/5099/3
f 5392/5095/3 5557/5102/3 5558/5100/3
f 5565/5103/3 5607/5094/3 5564/5101/3
f 5392/5095/3 5556/5104/3 5557/5102/3
f 5566/5105/3 5607/5094/3 5565/5103/3
f 5392/5095/3 5555/5106/3 5556/5104/3
f 5392/5095/3 5554/5107/3 5555/5106/3
f 5567/5108/3 5607/5094/3 5566/5105/3
f 5392/5095/3 5553/5109/3 5554/5107/3
f 5567/5108/3 5606/5110/3 5607/5094/3
f 5392/5095/3 5552/5111/3 5553/5109/3
f 5568/5112/3 5606/5110/3 5567/5108/3
f 5392/5095/3 5551/5113/3 5552/5111/3
f 5569/5114/3 5606/5110/3 5568/5112/3
f 5392/5095/3 5550/5115/3 5551/5113/3
f 5393/5116/3 5550/5115/3 5392/5095/3
f 5393/5116/3 5549/5117/3 5550/5115/3
f 5570/5118/3 5606/5110/3 5569/5114/3
f 5393/5116/3 5548/5119/3 5549/5117/3
f 5393/5116/3 5547/5120/3 5548/5119/3
f 5571/5121/3 5606/5110/3 5570/5118/3
f 5393/5116/3 5546/5122/3 5547/5120/3
f 5571/5121/3 5605/5123/3 5606/5110/3
f 5572/5124/3 5605/5123/3 5571/5121/3
f 5393/5116/3 5545/5125/3 5546/5122/3
f 5394/5126/3 5545/5125/3 5393/5116/3
f 5394/5126/3 5544/5127/3 5545/5125/3
f 5573/5128/3 5605/5123/3 5572/5124/3
f 5573/5128/3 5604/5129/3 5605/5123/3
f 5574/5130/3 5604/5129/3 5573/5128/3
f 5395/5131/3 5544/5127/3 5394/5126/3
f 5395/5131/3 5543/5132/3 5544/5127/3
f 5575/5133/3 5604/5129/3 5574/5130/3
f 5575/5133/3 5603/5134/3 5604/5129/3
f 5396/5135/3 5543/5132/3 5395/5131/3
f 5576/5136/3 5603/5134/3 5575/5133/3
f 5576/5136/3 5602/5137/3 5603/5134/3
f 5397/5138/3 5543/5132/3 5396/5135/3
f 5398/5139/3 5543/5132/3 5397/5138/3
f 5577/5140/3 5602/5137/3 5576/5136/3
f 5577/5140/3 5601/5141/3 5602/5137/3
f 5399/5142/3 5543/5132/3 5398/5139/3
f 5578/5143/3 5601/5141/3 5577/5140/3
f 5578/5143/3 5600/5144/3 5601/5141/3
f 5400/5145/3 5543/5132/3 5399/5142/3
f 5579/5146/3 5600/5144/3 5578/5143/3
f 5579/5146/3 5599/5147/3 5600/5144/3
f 5401/5148/3 5543/5132/3 5400/5145/3
f 5579/5146/3 5598/5149/3 5599/5147/3
f 5580/5150/3 5598/5149/3 5579/5146/3
f 5402/5151/3 5543/5132/3 5401/5148/3
f 5580/5150/3 5597/5152/3 5598/5149/3
f 5581/5153/3 5597/5152/3 5580/5150/3
f 5403/5154/3 5543/5132/3 5402/5151/3
f 5581/5153/3 5596/5155/3 5597/5152/3
f 5582/5156/3 5596/5155/3 5581/5153/3
f 5583/5157/3 5596/5155/3 5582/5156/3
f 5404/5158/3 5543/5132/3 5403/5154/3
f 5584/5159/3 5596/5155/3 5583/5157/3
f 5584/5159/3 5595/5160/3 5596/5155/3
f 5585/5161/3 5595/5160/3 5584/5159/3
f 5586/5162/3 5595/5160/3 5585/5161/3
f 5405/5163/3 5543/5132/3 5404/5158/3
f 5587/5164/3 5595/5160/3 5586/5162/3
f 5588/5165/3 5595/5160/3 5587/5164/3
f 5406/5166/3 5543/5132/3 5405/5163/3
f 5589/5167/3 5595/5160/3 5588/5165/3
f 5590/5168/3 5595/5160/3 5589/5167/3
f 5591/5169/3 5595/5160/3 5590/5168/3
f 5407/5170/3 5543/5132/3 5406/5166/3
f 5592/5171/3 5595/5160/3 5591/5169/3
f 5593/5172/3 5595/5160/3 5592/5171/3
f 5594/5173/3 5595/5160/3 5593/5172/3
f 5408/5174/3 5543/5132/3 5407/5170/3
f 5408/5174/3 5542/5175/3 5543/5132/3
f 5409/5176/3 5542/5175/3 5408/5174/3
f 5410/5177/3 5542/5175/3 5409/5176/3
f 5411/5178/3 5542/5175/3 5410/5177/3
f 5494/5179/3 5492/5180/3 5493/5181/3
f 5494/5179/3 5491/5182/3 5492/5180/3
f 5494/5179/3 5490/5183/3 5491/5182/3
f 5494/5179/3 5489/5184/3 5490/5183/3
f 5494/5179/3 5488/5185/3 5489/5184/3
f 5412/5186/3 5542/5175/3 5411/5178/3
f 5494/5179/3 5487/5187/3 5488/5185/3
f 5494/5179/3 5486/5188/3 5487/5187/3
f 5494/5179/3 5485/5189/3 5486/5188/3
f 5413/5190/3 5542/5175/3 5412/5186/3
f 5494/5179/3 5484/5191/3 5485/5189/3
f 5494/5179/3 5483/5192/3 5484/5191/3
f 5494/5179/3 5482/5193/3 5483/5192/3
f 5414/5194/3 5542/5175/3 5413/5190/3
f 5494/5179/3 5481/5195/3 5482/5193/3
f 5494/5179/3 5480/5196/3 5481/5195/3
f 5494/5179/3 5479/5197/3 5480/5196/3
f 5494/5179/3 5478/5198/3 5479/5197/3
f 5415/5199/3 5542/5175/3 5414/5194/3
f 5495/5200/3 5478/5198/3 5494/5179/3
f 5416/5201/3 5542/5175/3 5415/5199/3
f 5495/5200/3 5477/5202/3 5478/5198/3
f 5496/5203/3 5477/5202/3 5495/5200/3
f 5417/5204/3 5542/5175/3 5416/5201/3
f 5418/5205/3 5542/5175/3 5417/5204/3
f 5496/5203/3 5476/5206/3 5477/5202/3
f 5497/5207/3 5476/5206/3 5496/5203/3
f 5419/5208/3 5542/5175/3 5418/5205/3
f 5498/5209/3 5476/5206/3 5497/5207/3
f 5498/5209/3 5475/5210/3 5476/5206/3
f 5420/5211/3 5542/5175/3 5419/5208/3
f 5499/5212/3 5475/5210/3 5498/5209/3
f 5499/5212/3 5474/5213/3 5475/5210/3
f 5421/5214/3 5542/5175/3 5420/5211/3
f 5500/5215/3 5474/5213/3 5499/5212/3
f 5500/5215/3 5473/5216/3 5474/5213/3
f 5422/5217/3 5542/5175/3 5421/5214/3
f 5501/5218/3 5473/5216/3 5500/5215/3
f 5502/5219/3 5473/5216/3 5501/5218/3
f 5502/5219/3 5472/5220/3 5473/5216/3
f 5423/5221/3 5542/5175/3 5422/5217/3
f 5423/5221/3 5541/5222/3 5542/5175/3
f 5423/5221/3 5540/5223/3 5541/5222/3
f 5423/5221/3 5539/5224/3 5540/5223/3
f 5503/5225/3 5472/5220/3 5502/5219/3
f 5423/5221/3 5538/5226/3 5539/5224/3
f 5423/5221/3 5537/5227/3 5538/5226/3
f 5423/5221/3 5536/5228/3 5537/5227/3
f 5423/5221/3 5535/5229/3 5536/5228/3
f 5504/5230/3 5472/5220/3 5503/5225/3
f 5423/5221/3 5534/5231/3 5535/5229/3
f 5504/5230/3 5471/5232/3 5472/5220/3
f 5423/5221/3 5533/5233/3 5534/5231/3
f 5424/5234/3 5533/5233/3 5423/5221/3
f 5424/5234/3 5532/5235/3 5533/5233/3
f 5424/5234/3 5531/5236/3 5532/5235/3
f 5505/5237/3 5471/5232/3 5504/5230/3
f 5424/5234/3 5530/5238/3 5531/5236/3
f 5424/5234/3 5529/5239/3 5530/5238/3
f 5424/5234/3 5528/5240/3 5529/5239/3
f 5506/5241/3 5471/5232/3 5505/5237/3
f 5424/5234/3 5527/5242/3 5528/5240/3
f 5506/5241/3 5470/5243/3 5471/5232/3
f 5507/5244/3 5470/5243/3 5506/5241/3
f 5424/5234/3 5526/5245/3 5527/5242/3
f 5424/5234/3 5525/5246/3 5526/5245/3
f 5508/5247/3 5470/5243/3 5507/5244/3
f 5425/5248/3 5525/5246/3 5424/5234/3
f 5425/5248/3 5524/5249/3 5525/5246/3
f 5509/5250/3 5470/5243/3 5508/5247/3
f 5425/5248/3 5523/5251/3 5524/5249/3
f 5425/5248/3 5522/5252/3 5523/5251/3
f 5510/5253/3 5470/5243/3 5509/5250/3
f 5425/5248/3 5521/5254/3 5522/5252/3
f 5425/5248/3 5520/5255/3 5521/5254/3
f 5511/5256/3 5470/5243/3 5510/5253/3
f 5425/5248/3 5519/5257/3 5520/5255/3
f 5425/5248/3 5518/5258/3 5519/5257/3
f 5512/5259/3 5470/5243/3 5511/5256/3
f 5425/5248/3 5517/5260/3 5518/5258/3
f 5512/5259/3 5469/5261/3 5470/5243/3
f 5513/5262/3 5469/5261/3 5512/5259/3
f 5425/5248/3 5516/5263/3 5517/5260/3
f 5514/5264/3 5469/5261/3 5513/5262/3
f 5425/5248/3 5515/5265/3 5516/5263/3
f 5515/5265/3 5469/5261/3 5514/5264/3
f 5425/5248/3 5469/5261/3 5515/5265/3
f 5426/5266/3 5469/5261/3 5425/5248/3
f 5426/5266/3 5468/5267/3 5469/5261/3
f 5427/5268/3 5468/5267/3 5426/5266/3
f 5427/5268/3 5467/5269/3 5468/5267/3
f 5428/5270/3 5467/5269/3 5427/5268/3
f 5428/5270/3 5466/5271/3 5467/5269/3
f 5428/5270/3 5465/5272/3 5466/5271/3
f 5429/5273/3 5465/5272/3 5428/5270/3
f 5429/5273/3 5464/5274/3 5465/5272/3
f 5429/5273/3 5463/5275/3 5464/5274/3
f 5430/5276/3 5463/5275/3 5429/5273/3
f 5430/5276/3 5462/5277/3 5463/5275/3
f 5430/5276/3 5461/5278/3 5462/5277/3
f 5431/5279/3 5461/5278/3 5430/5276/3
f 5431/5279/3 5460/5280/3 5461/5278/3
f 5432/5281/3 5460/5280/3 5431/5279/3
f 5432/5281/3 5459/5282/3 5460/5280/3
f 5432/5281/3 5458/5283/3 5459/5282/3
f 5432/5281/3 5457/5284/3 5458/5283/3
f 5432/5281/3 5456/5285/3 5457/5284/3
f 5433/5286/3 5456/5285/3 5432/5281/3
f 5433/5286/3 5455/5287/3 5456/5285/3
f 5433/5286/3 5454/5288/3 5455/5287/3
f 5434/5289/3 5454/5288/3 5433/5286/3
f 5434/5289/3 5453/5290/3 5454/5288/3
f 5435/5291/3 5453/5290/3 5434/5289/3
f 5435/5291/3 5452/5292/3 5453/5290/3
f 5435/5291/3 5451/5293/3 5452/5292/3
f 5436/5294/3 5451/5293/3 5435/5291/3
f 5436/5294/3 5450/5295/3 5451/5293/3
f 5437/5296/3 5450/5295/3 5436/5294/3
f 5437/5296/3 5449/5297/3 5450/5295/3
f 5438/5298/3 5449/5297/3 5437/5296/3
f 5438/5298/3 5448/5299/3 5449/5297/3
f 5438/5298/3 5447/5300/3 5448/5299/3
f 5439/5301/3 5447/5300/3 5438/5298/3
f 5439/5301/3 5446/5302/3 5447/5300/3
f 5440/5303/3 5446/5302/3 5439/5301/3
f 5440/5303/3 5445/5304/3 5446/5302/3
f 5441/5305/3 5445/5304/3 5440/5303/3
f 5441/5305/3 5444/5306/3 5445/5304/3
f 5441/5305/3 5443/5307/3 5444/5306/3
f 5442/5308/3 5443/5307/3 5441/5305/3
f 5769/5309/3 5767/5310/3 5768/5311/3
f 5770/5312/3 5767/5310/3 5769/5309/3
f 5770/5312/3 5766/5313/3 5767/5310/3
f 5771/5314/3 5766/5313/3 5770/5312/3
f 5771/5314/3 5765/5315/3 5766/5313/3
f 5772/5316/3 5765/5315/3 5771/5314/3
f 5772/5316/3 5764/5317/3 5765/5315/3
f 5773/5318/3 5764/5317/3 5772/5316/3
f 5773/5318/3 5763/5319/3 5764/5317/3
f 5774/5320/3 5763/5319/3 5773/5318/3
f 5775/5321/3 5763/5319/3 5774/5320/3
f 5775/5321/3 5762/5322/3 5763/5319/3
f 5632/5323/3 5762/5322/3 5775/5321/3
f 5633/5324/3 5762/5322/3 5632/5323/3
f 5633/5324/3 5761/5325/3 5762/5322/3
f 5634/5326/3 5761/5325/3 5633/5324/3
f 5634/5326/3 5760/5327/3 5761/5325/3
f 5634/5326/3 5759/5328/3 5760/5327/3
f 5635/5329/3 5759/5328/3 5634/5326/3
f 5635/5329/3 5758/5330/3 5759/5328/3
f 5636/5331/3 5758/5330/3 5635/5329/3
f 5636/5331/3 5757/5332/3 5758/5330/3
f 5637/5333/3 5757/5332/3 5636/5331/3
f 5637/5333/3 5756/5334/3 5757/5332/3
f 5638/5335/3 5756/5334/3 5637/5333/3
f 5639/5336/3 5756/5334/3 5638/5335/3
f 5639/5336/3 5755/5337/3 5756/5334/3
f 5640/5338/3 5755/5337/3 5639/5336/3
f 5640/5338/3 5754/5339/3 5755/5337/3
f 5641/5340/3 5754/5339/3 5640/5338/3
f 5641/5340/3 5753/5341/3 5754/5339/3
f 5642/5342/3 5753/5341/3 5641/5340/3
f 5643/5343/3 5753/5341/3 5642/5342/3
f 5643/5343/3 5752/5344/3 5753/5341/3
f 5644/5345/3 5752/5344/3 5643/5343/3
f 5644/5345/3 5751/5346/3 5752/5344/3
f 5645/5347/3 5751/5346/3 5644/5345/3
f 5646/5348/3 5751/5346/3 5645/5347/3
f 5647/5349/3 5751/5346/3 5646/5348/3
f 5647/5349/3 5750/5350/3 5751/5346/3
f 5648/5351/3 5750/5350/3 5647/5349/3
f 5649/5352/3 5750/5350/3 5648/5351/3
f 5650/5353/3 5750/5350/3 5649/5352/3
f 5650/5353/3 5749/5354/3 5750/5350/3
f 5651/5355/3 5749/5354/3 5650/5353/3
f 5652/5356/3 5749/5354/3 5651/5355/3
f 5653/5357/3 5749/5354/3 5652/5356/3
f 5653/5357/3 5748/5358/3 5749/5354/3
f 5654/5359/3 5748/5358/3 5653/5357/3
f 5655/5360/3 5748/5358/3 5654/5359/3
f 5656/5361/3 5748/5358/3 5655/5360/3
f 5656/5361/3 5747/5362/3 5748/5358/3
f 5657/5363/3 5747/5362/3 5656/5361/3
f 5658/5364/3 5747/5362/3 5657/5363/3
f 5658/5364/3 5746/5365/3 5747/5362/3
f 5659/5366/3 5746/5365/3 5658/5364/3
f 5659/5366/3 5745/5367/3 5746/5365/3
f 5660/5368/3 5745/5367/3 5659/5366/3
f 5661/5369/3 5745/5367/3 5660/5368/3
f 5661/5369/3 5744/5370/3 5745/5367/3
f 5662/5371/3 5744/5370/3 5661/5369/3
f 5663/5372/3 5744/5370/3 5662/5371/3
f 5663/5372/3 5743/5373/3 5744/5370/3
f 5664/5374/3 5743/5373/3 5663/5372/3
f 5665/5375/3 5743/5373/3 5664/5374/3
f 5665/5375/3 5742/5376/3 5743/5373/3
f 5666/5377/3 5867/5378/3 5665/5375/3
f 5867/5378/3 5742/5376/3 5665/5375/3
f 5666/5377/3 5866/5379/3 5867/5378/3
f 5868/5380/3 5742/5376/3 5867/5378/3
f 5868/5380/3 5741/5381/3 5742/5376/3
f 5869/5382/3 5741/5381/3 5868/5380/3
f 5666/5377/3 5865/5383/3 5866/5379/3
f 5870/5384/3 5741/5381/3 5869/5382/3
f 5667/5385/3 5865/5383/3 5666/5377/3
f 5667/5385/3 5864/5386/3 5865/5383/3
f 5871/5387/3 5741/5381/3 5870/5384/3
f 5667/5385/3 5863/5388/3 5864/5386/3
f 5776/5389/3 5741/5381/3 5871/5387/3
f 5667/5385/3 5862/5390/3 5863/5388/3
f 5777/5391/3 5741/5381/3 5776/5389/3
f 5778/5392/3 5741/5381/3 5777/5391/3
f 5667/5385/3 5861/5393/3 5862/5390/3
f 5668/5394/3 5861/5393/3 5667/5385/3
f 5779/5395/3 5741/5381/3 5778/5392/3
f 5780/5396/3 5741/5381/3 5779/5395/3
f 5668/5394/3 5860/5397/3 5861/5393/3
f 5780/5396/3 5740/5398/3 5741/5381/3
f 5781/5399/3 5740/5398/3 5780/5396/3
f 5782/5400/3 5740/5398/3 5781/5399/3
f 5669/5401/3 5860/5397/3 5668/5394/3
f 5669/5401/3 5859/5402/3 5860/5397/3
f 5783/5403/3 5740/5398/3 5782/5400/3
f 5784/5404/3 5740/5398/3 5783/5403/3
f 5669/5401/3 5858/5405/3 5859/5402/3
f 5785/5406/3 5740/5398/3 5784/5404/3
f 5669/5401/3 5857/5407/3 5858/5405/3
f 5786/5408/3 5740/5398/3 5785/5406/3
f 5786/5408/3 5739/5409/3 5740/5398/3
f 5669/5401/3 5856/5410/3 5857/5407/3
f 5787/5411/3 5739/5409/3 5786/5408/3
f 5788/5412/3 5739/5409/3 5787/5411/3
f 5669/5401/3 5855/5413/3 5856/5410/3
f 5670/5414/3 5855/5413/3 5669/5401/3
f 5789/5415/3 5739/5409/3 5788/5412/3
f 5670/5414/3 5854/5416/3 5855/5413/3
f 5789/5415/3 5738/5417/3 5739/5409/3
f 5790/5418/3 5738/5417/3 5789/5415/3
f 5670/5414/3 5853/5419/3 5854/5416/3
f 5671/5420/3 5853/5419/3 5670/5414/3
f 5671/5420/3 5852/5421/3 5853/5419/3
f 5790/5418/3 5737/5422/3 5738/5417/3
f 5791/5423/3 5737/5422/3 5790/5418/3
f 5671/5420/3 5851/5424/3 5852/5421/3
f 5672/5425/3 5851/5424/3 5671/5420/3
f 5792/5426/3 5737/5422/3 5791/5423/3
f 5792/5426/3 5736/5427/3 5737/5422/3
f 5672/5425/3 5850/5428/3 5851/5424/3
f 5793/5429/3 5736/5427/3 5792/5426/3
f 5673/5430/3 5850/5428/3 5672/5425/3
f 5793/5429/3 5735/5431/3 5736/5427/3
f 5673/5430/3 5849/5432/3 5850/5428/3
f 5794/5433/3 5735/5431/3 5793/5429/3
f 5674/5434/3 5849/5432/3 5673/5430/3
f 5794/5433/3 5734/5435/3 5735/5431/3
f 5674/5434/3 5848/5436/3 5849/5432/3
f 5795/5437/3 5734/5435/3 5794/5433/3
f 5795/5437/3 5733/5438/3 5734/5435/3
f 5675/5439/3 5848/5436/3 5674/5434/3
f 5675/5439/3 5847/5440/3 5848/5436/3
f 5796/5441/3 5733/5438/3 5795/5437/3
f 5796/5441/3 5732/5442/3 5733/5438/3
f 5675/5439/3 5846/5443/3 5847/5440/3
f 5676/5444/3 5846/5443/3 5675/5439/3
f 5797/5445/3 5732/5442/3 5796/5441/3
f 5797/5445/3 5731/5446/3 5732/5442/3
f 5676/5444/3 5845/5447/3 5846/5443/3
f 5677/5448/3 5845/5447/3 5676/5444/3
f 5798/5449/3 5731/5446/3 5797/5445/3
f 5677/5448/3 5844/5450/3 5845/5447/3
f 5798/5449/3 5730/5451/3 5731/5446/3
f 5678/5452/3 5844/5450/3 5677/5448/3
f 5799/5453/3 5730/5451/3 5798/5449/3
f 5678/5452/3 5843/5454/3 5844/5450/3
f 5799/5453/3 5729/5455/3 5730/5451/3
f 5678/5452/3 5842/5456/3 5843/5454/3
f 5800/5457/3 5729/5455/3 5799/5453/3
f 5679/5458/3 5842/5456/3 5678/5452/3
f 5679/5458/3 5841/5459/3 5842/5456/3
f 5801/5460/3 5729/5455/3 5800/5457/3
f 5802/5461/3 5729/5455/3 5801/5460/3
f 5802/5461/3 5728/5462/3 5729/5455/3
f 5803/5463/3 5728/5462/3 5802/5461/3
f 5679/5458/3 5840/5464/3 5841/5459/3
f 5804/5465/3 5728/5462/3 5803/5463/3
f 5805/5466/3 5728/5462/3 5804/5465/3
f 5680/5467/3 5840/5464/3 5679/5458/3
f 5680/5467/3 5839/5468/3 5840/5464/3
f 5806/5469/3 5728/5462/3 5805/5466/3
f 5806/5469/3 5727/5470/3 5728/5462/3
f 5807/5471/3 5727/5470/3 5806/5469/3
f 5680/5467/3 5838/5472/3 5839/5468/3
f 5808/5473/3 5727/5470/3 5807/5471/3
f 5809/5474/3 5727/5470/3 5808/5473/3
f 5680/5467/3 5837/5475/3 5838/5472/3
f 5809/5474/3 5726/5476/3 5727/5470/3
f 5810/5477/3 5726/5476/3 5809/5474/3
f 5680/5467/3 5836/5478/3 5837/5475/3
f 5681/5479/3 5836/5478/3 5680/5467/3
f 5811/5480/3 5726/5476/3 5810/5477/3
f 5681/5479/3 5835/5481/3 5836/5478/3
f 5812/5482/3 5726/5476/3 5811/5480/3
f 5813/5483/3 5726/5476/3 5812/5482/3
f 5681/5479/3 5834/5484/3 5835/5481/3
f 5814/5485/3 5726/5476/3 5813/5483/3
f 5814/5485/3 5725/5486/3 5726/5476/3
f 5681/5479/3 5833/5487/3 5834/5484/3
f 5815/5488/3 5725/5486/3 5814/5485/3
f 5681/5479/3 5832/5489/3 5833/5487/3
f 5816/5490/3 5725/5486/3 5815/5488/3
f 5817/5491/3 5725/5486/3 5816/5490/3
f 5681/5479/3 5831/5492/3 5832/5489/3
f 5818/5493/3 5725/5486/3 5817/5491/3
f 5681/5479/3 5830/5494/3 5831/5492/3
f 5819/5495/3 5725/5486/3 5818/5493/3
f 5681/5479/3 5829/5496/3 5830/5494/3
f 5820/5497/3 5725/5486/3 5819/5495/3
f 5681/5479/3 5828/5498/3 5829/5496/3
f 5820/5497/3 5724/5499/3 5725/5486/3
f 5682/5500/3 5828/5498/3 5681/5479/3
f 5821/5501/3 5724/5499/3 5820/5497/3
f 5682/5500/3 5827/5502/3 5828/5498/3
f 5822/5503/3 5724/5499/3 5821/5501/3
f 5682/5500/3 5826/5504/3 5827/5502/3
f 5823/5505/3 5724/5499/3 5822/5503/3
f 5682/5500/3 5825/5506/3 5826/5504/3
f 5824/5507/3 5724/5499/3 5823/5505/3
f 5682/5500/3 5824/5507/3 5825/5506/3
f 5682/5500/3 5724/5499/3 5824/5507/3
f 5682/5500/3 5723/5508/3 5724/5499/3
f 5683/5509/3 5723/5508/3 5682/5500/3
f 5683/5509/3 5722/5510/3 5723/5508/3
f 5683/5509/3 5721/5511/3 5722/5510/3
f 5684/5512/3 5721/5511/3 5683/5509/3
f 5684/5512/3 5720/5513/3 5721/5511/3
f 5685/5514/3 5720/5513/3 5684/5512/3
f 5685/5514/3 5719/5515/3 5720/5513/3
f 5685/5514/3 5718/5516/3 5719/5515/3
f 5686/5517/3 5718/5516/3 5685/5514/3
f 5686/5517/3 5717/5518/3 5718/5516/3
f 5687/5519/3 5717/5518/3 5686/5517/3
f 5687/5519/3 5716/5520/3 5717/5518/3
f 5687/5519/3 5715/5521/3 5716/5520/3
f 5688/5522/3 5715/5521/3 5687/5519/3
f 5688/5522/3 5714/5523/3 5715/5521/3
f 5688/5522/3 5713/5524/3 5714/5523/3
f 5688/5522/3 5712/5525/3 5713/5524/3
f 5689/5526/3 5712/5525/3 5688/5522/3
f 5689/5526/3 5711/5527/3 5712/5525/3
f 5689/5526/3 5710/5528/3 5711/5527/3
f 5689/5526/3 5709/5529/3 5710/5528/3
f 5690/5530/3 5709/5529/3 5689/5526/3
f 5690/5530/3 5708/5531/3 5709/5529/3
f 5690/5530/3 5707/5532/3 5708/5531/3
f 5691/5533/3 5707/5532/3 5690/5530/3
f 5691/5533/3 5706/5534/3 5707/5532/3
f 5691/5533/3 5705/5535/3 5706/5534/3
f 5691/5533/3 5704/5536/3 5705/5535/3
f 5692/5537/3 5704/5536/3 5691/5533/3
f 5692/5537/3 5703/5538/3 5704/5536/3
f 5693/5539/3 5703/5538/3 5692/5537/3
f 5693/5539/3 5702/5540/3 5703/5538/3
f 5694/5541/3 5702/5540/3 5693/5539/3
f 5694/5541/3 5701/5542/3 5702/5540/3
f 5695/5543/3 5701/5542/3 5694/5541/3
f 5695/5543/3 5700/5544/3 5701/5542/3
f 5696/5545/3 5700/5544/3 5695/5543/3
f 5696/5545/3 5699/5546/3 5700/5544/3
f 5697/5547/3 5699/5546/3 5696/5545/3
f 5697/5547/3 5698/5548/3 5699/5546/3
f 6118/5549/3 6116/5550/3 6117/5551/3
f 6118/5549/3 6115/5552/3 6116/5550/3
f 6119/5553/3 6115/5552/3 6118/5549/3
f 6119/5553/3 6114/5554/3 6115/5552/3
f 6120/5555/3 6114/5554/3 6119/5553/3
f 6120/5555/3 6113/5556/3 6114/5554/3
f 6121/5557/3 6113/5556/3 6120/5555/3
f 6121/5557/3 6112/5558/3 6113/5556/3
f 6122/5559/3 6112/5558/3 6121/5557/3
f 6123/5560/3 6112/5558/3 6122/5559/3
f 6123/5560/3 6111/5561/3 6112/5558/3
f 6124/5562/3 6111/5561/3 6123/5560/3
f 6125/5563/3 6111/5561/3 6124/5562/3
f 6125/5563/3 6110/5564/3 6111/5561/3
f 5872/5565/3 6110/5564/3 6125/5563/3
f 5873/5566/3 6110/5564/3 5872/5565/3
f 5873/5566/3 6109/5567/3 6110/5564/3
f 5874/5568/3 6109/5567/3 5873/5566/3
f 5874/5568/3 6108/5569/3 6109/5567/3
f 5874/5568/3 6107/5570/3 6108/5569/3
f 5875/5571/3 6107/5570/3 5874/5568/3
f 5875/5571/3 6106/5572/3 6107/5570/3
f 5876/5573/3 6106/5572/3 5875/5571/3
f 5876/5573/3 6105/5574/3 6106/5572/3
f 5877/5575/3 6105/5574/3 5876/5573/3
f 5877/5575/3 6104/5576/3 6105/5574/3
f 5877/5575/3 6103/5577/3 6104/5576/3
f 5878/5578/3 6103/5577/3 5877/5575/3
f 5878/5578/3 6102/5579/3 6103/5577/3
f 5879/5580/3 6102/5579/3 5878/5578/3
f 5879/5580/3 6101/5581/3 6102/5579/3
f 5880/5582/3 6101/5581/3 5879/5580/3
f 5880/5582/3 6100/5583/3 6101/5581/3
f 5881/5584/3 6100/5583/3 5880/5582/3
f 5881/5584/3 6099/5585/3 6100/5583/3
f 5882/5586/3 6099/5585/3 5881/5584/3
f 5882/5586/3 6098/5587/3 6099/5585/3
f 5883/5588/3 6098/5587/3 5882/5586/3
f 5883/5588/3 6097/5589/3 6098/5587/3
f 5884/5590/3 6097/5589/3 5883/5588/3
f 5884/5590/3 6096/5591/3 6097/5589/3
f 5885/5592/3 6096/5591/3 5884/5590/3
f 5886/5593/3 6096/5591/3 5885/5592/3
f 5886/5593/3 6062/5594/3 6096/5591/3
f 6062/5594/3 6095/5595/3 6096/5591/3
f 5887/5596/3 6061/5597/3 5886/5593/3
f 6061/5597/3 6062/5594/3 5886/5593/3
f 6063/5598/3 6095/5595/3 6062/5594/3
f 5887/5596/3 6060/5599/3 6061/5597/3
f 6064/5600/3 6095/5595/3 6063/5598/3
f 5887/5596/3 6059/5601/3 6060/5599/3
f 5887/5596/3 6058/5602/3 6059/5601/3
f 6065/5603/3 6095/5595/3 6064/5600/3
f 5887/5596/3 6057/5604/3 6058/5602/3
f 6066/5605/3 6095/5595/3 6065/5603/3
f 5887/5596/3 6056/5606/3 6057/5604/3
f 5887/5596/3 6055/5607/3 6056/5606/3
f 6067/5608/3 6095/5595/3 6066/5605/3
f 6067/5608/3 6094/5609/3 6095/5595/3
f 5887/5596/3 6054/5610/3 6055/5607/3
f 5888/5611/3 6054/5610/3 5887/5596/3
f 6068/5612/3 6094/5609/3 6067/5608/3
f 5888/5611/3 6053/5613/3 6054/5610/3
f 5888/5611/3 6052/5614/3 6053/5613/3
f 6069/5615/3 6094/5609/3 6068/5612/3
f 5888/5611/3 6051/5616/3 6052/5614/3
f 5888/5611/3 6050/5617/3 6051/5616/3
f 6070/5618/3 6094/5609/3 6069/5615/3
f 5888/5611/3 6049/5619/3 6050/5617/3
f 5889/5620/3 6049/5619/3 5888/5611/3
f 6070/5618/3 6093/5621/3 6094/5609/3
f 5889/5620/3 6048/5622/3 6049/5619/3
f 6071/5623/3 6093/5621/3 6070/5618/3
f 5889/5620/3 6047/5624/3 6048/5622/3
f 5890/5625/3 6047/5624/3 5889/5620/3
f 6072/5626/3 6093/5621/3 6071/5623/3
f 5890/5625/3 6046/5627/3 6047/5624/3
f 6072/5626/3 6092/5628/3 6093/5621/3
f 5890/5625/3 6045/5629/3 6046/5627/3
f 6073/5630/3 6092/5628/3 6072/5626/3
f 5891/5631/3 6045/5629/3 5890/5625/3
f 6073/5630/3 6091/5632/3 6092/5628/3
f 5891/5631/3 6044/5633/3 6045/5629/3
f 6074/5634/3 6091/5632/3 6073/5630/3
f 5892/5635/3 6044/5633/3 5891/5631/3
f 5892/5635/3 6043/5636/3 6044/5633/3
f 6075/5637/3 6091/5632/3 6074/5634/3
f 6075/5637/3 6090/5638/3 6091/5632/3
f 6076/5639/3 6090/5638/3 6075/5637/3
f 5893/5640/3 6043/5636/3 5892/5635/3
f 6077/5641/3 6090/5638/3 6076/5639/3
f 5893/5640/3 6042/5642/3 6043/5636/3
f 6078/5643/3 6090/5638/3 6077/5641/3
f 6078/5643/3 6089/5644/3 6090/5638/3
f 6079/5645/3 6089/5644/3 6078/5643/3
f 6080/5646/3 6089/5644/3 6079/5645/3
f 6081/5647/3 6089/5644/3 6080/5646/3
f 6082/5648/3 6089/5644/3 6081/5647/3
f 5893/5640/3 6041/5649/3 6042/5642/3
f 5894/5650/3 6041/5649/3 5893/5640/3
f 6083/5651/3 6089/5644/3 6082/5648/3
f 6084/5652/3 6089/5644/3 6083/5651/3
f 6085/5653/3 6089/5644/3 6084/5652/3
f 6086/5654/3 6089/5644/3 6085/5653/3
f 6087/5655/3 6089/5644/3 6086/5654/3
f 6088/5656/3 6089/5644/3 6087/5655/3
f 5894/5650/3 6040/5657/3 6041/5649/3
f 5895/5658/3 6040/5657/3 5894/5650/3
f 5895/5658/3 6039/5659/3 6040/5657/3
f 5896/5660/3 6039/5659/3 5895/5658/3
f 5987/5661/3 5985/5662/3 5986/5663/3
f 5987/5661/3 5984/5664/3 5985/5662/3
f 5987/5661/3 5983/5665/3 5984/5664/3
f 5896/5660/3 6038/5666/3 6039/5659/3
f 5897/5667/3 6038/5666/3 5896/5660/3
f 5988/5668/3 5989/5669/3 5987/5661/3
f 5989/5669/3 5990/5670/3 5987/5661/3
f 5990/5670/3 5983/5665/3 5987/5661/3
f 5897/5667/3 6037/5671/3 6038/5666/3
f 5898/5672/3 6037/5671/3 5897/5667/3
f 5991/5673/3 5983/5665/3 5990/5670/3
f 5899/5674/3 6037/5671/3 5898/5672/3
f 5899/5674/3 6036/5675/3 6037/5671/3
f 5900/5676/3 6036/5675/3 5899/5674/3
f 5900/5676/3 6035/5677/3 6036/5675/3
f 5992/5678/3 5983/5665/3 5991/5673/3
f 5993/5679/3 5983/5665/3 5992/5678/3
f 5901/5680/3 6035/5677/3 5900/5676/3
f 5901/5680/3 6034/5681/3 6035/5677/3
f 5994/5682/3 5983/5665/3 5993/5679/3
f 5902/5683/3 6034/5681/3 5901/5680/3
f 5994/5682/3 5982/5684/3 5983/5665/3
f 5995/5685/3 5982/5684/3 5994/5682/3
f 5902/5683/3 6033/5686/3 6034/5681/3
f 5996/5687/3 5982/5684/3 5995/5685/3
f 5903/5688/3 6033/5686/3 5902/5683/3
f 5903/5688/3 6032/5689/3 6033/5686/3
f 5997/5690/3 5982/5684/3 5996/5687/3
f 5904/5691/3 6032/5689/3 5903/5688/3
f 5998/5692/3 5982/5684/3 5997/5690/3
f 5904/5691/3 6031/5693/3 6032/5689/3
f 5999/5694/3 5982/5684/3 5998/5692/3
f 5905/5695/3 6031/5693/3 5904/5691/3
f 5905/5695/3 6030/5696/3 6031/5693/3
f 6000/5697/3 5982/5684/3 5999/5694/3
f 5906/5698/3 6030/5696/3 5905/5695/3
f 5906/5698/3 6029/5699/3 6030/5696/3
f 6001/5700/3 5982/5684/3 6000/5697/3
f 5906/5698/3 6028/5701/3 6029/5699/3
f 5907/5702/3 6028/5701/3 5906/5698/3
f 5907/5702/3 6027/5703/3 6028/5701/3
f 6002/5704/3 5982/5684/3 6001/5700/3
f 5907/5702/3 6026/5705/3 6027/5703/3
f 6003/5706/3 5982/5684/3 6002/5704/3
f 5907/5702/3 6025/5707/3 6026/5705/3
f 5908/5708/3 6025/5707/3 5907/5702/3
f 6004/5709/3 5982/5684/3 6003/5706/3
f 5908/5708/3 6024/5710/3 6025/5707/3
f 6005/5711/3 5982/5684/3 6004/5709/3
f 5908/5708/3 6023/5712/3 6024/5710/3
f 6006/5713/3 5982/5684/3 6005/5711/3
f 5908/5708/3 6022/5714/3 6023/5712/3
f 5909/5715/3 6022/5714/3 5908/5708/3
f 6007/5716/3 5982/5684/3 6006/5713/3
f 5909/5715/3 6021/5717/3 6022/5714/3
f 6008/5718/3 5982/5684/3 6007/5716/3
f 6009/5719/3 5982/5684/3 6008/5718/3
f 5909/5715/3 6020/5720/3 6021/5717/3
f 6010/5721/3 5982/5684/3 6009/5719/3
f 5909/5715/3 6019/5722/3 6020/5720/3
f 6011/5723/3 5982/5684/3 6010/5721/3
f 5909/5715/3 6018/5724/3 6019/5722/3
f 6012/5725/3 5982/5684/3 6011/5723/3
f 5909/5715/3 6017/5726/3 6018/5724/3
f 6013/5727/3 5982/5684/3 6012/5725/3
f 5909/5715/3 6016/5728/3 6017/5726/3
f 6014/5729/3 5982/5684/3 6013/5727/3
f 5909/5715/3 6015/5730/3 6016/5728/3
f 6015/5730/3 5982/5684/3 6014/5729/3
f 5909/5715/3 5954/5731/3 6015/5730/3
f 5954/5731/3 5955/5732/3 6015/5730/3
f 5955/5732/3 5982/5684/3 6015/5730/3
f 5910/5733/3 5954/5731/3 5909/5715/3
f 5911/5734/3 5954/5731/3 5910/5733/3
f 5912/5735/3 5954/5731/3 5911/5734/3
f 5913/5736/3 5954/5731/3 5912/5735/3
f 5913/5736/3 5953/5737/3 5954/5731/3
f 5913/5736/3 5952/5738/3 5953/5737/3
f 5956/5739/3 5982/5684/3 5955/5732/3
f 5913/5736/3 5951/5740/3 5952/5738/3
f 5957/5741/3 5982/5684/3 5956/5739/3
f 5913/5736/3 5950/5742/3 5951/5740/3
f 5958/5743/3 5982/5684/3 5957/5741/3
f 5913/5736/3 5949/5744/3 5950/5742/3
f 5913/5736/3 5948/5745/3 5949/5744/3
f 5959/5746/3 5982/5684/3 5958/5743/3
f 5913/5736/3 5947/5747/3 5948/5745/3
f 5913/5736/3 5946/5748/3 5947/5747/3
f 5960/5749/3 5982/5684/3 5959/5746/3
f 5913/5736/3 5945/5750/3 5946/5748/3
f 5913/5736/3 5944/5751/3 5945/5750/3
f 5913/5736/3 5943/5752/3 5944/5751/3
f 5961/5753/3 5982/5684/3 5960/5749/3
f 5913/5736/3 5942/5754/3 5943/5752/3
f 5962/5755/3 5982/5684/3 5961/5753/3
f 5913/5736/3 5941/5756/3 5942/5754/3
f 5913/5736/3 5940/5757/3 5941/5756/3
f 5963/5758/3 5982/5684/3 5962/5755/3
f 5913/5736/3 5939/5759/3 5940/5757/3
f 5913/5736/3 5938/5760/3 5939/5759/3
f 5964/5761/3 5982/5684/3 5963/5758/3
f 5914/5762/3 5938/5760/3 5913/5736/3
f 5914/5762/3 5937/5763/3 5938/5760/3
f 5965/5764/3 5982/5684/3 5964/5761/3
f 5914/5762/3 5936/5765/3 5937/5763/3
f 5914/5762/3 5935/5766/3 5936/5765/3
f 5966/5767/3 5982/5684/3 5965/5764/3
f 5914/5762/3 5934/5768/3 5935/5766/3
f 5967/5769/3 5982/5684/3 5966/5767/3
f 5914/5762/3 5933/5770/3 5934/5768/3
f 5914/5762/3 5932/5771/3 5933/5770/3
f 5968/5772/3 5982/5684/3 5967/5769/3
f 5914/5762/3 5931/5773/3 5932/5771/3
f 5915/5774/3 5931/5773/3 5914/5762/3
f 5969/5775/3 5982/5684/3 5968/5772/3
f 5970/5776/3 5982/5684/3 5969/5775/3
f 5971/5777/3 5982/5684/3 5970/5776/3
f 5972/5778/3 5982/5684/3 5971/5777/3
f 5915/5774/3 5930/5779/3 5931/5773/3
f 5973/5780/3 5982/5684/3 5972/5778/3
f 5974/5781/3 5982/5684/3 5973/5780/3
f 5916/5782/3 5930/5779/3 5915/5774/3
f 5975/5783/3 5982/5684/3 5974/5781/3
f 5916/5782/3 5929/5784/3 5930/5779/3
f 5976/5785/3 5982/5684/3 5975/5783/3
f 5977/5786/3 5982/5684/3 5976/5785/3
f 5916/5782/3 5928/5787/3 5929/5784/3
f 5978/5788/3 5982/5684/3 5977/5786/3
f 5917/5789/3 5928/5787/3 5916/5782/3
f 5979/5790/3 5982/5684/3 5978/5788/3
f 5980/5791/3 5982/5684/3 5979/5790/3
f 5981/5792/3 5982/5684/3 5980/5791/3
f 5917/5789/3 5927/5793/3 5928/5787/3
f 5918/5794/3 5927/5793/3 5917/5789/3
f 5918/5794/3 5926/5795/3 5927/5793/3
f 5918/5794/3 5925/5796/3 5926/5795/3
f 5919/5797/3 5925/5796/3 5918/5794/3
f 5919/5797/3 5924/5798/3 5925/5796/3
f 5919/5797/3 5923/5799/3 5924/5798/3
f 5920/5800/3 5923/5799/3 5919/5797/3
f 5920/5800/3 5922/5801/3 5923/5799/3
f 5920/5800/3 5921/5802/3 5922/5801/3
f 6288/5803/3 6286/5804/3 6287/5805/3
f 6288/5803/3 6285/5806/3 6286/5804/3
f 6289/5807/3 6285/5806/3 6288/5803/3
f 6289/5807/3 6284/5808/3 6285/5806/3
f 6290/5809/3 6284/5808/3 6289/5807/3
f 6290/5809/3 6283/5810/3 6284/5808/3
f 6291/5811/3 6283/5810/3 6290/5809/3
f 6291/5811/3 6282/5812/3 6283/5810/3
f 6292/5813/3 6282/5812/3 6291/5811/3
f 6292/5813/3 6281/5814/3 6282/5812/3
f 6293/5815/3 6281/5814/3 6292/5813/3
f 6126/5816/3 6281/5814/3 6293/5815/3
f 6127/5817/3 6281/5814/3 6126/5816/3
f 6127/5817/3 6280/5818/3 6281/5814/3
f 6127/5817/3 6279/5819/3 6280/5818/3
f 6128/5820/3 6279/5819/3 6127/5817/3
f 6128/5820/3 6278/5821/3 6279/5819/3
f 6129/5822/3 6278/5821/3 6128/5820/3
f 6129/5822/3 6277/5823/3 6278/5821/3
f 6130/5824/3 6277/5823/3 6129/5822/3
f 6130/5824/3 6276/5825/3 6277/5823/3
f 6131/5826/3 6276/5825/3 6130/5824/3
f 6131/5826/3 6275/5827/3 6276/5825/3
f 6132/5828/3 6275/5827/3 6131/5826/3
f 6133/5829/3 6275/5827/3 6132/5828/3
f 6133/5829/3 6274/5830/3 6275/5827/3
f 6134/5831/3 6274/5830/3 6133/5829/3
f 6135/5832/3 6274/5830/3 6134/5831/3
f 6135/5832/3 6273/5833/3 6274/5830/3
f 6136/5834/3 6273/5833/3 6135/5832/3
f 6137/5835/3 6273/5833/3 6136/5834/3
f 6137/5835/3 6272/5836/3 6273/5833/3
f 6138/5837/3 6272/5836/3 6137/5835/3
f 6139/5838/3 6272/5836/3 6138/5837/3
f 6139/5838/3 6271/5839/3 6272/5836/3
f 6139/5838/3 6270/5840/3 6271/5839/3
f 6140/5841/3 6270/5840/3 6139/5838/3
f 6140/5841/3 6269/5842/3 6270/5840/3
f 6141/5843/3 6269/5842/3 6140/5841/3
f 6141/5843/3 6268/5844/3 6269/5842/3
f 6142/5845/3 6268/5844/3 6141/5843/3
f 6142/5845/3 6267/5846/3 6268/5844/3
f 6143/5847/3 6267/5846/3 6142/5845/3
f 6143/5847/3 6266/5848/3 6267/5846/3
f 6144/5849/3 6266/5848/3 6143/5847/3
f 6144/5849/3 6265/5850/3 6266/5848/3
f 6145/5851/3 6265/5850/3 6144/5849/3
f 6145/5851/3 6264/5852/3 6265/5850/3
f 6146/5853/3 6264/5852/3 6145/5851/3
f 6146/5853/3 6263/5854/3 6264/5852/3
f 6147/5855/3 6263/5854/3 6146/5853/3
f 6147/5855/3 6262/5856/3 6263/5854/3
f 6148/5857/3 6262/5856/3 6147/5855/3
f 6148/5857/3 6261/5858/3 6262/5856/3
f 6148/5857/3 6260/5859/3 6261/5858/3
f 6149/5860/3 6385/5861/3 6148/5857/3
f 6385/5861/3 6260/5859/3 6148/5857/3
f 6149/5860/3 6384/5862/3 6385/5861/3
f 6386/5863/3 6260/5859/3 6385/5861/3
f 6387/5864/3 6260/5859/3 6386/5863/3
f 6149/5860/3 6383/5865/3 6384/5862/3
f 6388/5866/3 6260/5859/3 6387/5864/3
f 6149/5860/3 6382/5867/3 6383/5865/3
f 6388/5866/3 6259/5868/3 6260/5859/3
f 6389/5869/3 6259/5868/3 6388/5866/3
f 6150/5870/3 6382/5867/3 6149/5860/3
f 6150/5870/3 6381/5871/3 6382/5867/3
f 6294/5872/3 6259/5868/3 6389/5869/3
f 6150/5870/3 6380/5873/3 6381/5871/3
f 6295/5874/3 6259/5868/3 6294/5872/3
f 6296/5875/3 6259/5868/3 6295/5874/3
f 6150/5870/3 6379/5876/3 6380/5873/3
f 6297/5877/3 6259/5868/3 6296/5875/3
f 6298/5878/3 6259/5868/3 6297/5877/3
f 6150/5870/3 6378/5879/3 6379/5876/3
f 6299/5880/3 6259/5868/3 6298/5878/3
f 6299/5880/3 6258/5881/3 6259/5868/3
f 6300/5882/3 6258/5881/3 6299/5880/3
f 6151/5883/3 6378/5879/3 6150/5870/3
f 6151/5883/3 6377/5884/3 6378/5879/3
f 6301/5885/3 6258/5881/3 6300/5882/3
f 6151/5883/3 6376/5886/3 6377/5884/3
f 6302/5887/3 6258/5881/3 6301/5885/3
f 6151/5883/3 6375/5888/3 6376/5886/3
f 6303/5889/3 6258/5881/3 6302/5887/3
f 6152/5890/3 6375/5888/3 6151/5883/3
f 6152/5890/3 6374/5891/3 6375/5888/3
f 6303/5889/3 6257/5892/3 6258/5881/3
f 6304/5893/3 6257/5892/3 6303/5889/3
f 6152/5890/3 6373/5894/3 6374/5891/3
f 6305/5895/3 6257/5892/3 6304/5893/3
f 6153/5896/3 6373/5894/3 6152/5890/3
f 6305/5895/3 6256/5897/3 6257/5892/3
f 6306/5898/3 6256/5897/3 6305/5895/3
f 6153/5896/3 6372/5899/3 6373/5894/3
f 6154/5900/3 6372/5899/3 6153/5896/3
f 6307/5901/3 6256/5897/3 6306/5898/3
f 6307/5901/3 6255/5902/3 6256/5897/3
f 6154/5900/3 6371/5903/3 6372/5899/3
f 6155/5904/3 6371/5903/3 6154/5900/3
f 6308/5905/3 6255/5902/3 6307/5901/3
f 6155/5904/3 6370/5906/3 6371/5903/3
f 6308/5905/3 6254/5907/3 6255/5902/3
f 6156/5908/3 6370/5906/3 6155/5904/3
f 6309/5909/3 6254/5907/3 6308/5905/3
f 6156/5908/3 6369/5910/3 6370/5906/3
f 6157/5911/3 6369/5910/3 6156/5908/3
f 6309/5909/3 6253/5912/3 6254/5907/3
f 6158/5913/3 6369/5910/3 6157/5911/3
f 6310/5914/3 6253/5912/3 6309/5909/3
f 6158/5913/3 6368/5915/3 6369/5910/3
f 6310/5914/3 6252/5916/3 6253/5912/3
f 6159/5917/3 6368/5915/3 6158/5913/3
f 6311/5918/3 6252/5916/3 6310/5914/3
f 6159/5917/3 6367/5919/3 6368/5915/3
f 6311/5918/3 6251/5920/3 6252/5916/3
f 6160/5921/3 6367/5919/3 6159/5917/3
f 6161/5922/3 6367/5919/3 6160/5921/3
f 6311/5918/3 6250/5923/3 6251/5920/3
f 6312/5924/3 6250/5923/3 6311/5918/3
f 6161/5922/3 6366/5925/3 6367/5919/3
f 6162/5926/3 6366/5925/3 6161/5922/3
f 6312/5924/3 6249/5927/3 6250/5923/3
f 6313/5928/3 6249/5927/3 6312/5924/3
f 6163/5929/3 6366/5925/3 6162/5926/3
f 6163/5929/3 6365/5930/3 6366/5925/3
f 6313/5928/3 6248/5931/3 6249/5927/3
f 6164/5932/3 6365/5930/3 6163/5929/3
f 6314/5933/3 6248/5931/3 6313/5928/3
f 6164/5932/3 6364/5934/3 6365/5930/3
f 6314/5933/3 6247/5935/3 6248/5931/3
f 6165/5936/3 6364/5934/3 6164/5932/3
f 6314/5933/3 6246/5937/3 6247/5935/3
f 6315/5938/3 6246/5937/3 6314/5933/3
f 6165/5936/3 6363/5939/3 6364/5934/3
f 6166/5940/3 6363/5939/3 6165/5936/3
f 6315/5938/3 6245/5941/3 6246/5937/3
f 6167/5942/3 6363/5939/3 6166/5940/3
f 6167/5942/3 6362/5943/3 6363/5939/3
f 6316/5944/3 6245/5941/3 6315/5938/3
f 6316/5944/3 6244/5945/3 6245/5941/3
f 6316/5944/3 6243/5946/3 6244/5945/3
f 6168/5947/3 6362/5943/3 6167/5942/3
f 6168/5947/3 6361/5948/3 6362/5943/3
f 6316/5944/3 6242/5949/3 6243/5946/3
f 6317/5950/3 6242/5949/3 6316/5944/3
f 6169/5951/3 6361/5948/3 6168/5947/3
f 6317/5950/3 6241/5952/3 6242/5949/3
f 6169/5951/3 6360/5953/3 6361/5948/3
f 6317/5950/3 6240/5954/3 6241/5952/3
f 6170/5955/3 6360/5953/3 6169/5951/3
f 6318/5956/3 6240/5954/3 6317/5950/3
f 6318/5956/3 6239/5957/3 6240/5954/3
f 6170/5955/3 6359/5958/3 6360/5953/3
f 6171/5959/3 6359/5958/3 6170/5955/3
f 6318/5956/3 6238/5960/3 6239/5957/3
f 6319/5961/3 6238/5960/3 6318/5956/3
f 6171/5959/3 6358/5962/3 6359/5958/3
f 6320/5963/3 6238/5960/3 6319/5961/3
f 6320/5963/3 6237/5964/3 6238/5960/3
f 6321/5965/3 6237/5964/3 6320/5963/3
f 6172/5966/3 6358/5962/3 6171/5959/3
f 6321/5965/3 6236/5967/3 6237/5964/3
f 6322/5968/3 6236/5967/3 6321/5965/3
f 6172/5966/3 6357/5969/3 6358/5962/3
f 6323/5970/3 6236/5967/3 6322/5968/3
f 6323/5970/3 6235/5971/3 6236/5967/3
f 6173/5972/3 6357/5969/3 6172/5966/3
f 6324/5973/3 6235/5971/3 6323/5970/3
f 6324/5973/3 6234/5974/3 6235/5971/3
f 6173/5972/3 6356/5975/3 6357/5969/3
f 6324/5973/3 6233/5976/3 6234/5974/3
f 6325/5977/3 6233/5976/3 6324/5973/3
f 6326/5978/3 6233/5976/3 6325/5977/3
f 6173/5972/3 6355/5979/3 6356/5975/3
f 6174/5980/3 6355/5979/3 6173/5972/3
f 6327/5981/3 6233/5976/3 6326/5978/3
f 6327/5981/3 6232/5982/3 6233/5976/3
f 6174/5980/3 6354/5983/3 6355/5979/3
f 6328/5984/3 6232/5982/3 6327/5981/3
f 6174/5980/3 6353/5985/3 6354/5983/3
f 6175/5986/3 6353/5985/3 6174/5980/3
f 6329/5987/3 6232/5982/3 6328/5984/3
f 6175/5986/3 6352/5988/3 6353/5985/3
f 6330/5989/3 6232/5982/3 6329/5987/3
f 6331/5990/3 6232/5982/3 6330/5989/3
f 6175/5986/3 6351/5991/3 6352/5988/3
f 6331/5990/3 6231/5992/3 6232/5982/3
f 6332/5993/3 6231/5992/3 6331/5990/3
f 6175/5986/3 6350/5994/3 6351/5991/3
f 6333/5995/3 6231/5992/3 6332/5993/3
f 6176/5996/3 6350/5994/3 6175/5986/3
f 6334/5997/3 6231/5992/3 6333/5995/3
f 6176/5996/3 6349/5998/3 6350/5994/3
f 6335/5999/3 6231/5992/3 6334/5997/3
f 6176/5996/3 6348/6000/3 6349/5998/3
f 6336/6001/3 6231/5992/3 6335/5999/3
f 6176/5996/3 6347/6002/3 6348/6000/3
f 6337/6003/3 6231/5992/3 6336/6001/3
f 6176/5996/3 6346/6004/3 6347/6002/3
f 6338/6005/3 6231/5992/3 6337/6003/3
f 6338/6005/3 6230/6006/3 6231/5992/3
f 6176/5996/3 6345/6007/3 6346/6004/3
f 6177/6008/3 6345/6007/3 6176/5996/3
f 6339/6009/3 6230/6006/3 6338/6005/3
f 6177/6008/3 6344/6010/3 6345/6007/3
f 6340/6011/3 6230/6006/3 6339/6009/3
f 6177/6008/3 6343/6012/3 6344/6010/3
f 6341/6013/3 6230/6006/3 6340/6011/3
f 6177/6008/3 6342/6014/3 6343/6012/3
f 6342/6014/3 6230/6006/3 6341/6013/3
f 6177/6008/3 6230/6006/3 6342/6014/3
f 6178/6015/3 6230/6006/3 6177/6008/3
f 6178/6015/3 6229/6016/3 6230/6006/3
f 6179/6017/3 6229/6016/3 6178/6015/3
f 6179/6017/3 6228/6018/3 6229/6016/3
f 6180/6019/3 6228/6018/3 6179/6017/3
f 6180/6019/3 6227/6020/3 6228/6018/3
f 6181/6021/3 6227/6020/3 6180/6019/3
f 6181/6021/3 6226/6022/3 6227/6020/3
f 6182/6023/3 6226/6022/3 6181/6021/3
f 6183/6024/3 6226/6022/3 6182/6023/3
f 6183/6024/3 6225/6025/3 6226/6022/3
f 6184/6026/3 6225/6025/3 6183/6024/3
f 6184/6026/3 6224/6027/3 6225/6025/3
f 6185/6028/3 6224/6027/3 6184/6026/3
f 6185/6028/3 6223/6029/3 6224/6027/3
f 6186/6030/3 6223/6029/3 6185/6028/3
f 6186/6030/3 6222/6031/3 6223/6029/3
f 6187/6032/3 6222/6031/3 6186/6030/3
f 6187/6032/3 6221/6033/3 6222/6031/3
f 6188/6034/3 6221/6033/3 6187/6032/3
f 6188/6034/3 6220/6035/3 6221/6033/3
f 6189/6036/3 6220/6035/3 6188/6034/3
f 6189/6036/3 6219/6037/3 6220/6035/3
f 6190/6038/3 6219/6037/3 6189/6036/3
f 6190/6038/3 6218/6039/3 6219/6037/3
f 6191/6040/3 6218/6039/3 6190/6038/3
f 6191/6040/3 6217/6041/3 6218/6039/3
f 6192/6042/3 6217/6041/3 6191/6040/3
f 6192/6042/3 6216/6043/3 6217/6041/3
f 6193/6044/3 6216/6043/3 6192/6042/3
f 6193/6044/3 6215/6045/3 6216/6043/3
f 6194/6046/3 6215/6045/3 6193/6044/3
f 6194/6046/3 6214/6047/3 6215/6045/3
f 6195/6048/3 6214/6047/3 6194/6046/3
f 6195/6048/3 6213/6049/3 6214/6047/3
f 6196/6050/3 6213/6049/3 6195/6048/3
f 6196/6050/3 6212/6051/3 6213/6049/3
f 6197/6052/3 6212/6051/3 6196/6050/3
f 6197/6052/3 6211/6053/3 6212/6051/3
f 6198/6054/3 6211/6053/3 6197/6052/3
f 6198/6054/3 6210/6055/3 6211/6053/3
f 6199/6056/3 6210/6055/3 6198/6054/3
f 6199/6056/3 6209/6057/3 6210/6055/3
f 6200/6058/3 6209/6057/3 6199/6056/3
f 6200/6058/3 6208/6059/3 6209/6057/3
f 6201/6060/3 6208/6059/3 6200/6058/3
f 6201/6060/3 6207/6061/3 6208/6059/3
f 6202/6062/3 6207/6061/3 6201/6060/3
f 6202/6062/3 6206/6063/3 6207/6061/3
f 6203/6064/3 6206/6063/3 6202/6062/3
f 6203/6064/3 6205/6065/3 6206/6063/3
f 6204/6066/3 6205/6065/3 6203/6064/3
f 6715/6067/3 6713/6068/3 6714/6069/3
f 6715/6067/3 6712/6070/3 6713/6068/3
f 6716/6071/3 6712/6070/3 6715/6067/3
f 6716/6071/3 6711/6072/3 6712/6070/3
f 6717/6073/3 6711/6072/3 6716/6071/3
f 6717/6073/3 6710/6074/3 6711/6072/3
f 6718/6075/3 6710/6074/3 6717/6073/3
f 6718/6075/3 6709/6076/3 6710/6074/3
f 6719/6077/3 6709/6076/3 6718/6075/3
f 6719/6077/3 6708/6078/3 6709/6076/3
f 6390/6079/3 6708/6078/3 6719/6077/3
f 6390/6079/3 6707/6080/3 6708/6078/3
f 6391/6081/3 6707/6080/3 6390/6079/3
f 6391/6081/3 6706/6082/3 6707/6080/3
f 6392/6083/3 6706/6082/3 6391/6081/3
f 6393/6084/3 6706/6082/3 6392/6083/3
f 6393/6084/3 6705/6085/3 6706/6082/3
f 6394/6086/3 6705/6085/3 6393/6084/3
f 6395/6087/3 6705/6085/3 6394/6086/3
f 6395/6087/3 6704/6088/3 6705/6085/3
f 6396/6089/3 6704/6088/3 6395/6087/3
f 6397/6090/3 6704/6088/3 6396/6089/3
f 6397/6090/3 6703/6091/3 6704/6088/3
f 6398/6092/3 6703/6091/3 6397/6090/3
f 6399/6093/3 6703/6091/3 6398/6092/3
f 6399/6093/3 6702/6094/3 6703/6091/3
f 6400/6095/3 6702/6094/3 6399/6093/3
f 6401/6096/3 6702/6094/3 6400/6095/3
f 6401/6096/3 6701/6097/3 6702/6094/3
f 6402/6098/3 6701/6097/3 6401/6096/3
f 6402/6098/3 6700/6099/3 6701/6097/3
f 6403/6100/3 6700/6099/3 6402/6098/3
f 6404/6101/3 6700/6099/3 6403/6100/3
f 6404/6101/3 6699/6102/3 6700/6099/3
f 6405/6103/3 6699/6102/3 6404/6101/3
f 6405/6103/3 6698/6104/3 6699/6102/3
f 6406/6105/3 6698/6104/3 6405/6103/3
f 6406/6105/3 6697/6106/3 6698/6104/3
f 6407/6107/3 6697/6106/3 6406/6105/3
f 6407/6107/3 6696/6108/3 6697/6106/3
f 6408/6109/3 6696/6108/3 6407/6107/3
f 6408/6109/3 6695/6110/3 6696/6108/3
f 6409/6111/3 6695/6110/3 6408/6109/3
f 6410/6112/3 6695/6110/3 6409/6111/3
f 6410/6112/3 6694/6113/3 6695/6110/3
f 6411/6114/3 6694/6113/3 6410/6112/3
f 6411/6114/3 6693/6115/3 6694/6113/3
f 6412/6116/3 6693/6115/3 6411/6114/3
f 6412/6116/3 6692/6117/3 6693/6115/3
f 6413/6118/3 6692/6117/3 6412/6116/3
f 6414/6119/3 6692/6117/3 6413/6118/3
f 6414/6119/3 6691/6120/3 6692/6117/3
f 6415/6121/3 6691/6120/3 6414/6119/3
f 6415/6121/3 6690/6122/3 6691/6120/3
f 6416/6123/3 6690/6122/3 6415/6121/3
f 6416/6123/3 6689/6124/3 6690/6122/3
f 6417/6125/3 6689/6124/3 6416/6123/3
f 6418/6126/3 6689/6124/3 6417/6125/3
f 6418/6126/3 6688/6127/3 6689/6124/3
f 6419/6128/3 6651/6129/3 6418/6126/3
f 6651/6129/3 6688/6127/3 6418/6126/3
f 6419/6128/3 6650/6130/3 6651/6129/3
f 6652/6131/3 6688/6127/3 6651/6129/3
f 6419/6128/3 6649/6132/3 6650/6130/3
f 6653/6133/3 6688/6127/3 6652/6131/3
f 6419/6128/3 6648/6134/3 6649/6132/3
f 6653/6133/3 6687/6135/3 6688/6127/3
f 6654/6136/3 6687/6135/3 6653/6133/3
f 6420/6137/3 6648/6134/3 6419/6128/3
f 6420/6137/3 6647/6138/3 6648/6134/3
f 6655/6139/3 6687/6135/3 6654/6136/3
f 6420/6137/3 6646/6140/3 6647/6138/3
f 6656/6141/3 6687/6135/3 6655/6139/3
f 6421/6142/3 6646/6140/3 6420/6137/3
f 6421/6142/3 6645/6143/3 6646/6140/3
f 6657/6144/3 6687/6135/3 6656/6141/3
f 6657/6144/3 6686/6145/3 6687/6135/3
f 6421/6142/3 6644/6146/3 6645/6143/3
f 6422/6147/3 6644/6146/3 6421/6142/3
f 6658/6148/3 6686/6145/3 6657/6144/3
f 6422/6147/3 6643/6149/3 6644/6146/3
f 6659/6150/3 6686/6145/3 6658/6148/3
f 6422/6147/3 6642/6151/3 6643/6149/3
f 6660/6152/3 6686/6145/3 6659/6150/3
f 6422/6147/3 6641/6153/3 6642/6151/3
f 6661/6154/3 6686/6145/3 6660/6152/3
f 6422/6147/3 6640/6155/3 6641/6153/3
f 6423/6156/3 6640/6155/3 6422/6147/3
f 6423/6156/3 6639/6157/3 6640/6155/3
f 6661/6154/3 6685/6158/3 6686/6145/3
f 6662/6159/3 6685/6158/3 6661/6154/3
f 6423/6156/3 6638/6160/3 6639/6157/3
f 6663/6161/3 6685/6158/3 6662/6159/3
f 6423/6156/3 6637/6162/3 6638/6160/3
f 6664/6163/3 6685/6158/3 6663/6161/3
f 6423/6156/3 6636/6164/3 6637/6162/3
f 6424/6165/3 6636/6164/3 6423/6156/3
f 6424/6165/3 6635/6166/3 6636/6164/3
f 6665/6167/3 6685/6158/3 6664/6163/3
f 6665/6167/3 6684/6168/3 6685/6158/3
f 6424/6165/3 6634/6169/3 6635/6166/3
f 6666/6170/3 6684/6168/3 6665/6167/3
f 6425/6171/3 6634/6169/3 6424/6165/3
f 6425/6171/3 6633/6172/3 6634/6169/3
f 6667/6173/3 6684/6168/3 6666/6170/3
f 6425/6171/3 6632/6174/3 6633/6172/3
f 6668/6175/3 6684/6168/3 6667/6173/3
f 6426/6176/3 6632/6174/3 6425/6171/3
f 6669/6177/3 6684/6168/3 6668/6175/3
f 6669/6177/3 6683/6178/3 6684/6168/3
f 6426/6176/3 6631/6179/3 6632/6174/3
f 6670/6180/3 6683/6178/3 6669/6177/3
f 6671/6181/3 6683/6178/3 6670/6180/3
f 6672/6182/3 6683/6178/3 6671/6181/3
f 6426/6176/3 6630/6183/3 6631/6179/3
f 6673/6184/3 6683/6178/3 6672/6182/3
f 6427/6185/3 6630/6183/3 6426/6176/3
f 6674/6186/3 6683/6178/3 6673/6184/3
f 6427/6185/3 6629/6187/3 6630/6183/3
f 6675/6188/3 6683/6178/3 6674/6186/3
f 6427/6185/3 6628/6189/3 6629/6187/3
f 6676/6190/3 6683/6178/3 6675/6188/3
f 6428/6191/3 6628/6189/3 6427/6185/3
f 6428/6191/3 6627/6192/3 6628/6189/3
f 6677/6193/3 6683/6178/3 6676/6190/3
f 6428/6191/3 6626/6194/3 6627/6192/3
f 6678/6195/3 6683/6178/3 6677/6193/3
f 6428/6191/3 6625/6196/3 6626/6194/3
f 6679/6197/3 6683/6178/3 6678/6195/3
f 6429/6198/3 6625/6196/3 6428/6191/3
f 6680/6199/3 6683/6178/3 6679/6197/3
f 6429/6198/3 6624/6200/3 6625/6196/3
f 6681/6201/3 6683/6178/3 6680/6199/3
f 6682/6202/3 6683/6178/3 6681/6201/3
f 6429/6198/3 6623/6203/3 6624/6200/3
f 6429/6198/3 6622/6204/3 6623/6203/3
f 6430/6205/3 6622/6204/3 6429/6198/3
f 6430/6205/3 6621/6206/3 6622/6204/3
f 6430/6205/3 6620/6207/3 6621/6206/3
f 6430/6205/3 6619/6208/3 6620/6207/3
f 6431/6209/3 6619/6208/3 6430/6205/3
f 6431/6209/3 6618/6210/3 6619/6208/3
f 6431/6209/3 6617/6211/3 6618/6210/3
f 6431/6209/3 6616/6212/3 6617/6211/3
f 6431/6209/3 6615/6213/3 6616/6212/3
f 6432/6214/3 6615/6213/3 6431/6209/3
f 6432/6214/3 6614/6215/3 6615/6213/3
f 6432/6214/3 6613/6216/3 6614/6215/3
f 6432/6214/3 6612/6217/3 6613/6216/3
f 6432/6214/3 6611/6218/3 6612/6217/3
f 6433/6219/3 6611/6218/3 6432/6214/3
f 6433/6219/3 6610/6220/3 6611/6218/3
f 6433/6219/3 6609/6221/3 6610/6220/3
f 6433/6219/3 6608/6222/3 6609/6221/3
f 6433/6219/3 6607/6223/3 6608/6222/3
f 6434/6224/3 6607/6223/3 6433/6219/3
f 6434/6224/3 6606/6225/3 6607/6223/3
f 6434/6224/3 6605/6226/3 6606/6225/3
f 6434/6224/3 6604/6227/3 6605/6226/3
f 6435/6228/3 6604/6227/3 6434/6224/3
f 6435/6228/3 6603/6229/3 6604/6227/3
f 6435/6228/3 6602/6230/3 6603/6229/3
f 6435/6228/3 6601/6231/3 6602/6230/3
f 6436/6232/3 6601/6231/3 6435/6228/3
f 6436/6232/3 6600/6233/3 6601/6231/3
f 6436/6232/3 6599/6234/3 6600/6233/3
f 6436/6232/3 6598/6235/3 6599/6234/3
f 6436/6232/3 6597/6236/3 6598/6235/3
f 6437/6237/3 6597/6236/3 6436/6232/3
f 6437/6237/3 6596/6238/3 6597/6236/3
f 6438/6239/3 6596/6238/3 6437/6237/3
f 6438/6239/3 6595/6240/3 6596/6238/3
f 6439/6241/3 6595/6240/3 6438/6239/3
f 6439/6241/3 6594/6242/3 6595/6240/3
f 6440/6243/3 6594/6242/3 6439/6241/3
f 6440/6243/3 6593/6244/3 6594/6242/3
f 6441/6245/3 6593/6244/3 6440/6243/3
f 6442/6246/3 6593/6244/3 6441/6245/3
f 6442/6246/3 6592/6247/3 6593/6244/3
f 6443/6248/3 6592/6247/3 6442/6246/3
f 6443/6248/3 6591/6249/3 6592/6247/3
f 6444/6250/3 6591/6249/3 6443/6248/3
f 6445/6251/3 6591/6249/3 6444/6250/3
f 6445/6251/3 6590/6252/3 6591/6249/3
f 6446/6253/3 6590/6252/3 6445/6251/3
f 6446/6253/3 6589/6254/3 6590/6252/3
f 6447/6255/3 6589/6254/3 6446/6253/3
f 6447/6255/3 6588/6256/3 6589/6254/3
f 6448/6257/3 6588/6256/3 6447/6255/3
f 6448/6257/3 6587/6258/3 6588/6256/3
f 6449/6259/3 6587/6258/3 6448/6257/3
f 6449/6259/3 6586/6260/3 6587/6258/3
f 6449/6259/3 6585/6261/3 6586/6260/3
f 6450/6262/3 6585/6261/3 6449/6259/3
f 6450/6262/3 6584/6263/3 6585/6261/3
f 6451/6264/3 6584/6263/3 6450/6262/3
f 6451/6264/3 6583/6265/3 6584/6263/3
f 6451/6264/3 6582/6266/3 6583/6265/3
f 6452/6267/3 6582/6266/3 6451/6264/3
f 6452/6267/3 6581/6268/3 6582/6266/3
f 6453/6269/3 6581/6268/3 6452/6267/3
f 6453/6269/3 6580/6270/3 6581/6268/3
f 6454/6271/3 6580/6270/3 6453/6269/3
f 6454/6271/3 6579/6272/3 6580/6270/3
f 6455/6273/3 6579/6272/3 6454/6271/3
f 6513/6274/3 6511/6275/3 6512/6276/3
f 6513/6274/3 6510/6277/3 6511/6275/3
f 6513/6274/3 6509/6278/3 6510/6277/3
f 6456/6279/3 6579/6272/3 6455/6273/3
f 6513/6274/3 6508/6280/3 6509/6278/3
f 6456/6279/3 6578/6281/3 6579/6272/3
f 6513/6274/3 6507/6282/3 6508/6280/3
f 6457/6283/3 6578/6281/3 6456/6279/3
f 6513/6274/3 6506/6284/3 6507/6282/3
f 6513/6274/3 6505/6285/3 6506/6284/3
f 6458/6286/3 6578/6281/3 6457/6283/3
f 6458/6286/3 6577/6287/3 6578/6281/3
f 6513/6274/3 6504/6288/3 6505/6285/3
f 6459/6289/3 6577/6287/3 6458/6286/3
f 6513/6274/3 6503/6290/3 6504/6288/3
f 6459/6289/3 6576/6291/3 6577/6287/3
f 6460/6292/3 6576/6291/3 6459/6289/3
f 6513/6274/3 6502/6293/3 6503/6290/3
f 6514/6294/3 6502/6293/3 6513/6274/3
f 6514/6294/3 6501/6295/3 6502/6293/3
f 6461/6296/3 6576/6291/3 6460/6292/3
f 6461/6296/3 6575/6297/3 6576/6291/3
f 6514/6294/3 6500/6298/3 6501/6295/3
f 6514/6294/3 6499/6299/3 6500/6298/3
f 6462/6300/3 6575/6297/3 6461/6296/3
f 6515/6301/3 6499/6299/3 6514/6294/3
f 6515/6301/3 6498/6302/3 6499/6299/3
f 6515/6301/3 6497/6303/3 6498/6302/3
f 6462/6300/3 6574/6304/3 6575/6297/3
f 6463/6305/3 6574/6304/3 6462/6300/3
f 6516/6306/3 6497/6303/3 6515/6301/3
f 6516/6306/3 6496/6307/3 6497/6303/3
f 6463/6305/3 6573/6308/3 6574/6304/3
f 6464/6309/3 6573/6308/3 6463/6305/3
f 6516/6306/3 6495/6310/3 6496/6307/3
f 6517/6311/3 6495/6310/3 6516/6306/3
f 6465/6312/3 6573/6308/3 6464/6309/3
f 6465/6312/3 6572/6313/3 6573/6308/3
f 6517/6311/3 6494/6314/3 6495/6310/3
f 6466/6315/3 6572/6313/3 6465/6312/3
f 6518/6316/3 6494/6314/3 6517/6311/3
f 6518/6316/3 6493/6317/3 6494/6314/3
f 6467/6318/3 6572/6313/3 6466/6315/3
f 6467/6318/3 6571/6319/3 6572/6313/3
f 6519/6320/3 6493/6317/3 6518/6316/3
f 6519/6320/3 6492/6321/3 6493/6317/3
f 6468/6322/3 6571/6319/3 6467/6318/3
f 6519/6320/3 6491/6323/3 6492/6321/3
f 6469/6324/3 6571/6319/3 6468/6322/3
f 6469/6324/3 6570/6325/3 6571/6319/3
f 6520/6326/3 6491/6323/3 6519/6320/3
f 6520/6326/3 6490/6327/3 6491/6323/3
f 6470/6328/3 6570/6325/3 6469/6324/3
f 6520/6326/3 6489/6329/3 6490/6327/3
f 6471/6330/3 6570/6325/3 6470/6328/3
f 6520/6326/3 6488/6331/3 6489/6329/3
f 6521/6332/3 6488/6331/3 6520/6326/3
f 6471/6330/3 6569/6333/3 6570/6325/3
f 6472/6334/3 6569/6333/3 6471/6330/3
f 6521/6332/3 6487/6335/3 6488/6331/3
f 6521/6332/3 6486/6336/3 6487/6335/3
f 6473/6337/3 6569/6333/3 6472/6334/3
f 6521/6332/3 6485/6338/3 6486/6336/3
f 6474/6339/3 6569/6333/3 6473/6337/3
f 6521/6332/3 6484/6340/3 6485/6338/3
f 6521/6332/3 6483/6341/3 6484/6340/3
f 6522/6342/3 6483/6341/3 6521/6332/3
f 6475/6343/3 6569/6333/3 6474/6339/3
f 6522/6342/3 6482/6344/3 6483/6341/3
f 6475/6343/3 6568/6345/3 6569/6333/3
f 6476/6346/3 6568/6345/3 6475/6343/3
f 6522/6342/3 6481/6347/3 6482/6344/3
f 6477/6348/3 6568/6345/3 6476/6346/3
f 6522/6342/3 6480/6349/3 6481/6347/3
f 6478/6350/3 6568/6345/3 6477/6348/3
f 6522/6342/3 6479/6351/3 6480/6349/3
f 6479/6351/3 6568/6345/3 6478/6350/3
f 6522/6342/3 6568/6345/3 6479/6351/3
f 6523/6352/3 6568/6345/3 6522/6342/3
f 6523/6352/3 6567/6353/3 6568/6345/3
f 6524/6354/3 6567/6353/3 6523/6352/3
f 6524/6354/3 6566/6355/3 6567/6353/3
f 6525/6356/3 6566/6355/3 6524/6354/3
f 6525/6356/3 6565/6357/3 6566/6355/3
f 6526/6358/3 6565/6357/3 6525/6356/3
f 6526/6358/3 6564/6359/3 6565/6357/3
f 6527/6360/3 6564/6359/3 6526/6358/3
f 6527/6360/3 6563/6361/3 6564/6359/3
f 6528/6362/3 6563/6361/3 6527/6360/3
f 6528/6362/3 6562/6363/3 6563/6361/3
f 6529/6364/3 6562/6363/3 6528/6362/3
f 6529/6364/3 6561/6365/3 6562/6363/3
f 6530/6366/3 6561/6365/3 6529/6364/3
f 6530/6366/3 6560/6367/3 6561/6365/3
f 6530/6366/3 6559/6368/3 6560/6367/3
f 6531/6369/3 6559/6368/3 6530/6366/3
f 6531/6369/3 6558/6370/3 6559/6368/3
f 6532/6371/3 6558/6370/3 6531/6369/3
f 6532/6371/3 6557/6372/3 6558/6370/3
f 6532/6371/3 6556/6373/3 6557/6372/3
f 6533/6374/3 6556/6373/3 6532/6371/3
f 6533/6374/3 6555/6375/3 6556/6373/3
f 6534/6376/3 6555/6375/3 6533/6374/3
f 6534/6376/3 6554/6377/3 6555/6375/3
f 6534/6376/3 6553/6378/3 6554/6377/3
f 6535/6379/3 6553/6378/3 6534/6376/3
f 6535/6379/3 6552/6380/3 6553/6378/3
f 6536/6381/3 6552/6380/3 6535/6379/3
f 6536/6381/3 6551/6382/3 6552/6380/3
f 6537/6383/3 6551/6382/3 6536/6381/3
f 6537/6383/3 6550/6384/3 6551/6382/3
f 6537/6383/3 6549/6385/3 6550/6384/3
f 6538/6386/3 6549/6385/3 6537/6383/3
f 6538/6386/3 6548/6387/3 6549/6385/3
f 6539/6388/3 6548/6387/3 6538/6386/3
f 6539/6388/3 6547/6389/3 6548/6387/3
f 6540/6390/3 6547/6389/3 6539/6388/3
f 6540/6390/3 6546/6391/3 6547/6389/3
f 6541/6392/3 6546/6391/3 6540/6390/3
f 6541/6392/3 6545/6393/3 6546/6391/3
f 6542/6394/3 6545/6393/3 6541/6392/3
f 6542/6394/3 6544/6395/3 6545/6393/3
f 6543/6396/3 6544/6395/3 6542/6394/3
f 6720/6397/3 6852/6398/3 6853/6399/3
f 6720/6397/3 6851/6400/3 6852/6398/3
f 6720/6397/3 6850/6401/3 6851/6400/3
f 6791/6402/3 6789/6403/3 6790/6404/3
f 6791/6402/3 6788/6405/3 6789/6403/3
f 6791/6402/3 6787/6406/3 6788/6405/3
f 6720/6397/3 6849/6407/3 6850/6401/3
f 6720/6397/3 6848/6408/3 6849/6407/3
f 6720/6397/3 6847/6409/3 6848/6408/3
f 6720/6397/3 6846/6410/3 6847/6409/3
f 6720/6397/3 6845/6411/3 6846/6410/3
f 6720/6397/3 6844/6412/3 6845/6411/3
f 6720/6397/3 6843/6413/3 6844/6412/3
f 6720/6397/3 6842/6414/3 6843/6413/3
f 6720/6397/3 6841/6415/3 6842/6414/3
f 6720/6397/3 6840/6416/3 6841/6415/3
f 6720/6397/3 6839/6417/3 6840/6416/3
f 6720/6397/3 6838/6418/3 6839/6417/3
f 6720/6397/3 6837/6419/3 6838/6418/3
f 6720/6397/3 6836/6420/3 6837/6419/3
f 6720/6397/3 6835/6421/3 6836/6420/3
f 6720/6397/3 6834/6422/3 6835/6421/3
f 6720/6397/3 6833/6423/3 6834/6422/3
f 6720/6397/3 6832/6424/3 6833/6423/3
f 6720/6397/3 6831/6425/3 6832/6424/3
f 6720/6397/3 6830/6426/3 6831/6425/3
f 6720/6397/3 6829/6427/3 6830/6426/3
f 6720/6397/3 6828/6428/3 6829/6427/3
f 6720/6397/3 6827/6429/3 6828/6428/3
f 6720/6397/3 6826/6430/3 6827/6429/3
f 6720/6397/3 6825/6431/3 6826/6430/3
f 6792/6432/3 6787/6406/3 6791/6402/3
f 6793/6433/3 6787/6406/3 6792/6432/3
f 6720/6397/3 6824/6434/3 6825/6431/3
f 6794/6435/3 6787/6406/3 6793/6433/3
f 6720/6397/3 6823/6436/3 6824/6434/3
f 6795/6437/3 6787/6406/3 6794/6435/3
f 6720/6397/3 6822/6438/3 6823/6436/3
f 6796/6439/3 6787/6406/3 6795/6437/3
f 6720/6397/3 6821/6440/3 6822/6438/3
f 6797/6441/3 6787/6406/3 6796/6439/3
f 6720/6397/3 6820/6442/3 6821/6440/3
f 6798/6443/3 6787/6406/3 6797/6441/3
f 6720/6397/3 6819/6444/3 6820/6442/3
f 6799/6445/3 6787/6406/3 6798/6443/3
f 6720/6397/3 6818/6446/3 6819/6444/3
f 6800/6447/3 6787/6406/3 6799/6445/3
f 6720/6397/3 6817/6448/3 6818/6446/3
f 6720/6397/3 6816/6449/3 6817/6448/3
f 6801/6450/3 6787/6406/3 6800/6447/3
f 6720/6397/3 6815/6451/3 6816/6449/3
f 6720/6397/3 6814/6452/3 6815/6451/3
f 6720/6397/3 6813/6453/3 6814/6452/3
f 6802/6454/3 6787/6406/3 6801/6450/3
f 6720/6397/3 6812/6455/3 6813/6453/3
f 6720/6397/3 6811/6456/3 6812/6455/3
f 6720/6397/3 6810/6457/3 6811/6456/3
f 6720/6397/3 6809/6458/3 6810/6457/3
f 6720/6397/3 6808/6459/3 6809/6458/3
f 6720/6397/3 6807/6460/3 6808/6459/3
f 6803/6461/3 6787/6406/3 6802/6454/3
f 6720/6397/3 6806/6462/3 6807/6460/3
f 6720/6397/3 6805/6463/3 6806/6462/3
f 6720/6397/3 6804/6464/3 6805/6463/3
f 6720/6397/3 6803/6461/3 6804/6464/3
f 6720/6397/3 6787/6406/3 6803/6461/3
f 6721/6465/3 6731/6466/3 6720/6397/3
f 6731/6466/3 6732/6467/3 6720/6397/3
f 6732/6467/3 6787/6406/3 6720/6397/3
f 6732/6467/3 6786/6468/3 6787/6406/3
f 6733/6469/3 6786/6468/3 6732/6467/3
f 6721/6465/3 6730/6470/3 6731/6466/3
f 6734/6471/3 6786/6468/3 6733/6469/3
f 6721/6465/3 6729/6472/3 6730/6470/3
f 6735/6473/3 6786/6468/3 6734/6471/3
f 6736/6474/3 6786/6468/3 6735/6473/3
f 6721/6465/3 6728/6475/3 6729/6472/3
f 6737/6476/3 6786/6468/3 6736/6474/3
f 6738/6477/3 6786/6468/3 6737/6476/3
f 6739/6478/3 6786/6468/3 6738/6477/3
f 6721/6465/3 6727/6479/3 6728/6475/3
f 6740/6480/3 6786/6468/3 6739/6478/3
f 6741/6481/3 6786/6468/3 6740/6480/3
f 6742/6482/3 6786/6468/3 6741/6481/3
f 6743/6483/3 6786/6468/3 6742/6482/3
f 6721/6465/3 6726/6484/3 6727/6479/3
f 6744/6485/3 6786/6468/3 6743/6483/3
f 6745/6486/3 6786/6468/3 6744/6485/3
f 6746/6487/3 6786/6468/3 6745/6486/3
f 6747/6488/3 6786/6468/3 6746/6487/3
f 6748/6489/3 6786/6468/3 6747/6488/3
f 6721/6465/3 6725/6490/3 6726/6484/3
f 6749/6491/3 6786/6468/3 6748/6489/3
f 6750/6492/3 6786/6468/3 6749/6491/3
f 6751/6493/3 6786/6468/3 6750/6492/3
f 6752/6494/3 6786/6468/3 6751/6493/3
f 6753/6495/3 6786/6468/3 6752/6494/3
f 6721/6465/3 6724/6496/3 6725/6490/3
f 6754/6497/3 6786/6468/3 6753/6495/3
f 6755/6498/3 6786/6468/3 6754/6497/3
f 6756/6499/3 6786/6468/3 6755/6498/3
f 6757/6500/3 6786/6468/3 6756/6499/3
f 6758/6501/3 6786/6468/3 6757/6500/3
f 6759/6502/3 6786/6468/3 6758/6501/3
f 6760/6503/3 6786/6468/3 6759/6502/3
f 6761/6504/3 6786/6468/3 6760/6503/3
f 6721/6465/3 6723/6505/3 6724/6496/3
f 6762/6506/3 6786/6468/3 6761/6504/3
f 6763/6507/3 6786/6468/3 6762/6506/3
f 6764/6508/3 6786/6468/3 6763/6507/3
f 6765/6509/3 6786/6468/3 6764/6508/3
f 6766/6510/3 6786/6468/3 6765/6509/3
f 6767/6511/3 6786/6468/3 6766/6510/3
f 6768/6512/3 6786/6468/3 6767/6511/3
f 6769/6513/3 6786/6468/3 6768/6512/3
f 6770/6514/3 6786/6468/3 6769/6513/3
f 6771/6515/3 6786/6468/3 6770/6514/3
f 6772/6516/3 6786/6468/3 6771/6515/3
f 6773/6517/3 6786/6468/3 6772/6516/3
f 6774/6518/3 6786/6468/3 6773/6517/3
f 6775/6519/3 6786/6468/3 6774/6518/3
f 6776/6520/3 6786/6468/3 6775/6519/3
f 6777/6521/3 6786/6468/3 6776/6520/3
f 6778/6522/3 6786/6468/3 6777/6521/3
f 6779/6523/3 6786/6468/3 6778/6522/3
f 6780/6524/3 6786/6468/3 6779/6523/3
f 6781/6525/3 6786/6468/3 6780/6524/3
f 6782/6526/3 6786/6468/3 6781/6525/3
f 6783/6527/3 6786/6468/3 6782/6526/3
f 6784/6528/3 6786/6468/3 6783/6527/3
f 6785/6529/3 6786/6468/3 6784/6528/3
f 6722/6530/3 6723/6505/3 6721/6465/3
f 6854/6531/3 6952/6532/3 6953/6533/3
f 6901/6534/3 6899/6535/3 6900/6536/3
f 6901/6534/3 6898/6537/3 6899/6535/3
f 6901/6534/3 6897/6538/3 6898/6537/3
f 6854/6531/3 6951/6539/3 6952/6532/3
f 6854/6531/3 6950/6540/3 6951/6539/3
f 6854/6531/3 6949/6541/3 6950/6540/3
f 6854/6531/3 6948/6542/3 6949/6541/3
f 6854/6531/3 6947/6543/3 6948/6542/3
f 6854/6531/3 6946/6544/3 6947/6543/3
f 6854/6531/3 6945/6545/3 6946/6544/3
f 6854/6531/3 6944/6546/3 6945/6545/3
f 6854/6531/3 6943/6547/3 6944/6546/3
f 6854/6531/3 6942/6548/3 6943/6547/3
f 6854/6531/3 6941/6549/3 6942/6548/3
f 6854/6531/3 6940/6550/3 6941/6549/3
f 6854/6531/3 6939/6551/3 6940/6550/3
f 6854/6531/3 6938/6552/3 6939/6551/3
f 6854/6531/3 6937/6553/3 6938/6552/3
f 6854/6531/3 6936/6554/3 6937/6553/3
f 6854/6531/3 6935/6555/3 6936/6554/3
f 6854/6531/3 6934/6556/3 6935/6555/3
f 6854/6531/3 6933/6557/3 6934/6556/3
f 6854/6531/3 6932/6558/3 6933/6557/3
f 6854/6531/3 6931/6559/3 6932/6558/3
f 6854/6531/3 6930/6560/3 6931/6559/3
f 6854/6531/3 6929/6561/3 6930/6560/3
f 6854/6531/3 6928/6562/3 6929/6561/3
f 6854/6531/3 6927/6563/3 6928/6562/3
f 6854/6531/3 6926/6564/3 6927/6563/3
f 6854/6531/3 6925/6565/3 6926/6564/3
f 6854/6531/3 6924/6566/3 6925/6565/3
f 6854/6531/3 6923/6567/3 6924/6566/3
f 6854/6531/3 6922/6568/3 6923/6567/3
f 6854/6531/3 6921/6569/3 6922/6568/3
f 6854/6531/3 6920/6570/3 6921/6569/3
f 6854/6531/3 6919/6571/3 6920/6570/3
f 6854/6531/3 6918/6572/3 6919/6571/3
f 6854/6531/3 6917/6573/3 6918/6572/3
f 6854/6531/3 6916/6574/3 6917/6573/3
f 6854/6531/3 6915/6575/3 6916/6574/3
f 6902/6576/3 6897/6538/3 6901/6534/3
f 6854/6531/3 6914/6577/3 6915/6575/3
f 6854/6531/3 6913/6578/3 6914/6577/3
f 6854/6531/3 6912/6579/3 6913/6578/3
f 6854/6531/3 6911/6580/3 6912/6579/3
f 6854/6531/3 6910/6581/3 6911/6580/3
f 6854/6531/3 6909/6582/3 6910/6581/3
f 6854/6531/3 6908/6583/3 6909/6582/3
f 6854/6531/3 6907/6584/3 6908/6583/3
f 6854/6531/3 6906/6585/3 6907/6584/3
f 6854/6531/3 6905/6586/3 6906/6585/3
f 6854/6531/3 6904/6587/3 6905/6586/3
f 6854/6531/3 6903/6588/3 6904/6587/3
f 6854/6531/3 6902/6576/3 6903/6588/3
f 6854/6531/3 6897/6538/3 6902/6576/3
f 6855/6589/3 6867/6590/3 6854/6531/3
f 6867/6590/3 6897/6538/3 6854/6531/3
f 6867/6590/3 6868/6591/3 6897/6538/3
f 6868/6591/3 6896/6592/3 6897/6538/3
f 6855/6589/3 6866/6593/3 6867/6590/3
f 6869/6594/3 6896/6592/3 6868/6591/3
f 6855/6589/3 6865/6595/3 6866/6593/3
f 6870/6596/3 6896/6592/3 6869/6594/3
f 6871/6597/3 6896/6592/3 6870/6596/3
f 6855/6589/3 6864/6598/3 6865/6595/3
f 6872/6599/3 6896/6592/3 6871/6597/3
f 6855/6589/3 6863/6600/3 6864/6598/3
f 6855/6589/3 6862/6601/3 6863/6600/3
f 6873/6602/3 6896/6592/3 6872/6599/3
f 6855/6589/3 6861/6603/3 6862/6601/3
f 6874/6604/3 6896/6592/3 6873/6602/3
f 6855/6589/3 6860/6605/3 6861/6603/3
f 6875/6606/3 6896/6592/3 6874/6604/3
f 6855/6589/3 6859/6607/3 6860/6605/3
f 6855/6589/3 6858/6608/3 6859/6607/3
f 6876/6609/3 6896/6592/3 6875/6606/3
f 6877/6610/3 6896/6592/3 6876/6609/3
f 6855/6589/3 6857/6611/3 6858/6608/3
f 6878/6612/3 6896/6592/3 6877/6610/3
f 6879/6613/3 6896/6592/3 6878/6612/3
f 6880/6614/3 6896/6592/3 6879/6613/3
f 6881/6615/3 6896/6592/3 6880/6614/3
f 6882/6616/3 6896/6592/3 6881/6615/3
f 6883/6617/3 6896/6592/3 6882/6616/3
f 6884/6618/3 6896/6592/3 6883/6617/3
f 6885/6619/3 6896/6592/3 6884/6618/3
f 6886/6620/3 6896/6592/3 6885/6619/3
f 6887/6621/3 6896/6592/3 6886/6620/3
f 6888/6622/3 6896/6592/3 6887/6621/3
f 6889/6623/3 6896/6592/3 6888/6622/3
f 6890/6624/3 6896/6592/3 6889/6623/3
f 6891/6625/3 6896/6592/3 6890/6624/3
f 6892/6626/3 6896/6592/3 6891/6625/3
f 6893/6627/3 6896/6592/3 6892/6626/3
f 6894/6628/3 6896/6592/3 6893/6627/3
f 6856/6629/3 6857/6611/3 6855/6589/3
f 6895/6630/3 6896/6592/3 6894/6628/3
f 6954/6631/3 6976/6632/3 6977/6633/3
f 6954/6631/3 6975/6634/3 6976/6632/3
f 6954/6631/3 6974/6635/3 6975/6634/3
f 6970/6636/3 6968/6637/3 6969/6638/3
f 6970/6636/3 6967/6639/3 6968/6637/3
f 6970/6636/3 6966/6640/3 6967/6639/3
f 6954/6631/3 6973/6641/3 6974/6635/3
f 6971/6642/3 6966/6640/3 6970/6636/3
f 6954/6631/3 6972/6643/3 6973/6641/3
f 6954/6631/3 6971/6642/3 6972/6643/3
f 6954/6631/3 6966/6640/3 6971/6642/3
f 6955/6644/3 6959/6645/3 6954/6631/3
f 6959/6645/3 6966/6640/3 6954/6631/3
f 6959/6645/3 6960/6646/3 6966/6640/3
f 6960/6646/3 6961/6647/3 6966/6640/3
f 6961/6647/3 6965/6648/3 6966/6640/3
f 6955/6644/3 6958/6649/3 6959/6645/3
f 6962/6650/3 6965/6648/3 6961/6647/3
f 6963/6651/3 6965/6648/3 6962/6650/3
f 6955/6644/3 6957/6652/3 6958/6649/3
f 6956/6653/3 6957/6652/3 6955/6644/3
f 6964/6654/3 6965/6648/3 6963/6651/3
f 7116/6655/3 7114/6656/3 7115/6657/3
f 7116/6655/3 7113/6658/3 7114/6656/3
f 7116/6655/3 7112/6659/3 7113/6658/3
f 7065/6660/3 7063/6661/3 7064/6662/3
f 7065/6660/3 7062/6663/3 7063/6661/3
f 7065/6660/3 7061/6664/3 7062/6663/3
f 7117/6665/3 7112/6659/3 7116/6655/3
f 7065/6660/3 7060/6666/3 7061/6664/3
f 7117/6665/3 7111/6667/3 7112/6659/3
f 7118/6668/3 7111/6667/3 7117/6665/3
f 7065/6660/3 7059/6669/3 7060/6666/3
f 7118/6668/3 7110/6670/3 7111/6667/3
f 7119/6671/3 7110/6670/3 7118/6668/3
f 7065/6660/3 7058/6672/3 7059/6669/3
f 7119/6671/3 7109/6673/3 7110/6670/3
f 7120/6674/3 7109/6673/3 7119/6671/3
f 7065/6660/3 7057/6675/3 7058/6672/3
f 7120/6674/3 7108/6676/3 7109/6673/3
f 7121/6677/3 7108/6676/3 7120/6674/3
f 7065/6660/3 7056/6678/3 7057/6675/3
f 7121/6677/3 7107/6679/3 7108/6676/3
f 7122/6680/3 7107/6679/3 7121/6677/3
f 7065/6660/3 7055/6681/3 7056/6678/3
f 7123/6682/3 7107/6679/3 7122/6680/3
f 7123/6682/3 7106/6683/3 7107/6679/3
f 7124/6684/3 7106/6683/3 7123/6682/3
f 7065/6660/3 7054/6685/3 7055/6681/3
f 7124/6684/3 7105/6686/3 7106/6683/3
f 7125/6687/3 7105/6686/3 7124/6684/3
f 7065/6660/3 7053/6688/3 7054/6685/3
f 7126/6689/3 7105/6686/3 7125/6687/3
f 7126/6689/3 7104/6690/3 7105/6686/3
f 6978/6691/3 7104/6690/3 7126/6689/3
f 6979/6692/3 7104/6690/3 6978/6691/3
f 7065/6660/3 7052/6693/3 7053/6688/3
f 6979/6692/3 7103/6694/3 7104/6690/3
f 7065/6660/3 7051/6695/3 7052/6693/3
f 6979/6692/3 7102/6696/3 7103/6694/3
f 7065/6660/3 7050/6697/3 7051/6695/3
f 7065/6660/3 7049/6698/3 7050/6697/3
f 6979/6692/3 7101/6699/3 7102/6696/3
f 6980/6700/3 7101/6699/3 6979/6692/3
f 6980/6700/3 7100/6701/3 7101/6699/3
f 7066/6702/3 7049/6698/3 7065/6660/3
f 7066/6702/3 7048/6703/3 7049/6698/3
f 6981/6704/3 7100/6701/3 6980/6700/3
f 6981/6704/3 7099/6705/3 7100/6701/3
f 7067/6706/3 7048/6703/3 7066/6702/3
f 7067/6706/3 7047/6707/3 7048/6703/3
f 6982/6708/3 7099/6705/3 6981/6704/3
f 7067/6706/3 7046/6709/3 7047/6707/3
f 6982/6708/3 7098/6710/3 7099/6705/3
f 7068/6711/3 7046/6709/3 7067/6706/3
f 6983/6712/3 7098/6710/3 6982/6708/3
f 7068/6711/3 7045/6713/3 7046/6709/3
f 6983/6712/3 7097/6714/3 7098/6710/3
f 7068/6711/3 7044/6715/3 7045/6713/3
f 6984/6716/3 7097/6714/3 6983/6712/3
f 7069/6717/3 7044/6715/3 7068/6711/3
f 6984/6716/3 7096/6718/3 7097/6714/3
f 7069/6717/3 7043/6719/3 7044/6715/3
f 6985/6720/3 7096/6718/3 6984/6716/3
f 7070/6721/3 7043/6719/3 7069/6717/3
f 6985/6720/3 7095/6722/3 7096/6718/3
f 7070/6721/3 7042/6723/3 7043/6719/3
f 6986/6724/3 7095/6722/3 6985/6720/3
f 7070/6721/3 7041/6725/3 7042/6723/3
f 6986/6724/3 7094/6726/3 7095/6722/3
f 7071/6727/3 7041/6725/3 7070/6721/3
f 6987/6728/3 7094/6726/3 6986/6724/3
f 7071/6727/3 7040/6729/3 7041/6725/3
f 6987/6728/3 7093/6730/3 7094/6726/3
f 7072/6731/3 7040/6729/3 7071/6727/3
f 6988/6732/3 7093/6730/3 6987/6728/3
f 7072/6731/3 7039/6733/3 7040/6729/3
f 6988/6732/3 7092/6734/3 7093/6730/3
f 7072/6731/3 7038/6735/3 7039/6733/3
f 7073/6736/3 7038/6735/3 7072/6731/3
f 6988/6732/3 7091/6737/3 7092/6734/3
f 7073/6736/3 7037/6738/3 7038/6735/3
f 6989/6739/3 7091/6737/3 6988/6732/3
f 6989/6739/3 7090/6740/3 7091/6737/3
f 7074/6741/3 7037/6738/3 7073/6736/3
f 6989/6739/3 7089/6742/3 7090/6740/3
f 6990/6743/3 7089/6742/3 6989/6739/3
f 6990/6743/3 7088/6744/3 7089/6742/3
f 7074/6741/3 7036/6745/3 7037/6738/3
f 6990/6743/3 7087/6746/3 7088/6744/3
f 7075/6747/3 7036/6745/3 7074/6741/3
f 6991/6748/3 7087/6746/3 6990/6743/3
f 6991/6748/3 7086/6749/3 7087/6746/3
f 7076/6750/3 7036/6745/3 7075/6747/3
f 6991/6748/3 7085/6751/3 7086/6749/3
f 7077/6752/3 7036/6745/3 7076/6750/3
f 7078/6753/3 7036/6745/3 7077/6752/3
f 6991/6748/3 7084/6754/3 7085/6751/3
f 6991/6748/3 7083/6755/3 7084/6754/3
f 7079/6756/3 7036/6745/3 7078/6753/3
f 7079/6756/3 7035/6757/3 7036/6745/3
f 6991/6748/3 7082/6758/3 7083/6755/3
f 7080/6759/3 7035/6757/3 7079/6756/3
f 6991/6748/3 7081/6760/3 7082/6758/3
f 7081/6760/3 7035/6757/3 7080/6759/3
f 6991/6748/3 7035/6757/3 7081/6760/3
f 6992/6761/3 7035/6757/3 6991/6748/3
f 6992/6761/3 7034/6762/3 7035/6757/3
f 6993/6763/3 7034/6762/3 6992/6761/3
f 6994/6764/3 7034/6762/3 6993/6763/3
f 6994/6764/3 7033/6765/3 7034/6762/3
f 6995/6766/3 7033/6765/3 6994/6764/3
f 6995/6766/3 7032/6767/3 7033/6765/3
f 6996/6768/3 7032/6767/3 6995/6766/3
f 6996/6768/3 7031/6769/3 7032/6767/3
f 6997/6770/3 7031/6769/3 6996/6768/3
f 6997/6770/3 7030/6771/3 7031/6769/3
f 6998/6772/3 7030/6771/3 6997/6770/3
f 6999/6773/3 7030/6771/3 6998/6772/3
f 6999/6773/3 7029/6774/3 7030/6771/3
f 7000/6775/3 7029/6774/3 6999/6773/3
f 7000/6775/3 7028/6776/3 7029/6774/3
f 7001/6777/3 7028/6776/3 7000/6775/3
f 7001/6777/3 7027/6778/3 7028/6776/3
f 7002/6779/3 7027/6778/3 7001/6777/3
f 7002/6779/3 7026/6780/3 7027/6778/3
f 7003/6781/3 7026/6780/3 7002/6779/3
f 7004/6782/3 7026/6780/3 7003/6781/3
f 7004/6782/3 7025/6783/3 7026/6780/3
f 7005/6784/3 7025/6783/3 7004/6782/3
f 7005/6784/3 7024/6785/3 7025/6783/3
f 7005/6784/3 7023/6786/3 7024/6785/3
f 7006/6787/3 7023/6786/3 7005/6784/3
f 7006/6787/3 7022/6788/3 7023/6786/3
f 7007/6789/3 7022/6788/3 7006/6787/3
f 7007/6789/3 7021/6790/3 7022/6788/3
f 7008/6791/3 7021/6790/3 7007/6789/3
f 7008/6791/3 7020/6792/3 7021/6790/3
f 7009/6793/3 7020/6792/3 7008/6791/3
f 7009/6793/3 7019/6794/3 7020/6792/3
f 7010/6795/3 7019/6794/3 7009/6793/3
f 7010/6795/3 7018/6796/3 7019/6794/3
f 7011/6797/3 7018/6796/3 7010/6795/3
f 7011/6797/3 7017/6798/3 7018/6796/3
f 7012/6799/3 7017/6798/3 7011/6797/3
f 7012/6799/3 7016/6800/3 7017/6798/3
f 7013/6801/3 7016/6800/3 7012/6799/3
f 7013/6801/3 7015/6802/3 7016/6800/3
f 7014/6803/3 7015/6802/3 7013/6801/3
f 7443/6804/3 7441/6805/3 7442/6806/3
f 7443/6804/3 7440/6807/3 7441/6805/3
f 7444/6808/3 7440/6807/3 7443/6804/3
f 7444/6808/3 7439/6809/3 7440/6807/3
f 7444/6808/3 7438/6810/3 7439/6809/3
f 7445/6811/3 7438/6810/3 7444/6808/3
f 7445/6811/3 7437/6812/3 7438/6810/3
f 7445/6811/3 7436/6813/3 7437/6812/3
f 7446/6814/3 7436/6813/3 7445/6811/3
f 7446/6814/3 7435/6815/3 7436/6813/3
f 7446/6814/3 7434/6816/3 7435/6815/3
f 7447/6817/3 7434/6816/3 7446/6814/3
f 7447/6817/3 7433/6818/3 7434/6816/3
f 7447/6817/3 7432/6819/3 7433/6818/3
f 7448/6820/3 7432/6819/3 7447/6817/3
f 7448/6820/3 7431/6821/3 7432/6819/3
f 7448/6820/3 7430/6822/3 7431/6821/3
f 7449/6823/3 7430/6822/3 7448/6820/3
f 7449/6823/3 7429/6824/3 7430/6822/3
f 7450/6825/3 7429/6824/3 7449/6823/3
f 7450/6825/3 7428/6826/3 7429/6824/3
f 7451/6827/3 7428/6826/3 7450/6825/3
f 7452/6828/3 7428/6826/3 7451/6827/3
f 7453/6829/3 7428/6826/3 7452/6828/3
f 7453/6829/3 7427/6830/3 7428/6826/3
f 7127/6831/3 7427/6830/3 7453/6829/3
f 7128/6832/3 7427/6830/3 7127/6831/3
f 7129/6833/3 7427/6830/3 7128/6832/3
f 7129/6833/3 7426/6834/3 7427/6830/3
f 7130/6835/3 7426/6834/3 7129/6833/3
f 7130/6835/3 7425/6836/3 7426/6834/3
f 7131/6837/3 7425/6836/3 7130/6835/3
f 7131/6837/3 7424/6838/3 7425/6836/3
f 7132/6839/3 7424/6838/3 7131/6837/3
f 7132/6839/3 7423/6840/3 7424/6838/3
f 7133/6841/3 7423/6840/3 7132/6839/3
f 7134/6842/3 7423/6840/3 7133/6841/3
f 7134/6842/3 7422/6843/3 7423/6840/3
f 7135/6844/3 7422/6843/3 7134/6842/3
f 7135/6844/3 7421/6845/3 7422/6843/3
f 7136/6846/3 7421/6845/3 7135/6844/3
f 7136/6846/3 7420/6847/3 7421/6845/3
f 7137/6848/3 7420/6847/3 7136/6846/3
f 7137/6848/3 7419/6849/3 7420/6847/3
f 7138/6850/3 7419/6849/3 7137/6848/3
f 7138/6850/3 7418/6851/3 7419/6849/3
f 7139/6852/3 7418/6851/3 7138/6850/3
f 7139/6852/3 7417/6853/3 7418/6851/3
f 7140/6854/3 7417/6853/3 7139/6852/3
f 7140/6854/3 7416/6855/3 7417/6853/3
f 7140/6854/3 7415/6856/3 7416/6855/3
f 7140/6854/3 7414/6857/3 7415/6856/3
f 7141/6858/3 7414/6857/3 7140/6854/3
f 7141/6858/3 7413/6859/3 7414/6857/3
f 7141/6858/3 7412/6860/3 7413/6859/3
f 7141/6858/3 7411/6861/3 7412/6860/3
f 7142/6862/3 7411/6861/3 7141/6858/3
f 7142/6862/3 7410/6863/3 7411/6861/3
f 7142/6862/3 7409/6864/3 7410/6863/3
f 7142/6862/3 7408/6865/3 7409/6864/3
f 7143/6866/3 7408/6865/3 7142/6862/3
f 7143/6866/3 7407/6867/3 7408/6865/3
f 7143/6866/3 7406/6868/3 7407/6867/3
f 7143/6866/3 7405/6869/3 7406/6868/3
f 7144/6870/3 7405/6869/3 7143/6866/3
f 7144/6870/3 7404/6871/3 7405/6869/3
f 7144/6870/3 7403/6872/3 7404/6871/3
f 7145/6873/3 7403/6872/3 7144/6870/3
f 7145/6873/3 7402/6874/3 7403/6872/3
f 7145/6873/3 7401/6875/3 7402/6874/3
f 7145/6873/3 7400/6876/3 7401/6875/3
f 7146/6877/3 7400/6876/3 7145/6873/3
f 7146/6877/3 7399/6878/3 7400/6876/3
f 7146/6877/3 7398/6879/3 7399/6878/3
f 7147/6880/3 7398/6879/3 7146/6877/3
f 7147/6880/3 7397/6881/3 7398/6879/3
f 7147/6880/3 7396/6882/3 7397/6881/3
f 7148/6883/3 7396/6882/3 7147/6880/3
f 7148/6883/3 7395/6884/3 7396/6882/3
f 7148/6883/3 7530/6885/3 7395/6884/3
f 7530/6885/3 7394/6886/3 7395/6884/3
f 7148/6883/3 7529/6887/3 7530/6885/3
f 7531/6888/3 7394/6886/3 7530/6885/3
f 7532/6889/3 7394/6886/3 7531/6888/3
f 7149/6890/3 7529/6887/3 7148/6883/3
f 7149/6890/3 7528/6891/3 7529/6887/3
f 7532/6889/3 7393/6892/3 7394/6886/3
f 7533/6893/3 7393/6892/3 7532/6889/3
f 7149/6890/3 7527/6894/3 7528/6891/3
f 7534/6895/3 7393/6892/3 7533/6893/3
f 7534/6895/3 7392/6896/3 7393/6892/3
f 7149/6890/3 7526/6897/3 7527/6894/3
f 7535/6898/3 7392/6896/3 7534/6895/3
f 7149/6890/3 7525/6899/3 7526/6897/3
f 7535/6898/3 7391/6900/3 7392/6896/3
f 7150/6901/3 7525/6899/3 7149/6890/3
f 7150/6901/3 7524/6902/3 7525/6899/3
f 7536/6903/3 7391/6900/3 7535/6898/3
f 7150/6901/3 7523/6904/3 7524/6902/3
f 7150/6901/3 7522/6905/3 7523/6904/3
f 7536/6903/3 7390/6906/3 7391/6900/3
f 7537/6907/3 7390/6906/3 7536/6903/3
f 7150/6901/3 7521/6908/3 7522/6905/3
f 7151/6909/3 7521/6908/3 7150/6901/3
f 7151/6909/3 7520/6910/3 7521/6908/3
f 7454/6911/3 7390/6906/3 7537/6907/3
f 7454/6911/3 7389/6912/3 7390/6906/3
f 7151/6909/3 7519/6913/3 7520/6910/3
f 7455/6914/3 7389/6912/3 7454/6911/3
f 7151/6909/3 7518/6915/3 7519/6913/3
f 7455/6914/3 7388/6916/3 7389/6912/3
f 7152/6917/3 7518/6915/3 7151/6909/3
f 7152/6917/3 7517/6918/3 7518/6915/3
f 7152/6917/3 7516/6919/3 7517/6918/3
f 7456/6920/3 7388/6916/3 7455/6914/3
f 7456/6920/3 7387/6921/3 7388/6916/3
f 7152/6917/3 7515/6922/3 7516/6919/3
f 7152/6917/3 7514/6923/3 7515/6922/3
f 7456/6920/3 7386/6924/3 7387/6921/3
f 7153/6925/3 7514/6923/3 7152/6917/3
f 7457/6926/3 7386/6924/3 7456/6920/3
f 7153/6925/3 7513/6927/3 7514/6923/3
f 7457/6926/3 7385/6928/3 7386/6924/3
f 7154/6929/3 7513/6927/3 7153/6925/3
f 7458/6930/3 7385/6928/3 7457/6926/3
f 7458/6930/3 7384/6931/3 7385/6928/3
f 7154/6929/3 7512/6932/3 7513/6927/3
f 7155/6933/3 7512/6932/3 7154/6929/3
f 7459/6934/3 7384/6931/3 7458/6930/3
f 7459/6934/3 7383/6935/3 7384/6931/3
f 7155/6933/3 7511/6936/3 7512/6932/3
f 7459/6934/3 7382/6937/3 7383/6935/3
f 7156/6938/3 7511/6936/3 7155/6933/3
f 7460/6939/3 7382/6937/3 7459/6934/3
f 7460/6939/3 7381/6940/3 7382/6937/3
f 7157/6941/3 7511/6936/3 7156/6938/3
f 7157/6941/3 7510/6942/3 7511/6936/3
f 7460/6939/3 7380/6943/3 7381/6940/3
f 7461/6944/3 7380/6943/3 7460/6939/3
f 7158/6945/3 7510/6942/3 7157/6941/3
f 7461/6944/3 7379/6946/3 7380/6943/3
f 7158/6945/3 7509/6947/3 7510/6942/3
f 7462/6948/3 7379/6946/3 7461/6944/3
f 7159/6949/3 7509/6947/3 7158/6945/3
f 7462/6948/3 7378/6950/3 7379/6946/3
f 7160/6951/3 7509/6947/3 7159/6949/3
f 7462/6948/3 7377/6952/3 7378/6950/3
f 7463/6953/3 7377/6952/3 7462/6948/3
f 7160/6951/3 7508/6954/3 7509/6947/3
f 7161/6955/3 7508/6954/3 7160/6951/3
f 7463/6953/3 7376/6956/3 7377/6952/3
f 7464/6957/3 7376/6956/3 7463/6953/3
f 7464/6957/3 7375/6958/3 7376/6956/3
f 7162/6959/3 7508/6954/3 7161/6955/3
f 7162/6959/3 7507/6960/3 7508/6954/3
f 7464/6957/3 7374/6961/3 7375/6958/3
f 7163/6962/3 7507/6960/3 7162/6959/3
f 7465/6963/3 7374/6961/3 7464/6957/3
f 7465/6963/3 7373/6964/3 7374/6961/3
f 7164/6965/3 7507/6960/3 7163/6962/3
f 7164/6965/3 7506/6966/3 7507/6960/3
f 7465/6963/3 7372/6967/3 7373/6964/3
f 7165/6968/3 7506/6966/3 7164/6965/3
f 7466/6969/3 7372/6967/3 7465/6963/3
f 7466/6969/3 7371/6970/3 7372/6967/3
f 7166/6971/3 7506/6966/3 7165/6968/3
f 7466/6969/3 7370/6972/3 7371/6970/3
f 7467/6973/3 7370/6972/3 7466/6969/3
f 7166/6971/3 7505/6974/3 7506/6966/3
f 7167/6975/3 7505/6974/3 7166/6971/3
f 7467/6973/3 7369/6976/3 7370/6972/3
f 7468/6977/3 7369/6976/3 7467/6973/3
f 7168/6978/3 7505/6974/3 7167/6975/3
f 7468/6977/3 7368/6979/3 7369/6976/3
f 7469/6980/3 7368/6979/3 7468/6977/3
f 7469/6980/3 7367/6981/3 7368/6979/3
f 7470/6982/3 7367/6981/3 7469/6980/3
f 7168/6978/3 7504/6983/3 7505/6974/3
f 7169/6984/3 7504/6983/3 7168/6978/3
f 7470/6982/3 7366/6985/3 7367/6981/3
f 7471/6986/3 7366/6985/3 7470/6982/3
f 7472/6987/3 7366/6985/3 7471/6986/3
f 7472/6987/3 7365/6988/3 7366/6985/3
f 7170/6989/3 7504/6983/3 7169/6984/3
f 7473/6990/3 7365/6988/3 7472/6987/3
f 7473/6990/3 7364/6991/3 7365/6988/3
f 7170/6989/3 7503/6992/3 7504/6983/3
f 7474/6993/3 7364/6991/3 7473/6990/3
f 7475/6994/3 7364/6991/3 7474/6993/3
f 7475/6994/3 7363/6995/3 7364/6991/3
f 7171/6996/3 7503/6992/3 7170/6989/3
f 7476/6997/3 7363/6995/3 7475/6994/3
f 7477/6998/3 7363/6995/3 7476/6997/3
f 7477/6998/3 7362/6999/3 7363/6995/3
f 7171/6996/3 7502/7000/3 7503/6992/3
f 7478/7001/3 7362/6999/3 7477/6998/3
f 7479/7002/3 7362/6999/3 7478/7001/3
f 7480/7003/3 7362/6999/3 7479/7002/3
f 7481/7004/3 7362/6999/3 7480/7003/3
f 7482/7005/3 7362/6999/3 7481/7004/3
f 7483/7006/3 7362/6999/3 7482/7005/3
f 7484/7007/3 7362/6999/3 7483/7006/3
f 7484/7007/3 7361/7008/3 7362/6999/3
f 7171/6996/3 7501/7009/3 7502/7000/3
f 7485/7010/3 7361/7008/3 7484/7007/3
f 7171/6996/3 7500/7011/3 7501/7009/3
f 7171/6996/3 7499/7012/3 7500/7011/3
f 7171/6996/3 7498/7013/3 7499/7012/3
f 7486/7014/3 7361/7008/3 7485/7010/3
f 7171/6996/3 7497/7015/3 7498/7013/3
f 7171/6996/3 7496/7016/3 7497/7015/3
f 7487/7017/3 7361/7008/3 7486/7014/3
f 7171/6996/3 7495/7018/3 7496/7016/3
f 7171/6996/3 7494/7019/3 7495/7018/3
f 7488/7020/3 7361/7008/3 7487/7017/3
f 7171/6996/3 7493/7021/3 7494/7019/3
f 7171/6996/3 7492/7022/3 7493/7021/3
f 7489/7023/3 7361/7008/3 7488/7020/3
f 7171/6996/3 7491/7024/3 7492/7022/3
f 7490/7025/3 7361/7008/3 7489/7023/3
f 7171/6996/3 7490/7025/3 7491/7024/3
f 7171/6996/3 7361/7008/3 7490/7025/3
f 7172/7026/3 7361/7008/3 7171/6996/3
f 7172/7026/3 7360/7027/3 7361/7008/3
f 7172/7026/3 7359/7028/3 7360/7027/3
f 7172/7026/3 7358/7029/3 7359/7028/3
f 7173/7030/3 7358/7029/3 7172/7026/3
f 7173/7030/3 7357/7031/3 7358/7029/3
f 7173/7030/3 7356/7032/3 7357/7031/3
f 7173/7030/3 7355/7033/3 7356/7032/3
f 7174/7034/3 7355/7033/3 7173/7030/3
f 7174/7034/3 7354/7035/3 7355/7033/3
f 7174/7034/3 7353/7036/3 7354/7035/3
f 7174/7034/3 7352/7037/3 7353/7036/3
f 7175/7038/3 7352/7037/3 7174/7034/3
f 7175/7038/3 7351/7039/3 7352/7037/3
f 7175/7038/3 7350/7040/3 7351/7039/3
f 7175/7038/3 7349/7041/3 7350/7040/3
f 7176/7042/3 7349/7041/3 7175/7038/3
f 7176/7042/3 7348/7043/3 7349/7041/3
f 7176/7042/3 7347/7044/3 7348/7043/3
f 7177/7045/3 7347/7044/3 7176/7042/3
f 7177/7045/3 7346/7046/3 7347/7044/3
f 7177/7045/3 7345/7047/3 7346/7046/3
f 7177/7045/3 7344/7048/3 7345/7047/3
f 7178/7049/3 7344/7048/3 7177/7045/3
f 7178/7049/3 7343/7050/3 7344/7048/3
f 7178/7049/3 7342/7051/3 7343/7050/3
f 7178/7049/3 7341/7052/3 7342/7051/3
f 7179/7053/3 7341/7052/3 7178/7049/3
f 7179/7053/3 7340/7054/3 7341/7052/3
f 7179/7053/3 7339/7055/3 7340/7054/3
f 7180/7056/3 7339/7055/3 7179/7053/3
f 7180/7056/3 7338/7057/3 7339/7055/3
f 7180/7056/3 7337/7058/3 7338/7057/3
f 7180/7056/3 7257/7059/3 7337/7058/3
f 7257/7059/3 7258/7060/3 7337/7058/3
f 7258/7060/3 7260/7061/3 7337/7058/3
f 7260/7061/3 7336/7062/3 7337/7058/3
f 7181/7063/3 7243/7064/3 7180/7056/3
f 7243/7064/3 7244/7065/3 7180/7056/3
f 7244/7065/3 7245/7066/3 7180/7056/3
f 7245/7066/3 7246/7067/3 7180/7056/3
f 7246/7067/3 7247/7068/3 7180/7056/3
f 7247/7068/3 7248/7069/3 7180/7056/3
f 7248/7069/3 7257/7059/3 7180/7056/3
f 7249/7070/4 7257/7059/4 7248/7069/4
f 7250/7071/3 7257/7059/3 7249/7070/3
f 7251/7072/3 7257/7059/3 7250/7071/3
f 7252/7073/3 7257/7059/3 7251/7072/3
f 7253/7074/3 7257/7059/3 7252/7073/3
f 7254/7075/3 7257/7059/3 7253/7074/3
f 7255/7076/3 7257/7059/3 7254/7075/3
f 7256/7077/3 7257/7059/3 7255/7076/3
f 7259/7078/3 7260/7061/3 7258/7060/3
f 7261/7079/3 7336/7062/3 7260/7061/3
f 7181/7063/3 7242/7080/3 7243/7064/3
f 7181/7063/3 7241/7081/3 7242/7080/3
f 7181/7063/3 7240/7082/3 7241/7081/3
f 7181/7063/3 7239/7083/3 7240/7082/3
f 7181/7063/3 7238/7084/3 7239/7083/3
f 7181/7063/3 7237/7085/3 7238/7084/3
f 7181/7063/3 7236/7086/3 7237/7085/3
f 7181/7063/3 7235/7087/3 7236/7086/3
f 7261/7079/3 7335/7088/3 7336/7062/3
f 7181/7063/3 7234/7089/3 7235/7087/3
f 7261/7079/3 7334/7090/3 7335/7088/3
f 7261/7079/3 7333/7091/3 7334/7090/3
f 7182/7092/3 7234/7089/3 7181/7063/3
f 7182/7092/3 7233/7093/3 7234/7089/3
f 7262/7094/3 7333/7091/3 7261/7079/3
f 7262/7094/3 7332/7095/3 7333/7091/3
f 7263/7096/3 7332/7095/3 7262/7094/3
f 7264/7097/3 7332/7095/3 7263/7096/3
f 7264/7097/3 7331/7098/3 7332/7095/3
f 7265/7099/3 7331/7098/3 7264/7097/3
f 7182/7092/3 7232/7100/3 7233/7093/3
f 7266/7101/3 7331/7098/3 7265/7099/3
f 7183/7102/3 7232/7100/3 7182/7092/3
f 7266/7101/3 7330/7103/3 7331/7098/3
f 7267/7104/3 7330/7103/3 7266/7101/3
f 7267/7104/3 7329/7105/3 7330/7103/3
f 7268/7106/3 7329/7105/3 7267/7104/3
f 7183/7102/3 7231/7107/3 7232/7100/3
f 7268/7106/3 7328/7108/3 7329/7105/3
f 7269/7109/3 7328/7108/3 7268/7106/3
f 7184/7110/3 7231/7107/3 7183/7102/3
f 7270/7111/3 7328/7108/3 7269/7109/3
f 7270/7111/3 7327/7112/3 7328/7108/3
f 7271/7113/3 7327/7112/3 7270/7111/3
f 7185/7114/3 7231/7107/3 7184/7110/3
f 7185/7114/3 7230/7115/3 7231/7107/3
f 7271/7113/3 7326/7116/3 7327/7112/3
f 7272/7117/3 7326/7116/3 7271/7113/3
f 7273/7118/3 7326/7116/3 7272/7117/3
f 7273/7118/3 7325/7119/3 7326/7116/3
f 7186/7120/3 7230/7115/3 7185/7114/3
f 7274/7121/3 7325/7119/3 7273/7118/3
f 7274/7121/3 7324/7122/3 7325/7119/3
f 7275/7123/3 7324/7122/3 7274/7121/3
f 7186/7120/3 7229/7124/3 7230/7115/3
f 7276/7125/3 7324/7122/3 7275/7123/3
f 7187/7126/3 7229/7124/3 7186/7120/3
f 7276/7125/3 7323/7127/3 7324/7122/3
f 7277/7128/3 7323/7127/3 7276/7125/3
f 7277/7128/3 7322/7129/3 7323/7127/3
f 7188/7130/3 7229/7124/3 7187/7126/3
f 7278/7131/3 7322/7129/3 7277/7128/3
f 7188/7130/3 7228/7132/3 7229/7124/3
f 7278/7131/3 7321/7133/3 7322/7129/3
f 7189/7134/3 7228/7132/3 7188/7130/3
f 7279/7135/3 7321/7133/3 7278/7131/3
f 7190/7136/3 7228/7132/3 7189/7134/3
f 7279/7135/3 7320/7137/3 7321/7133/3
f 7280/7138/3 7320/7137/3 7279/7135/3
f 7191/7139/3 7228/7132/3 7190/7136/3
f 7281/7140/3 7320/7137/3 7280/7138/3
f 7281/7140/3 7319/7141/3 7320/7137/3
f 7192/7142/3 7228/7132/3 7191/7139/3
f 7192/7142/3 7227/7143/3 7228/7132/3
f 7282/7144/3 7319/7141/3 7281/7140/3
f 7193/7145/3 7227/7143/3 7192/7142/3
f 7282/7144/3 7318/7146/3 7319/7141/3
f 7283/7147/3 7318/7146/3 7282/7144/3
f 7194/7148/3 7227/7143/3 7193/7145/3
f 7283/7147/3 7317/7149/3 7318/7146/3
f 7284/7150/3 7317/7149/3 7283/7147/3
f 7195/7151/3 7227/7143/3 7194/7148/3
f 7195/7151/3 7226/7152/3 7227/7143/3
f 7285/7153/3 7317/7149/3 7284/7150/3
f 7196/7154/3 7226/7152/3 7195/7151/3
f 7285/7153/3 7316/7155/3 7317/7149/3
f 7286/7156/3 7316/7155/3 7285/7153/3
f 7287/7157/3 7316/7155/3 7286/7156/3
f 7197/7158/3 7226/7152/3 7196/7154/3
f 7288/7159/3 7316/7155/3 7287/7157/3
f 7288/7159/3 7315/7160/3 7316/7155/3
f 7289/7161/3 7315/7160/3 7288/7159/3
f 7198/7162/3 7226/7152/3 7197/7158/3
f 7290/7163/3 7315/7160/3 7289/7161/3
f 7199/7164/3 7226/7152/3 7198/7162/3
f 7290/7163/3 7314/7165/3 7315/7160/3
f 7199/7164/3 7225/7166/3 7226/7152/3
f 7291/7167/3 7314/7165/3 7290/7163/3
f 7200/7168/3 7225/7166/3 7199/7164/3
f 7201/7169/3 7225/7166/3 7200/7168/3
f 7202/7170/3 7225/7166/3 7201/7169/3
f 7291/7167/3 7313/7171/3 7314/7165/3
f 7203/7172/3 7225/7166/3 7202/7170/3
f 7292/7173/3 7313/7171/3 7291/7167/3
f 7204/7174/3 7225/7166/3 7203/7172/3
f 7292/7173/3 7312/7175/3 7313/7171/3
f 7205/7176/3 7225/7166/3 7204/7174/3
f 7293/7177/3 7312/7175/3 7292/7173/3
f 7206/7178/3 7225/7166/3 7205/7176/3
f 7206/7178/3 7224/7179/3 7225/7166/3
f 7293/7177/3 7311/7180/3 7312/7175/3
f 7294/7181/3 7311/7180/3 7293/7177/3
f 7207/7182/3 7224/7179/3 7206/7178/3
f 7294/7181/3 7310/7183/3 7311/7180/3
f 7294/7181/3 7309/7184/3 7310/7183/3
f 7208/7185/3 7224/7179/3 7207/7182/3
f 7295/7186/3 7309/7184/3 7294/7181/3
f 7295/7186/3 7308/7187/3 7309/7184/3
f 7295/7186/3 7307/7188/3 7308/7187/3
f 7208/7185/3 7223/7189/3 7224/7179/3
f 7209/7190/3 7223/7189/3 7208/7185/3
f 7209/7190/3 7222/7191/3 7223/7189/3
f 7295/7186/3 7306/7192/3 7307/7188/3
f 7296/7193/3 7306/7192/3 7295/7186/3
f 7209/7190/3 7221/7194/3 7222/7191/3
f 7296/7193/3 7305/7195/3 7306/7192/3
f 7209/7190/3 7220/7196/3 7221/7194/3
f 7296/7193/3 7304/7197/3 7305/7195/3
f 7209/7190/3 7219/7198/3 7220/7196/3
f 7210/7199/3 7219/7198/3 7209/7190/3
f 7210/7199/3 7218/7200/3 7219/7198/3
f 7296/7193/3 7303/7201/3 7304/7197/3
f 7210/7199/3 7217/7202/3 7218/7200/3
f 7296/7193/3 7302/7203/3 7303/7201/3
f 7297/7204/3 7302/7203/3 7296/7193/3
f 7210/7199/3 7216/7205/3 7217/7202/3
f 7297/7204/3 7301/7206/3 7302/7203/3
f 7210/7199/3 7215/7207/3 7216/7205/3
f 7211/7208/3 7215/7207/3 7210/7199/3
f 7297/7204/3 7300/7209/3 7301/7206/3
f 7211/7208/3 7214/7210/3 7215/7207/3
f 7297/7204/3 7299/7211/3 7300/7209/3
f 7211/7208/3 7213/7212/3 7214/7210/3
f 7297/7204/3 7298/7213/3 7299/7211/3
f 7211/7208/3 7212/7214/3 7213/7212/3
f 7538/7215/3 7616/7216/3 7617/7217/3
f 7538/7215/3 7615/7218/3 7616/7216/3
f 7538/7215/3 7614/7219/3 7615/7218/3
f 7538/7215/3 7613/7220/3 7614/7219/3
f 7538/7215/3 7612/7221/3 7613/7220/3
f 7538/7215/3 7611/7222/3 7612/7221/3
f 7538/7215/3 7610/7223/3 7611/7222/3
f 7538/7215/3 7609/7224/3 7610/7223/3
f 7538/7215/3 7608/7225/3 7609/7224/3
f 7538/7215/3 7607/7226/3 7608/7225/3
f 7538/7215/3 7606/7227/3 7607/7226/3
f 7538/7215/3 7605/7228/3 7606/7227/3
f 7538/7215/3 7604/7229/3 7605/7228/3
f 7538/7215/3 7603/7230/3 7604/7229/3
f 7538/7215/3 7602/7231/3 7603/7230/3
f 7539/7232/3 7602/7231/3 7538/7215/3
f 7539/7232/3 7601/7233/3 7602/7231/3
f 7539/7232/3 7600/7234/3 7601/7233/3
f 7539/7232/3 7599/7235/3 7600/7234/3
f 7539/7232/3 7598/7236/3 7599/7235/3
f 7539/7232/3 7597/7237/3 7598/7236/3
f 7539/7232/3 7596/7238/3 7597/7237/3
f 7539/7232/3 7595/7239/3 7596/7238/3
f 7539/7232/3 7594/7240/3 7595/7239/3
f 7539/7232/3 7540/7241/3 7594/7240/3
f 7540/7241/3 7541/7242/3 7594/7240/3
f 7541/7242/3 7542/7243/3 7594/7240/3
f 7542/7243/3 7593/7244/3 7594/7240/3
f 7543/7245/3 7593/7244/3 7542/7243/3
f 7544/7246/3 7593/7244/3 7543/7245/3
f 7545/7247/3 7593/7244/3 7544/7246/3
f 7546/7248/3 7593/7244/3 7545/7247/3
f 7547/7249/3 7593/7244/3 7546/7248/3
f 7548/7250/3 7593/7244/3 7547/7249/3
f 7549/7251/3 7593/7244/3 7548/7250/3
f 7550/7252/3 7593/7244/3 7549/7251/3
f 7551/7253/3 7593/7244/3 7550/7252/3
f 7551/7253/3 7592/7254/3 7593/7244/3
f 7552/7255/3 7592/7254/3 7551/7253/3
f 7553/7256/3 7592/7254/3 7552/7255/3
f 7554/7257/3 7592/7254/3 7553/7256/3
f 7555/7258/3 7592/7254/3 7554/7257/3
f 7555/7258/3 7591/7259/3 7592/7254/3
f 7556/7260/3 7591/7259/3 7555/7258/3
f 7557/7261/3 7591/7259/3 7556/7260/3
f 7557/7261/3 7590/7262/3 7591/7259/3
f 7558/7263/3 7590/7262/3 7557/7261/3
f 7559/7264/3 7590/7262/3 7558/7263/3
f 7560/7265/3 7590/7262/3 7559/7264/3
f 7560/7265/3 7589/7266/3 7590/7262/3
f 7561/7267/3 7589/7266/3 7560/7265/3
f 7562/7268/3 7589/7266/3 7561/7267/3
f 7563/7269/3 7589/7266/3 7562/7268/3
f 7564/7270/3 7589/7266/3 7563/7269/3
f 7564/7270/3 7588/7271/3 7589/7266/3
f 7565/7272/3 7588/7271/3 7564/7270/3
f 7566/7273/3 7588/7271/3 7565/7272/3
f 7567/7274/3 7588/7271/3 7566/7273/3
f 7568/7275/3 7588/7271/3 7567/7274/3
f 7569/7276/3 7588/7271/3 7568/7275/3
f 7570/7277/3 7588/7271/3 7569/7276/3
f 7571/7278/3 7588/7271/3 7570/7277/3
f 7572/7279/3 7588/7271/3 7571/7278/3
f 7573/7280/3 7588/7271/3 7572/7279/3
f 7574/7281/3 7588/7271/3 7573/7280/3
f 7574/7281/3 7587/7282/3 7588/7271/3
f 7575/7283/3 7587/7282/3 7574/7281/3
f 7576/7284/3 7587/7282/3 7575/7283/3
f 7577/7285/3 7587/7282/3 7576/7284/3
f 7577/7285/3 7586/7286/3 7587/7282/3
f 7577/7285/3 7585/7287/3 7586/7286/3
f 7577/7285/3 7584/7288/3 7585/7287/3
f 7578/7289/3 7584/7288/3 7577/7285/3
f 7578/7289/3 7583/7290/3 7584/7288/3
f 7578/7289/3 7582/7291/3 7583/7290/3
f 7578/7289/3 7581/7292/3 7582/7291/3
f 7578/7289/3 7580/7293/3 7581/7292/3
f 7578/7289/3 7579/7294/3 7580/7293/3
f 8136/7295/3 8134/7296/3 8135/7297/3
f 8137/7298/3 8134/7296/3 8136/7295/3
f 8137/7298/3 8133/7299/3 8134/7296/3
f 7618/7300/3 8133/7299/3 8137/7298/3
f 7618/7300/3 8132/7301/3 8133/7299/3
f 7619/7302/3 8132/7301/3 7618/7300/3
f 7619/7302/3 8131/7303/3 8132/7301/3
f 7620/7304/3 8131/7303/3 7619/7302/3
f 7621/7305/3 8131/7303/3 7620/7304/3
f 7621/7305/3 8130/7306/3 8131/7303/3
f 7622/7307/3 8130/7306/3 7621/7305/3
f 7623/7308/3 8130/7306/3 7622/7307/3
f 7623/7308/3 8129/7309/3 8130/7306/3
f 7624/7310/3 8129/7309/3 7623/7308/3
f 7625/7311/3 8129/7309/3 7624/7310/3
f 7625/7311/3 8128/7312/3 8129/7309/3
f 7626/7313/3 8128/7312/3 7625/7311/3
f 7627/7314/3 8128/7312/3 7626/7313/3
f 7627/7314/3 8127/7315/3 8128/7312/3
f 7628/7316/3 8127/7315/3 7627/7314/3
f 7628/7316/3 8126/7317/3 8127/7315/3
f 7629/7318/3 8126/7317/3 7628/7316/3
f 7630/7319/3 8126/7317/3 7629/7318/3
f 7630/7319/3 8125/7320/3 8126/7317/3
f 7631/7321/3 8125/7320/3 7630/7319/3
f 7632/7322/3 8125/7320/3 7631/7321/3
f 7632/7322/3 8124/7323/3 8125/7320/3
f 7633/7324/3 8124/7323/3 7632/7322/3
f 7633/7324/3 8123/7325/3 8124/7323/3
f 7634/7326/3 8123/7325/3 7633/7324/3
f 7634/7326/3 8122/7327/3 8123/7325/3
f 7635/7328/3 8122/7327/3 7634/7326/3
f 7635/7328/3 8121/7329/3 8122/7327/3
f 7636/7330/3 8121/7329/3 7635/7328/3
f 7636/7330/3 8120/7331/3 8121/7329/3
f 7636/7330/3 8119/7332/3 8120/7331/3
f 7637/7333/3 8119/7332/3 7636/7330/3
f 7637/7333/3 8118/7334/3 8119/7332/3
f 7638/7335/3 8118/7334/3 7637/7333/3
f 7638/7335/3 8117/7336/3 8118/7334/3
f 7639/7337/3 8117/7336/3 7638/7335/3
f 7639/7337/3 8116/7338/3 8117/7336/3
f 7640/7339/3 8116/7338/3 7639/7337/3
f 7640/7339/3 8115/7340/3 8116/7338/3
f 7641/7341/3 8115/7340/3 7640/7339/3
f 7641/7341/3 8114/7342/3 8115/7340/3
f 7642/7343/3 8114/7342/3 7641/7341/3
f 7642/7343/3 8113/7344/3 8114/7342/3
f 7643/7345/3 8113/7344/3 7642/7343/3
f 7643/7345/3 8112/7346/3 8113/7344/3
f 7644/7347/3 8112/7346/3 7643/7345/3
f 7644/7347/3 8111/7348/3 8112/7346/3
f 7645/7349/3 8111/7348/3 7644/7347/3
f 7645/7349/3 8110/7350/3 8111/7348/3
f 7646/7351/3 8110/7350/3 7645/7349/3
f 7646/7351/3 8109/7352/3 8110/7350/3
f 7647/7353/3 8109/7352/3 7646/7351/3
f 7647/7353/3 8108/7354/3 8109/7352/3
f 7648/7355/3 8108/7354/3 7647/7353/3
f 7648/7355/3 8107/7356/3 8108/7354/3
f 7649/7357/3 8107/7356/3 7648/7355/3
f 7649/7357/3 8106/7358/3 8107/7356/3
f 7650/7359/3 8106/7358/3 7649/7357/3
f 7650/7359/3 8105/7360/3 8106/7358/3
f 7651/7361/3 8105/7360/3 7650/7359/3
f 7652/7362/3 8105/7360/3 7651/7361/3
f 7652/7362/3 8104/7363/3 8105/7360/3
f 7653/7364/3 8104/7363/3 7652/7362/3
f 7653/7364/3 8103/7365/3 8104/7363/3
f 7654/7366/3 8103/7365/3 7653/7364/3
f 7654/7366/3 8102/7367/3 8103/7365/3
f 7655/7368/3 8102/7367/3 7654/7366/3
f 7655/7368/3 8101/7369/3 8102/7367/3
f 7656/7370/3 8101/7369/3 7655/7368/3
f 7656/7370/3 8100/7371/3 8101/7369/3
f 7657/7372/3 8100/7371/3 7656/7370/3
f 7657/7372/3 8099/7373/3 8100/7371/3
f 7658/7374/3 8058/7375/3 7657/7372/3
f 8058/7375/3 8099/7373/3 7657/7372/3
f 8058/7375/3 8059/7376/3 8099/7373/3
f 8059/7376/3 8098/7377/3 8099/7373/3
f 7658/7374/3 8057/7378/3 8058/7375/3
f 8060/7379/3 8098/7377/3 8059/7376/3
f 7658/7374/3 8056/7380/3 8057/7378/3
f 8061/7381/3 8098/7377/3 8060/7379/3
f 7658/7374/3 8055/7382/3 8056/7380/3
f 8062/7383/3 8098/7377/3 8061/7381/3
f 7658/7374/3 8054/7384/3 8055/7382/3
f 8063/7385/3 8098/7377/3 8062/7383/3
f 7659/7386/3 8054/7384/3 7658/7374/3
f 7659/7386/3 8053/7387/3 8054/7384/3
f 8064/7388/3 8098/7377/3 8063/7385/3
f 8064/7388/3 8097/7389/3 8098/7377/3
f 7659/7386/3 8052/7390/3 8053/7387/3
f 8065/7391/3 8097/7389/3 8064/7388/3
f 7659/7386/3 8051/7392/3 8052/7390/3
f 8066/7393/3 8097/7389/3 8065/7391/3
f 7659/7386/3 8050/7394/3 8051/7392/3
f 8067/7395/3 8097/7389/3 8066/7393/3
f 8067/7395/3 8096/7396/3 8097/7389/3
f 7660/7397/3 8050/7394/3 7659/7386/3
f 7660/7397/3 8049/7398/3 8050/7394/3
f 7660/7397/3 8048/7399/3 8049/7398/3
f 8068/7400/3 8096/7396/3 8067/7395/3
f 7660/7397/3 8047/7401/3 8048/7399/3
f 7660/7397/3 8046/7402/3 8047/7401/3
f 7660/7397/3 8045/7403/3 8046/7402/3
f 7660/7397/3 8044/7404/3 8045/7403/3
f 8068/7400/3 8095/7405/3 8096/7396/3
f 8069/7406/3 8095/7405/3 8068/7400/3
f 7661/7407/3 8044/7404/3 7660/7397/3
f 7661/7407/3 8043/7408/3 8044/7404/3
f 7661/7407/3 8042/7409/3 8043/7408/3
f 7661/7407/3 8041/7410/3 8042/7409/3
f 8070/7411/3 8095/7405/3 8069/7406/3
f 7661/7407/3 8040/7412/3 8041/7410/3
f 7661/7407/3 8039/7413/3 8040/7412/3
f 8070/7411/3 8094/7414/3 8095/7405/3
f 7662/7415/3 8039/7413/3 7661/7407/3
f 7662/7415/3 8038/7416/3 8039/7413/3
f 7662/7415/3 8037/7417/3 8038/7416/3
f 8071/7418/3 8094/7414/3 8070/7411/3
f 7662/7415/3 8036/7419/3 8037/7417/3
f 7662/7415/3 8035/7420/3 8036/7419/3
f 7662/7415/3 8034/7421/3 8035/7420/3
f 8071/7418/3 8093/7422/3 8094/7414/3
f 7662/7415/3 8033/7423/3 8034/7421/3
f 7663/7424/3 8033/7423/3 7662/7415/3
f 7663/7424/3 8032/7425/3 8033/7423/3
f 8072/7426/3 8093/7422/3 8071/7418/3
f 7663/7424/3 8031/7427/3 8032/7425/3
f 7663/7424/3 8030/7428/3 8031/7427/3
f 8072/7426/3 8092/7429/3 8093/7422/3
f 7663/7424/3 8029/7430/3 8030/7428/3
f 7664/7431/3 8029/7430/3 7663/7424/3
f 8073/7432/3 8092/7429/3 8072/7426/3
f 7664/7431/3 8028/7433/3 8029/7430/3
f 7664/7431/3 8027/7434/3 8028/7433/3
f 8073/7432/3 8091/7435/3 8092/7429/3
f 7665/7436/3 8027/7434/3 7664/7431/3
f 7665/7436/3 8026/7437/3 8027/7434/3
f 8074/7438/3 8091/7435/3 8073/7432/3
f 7665/7436/3 8025/7439/3 8026/7437/3
f 8074/7438/3 8090/7440/3 8091/7435/3
f 7666/7441/3 8025/7439/3 7665/7436/3
f 7666/7441/3 8024/7442/3 8025/7439/3
f 8075/7443/3 8090/7440/3 8074/7438/3
f 7666/7441/3 8023/7444/3 8024/7442/3
f 7666/7441/3 8022/7445/3 8023/7444/3
f 8075/7443/3 8089/7446/3 8090/7440/3
f 7667/7447/3 8022/7445/3 7666/7441/3
f 7667/7447/3 8021/7448/3 8022/7445/3
f 7667/7447/3 8020/7449/3 8021/7448/3
f 7667/7447/3 8019/7450/3 8020/7449/3
f 8076/7451/3 8089/7446/3 8075/7443/3
f 8077/7452/3 8089/7446/3 8076/7451/3
f 7667/7447/3 8018/7453/3 8019/7450/3
f 8078/7454/3 8089/7446/3 8077/7452/3
f 8079/7455/3 8089/7446/3 8078/7454/3
f 7667/7447/3 8017/7456/3 8018/7453/3
f 7668/7457/3 8017/7456/3 7667/7447/3
f 8080/7458/3 8089/7446/3 8079/7455/3
f 7668/7457/3 8016/7459/3 8017/7456/3
f 8081/7460/3 8089/7446/3 8080/7458/3
f 7668/7457/3 8015/7461/3 8016/7459/3
f 8082/7462/3 8089/7446/3 8081/7460/3
f 7668/7457/3 8014/7463/3 8015/7461/3
f 7668/7457/3 8013/7464/3 8014/7463/3
f 8083/7465/3 8089/7446/3 8082/7462/3
f 7669/7466/3 8013/7464/3 7668/7457/3
f 7669/7466/3 8012/7467/3 8013/7464/3
f 8084/7468/3 8089/7446/3 8083/7465/3
f 7669/7466/3 8011/7469/3 8012/7467/3
f 8085/7470/3 8089/7446/3 8084/7468/3
f 7669/7466/3 8010/7471/3 8011/7469/3
f 8086/7472/3 8089/7446/3 8085/7470/3
f 7669/7466/3 8009/7473/3 8010/7471/3
f 8087/7474/3 8089/7446/3 8086/7472/3
f 8088/7475/3 8089/7446/3 8087/7474/3
f 7669/7466/3 8008/7476/3 8009/7473/3
f 7670/7477/3 8008/7476/3 7669/7466/3
f 7670/7477/3 8007/7478/3 8008/7476/3
f 7670/7477/3 8006/7479/3 8007/7478/3
f 7670/7477/3 8005/7480/3 8006/7479/3
f 7670/7477/3 8004/7481/3 8005/7480/3
f 7670/7477/3 8003/7482/3 8004/7481/3
f 7671/7483/3 8003/7482/3 7670/7477/3
f 7671/7483/3 8002/7484/3 8003/7482/3
f 7671/7483/3 8001/7485/3 8002/7484/3
f 7671/7483/3 8000/7486/3 8001/7485/3
f 7671/7483/3 7999/7487/3 8000/7486/3
f 7672/7488/3 7999/7487/3 7671/7483/3
f 7672/7488/3 7998/7489/3 7999/7487/3
f 7672/7488/3 7997/7490/3 7998/7489/3
f 7672/7488/3 7996/7491/3 7997/7490/3
f 7672/7488/3 7995/7492/3 7996/7491/3
f 7673/7493/3 7995/7492/3 7672/7488/3
f 7673/7493/3 7994/7494/3 7995/7492/3
f 7673/7493/3 7993/7495/3 7994/7494/3
f 7673/7493/3 7992/7496/3 7993/7495/3
f 7674/7497/3 7992/7496/3 7673/7493/3
f 7674/7497/3 7991/7498/3 7992/7496/3
f 7674/7497/3 7990/7499/3 7991/7498/3
f 7675/7500/3 7990/7499/3 7674/7497/3
f 7675/7500/3 7989/7501/3 7990/7499/3
f 7676/7502/3 7989/7501/3 7675/7500/3
f 7676/7502/3 7988/7503/3 7989/7501/3
f 7677/7504/3 7988/7503/3 7676/7502/3
f 7678/7505/3 7988/7503/3 7677/7504/3
f 7678/7505/3 7987/7506/3 7988/7503/3
f 7679/7507/3 7987/7506/3 7678/7505/3
f 7679/7507/3 7986/7508/3 7987/7506/3
f 7680/7509/3 7986/7508/3 7679/7507/3
f 7681/7510/3 7986/7508/3 7680/7509/3
f 7681/7510/3 7985/7511/3 7986/7508/3
f 7682/7512/3 7985/7511/3 7681/7510/3
f 7683/7513/3 7985/7511/3 7682/7512/3
f 7683/7513/3 7984/7514/3 7985/7511/3
f 7684/7515/3 7984/7514/3 7683/7513/3
f 7685/7516/3 7984/7514/3 7684/7515/3
f 7685/7516/3 7983/7517/3 7984/7514/3
f 7686/7518/3 7983/7517/3 7685/7516/3
f 7687/7519/3 7983/7517/3 7686/7518/3
f 7688/7520/3 7983/7517/3 7687/7519/3
f 7688/7520/3 7982/7521/3 7983/7517/3
f 7689/7522/3 7982/7521/3 7688/7520/3
f 7690/7523/3 7982/7521/3 7689/7522/3
f 7691/7524/3 7982/7521/3 7690/7523/3
f 7691/7524/3 7981/7525/3 7982/7521/3
f 7692/7526/3 7981/7525/3 7691/7524/3
f 7693/7527/3 7981/7525/3 7692/7526/3
f 7693/7527/3 7980/7528/3 7981/7525/3
f 7694/7529/3 7980/7528/3 7693/7527/3
f 7694/7529/3 7979/7530/3 7980/7528/3
f 7695/7531/3 7979/7530/3 7694/7529/3
f 7696/7532/3 7979/7530/3 7695/7531/3
f 7696/7532/3 7978/7533/3 7979/7530/3
f 7697/7534/3 7978/7533/3 7696/7532/3
f 7697/7534/3 7977/7535/3 7978/7533/3
f 7697/7534/3 7976/7536/3 7977/7535/3
f 7698/7537/3 7976/7536/3 7697/7534/3
f 7698/7537/3 7975/7538/3 7976/7536/3
f 7699/7539/3 7975/7538/3 7698/7537/3
f 7699/7539/3 7974/7540/3 7975/7538/3
f 7699/7539/3 7973/7541/3 7974/7540/3
f 7700/7542/3 7973/7541/3 7699/7539/3
f 7700/7542/3 7972/7543/3 7973/7541/3
f 7701/7544/3 7972/7543/3 7700/7542/3
f 7701/7544/3 7971/7545/3 7972/7543/3
f 7701/7544/3 7970/7546/3 7971/7545/3
f 7702/7547/3 7970/7546/3 7701/7544/3
f 7702/7547/3 7969/7548/3 7970/7546/3
f 7703/7549/3 7969/7548/3 7702/7547/3
f 7703/7549/3 7968/7550/3 7969/7548/3
f 7703/7549/3 7967/7551/3 7968/7550/3
f 7704/7552/3 7967/7551/3 7703/7549/3
f 7704/7552/3 7966/7553/3 7967/7551/3
f 7704/7552/3 7965/7554/3 7966/7553/3
f 7705/7555/3 7965/7554/3 7704/7552/3
f 7705/7555/3 7964/7556/3 7965/7554/3
f 7705/7555/3 7963/7557/3 7964/7556/3
f 7705/7555/3 7962/7558/3 7963/7557/3
f 7706/7559/3 7962/7558/3 7705/7555/3
f 7706/7559/3 7961/7560/3 7962/7558/3
f 7706/7559/3 7960/7561/3 7961/7560/3
f 7707/7562/3 7960/7561/3 7706/7559/3
f 7707/7562/3 7959/7563/3 7960/7561/3
f 7707/7562/3 7958/7564/3 7959/7563/3
f 7708/7565/3 7958/7564/3 7707/7562/3
f 7708/7565/3 7957/7566/3 7958/7564/3
f 7708/7565/3 7956/7567/3 7957/7566/3
f 7709/7568/3 7956/7567/3 7708/7565/3
f 7709/7568/3 7955/7569/3 7956/7567/3
f 7709/7568/3 7954/7570/3 7955/7569/3
f 7710/7571/3 7954/7570/3 7709/7568/3
f 7710/7571/3 7953/7572/3 7954/7570/3
f 7710/7571/3 7952/7573/3 7953/7572/3
f 7710/7571/3 7951/7574/3 7952/7573/3
f 7710/7571/3 7950/7575/3 7951/7574/3
f 7711/7576/3 7950/7575/3 7710/7571/3
f 7711/7576/3 7949/7577/3 7950/7575/3
f 7711/7576/3 7948/7578/3 7949/7577/3
f 7711/7576/3 7947/7579/3 7948/7578/3
f 7712/7580/3 7947/7579/3 7711/7576/3
f 7712/7580/3 7946/7581/3 7947/7579/3
f 7712/7580/3 7945/7582/3 7946/7581/3
f 7712/7580/3 7944/7583/3 7945/7582/3
f 7712/7580/3 7943/7584/3 7944/7583/3
f 7712/7580/3 7942/7585/3 7943/7584/3
f 7713/7586/3 7942/7585/3 7712/7580/3
f 7713/7586/3 7941/7587/3 7942/7585/3
f 7714/7588/3 7941/7587/3 7713/7586/3
f 7714/7588/3 7940/7589/3 7941/7587/3
f 7714/7588/3 7939/7590/3 7940/7589/3
f 7715/7591/3 7939/7590/3 7714/7588/3
f 7715/7591/3 7938/7592/3 7939/7590/3
f 7716/7593/3 7938/7592/3 7715/7591/3
f 7716/7593/3 7937/7594/3 7938/7592/3
f 7717/7595/3 7937/7594/3 7716/7593/3
f 7717/7595/3 7936/7596/3 7937/7594/3
f 7718/7597/3 7936/7596/3 7717/7595/3
f 7718/7597/3 7935/7598/3 7936/7596/3
f 7803/7599/3 7801/7600/3 7802/7601/3
f 7804/7602/3 7801/7600/3 7803/7599/3
f 7804/7602/3 7800/7603/3 7801/7600/3
f 7805/7604/3 7800/7603/3 7804/7602/3
f 7805/7604/3 7799/7605/3 7800/7603/3
f 7806/7606/3 7799/7605/3 7805/7604/3
f 7806/7606/3 7798/7607/3 7799/7605/3
f 7807/7608/3 7798/7607/3 7806/7606/3
f 7808/7609/3 7798/7607/3 7807/7608/3
f 7809/7610/3 7798/7607/3 7808/7609/3
f 7810/7611/3 7798/7607/3 7809/7610/3
f 7811/7612/3 7798/7607/3 7810/7611/3
f 7812/7613/3 7798/7607/3 7811/7612/3
f 7812/7613/3 7797/7614/3 7798/7607/3
f 7719/7615/3 7935/7598/3 7718/7597/3
f 7812/7613/3 7796/7616/3 7797/7614/3
f 7719/7615/3 7934/7617/3 7935/7598/3
f 7813/7618/3 7796/7616/3 7812/7613/3
f 7720/7619/3 7934/7617/3 7719/7615/3
f 7813/7618/3 7795/7620/3 7796/7616/3
f 7720/7619/3 7933/7621/3 7934/7617/3
f 7721/7622/3 7933/7621/3 7720/7619/3
f 7814/7623/3 7795/7620/3 7813/7618/3
f 7721/7622/3 7932/7624/3 7933/7621/3
f 7722/7625/3 7932/7624/3 7721/7622/3
f 7814/7623/3 7794/7626/3 7795/7620/3
f 7723/7627/3 7932/7624/3 7722/7625/3
f 7723/7627/3 7931/7628/3 7932/7624/3
f 7724/7629/3 7931/7628/3 7723/7627/3
f 7724/7629/3 7930/7630/3 7931/7628/3
f 7815/7631/3 7794/7626/3 7814/7623/3
f 7815/7631/3 7793/7632/3 7794/7626/3
f 7725/7633/3 7930/7630/3 7724/7629/3
f 7726/7634/3 7930/7630/3 7725/7633/3
f 7727/7635/3 7930/7630/3 7726/7634/3
f 7815/7631/3 7792/7636/3 7793/7632/3
f 7728/7637/3 7930/7630/3 7727/7635/3
f 7728/7637/3 7929/7638/3 7930/7630/3
f 7816/7639/3 7792/7636/3 7815/7631/3
f 7729/7640/3 7929/7638/3 7728/7637/3
f 7816/7639/3 7791/7641/3 7792/7636/3
f 7730/7642/3 7929/7638/3 7729/7640/3
f 7730/7642/3 7928/7643/3 7929/7638/3
f 7817/7644/3 7791/7641/3 7816/7639/3
f 7731/7645/3 7928/7643/3 7730/7642/3
f 7817/7644/3 7790/7646/3 7791/7641/3
f 7732/7647/3 7928/7643/3 7731/7645/3
f 7817/7644/3 7789/7648/3 7790/7646/3
f 7733/7649/3 7928/7643/3 7732/7647/3
f 7733/7649/3 7927/7650/3 7928/7643/3
f 7818/7651/3 7789/7648/3 7817/7644/3
f 7818/7651/3 7788/7652/3 7789/7648/3
f 7734/7653/3 7927/7650/3 7733/7649/3
f 7818/7651/3 7787/7654/3 7788/7652/3
f 7735/7655/3 7927/7650/3 7734/7653/3
f 7818/7651/3 7786/7656/3 7787/7654/3
f 7735/7655/3 7926/7657/3 7927/7650/3
f 7818/7651/3 7785/7658/3 7786/7656/3
f 7819/7659/3 7785/7658/3 7818/7651/3
f 7736/7660/3 7926/7657/3 7735/7655/3
f 7737/7661/3 7926/7657/3 7736/7660/3
f 7737/7661/3 7925/7662/3 7926/7657/3
f 7820/7663/3 7785/7658/3 7819/7659/3
f 7820/7663/3 7784/7664/3 7785/7658/3
f 7738/7665/3 7925/7662/3 7737/7661/3
f 7738/7665/3 7924/7666/3 7925/7662/3
f 7739/7667/3 7924/7666/3 7738/7665/3
f 7821/7668/3 7784/7664/3 7820/7663/3
f 7821/7668/3 7783/7669/3 7784/7664/3
f 7740/7670/3 7924/7666/3 7739/7667/3
f 7822/7671/3 7783/7669/3 7821/7668/3
f 7740/7670/3 7923/7672/3 7924/7666/3
f 7822/7671/3 7782/7673/3 7783/7669/3
f 7741/7674/3 7923/7672/3 7740/7670/3
f 7823/7675/3 7782/7673/3 7822/7671/3
f 7742/7676/3 7923/7672/3 7741/7674/3
f 7823/7675/3 7781/7677/3 7782/7673/3
f 7824/7678/3 7781/7677/3 7823/7675/3
f 7742/7676/3 7922/7679/3 7923/7672/3
f 7743/7680/3 7922/7679/3 7742/7676/3
f 7824/7678/3 7780/7681/3 7781/7677/3
f 7825/7682/3 7780/7681/3 7824/7678/3
f 7744/7683/3 7922/7679/3 7743/7680/3
f 7825/7682/3 7779/7684/3 7780/7681/3
f 7744/7683/3 7921/7685/3 7922/7679/3
f 7745/7686/3 7921/7685/3 7744/7683/3
f 7826/7687/3 7779/7684/3 7825/7682/3
f 7826/7687/3 7778/7688/3 7779/7684/3
f 7746/7689/3 7921/7685/3 7745/7686/3
f 7826/7687/3 7777/7690/3 7778/7688/3
f 7827/7691/3 7777/7690/3 7826/7687/3
f 7747/7692/3 7921/7685/3 7746/7689/3
f 7747/7692/3 7920/7693/3 7921/7685/3
f 7827/7691/3 7776/7694/3 7777/7690/3
f 7748/7695/3 7920/7693/3 7747/7692/3
f 7827/7691/3 7775/7696/3 7776/7694/3
f 7828/7697/3 7775/7696/3 7827/7691/3
f 7828/7697/3 7774/7698/3 7775/7696/3
f 7749/7699/3 7920/7693/3 7748/7695/3
f 7828/7697/3 7773/7700/3 7774/7698/3
f 7749/7699/3 7919/7701/3 7920/7693/3
f 7750/7702/3 7919/7701/3 7749/7699/3
f 7829/7703/3 7773/7700/3 7828/7697/3
f 7829/7703/3 7772/7704/3 7773/7700/3
f 7751/7705/3 7919/7701/3 7750/7702/3
f 7829/7703/3 7771/7706/3 7772/7704/3
f 7752/7707/3 7919/7701/3 7751/7705/3
f 7830/7708/3 7771/7706/3 7829/7703/3
f 7753/7709/3 7919/7701/3 7752/7707/3
f 7753/7709/3 7918/7710/3 7919/7701/3
f 7830/7708/3 7770/7711/3 7771/7706/3
f 7754/7712/3 7918/7710/3 7753/7709/3
f 7830/7708/3 7769/7713/3 7770/7711/3
f 7755/7714/3 7918/7710/3 7754/7712/3
f 7831/7715/3 7769/7713/3 7830/7708/3
f 7831/7715/3 7768/7716/3 7769/7713/3
f 7756/7717/3 7918/7710/3 7755/7714/3
f 7757/7718/3 7918/7710/3 7756/7717/3
f 7831/7715/3 7767/7719/3 7768/7716/3
f 7758/7720/3 7918/7710/3 7757/7718/3
f 7831/7715/3 7766/7721/3 7767/7719/3
f 7759/7722/3 7918/7710/3 7758/7720/3
f 7832/7723/3 7766/7721/3 7831/7715/3
f 7760/7724/3 7918/7710/3 7759/7722/3
f 7832/7723/3 7765/7725/3 7766/7721/3
f 7761/7726/3 7918/7710/3 7760/7724/3
f 7832/7723/3 7764/7727/3 7765/7725/3
f 7762/7728/3 7918/7710/3 7761/7726/3
f 7762/7728/3 7917/7729/3 7918/7710/3
f 7763/7730/3 7917/7729/3 7762/7728/3
f 7832/7723/3 7763/7730/3 7764/7727/3
f 7832/7723/3 7917/7729/3 7763/7730/3
f 7833/7731/3 7917/7729/3 7832/7723/3
f 7834/7732/3 7917/7729/3 7833/7731/3
f 7834/7732/3 7916/7733/3 7917/7729/3
f 7835/7734/3 7916/7733/3 7834/7732/3
f 7836/7735/3 7916/7733/3 7835/7734/3
f 7836/7735/3 7915/7736/3 7916/7733/3
f 7837/7737/3 7915/7736/3 7836/7735/3
f 7837/7737/3 7914/7738/3 7915/7736/3
f 7838/7739/3 7914/7738/3 7837/7737/3
f 7838/7739/3 7913/7740/3 7914/7738/3
f 7839/7741/3 7913/7740/3 7838/7739/3
f 7839/7741/3 7912/7742/3 7913/7740/3
f 7840/7743/3 7912/7742/3 7839/7741/3
f 7840/7743/3 7911/7744/3 7912/7742/3
f 7841/7745/3 7911/7744/3 7840/7743/3
f 7841/7745/3 7910/7746/3 7911/7744/3
f 7842/7747/3 7910/7746/3 7841/7745/3
f 7842/7747/3 7909/7748/3 7910/7746/3
f 7843/7749/3 7909/7748/3 7842/7747/3
f 7843/7749/3 7908/7750/3 7909/7748/3
f 7844/7751/3 7908/7750/3 7843/7749/3
f 7844/7751/3 7907/7752/3 7908/7750/3
f 7845/7753/3 7907/7752/3 7844/7751/3
f 7845/7753/3 7906/7754/3 7907/7752/3
f 7846/7755/3 7906/7754/3 7845/7753/3
f 7846/7755/3 7905/7756/3 7906/7754/3
f 7847/7757/3 7905/7756/3 7846/7755/3
f 7847/7757/3 7904/7758/3 7905/7756/3
f 7848/7759/3 7904/7758/3 7847/7757/3
f 7848/7759/3 7903/7760/3 7904/7758/3
f 7848/7759/3 7902/7761/3 7903/7760/3
f 7849/7762/3 7902/7761/3 7848/7759/3
f 7849/7762/3 7901/7763/3 7902/7761/3
f 7850/7764/3 7901/7763/3 7849/7762/3
f 7850/7764/3 7900/7765/3 7901/7763/3
f 7850/7764/3 7899/7766/3 7900/7765/3
f 7851/7767/3 7899/7766/3 7850/7764/3
f 7851/7767/3 7898/7768/3 7899/7766/3
f 7852/7769/3 7898/7768/3 7851/7767/3
f 7852/7769/3 7897/7770/3 7898/7768/3
f 7852/7769/3 7896/7771/3 7897/7770/3
f 7853/7772/3 7896/7771/3 7852/7769/3
f 7853/7772/3 7895/7773/3 7896/7771/3
f 7854/7774/3 7895/7773/3 7853/7772/3
f 7854/7774/3 7894/7775/3 7895/7773/3
f 7854/7774/3 7893/7776/3 7894/7775/3
f 7854/7774/3 7892/7777/3 7893/7776/3
f 7854/7774/3 7891/7778/3 7892/7777/3
f 7854/7774/3 7890/7779/3 7891/7778/3
f 7854/7774/3 7889/7780/3 7890/7779/3
f 7855/7781/3 7889/7780/3 7854/7774/3
f 7855/7781/3 7888/7782/3 7889/7780/3
f 7855/7781/3 7887/7783/3 7888/7782/3
f 7855/7781/3 7886/7784/3 7887/7783/3
f 7855/7781/3 7885/7785/3 7886/7784/3
f 7855/7781/3 7884/7786/3 7885/7785/3
f 7855/7781/3 7883/7787/3 7884/7786/3
f 7855/7781/3 7882/7788/3 7883/7787/3
f 7855/7781/3 7881/7789/3 7882/7788/3
f 7855/7781/3 7880/7790/3 7881/7789/3
f 7856/7791/3 7880/7790/3 7855/7781/3
f 7856/7791/3 7879/7792/3 7880/7790/3
f 7856/7791/3 7878/7793/3 7879/7792/3
f 7856/7791/3 7877/7794/3 7878/7793/3
f 7857/7795/3 7877/7794/3 7856/7791/3
f 7857/7795/3 7876/7796/3 7877/7794/3
f 7857/7795/3 7875/7797/3 7876/7796/3
f 7857/7795/3 7874/7798/3 7875/7797/3
f 7858/7799/3 7874/7798/3 7857/7795/3
f 7858/7799/3 7873/7800/3 7874/7798/3
f 7858/7799/3 7872/7801/3 7873/7800/3
f 7858/7799/3 7871/7802/3 7872/7801/3
f 7859/7803/3 7871/7802/3 7858/7799/3
f 7859/7803/3 7870/7804/3 7871/7802/3
f 7859/7803/3 7869/7805/3 7870/7804/3
f 7859/7803/3 7868/7806/3 7869/7805/3
f 7860/7807/3 7868/7806/3 7859/7803/3
f 7860/7807/3 7867/7808/3 7868/7806/3
f 7860/7807/3 7866/7809/3 7867/7808/3
f 7861/7810/3 7866/7809/3 7860/7807/3
f 7861/7810/3 7865/7811/3 7866/7809/3
f 7862/7812/3 7865/7811/3 7861/7810/3
f 7862/7812/3 7864/7813/3 7865/7811/3
f 7863/7814/3 7864/7813/3 7862/7812/3
f 8337/7815/3 8335/7816/3 8336/7817/3
f 8337/7815/3 8334/7818/3 8335/7816/3
f 8338/7819/3 8334/7818/3 8337/7815/3
f 8338/7819/3 8333/7820/3 8334/7818/3
f 8339/7821/3 8333/7820/3 8338/7819/3
f 8339/7821/3 8332/7822/3 8333/7820/3
f 8340/7823/3 8332/7822/3 8339/7821/3
f 8340/7823/3 8331/7824/3 8332/7822/3
f 8341/7825/3 8331/7824/3 8340/7823/3
f 8341/7825/3 8330/7826/3 8331/7824/3
f 8138/7827/3 8330/7826/3 8341/7825/3
f 8138/7827/3 8329/7828/3 8330/7826/3
f 8139/7829/3 8329/7828/3 8138/7827/3
f 8139/7829/3 8328/7830/3 8329/7828/3
f 8139/7829/3 8327/7831/3 8328/7830/3
f 8139/7829/3 8326/7832/3 8327/7831/3
f 8140/7833/3 8326/7832/3 8139/7829/3
f 8140/7833/3 8325/7834/3 8326/7832/3
f 8140/7833/3 8324/7835/3 8325/7834/3
f 8140/7833/3 8323/7836/3 8324/7835/3
f 8141/7837/3 8323/7836/3 8140/7833/3
f 8141/7837/3 8322/7838/3 8323/7836/3
f 8141/7837/3 8321/7839/3 8322/7838/3
f 8142/7840/3 8321/7839/3 8141/7837/3
f 8142/7840/3 8320/7841/3 8321/7839/3
f 8142/7840/3 8319/7842/3 8320/7841/3
f 8143/7843/3 8319/7842/3 8142/7840/3
f 8143/7843/3 8318/7844/3 8319/7842/3
f 8143/7843/3 8317/7845/3 8318/7844/3
f 8144/7846/3 8317/7845/3 8143/7843/3
f 8145/7847/3 8317/7845/3 8144/7846/3
f 8146/7848/3 8317/7845/3 8145/7847/3
f 8147/7849/3 8317/7845/3 8146/7848/3
f 8147/7849/3 8316/7850/3 8317/7845/3
f 8148/7851/3 8316/7850/3 8147/7849/3
f 8149/7852/3 8316/7850/3 8148/7851/3
f 8150/7853/3 8316/7850/3 8149/7852/3
f 8151/7854/3 8316/7850/3 8150/7853/3
f 8151/7854/3 8315/7855/3 8316/7850/3
f 8152/7856/3 8315/7855/3 8151/7854/3
f 8152/7856/3 8314/7857/3 8315/7855/3
f 8153/7858/3 8314/7857/3 8152/7856/3
f 8153/7858/3 8313/7859/3 8314/7857/3
f 8154/7860/3 8313/7859/3 8153/7858/3
f 8154/7860/3 8312/7861/3 8313/7859/3
f 8155/7862/3 8312/7861/3 8154/7860/3
f 8155/7862/3 8311/7863/3 8312/7861/3
f 8156/7864/3 8311/7863/3 8155/7862/3
f 8157/7865/3 8311/7863/3 8156/7864/3
f 8157/7865/3 8310/7866/3 8311/7863/3
f 8158/7867/3 8310/7866/3 8157/7865/3
f 8158/7867/3 8309/7868/3 8310/7866/3
f 8159/7869/3 8309/7868/3 8158/7867/3
f 8159/7869/3 8308/7870/3 8309/7868/3
f 8160/7871/3 8308/7870/3 8159/7869/3
f 8160/7871/3 8307/7872/3 8308/7870/3
f 8161/7873/3 8307/7872/3 8160/7871/3
f 8161/7873/3 8306/7874/3 8307/7872/3
f 8162/7875/3 8306/7874/3 8161/7873/3
f 8162/7875/3 8305/7876/3 8306/7874/3
f 8163/7877/3 8305/7876/3 8162/7875/3
f 8164/7878/3 8305/7876/3 8163/7877/3
f 8164/7878/3 8304/7879/3 8305/7876/3
f 8165/7880/3 8304/7879/3 8164/7878/3
f 8165/7880/3 8303/7881/3 8304/7879/3
f 8166/7882/3 8303/7881/3 8165/7880/3
f 8166/7882/3 8302/7883/3 8303/7881/3
f 8167/7884/3 8302/7883/3 8166/7882/3
f 8167/7884/3 8301/7885/3 8302/7883/3
f 8168/7886/3 8301/7885/3 8167/7884/3
f 8169/7887/3 8301/7885/3 8168/7886/3
f 8169/7887/3 8300/7888/3 8301/7885/3
f 8170/7889/3 8300/7888/3 8169/7887/3
f 8170/7889/3 8299/7890/3 8300/7888/3
f 8171/7891/3 8299/7890/3 8170/7889/3
f 8171/7891/3 8298/7892/3 8299/7890/3
f 8172/7893/3 8298/7892/3 8171/7891/3
f 8172/7893/3 8297/7894/3 8298/7892/3
f 8173/7895/3 8297/7894/3 8172/7893/3
f 8174/7896/3 8297/7894/3 8173/7895/3
f 8174/7896/3 8296/7897/3 8297/7894/3
f 8175/7898/3 8296/7897/3 8174/7896/3
f 8175/7898/3 8295/7899/3 8296/7897/3
f 8176/7900/3 8295/7899/3 8175/7898/3
f 8177/7901/3 8295/7899/3 8176/7900/3
f 8177/7901/3 8294/7902/3 8295/7899/3
f 8178/7903/3 8459/7904/3 8177/7901/3
f 8459/7904/3 8294/7902/3 8177/7901/3
f 8178/7903/3 8458/7905/3 8459/7904/3
f 8460/7906/3 8294/7902/3 8459/7904/3
f 8178/7903/3 8457/7907/3 8458/7905/3
f 8461/7908/3 8294/7902/3 8460/7906/3
f 8178/7903/3 8456/7909/3 8457/7907/3
f 8342/7910/3 8294/7902/3 8461/7908/3
f 8178/7903/3 8455/7911/3 8456/7909/3
f 8343/7912/3 8294/7902/3 8342/7910/3
f 8179/7913/3 8455/7911/3 8178/7903/3
f 8179/7913/3 8454/7914/3 8455/7911/3
f 8344/7915/3 8294/7902/3 8343/7912/3
f 8345/7916/3 8294/7902/3 8344/7915/3
f 8179/7913/3 8453/7917/3 8454/7914/3
f 8345/7916/3 8293/7918/3 8294/7902/3
f 8346/7919/3 8293/7918/3 8345/7916/3
f 8179/7913/3 8452/7920/3 8453/7917/3
f 8347/7921/3 8293/7918/3 8346/7919/3
f 8179/7913/3 8451/7922/3 8452/7920/3
f 8348/7923/3 8293/7918/3 8347/7921/3
f 8180/7924/3 8451/7922/3 8179/7913/3
f 8180/7924/3 8450/7925/3 8451/7922/3
f 8349/7926/3 8293/7918/3 8348/7923/3
f 8180/7924/3 8449/7927/3 8450/7925/3
f 8350/7928/3 8293/7918/3 8349/7926/3
f 8180/7924/3 8448/7929/3 8449/7927/3
f 8351/7930/3 8293/7918/3 8350/7928/3
f 8351/7930/3 8292/7931/3 8293/7918/3
f 8180/7924/3 8447/7932/3 8448/7929/3
f 8181/7933/3 8447/7932/3 8180/7924/3
f 8352/7934/3 8292/7931/3 8351/7930/3
f 8181/7933/3 8446/7935/3 8447/7932/3
f 8353/7936/3 8292/7931/3 8352/7934/3
f 8181/7933/3 8445/7937/3 8446/7935/3
f 8181/7933/3 8444/7938/3 8445/7937/3
f 8182/7939/3 8444/7938/3 8181/7933/3
f 8354/7940/3 8292/7931/3 8353/7936/3
f 8182/7939/3 8443/7941/3 8444/7938/3
f 8354/7940/3 8291/7942/3 8292/7931/3
f 8355/7943/3 8291/7942/3 8354/7940/3
f 8182/7939/3 8442/7944/3 8443/7941/3
f 8183/7945/3 8442/7944/3 8182/7939/3
f 8356/7946/3 8291/7942/3 8355/7943/3
f 8183/7945/3 8441/7947/3 8442/7944/3
f 8357/7948/3 8291/7942/3 8356/7946/3
f 8183/7945/3 8440/7949/3 8441/7947/3
f 8184/7950/3 8440/7949/3 8183/7945/3
f 8357/7948/3 8290/7951/3 8291/7942/3
f 8184/7950/3 8439/7952/3 8440/7949/3
f 8358/7953/3 8290/7951/3 8357/7948/3
f 8185/7954/3 8439/7952/3 8184/7950/3
f 8185/7954/3 8438/7955/3 8439/7952/3
f 8359/7956/3 8290/7951/3 8358/7953/3
f 8185/7954/3 8437/7957/3 8438/7955/3
f 8186/7958/3 8437/7957/3 8185/7954/3
f 8359/7956/3 8289/7959/3 8290/7951/3
f 8186/7958/3 8436/7960/3 8437/7957/3
f 8187/7961/3 8436/7960/3 8186/7958/3
f 8187/7961/3 8435/7962/3 8436/7960/3
f 8360/7963/3 8289/7959/3 8359/7956/3
f 8187/7961/3 8434/7964/3 8435/7962/3
f 8188/7965/3 8434/7964/3 8187/7961/3
f 8360/7963/3 8288/7966/3 8289/7959/3
f 8361/7967/3 8288/7966/3 8360/7963/3
f 8188/7965/3 8433/7968/3 8434/7964/3
f 8189/7969/3 8433/7968/3 8188/7965/3
f 8190/7970/3 8433/7968/3 8189/7969/3
f 8361/7967/3 8287/7971/3 8288/7966/3
f 8190/7970/3 8432/7972/3 8433/7968/3
f 8362/7973/3 8287/7971/3 8361/7967/3
f 8191/7974/3 8432/7972/3 8190/7970/3
f 8191/7974/3 8431/7975/3 8432/7972/3
f 8192/7976/3 8431/7975/3 8191/7974/3
f 8362/7973/3 8286/7977/3 8287/7971/3
f 8363/7978/3 8286/7977/3 8362/7973/3
f 8193/7979/3 8431/7975/3 8192/7976/3
f 8193/7979/3 8430/7980/3 8431/7975/3
f 8363/7978/3 8285/7981/3 8286/7977/3
f 8194/7982/3 8430/7980/3 8193/7979/3
f 8194/7982/3 8429/7983/3 8430/7980/3
f 8364/7984/3 8285/7981/3 8363/7978/3
f 8195/7985/3 8429/7983/3 8194/7982/3
f 8364/7984/3 8284/7986/3 8285/7981/3
f 8195/7985/3 8428/7987/3 8429/7983/3
f 8196/7988/3 8428/7987/3 8195/7985/3
f 8365/7989/3 8284/7986/3 8364/7984/3
f 8365/7989/3 8283/7990/3 8284/7986/3
f 8196/7988/3 8427/7991/3 8428/7987/3
f 8197/7992/3 8427/7991/3 8196/7988/3
f 8366/7993/3 8283/7990/3 8365/7989/3
f 8366/7993/3 8282/7994/3 8283/7990/3
f 8197/7992/3 8426/7995/3 8427/7991/3
f 8198/7996/3 8426/7995/3 8197/7992/3
f 8367/7997/3 8282/7994/3 8366/7993/3
f 8198/7996/3 8425/7998/3 8426/7995/3
f 8199/7999/3 8425/7998/3 8198/7996/3
f 8367/7997/3 8281/8000/3 8282/7994/3
f 8200/8001/3 8425/7998/3 8199/7999/3
f 8368/8002/3 8281/8000/3 8367/7997/3
f 8368/8002/3 8280/8003/3 8281/8000/3
f 8200/8001/3 8424/8004/3 8425/7998/3
f 8201/8005/3 8424/8004/3 8200/8001/3
f 8368/8002/3 8279/8006/3 8280/8003/3
f 8369/8007/3 8279/8006/3 8368/8002/3
f 8201/8005/3 8423/8008/3 8424/8004/3
f 8202/8009/3 8423/8008/3 8201/8005/3
f 8369/8007/3 8278/8010/3 8279/8006/3
f 8203/8011/3 8423/8008/3 8202/8009/3
f 8370/8012/3 8278/8010/3 8369/8007/3
f 8203/8011/3 8422/8013/3 8423/8008/3
f 8204/8014/3 8422/8013/3 8203/8011/3
f 8370/8012/3 8277/8015/3 8278/8010/3
f 8371/8016/3 8277/8015/3 8370/8012/3
f 8205/8017/3 8422/8013/3 8204/8014/3
f 8205/8017/3 8421/8018/3 8422/8013/3
f 8206/8019/3 8421/8018/3 8205/8017/3
f 8372/8020/3 8277/8015/3 8371/8016/3
f 8372/8020/3 8276/8021/3 8277/8015/3
f 8207/8022/3 8421/8018/3 8206/8019/3
f 8207/8022/3 8420/8023/3 8421/8018/3
f 8208/8024/3 8420/8023/3 8207/8022/3
f 8373/8025/3 8276/8021/3 8372/8020/3
f 8373/8025/3 8275/8026/3 8276/8021/3
f 8209/8027/3 8420/8023/3 8208/8024/3
f 8209/8027/3 8419/8028/3 8420/8023/3
f 8210/8029/3 8419/8028/3 8209/8027/3
f 8374/8030/3 8275/8026/3 8373/8025/3
f 8374/8030/3 8274/8031/3 8275/8026/3
f 8211/8032/3 8419/8028/3 8210/8029/3
f 8375/8033/3 8274/8031/3 8374/8030/3
f 8211/8032/3 8418/8034/3 8419/8028/3
f 8212/8035/3 8418/8034/3 8211/8032/3
f 8376/8036/3 8274/8031/3 8375/8033/3
f 8376/8036/3 8273/8037/3 8274/8031/3
f 8212/8035/3 8417/8038/3 8418/8034/3
f 8377/8039/3 8273/8037/3 8376/8036/3
f 8213/8040/3 8417/8038/3 8212/8035/3
f 8378/8041/3 8273/8037/3 8377/8039/3
f 8213/8040/3 8416/8042/3 8417/8038/3
f 8214/8043/3 8416/8042/3 8213/8040/3
f 8379/8044/3 8273/8037/3 8378/8041/3
f 8379/8044/3 8272/8045/3 8273/8037/3
f 8214/8043/3 8415/8046/3 8416/8042/3
f 8380/8047/3 8272/8045/3 8379/8044/3
f 8381/8048/3 8272/8045/3 8380/8047/3
f 8215/8049/3 8415/8046/3 8214/8043/3
f 8215/8049/3 8414/8050/3 8415/8046/3
f 8382/8051/3 8272/8045/3 8381/8048/3
f 8383/8052/3 8272/8045/3 8382/8051/3
f 8215/8049/3 8413/8053/3 8414/8050/3
f 8215/8049/3 8412/8054/3 8413/8053/3
f 8384/8055/3 8272/8045/3 8383/8052/3
f 8384/8055/3 8271/8056/3 8272/8045/3
f 8216/8057/3 8412/8054/3 8215/8049/3
f 8216/8057/3 8411/8058/3 8412/8054/3
f 8385/8059/3 8271/8056/3 8384/8055/3
f 8216/8057/3 8410/8060/3 8411/8058/3
f 8386/8061/3 8271/8056/3 8385/8059/3
f 8216/8057/3 8409/8062/3 8410/8060/3
f 8216/8057/3 8408/8063/3 8409/8062/3
f 8387/8064/3 8271/8056/3 8386/8061/3
f 8216/8057/3 8407/8065/3 8408/8063/3
f 8388/8066/3 8271/8056/3 8387/8064/3
f 8217/8067/3 8407/8065/3 8216/8057/3
f 8217/8067/3 8406/8068/3 8407/8065/3
f 8389/8069/3 8271/8056/3 8388/8066/3
f 8217/8067/3 8405/8070/3 8406/8068/3
f 8390/8071/3 8271/8056/3 8389/8069/3
f 8217/8067/3 8404/8072/3 8405/8070/3
f 8391/8073/3 8271/8056/3 8390/8071/3
f 8391/8073/3 8270/8074/3 8271/8056/3
f 8217/8067/3 8403/8075/3 8404/8072/3
f 8392/8076/3 8270/8074/3 8391/8073/3
f 8217/8067/3 8402/8077/3 8403/8075/3
f 8393/8078/3 8270/8074/3 8392/8076/3
f 8217/8067/3 8401/8079/3 8402/8077/3
f 8394/8080/3 8270/8074/3 8393/8078/3
f 8217/8067/3 8400/8081/3 8401/8079/3
f 8395/8082/3 8270/8074/3 8394/8080/3
f 8217/8067/3 8399/8083/3 8400/8081/3
f 8396/8084/3 8270/8074/3 8395/8082/3
f 8217/8067/3 8398/8085/3 8399/8083/3
f 8397/8086/3 8270/8074/3 8396/8084/3
f 8217/8067/3 8397/8086/3 8398/8085/3
f 8217/8067/3 8270/8074/3 8397/8086/3
f 8218/8087/3 8270/8074/3 8217/8067/3
f 8218/8087/3 8269/8088/3 8270/8074/3
f 8219/8089/3 8269/8088/3 8218/8087/3
f 8220/8090/3 8269/8088/3 8219/8089/3
f 8220/8090/3 8268/8091/3 8269/8088/3
f 8221/8092/3 8268/8091/3 8220/8090/3
f 8222/8093/3 8268/8091/3 8221/8092/3
f 8222/8093/3 8267/8094/3 8268/8091/3
f 8223/8095/3 8267/8094/3 8222/8093/3
f 8223/8095/3 8266/8096/3 8267/8094/3
f 8224/8097/3 8266/8096/3 8223/8095/3
f 8224/8097/3 8265/8098/3 8266/8096/3
f 8225/8099/3 8265/8098/3 8224/8097/3
f 8225/8099/3 8264/8100/3 8265/8098/3
f 8226/8101/3 8264/8100/3 8225/8099/3
f 8226/8101/3 8263/8102/3 8264/8100/3
f 8226/8101/3 8262/8103/3 8263/8102/3
f 8227/8104/3 8262/8103/3 8226/8101/3
f 8227/8104/3 8261/8105/3 8262/8103/3
f 8228/8106/3 8261/8105/3 8227/8104/3
f 8228/8106/3 8260/8107/3 8261/8105/3
f 8229/8108/3 8260/8107/3 8228/8106/3
f 8229/8108/3 8259/8109/3 8260/8107/3
f 8230/8110/3 8259/8109/3 8229/8108/3
f 8230/8110/3 8258/8111/3 8259/8109/3
f 8230/8110/3 8257/8112/3 8258/8111/3
f 8231/8113/3 8257/8112/3 8230/8110/3
f 8231/8113/3 8256/8114/3 8257/8112/3
f 8231/8113/3 8255/8115/3 8256/8114/3
f 8232/8116/3 8255/8115/3 8231/8113/3
f 8232/8116/3 8254/8117/3 8255/8115/3
f 8232/8116/3 8253/8118/3 8254/8117/3
f 8232/8116/3 8252/8119/3 8253/8118/3
f 8233/8120/3 8252/8119/3 8232/8116/3
f 8233/8120/3 8251/8121/3 8252/8119/3
f 8233/8120/3 8250/8122/3 8251/8121/3
f 8233/8120/3 8249/8123/3 8250/8122/3
f 8234/8124/3 8249/8123/3 8233/8120/3
f 8234/8124/3 8248/8125/3 8249/8123/3
f 8234/8124/3 8247/8126/3 8248/8125/3
f 8234/8124/3 8246/8127/3 8247/8126/3
f 8235/8128/3 8246/8127/3 8234/8124/3
f 8236/8129/3 8246/8127/3 8235/8128/3
f 8237/8130/3 8246/8127/3 8236/8129/3
f 8237/8130/3 8245/8131/3 8246/8127/3
f 8238/8132/3 8245/8131/3 8237/8130/3
f 8238/8132/3 8244/8133/3 8245/8131/3
f 8239/8134/3 8244/8133/3 8238/8132/3
f 8240/8135/3 8244/8133/3 8239/8134/3
f 8240/8135/3 8243/8136/3 8244/8133/3
f 8241/8137/3 8243/8136/3 8240/8135/3
f 8241/8137/3 8242/8138/3 8243/8136/3
f 8723/8139/3 8721/8140/3 8722/8141/3
f 8723/8139/3 8720/8142/3 8721/8140/3
f 8724/8143/3 8720/8142/3 8723/8139/3
f 8724/8143/3 8719/8144/3 8720/8142/3
f 8725/8145/3 8719/8144/3 8724/8143/3
f 8725/8145/3 8718/8146/3 8719/8144/3
f 8462/8147/3 8718/8146/3 8725/8145/3
f 8462/8147/3 8717/8148/3 8718/8146/3
f 8463/8149/3 8717/8148/3 8462/8147/3
f 8463/8149/3 8716/8150/3 8717/8148/3
f 8464/8151/3 8716/8150/3 8463/8149/3
f 8465/8152/3 8716/8150/3 8464/8151/3
f 8465/8152/3 8715/8153/3 8716/8150/3
f 8466/8154/3 8715/8153/3 8465/8152/3
f 8467/8155/3 8715/8153/3 8466/8154/3
f 8467/8155/3 8714/8156/3 8715/8153/3
f 8468/8157/3 8714/8156/3 8467/8155/3
f 8468/8157/3 8713/8158/3 8714/8156/3
f 8469/8159/3 8713/8158/3 8468/8157/3
f 8470/8160/3 8713/8158/3 8469/8159/3
f 8471/8161/3 8713/8158/3 8470/8160/3
f 8472/8162/3 8713/8158/3 8471/8161/3
f 8473/8163/3 8713/8158/3 8472/8162/3
f 8474/8164/3 8713/8158/3 8473/8163/3
f 8475/8165/3 8713/8158/3 8474/8164/3
f 8475/8165/3 8712/8166/3 8713/8158/3
f 8476/8167/3 8712/8166/3 8475/8165/3
f 8477/8168/3 8712/8166/3 8476/8167/3
f 8477/8168/3 8711/8169/3 8712/8166/3
f 8478/8170/3 8711/8169/3 8477/8168/3
f 8478/8170/3 8710/8171/3 8711/8169/3
f 8479/8172/3 8710/8171/3 8478/8170/3
f 8480/8173/3 8710/8171/3 8479/8172/3
f 8480/8173/3 8709/8174/3 8710/8171/3
f 8481/8175/3 8709/8174/3 8480/8173/3
f 8481/8175/3 8708/8176/3 8709/8174/3
f 8482/8177/3 8708/8176/3 8481/8175/3
f 8482/8177/3 8707/8178/3 8708/8176/3
f 8483/8179/3 8707/8178/3 8482/8177/3
f 8484/8180/3 8707/8178/3 8483/8179/3
f 8484/8180/3 8706/8181/3 8707/8178/3
f 8485/8182/3 8706/8181/3 8484/8180/3
f 8485/8182/3 8705/8183/3 8706/8181/3
f 8486/8184/3 8705/8183/3 8485/8182/3
f 8487/8185/3 8705/8183/3 8486/8184/3
f 8488/8186/3 8705/8183/3 8487/8185/3
f 8489/8187/3 8705/8183/3 8488/8186/3
f 8490/8188/3 8705/8183/3 8489/8187/3
f 8490/8188/3 8704/8189/3 8705/8183/3
f 8491/8190/3 8704/8189/3 8490/8188/3
f 8492/8191/3 8704/8189/3 8491/8190/3
f 8493/8192/3 8704/8189/3 8492/8191/3
f 8494/8193/3 8704/8189/3 8493/8192/3
f 8495/8194/3 8704/8189/3 8494/8193/3
f 8496/8195/3 8704/8189/3 8495/8194/3
f 8497/8196/3 8704/8189/3 8496/8195/3
f 8498/8197/3 8704/8189/3 8497/8196/3
f 8498/8197/3 8703/8198/3 8704/8189/3
f 8499/8199/3 8703/8198/3 8498/8197/3
f 8499/8199/3 8702/8200/3 8703/8198/3
f 8500/8201/3 8702/8200/3 8499/8199/3
f 8500/8201/3 8701/8202/3 8702/8200/3
f 8501/8203/3 8701/8202/3 8500/8201/3
f 8501/8203/3 8700/8204/3 8701/8202/3
f 8502/8205/3 8700/8204/3 8501/8203/3
f 8502/8205/3 8699/8206/3 8700/8204/3
f 8503/8207/3 8699/8206/3 8502/8205/3
f 8503/8207/3 8698/8208/3 8699/8206/3
f 8503/8207/3 8697/8209/3 8698/8208/3
f 8504/8210/3 8697/8209/3 8503/8207/3
f 8504/8210/3 8696/8211/3 8697/8209/3
f 8505/8212/3 8696/8211/3 8504/8210/3
f 8505/8212/3 8695/8213/3 8696/8211/3
f 8506/8214/3 8695/8213/3 8505/8212/3
f 8506/8214/3 8694/8215/3 8695/8213/3
f 8507/8216/3 8694/8215/3 8506/8214/3
f 8507/8216/3 8693/8217/3 8694/8215/3
f 8508/8218/3 8693/8217/3 8507/8216/3
f 8508/8218/3 8692/8219/3 8693/8217/3
f 8509/8220/3 8692/8219/3 8508/8218/3
f 8509/8220/3 8691/8221/3 8692/8219/3
f 8509/8220/3 8690/8222/3 8691/8221/3
f 8510/8223/3 8690/8222/3 8509/8220/3
f 8510/8223/3 8689/8224/3 8690/8222/3
f 8511/8225/3 8689/8224/3 8510/8223/3
f 8511/8225/3 8688/8226/3 8689/8224/3
f 8512/8227/3 8688/8226/3 8511/8225/3
f 8513/8228/3 8688/8226/3 8512/8227/3
f 8513/8228/3 8687/8229/3 8688/8226/3
f 8514/8230/3 8687/8229/3 8513/8228/3
f 8514/8230/3 8686/8231/3 8687/8229/3
f 8515/8232/3 8686/8231/3 8514/8230/3
f 8515/8232/3 8685/8233/3 8686/8231/3
f 8516/8234/3 8685/8233/3 8515/8232/3
f 8516/8234/3 8684/8235/3 8685/8233/3
f 8517/8236/3 8684/8235/3 8516/8234/3
f 8517/8236/3 8683/8237/3 8684/8235/3
f 8518/8238/3 8683/8237/3 8517/8236/3
f 8518/8238/3 8682/8239/3 8683/8237/3
f 8519/8240/3 8682/8239/3 8518/8238/3
f 8519/8240/3 8681/8241/3 8682/8239/3
f 8520/8242/3 8819/8243/3 8519/8240/3
f 8819/8243/3 8681/8241/3 8519/8240/3
f 8520/8242/3 8818/8244/3 8819/8243/3
f 8820/8245/3 8681/8241/3 8819/8243/3
f 8820/8245/3 8680/8246/3 8681/8241/3
f 8520/8242/3 8817/8247/3 8818/8244/3
f 8821/8248/3 8680/8246/3 8820/8245/3
f 8520/8242/3 8816/8249/3 8817/8247/3
f 8726/8250/3 8680/8246/3 8821/8248/3
f 8521/8251/3 8816/8249/3 8520/8242/3
f 8521/8251/3 8815/8252/3 8816/8249/3
f 8727/8253/3 8680/8246/3 8726/8250/3
f 8521/8251/3 8814/8254/3 8815/8252/3
f 8728/8255/3 8680/8246/3 8727/8253/3
f 8521/8251/3 8813/8256/3 8814/8254/3
f 8729/8257/3 8680/8246/3 8728/8255/3
f 8521/8251/3 8812/8258/3 8813/8256/3
f 8730/8259/3 8680/8246/3 8729/8257/3
f 8521/8251/3 8811/8260/3 8812/8258/3
f 8731/8261/3 8680/8246/3 8730/8259/3
f 8521/8251/3 8810/8262/3 8811/8260/3
f 8732/8263/3 8680/8246/3 8731/8261/3
f 8521/8251/3 8809/8264/3 8810/8262/3
f 8521/8251/3 8808/8265/3 8809/8264/3
f 8733/8266/3 8680/8246/3 8732/8263/3
f 8522/8267/3 8808/8265/3 8521/8251/3
f 8733/8266/3 8679/8268/3 8680/8246/3
f 8522/8267/3 8807/8269/3 8808/8265/3
f 8734/8270/3 8679/8268/3 8733/8266/3
f 8522/8267/3 8806/8271/3 8807/8269/3
f 8522/8267/3 8805/8272/3 8806/8271/3
f 8735/8273/3 8679/8268/3 8734/8270/3
f 8522/8267/3 8804/8274/3 8805/8272/3
f 8522/8267/3 8803/8275/3 8804/8274/3
f 8736/8276/3 8679/8268/3 8735/8273/3
f 8523/8277/3 8803/8275/3 8522/8267/3
f 8736/8276/3 8678/8278/3 8679/8268/3
f 8523/8277/3 8802/8279/3 8803/8275/3
f 8737/8280/3 8678/8278/3 8736/8276/3
f 8523/8277/3 8801/8281/3 8802/8279/3
f 8523/8277/3 8800/8282/3 8801/8281/3
f 8524/8283/3 8800/8282/3 8523/8277/3
f 8738/8284/3 8678/8278/3 8737/8280/3
f 8524/8283/3 8799/8285/3 8800/8282/3
f 8738/8284/3 8677/8286/3 8678/8278/3
f 8739/8287/3 8677/8286/3 8738/8284/3
f 8524/8283/3 8798/8288/3 8799/8285/3
f 8739/8287/3 8676/8289/3 8677/8286/3
f 8525/8290/3 8798/8288/3 8524/8283/3
f 8525/8290/3 8797/8291/3 8798/8288/3
f 8739/8287/3 8675/8292/3 8676/8289/3
f 8740/8293/3 8675/8292/3 8739/8287/3
f 8740/8293/3 8674/8294/3 8675/8292/3
f 8526/8295/3 8797/8291/3 8525/8290/3
f 8740/8293/3 8673/8296/3 8674/8294/3
f 8526/8295/3 8796/8297/3 8797/8291/3
f 8740/8293/3 8672/8298/3 8673/8296/3
f 8527/8299/3 8796/8297/3 8526/8295/3
f 8740/8293/3 8671/8300/3 8672/8298/3
f 8741/8301/3 8671/8300/3 8740/8293/3
f 8741/8301/3 8670/8302/3 8671/8300/3
f 8527/8299/3 8795/8303/3 8796/8297/3
f 8528/8304/3 8795/8303/3 8527/8299/3
f 8741/8301/3 8669/8305/3 8670/8302/3
f 8741/8301/3 8668/8306/3 8669/8305/3
f 8741/8301/3 8667/8307/3 8668/8306/3
f 8529/8308/3 8795/8303/3 8528/8304/3
f 8741/8301/3 8666/8309/3 8667/8307/3
f 8742/8310/3 8666/8309/3 8741/8301/3
f 8742/8310/3 8665/8311/3 8666/8309/3
f 8529/8308/3 8794/8312/3 8795/8303/3
f 8530/8313/3 8794/8312/3 8529/8308/3
f 8742/8310/3 8664/8314/3 8665/8311/3
f 8531/8315/3 8794/8312/3 8530/8313/3
f 8742/8310/3 8663/8316/3 8664/8314/3
f 8743/8317/3 8663/8316/3 8742/8310/3
f 8531/8315/3 8793/8318/3 8794/8312/3
f 8532/8319/3 8793/8318/3 8531/8315/3
f 8743/8317/3 8662/8320/3 8663/8316/3
f 8533/8321/3 8793/8318/3 8532/8319/3
f 8743/8317/3 8661/8322/3 8662/8320/3
f 8744/8323/3 8661/8322/3 8743/8317/3
f 8533/8321/3 8792/8324/3 8793/8318/3
f 8534/8325/3 8792/8324/3 8533/8321/3
f 8744/8323/3 8660/8326/3 8661/8322/3
f 8745/8327/3 8660/8326/3 8744/8323/3
f 8534/8325/3 8791/8328/3 8792/8324/3
f 8535/8329/3 8791/8328/3 8534/8325/3
f 8745/8327/3 8659/8330/3 8660/8326/3
f 8745/8327/3 8658/8331/3 8659/8330/3
f 8536/8332/3 8791/8328/3 8535/8329/3
f 8746/8333/3 8658/8331/3 8745/8327/3
f 8536/8332/3 8790/8334/3 8791/8328/3
f 8746/8333/3 8657/8335/3 8658/8331/3
f 8537/8336/3 8790/8334/3 8536/8332/3
f 8746/8333/3 8656/8337/3 8657/8335/3
f 8538/8338/3 8790/8334/3 8537/8336/3
f 8747/8339/3 8656/8337/3 8746/8333/3
f 8538/8338/3 8789/8340/3 8790/8334/3
f 8747/8339/3 8655/8341/3 8656/8337/3
f 8539/8342/3 8789/8340/3 8538/8338/3
f 8747/8339/3 8654/8343/3 8655/8341/3
f 8540/8344/3 8789/8340/3 8539/8342/3
f 8540/8344/3 8788/8345/3 8789/8340/3
f 8748/8346/3 8654/8343/3 8747/8339/3
f 8748/8346/3 8653/8347/3 8654/8343/3
f 8541/8348/3 8788/8345/3 8540/8344/3
f 8748/8346/3 8652/8349/3 8653/8347/3
f 8748/8346/3 8651/8350/3 8652/8349/3
f 8542/8351/3 8788/8345/3 8541/8348/3
f 8542/8351/3 8787/8352/3 8788/8345/3
f 8748/8346/3 8650/8353/3 8651/8350/3
f 8749/8354/3 8650/8353/3 8748/8346/3
f 8749/8354/3 8649/8355/3 8650/8353/3
f 8543/8356/3 8787/8352/3 8542/8351/3
f 8749/8354/3 8648/8357/3 8649/8355/3
f 8543/8356/3 8786/8358/3 8787/8352/3
f 8749/8354/3 8647/8359/3 8648/8357/3
f 8750/8360/3 8647/8359/3 8749/8354/3
f 8544/8361/3 8786/8358/3 8543/8356/3
f 8750/8360/3 8646/8362/3 8647/8359/3
f 8544/8361/3 8785/8363/3 8786/8358/3
f 8545/8364/3 8785/8363/3 8544/8361/3
f 8751/8365/3 8646/8362/3 8750/8360/3
f 8751/8365/3 8645/8366/3 8646/8362/3
f 8545/8364/3 8784/8367/3 8785/8363/3
f 8752/8368/3 8645/8366/3 8751/8365/3
f 8752/8368/3 8644/8369/3 8645/8366/3
f 8546/8370/3 8784/8367/3 8545/8364/3
f 8546/8370/3 8783/8371/3 8784/8367/3
f 8753/8372/3 8644/8369/3 8752/8368/3
f 8753/8372/3 8643/8373/3 8644/8369/3
f 8546/8370/3 8782/8374/3 8783/8371/3
f 8754/8375/3 8643/8373/3 8753/8372/3
f 8547/8376/3 8782/8374/3 8546/8370/3
f 8754/8375/3 8642/8377/3 8643/8373/3
f 8547/8376/3 8781/8378/3 8782/8374/3
f 8755/8379/3 8642/8377/3 8754/8375/3
f 8548/8380/3 8781/8378/3 8547/8376/3
f 8548/8380/3 8780/8381/3 8781/8378/3
f 8756/8382/3 8642/8377/3 8755/8379/3
f 8756/8382/3 8641/8383/3 8642/8377/3
f 8548/8380/3 8779/8384/3 8780/8381/3
f 8757/8385/3 8641/8383/3 8756/8382/3
f 8549/8386/3 8779/8384/3 8548/8380/3
f 8549/8386/3 8778/8387/3 8779/8384/3
f 8758/8388/3 8641/8383/3 8757/8385/3
f 8549/8386/3 8777/8389/3 8778/8387/3
f 8759/8390/3 8641/8383/3 8758/8388/3
f 8550/8391/3 8777/8389/3 8549/8386/3
f 8550/8391/3 8776/8392/3 8777/8389/3
f 8760/8393/3 8641/8383/3 8759/8390/3
f 8760/8393/3 8640/8394/3 8641/8383/3
f 8550/8391/3 8775/8395/3 8776/8392/3
f 8761/8396/3 8640/8394/3 8760/8393/3
f 8551/8397/3 8775/8395/3 8550/8391/3
f 8551/8397/3 8774/8398/3 8775/8395/3
f 8762/8399/3 8640/8394/3 8761/8396/3
f 8551/8397/3 8773/8400/3 8774/8398/3
f 8763/8401/3 8640/8394/3 8762/8399/3
f 8552/8402/3 8773/8400/3 8551/8397/3
f 8552/8402/3 8772/8403/3 8773/8400/3
f 8764/8404/3 8640/8394/3 8763/8401/3
f 8552/8402/3 8771/8405/3 8772/8403/3
f 8765/8406/3 8640/8394/3 8764/8404/3
f 8552/8402/3 8770/8407/3 8771/8405/3
f 8766/8408/3 8640/8394/3 8765/8406/3
f 8553/8409/3 8770/8407/3 8552/8402/3
f 8766/8408/3 8639/8410/3 8640/8394/3
f 8553/8409/3 8769/8411/3 8770/8407/3
f 8767/8412/3 8639/8410/3 8766/8408/3
f 8553/8409/3 8768/8413/3 8769/8411/3
f 8768/8413/3 8639/8410/3 8767/8412/3
f 8553/8409/3 8639/8410/3 8768/8413/3
f 8554/8414/3 8639/8410/3 8553/8409/3
f 8555/8415/3 8639/8410/3 8554/8414/3
f 8555/8415/3 8638/8416/3 8639/8410/3
f 8556/8417/3 8638/8416/3 8555/8415/3
f 8557/8418/3 8638/8416/3 8556/8417/3
f 8557/8418/3 8637/8419/3 8638/8416/3
f 8558/8420/3 8637/8419/3 8557/8418/3
f 8559/8421/3 8637/8419/3 8558/8420/3
f 8559/8421/3 8636/8422/3 8637/8419/3
f 8560/8423/3 8636/8422/3 8559/8421/3
f 8560/8423/3 8635/8424/3 8636/8422/3
f 8561/8425/3 8635/8424/3 8560/8423/3
f 8562/8426/3 8635/8424/3 8561/8425/3
f 8562/8426/3 8634/8427/3 8635/8424/3
f 8563/8428/3 8634/8427/3 8562/8426/3
f 8563/8428/3 8633/8429/3 8634/8427/3
f 8564/8430/3 8633/8429/3 8563/8428/3
f 8564/8430/3 8632/8431/3 8633/8429/3
f 8565/8432/3 8632/8431/3 8564/8430/3
f 8566/8433/3 8632/8431/3 8565/8432/3
f 8566/8433/3 8631/8434/3 8632/8431/3
f 8567/8435/3 8631/8434/3 8566/8433/3
f 8567/8435/3 8630/8436/3 8631/8434/3
f 8568/8437/3 8630/8436/3 8567/8435/3
f 8568/8437/3 8629/8438/3 8630/8436/3
f 8569/8439/3 8629/8438/3 8568/8437/3
f 8569/8439/3 8628/8440/3 8629/8438/3
f 8570/8441/3 8628/8440/3 8569/8439/3
f 8570/8441/3 8627/8442/3 8628/8440/3
f 8571/8443/3 8627/8442/3 8570/8441/3
f 8571/8443/3 8626/8444/3 8627/8442/3
f 8572/8445/3 8626/8444/3 8571/8443/3
f 8572/8445/3 8625/8446/3 8626/8444/3
f 8573/8447/3 8625/8446/3 8572/8445/3
f 8573/8447/3 8624/8448/3 8625/8446/3
f 8574/8449/3 8624/8448/3 8573/8447/3
f 8574/8449/3 8623/8450/3 8624/8448/3
f 8575/8451/3 8623/8450/3 8574/8449/3
f 8575/8451/3 8622/8452/3 8623/8450/3
f 8575/8451/3 8621/8453/3 8622/8452/3
f 8576/8454/3 8621/8453/3 8575/8451/3
f 8576/8454/3 8620/8455/3 8621/8453/3
f 8577/8456/3 8620/8455/3 8576/8454/3
f 8577/8456/3 8619/8457/3 8620/8455/3
f 8578/8458/3 8619/8457/3 8577/8456/3
f 8578/8458/3 8618/8459/3 8619/8457/3
f 8579/8460/3 8618/8459/3 8578/8458/3
f 8579/8460/3 8617/8461/3 8618/8459/3
f 8579/8460/3 8616/8462/3 8617/8461/3
f 8580/8463/3 8616/8462/3 8579/8460/3
f 8580/8463/3 8615/8464/3 8616/8462/3
f 8580/8463/3 8614/8465/3 8615/8464/3
f 8580/8463/3 8613/8466/3 8614/8465/3
f 8581/8467/3 8613/8466/3 8580/8463/3
f 8581/8467/3 8612/8468/3 8613/8466/3
f 8581/8467/3 8611/8469/3 8612/8468/3
f 8581/8467/3 8610/8470/3 8611/8469/3
f 8582/8471/3 8610/8470/3 8581/8467/3
f 8582/8471/3 8609/8472/3 8610/8470/3
f 8582/8471/3 8608/8473/3 8609/8472/3
f 8583/8474/3 8608/8473/3 8582/8471/3
f 8584/8475/3 8608/8473/3 8583/8474/3
f 8584/8475/3 8607/8476/3 8608/8473/3
f 8585/8477/3 8607/8476/3 8584/8475/3
f 8586/8478/3 8607/8476/3 8585/8477/3
f 8587/8479/3 8607/8476/3 8586/8478/3
f 8588/8480/3 8607/8476/3 8587/8479/3
f 8589/8481/3 8607/8476/3 8588/8480/3
f 8589/8481/3 8606/8482/3 8607/8476/3
f 8590/8483/3 8606/8482/3 8589/8481/3
f 8591/8484/3 8606/8482/3 8590/8483/3
f 8592/8485/3 8606/8482/3 8591/8484/3
f 8593/8486/3 8606/8482/3 8592/8485/3
f 8594/8487/3 8606/8482/3 8593/8486/3
f 8595/8488/3 8606/8482/3 8594/8487/3
f 8595/8488/3 8605/8489/3 8606/8482/3
f 8596/8490/3 8605/8489/3 8595/8488/3
f 8596/8490/3 8604/8491/3 8605/8489/3
f 8597/8492/3 8604/8491/3 8596/8490/3
f 8597/8492/3 8603/8493/3 8604/8491/3
f 8598/8494/3 8603/8493/3 8597/8492/3
f 8598/8494/3 8602/8495/3 8603/8493/3
f 8599/8496/3 8602/8495/3 8598/8494/3
f 8599/8496/3 8601/8497/3 8602/8495/3
f 8600/8498/3 8601/8497/3 8599/8496/3
f 8822/8499/3 8832/8500/3 8833/8501/3
f 8822/8499/3 8831/8502/3 8832/8500/3
f 8822/8499/3 8830/8503/3 8831/8502/3
f 8822/8499/3 8829/8504/3 8830/8503/3
f 8823/8505/3 8829/8504/3 8822/8499/3
f 8823/8505/3 8828/8506/3 8829/8504/3
f 8823/8505/3 8827/8507/3 8828/8506/3
f 8823/8505/3 8826/8508/3 8827/8507/3
f 8823/8505/3 8825/8509/3 8826/8508/3
f 8824/8510/4 8825/8509/4 8823/8505/4
f 9678/8511/3 9676/8512/3 9677/8513/3
f 9679/8514/3 9676/8512/3 9678/8511/3
f 9679/8514/3 9675/8515/3 9676/8512/3
f 9679/8514/3 9674/8516/3 9675/8515/3
f 9680/8517/3 9674/8516/3 9679/8514/3
f 9680/8517/3 9673/8518/3 9674/8516/3
f 9681/8519/3 9673/8518/3 9680/8517/3
f 9681/8519/3 9672/8520/3 9673/8518/3
f 9682/8521/3 9672/8520/3 9681/8519/3
f 9682/8521/3 9671/8522/3 9672/8520/3
f 9683/8523/3 9671/8522/3 9682/8521/3
f 9683/8523/3 9670/8524/3 9671/8522/3
f 9684/8525/3 9670/8524/3 9683/8523/3
f 9684/8525/3 9669/8526/3 9670/8524/3
f 9685/8527/3 9669/8526/3 9684/8525/3
f 9685/8527/3 9668/8528/3 9669/8526/3
f 9685/8527/3 9667/8529/3 9668/8528/3
f 9686/8530/3 9667/8529/3 9685/8527/3
f 9686/8530/3 9666/8531/3 9667/8529/3
f 9687/8532/3 9666/8531/3 9686/8530/3
f 9687/8532/3 9665/8533/3 9666/8531/3
f 9688/8534/3 9665/8533/3 9687/8532/3
f 9688/8534/3 9664/8535/3 9665/8533/3
f 8834/8536/3 9664/8535/3 9688/8534/3
f 8834/8536/3 9663/8537/3 9664/8535/3
f 8835/8538/3 9663/8537/3 8834/8536/3
f 8836/8539/3 9663/8537/3 8835/8538/3
f 8836/8539/3 9662/8540/3 9663/8537/3
f 8837/8541/3 9662/8540/3 8836/8539/3
f 8838/8542/3 9662/8540/3 8837/8541/3
f 8838/8542/3 9661/8543/3 9662/8540/3
f 8839/8544/3 9661/8543/3 8838/8542/3
f 8839/8544/3 9660/8545/3 9661/8543/3
f 8840/8546/3 9660/8545/3 8839/8544/3
f 8841/8547/3 9660/8545/3 8840/8546/3
f 8841/8547/3 9659/8548/3 9660/8545/3
f 8842/8549/3 9659/8548/3 8841/8547/3
f 8843/8550/3 9659/8548/3 8842/8549/3
f 8843/8550/3 9658/8551/3 9659/8548/3
f 8844/8552/3 9658/8551/3 8843/8550/3
f 8845/8553/3 9658/8551/3 8844/8552/3
f 8845/8553/3 9657/8554/3 9658/8551/3
f 8846/8555/3 9657/8554/3 8845/8553/3
f 8846/8555/3 9656/8556/3 9657/8554/3
f 8847/8557/3 9656/8556/3 8846/8555/3
f 8847/8557/3 9655/8558/3 9656/8556/3
f 8848/8559/3 9655/8558/3 8847/8557/3
f 8848/8559/3 9654/8560/3 9655/8558/3
f 8848/8559/3 9653/8561/3 9654/8560/3
f 8849/8562/3 9653/8561/3 8848/8559/3
f 8849/8562/3 9652/8563/3 9653/8561/3
f 8850/8564/3 9652/8563/3 8849/8562/3
f 8850/8564/3 9651/8565/3 9652/8563/3
f 8851/8566/3 9651/8565/3 8850/8564/3
f 8851/8566/3 9650/8567/3 9651/8565/3
f 8852/8568/3 9650/8567/3 8851/8566/3
f 8852/8568/3 9649/8569/3 9650/8567/3
f 8853/8570/3 9649/8569/3 8852/8568/3
f 8853/8570/3 9648/8571/3 9649/8569/3
f 8853/8570/3 9647/8572/3 9648/8571/3
f 8854/8573/3 9647/8572/3 8853/8570/3
f 8854/8573/3 9646/8574/3 9647/8572/3
f 8854/8573/3 9645/8575/3 9646/8574/3
f 8855/8576/3 9645/8575/3 8854/8573/3
f 8855/8576/3 9644/8577/3 9645/8575/3
f 8855/8576/3 9643/8578/3 9644/8577/3
f 8855/8576/3 9642/8579/3 9643/8578/3
f 8856/8580/3 9642/8579/3 8855/8576/3
f 8856/8580/3 9641/8581/3 9642/8579/3
f 8856/8580/3 9640/8582/3 9641/8581/3
f 8856/8580/3 9639/8583/3 9640/8582/3
f 8856/8580/3 9638/8584/3 9639/8583/3
f 8857/8585/3 9638/8584/3 8856/8580/3
f 8857/8585/3 9637/8586/3 9638/8584/3
f 8857/8585/3 9636/8587/3 9637/8586/3
f 8857/8585/3 9635/8588/3 9636/8587/3
f 8858/8589/3 9635/8588/3 8857/8585/3
f 8858/8589/3 9634/8590/3 9635/8588/3
f 8858/8589/3 9633/8591/3 9634/8590/3
f 8859/8592/3 9633/8591/3 8858/8589/3
f 8859/8592/3 9632/8593/3 9633/8591/3
f 8859/8592/3 9631/8594/3 9632/8593/3
f 8860/8595/3 9631/8594/3 8859/8592/3
f 8860/8595/3 9630/8596/3 9631/8594/3
f 8860/8595/3 9629/8597/3 9630/8596/3
f 8861/8598/3 9629/8597/3 8860/8595/3
f 8861/8598/3 9628/8599/3 9629/8597/3
f 8861/8598/3 9627/8600/3 9628/8599/3
f 8862/8601/3 9627/8600/3 8861/8598/3
f 8862/8601/3 9626/8602/3 9627/8600/3
f 8862/8601/3 9625/8603/3 9626/8602/3
f 8863/8604/3 9625/8603/3 8862/8601/3
f 8863/8604/3 9624/8605/3 9625/8603/3
f 8864/8606/3 9624/8605/3 8863/8604/3
f 8864/8606/3 9623/8607/3 9624/8605/3
f 8864/8606/3 9622/8608/3 9623/8607/3
f 8865/8609/3 9622/8608/3 8864/8606/3
f 8865/8609/3 9621/8610/3 9622/8608/3
f 8865/8609/3 9620/8611/3 9621/8610/3
f 8866/8612/3 9620/8611/3 8865/8609/3
f 8866/8612/3 9619/8613/3 9620/8611/3
f 8866/8612/3 9618/8614/3 9619/8613/3
f 8867/8615/3 9618/8614/3 8866/8612/3
f 8867/8615/3 9617/8616/3 9618/8614/3
f 8867/8615/3 9616/8617/3 9617/8616/3
f 8868/8618/3 9616/8617/3 8867/8615/3
f 8868/8618/3 9615/8619/3 9616/8617/3
f 8868/8618/3 9614/8620/3 9615/8619/3
f 8868/8618/3 9613/8621/3 9614/8620/3
f 8869/8622/3 9613/8621/3 8868/8618/3
f 8869/8622/3 9612/8623/3 9613/8621/3
f 8869/8622/3 9611/8624/3 9612/8623/3
f 8870/8625/3 9611/8624/3 8869/8622/3
f 8870/8625/3 9610/8626/3 9611/8624/3
f 8870/8625/3 9609/8627/3 9610/8626/3
f 8871/8628/3 9609/8627/3 8870/8625/3
f 8871/8628/3 9608/8629/3 9609/8627/3
f 8872/8630/3 9608/8629/3 8871/8628/3
f 8872/8630/3 9607/8631/3 9608/8629/3
f 8872/8630/3 9606/8632/3 9607/8631/3
f 8873/8633/3 9606/8632/3 8872/8630/3
f 8873/8633/3 9605/8634/3 9606/8632/3
f 8874/8635/3 9605/8634/3 8873/8633/3
f 8874/8635/3 9604/8636/3 9605/8634/3
f 8875/8637/3 9604/8636/3 8874/8635/3
f 8875/8637/3 9603/8638/3 9604/8636/3
f 8876/8639/3 9603/8638/3 8875/8637/3
f 8876/8639/3 9602/8640/3 9603/8638/3
f 8877/8641/3 9602/8640/3 8876/8639/3
f 8877/8641/3 9601/8642/3 9602/8640/3
f 8878/8643/3 9601/8642/3 8877/8641/3
f 8878/8643/3 9600/8644/3 9601/8642/3
f 8879/8645/3 9600/8644/3 8878/8643/3
f 8880/8646/3 9600/8644/3 8879/8645/3
f 8880/8646/3 9599/8647/3 9600/8644/3
f 8881/8648/3 9599/8647/3 8880/8646/3
f 8881/8648/3 9598/8649/3 9599/8647/3
f 8882/8650/3 9598/8649/3 8881/8648/3
f 8883/8651/3 9598/8649/3 8882/8650/3
f 8883/8651/3 9597/8652/3 9598/8649/3
f 8883/8651/3 9596/8653/3 9597/8652/3
f 8884/8654/3 9596/8653/3 8883/8651/3
f 8884/8654/3 9595/8655/3 9596/8653/3
f 8885/8656/3 9595/8655/3 8884/8654/3
f 8885/8656/3 9594/8657/3 9595/8655/3
f 8885/8656/3 9593/8658/3 9594/8657/3
f 8886/8659/3 9593/8658/3 8885/8656/3
f 8886/8659/3 9592/8660/3 9593/8658/3
f 8886/8659/3 9591/8661/3 9592/8660/3
f 8887/8662/3 9591/8661/3 8886/8659/3
f 8887/8662/3 9590/8663/3 9591/8661/3
f 8887/8662/3 9589/8664/3 9590/8663/3
f 8888/8665/3 9589/8664/3 8887/8662/3
f 8888/8665/3 9588/8666/3 9589/8664/3
f 8888/8665/3 9587/8667/3 9588/8666/3
f 8889/8668/3 9587/8667/3 8888/8665/3
f 8889/8668/3 9586/8669/3 9587/8667/3
f 8890/8670/3 9586/8669/3 8889/8668/3
f 8890/8670/3 9585/8671/3 9586/8669/3
f 8890/8670/3 9584/8672/3 9585/8671/3
f 8891/8673/3 9584/8672/3 8890/8670/3
f 8891/8673/3 9583/8674/3 9584/8672/3
f 8891/8673/3 9582/8675/3 9583/8674/3
f 8892/8676/3 9582/8675/3 8891/8673/3
f 8892/8676/3 9581/8677/3 9582/8675/3
f 8893/8678/3 9581/8677/3 8892/8676/3
f 8893/8678/3 9580/8679/3 9581/8677/3
f 8893/8678/3 9579/8680/3 9580/8679/3
f 8894/8681/3 9579/8680/3 8893/8678/3
f 8894/8681/3 9578/8682/3 9579/8680/3
f 8895/8683/3 9578/8682/3 8894/8681/3
f 8895/8683/3 9577/8684/3 9578/8682/3
f 8895/8683/3 9576/8685/3 9577/8684/3
f 8896/8686/3 9576/8685/3 8895/8683/3
f 8896/8686/3 9575/8687/3 9576/8685/3
f 8897/8688/3 9575/8687/3 8896/8686/3
f 8897/8688/3 9574/8689/3 9575/8687/3
f 8898/8690/3 9574/8689/3 8897/8688/3
f 8898/8690/3 9573/8691/3 9574/8689/3
f 8899/8692/3 9573/8691/3 8898/8690/3
f 8899/8692/3 9572/8693/3 9573/8691/3
f 8899/8692/3 9571/8694/3 9572/8693/3
f 8900/8695/3 10007/8696/3 8899/8692/3
f 10007/8696/3 9571/8694/3 8899/8692/3
f 10007/8696/3 9570/8697/3 9571/8694/3
f 8900/8695/3 10006/8698/3 10007/8696/3
f 10008/8699/3 9570/8697/3 10007/8696/3
f 10009/8700/3 9570/8697/3 10008/8699/3
f 8900/8695/3 10005/8701/3 10006/8698/3
f 10010/8702/3 9570/8697/3 10009/8700/3
f 8901/8703/3 10005/8701/3 8900/8695/3
f 8901/8703/3 10004/8704/3 10005/8701/3
f 10010/8702/3 9569/8705/3 9570/8697/3
f 10011/8706/3 9569/8705/3 10010/8702/3
f 8901/8703/3 10003/8707/3 10004/8704/3
f 10012/8708/3 9569/8705/3 10011/8706/3
f 10012/8708/3 9568/8709/3 9569/8705/3
f 8902/8710/3 10003/8707/3 8901/8703/3
f 8902/8710/3 10002/8711/3 10003/8707/3
f 10012/8708/3 9567/8712/3 9568/8709/3
f 10013/8713/3 9567/8712/3 10012/8708/3
f 8903/8714/3 10002/8711/3 8902/8710/3
f 10013/8713/3 9566/8715/3 9567/8712/3
f 8903/8714/3 10001/8716/3 10002/8711/3
f 9689/8717/3 9566/8715/3 10013/8713/3
f 8903/8714/3 10000/8718/3 10001/8716/3
f 8903/8714/3 9999/8719/3 10000/8718/3
f 9689/8717/3 9565/8720/3 9566/8715/3
f 8903/8714/3 9998/8721/3 9999/8719/3
f 9690/8722/3 9565/8720/3 9689/8717/3
f 8904/8723/3 9998/8721/3 8903/8714/3
f 9690/8722/3 9564/8724/3 9565/8720/3
f 8904/8723/3 9997/8725/3 9998/8721/3
f 9691/8726/3 9564/8724/3 9690/8722/3
f 8904/8723/3 9996/8727/3 9997/8725/3
f 9691/8726/3 9563/8728/3 9564/8724/3
f 9692/8729/3 9563/8728/3 9691/8726/3
f 8904/8723/3 9995/8730/3 9996/8727/3
f 8905/8731/3 9995/8730/3 8904/8723/3
f 9692/8729/3 9562/8732/3 9563/8728/3
f 8905/8731/3 9994/8733/3 9995/8730/3
f 9693/8734/3 9562/8732/3 9692/8729/3
f 8905/8731/3 9993/8735/3 9994/8733/3
f 9693/8734/3 9561/8736/3 9562/8732/3
f 9694/8737/3 9561/8736/3 9693/8734/3
f 8905/8731/3 9992/8738/3 9993/8735/3
f 9694/8737/3 9560/8739/3 9561/8736/3
f 9695/8740/3 9560/8739/3 9694/8737/3
f 8906/8741/3 9992/8738/3 8905/8731/3
f 8906/8741/3 9991/8742/3 9992/8738/3
f 9695/8740/3 9559/8743/3 9560/8739/3
f 9696/8744/3 9559/8743/3 9695/8740/3
f 8906/8741/3 9990/8745/3 9991/8742/3
f 9696/8744/3 9558/8746/3 9559/8743/3
f 8906/8741/3 9989/8747/3 9990/8745/3
f 9697/8748/3 9558/8746/3 9696/8744/3
f 9697/8748/3 9557/8749/3 9558/8746/3
f 8907/8750/3 9989/8747/3 8906/8741/3
f 8907/8750/3 9988/8751/3 9989/8747/3
f 9698/8752/3 9557/8749/3 9697/8748/3
f 9698/8752/3 9556/8753/3 9557/8749/3
f 8907/8750/3 9987/8754/3 9988/8751/3
f 8908/8755/3 9987/8754/3 8907/8750/3
f 9698/8752/3 9555/8756/3 9556/8753/3
f 9699/8757/3 9555/8756/3 9698/8752/3
f 8908/8755/3 9986/8758/3 9987/8754/3
f 9699/8757/3 9554/8759/3 9555/8756/3
f 9700/8760/3 9554/8759/3 9699/8757/3
f 8908/8755/3 9985/8761/3 9986/8758/3
f 8909/8762/3 9985/8761/3 8908/8755/3
f 9700/8760/3 9553/8763/3 9554/8759/3
f 8909/8762/3 9984/8764/3 9985/8761/3
f 9701/8765/3 9553/8763/3 9700/8760/3
f 9701/8765/3 9552/8766/3 9553/8763/3
f 8910/8767/3 9984/8764/3 8909/8762/3
f 8910/8767/3 9983/8768/3 9984/8764/3
f 9702/8769/3 9552/8766/3 9701/8765/3
f 9702/8769/3 9551/8770/3 9552/8766/3
f 8910/8767/3 9982/8771/3 9983/8768/3
f 8911/8772/3 9982/8771/3 8910/8767/3
f 9702/8769/3 9550/8773/3 9551/8770/3
f 8911/8772/3 9981/8774/3 9982/8771/3
f 9703/8775/3 9550/8773/3 9702/8769/3
f 8911/8772/3 9980/8776/3 9981/8774/3
f 9703/8775/3 9549/8777/3 9550/8773/3
f 8912/8778/3 9980/8776/3 8911/8772/3
f 8912/8778/3 9979/8779/3 9980/8776/3
f 9703/8775/3 9548/8780/3 9549/8777/3
f 8912/8778/3 9978/8781/3 9979/8779/3
f 8913/8782/3 9978/8781/3 8912/8778/3
f 8913/8782/3 9977/8783/3 9978/8781/3
f 9704/8784/3 9548/8780/3 9703/8775/3
f 9704/8784/3 9547/8785/3 9548/8780/3
f 8913/8782/3 9976/8786/3 9977/8783/3
f 9704/8784/3 9546/8787/3 9547/8785/3
f 8914/8788/3 9976/8786/3 8913/8782/3
f 8914/8788/3 9975/8789/3 9976/8786/3
f 9704/8784/3 9545/8790/3 9546/8787/3
f 9705/8791/3 9545/8790/3 9704/8784/3
f 8914/8788/3 9974/8792/3 9975/8789/3
f 8915/8793/3 9974/8792/3 8914/8788/3
f 9705/8791/3 9544/8794/3 9545/8790/3
f 8915/8793/3 9973/8795/3 9974/8792/3
f 8916/8796/3 9973/8795/3 8915/8793/3
f 8916/8796/3 9972/8797/3 9973/8795/3
f 9706/8798/3 9544/8794/3 9705/8791/3
f 8917/8799/3 9972/8797/3 8916/8796/3
f 9706/8798/3 9543/8800/3 9544/8794/3
f 8917/8799/3 9971/8801/3 9972/8797/3
f 8918/8802/3 9971/8801/3 8917/8799/3
f 9707/8803/3 9543/8800/3 9706/8798/3
f 8918/8802/3 9970/8804/3 9971/8801/3
f 8919/8805/3 9970/8804/3 8918/8802/3
f 8920/8806/3 9970/8804/3 8919/8805/3
f 8920/8806/3 9969/8807/3 9970/8804/3
f 8921/8808/3 9969/8807/3 8920/8806/3
f 9707/8803/3 9542/8809/3 9543/8800/3
f 9708/8810/3 9542/8809/3 9707/8803/3
f 8922/8811/3 9969/8807/3 8921/8808/3
f 8922/8811/3 9968/8812/3 9969/8807/3
f 8923/8813/3 9968/8812/3 8922/8811/3
f 8923/8813/3 9967/8814/3 9968/8812/3
f 8924/8815/3 9967/8814/3 8923/8813/3
f 9709/8816/3 9542/8809/3 9708/8810/3
f 8925/8817/3 9967/8814/3 8924/8815/3
f 8925/8817/3 9966/8818/3 9967/8814/3
f 9709/8816/3 9541/8819/3 9542/8809/3
f 8926/8820/3 9966/8818/3 8925/8817/3
f 9710/8821/3 9541/8819/3 9709/8816/3
f 8926/8820/3 9965/8822/3 9966/8818/3
f 8927/8823/3 9965/8822/3 8926/8820/3
f 8928/8824/3 9965/8822/3 8927/8823/3
f 8928/8824/3 9964/8825/3 9965/8822/3
f 8929/8826/3 9964/8825/3 8928/8824/3
f 8930/8827/3 9964/8825/3 8929/8826/3
f 9711/8828/3 9541/8819/3 9710/8821/3
f 9711/8828/3 9540/8829/3 9541/8819/3
f 8930/8827/3 9963/8830/3 9964/8825/3
f 8931/8831/3 9963/8830/3 8930/8827/3
f 8931/8831/3 9962/8832/3 9963/8830/3
f 8932/8833/3 9962/8832/3 8931/8831/3
f 9712/8834/3 9540/8829/3 9711/8828/3
f 8932/8833/3 9961/8835/3 9962/8832/3
f 8933/8836/3 9961/8835/3 8932/8833/3
f 9712/8834/3 9539/8837/3 9540/8829/3
f 8933/8836/3 9960/8838/3 9961/8835/3
f 9713/8839/3 9539/8837/3 9712/8834/3
f 8933/8836/3 9959/8840/3 9960/8838/3
f 8934/8841/3 9959/8840/3 8933/8836/3
f 8934/8841/3 9958/8842/3 9959/8840/3
f 8935/8843/3 9958/8842/3 8934/8841/3
f 8935/8843/3 9957/8844/3 9958/8842/3
f 9714/8845/3 9539/8837/3 9713/8839/3
f 9714/8845/3 9538/8846/3 9539/8837/3
f 8935/8843/3 9956/8847/3 9957/8844/3
f 9715/8848/3 9538/8846/3 9714/8845/3
f 8936/8849/3 9956/8847/3 8935/8843/3
f 8936/8849/3 9955/8850/3 9956/8847/3
f 8936/8849/3 9954/8851/3 9955/8850/3
f 9716/8852/3 9538/8846/3 9715/8848/3
f 8936/8849/3 9953/8853/3 9954/8851/3
f 8937/8854/3 9953/8853/3 8936/8849/3
f 9717/8855/3 9538/8846/3 9716/8852/3
f 8937/8854/3 9952/8856/3 9953/8853/3
f 9717/8855/3 9537/8857/3 9538/8846/3
f 8938/8858/3 9952/8856/3 8937/8854/3
f 9718/8859/3 9537/8857/3 9717/8855/3
f 9719/8860/3 9537/8857/3 9718/8859/3
f 8939/8861/3 9952/8856/3 8938/8858/3
f 8939/8861/3 9951/8862/3 9952/8856/3
f 9720/8863/3 9537/8857/3 9719/8860/3
f 8940/8864/3 9951/8862/3 8939/8861/3
f 9720/8863/3 9536/8865/3 9537/8857/3
f 8940/8864/3 9950/8866/3 9951/8862/3
f 9721/8867/3 9536/8865/3 9720/8863/3
f 8941/8868/3 9950/8866/3 8940/8864/3
f 9722/8869/3 9536/8865/3 9721/8867/3
f 8942/8870/3 9950/8866/3 8941/8868/3
f 9723/8871/3 9536/8865/3 9722/8869/3
f 8942/8870/3 9949/8872/3 9950/8866/3
f 8943/8873/3 9949/8872/3 8942/8870/3
f 9724/8874/3 9536/8865/3 9723/8871/3
f 8944/8875/3 9949/8872/3 8943/8873/3
f 9724/8874/3 9535/8876/3 9536/8865/3
f 9725/8877/3 9535/8876/3 9724/8874/3
f 8945/8878/3 9949/8872/3 8944/8875/3
f 9726/8879/3 9535/8876/3 9725/8877/3
f 8945/8878/3 9948/8880/3 9949/8872/3
f 8946/8881/3 9948/8880/3 8945/8878/3
f 9727/8882/3 9535/8876/3 9726/8879/3
f 8947/8883/3 9948/8880/3 8946/8881/3
f 9728/8884/3 9535/8876/3 9727/8882/3
f 9728/8884/3 9534/8885/3 9535/8876/3
f 8948/8886/3 9948/8880/3 8947/8883/3
f 9729/8887/3 9534/8885/3 9728/8884/3
f 8948/8886/3 9947/8888/3 9948/8880/3
f 9730/8889/3 9534/8885/3 9729/8887/3
f 8949/8890/3 9947/8888/3 8948/8886/3
f 9731/8891/3 9534/8885/3 9730/8889/3
f 9731/8891/3 9533/8892/3 9534/8885/3
f 8950/8893/3 9947/8888/3 8949/8890/3
f 8950/8893/3 9946/8894/3 9947/8888/3
f 9732/8895/3 9533/8892/3 9731/8891/3
f 9733/8896/3 9533/8892/3 9732/8895/3
f 8951/8897/3 9946/8894/3 8950/8893/3
f 9733/8896/3 9532/8898/3 9533/8892/3
f 9734/8899/3 9532/8898/3 9733/8896/3
f 8951/8897/3 9945/8900/3 9946/8894/3
f 9734/8899/3 9531/8901/3 9532/8898/3
f 9735/8902/3 9531/8901/3 9734/8899/3
f 8952/8903/3 9945/8900/3 8951/8897/3
f 9735/8902/3 9530/8904/3 9531/8901/3
f 9736/8905/3 9530/8904/3 9735/8902/3
f 8952/8903/3 9944/8906/3 9945/8900/3
f 9736/8905/3 9529/8907/3 9530/8904/3
f 9737/8908/3 9529/8907/3 9736/8905/3
f 9737/8908/3 9528/8909/3 9529/8907/3
f 9738/8910/3 9528/8909/3 9737/8908/3
f 8953/8911/3 9944/8906/3 8952/8903/3
f 8953/8911/3 9943/8912/3 9944/8906/3
f 9739/8913/3 9528/8909/3 9738/8910/3
f 9739/8913/3 9527/8914/3 9528/8909/3
f 9740/8915/3 9527/8914/3 9739/8913/3
f 9740/8915/3 9526/8916/3 9527/8914/3
f 8953/8911/3 9942/8917/3 9943/8912/3
f 9741/8918/3 9526/8916/3 9740/8915/3
f 9741/8918/3 9525/8919/3 9526/8916/3
f 8954/8920/3 9942/8917/3 8953/8911/3
f 9742/8921/3 9525/8919/3 9741/8918/3
f 9742/8921/3 9524/8922/3 9525/8919/3
f 8954/8920/3 9941/8923/3 9942/8917/3
f 9743/8924/3 9524/8922/3 9742/8921/3
f 8954/8920/3 9940/8925/3 9941/8923/3
f 9743/8924/3 9523/8926/3 9524/8922/3
f 9744/8927/3 9523/8926/3 9743/8924/3
f 8954/8920/3 9939/8928/3 9940/8925/3
f 9744/8927/3 9522/8929/3 9523/8926/3
f 9745/8930/3 9522/8929/3 9744/8927/3
f 8954/8920/3 9938/8931/3 9939/8928/3
f 8955/8932/3 9938/8931/3 8954/8920/3
f 9745/8930/3 9521/8933/3 9522/8929/3
f 9746/8934/3 9521/8933/3 9745/8930/3
f 8955/8932/3 9937/8935/3 9938/8931/3
f 9747/8936/3 9521/8933/3 9746/8934/3
f 9747/8936/3 9520/8937/3 9521/8933/3
f 8955/8932/3 9936/8938/3 9937/8935/3
f 8956/8939/3 9936/8938/3 8955/8932/3
f 9748/8940/3 9520/8937/3 9747/8936/3
f 8956/8939/3 9935/8941/3 9936/8938/3
f 9749/8942/3 9520/8937/3 9748/8940/3
f 9749/8942/3 9519/8943/3 9520/8937/3
f 9750/8944/3 9519/8943/3 9749/8942/3
f 8956/8939/3 9934/8945/3 9935/8941/3
f 8957/8946/3 9934/8945/3 8956/8939/3
f 9751/8947/3 9519/8943/3 9750/8944/3
f 8957/8946/3 9933/8948/3 9934/8945/3
f 9752/8949/3 9519/8943/3 9751/8947/3
f 9752/8949/3 9518/8950/3 9519/8943/3
f 8957/8946/3 9932/8951/3 9933/8948/3
f 9753/8952/3 9518/8950/3 9752/8949/3
f 8958/8953/3 9932/8951/3 8957/8946/3
f 8958/8953/3 9931/8954/3 9932/8951/3
f 9754/8955/3 9518/8950/3 9753/8952/3
f 9754/8955/3 9517/8956/3 9518/8950/3
f 8958/8953/3 9930/8957/3 9931/8954/3
f 9755/8958/3 9517/8956/3 9754/8955/3
f 8958/8953/3 9929/8959/3 9930/8957/3
f 9756/8960/3 9517/8956/3 9755/8958/3
f 8959/8961/3 9929/8959/3 8958/8953/3
f 8959/8961/3 9928/8962/3 9929/8959/3
f 9757/8963/3 9517/8956/3 9756/8960/3
f 8959/8961/3 9927/8964/3 9928/8962/3
f 9758/8965/3 9517/8956/3 9757/8963/3
f 9758/8965/3 9516/8966/3 9517/8956/3
f 8959/8961/3 9926/8967/3 9927/8964/3
f 9759/8968/3 9516/8966/3 9758/8965/3
f 8960/8969/3 9926/8967/3 8959/8961/3
f 9760/8970/3 9516/8966/3 9759/8968/3
f 8960/8969/3 9925/8971/3 9926/8967/3
f 9761/8972/3 9516/8966/3 9760/8970/3
f 9762/8973/3 9516/8966/3 9761/8972/3
f 9762/8973/3 9515/8974/3 9516/8966/3
f 8960/8969/3 9924/8975/3 9925/8971/3
f 9763/8976/3 9515/8974/3 9762/8973/3
f 8961/8977/3 9924/8975/3 8960/8969/3
f 9764/8978/3 9515/8974/3 9763/8976/3
f 8961/8977/3 9923/8979/3 9924/8975/3
f 9765/8980/3 9515/8974/3 9764/8978/3
f 8962/8981/3 9923/8979/3 8961/8977/3
f 8962/8981/3 9922/8982/3 9923/8979/3
f 9765/8980/3 9514/8983/3 9515/8974/3
f 9766/8984/3 9514/8983/3 9765/8980/3
f 8962/8981/3 9921/8985/3 9922/8982/3
f 9767/8986/3 9514/8983/3 9766/8984/3
f 8963/8987/3 9921/8985/3 8962/8981/3
f 8963/8987/3 9920/8988/3 9921/8985/3
f 9768/8989/3 9514/8983/3 9767/8986/3
f 9768/8989/3 9513/8990/3 9514/8983/3
f 8964/8991/3 9920/8988/3 8963/8987/3
f 8964/8991/3 9919/8992/3 9920/8988/3
f 9769/8993/3 9513/8990/3 9768/8989/3
f 8965/8994/3 9919/8992/3 8964/8991/3
f 8965/8994/3 9918/8995/3 9919/8992/3
f 9770/8996/3 9513/8990/3 9769/8993/3
f 9770/8996/3 9512/8997/3 9513/8990/3
f 8966/8998/3 9918/8995/3 8965/8994/3
f 8966/8998/3 9917/8999/3 9918/8995/3
f 9771/9000/3 9512/8997/3 9770/8996/3
f 8967/9001/3 9917/8999/3 8966/8998/3
f 8967/9001/3 9916/9002/3 9917/8999/3
f 8968/9003/3 9916/9002/3 8967/9001/3
f 9772/9004/3 9512/8997/3 9771/9000/3
f 8969/9005/3 9916/9002/3 8968/9003/3
f 8969/9005/3 9915/9006/3 9916/9002/3
f 9772/9004/3 9511/9007/3 9512/8997/3
f 8970/9008/3 9915/9006/3 8969/9005/3
f 9773/9009/3 9511/9007/3 9772/9004/3
f 8970/9008/3 9914/9010/3 9915/9006/3
f 8971/9011/3 9914/9010/3 8970/9008/3
f 9774/9012/3 9511/9007/3 9773/9009/3
f 8971/9011/3 9913/9013/3 9914/9010/3
f 8972/9014/3 9913/9013/3 8971/9011/3
f 9774/9012/3 9510/9015/3 9511/9007/3
f 8973/9016/3 9913/9013/3 8972/9014/3
f 8973/9016/3 9912/9017/3 9913/9013/3
f 9775/9018/3 9510/9015/3 9774/9012/3
f 8974/9019/3 9912/9017/3 8973/9016/3
f 8974/9019/3 9911/9020/3 9912/9017/3
f 9776/9021/3 9510/9015/3 9775/9018/3
f 8975/9022/3 9911/9020/3 8974/9019/3
f 8975/9022/3 9910/9023/3 9911/9020/3
f 9776/9021/3 9509/9024/3 9510/9015/3
f 9777/9025/3 9509/9024/3 9776/9021/3
f 8976/9026/3 9910/9023/3 8975/9022/3
f 8976/9026/3 9909/9027/3 9910/9023/3
f 8977/9028/3 9909/9027/3 8976/9026/3
f 8977/9028/3 9908/9029/3 9909/9027/3
f 9778/9030/3 9509/9024/3 9777/9025/3
f 8978/9031/3 9908/9029/3 8977/9028/3
f 8978/9031/3 9907/9032/3 9908/9029/3
f 9779/9033/3 9509/9024/3 9778/9030/3
f 9779/9033/3 9508/9034/3 9509/9024/3
f 8978/9031/3 9906/9035/3 9907/9032/3
f 8979/9036/3 9906/9035/3 8978/9031/3
f 8979/9036/3 9905/9037/3 9906/9035/3
f 9779/9033/3 9507/9038/3 9508/9034/3
f 8980/9039/3 9905/9037/3 8979/9036/3
f 9780/9040/3 9507/9038/3 9779/9033/3
f 9780/9040/3 9506/9041/3 9507/9038/3
f 8981/9042/3 9905/9037/3 8980/9039/3
f 9781/9043/3 9506/9041/3 9780/9040/3
f 9781/9043/3 9505/9044/3 9506/9041/3
f 8981/9042/3 9904/9045/3 9905/9037/3
f 8982/9046/3 9904/9045/3 8981/9042/3
f 9781/9043/3 9504/9047/3 9505/9044/3
f 9782/9048/3 9504/9047/3 9781/9043/3
f 8983/9049/3 9904/9045/3 8982/9046/3
f 9782/9048/3 9503/9050/3 9504/9047/3
f 9783/9051/3 9503/9050/3 9782/9048/3
f 8984/9052/3 9904/9045/3 8983/9049/3
f 8984/9052/3 9903/9053/3 9904/9045/3
f 9783/9051/3 9502/9054/3 9503/9050/3
f 9784/9055/3 9502/9054/3 9783/9051/3
f 8985/9056/3 9903/9053/3 8984/9052/3
f 9785/9057/3 9502/9054/3 9784/9055/3
f 9785/9057/3 9501/9058/3 9502/9054/3
f 8986/9059/3 9903/9053/3 8985/9056/3
f 9786/9060/3 9501/9058/3 9785/9057/3
f 9786/9060/3 9500/9061/3 9501/9058/3
f 8987/9062/3 9903/9053/3 8986/9059/3
f 8987/9062/3 9902/9063/3 9903/9053/3
f 9787/9064/3 9500/9061/3 9786/9060/3
f 9787/9064/3 9499/9065/3 9500/9061/3
f 8988/9066/3 9902/9063/3 8987/9062/3
f 9788/9067/3 9499/9065/3 9787/9064/3
f 8989/9068/3 9902/9063/3 8988/9066/3
f 9788/9067/3 9498/9069/3 9499/9065/3
f 9789/9070/3 9498/9069/3 9788/9067/3
f 8990/9071/3 9902/9063/3 8989/9068/3
f 9789/9070/3 9497/9072/3 9498/9069/3
f 8990/9071/3 9901/9073/3 9902/9063/3
f 8991/9074/3 9901/9073/3 8990/9071/3
f 9789/9070/3 9496/9075/3 9497/9072/3
f 9790/9076/3 9496/9075/3 9789/9070/3
f 8992/9077/3 9901/9073/3 8991/9074/3
f 8993/9078/3 9901/9073/3 8992/9077/3
f 8994/9079/3 9901/9073/3 8993/9078/3
f 9791/9080/3 9496/9075/3 9790/9076/3
f 8994/9079/3 9900/9081/3 9901/9073/3
f 8995/9082/3 9900/9081/3 8994/9079/3
f 9791/9080/3 9495/9083/3 9496/9075/3
f 9792/9084/3 9495/9083/3 9791/9080/3
f 8996/9085/3 9900/9081/3 8995/9082/3
f 8997/9086/3 9900/9081/3 8996/9085/3
f 9793/9087/3 9495/9083/3 9792/9084/3
f 8998/9088/3 9900/9081/3 8997/9086/3
f 9793/9087/3 9494/9089/3 9495/9083/3
f 8998/9088/3 9899/9090/3 9900/9081/3
f 8999/9091/3 9899/9090/3 8998/9088/3
f 9000/9092/3 9899/9090/3 8999/9091/3
f 9794/9093/3 9494/9089/3 9793/9087/3
f 9001/9094/3 9899/9090/3 9000/9092/3
f 9794/9093/3 9493/9095/3 9494/9089/3
f 9002/9096/3 9899/9090/3 9001/9094/3
f 9795/9097/3 9493/9095/3 9794/9093/3
f 9003/9098/3 9899/9090/3 9002/9096/3
f 9003/9098/3 9898/9099/3 9899/9090/3
f 9004/9100/3 9898/9099/3 9003/9098/3
f 9796/9101/3 9493/9095/3 9795/9097/3
f 9005/9102/3 9898/9099/3 9004/9100/3
f 9796/9101/3 9492/9103/3 9493/9095/3
f 9006/9104/3 9898/9099/3 9005/9102/3
f 9797/9105/3 9492/9103/3 9796/9101/3
f 9007/9106/3 9898/9099/3 9006/9104/3
f 9007/9106/3 9897/9107/3 9898/9099/3
f 9008/9108/3 9897/9107/3 9007/9106/3
f 9797/9105/3 9491/9109/3 9492/9103/3
f 9798/9110/3 9491/9109/3 9797/9105/3
f 9009/9111/3 9897/9107/3 9008/9108/3
f 9010/9112/3 9897/9107/3 9009/9111/3
f 9799/9113/3 9491/9109/3 9798/9110/3
f 9799/9113/3 9490/9114/3 9491/9109/3
f 9010/9112/3 9896/9115/3 9897/9107/3
f 9011/9116/3 9896/9115/3 9010/9112/3
f 9800/9117/3 9490/9114/3 9799/9113/3
f 9012/9118/3 9896/9115/3 9011/9116/3
f 9013/9119/3 9896/9115/3 9012/9118/3
f 9800/9117/3 9489/9120/3 9490/9114/3
f 9801/9121/3 9489/9120/3 9800/9117/3
f 9014/9122/3 9896/9115/3 9013/9119/3
f 9014/9122/3 9895/9123/3 9896/9115/3
f 9015/9124/3 9895/9123/3 9014/9122/3
f 9802/9125/3 9489/9120/3 9801/9121/3
f 9802/9125/3 9488/9126/3 9489/9120/3
f 9016/9127/3 9895/9123/3 9015/9124/3
f 9803/9128/3 9488/9126/3 9802/9125/3
f 9017/9129/3 9895/9123/3 9016/9127/3
f 9803/9128/3 9487/9130/3 9488/9126/3
f 9018/9131/3 9895/9123/3 9017/9129/3
f 9018/9131/3 9894/9132/3 9895/9123/3
f 9804/9133/3 9487/9130/3 9803/9128/3
f 9019/9134/3 9894/9132/3 9018/9131/3
f 9804/9133/3 9486/9135/3 9487/9130/3
f 9805/9136/3 9486/9135/3 9804/9133/3
f 9020/9137/3 9894/9132/3 9019/9134/3
f 9021/9138/3 9894/9132/3 9020/9137/3
f 9806/9139/3 9486/9135/3 9805/9136/3
f 9806/9139/3 9485/9140/3 9486/9135/3
f 9021/9138/3 9893/9141/3 9894/9132/3
f 9022/9142/3 9893/9141/3 9021/9138/3
f 9807/9143/3 9485/9140/3 9806/9139/3
f 9023/9144/3 9893/9141/3 9022/9142/3
f 9807/9143/3 9484/9145/3 9485/9140/3
f 9808/9146/3 9484/9145/3 9807/9143/3
f 9024/9147/3 9893/9141/3 9023/9144/3
f 9024/9147/3 9892/9148/3 9893/9141/3
f 9808/9146/3 9483/9149/3 9484/9145/3
f 9025/9150/3 9892/9148/3 9024/9147/3
f 9809/9151/3 9483/9149/3 9808/9146/3
f 9809/9151/3 9482/9152/3 9483/9149/3
f 9026/9153/3 9892/9148/3 9025/9150/3
f 9810/9154/3 9482/9152/3 9809/9151/3
f 9810/9154/3 9481/9155/3 9482/9152/3
f 9027/9156/3 9892/9148/3 9026/9153/3
f 9027/9156/3 9891/9157/3 9892/9148/3
f 9811/9158/3 9481/9155/3 9810/9154/3
f 9811/9158/3 9480/9159/3 9481/9155/3
f 9812/9160/3 9480/9159/3 9811/9158/3
f 9812/9160/3 9479/9161/3 9480/9159/3
f 9813/9162/3 9479/9161/3 9812/9160/3
f 9813/9162/3 9478/9163/3 9479/9161/3
f 9027/9156/3 9890/9164/3 9891/9157/3
f 9814/9165/3 9478/9163/3 9813/9162/3
f 9814/9165/3 9477/9166/3 9478/9163/3
f 9028/9167/3 9890/9164/3 9027/9156/3
f 9815/9168/3 9477/9166/3 9814/9165/3
f 9815/9168/3 9476/9169/3 9477/9166/3
f 9816/9170/3 9476/9169/3 9815/9168/3
f 9816/9170/3 9475/9171/3 9476/9169/3
f 9028/9167/3 9889/9172/3 9890/9164/3
f 9816/9170/3 9474/9173/3 9475/9171/3
f 9817/9174/3 9474/9173/3 9816/9170/3
f 9817/9174/3 9473/9175/3 9474/9173/3
f 9818/9176/3 9473/9175/3 9817/9174/3
f 9818/9176/3 9472/9177/3 9473/9175/3
f 9029/9178/3 9889/9172/3 9028/9167/3
f 9818/9176/3 9471/9179/3 9472/9177/3
f 9819/9180/3 9471/9179/3 9818/9176/3
f 9029/9178/3 9888/9181/3 9889/9172/3
f 9819/9180/3 9470/9182/3 9471/9179/3
f 9820/9183/3 9470/9182/3 9819/9180/3
f 9820/9183/3 9469/9184/3 9470/9182/3
f 9821/9185/3 9469/9184/3 9820/9183/3
f 9821/9185/3 9468/9186/3 9469/9184/3
f 9822/9187/3 9468/9186/3 9821/9185/3
f 9030/9188/3 9888/9181/3 9029/9178/3
f 9030/9188/3 9887/9189/3 9888/9181/3
f 9822/9187/3 9467/9190/3 9468/9186/3
f 9823/9191/3 9467/9190/3 9822/9187/3
f 9824/9192/3 9467/9190/3 9823/9191/3
f 9824/9192/3 9466/9193/3 9467/9190/3
f 9825/9194/3 9466/9193/3 9824/9192/3
f 9825/9194/3 9465/9195/3 9466/9193/3
f 9030/9188/3 9886/9196/3 9887/9189/3
f 9826/9197/3 9465/9195/3 9825/9194/3
f 9031/9198/3 9886/9196/3 9030/9188/3
f 9827/9199/3 9465/9195/3 9826/9197/3
f 9827/9199/3 9464/9200/3 9465/9195/3
f 9828/9201/3 9464/9200/3 9827/9199/3
f 9828/9201/3 9463/9202/3 9464/9200/3
f 9031/9198/3 9885/9203/3 9886/9196/3
f 9829/9204/3 9463/9202/3 9828/9201/3
f 9032/9205/3 9885/9203/3 9031/9198/3
f 9830/9206/3 9463/9202/3 9829/9204/3
f 9830/9206/3 9462/9207/3 9463/9202/3
f 9831/9208/3 9462/9207/3 9830/9206/3
f 9032/9205/3 9884/9209/3 9885/9203/3
f 9831/9208/3 9461/9210/3 9462/9207/3
f 9832/9211/3 9461/9210/3 9831/9208/3
f 9833/9212/3 9461/9210/3 9832/9211/3
f 9833/9212/3 9460/9213/3 9461/9210/3
f 9033/9214/3 9884/9209/3 9032/9205/3
f 9834/9215/3 9460/9213/3 9833/9212/3
f 9033/9214/3 9883/9216/3 9884/9209/3
f 9835/9217/3 9460/9213/3 9834/9215/3
f 9835/9217/3 9459/9218/3 9460/9213/3
f 9836/9219/3 9459/9218/3 9835/9217/3
f 9837/9220/3 9459/9218/3 9836/9219/3
f 9033/9214/3 9882/9221/3 9883/9216/3
f 9837/9220/3 9458/9222/3 9459/9218/3
f 9838/9223/3 9458/9222/3 9837/9220/3
f 9034/9224/3 9882/9221/3 9033/9214/3
f 9839/9225/3 9458/9222/3 9838/9223/3
f 9034/9224/3 9881/9226/3 9882/9221/3
f 9840/9227/3 9458/9222/3 9839/9225/3
f 9840/9227/3 9457/9228/3 9458/9222/3
f 9034/9224/3 9880/9229/3 9881/9226/3
f 9841/9230/3 9457/9228/3 9840/9227/3
f 9034/9224/3 9879/9231/3 9880/9229/3
f 9842/9232/3 9457/9228/3 9841/9230/3
f 9034/9224/3 9878/9233/3 9879/9231/3
f 9842/9232/3 9456/9234/3 9457/9228/3
f 9035/9235/3 9878/9233/3 9034/9224/3
f 9843/9236/3 9456/9234/3 9842/9232/3
f 9035/9235/3 9877/9237/3 9878/9233/3
f 9844/9238/3 9456/9234/3 9843/9236/3
f 9035/9235/3 9876/9239/3 9877/9237/3
f 9845/9240/3 9456/9234/3 9844/9238/3
f 9035/9235/3 9875/9241/3 9876/9239/3
f 9846/9242/3 9456/9234/3 9845/9240/3
f 9847/9243/3 9456/9234/3 9846/9242/3
f 9847/9243/3 9455/9244/3 9456/9234/3
f 9848/9245/3 9455/9244/3 9847/9243/3
f 9035/9235/3 9874/9246/3 9875/9241/3
f 9849/9247/3 9455/9244/3 9848/9245/3
f 9850/9248/3 9455/9244/3 9849/9247/3
f 9035/9235/3 9873/9249/3 9874/9246/3
f 9851/9250/3 9455/9244/3 9850/9248/3
f 9035/9235/3 9872/9251/3 9873/9249/3
f 9036/9252/3 9872/9251/3 9035/9235/3
f 9852/9253/3 9455/9244/3 9851/9250/3
f 9036/9252/3 9871/9254/3 9872/9251/3
f 9036/9252/3 9870/9255/3 9871/9254/3
f 9853/9256/3 9455/9244/3 9852/9253/3
f 9853/9256/3 9454/9257/3 9455/9244/3
f 9036/9252/3 9869/9258/3 9870/9255/3
f 9036/9252/3 9868/9259/3 9869/9258/3
f 9854/9260/3 9454/9257/3 9853/9256/3
f 9036/9252/3 9867/9261/3 9868/9259/3
f 9855/9262/3 9454/9257/3 9854/9260/3
f 9036/9252/3 9866/9263/3 9867/9261/3
f 9036/9252/3 9865/9264/3 9866/9263/3
f 9036/9252/3 9864/9265/3 9865/9264/3
f 9856/9266/3 9454/9257/3 9855/9262/3
f 9036/9252/3 9863/9267/3 9864/9265/3
f 9036/9252/3 9862/9268/3 9863/9267/3
f 9857/9269/3 9454/9257/3 9856/9266/3
f 9036/9252/3 9861/9270/3 9862/9268/3
f 9036/9252/3 9860/9271/3 9861/9270/3
f 9036/9252/3 9859/9272/3 9860/9271/3
f 9036/9252/3 9858/9273/3 9859/9272/3
f 9036/9252/3 9857/9269/3 9858/9273/3
f 9036/9252/3 9454/9257/3 9857/9269/3
f 9036/9252/3 9453/9274/3 9454/9257/3
f 9037/9275/3 9453/9274/3 9036/9252/3
f 9037/9275/3 9452/9276/3 9453/9274/3
f 9038/9277/3 9452/9276/3 9037/9275/3
f 9038/9277/3 9451/9278/3 9452/9276/3
f 9038/9277/3 9450/9279/3 9451/9278/3
f 9039/9280/3 9450/9279/3 9038/9277/3
f 9039/9280/3 9449/9281/3 9450/9279/3
f 9040/9282/3 9449/9281/3 9039/9280/3
f 9040/9282/3 9448/9283/3 9449/9281/3
f 9041/9284/3 9448/9283/3 9040/9282/3
f 9041/9284/3 9447/9285/3 9448/9283/3
f 9042/9286/3 9447/9285/3 9041/9284/3
f 9042/9286/3 9446/9287/3 9447/9285/3
f 9043/9288/3 9446/9287/3 9042/9286/3
f 9043/9288/3 9445/9289/3 9446/9287/3
f 9044/9290/3 9445/9289/3 9043/9288/3
f 9044/9290/3 9444/9291/3 9445/9289/3
f 9045/9292/3 9444/9291/3 9044/9290/3
f 9045/9292/3 9443/9293/3 9444/9291/3
f 9046/9294/3 9443/9293/3 9045/9292/3
f 9046/9294/3 9442/9295/3 9443/9293/3
f 9047/9296/3 9442/9295/3 9046/9294/3
f 9047/9296/3 9441/9297/3 9442/9295/3
f 9048/9298/3 9441/9297/3 9047/9296/3
f 9048/9298/3 9440/9299/3 9441/9297/3
f 9049/9300/3 9440/9299/3 9048/9298/3
f 9050/9301/3 9440/9299/3 9049/9300/3
f 9050/9301/3 9439/9302/3 9440/9299/3
f 9051/9303/3 9439/9302/3 9050/9301/3
f 9052/9304/3 9439/9302/3 9051/9303/3
f 9052/9304/3 9438/9305/3 9439/9302/3
f 9053/9306/3 9438/9305/3 9052/9304/3
f 9053/9306/3 9437/9307/3 9438/9305/3
f 9054/9308/3 9437/9307/3 9053/9306/3
f 9054/9308/3 9436/9309/3 9437/9307/3
f 9055/9310/3 9436/9309/3 9054/9308/3
f 9056/9311/3 9436/9309/3 9055/9310/3
f 9057/9312/3 9436/9309/3 9056/9311/3
f 9057/9312/3 9435/9313/3 9436/9309/3
f 9058/9314/3 9435/9313/3 9057/9312/3
f 9059/9315/3 9435/9313/3 9058/9314/3
f 9059/9315/3 9434/9316/3 9435/9313/3
f 9060/9317/3 9434/9316/3 9059/9315/3
f 9061/9318/3 9434/9316/3 9060/9317/3
f 9061/9318/3 9433/9319/3 9434/9316/3
f 9062/9320/3 9433/9319/3 9061/9318/3
f 9063/9321/3 9433/9319/3 9062/9320/3
f 9063/9321/3 9432/9322/3 9433/9319/3
f 9064/9323/3 9432/9322/3 9063/9321/3
f 9064/9323/3 9431/9324/3 9432/9322/3
f 9065/9325/3 9431/9324/3 9064/9323/3
f 9066/9326/3 9431/9324/3 9065/9325/3
f 9066/9326/3 9430/9327/3 9431/9324/3
f 9067/9328/3 9430/9327/3 9066/9326/3
f 9068/9329/3 9430/9327/3 9067/9328/3
f 9068/9329/3 9429/9330/3 9430/9327/3
f 9069/9331/3 9429/9330/3 9068/9329/3
f 9069/9331/3 9428/9332/3 9429/9330/3
f 9070/9333/3 9428/9332/3 9069/9331/3
f 9071/9334/3 9428/9332/3 9070/9333/3
f 9071/9334/3 9427/9335/3 9428/9332/3
f 9072/9336/3 9427/9335/3 9071/9334/3
f 9072/9336/3 9426/9337/3 9427/9335/3
f 9073/9338/3 9426/9337/3 9072/9336/3
f 9073/9338/3 9425/9339/3 9426/9337/3
f 9074/9340/3 9425/9339/3 9073/9338/3
f 9074/9340/3 9424/9341/3 9425/9339/3
f 9074/9340/3 9423/9342/3 9424/9341/3
f 9075/9343/3 9423/9342/3 9074/9340/3
f 9075/9343/3 9422/9344/3 9423/9342/3
f 9076/9345/3 9422/9344/3 9075/9343/3
f 9076/9345/3 9421/9346/3 9422/9344/3
f 9077/9347/3 9421/9346/3 9076/9345/3
f 9077/9347/3 9420/9348/3 9421/9346/3
f 9078/9349/3 9420/9348/3 9077/9347/3
f 9078/9349/3 9419/9350/3 9420/9348/3
f 9078/9349/3 9418/9351/3 9419/9350/3
f 9079/9352/3 9418/9351/3 9078/9349/3
f 9079/9352/3 9417/9353/3 9418/9351/3
f 9080/9354/3 9417/9353/3 9079/9352/3
f 9080/9354/3 9416/9355/3 9417/9353/3
f 9081/9356/3 9416/9355/3 9080/9354/3
f 9081/9356/3 9415/9357/3 9416/9355/3
f 9082/9358/3 9415/9357/3 9081/9356/3
f 9082/9358/3 9414/9359/3 9415/9357/3
f 9083/9360/3 9414/9359/3 9082/9358/3
f 9083/9360/3 9413/9361/3 9414/9359/3
f 9084/9362/3 9413/9361/3 9083/9360/3
f 9084/9362/3 9412/9363/3 9413/9361/3
f 9084/9362/3 9411/9364/3 9412/9363/3
f 9085/9365/3 9411/9364/3 9084/9362/3
f 9085/9365/3 9410/9366/3 9411/9364/3
f 9086/9367/3 9410/9366/3 9085/9365/3
f 9086/9367/3 9409/9368/3 9410/9366/3
f 9087/9369/3 9409/9368/3 9086/9367/3
f 9087/9369/3 9408/9370/3 9409/9368/3
f 9088/9371/3 9408/9370/3 9087/9369/3
f 9088/9371/3 9407/9372/3 9408/9370/3
f 9088/9371/3 9406/9373/3 9407/9372/3
f 9089/9374/3 9406/9373/3 9088/9371/3
f 9089/9374/3 9405/9375/3 9406/9373/3
f 9090/9376/3 9405/9375/3 9089/9374/3
f 9090/9376/3 9404/9377/3 9405/9375/3
f 9090/9376/3 9403/9378/3 9404/9377/3
f 9091/9379/3 9251/9380/3 9090/9376/3
f 9251/9380/3 9252/9381/3 9090/9376/3
f 9252/9381/3 9403/9378/3 9090/9376/3
f 9252/9381/3 9253/9382/3 9403/9378/3
f 9253/9382/3 9402/9383/3 9403/9378/3
f 9254/9384/3 9402/9383/3 9253/9382/3
f 9091/9379/3 9250/9385/3 9251/9380/3
f 9255/9386/3 9402/9383/3 9254/9384/3
f 9091/9379/3 9249/9387/3 9250/9385/3
f 9256/9388/3 9402/9383/3 9255/9386/3
f 9257/9389/3 9402/9383/3 9256/9388/3
f 9258/9390/3 9402/9383/3 9257/9389/3
f 9259/9391/3 9402/9383/3 9258/9390/3
f 9091/9379/3 9248/9392/3 9249/9387/3
f 9260/9393/3 9402/9383/3 9259/9391/3
f 9261/9394/3 9402/9383/3 9260/9393/3
f 9091/9379/3 9247/9395/3 9248/9392/3
f 9262/9396/3 9402/9383/3 9261/9394/3
f 9263/9397/3 9402/9383/3 9262/9396/3
f 9264/9398/3 9402/9383/3 9263/9397/3
f 9091/9379/3 9246/9399/3 9247/9395/3
f 9265/9400/3 9402/9383/3 9264/9398/3
f 9266/9401/3 9402/9383/3 9265/9400/3
f 9267/9402/3 9402/9383/3 9266/9401/3
f 9268/9403/3 9402/9383/3 9267/9402/3
f 9091/9379/3 9245/9404/3 9246/9399/3
f 9091/9379/3 9244/9405/3 9245/9404/3
f 9091/9379/3 9243/9406/3 9244/9405/3
f 9268/9403/3 9401/9407/3 9402/9383/3
f 9091/9379/3 9242/9408/3 9243/9406/3
f 9092/9409/3 9242/9408/3 9091/9379/3
f 9092/9409/3 9241/9410/3 9242/9408/3
f 9268/9403/3 9400/9411/3 9401/9407/3
f 9092/9409/3 9240/9412/3 9241/9410/3
f 9092/9409/3 9239/9413/3 9240/9412/3
f 9268/9403/3 9399/9414/3 9400/9411/3
f 9092/9409/3 9238/9415/3 9239/9413/3
f 9093/9416/3 9238/9415/3 9092/9409/3
f 9268/9403/3 9398/9417/3 9399/9414/3
f 9093/9416/3 9237/9418/3 9238/9415/3
f 9268/9403/3 9397/9419/3 9398/9417/3
f 9093/9416/3 9236/9420/3 9237/9418/3
f 9094/9421/3 9236/9420/3 9093/9416/3
f 9268/9403/3 9396/9422/3 9397/9419/3
f 9094/9421/3 9235/9423/3 9236/9420/3
f 9269/9424/3 9396/9422/3 9268/9403/3
f 9095/9425/3 9235/9423/3 9094/9421/3
f 9095/9425/3 9234/9426/3 9235/9423/3
f 9269/9424/3 9395/9427/3 9396/9422/3
f 9270/9428/3 9395/9427/3 9269/9424/3
f 9096/9429/3 9234/9426/3 9095/9425/3
f 9096/9429/3 9233/9430/3 9234/9426/3
f 9271/9431/3 9395/9427/3 9270/9428/3
f 9271/9431/3 9394/9432/3 9395/9427/3
f 9097/9433/3 9233/9430/3 9096/9429/3
f 9097/9433/3 9232/9434/3 9233/9430/3
f 9272/9435/3 9394/9432/3 9271/9431/3
f 9272/9435/3 9393/9436/3 9394/9432/3
f 9098/9437/3 9232/9434/3 9097/9433/3
f 9098/9437/3 9231/9438/3 9232/9434/3
f 9099/9439/3 9231/9438/3 9098/9437/3
f 9273/9440/3 9393/9436/3 9272/9435/3
f 9273/9440/3 9392/9441/3 9393/9436/3
f 9099/9439/3 9230/9442/3 9231/9438/3
f 9274/9443/3 9392/9441/3 9273/9440/3
f 9274/9443/3 9391/9444/3 9392/9441/3
f 9100/9445/3 9230/9442/3 9099/9439/3
f 9275/9446/3 9391/9444/3 9274/9443/3
f 9100/9445/3 9229/9447/3 9230/9442/3
f 9275/9446/3 9390/9448/3 9391/9444/3
f 9101/9449/3 9229/9447/3 9100/9445/3
f 9276/9450/3 9390/9448/3 9275/9446/3
f 9276/9450/3 9389/9451/3 9390/9448/3
f 9101/9449/3 9228/9452/3 9229/9447/3
f 9277/9453/3 9389/9451/3 9276/9450/3
f 9102/9454/3 9228/9452/3 9101/9449/3
f 9277/9453/3 9388/9455/3 9389/9451/3
f 9278/9456/3 9388/9455/3 9277/9453/3
f 9278/9456/3 9387/9457/3 9388/9455/3
f 9102/9454/3 9227/9458/3 9228/9452/3
f 9103/9459/3 9227/9458/3 9102/9454/3
f 9278/9456/3 9386/9460/3 9387/9457/3
f 9279/9461/3 9386/9460/3 9278/9456/3
f 9104/9462/3 9227/9458/3 9103/9459/3
f 9104/9462/3 9226/9463/3 9227/9458/3
f 9279/9461/3 9385/9464/3 9386/9460/3
f 9280/9465/3 9385/9464/3 9279/9461/3
f 9105/9466/3 9226/9463/3 9104/9462/3
f 9281/9467/3 9385/9464/3 9280/9465/3
f 9281/9467/3 9384/9468/3 9385/9464/3
f 9105/9466/3 9225/9469/3 9226/9463/3
f 9282/9470/3 9384/9468/3 9281/9467/3
f 9106/9471/3 9225/9469/3 9105/9466/3
f 9282/9470/3 9383/9472/3 9384/9468/3
f 9106/9471/3 9224/9473/3 9225/9469/3
f 9283/9474/3 9383/9472/3 9282/9470/3
f 9283/9474/3 9382/9475/3 9383/9472/3
f 9107/9476/3 9224/9473/3 9106/9471/3
f 9107/9476/3 9223/9477/3 9224/9473/3
f 9284/9478/3 9382/9475/3 9283/9474/3
f 9284/9478/3 9381/9479/3 9382/9475/3
f 9108/9480/3 9223/9477/3 9107/9476/3
f 9285/9481/3 9381/9479/3 9284/9478/3
f 9109/9482/3 9223/9477/3 9108/9480/3
f 9285/9481/3 9380/9483/3 9381/9479/3
f 9109/9482/3 9222/9484/3 9223/9477/3
f 9110/9485/3 9222/9484/3 9109/9482/3
f 9286/9486/3 9380/9483/3 9285/9481/3
f 9286/9486/3 9379/9487/3 9380/9483/3
f 9111/9488/3 9222/9484/3 9110/9485/3
f 9112/9489/3 9222/9484/3 9111/9488/3
f 9112/9489/3 9221/9490/3 9222/9484/3
f 9286/9486/3 9378/9491/3 9379/9487/3
f 9287/9492/3 9378/9491/3 9286/9486/3
f 9113/9493/3 9221/9490/3 9112/9489/3
f 9114/9494/3 9221/9490/3 9113/9493/3
f 9287/9492/3 9377/9495/3 9378/9491/3
f 9288/9496/3 9377/9495/3 9287/9492/3
f 9115/9497/3 9221/9490/3 9114/9494/3
f 9115/9497/3 9220/9498/3 9221/9490/3
f 9116/9499/3 9220/9498/3 9115/9497/3
f 9288/9496/3 9376/9500/3 9377/9495/3
f 9117/9501/3 9220/9498/3 9116/9499/3
f 9289/9502/3 9376/9500/3 9288/9496/3
f 9118/9503/3 9220/9498/3 9117/9501/3
f 9289/9502/3 9375/9504/3 9376/9500/3
f 9119/9505/3 9220/9498/3 9118/9503/3
f 9290/9506/3 9375/9504/3 9289/9502/3
f 9119/9505/3 9219/9507/3 9220/9498/3
f 9120/9508/3 9219/9507/3 9119/9505/3
f 9290/9506/3 9374/9509/3 9375/9504/3
f 9291/9510/3 9374/9509/3 9290/9506/3
f 9121/9511/3 9219/9507/3 9120/9508/3
f 9122/9512/3 9219/9507/3 9121/9511/3
f 9291/9510/3 9373/9513/3 9374/9509/3
f 9292/9514/3 9373/9513/3 9291/9510/3
f 9123/9515/3 9219/9507/3 9122/9512/3
f 9123/9515/3 9218/9516/3 9219/9507/3
f 9124/9517/3 9218/9516/3 9123/9515/3
f 9293/9518/3 9373/9513/3 9292/9514/3
f 9293/9518/3 9372/9519/3 9373/9513/3
f 9125/9520/3 9218/9516/3 9124/9517/3
f 9125/9520/3 9217/9521/3 9218/9516/3
f 9126/9522/3 9217/9521/3 9125/9520/3
f 9293/9518/3 9371/9523/3 9372/9519/3
f 9127/9524/3 9217/9521/3 9126/9522/3
f 9127/9524/3 9216/9525/3 9217/9521/3
f 9294/9526/3 9371/9523/3 9293/9518/3
f 9128/9527/3 9216/9525/3 9127/9524/3
f 9294/9526/3 9370/9528/3 9371/9523/3
f 9128/9527/3 9215/9529/3 9216/9525/3
f 9129/9530/3 9215/9529/3 9128/9527/3
f 9130/9531/3 9215/9529/3 9129/9530/3
f 9294/9526/3 9369/9532/3 9370/9528/3
f 9130/9531/3 9214/9533/3 9215/9529/3
f 9131/9534/3 9214/9533/3 9130/9531/3
f 9295/9535/3 9369/9532/3 9294/9526/3
f 9132/9536/3 9214/9533/3 9131/9534/3
f 9132/9536/3 9213/9537/3 9214/9533/3
f 9295/9535/3 9368/9538/3 9369/9532/3
f 9133/9539/3 9213/9537/3 9132/9536/3
f 9133/9539/3 9212/9540/3 9213/9537/3
f 9295/9535/3 9367/9541/3 9368/9538/3
f 9134/9542/3 9212/9540/3 9133/9539/3
f 9296/9543/3 9367/9541/3 9295/9535/3
f 9135/9544/3 9212/9540/3 9134/9542/3
f 9135/9544/3 9211/9545/3 9212/9540/3
f 9296/9543/3 9366/9546/3 9367/9541/3
f 9135/9544/3 9210/9547/3 9211/9545/3
f 9136/9548/3 9210/9547/3 9135/9544/3
f 9296/9543/3 9365/9549/3 9366/9546/3
f 9136/9548/3 9209/9550/3 9210/9547/3
f 9297/9551/3 9365/9549/3 9296/9543/3
f 9137/9552/3 9209/9550/3 9136/9548/3
f 9297/9551/3 9364/9553/3 9365/9549/3
f 9137/9552/3 9208/9554/3 9209/9550/3
f 9137/9552/3 9207/9555/3 9208/9554/3
f 9297/9551/3 9363/9556/3 9364/9553/3
f 9138/9557/3 9207/9555/3 9137/9552/3
f 9138/9557/3 9206/9558/3 9207/9555/3
f 9297/9551/3 9362/9559/3 9363/9556/3
f 9138/9557/3 9205/9560/3 9206/9558/3
f 9298/9561/3 9362/9559/3 9297/9551/3
f 9139/9562/3 9205/9560/3 9138/9557/3
f 9298/9561/3 9361/9563/3 9362/9559/3
f 9139/9562/3 9204/9564/3 9205/9560/3
f 9140/9565/3 9204/9564/3 9139/9562/3
f 9140/9565/3 9203/9566/3 9204/9564/3
f 9298/9561/3 9360/9567/3 9361/9563/3
f 9141/9568/3 9203/9566/3 9140/9565/3
f 9299/9569/3 9360/9567/3 9298/9561/3
f 9141/9568/3 9202/9570/3 9203/9566/3
f 9299/9569/3 9359/9571/3 9360/9567/3
f 9299/9569/3 9358/9572/3 9359/9571/3
f 9141/9568/3 9201/9573/3 9202/9570/3
f 9142/9574/3 9201/9573/3 9141/9568/3
f 9299/9569/3 9357/9575/3 9358/9572/3
f 9142/9574/3 9200/9576/3 9201/9573/3
f 9143/9577/3 9200/9576/3 9142/9574/3
f 9300/9578/3 9357/9575/3 9299/9569/3
f 9300/9578/3 9356/9579/3 9357/9575/3
f 9143/9577/3 9199/9580/3 9200/9576/3
f 9300/9578/3 9355/9581/3 9356/9579/3
f 9144/9582/3 9199/9580/3 9143/9577/3
f 9300/9578/3 9354/9583/3 9355/9581/3
f 9144/9582/3 9198/9584/3 9199/9580/3
f 9300/9578/3 9353/9585/3 9354/9583/3
f 9301/9586/3 9353/9585/3 9300/9578/3
f 9301/9586/3 9352/9587/3 9353/9585/3
f 9145/9588/3 9198/9584/3 9144/9582/3
f 9145/9588/3 9197/9589/3 9198/9584/3
f 9301/9586/3 9351/9590/3 9352/9587/3
f 9146/9591/3 9197/9589/3 9145/9588/3
f 9146/9591/3 9196/9592/3 9197/9589/3
f 9302/9593/3 9351/9590/3 9301/9586/3
f 9146/9591/3 9195/9594/3 9196/9592/3
f 9302/9593/3 9350/9595/3 9351/9590/3
f 9147/9596/3 9195/9594/3 9146/9591/3
f 9147/9596/3 9194/9597/3 9195/9594/3
f 9303/9598/3 9350/9595/3 9302/9593/3
f 9303/9598/3 9349/9599/3 9350/9595/3
f 9147/9596/3 9193/9600/3 9194/9597/3
f 9148/9601/3 9193/9600/3 9147/9596/3
f 9303/9598/3 9348/9602/3 9349/9599/3
f 9304/9603/3 9348/9602/3 9303/9598/3
f 9148/9601/3 9192/9604/3 9193/9600/3
f 9149/9605/3 9192/9604/3 9148/9601/3
f 9304/9603/3 9347/9606/3 9348/9602/3
f 9149/9605/3 9191/9607/3 9192/9604/3
f 9305/9608/3 9347/9606/3 9304/9603/3
f 9149/9605/3 9190/9609/3 9191/9607/3
f 9305/9608/3 9346/9610/3 9347/9606/3
f 9150/9611/3 9190/9609/3 9149/9605/3
f 9306/9612/3 9346/9610/3 9305/9608/3
f 9150/9611/3 9189/9613/3 9190/9609/3
f 9306/9612/3 9345/9614/3 9346/9610/3
f 9307/9615/3 9345/9614/3 9306/9612/3
f 9151/9616/3 9189/9613/3 9150/9611/3
f 9151/9616/3 9188/9617/3 9189/9613/3
f 9308/9618/3 9345/9614/3 9307/9615/3
f 9308/9618/3 9344/9619/3 9345/9614/3
f 9151/9616/3 9187/9620/3 9188/9617/3
f 9152/9621/3 9187/9620/3 9151/9616/3
f 9309/9622/3 9344/9619/3 9308/9618/3
f 9309/9622/3 9343/9623/3 9344/9619/3
f 9152/9621/3 9186/9624/3 9187/9620/3
f 9310/9625/3 9343/9623/3 9309/9622/3
f 9153/9626/3 9186/9624/3 9152/9621/3
f 9310/9625/3 9342/9627/3 9343/9623/3
f 9153/9626/3 9185/9628/3 9186/9624/3
f 9311/9629/3 9342/9627/3 9310/9625/3
f 9154/9630/3 9185/9628/3 9153/9626/3
f 9311/9629/3 9341/9631/3 9342/9627/3
f 9154/9630/3 9184/9632/3 9185/9628/3
f 9312/9633/3 9341/9631/3 9311/9629/3
f 9154/9630/3 9183/9634/3 9184/9632/3
f 9312/9633/3 9340/9635/3 9341/9631/3
f 9155/9636/3 9183/9634/3 9154/9630/3
f 9313/9637/3 9340/9635/3 9312/9633/3
f 9155/9636/3 9182/9638/3 9183/9634/3
f 9156/9639/3 9182/9638/3 9155/9636/3
f 9314/9640/3 9340/9635/3 9313/9637/3
f 9157/9641/3 9182/9638/3 9156/9639/3
f 9315/9642/3 9340/9635/3 9314/9640/3
f 9158/9643/3 9182/9638/3 9157/9641/3
f 9316/9644/3 9340/9635/3 9315/9642/3
f 9159/9645/3 9182/9638/3 9158/9643/3
f 9317/9646/3 9340/9635/3 9316/9644/3
f 9160/9647/3 9182/9638/3 9159/9645/3
f 9318/9648/3 9340/9635/3 9317/9646/3
f 9161/9649/3 9182/9638/3 9160/9647/3
f 9319/9650/3 9340/9635/3 9318/9648/3
f 9162/9651/3 9182/9638/3 9161/9649/3
f 9320/9652/3 9340/9635/3 9319/9650/3
f 9163/9653/3 9182/9638/3 9162/9651/3
f 9321/9654/3 9340/9635/3 9320/9652/3
f 9164/9655/3 9182/9638/3 9163/9653/3
f 9322/9656/3 9340/9635/3 9321/9654/3
f 9165/9657/3 9182/9638/3 9164/9655/3
f 9323/9658/3 9340/9635/3 9322/9656/3
f 9166/9659/3 9182/9638/3 9165/9657/3
f 9324/9660/3 9340/9635/3 9323/9658/3
f 9167/9661/3 9182/9638/3 9166/9659/3
f 9325/9662/3 9340/9635/3 9324/9660/3
f 9168/9663/3 9182/9638/3 9167/9661/3
f 9326/9664/3 9340/9635/3 9325/9662/3
f 9169/9665/3 9182/9638/3 9168/9663/3
f 9327/9666/3 9340/9635/3 9326/9664/3
f 9170/9667/3 9182/9638/3 9169/9665/3
f 9328/9668/3 9340/9635/3 9327/9666/3
f 9171/9669/3 9182/9638/3 9170/9667/3
f 9172/9670/3 9182/9638/3 9171/9669/3
f 9173/9671/3 9182/9638/3 9172/9670/3
f 9174/9672/3 9182/9638/3 9173/9671/3
f 9175/9673/3 9182/9638/3 9174/9672/3
f 9176/9674/3 9182/9638/3 9175/9673/3
f 9177/9675/3 9182/9638/3 9176/9674/3
f 9178/9676/4 9182/9638/4 9177/9675/4
f 9179/9677/3 9182/9638/3 9178/9676/3
f 9180/9678/4 9182/9638/4 9179/9677/4
f 9181/9679/3 9182/9638/3 9180/9678/3
f 9329/9680/3 9340/9635/3 9328/9668/3
f 9330/9681/3 9340/9635/3 9329/9680/3
f 9331/9682/3 9340/9635/3 9330/9681/3
f 9332/9683/3 9340/9635/3 9331/9682/3
f 9333/9684/3 9340/9635/3 9332/9683/3
f 9334/9685/3 9340/9635/3 9333/9684/3
f 9335/9686/3 9340/9635/3 9334/9685/3
f 9336/9687/3 9340/9635/3 9335/9686/3
f 9337/9688/4 9340/9635/4 9336/9687/4
f 9338/9689/3 9340/9635/3 9337/9688/3
f 9339/9690/3 9340/9635/3 9338/9689/3
f 10014/9691/3 10028/9692/3 10029/9693/3
f 10014/9691/3 10027/9694/3 10028/9692/3
f 10014/9691/3 10026/9695/3 10027/9694/3
f 10015/9696/3 10026/9695/3 10014/9691/3
f 10015/9696/3 10025/9697/3 10026/9695/3
f 10016/9698/4 10025/9697/4 10015/9696/4
f 10017/9699/3 10025/9697/3 10016/9698/3
f 10018/9700/3 10023/9701/3 10017/9699/3
f 10023/9701/3 10025/9697/3 10017/9699/3
f 10018/9700/3 10022/9702/3 10023/9701/3
f 10024/9703/3 10025/9697/3 10023/9701/3
f 10019/9704/3 10022/9702/3 10018/9700/3
f 10019/9704/3 10021/9705/3 10022/9702/3
f 10020/9706/3 10021/9705/3 10019/9704/3
f 10072/9707/3 10070/9708/3 10071/9709/3
f 10072/9707/3 10069/9710/3 10070/9708/3
f 10073/9711/3 10069/9710/3 10072/9707/3
f 10074/9712/3 10069/9710/3 10073/9711/3
f 10075/9713/3 10069/9710/3 10074/9712/3
f 10076/9714/3 10069/9710/3 10075/9713/3
f 10077/9715/3 10069/9710/3 10076/9714/3
f 10078/9716/3 10069/9710/3 10077/9715/3
f 10079/9717/3 10069/9710/3 10078/9716/3
f 10080/9718/3 10069/9710/3 10079/9717/3
f 10081/9719/3 10069/9710/3 10080/9718/3
f 10082/9720/3 10069/9710/3 10081/9719/3
f 10030/9721/3 10069/9710/3 10082/9720/3
f 10031/9722/3 10069/9710/3 10030/9721/3
f 10032/9723/3 10069/9710/3 10031/9722/3
f 10033/9724/3 10069/9710/3 10032/9723/3
f 10034/9725/3 10069/9710/3 10033/9724/3
f 10035/9726/3 10069/9710/3 10034/9725/3
f 10035/9726/3 10068/9727/3 10069/9710/3
f 10036/9728/3 10068/9727/3 10035/9726/3
f 10037/9729/3 10068/9727/3 10036/9728/3
f 10038/9730/3 10066/9731/3 10037/9729/3
f 10066/9731/3 10067/9732/3 10037/9729/3
f 10067/9732/3 10068/9727/3 10037/9729/3
f 10038/9730/3 10065/9733/3 10066/9731/3
f 10039/9734/3 10065/9733/3 10038/9730/3
f 10039/9734/3 10064/9735/3 10065/9733/3
f 10040/9736/3 10064/9735/3 10039/9734/3
f 10041/9737/3 10064/9735/3 10040/9736/3
f 10041/9737/3 10063/9738/3 10064/9735/3
f 10041/9737/3 10062/9739/3 10063/9738/3
f 10041/9737/3 10061/9740/3 10062/9739/3
f 10042/9741/3 10061/9740/3 10041/9737/3
f 10042/9741/3 10060/9742/3 10061/9740/3
f 10043/9743/3 10060/9742/3 10042/9741/3
f 10044/9744/3 10060/9742/3 10043/9743/3
f 10045/9745/3 10060/9742/3 10044/9744/3
f 10046/9746/3 10058/9747/3 10045/9745/3
f 10058/9747/3 10059/9748/3 10045/9745/3
f 10059/9748/3 10060/9742/3 10045/9745/3
f 10046/9746/3 10057/9749/3 10058/9747/3
f 10047/9750/3 10057/9749/3 10046/9746/3
f 10048/9751/3 10057/9749/3 10047/9750/3
f 10049/9752/3 10057/9749/3 10048/9751/3
f 10049/9752/3 10056/9753/3 10057/9749/3
f 10050/9754/3 10056/9753/3 10049/9752/3
f 10051/9755/3 10056/9753/3 10050/9754/3
f 10052/9756/3 10056/9753/3 10051/9755/3
f 10053/9757/3 10056/9753/3 10052/9756/3
f 10054/9758/3 10056/9753/3 10053/9757/3
f 10055/9759/3 10056/9753/3 10054/9758/3
f 10083/9760/3 10093/9761/3 10094/9762/3
f 10083/9760/3 10092/9763/3 10093/9761/3
f 10083/9760/3 10091/9764/3 10092/9763/3
f 10083/9760/3 10090/9765/3 10091/9764/3
f 10084/9766/3 10090/9765/3 10083/9760/3
f 10084/9766/3 10089/9767/3 10090/9765/3
f 10084/9766/3 10088/9768/3 10089/9767/3
f 10084/9766/3 10087/9769/3 10088/9768/3
f 10084/9766/3 10086/9770/3 10087/9769/3
f 10085/9771/3 10086/9770/3 10084/9766/3
f 5048/9772/3 5294/9773/3 5295/9774/3
f 5048/9772/3 5293/9775/3 5294/9773/3
f 5048/9772/3 5292/9776/3 5293/9775/3
f 5048/9772/3 5291/9777/3 5292/9776/3
f 5048/9772/3 5290/9778/3 5291/9777/3
f 5048/9772/3 5289/9779/3 5290/9778/3
f 5048/9772/3 5288/9780/3 5289/9779/3
f 5048/9772/3 5287/9781/3 5288/9780/3
f 5048/9772/3 5286/9782/3 5287/9781/3
f 5048/9772/3 5285/9783/3 5286/9782/3
f 5048/9772/3 5284/9784/3 5285/9783/3
f 5048/9772/3 5283/9785/3 5284/9784/3
f 5048/9772/3 5282/9786/3 5283/9785/3
f 5048/9772/3 5281/9787/3 5282/9786/3
f 5048/9772/3 5280/9788/3 5281/9787/3
f 5048/9772/3 5279/9789/3 5280/9788/3
f 5048/9772/3 5278/9790/3 5279/9789/3
f 5048/9772/3 5277/9791/3 5278/9790/3
f 5048/9772/3 5276/9792/3 5277/9791/3
f 5048/9772/3 5275/9793/3 5276/9792/3
f 5048/9772/3 5274/9794/3 5275/9793/3
f 5048/9772/3 5273/9795/3 5274/9794/3
f 5048/9772/3 5358/9796/3 5273/9795/3
f 5358/9796/3 5272/9797/3 5273/9795/3
f 5358/9796/3 5271/9798/3 5272/9797/3
f 5358/9796/3 5270/9799/3 5271/9798/3
f 5358/9796/3 5269/9800/3 5270/9799/3
f 5358/9796/3 5268/9801/3 5269/9800/3
f 5358/9796/3 5267/9802/3 5268/9801/3
f 5358/9796/3 5266/9803/3 5267/9802/3
f 5358/9796/3 5265/9804/3 5266/9803/3
f 5358/9796/3 5264/9805/3 5265/9804/3
f 5358/9796/3 5263/9806/3 5264/9805/3
f 5358/9796/3 5262/9807/3 5263/9806/3
f 5358/9796/3 5261/9808/3 5262/9807/3
f 5358/9796/3 5260/9809/3 5261/9808/3
f 5358/9796/3 5259/9810/3 5260/9809/3
f 5358/9796/3 5258/9811/3 5259/9810/3
f 5358/9796/3 5257/9812/3 5258/9811/3
f 5358/9796/3 5256/9813/3 5257/9812/3
f 5358/9796/3 5255/9814/3 5256/9813/3
f 5358/9796/3 5254/9815/3 5255/9814/3
f 5358/9796/3 5253/9816/3 5254/9815/3
f 5358/9796/3 5252/9817/3 5253/9816/3
f 5358/9796/3 5251/9818/3 5252/9817/3
f 5358/9796/3 5250/9819/3 5251/9818/3
f 5358/9796/3 5249/9820/3 5250/9819/3
f 5358/9796/3 5248/9821/3 5249/9820/3
f 5358/9796/3 5247/9822/3 5248/9821/3
f 5358/9796/3 5246/9823/3 5247/9822/3
f 5358/9796/3 5245/9824/3 5246/9823/3
f 5358/9796/3 5244/9825/3 5245/9824/3
f 5358/9796/3 5243/9826/3 5244/9825/3
f 5358/9796/3 5242/9827/3 5243/9826/3
f 5358/9796/3 5241/9828/3 5242/9827/3
f 5358/9796/3 5359/9829/3 5241/9828/3
f 5359/9829/3 5240/9830/3 5241/9828/3
f 5048/9772/3 5357/9831/3 5358/9796/3
f 5360/9832/3 5240/9830/3 5359/9829/3
f 5361/9833/3 5240/9830/3 5360/9832/3
f 5362/9834/3 5240/9830/3 5361/9833/3
f 5363/9835/3 5240/9830/3 5362/9834/3
f 5364/9836/3 5240/9830/3 5363/9835/3
f 5365/9837/3 5240/9830/3 5364/9836/3
f 5366/9838/3 5240/9830/3 5365/9837/3
f 5367/9839/3 5240/9830/3 5366/9838/3
f 5368/9840/3 5240/9830/3 5367/9839/3
f 5369/9841/3 5240/9830/3 5368/9840/3
f 5370/9842/3 5240/9830/3 5369/9841/3
f 5296/9843/3 5240/9830/3 5370/9842/3
f 5297/9844/3 5240/9830/3 5296/9843/3
f 5298/9845/3 5240/9830/3 5297/9844/3
f 5298/9845/3 5239/9846/3 5240/9830/3
f 5299/9847/3 5239/9846/3 5298/9845/3
f 5300/9848/3 5239/9846/3 5299/9847/3
f 5301/9849/3 5239/9846/3 5300/9848/3
f 5302/9850/3 5239/9846/3 5301/9849/3
f 5303/9851/3 5239/9846/3 5302/9850/3
f 5303/9851/3 5238/9852/3 5239/9846/3
f 5304/9853/3 5238/9852/3 5303/9851/3
f 5305/9854/3 5238/9852/3 5304/9853/3
f 5305/9854/3 5237/9855/3 5238/9852/3
f 5306/9856/3 5237/9855/3 5305/9854/3
f 5307/9857/3 5237/9855/3 5306/9856/3
f 5307/9857/3 5236/9858/3 5237/9855/3
f 5308/9859/3 5236/9858/3 5307/9857/3
f 5309/9860/3 5236/9858/3 5308/9859/3
f 5310/9861/3 5236/9858/3 5309/9860/3
f 5311/9862/3 5236/9858/3 5310/9861/3
f 5311/9862/3 5235/9863/3 5236/9858/3
f 5312/9864/3 5235/9863/3 5311/9862/3
f 5313/9865/3 5235/9863/3 5312/9864/3
f 5314/9866/3 5235/9863/3 5313/9865/3
f 5315/9867/3 5235/9863/3 5314/9866/3
f 5315/9867/3 5234/9868/3 5235/9863/3
f 5316/9869/3 5234/9868/3 5315/9867/3
f 5316/9869/3 5233/9870/3 5234/9868/3
f 5317/9871/3 5233/9870/3 5316/9869/3
f 5317/9871/3 5232/9872/3 5233/9870/3
f 5318/9873/3 5232/9872/3 5317/9871/3
f 5318/9873/3 5231/9874/3 5232/9872/3
f 5319/9875/3 5231/9874/3 5318/9873/3
f 5319/9875/3 5230/9876/3 5231/9874/3
f 5319/9875/3 5229/9877/3 5230/9876/3
f 5320/9878/3 5229/9877/3 5319/9875/3
f 5320/9878/3 5228/9879/3 5229/9877/3
f 5320/9878/3 5227/9880/3 5228/9879/3
f 5321/9881/3 5227/9880/3 5320/9878/3
f 5048/9772/3 5356/9882/3 5357/9831/3
f 5321/9881/3 5226/9883/3 5227/9880/3
f 5321/9881/3 5225/9884/3 5226/9883/3
f 5322/9885/3 5225/9884/3 5321/9881/3
f 5322/9885/3 5224/9886/3 5225/9884/3
f 5322/9885/3 5223/9887/3 5224/9886/3
f 5323/9888/3 5223/9887/3 5322/9885/3
f 5323/9888/3 5222/9889/3 5223/9887/3
f 5324/9890/3 5222/9889/3 5323/9888/3
f 5325/9891/3 5222/9889/3 5324/9890/3
f 5325/9891/3 5221/9892/3 5222/9889/3
f 5326/9893/3 5221/9892/3 5325/9891/3
f 5327/9894/3 5221/9892/3 5326/9893/3
f 5328/9895/3 5221/9892/3 5327/9894/3
f 5328/9895/3 5220/9896/3 5221/9892/3
f 5329/9897/3 5220/9896/3 5328/9895/3
f 5330/9898/3 5220/9896/3 5329/9897/3
f 5331/9899/3 5220/9896/3 5330/9898/3
f 5332/9900/3 5220/9896/3 5331/9899/3
f 5332/9900/3 5219/9901/3 5220/9896/3
f 5333/9902/3 5219/9901/3 5332/9900/3
f 5334/9903/3 5219/9901/3 5333/9902/3
f 5335/9904/3 5219/9901/3 5334/9903/3
f 5336/9905/3 5219/9901/3 5335/9904/3
f 5337/9906/3 5219/9901/3 5336/9905/3
f 5337/9906/3 5218/9907/3 5219/9901/3
f 5338/9908/3 5218/9907/3 5337/9906/3
f 5339/9909/3 5218/9907/3 5338/9908/3
f 5340/9910/3 5218/9907/3 5339/9909/3
f 5341/9911/3 5218/9907/3 5340/9910/3
f 5342/9912/3 5218/9907/3 5341/9911/3
f 5343/9913/3 5218/9907/3 5342/9912/3
f 5344/9914/3 5218/9907/3 5343/9913/3
f 5345/9915/3 5218/9907/3 5344/9914/3
f 5346/9916/3 5218/9907/3 5345/9915/3
f 5347/9917/3 5218/9907/3 5346/9916/3
f 5348/9918/3 5218/9907/3 5347/9917/3
f 5349/9919/3 5218/9907/3 5348/9918/3
f 5350/9920/3 5218/9907/3 5349/9919/3
f 5351/9921/3 5218/9907/3 5350/9920/3
f 5352/9922/3 5218/9907/3 5351/9921/3
f 5353/9923/3 5218/9907/3 5352/9922/3
f 5354/9924/3 5218/9907/3 5353/9923/3
f 5355/9925/3 5218/9907/3 5354/9924/3
f 5356/9882/3 5218/9907/3 5355/9925/3
f 5048/9772/3 5218/9907/3 5356/9882/3
f 5048/9772/3 5217/9926/3 5218/9907/3
f 5048/9772/3 5216/9927/3 5217/9926/3
f 5048/9772/3 5215/9928/3 5216/9927/3
f 5048/9772/3 5214/9929/3 5215/9928/3
f 5048/9772/3 5213/9930/3 5214/9929/3
f 5048/9772/3 5212/9931/3 5213/9930/3
f 5048/9772/3 5211/9932/3 5212/9931/3
f 5048/9772/3 5210/9933/3 5211/9932/3
f 5048/9772/3 5209/9934/3 5210/9933/3
f 5048/9772/3 5208/9935/3 5209/9934/3
f 5048/9772/3 5207/9936/3 5208/9935/3
f 5048/9772/3 5206/9937/3 5207/9936/3
f 5048/9772/3 5205/9938/3 5206/9937/3
f 5048/9772/3 5204/9939/3 5205/9938/3
f 5048/9772/3 5203/9940/3 5204/9939/3
f 5048/9772/3 5202/9941/3 5203/9940/3
f 5048/9772/3 5201/9942/3 5202/9941/3
f 5048/9772/3 5200/9943/3 5201/9942/3
f 5048/9772/3 5199/9944/3 5200/9943/3
f 5048/9772/3 5198/9945/3 5199/9944/3
f 5048/9772/3 5197/9946/3 5198/9945/3
f 5048/9772/3 5196/9947/3 5197/9946/3
f 5048/9772/3 5195/9948/3 5196/9947/3
f 5048/9772/3 5194/9949/3 5195/9948/3
f 5048/9772/3 5193/9950/3 5194/9949/3
f 5048/9772/3 5192/9951/3 5193/9950/3
f 5048/9772/3 5191/9952/3 5192/9951/3
f 5048/9772/3 5190/9953/3 5191/9952/3
f 5048/9772/3 5189/9954/3 5190/9953/3
f 5048/9772/3 5188/9955/3 5189/9954/3
f 5048/9772/3 5187/9956/3 5188/9955/3
f 5048/9772/3 5186/9957/3 5187/9956/3
f 5048/9772/3 5185/9958/3 5186/9957/3
f 5048/9772/3 5184/9959/3 5185/9958/3
f 5048/9772/3 5183/9960/3 5184/9959/3
f 5048/9772/3 5182/9961/3 5183/9960/3
f 5048/9772/3 5181/9962/3 5182/9961/3
f 5048/9772/3 5180/9963/3 5181/9962/3
f 5048/9772/3 5179/9964/3 5180/9963/3
f 5048/9772/3 5178/9965/3 5179/9964/3
f 5048/9772/3 5177/9966/3 5178/9965/3
f 5048/9772/3 5176/9967/3 5177/9966/3
f 5048/9772/3 5175/9968/3 5176/9967/3
f 5048/9772/3 5174/9969/3 5175/9968/3
f 5048/9772/3 5173/9970/3 5174/9969/3
f 5048/9772/3 5172/9971/3 5173/9970/3
f 5048/9772/3 5171/9972/3 5172/9971/3
f 5049/9973/3 5053/9974/3 5048/9772/3
f 5053/9974/3 5171/9972/3 5048/9772/3
f 5053/9974/3 5170/9975/3 5171/9972/3
f 5053/9974/3 5169/9976/3 5170/9975/3
f 5053/9974/3 5168/9977/3 5169/9976/3
f 5053/9974/3 5167/9978/3 5168/9977/3
f 5053/9974/3 5166/9979/3 5167/9978/3
f 5053/9974/3 5165/9980/3 5166/9979/3
f 5053/9974/3 5164/9981/3 5165/9980/3
f 5053/9974/3 5163/9982/3 5164/9981/3
f 5053/9974/3 5162/9983/3 5163/9982/3
f 5053/9974/3 5161/9984/3 5162/9983/3
f 5053/9974/3 5160/9985/3 5161/9984/3
f 5053/9974/3 5159/9986/3 5160/9985/3
f 5053/9974/3 5158/9987/3 5159/9986/3
f 5053/9974/3 5157/9988/3 5158/9987/3
f 5049/9973/3 5052/9989/3 5053/9974/3
f 5054/9990/3 5157/9988/3 5053/9974/3
f 5055/9991/3 5157/9988/3 5054/9990/3
f 5056/9992/3 5157/9988/3 5055/9991/3
f 5057/9993/3 5157/9988/3 5056/9992/3
f 5058/9994/3 5157/9988/3 5057/9993/3
f 5059/9995/3 5157/9988/3 5058/9994/3
f 5060/9996/3 5157/9988/3 5059/9995/3
f 5061/9997/3 5157/9988/3 5060/9996/3
f 5062/9998/3 5157/9988/3 5061/9997/3
f 5063/9999/3 5157/9988/3 5062/9998/3
f 5064/10000/3 5157/9988/3 5063/9999/3
f 5065/10001/3 5157/9988/3 5064/10000/3
f 5066/10002/3 5157/9988/3 5065/10001/3
f 5066/10002/3 5156/10003/3 5157/9988/3
f 5067/10004/3 5156/10003/3 5066/10002/3
f 5068/10005/3 5156/10003/3 5067/10004/3
f 5069/10006/3 5156/10003/3 5068/10005/3
f 5070/10007/3 5156/10003/3 5069/10006/3
f 5071/10008/3 5156/10003/3 5070/10007/3
f 5072/10009/3 5156/10003/3 5071/10008/3
f 5072/10009/3 5155/10010/3 5156/10003/3
f 5073/10011/3 5155/10010/3 5072/10009/3
f 5074/10012/3 5155/10010/3 5073/10011/3
f 5075/10013/3 5155/10010/3 5074/10012/3
f 5076/10014/3 5155/10010/3 5075/10013/3
f 5077/10015/3 5155/10010/3 5076/10014/3
f 5077/10015/3 5154/10016/3 5155/10010/3
f 5078/10017/3 5154/10016/3 5077/10015/3
f 5079/10018/3 5154/10016/3 5078/10017/3
f 5080/10019/3 5154/10016/3 5079/10018/3
f 5080/10019/3 5153/10020/3 5154/10016/3
f 5081/10021/3 5153/10020/3 5080/10019/3
f 5082/10022/3 5153/10020/3 5081/10021/3
f 5083/10023/3 5153/10020/3 5082/10022/3
f 5083/10023/3 5152/10024/3 5153/10020/3
f 5084/10025/3 5152/10024/3 5083/10023/3
f 5085/10026/3 5152/10024/3 5084/10025/3
f 5085/10026/3 5151/10027/3 5152/10024/3
f 5086/10028/3 5151/10027/3 5085/10026/3
f 5086/10028/3 5150/10029/3 5151/10027/3
f 5087/10030/3 5150/10029/3 5086/10028/3
f 5088/10031/3 5150/10029/3 5087/10030/3
f 5088/10031/3 5149/10032/3 5150/10029/3
f 5089/10033/3 5149/10032/3 5088/10031/3
f 5090/10034/3 5149/10032/3 5089/10033/3
f 5090/10034/3 5148/10035/3 5149/10032/3
f 5091/10036/3 5148/10035/3 5090/10034/3
f 5092/10037/3 5148/10035/3 5091/10036/3
f 5093/10038/3 5148/10035/3 5092/10037/3
f 5093/10038/3 5147/10039/3 5148/10035/3
f 5094/10040/3 5147/10039/3 5093/10038/3
f 5095/10041/3 5147/10039/3 5094/10040/3
f 5095/10041/3 5146/10042/3 5147/10039/3
f 5096/10043/3 5146/10042/3 5095/10041/3
f 5096/10043/3 5145/10044/3 5146/10042/3
f 5097/10045/3 5145/10044/3 5096/10043/3
f 5097/10045/3 5144/10046/3 5145/10044/3
f 5098/10047/3 5144/10046/3 5097/10045/3
f 5098/10047/3 5143/10048/3 5144/10046/3
f 5099/10049/3 5143/10048/3 5098/10047/3
f 5099/10049/3 5142/10050/3 5143/10048/3
f 5100/10051/3 5142/10050/3 5099/10049/3
f 5100/10051/3 5141/10052/3 5142/10050/3
f 5101/10053/3 5141/10052/3 5100/10051/3
f 5101/10053/3 5140/10054/3 5141/10052/3
f 5102/10055/3 5140/10054/3 5101/10053/3
f 5049/9973/3 5051/10056/3 5052/9989/3
f 5102/10055/3 5139/10057/3 5140/10054/3
f 5103/10058/3 5139/10057/3 5102/10055/3
f 5104/10059/3 5139/10057/3 5103/10058/3
f 5105/10060/3 5139/10057/3 5104/10059/3
f 5106/10061/3 5139/10057/3 5105/10060/3
f 5106/10061/3 5138/10062/3 5139/10057/3
f 5107/10063/3 5138/10062/3 5106/10061/3
f 5107/10063/3 5137/10064/3 5138/10062/3
f 5108/10065/3 5137/10064/3 5107/10063/3
f 5108/10065/3 5136/10066/3 5137/10064/3
f 5109/10067/3 5136/10066/3 5108/10065/3
f 5109/10067/3 5135/10068/3 5136/10066/3
f 5110/10069/3 5135/10068/3 5109/10067/3
f 5110/10069/3 5134/10070/3 5135/10068/3
f 5111/10071/3 5134/10070/3 5110/10069/3
f 5111/10071/3 5133/10072/3 5134/10070/3
f 5111/10071/3 5132/10073/3 5133/10072/3
f 5112/10074/3 5132/10073/3 5111/10071/3
f 5112/10074/3 5131/10075/3 5132/10073/3
f 5113/10076/3 5131/10075/3 5112/10074/3
f 5113/10076/3 5130/10077/3 5131/10075/3
f 5113/10076/3 5129/10078/3 5130/10077/3
f 5113/10076/3 5128/10079/3 5129/10078/3
f 5114/10080/3 5128/10079/3 5113/10076/3
f 5114/10080/3 5127/10081/3 5128/10079/3
f 5114/10080/3 5126/10082/3 5127/10081/3
f 5114/10080/3 5125/10083/3 5126/10082/3
f 5114/10080/3 5124/10084/3 5125/10083/3
f 5114/10080/3 5123/10085/3 5124/10084/3
f 5114/10080/3 5122/10086/3 5123/10085/3
f 5114/10080/3 5121/10087/3 5122/10086/3
f 5114/10080/3 5120/10088/3 5121/10087/3
f 5114/10080/3 5119/10089/3 5120/10088/3
f 5114/10080/3 5118/10090/3 5119/10089/3
f 5114/10080/3 5117/10091/3 5118/10090/3
f 5114/10080/3 5116/10092/3 5117/10091/3
f 5114/10080/3 5115/10093/3 5116/10092/3
f 5050/10094/3 5051/10056/3 5049/9973/3
