# Blender 5.0.1
# www.blender.org
mtllib 21.mtl
o Curve.023
v 0.224666 0.000000 0.279998
v 0.224703 0.000000 0.281715
v 0.226420 0.000000 0.281752
v 0.228125 0.000000 0.281790
v 0.228125 0.000000 0.280035
v 0.228125 0.000000 0.278293
v 0.226383 0.000000 0.278293
v 0.224628 0.000000 0.278293
v 0.274883 0.000000 0.224627
v 0.274871 0.000000 0.224677
v 0.274859 0.000000 0.224802
v 0.274848 0.000000 0.224997
v 0.274838 0.000000 0.225258
v 0.274829 0.000000 0.225578
v 0.274821 0.000000 0.225953
v 0.274814 0.000000 0.226376
v 0.274807 0.000000 0.226842
v 0.274803 0.000000 0.227347
v 0.274799 0.000000 0.227883
v 0.274797 0.000000 0.228447
v 0.274796 0.000000 0.229032
v 0.274796 0.000000 0.229117
v 0.274796 0.000000 0.229353
v 0.274796 0.000000 0.229709
v 0.274796 0.000000 0.230155
v 0.274796 0.000000 0.230661
v 0.274796 0.000000 0.231197
v 0.274796 0.000000 0.231734
v 0.274796 0.000000 0.232240
v 0.274796 0.000000 0.232686
v 0.274796 0.000000 0.233042
v 0.274796 0.000000 0.233277
v 0.274796 0.000000 0.233362
v 0.273091 0.000000 0.233400
v 0.271373 0.000000 0.233437
v 0.271336 0.000000 0.235639
v 0.271311 0.000000 0.237854
v 0.273054 0.000000 0.237854
v 0.274796 0.000000 0.237854
v 0.274796 0.000000 0.244324
v 0.274796 0.000000 0.250795
v 0.276725 0.000000 0.250795
v 0.278654 0.000000 0.250795
v 0.278654 0.000000 0.237667
v 0.278654 0.000000 0.224540
v 0.276812 0.000000 0.224540
v 0.276560 0.000000 0.224541
v 0.276317 0.000000 0.224543
v 0.276085 0.000000 0.224547
v 0.275867 0.000000 0.224552
v 0.275664 0.000000 0.224558
v 0.275479 0.000000 0.224565
v 0.275314 0.000000 0.224573
v 0.275173 0.000000 0.224583
v 0.275057 0.000000 0.224593
v 0.274968 0.000000 0.224604
v 0.274909 0.000000 0.224615
v 0.258953 0.000000 0.226992
v 0.258941 0.000000 0.227016
v 0.258929 0.000000 0.227068
v 0.258918 0.000000 0.227145
v 0.258908 0.000000 0.227247
v 0.258899 0.000000 0.227371
v 0.258891 0.000000 0.227514
v 0.258883 0.000000 0.227675
v 0.258877 0.000000 0.227851
v 0.258872 0.000000 0.228041
v 0.258869 0.000000 0.228243
v 0.258866 0.000000 0.228453
v 0.258866 0.000000 0.228671
v 0.258866 0.000000 0.228703
v 0.258866 0.000000 0.228789
v 0.258866 0.000000 0.228920
v 0.258866 0.000000 0.229084
v 0.258866 0.000000 0.229270
v 0.258866 0.000000 0.229468
v 0.258866 0.000000 0.229665
v 0.258866 0.000000 0.229851
v 0.258866 0.000000 0.230015
v 0.258866 0.000000 0.230146
v 0.258866 0.000000 0.230233
v 0.258866 0.000000 0.230264
v 0.261367 0.000000 0.230264
v 0.263881 0.000000 0.230264
v 0.263807 0.000000 0.232653
v 0.263781 0.000000 0.233375
v 0.263746 0.000000 0.234034
v 0.263701 0.000000 0.234637
v 0.263644 0.000000 0.235193
v 0.263574 0.000000 0.235709
v 0.263488 0.000000 0.236191
v 0.263385 0.000000 0.236649
v 0.263264 0.000000 0.237089
v 0.263122 0.000000 0.237519
v 0.262959 0.000000 0.237947
v 0.262773 0.000000 0.238379
v 0.262562 0.000000 0.238825
v 0.262420 0.000000 0.239094
v 0.262252 0.000000 0.239369
v 0.262061 0.000000 0.239647
v 0.261851 0.000000 0.239924
v 0.261626 0.000000 0.240195
v 0.261389 0.000000 0.240458
v 0.261145 0.000000 0.240707
v 0.260896 0.000000 0.240940
v 0.260647 0.000000 0.241152
v 0.260402 0.000000 0.241339
v 0.260164 0.000000 0.241498
v 0.259936 0.000000 0.241624
v 0.259922 0.000000 0.241631
v 0.259884 0.000000 0.241650
v 0.259827 0.000000 0.241679
v 0.259755 0.000000 0.241715
v 0.259674 0.000000 0.241755
v 0.259588 0.000000 0.241799
v 0.259501 0.000000 0.241842
v 0.259420 0.000000 0.241882
v 0.259348 0.000000 0.241918
v 0.259291 0.000000 0.241947
v 0.259253 0.000000 0.241966
v 0.259239 0.000000 0.241973
v 0.259239 0.000000 0.243764
v 0.259240 0.000000 0.244009
v 0.259243 0.000000 0.244244
v 0.259248 0.000000 0.244466
v 0.259254 0.000000 0.244675
v 0.259261 0.000000 0.244867
v 0.259270 0.000000 0.245040
v 0.259280 0.000000 0.245192
v 0.259291 0.000000 0.245322
v 0.259302 0.000000 0.245427
v 0.259314 0.000000 0.245504
v 0.259326 0.000000 0.245552
v 0.259339 0.000000 0.245569
v 0.259429 0.000000 0.245558
v 0.259560 0.000000 0.245526
v 0.259724 0.000000 0.245477
v 0.259916 0.000000 0.245412
v 0.260130 0.000000 0.245334
v 0.260359 0.000000 0.245245
v 0.260598 0.000000 0.245148
v 0.260839 0.000000 0.245045
v 0.261078 0.000000 0.244939
v 0.261308 0.000000 0.244831
v 0.261523 0.000000 0.244725
v 0.261716 0.000000 0.244623
v 0.262155 0.000000 0.244370
v 0.262574 0.000000 0.244104
v 0.262975 0.000000 0.243824
v 0.263354 0.000000 0.243533
v 0.263713 0.000000 0.243230
v 0.264049 0.000000 0.242917
v 0.264363 0.000000 0.242594
v 0.264653 0.000000 0.242263
v 0.264919 0.000000 0.241923
v 0.265159 0.000000 0.241577
v 0.265374 0.000000 0.241224
v 0.265561 0.000000 0.240865
v 0.265570 0.000000 0.240847
v 0.265594 0.000000 0.240798
v 0.265629 0.000000 0.240723
v 0.265674 0.000000 0.240630
v 0.265725 0.000000 0.240524
v 0.265779 0.000000 0.240411
v 0.265833 0.000000 0.240299
v 0.265884 0.000000 0.240192
v 0.265929 0.000000 0.240099
v 0.265965 0.000000 0.240024
v 0.265988 0.000000 0.239975
v 0.265997 0.000000 0.239957
v 0.266445 0.000000 0.240865
v 0.266595 0.000000 0.241148
v 0.266768 0.000000 0.241434
v 0.266963 0.000000 0.241722
v 0.267179 0.000000 0.242010
v 0.267412 0.000000 0.242295
v 0.267662 0.000000 0.242576
v 0.267925 0.000000 0.242851
v 0.268200 0.000000 0.243118
v 0.268486 0.000000 0.243374
v 0.268779 0.000000 0.243619
v 0.269079 0.000000 0.243849
v 0.269382 0.000000 0.244063
v 0.269632 0.000000 0.244222
v 0.269899 0.000000 0.244381
v 0.270180 0.000000 0.244537
v 0.270469 0.000000 0.244689
v 0.270763 0.000000 0.244834
v 0.271058 0.000000 0.244971
v 0.271348 0.000000 0.245098
v 0.271631 0.000000 0.245212
v 0.271901 0.000000 0.245312
v 0.272154 0.000000 0.245396
v 0.272386 0.000000 0.245461
v 0.272593 0.000000 0.245506
v 0.272602 0.000000 0.245508
v 0.272627 0.000000 0.245513
v 0.272665 0.000000 0.245520
v 0.272712 0.000000 0.245529
v 0.272766 0.000000 0.245539
v 0.272823 0.000000 0.245550
v 0.272880 0.000000 0.245561
v 0.272934 0.000000 0.245571
v 0.272982 0.000000 0.245580
v 0.273019 0.000000 0.245587
v 0.273045 0.000000 0.245592
v 0.273054 0.000000 0.245594
v 0.273054 0.000000 0.243814
v 0.273054 0.000000 0.242022
v 0.272269 0.000000 0.241624
v 0.271640 0.000000 0.241242
v 0.271061 0.000000 0.240773
v 0.270531 0.000000 0.240221
v 0.270053 0.000000 0.239588
v 0.269627 0.000000 0.238877
v 0.269255 0.000000 0.238089
v 0.268937 0.000000 0.237227
v 0.268674 0.000000 0.236294
v 0.268468 0.000000 0.235292
v 0.268320 0.000000 0.234223
v 0.268230 0.000000 0.233089
v 0.268200 0.000000 0.231894
v 0.268200 0.000000 0.231862
v 0.268200 0.000000 0.231773
v 0.268200 0.000000 0.231639
v 0.268200 0.000000 0.231471
v 0.268200 0.000000 0.231281
v 0.268200 0.000000 0.231079
v 0.268200 0.000000 0.230877
v 0.268200 0.000000 0.230687
v 0.268200 0.000000 0.230519
v 0.268200 0.000000 0.230385
v 0.268200 0.000000 0.230296
v 0.268200 0.000000 0.230264
v 0.270813 0.000000 0.230264
v 0.273439 0.000000 0.230264
v 0.273402 0.000000 0.228609
v 0.273365 0.000000 0.226967
v 0.266196 0.000000 0.226929
v 0.265228 0.000000 0.226927
v 0.264297 0.000000 0.226926
v 0.263410 0.000000 0.226927
v 0.262579 0.000000 0.226929
v 0.261810 0.000000 0.226932
v 0.261114 0.000000 0.226937
v 0.260498 0.000000 0.226943
v 0.259973 0.000000 0.226951
v 0.259547 0.000000 0.226959
v 0.259229 0.000000 0.226969
v 0.259028 0.000000 0.226980
v 0.052806 0.000000 0.224478
v 0.052477 0.000000 0.224577
v 0.052160 0.000000 0.224691
v 0.051858 0.000000 0.224822
v 0.051569 0.000000 0.224967
v 0.051295 0.000000 0.225128
v 0.051036 0.000000 0.225304
v 0.050791 0.000000 0.225494
v 0.050562 0.000000 0.225697
v 0.050349 0.000000 0.225915
v 0.050152 0.000000 0.226145
v 0.049971 0.000000 0.226388
v 0.049807 0.000000 0.226643
v 0.049730 0.000000 0.226774
v 0.049665 0.000000 0.226893
v 0.049612 0.000000 0.227008
v 0.049570 0.000000 0.227130
v 0.049537 0.000000 0.227266
v 0.049513 0.000000 0.227427
v 0.049495 0.000000 0.227621
v 0.049483 0.000000 0.227857
v 0.049476 0.000000 0.228144
v 0.049472 0.000000 0.228492
v 0.049471 0.000000 0.228910
v 0.049471 0.000000 0.229405
v 0.049471 0.000000 0.229448
v 0.049471 0.000000 0.229567
v 0.049471 0.000000 0.229746
v 0.049471 0.000000 0.229970
v 0.049471 0.000000 0.230225
v 0.049471 0.000000 0.230494
v 0.049471 0.000000 0.230764
v 0.049471 0.000000 0.231018
v 0.049471 0.000000 0.231243
v 0.049471 0.000000 0.231422
v 0.049471 0.000000 0.231540
v 0.049471 0.000000 0.231583
v 0.049832 0.000000 0.232130
v 0.049884 0.000000 0.232207
v 0.049941 0.000000 0.232288
v 0.050003 0.000000 0.232370
v 0.050067 0.000000 0.232454
v 0.050133 0.000000 0.232539
v 0.050200 0.000000 0.232622
v 0.050268 0.000000 0.232703
v 0.050335 0.000000 0.232781
v 0.050400 0.000000 0.232855
v 0.050463 0.000000 0.232923
v 0.050523 0.000000 0.232985
v 0.050578 0.000000 0.233039
v 0.050699 0.000000 0.233138
v 0.050860 0.000000 0.233253
v 0.051055 0.000000 0.233380
v 0.051274 0.000000 0.233512
v 0.051508 0.000000 0.233646
v 0.051750 0.000000 0.233778
v 0.051989 0.000000 0.233901
v 0.052218 0.000000 0.234013
v 0.052428 0.000000 0.234108
v 0.052610 0.000000 0.234181
v 0.052756 0.000000 0.234229
v 0.052856 0.000000 0.234246
v 0.052883 0.000000 0.234251
v 0.052907 0.000000 0.234267
v 0.052928 0.000000 0.234294
v 0.052948 0.000000 0.234333
v 0.052964 0.000000 0.234384
v 0.052979 0.000000 0.234448
v 0.052991 0.000000 0.234524
v 0.053001 0.000000 0.234614
v 0.053008 0.000000 0.234718
v 0.053013 0.000000 0.234836
v 0.053017 0.000000 0.234969
v 0.053018 0.000000 0.235117
v 0.053018 0.000000 0.235134
v 0.053018 0.000000 0.235181
v 0.053018 0.000000 0.235253
v 0.053018 0.000000 0.235343
v 0.053018 0.000000 0.235444
v 0.053018 0.000000 0.235552
v 0.053018 0.000000 0.235660
v 0.053018 0.000000 0.235762
v 0.053018 0.000000 0.235852
v 0.053018 0.000000 0.235923
v 0.053018 0.000000 0.235971
v 0.053018 0.000000 0.235988
v 0.049720 0.000000 0.235988
v 0.046422 0.000000 0.235988
v 0.046422 0.000000 0.237730
v 0.046422 0.000000 0.239472
v 0.058618 0.000000 0.239472
v 0.070815 0.000000 0.239472
v 0.070815 0.000000 0.237730
v 0.070815 0.000000 0.235988
v 0.067952 0.000000 0.235988
v 0.065090 0.000000 0.235988
v 0.065090 0.000000 0.235079
v 0.065090 0.000000 0.234183
v 0.065812 0.000000 0.233848
v 0.066054 0.000000 0.233728
v 0.066280 0.000000 0.233606
v 0.066488 0.000000 0.233480
v 0.066681 0.000000 0.233349
v 0.066860 0.000000 0.233213
v 0.067025 0.000000 0.233070
v 0.067178 0.000000 0.232920
v 0.067319 0.000000 0.232762
v 0.067450 0.000000 0.232595
v 0.067571 0.000000 0.232418
v 0.067685 0.000000 0.232230
v 0.067790 0.000000 0.232031
v 0.067868 0.000000 0.231871
v 0.067933 0.000000 0.231727
v 0.067987 0.000000 0.231593
v 0.068030 0.000000 0.231459
v 0.068064 0.000000 0.231320
v 0.068091 0.000000 0.231166
v 0.068110 0.000000 0.230991
v 0.068123 0.000000 0.230786
v 0.068132 0.000000 0.230544
v 0.068136 0.000000 0.230257
v 0.068138 0.000000 0.229917
v 0.068139 0.000000 0.229517
v 0.068138 0.000000 0.229141
v 0.068135 0.000000 0.228815
v 0.068129 0.000000 0.228534
v 0.068120 0.000000 0.228293
v 0.068106 0.000000 0.228085
v 0.068088 0.000000 0.227904
v 0.068064 0.000000 0.227746
v 0.068034 0.000000 0.227602
v 0.067997 0.000000 0.227468
v 0.067953 0.000000 0.227338
v 0.067901 0.000000 0.227206
v 0.067840 0.000000 0.227066
v 0.067746 0.000000 0.226877
v 0.067627 0.000000 0.226680
v 0.067485 0.000000 0.226478
v 0.067325 0.000000 0.226274
v 0.067150 0.000000 0.226070
v 0.066961 0.000000 0.225870
v 0.066763 0.000000 0.225677
v 0.066559 0.000000 0.225495
v 0.066351 0.000000 0.225325
v 0.066143 0.000000 0.225172
v 0.065937 0.000000 0.225038
v 0.065737 0.000000 0.224926
v 0.065456 0.000000 0.224788
v 0.065186 0.000000 0.224672
v 0.064906 0.000000 0.224575
v 0.064597 0.000000 0.224497
v 0.064237 0.000000 0.224434
v 0.063806 0.000000 0.224386
v 0.063286 0.000000 0.224351
v 0.062654 0.000000 0.224327
v 0.061892 0.000000 0.224312
v 0.060979 0.000000 0.224304
v 0.059894 0.000000 0.224302
v 0.058618 0.000000 0.224304
v 0.057666 0.000000 0.224305
v 0.056823 0.000000 0.224307
v 0.056081 0.000000 0.224312
v 0.055433 0.000000 0.224319
v 0.054872 0.000000 0.224328
v 0.054391 0.000000 0.224340
v 0.053984 0.000000 0.224354
v 0.053644 0.000000 0.224372
v 0.053362 0.000000 0.224393
v 0.053134 0.000000 0.224418
v 0.052951 0.000000 0.224446
v 0.063447 0.000000 0.227775
v 0.063585 0.000000 0.227868
v 0.063712 0.000000 0.227970
v 0.063829 0.000000 0.228081
v 0.063934 0.000000 0.228202
v 0.064028 0.000000 0.228331
v 0.064110 0.000000 0.228468
v 0.064180 0.000000 0.228612
v 0.064238 0.000000 0.228763
v 0.064284 0.000000 0.228922
v 0.064316 0.000000 0.229086
v 0.064336 0.000000 0.229255
v 0.064343 0.000000 0.229430
v 0.064338 0.000000 0.229603
v 0.064324 0.000000 0.229766
v 0.064300 0.000000 0.229921
v 0.064266 0.000000 0.230069
v 0.064221 0.000000 0.230209
v 0.064166 0.000000 0.230343
v 0.064100 0.000000 0.230472
v 0.064022 0.000000 0.230596
v 0.063934 0.000000 0.230716
v 0.063833 0.000000 0.230833
v 0.063721 0.000000 0.230948
v 0.063596 0.000000 0.231060
v 0.063589 0.000000 0.231067
v 0.063567 0.000000 0.231084
v 0.063534 0.000000 0.231111
v 0.063493 0.000000 0.231144
v 0.063447 0.000000 0.231182
v 0.063397 0.000000 0.231222
v 0.063348 0.000000 0.231262
v 0.063301 0.000000 0.231300
v 0.063260 0.000000 0.231333
v 0.063228 0.000000 0.231360
v 0.063206 0.000000 0.231377
v 0.063198 0.000000 0.231384
v 0.058830 0.000000 0.231384
v 0.057867 0.000000 0.231383
v 0.057054 0.000000 0.231382
v 0.056376 0.000000 0.231378
v 0.055820 0.000000 0.231372
v 0.055371 0.000000 0.231362
v 0.055015 0.000000 0.231348
v 0.054738 0.000000 0.231329
v 0.054525 0.000000 0.231305
v 0.054363 0.000000 0.231274
v 0.054238 0.000000 0.231235
v 0.054134 0.000000 0.231190
v 0.054038 0.000000 0.231135
v 0.053924 0.000000 0.231053
v 0.053813 0.000000 0.230952
v 0.053706 0.000000 0.230834
v 0.053604 0.000000 0.230702
v 0.053509 0.000000 0.230558
v 0.053422 0.000000 0.230406
v 0.053345 0.000000 0.230246
v 0.053278 0.000000 0.230083
v 0.053223 0.000000 0.229919
v 0.053181 0.000000 0.229756
v 0.053154 0.000000 0.229596
v 0.053142 0.000000 0.229443
v 0.053152 0.000000 0.229294
v 0.053181 0.000000 0.229138
v 0.053228 0.000000 0.228976
v 0.053290 0.000000 0.228811
v 0.053365 0.000000 0.228647
v 0.053453 0.000000 0.228486
v 0.053552 0.000000 0.228332
v 0.053658 0.000000 0.228187
v 0.053772 0.000000 0.228055
v 0.053891 0.000000 0.227938
v 0.054014 0.000000 0.227840
v 0.054138 0.000000 0.227763
v 0.054239 0.000000 0.227714
v 0.054352 0.000000 0.227672
v 0.054489 0.000000 0.227637
v 0.054662 0.000000 0.227608
v 0.054883 0.000000 0.227584
v 0.055165 0.000000 0.227565
v 0.055519 0.000000 0.227551
v 0.055958 0.000000 0.227541
v 0.056493 0.000000 0.227534
v 0.057139 0.000000 0.227529
v 0.057905 0.000000 0.227527
v 0.058805 0.000000 0.227527
v 0.059731 0.000000 0.227527
v 0.060513 0.000000 0.227529
v 0.061167 0.000000 0.227532
v 0.061704 0.000000 0.227539
v 0.062138 0.000000 0.227548
v 0.062484 0.000000 0.227562
v 0.062754 0.000000 0.227581
v 0.062963 0.000000 0.227606
v 0.063122 0.000000 0.227637
v 0.063247 0.000000 0.227675
v 0.063351 0.000000 0.227721
v 0.060983 0.000000 0.235241
v 0.060983 0.000000 0.235988
v 0.059054 0.000000 0.235988
v 0.057125 0.000000 0.235988
v 0.057125 0.000000 0.235241
v 0.057125 0.000000 0.234495
v 0.059054 0.000000 0.234495
v 0.060983 0.000000 0.234495
v 0.075668 0.000000 0.226220
v 0.075668 0.000000 0.227900
v 0.078780 0.000000 0.227900
v 0.079335 0.000000 0.227901
v 0.079827 0.000000 0.227903
v 0.080258 0.000000 0.227907
v 0.080632 0.000000 0.227914
v 0.080951 0.000000 0.227922
v 0.081218 0.000000 0.227933
v 0.081435 0.000000 0.227945
v 0.081607 0.000000 0.227961
v 0.081736 0.000000 0.227979
v 0.081824 0.000000 0.227999
v 0.081875 0.000000 0.228023
v 0.081891 0.000000 0.228049
v 0.081884 0.000000 0.228078
v 0.081861 0.000000 0.228120
v 0.081826 0.000000 0.228175
v 0.081777 0.000000 0.228240
v 0.081717 0.000000 0.228315
v 0.081647 0.000000 0.228399
v 0.081567 0.000000 0.228491
v 0.081478 0.000000 0.228588
v 0.081382 0.000000 0.228691
v 0.081279 0.000000 0.228798
v 0.081170 0.000000 0.228908
v 0.081057 0.000000 0.229020
v 0.080800 0.000000 0.229256
v 0.080521 0.000000 0.229491
v 0.080221 0.000000 0.229724
v 0.079900 0.000000 0.229955
v 0.079560 0.000000 0.230184
v 0.079201 0.000000 0.230409
v 0.078825 0.000000 0.230630
v 0.078431 0.000000 0.230847
v 0.078021 0.000000 0.231058
v 0.077595 0.000000 0.231264
v 0.077155 0.000000 0.231464
v 0.076701 0.000000 0.231658
v 0.076676 0.000000 0.231668
v 0.076606 0.000000 0.231696
v 0.076501 0.000000 0.231739
v 0.076369 0.000000 0.231793
v 0.076219 0.000000 0.231854
v 0.076060 0.000000 0.231919
v 0.075902 0.000000 0.231984
v 0.075752 0.000000 0.232045
v 0.075620 0.000000 0.232099
v 0.075514 0.000000 0.232141
v 0.075445 0.000000 0.232170
v 0.075420 0.000000 0.232180
v 0.075420 0.000000 0.233835
v 0.075420 0.000000 0.234058
v 0.075422 0.000000 0.234273
v 0.075424 0.000000 0.234477
v 0.075427 0.000000 0.234668
v 0.075432 0.000000 0.234844
v 0.075437 0.000000 0.235003
v 0.075442 0.000000 0.235143
v 0.075449 0.000000 0.235263
v 0.075456 0.000000 0.235359
v 0.075464 0.000000 0.235430
v 0.075473 0.000000 0.235475
v 0.075482 0.000000 0.235490
v 0.075503 0.000000 0.235485
v 0.075552 0.000000 0.235469
v 0.075626 0.000000 0.235444
v 0.075725 0.000000 0.235411
v 0.075846 0.000000 0.235369
v 0.075986 0.000000 0.235320
v 0.076144 0.000000 0.235265
v 0.076317 0.000000 0.235204
v 0.076504 0.000000 0.235138
v 0.076702 0.000000 0.235068
v 0.076910 0.000000 0.234994
v 0.077125 0.000000 0.234918
v 0.077852 0.000000 0.234643
v 0.078568 0.000000 0.234350
v 0.079268 0.000000 0.234040
v 0.079949 0.000000 0.233716
v 0.080606 0.000000 0.233381
v 0.081235 0.000000 0.233037
v 0.081831 0.000000 0.232687
v 0.082389 0.000000 0.232332
v 0.082907 0.000000 0.231976
v 0.083379 0.000000 0.231621
v 0.083801 0.000000 0.231269
v 0.084169 0.000000 0.230923
v 0.084180 0.000000 0.230911
v 0.084212 0.000000 0.230878
v 0.084260 0.000000 0.230828
v 0.084320 0.000000 0.230765
v 0.084389 0.000000 0.230694
v 0.084461 0.000000 0.230619
v 0.084534 0.000000 0.230543
v 0.084602 0.000000 0.230472
v 0.084662 0.000000 0.230409
v 0.084710 0.000000 0.230359
v 0.084742 0.000000 0.230326
v 0.084754 0.000000 0.230314
v 0.085550 0.000000 0.231098
v 0.086009 0.000000 0.231513
v 0.086521 0.000000 0.231924
v 0.087081 0.000000 0.232327
v 0.087683 0.000000 0.232718
v 0.088320 0.000000 0.233095
v 0.088987 0.000000 0.233454
v 0.089676 0.000000 0.233792
v 0.090383 0.000000 0.234106
v 0.091100 0.000000 0.234393
v 0.091822 0.000000 0.234648
v 0.092542 0.000000 0.234870
v 0.093254 0.000000 0.235054
v 0.093268 0.000000 0.235058
v 0.093307 0.000000 0.235066
v 0.093367 0.000000 0.235080
v 0.093441 0.000000 0.235096
v 0.093525 0.000000 0.235115
v 0.093615 0.000000 0.235135
v 0.093704 0.000000 0.235155
v 0.093789 0.000000 0.235174
v 0.093863 0.000000 0.235191
v 0.093922 0.000000 0.235204
v 0.093961 0.000000 0.235213
v 0.093976 0.000000 0.235216
v 0.093938 0.000000 0.233723
v 0.093901 0.000000 0.232230
v 0.093042 0.000000 0.231931
v 0.092752 0.000000 0.231825
v 0.092445 0.000000 0.231700
v 0.092124 0.000000 0.231560
v 0.091795 0.000000 0.231405
v 0.091463 0.000000 0.231240
v 0.091130 0.000000 0.231067
v 0.090803 0.000000 0.230887
v 0.090485 0.000000 0.230703
v 0.090181 0.000000 0.230518
v 0.089895 0.000000 0.230333
v 0.089632 0.000000 0.230153
v 0.089396 0.000000 0.229978
v 0.089191 0.000000 0.229815
v 0.088978 0.000000 0.229636
v 0.088762 0.000000 0.229445
v 0.088548 0.000000 0.229247
v 0.088341 0.000000 0.229048
v 0.088145 0.000000 0.228852
v 0.087966 0.000000 0.228664
v 0.087808 0.000000 0.228489
v 0.087677 0.000000 0.228333
v 0.087577 0.000000 0.228200
v 0.087514 0.000000 0.228096
v 0.087492 0.000000 0.228024
v 0.087514 0.000000 0.228004
v 0.087583 0.000000 0.227985
v 0.087697 0.000000 0.227968
v 0.087857 0.000000 0.227953
v 0.088063 0.000000 0.227940
v 0.088315 0.000000 0.227929
v 0.088612 0.000000 0.227920
v 0.088956 0.000000 0.227913
v 0.089345 0.000000 0.227907
v 0.089781 0.000000 0.227903
v 0.090262 0.000000 0.227901
v 0.090790 0.000000 0.227900
v 0.090855 0.000000 0.227900
v 0.091034 0.000000 0.227900
v 0.091305 0.000000 0.227900
v 0.091645 0.000000 0.227900
v 0.092030 0.000000 0.227900
v 0.092439 0.000000 0.227900
v 0.092847 0.000000 0.227900
v 0.093233 0.000000 0.227900
v 0.093572 0.000000 0.227900
v 0.093843 0.000000 0.227900
v 0.094023 0.000000 0.227900
v 0.094088 0.000000 0.227900
v 0.094088 0.000000 0.226220
v 0.094088 0.000000 0.224540
v 0.084878 0.000000 0.224540
v 0.075668 0.000000 0.224540
v 0.115743 0.000000 0.232877
v 0.115743 0.000000 0.241214
v 0.117796 0.000000 0.241214
v 0.119850 0.000000 0.241214
v 0.119850 0.000000 0.232877
v 0.119850 0.000000 0.224540
v 0.117796 0.000000 0.224540
v 0.115743 0.000000 0.224540
v 0.280521 0.000000 0.237667
v 0.280521 0.000000 0.250795
v 0.282388 0.000000 0.250795
v 0.284254 0.000000 0.250795
v 0.284230 0.000000 0.237692
v 0.284192 0.000000 0.224602
v 0.282363 0.000000 0.224565
v 0.280521 0.000000 0.224528
v 0.367390 0.000000 0.228335
v 0.367390 0.000000 0.232130
v 0.365648 0.000000 0.232130
v 0.363905 0.000000 0.232130
v 0.363905 0.000000 0.234370
v 0.363905 0.000000 0.236610
v 0.365648 0.000000 0.236610
v 0.367390 0.000000 0.236610
v 0.367415 0.000000 0.243665
v 0.367452 0.000000 0.250732
v 0.369232 0.000000 0.250770
v 0.370999 0.000000 0.250807
v 0.370999 0.000000 0.237667
v 0.370999 0.000000 0.224540
v 0.369195 0.000000 0.224540
v 0.367390 0.000000 0.224540
v 0.356438 0.000000 0.228174
v 0.356416 0.000000 0.229620
v 0.356345 0.000000 0.230937
v 0.356222 0.000000 0.232136
v 0.356042 0.000000 0.233229
v 0.355800 0.000000 0.234228
v 0.355492 0.000000 0.235143
v 0.355114 0.000000 0.235987
v 0.354661 0.000000 0.236772
v 0.354128 0.000000 0.237509
v 0.353511 0.000000 0.238209
v 0.352806 0.000000 0.238884
v 0.352008 0.000000 0.239546
v 0.351987 0.000000 0.239563
v 0.351930 0.000000 0.239607
v 0.351844 0.000000 0.239675
v 0.351737 0.000000 0.239759
v 0.351614 0.000000 0.239855
v 0.351485 0.000000 0.239957
v 0.351355 0.000000 0.240059
v 0.351233 0.000000 0.240155
v 0.351126 0.000000 0.240239
v 0.351040 0.000000 0.240307
v 0.350983 0.000000 0.240351
v 0.350962 0.000000 0.240368
v 0.350962 0.000000 0.242421
v 0.350962 0.000000 0.244461
v 0.351248 0.000000 0.244374
v 0.351407 0.000000 0.244321
v 0.351599 0.000000 0.244244
v 0.351820 0.000000 0.244146
v 0.352065 0.000000 0.244029
v 0.352329 0.000000 0.243895
v 0.352608 0.000000 0.243749
v 0.352897 0.000000 0.243591
v 0.353191 0.000000 0.243426
v 0.353485 0.000000 0.243254
v 0.353775 0.000000 0.243080
v 0.354056 0.000000 0.242905
v 0.354322 0.000000 0.242732
v 0.354599 0.000000 0.242538
v 0.354911 0.000000 0.242299
v 0.355251 0.000000 0.242023
v 0.355609 0.000000 0.241718
v 0.355977 0.000000 0.241392
v 0.356345 0.000000 0.241055
v 0.356705 0.000000 0.240714
v 0.357048 0.000000 0.240378
v 0.357364 0.000000 0.240055
v 0.357646 0.000000 0.239753
v 0.357884 0.000000 0.239481
v 0.358069 0.000000 0.239248
v 0.358074 0.000000 0.239239
v 0.358091 0.000000 0.239216
v 0.358115 0.000000 0.239182
v 0.358146 0.000000 0.239138
v 0.358181 0.000000 0.239089
v 0.358218 0.000000 0.239036
v 0.358255 0.000000 0.238984
v 0.358290 0.000000 0.238934
v 0.358321 0.000000 0.238891
v 0.358345 0.000000 0.238856
v 0.358361 0.000000 0.238833
v 0.358367 0.000000 0.238825
v 0.359164 0.000000 0.239845
v 0.359468 0.000000 0.240208
v 0.359804 0.000000 0.240575
v 0.360171 0.000000 0.240941
v 0.360564 0.000000 0.241306
v 0.360980 0.000000 0.241666
v 0.361416 0.000000 0.242018
v 0.361869 0.000000 0.242360
v 0.362335 0.000000 0.242689
v 0.362811 0.000000 0.243003
v 0.363294 0.000000 0.243299
v 0.363780 0.000000 0.243575
v 0.364266 0.000000 0.243827
v 0.364397 0.000000 0.243892
v 0.364528 0.000000 0.243955
v 0.364657 0.000000 0.244017
v 0.364782 0.000000 0.244077
v 0.364903 0.000000 0.244133
v 0.365018 0.000000 0.244186
v 0.365125 0.000000 0.244234
v 0.365223 0.000000 0.244277
v 0.365311 0.000000 0.244315
v 0.365387 0.000000 0.244346
v 0.365450 0.000000 0.244370
v 0.365498 0.000000 0.244387
v 0.365504 0.000000 0.244388
v 0.365519 0.000000 0.244392
v 0.365541 0.000000 0.244398
v 0.365569 0.000000 0.244406
v 0.365601 0.000000 0.244415
v 0.365635 0.000000 0.244424
v 0.365669 0.000000 0.244433
v 0.365701 0.000000 0.244442
v 0.365730 0.000000 0.244450
v 0.365752 0.000000 0.244456
v 0.365767 0.000000 0.244460
v 0.365772 0.000000 0.244461
v 0.365772 0.000000 0.242421
v 0.365772 0.000000 0.240380
v 0.364764 0.000000 0.239609
v 0.364375 0.000000 0.239289
v 0.364003 0.000000 0.238954
v 0.363650 0.000000 0.238603
v 0.363316 0.000000 0.238236
v 0.363001 0.000000 0.237855
v 0.362704 0.000000 0.237459
v 0.362428 0.000000 0.237049
v 0.362172 0.000000 0.236626
v 0.361936 0.000000 0.236189
v 0.361721 0.000000 0.235740
v 0.361527 0.000000 0.235279
v 0.361354 0.000000 0.234806
v 0.361249 0.000000 0.234475
v 0.361156 0.000000 0.234150
v 0.361075 0.000000 0.233822
v 0.361004 0.000000 0.233483
v 0.360943 0.000000 0.233126
v 0.360891 0.000000 0.232742
v 0.360846 0.000000 0.232322
v 0.360808 0.000000 0.231860
v 0.360777 0.000000 0.231346
v 0.360750 0.000000 0.230773
v 0.360727 0.000000 0.230133
v 0.360707 0.000000 0.229418
v 0.360706 0.000000 0.229359
v 0.360701 0.000000 0.229195
v 0.360695 0.000000 0.228947
v 0.360688 0.000000 0.228637
v 0.360679 0.000000 0.228285
v 0.360670 0.000000 0.227912
v 0.360660 0.000000 0.227539
v 0.360652 0.000000 0.227187
v 0.360644 0.000000 0.226877
v 0.360638 0.000000 0.226630
v 0.360634 0.000000 0.226466
v 0.360632 0.000000 0.226407
v 0.358541 0.000000 0.226407
v 0.356438 0.000000 0.226407
v 0.356438 0.000000 0.226442
v 0.356438 0.000000 0.226538
v 0.356438 0.000000 0.226683
v 0.356438 0.000000 0.226865
v 0.356438 0.000000 0.227071
v 0.356438 0.000000 0.227290
v 0.356438 0.000000 0.227509
v 0.356438 0.000000 0.227716
v 0.356438 0.000000 0.227898
v 0.356438 0.000000 0.228043
v 0.356438 0.000000 0.228139
v 0.373240 0.000000 0.237667
v 0.373240 0.000000 0.250795
v 0.375044 0.000000 0.250795
v 0.376849 0.000000 0.250795
v 0.376849 0.000000 0.237667
v 0.376849 0.000000 0.224540
v 0.375044 0.000000 0.224540
v 0.373240 0.000000 0.224540
v 0.198132 0.000000 0.225847
v 0.198132 0.000000 0.227029
v 0.205039 0.000000 0.227029
v 0.211946 0.000000 0.227029
v 0.211946 0.000000 0.227713
v 0.211946 0.000000 0.228398
v 0.205039 0.000000 0.228398
v 0.198132 0.000000 0.228398
v 0.198132 0.000000 0.231695
v 0.198132 0.000000 0.234992
v 0.207068 0.000000 0.234967
v 0.215991 0.000000 0.234930
v 0.215991 0.000000 0.233561
v 0.215991 0.000000 0.232193
v 0.208997 0.000000 0.232155
v 0.201990 0.000000 0.232130
v 0.201990 0.000000 0.231633
v 0.201990 0.000000 0.231135
v 0.209022 0.000000 0.231135
v 0.216053 0.000000 0.231135
v 0.216053 0.000000 0.227900
v 0.216053 0.000000 0.224665
v 0.207093 0.000000 0.224665
v 0.198132 0.000000 0.224665
v 0.036963 0.000000 0.237854
v 0.036963 0.000000 0.250795
v 0.038954 0.000000 0.250795
v 0.040946 0.000000 0.250795
v 0.040946 0.000000 0.244076
v 0.040946 0.000000 0.237356
v 0.042750 0.000000 0.237356
v 0.044555 0.000000 0.237356
v 0.044555 0.000000 0.235366
v 0.044555 0.000000 0.233375
v 0.042750 0.000000 0.233375
v 0.040946 0.000000 0.233375
v 0.040946 0.000000 0.229144
v 0.040946 0.000000 0.224914
v 0.038954 0.000000 0.224914
v 0.036963 0.000000 0.224914
v 0.245922 0.000000 0.237730
v 0.245922 0.000000 0.250546
v 0.247727 0.000000 0.250546
v 0.249532 0.000000 0.250546
v 0.249532 0.000000 0.243764
v 0.249532 0.000000 0.236983
v 0.250714 0.000000 0.236983
v 0.251896 0.000000 0.236983
v 0.251921 0.000000 0.243727
v 0.251958 0.000000 0.250484
v 0.253614 0.000000 0.250521
v 0.255257 0.000000 0.250558
v 0.255257 0.000000 0.237730
v 0.255257 0.000000 0.224914
v 0.253576 0.000000 0.224914
v 0.251896 0.000000 0.224914
v 0.251896 0.000000 0.229144
v 0.251896 0.000000 0.233375
v 0.250714 0.000000 0.233375
v 0.249532 0.000000 0.233375
v 0.249532 0.000000 0.229144
v 0.249532 0.000000 0.224914
v 0.247727 0.000000 0.224914
v 0.245922 0.000000 0.224914
v 0.312381 0.000000 0.237730
v 0.312381 0.000000 0.250546
v 0.314186 0.000000 0.250546
v 0.315990 0.000000 0.250546
v 0.315990 0.000000 0.243764
v 0.315990 0.000000 0.236983
v 0.317173 0.000000 0.236983
v 0.318355 0.000000 0.236983
v 0.318380 0.000000 0.243727
v 0.318417 0.000000 0.250484
v 0.320073 0.000000 0.250521
v 0.321715 0.000000 0.250558
v 0.321715 0.000000 0.237730
v 0.321715 0.000000 0.224914
v 0.320035 0.000000 0.224914
v 0.318355 0.000000 0.224914
v 0.318355 0.000000 0.229144
v 0.318355 0.000000 0.233375
v 0.317173 0.000000 0.233375
v 0.315990 0.000000 0.233375
v 0.315990 0.000000 0.229144
v 0.315990 0.000000 0.224914
v 0.314186 0.000000 0.224914
v 0.312381 0.000000 0.224914
v 0.236178 0.000000 0.225113
v 0.236165 0.000000 0.225134
v 0.236154 0.000000 0.225174
v 0.236143 0.000000 0.225230
v 0.236133 0.000000 0.225301
v 0.236124 0.000000 0.225386
v 0.236115 0.000000 0.225483
v 0.236108 0.000000 0.225591
v 0.236102 0.000000 0.225708
v 0.236097 0.000000 0.225834
v 0.236093 0.000000 0.225966
v 0.236091 0.000000 0.226103
v 0.236091 0.000000 0.226245
v 0.236091 0.000000 0.226265
v 0.236091 0.000000 0.226321
v 0.236091 0.000000 0.226406
v 0.236091 0.000000 0.226513
v 0.236091 0.000000 0.226633
v 0.236091 0.000000 0.226761
v 0.236091 0.000000 0.226889
v 0.236091 0.000000 0.227010
v 0.236091 0.000000 0.227116
v 0.236091 0.000000 0.227201
v 0.236091 0.000000 0.227257
v 0.236091 0.000000 0.227278
v 0.233913 0.000000 0.227278
v 0.231735 0.000000 0.227278
v 0.231735 0.000000 0.228895
v 0.231735 0.000000 0.230513
v 0.232618 0.000000 0.230513
v 0.233514 0.000000 0.230513
v 0.232929 0.000000 0.231135
v 0.232693 0.000000 0.231395
v 0.232493 0.000000 0.231634
v 0.232325 0.000000 0.231864
v 0.232186 0.000000 0.232098
v 0.232074 0.000000 0.232347
v 0.231985 0.000000 0.232622
v 0.231916 0.000000 0.232936
v 0.231864 0.000000 0.233299
v 0.231825 0.000000 0.233725
v 0.231797 0.000000 0.234224
v 0.231776 0.000000 0.234808
v 0.231759 0.000000 0.235490
v 0.231754 0.000000 0.235861
v 0.231751 0.000000 0.236227
v 0.231750 0.000000 0.236585
v 0.231752 0.000000 0.236930
v 0.231755 0.000000 0.237261
v 0.231761 0.000000 0.237574
v 0.231769 0.000000 0.237867
v 0.231780 0.000000 0.238135
v 0.231793 0.000000 0.238377
v 0.231808 0.000000 0.238589
v 0.231826 0.000000 0.238768
v 0.231847 0.000000 0.238912
v 0.231925 0.000000 0.239325
v 0.232033 0.000000 0.239728
v 0.232171 0.000000 0.240120
v 0.232337 0.000000 0.240499
v 0.232529 0.000000 0.240862
v 0.232746 0.000000 0.241207
v 0.232986 0.000000 0.241533
v 0.233248 0.000000 0.241837
v 0.233530 0.000000 0.242117
v 0.233832 0.000000 0.242372
v 0.234150 0.000000 0.242598
v 0.234485 0.000000 0.242794
v 0.234498 0.000000 0.242801
v 0.234535 0.000000 0.242820
v 0.234590 0.000000 0.242848
v 0.234659 0.000000 0.242884
v 0.234738 0.000000 0.242925
v 0.234821 0.000000 0.242968
v 0.234904 0.000000 0.243011
v 0.234983 0.000000 0.243052
v 0.235052 0.000000 0.243088
v 0.235107 0.000000 0.243117
v 0.235144 0.000000 0.243136
v 0.235157 0.000000 0.243142
v 0.238144 0.000000 0.243142
v 0.241131 0.000000 0.243142
v 0.241803 0.000000 0.242769
v 0.242097 0.000000 0.242590
v 0.242373 0.000000 0.242382
v 0.242633 0.000000 0.242148
v 0.242874 0.000000 0.241889
v 0.243096 0.000000 0.241606
v 0.243298 0.000000 0.241301
v 0.243480 0.000000 0.240975
v 0.243640 0.000000 0.240630
v 0.243779 0.000000 0.240267
v 0.243895 0.000000 0.239888
v 0.243987 0.000000 0.239493
v 0.244056 0.000000 0.239086
v 0.244092 0.000000 0.238729
v 0.244122 0.000000 0.238287
v 0.244145 0.000000 0.237777
v 0.244161 0.000000 0.237218
v 0.244170 0.000000 0.236627
v 0.244172 0.000000 0.236023
v 0.244168 0.000000 0.235425
v 0.244158 0.000000 0.234849
v 0.244141 0.000000 0.234314
v 0.244119 0.000000 0.233839
v 0.244090 0.000000 0.233441
v 0.244056 0.000000 0.233138
v 0.244015 0.000000 0.232919
v 0.243968 0.000000 0.232709
v 0.243914 0.000000 0.232507
v 0.243852 0.000000 0.232313
v 0.243783 0.000000 0.232126
v 0.243706 0.000000 0.231945
v 0.243620 0.000000 0.231770
v 0.243525 0.000000 0.231599
v 0.243420 0.000000 0.231432
v 0.243306 0.000000 0.231269
v 0.243182 0.000000 0.231108
v 0.243048 0.000000 0.230948
v 0.243040 0.000000 0.230940
v 0.243019 0.000000 0.230916
v 0.242987 0.000000 0.230880
v 0.242948 0.000000 0.230835
v 0.242902 0.000000 0.230785
v 0.242855 0.000000 0.230731
v 0.242807 0.000000 0.230677
v 0.242762 0.000000 0.230626
v 0.242722 0.000000 0.230581
v 0.242690 0.000000 0.230545
v 0.242669 0.000000 0.230521
v 0.242662 0.000000 0.230513
v 0.243608 0.000000 0.230513
v 0.244553 0.000000 0.230513
v 0.244553 0.000000 0.228895
v 0.244553 0.000000 0.227278
v 0.242562 0.000000 0.227278
v 0.240583 0.000000 0.227278
v 0.240546 0.000000 0.226183
v 0.240509 0.000000 0.225100
v 0.238380 0.000000 0.225063
v 0.238095 0.000000 0.225061
v 0.237819 0.000000 0.225060
v 0.237555 0.000000 0.225060
v 0.237306 0.000000 0.225062
v 0.237075 0.000000 0.225065
v 0.236864 0.000000 0.225069
v 0.236676 0.000000 0.225074
v 0.236514 0.000000 0.225080
v 0.236380 0.000000 0.225087
v 0.236278 0.000000 0.225095
v 0.236209 0.000000 0.225104
v 0.239998 0.000000 0.233126
v 0.240167 0.000000 0.233286
v 0.240311 0.000000 0.233447
v 0.240434 0.000000 0.233616
v 0.240537 0.000000 0.233799
v 0.240620 0.000000 0.234003
v 0.240686 0.000000 0.234235
v 0.240736 0.000000 0.234501
v 0.240771 0.000000 0.234809
v 0.240793 0.000000 0.235164
v 0.240803 0.000000 0.235574
v 0.240803 0.000000 0.236046
v 0.240795 0.000000 0.236585
v 0.240794 0.000000 0.236624
v 0.240792 0.000000 0.236733
v 0.240789 0.000000 0.236898
v 0.240785 0.000000 0.237104
v 0.240781 0.000000 0.237339
v 0.240776 0.000000 0.237587
v 0.240772 0.000000 0.237835
v 0.240767 0.000000 0.238069
v 0.240763 0.000000 0.238275
v 0.240760 0.000000 0.238440
v 0.240758 0.000000 0.238549
v 0.240758 0.000000 0.238588
v 0.240397 0.000000 0.238962
v 0.240280 0.000000 0.239076
v 0.240157 0.000000 0.239177
v 0.240028 0.000000 0.239265
v 0.239890 0.000000 0.239342
v 0.239740 0.000000 0.239407
v 0.239577 0.000000 0.239461
v 0.239398 0.000000 0.239505
v 0.239203 0.000000 0.239539
v 0.238988 0.000000 0.239565
v 0.238751 0.000000 0.239583
v 0.238492 0.000000 0.239593
v 0.238206 0.000000 0.239596
v 0.237914 0.000000 0.239592
v 0.237646 0.000000 0.239581
v 0.237400 0.000000 0.239561
v 0.237174 0.000000 0.239532
v 0.236967 0.000000 0.239494
v 0.236777 0.000000 0.239445
v 0.236601 0.000000 0.239386
v 0.236438 0.000000 0.239316
v 0.236286 0.000000 0.239234
v 0.236144 0.000000 0.239140
v 0.236009 0.000000 0.239032
v 0.235879 0.000000 0.238912
v 0.235871 0.000000 0.238904
v 0.235849 0.000000 0.238881
v 0.235815 0.000000 0.238848
v 0.235772 0.000000 0.238805
v 0.235724 0.000000 0.238757
v 0.235674 0.000000 0.238706
v 0.235623 0.000000 0.238656
v 0.235575 0.000000 0.238608
v 0.235532 0.000000 0.238565
v 0.235499 0.000000 0.238532
v 0.235476 0.000000 0.238509
v 0.235468 0.000000 0.238501
v 0.235468 0.000000 0.236498
v 0.235470 0.000000 0.235963
v 0.235477 0.000000 0.235505
v 0.235492 0.000000 0.235113
v 0.235517 0.000000 0.234781
v 0.235553 0.000000 0.234499
v 0.235604 0.000000 0.234258
v 0.235670 0.000000 0.234051
v 0.235756 0.000000 0.233868
v 0.235862 0.000000 0.233702
v 0.235991 0.000000 0.233543
v 0.236145 0.000000 0.233383
v 0.236327 0.000000 0.233213
v 0.236337 0.000000 0.233204
v 0.236365 0.000000 0.233179
v 0.236407 0.000000 0.233141
v 0.236459 0.000000 0.233094
v 0.236519 0.000000 0.233040
v 0.236582 0.000000 0.232983
v 0.236645 0.000000 0.232926
v 0.236705 0.000000 0.232872
v 0.236758 0.000000 0.232825
v 0.236799 0.000000 0.232787
v 0.236827 0.000000 0.232762
v 0.236837 0.000000 0.232753
v 0.238206 0.000000 0.232753
v 0.238516 0.000000 0.232753
v 0.238776 0.000000 0.232754
v 0.238994 0.000000 0.232758
v 0.239174 0.000000 0.232766
v 0.239324 0.000000 0.232780
v 0.239448 0.000000 0.232799
v 0.239553 0.000000 0.232827
v 0.239644 0.000000 0.232863
v 0.239729 0.000000 0.232910
v 0.239812 0.000000 0.232969
v 0.239900 0.000000 0.233040
v 0.302636 0.000000 0.225113
v 0.302624 0.000000 0.225134
v 0.302613 0.000000 0.225174
v 0.302602 0.000000 0.225230
v 0.302592 0.000000 0.225301
v 0.302582 0.000000 0.225386
v 0.302574 0.000000 0.225483
v 0.302567 0.000000 0.225591
v 0.302561 0.000000 0.225708
v 0.302556 0.000000 0.225834
v 0.302552 0.000000 0.225966
v 0.302550 0.000000 0.226103
v 0.302549 0.000000 0.226245
v 0.302549 0.000000 0.226265
v 0.302549 0.000000 0.226321
v 0.302549 0.000000 0.226406
v 0.302549 0.000000 0.226513
v 0.302549 0.000000 0.226633
v 0.302549 0.000000 0.226761
v 0.302549 0.000000 0.226889
v 0.302549 0.000000 0.227010
v 0.302549 0.000000 0.227116
v 0.302549 0.000000 0.227201
v 0.302549 0.000000 0.227257
v 0.302549 0.000000 0.227278
v 0.300371 0.000000 0.227278
v 0.298193 0.000000 0.227278
v 0.298193 0.000000 0.228895
v 0.298193 0.000000 0.230513
v 0.299077 0.000000 0.230513
v 0.299973 0.000000 0.230513
v 0.299388 0.000000 0.231135
v 0.299152 0.000000 0.231395
v 0.298951 0.000000 0.231634
v 0.298784 0.000000 0.231864
v 0.298645 0.000000 0.232098
v 0.298533 0.000000 0.232347
v 0.298444 0.000000 0.232622
v 0.298375 0.000000 0.232936
v 0.298322 0.000000 0.233299
v 0.298284 0.000000 0.233725
v 0.298256 0.000000 0.234224
v 0.298235 0.000000 0.234808
v 0.298218 0.000000 0.235490
v 0.298213 0.000000 0.235861
v 0.298210 0.000000 0.236227
v 0.298209 0.000000 0.236585
v 0.298210 0.000000 0.236930
v 0.298214 0.000000 0.237261
v 0.298220 0.000000 0.237574
v 0.298228 0.000000 0.237867
v 0.298239 0.000000 0.238135
v 0.298252 0.000000 0.238377
v 0.298267 0.000000 0.238589
v 0.298285 0.000000 0.238768
v 0.298305 0.000000 0.238912
v 0.298383 0.000000 0.239325
v 0.298492 0.000000 0.239728
v 0.298630 0.000000 0.240120
v 0.298796 0.000000 0.240499
v 0.298988 0.000000 0.240862
v 0.299205 0.000000 0.241207
v 0.299445 0.000000 0.241533
v 0.299707 0.000000 0.241837
v 0.299989 0.000000 0.242117
v 0.300290 0.000000 0.242372
v 0.300609 0.000000 0.242598
v 0.300944 0.000000 0.242794
v 0.300957 0.000000 0.242801
v 0.300994 0.000000 0.242820
v 0.301049 0.000000 0.242848
v 0.301118 0.000000 0.242884
v 0.301197 0.000000 0.242925
v 0.301280 0.000000 0.242968
v 0.301363 0.000000 0.243011
v 0.301442 0.000000 0.243052
v 0.301511 0.000000 0.243088
v 0.301566 0.000000 0.243117
v 0.301603 0.000000 0.243136
v 0.301616 0.000000 0.243142
v 0.304603 0.000000 0.243142
v 0.307590 0.000000 0.243142
v 0.308262 0.000000 0.242769
v 0.308555 0.000000 0.242590
v 0.308832 0.000000 0.242382
v 0.309092 0.000000 0.242148
v 0.309333 0.000000 0.241889
v 0.309555 0.000000 0.241606
v 0.309757 0.000000 0.241301
v 0.309939 0.000000 0.240975
v 0.310099 0.000000 0.240630
v 0.310238 0.000000 0.240267
v 0.310354 0.000000 0.239888
v 0.310446 0.000000 0.239493
v 0.310514 0.000000 0.239086
v 0.310551 0.000000 0.238729
v 0.310581 0.000000 0.238287
v 0.310604 0.000000 0.237777
v 0.310620 0.000000 0.237218
v 0.310629 0.000000 0.236627
v 0.310631 0.000000 0.236023
v 0.310627 0.000000 0.235425
v 0.310617 0.000000 0.234849
v 0.310600 0.000000 0.234314
v 0.310578 0.000000 0.233839
v 0.310549 0.000000 0.233441
v 0.310514 0.000000 0.233138
v 0.310474 0.000000 0.232919
v 0.310427 0.000000 0.232709
v 0.310373 0.000000 0.232507
v 0.310311 0.000000 0.232313
v 0.310242 0.000000 0.232126
v 0.310164 0.000000 0.231945
v 0.310078 0.000000 0.231770
v 0.309983 0.000000 0.231599
v 0.309879 0.000000 0.231432
v 0.309765 0.000000 0.231269
v 0.309641 0.000000 0.231108
v 0.309506 0.000000 0.230948
v 0.309499 0.000000 0.230940
v 0.309478 0.000000 0.230916
v 0.309446 0.000000 0.230880
v 0.309406 0.000000 0.230835
v 0.309361 0.000000 0.230785
v 0.309313 0.000000 0.230731
v 0.309266 0.000000 0.230677
v 0.309221 0.000000 0.230626
v 0.309181 0.000000 0.230581
v 0.309149 0.000000 0.230545
v 0.309128 0.000000 0.230521
v 0.309121 0.000000 0.230513
v 0.310066 0.000000 0.230513
v 0.311012 0.000000 0.230513
v 0.311012 0.000000 0.228895
v 0.311012 0.000000 0.227278
v 0.309021 0.000000 0.227278
v 0.307042 0.000000 0.227278
v 0.307005 0.000000 0.226183
v 0.306967 0.000000 0.225100
v 0.304839 0.000000 0.225063
v 0.304554 0.000000 0.225061
v 0.304278 0.000000 0.225060
v 0.304014 0.000000 0.225060
v 0.303765 0.000000 0.225062
v 0.303533 0.000000 0.225065
v 0.303322 0.000000 0.225069
v 0.303135 0.000000 0.225074
v 0.302972 0.000000 0.225080
v 0.302839 0.000000 0.225087
v 0.302737 0.000000 0.225095
v 0.302668 0.000000 0.225104
v 0.306457 0.000000 0.233126
v 0.306625 0.000000 0.233286
v 0.306770 0.000000 0.233447
v 0.306893 0.000000 0.233616
v 0.306996 0.000000 0.233799
v 0.307079 0.000000 0.234003
v 0.307145 0.000000 0.234235
v 0.307195 0.000000 0.234501
v 0.307230 0.000000 0.234809
v 0.307252 0.000000 0.235164
v 0.307262 0.000000 0.235574
v 0.307262 0.000000 0.236046
v 0.307254 0.000000 0.236585
v 0.307253 0.000000 0.236624
v 0.307251 0.000000 0.236733
v 0.307248 0.000000 0.236898
v 0.307244 0.000000 0.237104
v 0.307240 0.000000 0.237339
v 0.307235 0.000000 0.237587
v 0.307230 0.000000 0.237835
v 0.307226 0.000000 0.238069
v 0.307222 0.000000 0.238275
v 0.307219 0.000000 0.238440
v 0.307217 0.000000 0.238549
v 0.307216 0.000000 0.238588
v 0.306855 0.000000 0.238962
v 0.306738 0.000000 0.239076
v 0.306616 0.000000 0.239177
v 0.306487 0.000000 0.239265
v 0.306348 0.000000 0.239342
v 0.306199 0.000000 0.239407
v 0.306036 0.000000 0.239461
v 0.305857 0.000000 0.239505
v 0.305662 0.000000 0.239539
v 0.305447 0.000000 0.239565
v 0.305210 0.000000 0.239583
v 0.304950 0.000000 0.239593
v 0.304665 0.000000 0.239596
v 0.304373 0.000000 0.239592
v 0.304105 0.000000 0.239581
v 0.303859 0.000000 0.239561
v 0.303633 0.000000 0.239532
v 0.303426 0.000000 0.239494
v 0.303235 0.000000 0.239445
v 0.303060 0.000000 0.239386
v 0.302897 0.000000 0.239316
v 0.302745 0.000000 0.239234
v 0.302603 0.000000 0.239140
v 0.302467 0.000000 0.239032
v 0.302338 0.000000 0.238912
v 0.302330 0.000000 0.238904
v 0.302307 0.000000 0.238881
v 0.302274 0.000000 0.238848
v 0.302231 0.000000 0.238805
v 0.302183 0.000000 0.238757
v 0.302132 0.000000 0.238706
v 0.302081 0.000000 0.238656
v 0.302033 0.000000 0.238608
v 0.301991 0.000000 0.238565
v 0.301957 0.000000 0.238532
v 0.301935 0.000000 0.238509
v 0.301927 0.000000 0.238501
v 0.301927 0.000000 0.236498
v 0.301929 0.000000 0.235963
v 0.301936 0.000000 0.235505
v 0.301951 0.000000 0.235113
v 0.301975 0.000000 0.234781
v 0.302012 0.000000 0.234499
v 0.302062 0.000000 0.234258
v 0.302129 0.000000 0.234051
v 0.302215 0.000000 0.233868
v 0.302321 0.000000 0.233702
v 0.302450 0.000000 0.233543
v 0.302604 0.000000 0.233383
v 0.302786 0.000000 0.233213
v 0.302796 0.000000 0.233204
v 0.302824 0.000000 0.233179
v 0.302866 0.000000 0.233141
v 0.302918 0.000000 0.233094
v 0.302978 0.000000 0.233040
v 0.303041 0.000000 0.232983
v 0.303104 0.000000 0.232926
v 0.303164 0.000000 0.232872
v 0.303216 0.000000 0.232825
v 0.303258 0.000000 0.232787
v 0.303286 0.000000 0.232762
v 0.303296 0.000000 0.232753
v 0.304665 0.000000 0.232753
v 0.304975 0.000000 0.232753
v 0.305235 0.000000 0.232754
v 0.305453 0.000000 0.232758
v 0.305633 0.000000 0.232766
v 0.305782 0.000000 0.232780
v 0.305906 0.000000 0.232799
v 0.306011 0.000000 0.232827
v 0.306103 0.000000 0.232863
v 0.306188 0.000000 0.232910
v 0.306271 0.000000 0.232969
v 0.306359 0.000000 0.233040
v 0.327316 0.000000 0.226718
v 0.327316 0.000000 0.228398
v 0.330751 0.000000 0.228398
v 0.334173 0.000000 0.228398
v 0.333949 0.000000 0.228796
v 0.333842 0.000000 0.228965
v 0.333687 0.000000 0.229169
v 0.333490 0.000000 0.229401
v 0.333259 0.000000 0.229655
v 0.333000 0.000000 0.229925
v 0.332720 0.000000 0.230203
v 0.332427 0.000000 0.230484
v 0.332126 0.000000 0.230761
v 0.331825 0.000000 0.231027
v 0.331530 0.000000 0.231275
v 0.331248 0.000000 0.231500
v 0.330987 0.000000 0.231695
v 0.330858 0.000000 0.231787
v 0.330710 0.000000 0.231887
v 0.330544 0.000000 0.231994
v 0.330365 0.000000 0.232106
v 0.330174 0.000000 0.232222
v 0.329974 0.000000 0.232340
v 0.329769 0.000000 0.232460
v 0.329560 0.000000 0.232578
v 0.329351 0.000000 0.232694
v 0.329144 0.000000 0.232806
v 0.328942 0.000000 0.232914
v 0.328747 0.000000 0.233014
v 0.328720 0.000000 0.233028
v 0.328646 0.000000 0.233065
v 0.328533 0.000000 0.233123
v 0.328392 0.000000 0.233195
v 0.328232 0.000000 0.233276
v 0.328062 0.000000 0.233362
v 0.327893 0.000000 0.233449
v 0.327733 0.000000 0.233530
v 0.327592 0.000000 0.233602
v 0.327479 0.000000 0.233659
v 0.327405 0.000000 0.233697
v 0.327378 0.000000 0.233711
v 0.327341 0.000000 0.235129
v 0.327338 0.000000 0.235320
v 0.327336 0.000000 0.235507
v 0.327336 0.000000 0.235687
v 0.327336 0.000000 0.235859
v 0.327337 0.000000 0.236021
v 0.327339 0.000000 0.236170
v 0.327342 0.000000 0.236305
v 0.327345 0.000000 0.236423
v 0.327349 0.000000 0.236524
v 0.327354 0.000000 0.236604
v 0.327360 0.000000 0.236663
v 0.327366 0.000000 0.236697
v 0.327385 0.000000 0.236721
v 0.327420 0.000000 0.236736
v 0.327472 0.000000 0.236742
v 0.327541 0.000000 0.236739
v 0.327630 0.000000 0.236727
v 0.327739 0.000000 0.236705
v 0.327870 0.000000 0.236672
v 0.328024 0.000000 0.236630
v 0.328202 0.000000 0.236576
v 0.328406 0.000000 0.236512
v 0.328637 0.000000 0.236436
v 0.328896 0.000000 0.236349
v 0.329732 0.000000 0.236044
v 0.330548 0.000000 0.235710
v 0.331340 0.000000 0.235351
v 0.332103 0.000000 0.234969
v 0.332832 0.000000 0.234568
v 0.333521 0.000000 0.234151
v 0.334167 0.000000 0.233721
v 0.334762 0.000000 0.233282
v 0.335304 0.000000 0.232837
v 0.335785 0.000000 0.232388
v 0.336203 0.000000 0.231940
v 0.336550 0.000000 0.231496
v 0.336673 0.000000 0.231324
v 0.336777 0.000000 0.231183
v 0.336863 0.000000 0.231069
v 0.336934 0.000000 0.230981
v 0.336993 0.000000 0.230918
v 0.337042 0.000000 0.230878
v 0.337084 0.000000 0.230860
v 0.337121 0.000000 0.230862
v 0.337156 0.000000 0.230882
v 0.337191 0.000000 0.230918
v 0.337229 0.000000 0.230970
v 0.337272 0.000000 0.231035
v 0.337395 0.000000 0.231208
v 0.337564 0.000000 0.231416
v 0.337773 0.000000 0.231652
v 0.338015 0.000000 0.231909
v 0.338281 0.000000 0.232180
v 0.338565 0.000000 0.232459
v 0.338859 0.000000 0.232736
v 0.339156 0.000000 0.233007
v 0.339448 0.000000 0.233263
v 0.339728 0.000000 0.233497
v 0.339988 0.000000 0.233703
v 0.340222 0.000000 0.233872
v 0.340356 0.000000 0.233964
v 0.340508 0.000000 0.234063
v 0.340676 0.000000 0.234169
v 0.340856 0.000000 0.234278
v 0.341047 0.000000 0.234391
v 0.341244 0.000000 0.234505
v 0.341445 0.000000 0.234619
v 0.341649 0.000000 0.234731
v 0.341851 0.000000 0.234840
v 0.342050 0.000000 0.234944
v 0.342242 0.000000 0.235040
v 0.342425 0.000000 0.235129
v 0.342747 0.000000 0.235276
v 0.343098 0.000000 0.235423
v 0.343471 0.000000 0.235568
v 0.343857 0.000000 0.235708
v 0.344247 0.000000 0.235841
v 0.344635 0.000000 0.235964
v 0.345012 0.000000 0.236075
v 0.345369 0.000000 0.236172
v 0.345699 0.000000 0.236251
v 0.345994 0.000000 0.236310
v 0.346245 0.000000 0.236348
v 0.346444 0.000000 0.236361
v 0.346450 0.000000 0.236361
v 0.346467 0.000000 0.236361
v 0.346491 0.000000 0.236361
v 0.346522 0.000000 0.236361
v 0.346557 0.000000 0.236361
v 0.346594 0.000000 0.236361
v 0.346631 0.000000 0.236361
v 0.346666 0.000000 0.236361
v 0.346696 0.000000 0.236361
v 0.346721 0.000000 0.236361
v 0.346737 0.000000 0.236361
v 0.346743 0.000000 0.236361
v 0.346706 0.000000 0.234980
v 0.346699 0.000000 0.234724
v 0.346691 0.000000 0.234499
v 0.346681 0.000000 0.234300
v 0.346670 0.000000 0.234128
v 0.346656 0.000000 0.233980
v 0.346640 0.000000 0.233855
v 0.346622 0.000000 0.233751
v 0.346601 0.000000 0.233666
v 0.346576 0.000000 0.233599
v 0.346549 0.000000 0.233548
v 0.346517 0.000000 0.233511
v 0.346482 0.000000 0.233487
v 0.346446 0.000000 0.233469
v 0.346391 0.000000 0.233442
v 0.346317 0.000000 0.233407
v 0.346226 0.000000 0.233363
v 0.346121 0.000000 0.233313
v 0.346003 0.000000 0.233257
v 0.345873 0.000000 0.233195
v 0.345733 0.000000 0.233129
v 0.345586 0.000000 0.233060
v 0.345432 0.000000 0.232988
v 0.345274 0.000000 0.232914
v 0.345113 0.000000 0.232840
v 0.344942 0.000000 0.232761
v 0.344763 0.000000 0.232674
v 0.344576 0.000000 0.232580
v 0.344385 0.000000 0.232482
v 0.344191 0.000000 0.232379
v 0.343999 0.000000 0.232275
v 0.343810 0.000000 0.232170
v 0.343626 0.000000 0.232065
v 0.343450 0.000000 0.231963
v 0.343285 0.000000 0.231864
v 0.343133 0.000000 0.231770
v 0.342997 0.000000 0.231682
v 0.342730 0.000000 0.231499
v 0.342444 0.000000 0.231285
v 0.342145 0.000000 0.231044
v 0.341840 0.000000 0.230785
v 0.341535 0.000000 0.230513
v 0.341238 0.000000 0.230234
v 0.340954 0.000000 0.229956
v 0.340691 0.000000 0.229685
v 0.340454 0.000000 0.229427
v 0.340251 0.000000 0.229188
v 0.340089 0.000000 0.228976
v 0.339973 0.000000 0.228796
v 0.339968 0.000000 0.228788
v 0.339956 0.000000 0.228766
v 0.339938 0.000000 0.228734
v 0.339915 0.000000 0.228693
v 0.339889 0.000000 0.228646
v 0.339861 0.000000 0.228597
v 0.339833 0.000000 0.228547
v 0.339807 0.000000 0.228501
v 0.339784 0.000000 0.228460
v 0.339765 0.000000 0.228427
v 0.339753 0.000000 0.228405
v 0.339749 0.000000 0.228398
v 0.343420 0.000000 0.228398
v 0.347104 0.000000 0.228398
v 0.347104 0.000000 0.226718
v 0.347104 0.000000 0.225038
v 0.337210 0.000000 0.225038
v 0.327316 0.000000 0.225038
v 0.101903 0.000000 0.225337
v 0.101592 0.000000 0.225461
v 0.101292 0.000000 0.225603
v 0.101005 0.000000 0.225761
v 0.100731 0.000000 0.225937
v 0.100471 0.000000 0.226129
v 0.100225 0.000000 0.226337
v 0.099994 0.000000 0.226560
v 0.099778 0.000000 0.226798
v 0.099578 0.000000 0.227050
v 0.099394 0.000000 0.227316
v 0.099227 0.000000 0.227595
v 0.099078 0.000000 0.227887
v 0.099072 0.000000 0.227901
v 0.099054 0.000000 0.227939
v 0.099028 0.000000 0.227996
v 0.098994 0.000000 0.228068
v 0.098957 0.000000 0.228150
v 0.098917 0.000000 0.228236
v 0.098876 0.000000 0.228322
v 0.098839 0.000000 0.228404
v 0.098805 0.000000 0.228475
v 0.098779 0.000000 0.228533
v 0.098761 0.000000 0.228570
v 0.098755 0.000000 0.228584
v 0.098755 0.000000 0.231819
v 0.098755 0.000000 0.235054
v 0.099153 0.000000 0.235888
v 0.099278 0.000000 0.236136
v 0.099416 0.000000 0.236375
v 0.099566 0.000000 0.236605
v 0.099729 0.000000 0.236825
v 0.099903 0.000000 0.237035
v 0.100088 0.000000 0.237235
v 0.100284 0.000000 0.237424
v 0.100490 0.000000 0.237602
v 0.100705 0.000000 0.237767
v 0.100930 0.000000 0.237921
v 0.101164 0.000000 0.238062
v 0.101406 0.000000 0.238190
v 0.101420 0.000000 0.238197
v 0.101458 0.000000 0.238216
v 0.101517 0.000000 0.238245
v 0.101590 0.000000 0.238280
v 0.101673 0.000000 0.238321
v 0.101760 0.000000 0.238364
v 0.101848 0.000000 0.238407
v 0.101931 0.000000 0.238448
v 0.102004 0.000000 0.238484
v 0.102062 0.000000 0.238513
v 0.102101 0.000000 0.238532
v 0.102115 0.000000 0.238538
v 0.105289 0.000000 0.238538
v 0.108462 0.000000 0.238538
v 0.109172 0.000000 0.238203
v 0.109518 0.000000 0.238024
v 0.109842 0.000000 0.237824
v 0.110143 0.000000 0.237603
v 0.110421 0.000000 0.237361
v 0.110675 0.000000 0.237099
v 0.110905 0.000000 0.236818
v 0.111110 0.000000 0.236518
v 0.111291 0.000000 0.236199
v 0.111447 0.000000 0.235861
v 0.111577 0.000000 0.235506
v 0.111682 0.000000 0.235133
v 0.111760 0.000000 0.234743
v 0.111797 0.000000 0.234437
v 0.111828 0.000000 0.234040
v 0.111851 0.000000 0.233570
v 0.111868 0.000000 0.233045
v 0.111878 0.000000 0.232483
v 0.111882 0.000000 0.231900
v 0.111878 0.000000 0.231316
v 0.111868 0.000000 0.230747
v 0.111851 0.000000 0.230212
v 0.111828 0.000000 0.229727
v 0.111797 0.000000 0.229312
v 0.111760 0.000000 0.228982
v 0.111690 0.000000 0.228605
v 0.111591 0.000000 0.228241
v 0.111466 0.000000 0.227889
v 0.111314 0.000000 0.227553
v 0.111137 0.000000 0.227232
v 0.110936 0.000000 0.226929
v 0.110711 0.000000 0.226645
v 0.110464 0.000000 0.226380
v 0.110196 0.000000 0.226137
v 0.109907 0.000000 0.225917
v 0.109598 0.000000 0.225720
v 0.109271 0.000000 0.225548
v 0.109114 0.000000 0.225474
v 0.108969 0.000000 0.225412
v 0.108825 0.000000 0.225361
v 0.108669 0.000000 0.225320
v 0.108488 0.000000 0.225287
v 0.108269 0.000000 0.225262
v 0.108001 0.000000 0.225243
v 0.107671 0.000000 0.225229
v 0.107266 0.000000 0.225219
v 0.106773 0.000000 0.225212
v 0.106180 0.000000 0.225206
v 0.105475 0.000000 0.225200
v 0.104920 0.000000 0.225195
v 0.104423 0.000000 0.225193
v 0.103979 0.000000 0.225193
v 0.103587 0.000000 0.225197
v 0.103242 0.000000 0.225203
v 0.102943 0.000000 0.225212
v 0.102684 0.000000 0.225225
v 0.102464 0.000000 0.225240
v 0.102280 0.000000 0.225259
v 0.102127 0.000000 0.225282
v 0.102002 0.000000 0.225307
v 0.107081 0.000000 0.228883
v 0.107254 0.000000 0.229003
v 0.107401 0.000000 0.229121
v 0.107524 0.000000 0.229244
v 0.107626 0.000000 0.229379
v 0.107707 0.000000 0.229535
v 0.107772 0.000000 0.229718
v 0.107820 0.000000 0.229937
v 0.107855 0.000000 0.230199
v 0.107879 0.000000 0.230512
v 0.107893 0.000000 0.230883
v 0.107900 0.000000 0.231321
v 0.107902 0.000000 0.231832
v 0.107902 0.000000 0.232267
v 0.107900 0.000000 0.232636
v 0.107896 0.000000 0.232948
v 0.107889 0.000000 0.233207
v 0.107878 0.000000 0.233423
v 0.107862 0.000000 0.233600
v 0.107840 0.000000 0.233747
v 0.107812 0.000000 0.233870
v 0.107776 0.000000 0.233975
v 0.107732 0.000000 0.234071
v 0.107679 0.000000 0.234163
v 0.107616 0.000000 0.234258
v 0.107505 0.000000 0.234414
v 0.107388 0.000000 0.234551
v 0.107262 0.000000 0.234670
v 0.107126 0.000000 0.234774
v 0.106976 0.000000 0.234862
v 0.106810 0.000000 0.234935
v 0.106626 0.000000 0.234994
v 0.106422 0.000000 0.235041
v 0.106195 0.000000 0.235075
v 0.105942 0.000000 0.235099
v 0.105662 0.000000 0.235112
v 0.105351 0.000000 0.235117
v 0.105035 0.000000 0.235111
v 0.104744 0.000000 0.235095
v 0.104478 0.000000 0.235068
v 0.104234 0.000000 0.235029
v 0.104012 0.000000 0.234977
v 0.103809 0.000000 0.234913
v 0.103624 0.000000 0.234836
v 0.103455 0.000000 0.234744
v 0.103301 0.000000 0.234639
v 0.103161 0.000000 0.234519
v 0.103031 0.000000 0.234384
v 0.102912 0.000000 0.234233
v 0.102846 0.000000 0.234138
v 0.102790 0.000000 0.234049
v 0.102744 0.000000 0.233956
v 0.102707 0.000000 0.233855
v 0.102677 0.000000 0.233737
v 0.102655 0.000000 0.233596
v 0.102638 0.000000 0.233424
v 0.102627 0.000000 0.233214
v 0.102619 0.000000 0.232959
v 0.102615 0.000000 0.232653
v 0.102613 0.000000 0.232288
v 0.102613 0.000000 0.231857
v 0.102614 0.000000 0.231356
v 0.102621 0.000000 0.230930
v 0.102634 0.000000 0.230570
v 0.102659 0.000000 0.230269
v 0.102696 0.000000 0.230016
v 0.102748 0.000000 0.229805
v 0.102819 0.000000 0.229626
v 0.102912 0.000000 0.229471
v 0.103028 0.000000 0.229332
v 0.103170 0.000000 0.229199
v 0.103342 0.000000 0.229065
v 0.103546 0.000000 0.228920
v 0.103634 0.000000 0.228862
v 0.103719 0.000000 0.228813
v 0.103805 0.000000 0.228772
v 0.103898 0.000000 0.228739
v 0.104000 0.000000 0.228711
v 0.104116 0.000000 0.228690
v 0.104250 0.000000 0.228674
v 0.104406 0.000000 0.228662
v 0.104589 0.000000 0.228654
v 0.104803 0.000000 0.228649
v 0.105051 0.000000 0.228647
v 0.105338 0.000000 0.228646
v 0.105608 0.000000 0.228647
v 0.105844 0.000000 0.228650
v 0.106052 0.000000 0.228655
v 0.106233 0.000000 0.228663
v 0.106390 0.000000 0.228675
v 0.106527 0.000000 0.228690
v 0.106646 0.000000 0.228709
v 0.106751 0.000000 0.228733
v 0.106844 0.000000 0.228762
v 0.106928 0.000000 0.228796
v 0.107006 0.000000 0.228836
v 0.385722 0.000000 0.225411
v 0.385343 0.000000 0.225563
v 0.384978 0.000000 0.225744
v 0.384629 0.000000 0.225951
v 0.384298 0.000000 0.226183
v 0.383987 0.000000 0.226438
v 0.383697 0.000000 0.226713
v 0.383430 0.000000 0.227008
v 0.383189 0.000000 0.227319
v 0.382975 0.000000 0.227646
v 0.382789 0.000000 0.227985
v 0.382634 0.000000 0.228336
v 0.382511 0.000000 0.228696
v 0.382442 0.000000 0.228988
v 0.382390 0.000000 0.229318
v 0.382353 0.000000 0.229677
v 0.382333 0.000000 0.230056
v 0.382328 0.000000 0.230447
v 0.382339 0.000000 0.230841
v 0.382364 0.000000 0.231230
v 0.382404 0.000000 0.231604
v 0.382457 0.000000 0.231956
v 0.382524 0.000000 0.232277
v 0.382605 0.000000 0.232558
v 0.382698 0.000000 0.232790
v 0.382868 0.000000 0.233112
v 0.383067 0.000000 0.233422
v 0.383290 0.000000 0.233720
v 0.383538 0.000000 0.234004
v 0.383807 0.000000 0.234272
v 0.384095 0.000000 0.234523
v 0.384400 0.000000 0.234754
v 0.384721 0.000000 0.234964
v 0.385054 0.000000 0.235152
v 0.385397 0.000000 0.235316
v 0.385750 0.000000 0.235454
v 0.386108 0.000000 0.235565
v 0.386532 0.000000 0.235622
v 0.387292 0.000000 0.235668
v 0.388321 0.000000 0.235705
v 0.389552 0.000000 0.235731
v 0.390917 0.000000 0.235746
v 0.392350 0.000000 0.235751
v 0.393782 0.000000 0.235746
v 0.395147 0.000000 0.235731
v 0.396378 0.000000 0.235705
v 0.397407 0.000000 0.235668
v 0.398167 0.000000 0.235622
v 0.398591 0.000000 0.235565
v 0.398945 0.000000 0.235459
v 0.399286 0.000000 0.235335
v 0.399612 0.000000 0.235194
v 0.399923 0.000000 0.235036
v 0.400217 0.000000 0.234862
v 0.400495 0.000000 0.234672
v 0.400755 0.000000 0.234467
v 0.400997 0.000000 0.234248
v 0.401220 0.000000 0.234014
v 0.401422 0.000000 0.233768
v 0.401604 0.000000 0.233509
v 0.401765 0.000000 0.233238
v 0.401823 0.000000 0.233120
v 0.401872 0.000000 0.233006
v 0.401915 0.000000 0.232890
v 0.401951 0.000000 0.232766
v 0.401981 0.000000 0.232628
v 0.402006 0.000000 0.232471
v 0.402026 0.000000 0.232289
v 0.402043 0.000000 0.232076
v 0.402057 0.000000 0.231826
v 0.402069 0.000000 0.231534
v 0.402079 0.000000 0.231193
v 0.402088 0.000000 0.230799
v 0.402099 0.000000 0.230384
v 0.402106 0.000000 0.230031
v 0.402109 0.000000 0.229732
v 0.402106 0.000000 0.229479
v 0.402098 0.000000 0.229266
v 0.402084 0.000000 0.229083
v 0.402062 0.000000 0.228926
v 0.402033 0.000000 0.228784
v 0.401995 0.000000 0.228652
v 0.401949 0.000000 0.228522
v 0.401893 0.000000 0.228385
v 0.401827 0.000000 0.228236
v 0.401666 0.000000 0.227920
v 0.401478 0.000000 0.227614
v 0.401264 0.000000 0.227320
v 0.401025 0.000000 0.227039
v 0.400763 0.000000 0.226772
v 0.400480 0.000000 0.226520
v 0.400176 0.000000 0.226285
v 0.399853 0.000000 0.226069
v 0.399513 0.000000 0.225872
v 0.399157 0.000000 0.225696
v 0.398787 0.000000 0.225542
v 0.398404 0.000000 0.225411
v 0.398222 0.000000 0.225357
v 0.398035 0.000000 0.225311
v 0.397826 0.000000 0.225273
v 0.397577 0.000000 0.225242
v 0.397271 0.000000 0.225217
v 0.396888 0.000000 0.225198
v 0.396410 0.000000 0.225184
v 0.395821 0.000000 0.225174
v 0.395102 0.000000 0.225168
v 0.394234 0.000000 0.225164
v 0.393200 0.000000 0.225163
v 0.391982 0.000000 0.225162
v 0.390783 0.000000 0.225166
v 0.389763 0.000000 0.225170
v 0.388904 0.000000 0.225175
v 0.388191 0.000000 0.225183
v 0.387607 0.000000 0.225193
v 0.387135 0.000000 0.225208
v 0.386758 0.000000 0.225226
v 0.386460 0.000000 0.225250
v 0.386224 0.000000 0.225280
v 0.386034 0.000000 0.225316
v 0.385872 0.000000 0.225360
v 0.397284 0.000000 0.228870
v 0.397444 0.000000 0.228976
v 0.397589 0.000000 0.229089
v 0.397719 0.000000 0.229208
v 0.397835 0.000000 0.229335
v 0.397935 0.000000 0.229470
v 0.398022 0.000000 0.229612
v 0.398094 0.000000 0.229764
v 0.398153 0.000000 0.229924
v 0.398198 0.000000 0.230094
v 0.398230 0.000000 0.230273
v 0.398249 0.000000 0.230462
v 0.398255 0.000000 0.230662
v 0.398254 0.000000 0.230795
v 0.398249 0.000000 0.230916
v 0.398241 0.000000 0.231025
v 0.398228 0.000000 0.231126
v 0.398210 0.000000 0.231220
v 0.398187 0.000000 0.231309
v 0.398157 0.000000 0.231395
v 0.398120 0.000000 0.231480
v 0.398076 0.000000 0.231565
v 0.398024 0.000000 0.231653
v 0.397964 0.000000 0.231745
v 0.397894 0.000000 0.231844
v 0.397740 0.000000 0.232048
v 0.397588 0.000000 0.232218
v 0.397420 0.000000 0.232359
v 0.397218 0.000000 0.232472
v 0.396962 0.000000 0.232562
v 0.396634 0.000000 0.232630
v 0.396215 0.000000 0.232679
v 0.395687 0.000000 0.232713
v 0.395031 0.000000 0.232735
v 0.394228 0.000000 0.232747
v 0.393259 0.000000 0.232752
v 0.392107 0.000000 0.232753
v 0.391108 0.000000 0.232752
v 0.390271 0.000000 0.232751
v 0.389580 0.000000 0.232748
v 0.389018 0.000000 0.232742
v 0.388568 0.000000 0.232732
v 0.388215 0.000000 0.232717
v 0.387940 0.000000 0.232696
v 0.387729 0.000000 0.232668
v 0.387563 0.000000 0.232632
v 0.387428 0.000000 0.232587
v 0.387305 0.000000 0.232532
v 0.387178 0.000000 0.232466
v 0.387087 0.000000 0.232415
v 0.387001 0.000000 0.232361
v 0.386919 0.000000 0.232305
v 0.386841 0.000000 0.232245
v 0.386766 0.000000 0.232182
v 0.386696 0.000000 0.232115
v 0.386630 0.000000 0.232045
v 0.386566 0.000000 0.231971
v 0.386506 0.000000 0.231892
v 0.386450 0.000000 0.231810
v 0.386396 0.000000 0.231724
v 0.386345 0.000000 0.231633
v 0.386213 0.000000 0.231346
v 0.386124 0.000000 0.231061
v 0.386075 0.000000 0.230779
v 0.386067 0.000000 0.230503
v 0.386099 0.000000 0.230235
v 0.386169 0.000000 0.229976
v 0.386277 0.000000 0.229730
v 0.386423 0.000000 0.229498
v 0.386605 0.000000 0.229283
v 0.386824 0.000000 0.229086
v 0.387077 0.000000 0.228911
v 0.387365 0.000000 0.228758
v 0.387480 0.000000 0.228707
v 0.387605 0.000000 0.228663
v 0.387753 0.000000 0.228627
v 0.387937 0.000000 0.228599
v 0.388171 0.000000 0.228576
v 0.388468 0.000000 0.228559
v 0.388843 0.000000 0.228548
v 0.389308 0.000000 0.228541
v 0.389877 0.000000 0.228538
v 0.390563 0.000000 0.228538
v 0.391381 0.000000 0.228542
v 0.392343 0.000000 0.228547
v 0.393362 0.000000 0.228556
v 0.394216 0.000000 0.228564
v 0.394920 0.000000 0.228573
v 0.395491 0.000000 0.228584
v 0.395947 0.000000 0.228597
v 0.396303 0.000000 0.228615
v 0.396576 0.000000 0.228638
v 0.396783 0.000000 0.228668
v 0.396941 0.000000 0.228704
v 0.397066 0.000000 0.228750
v 0.397175 0.000000 0.228805
v 0.134063 0.000000 0.237506
v 0.134100 0.000000 0.248866
v 0.136564 0.000000 0.248903
v 0.139016 0.000000 0.248928
v 0.139016 0.000000 0.244760
v 0.139016 0.000000 0.240592
v 0.141044 0.000000 0.240592
v 0.142206 0.000000 0.240581
v 0.143262 0.000000 0.240547
v 0.144221 0.000000 0.240488
v 0.145089 0.000000 0.240404
v 0.145874 0.000000 0.240292
v 0.146583 0.000000 0.240150
v 0.147223 0.000000 0.239977
v 0.147803 0.000000 0.239771
v 0.148329 0.000000 0.239531
v 0.148808 0.000000 0.239255
v 0.149248 0.000000 0.238941
v 0.149657 0.000000 0.238588
v 0.150045 0.000000 0.238176
v 0.150386 0.000000 0.237720
v 0.150681 0.000000 0.237221
v 0.150928 0.000000 0.236683
v 0.151128 0.000000 0.236108
v 0.151279 0.000000 0.235499
v 0.151382 0.000000 0.234859
v 0.151434 0.000000 0.234189
v 0.151437 0.000000 0.233493
v 0.151388 0.000000 0.232773
v 0.151289 0.000000 0.232032
v 0.151138 0.000000 0.231272
v 0.150993 0.000000 0.230745
v 0.150803 0.000000 0.230234
v 0.150570 0.000000 0.229744
v 0.150297 0.000000 0.229276
v 0.149985 0.000000 0.228834
v 0.149638 0.000000 0.228419
v 0.149258 0.000000 0.228035
v 0.148847 0.000000 0.227685
v 0.148408 0.000000 0.227370
v 0.147942 0.000000 0.227094
v 0.147454 0.000000 0.226859
v 0.146944 0.000000 0.226668
v 0.146611 0.000000 0.226566
v 0.146268 0.000000 0.226479
v 0.145901 0.000000 0.226405
v 0.145495 0.000000 0.226342
v 0.145037 0.000000 0.226291
v 0.144511 0.000000 0.226250
v 0.143902 0.000000 0.226217
v 0.143198 0.000000 0.226193
v 0.142383 0.000000 0.226176
v 0.141442 0.000000 0.226165
v 0.140362 0.000000 0.226160
v 0.139128 0.000000 0.226158
v 0.139028 0.000000 0.226158
v 0.138751 0.000000 0.226158
v 0.138333 0.000000 0.226158
v 0.137808 0.000000 0.226158
v 0.137213 0.000000 0.226158
v 0.136583 0.000000 0.226158
v 0.135952 0.000000 0.226158
v 0.135357 0.000000 0.226158
v 0.134833 0.000000 0.226158
v 0.134415 0.000000 0.226158
v 0.134138 0.000000 0.226158
v 0.134038 0.000000 0.226158
v 0.144193 0.000000 0.230401
v 0.144554 0.000000 0.230480
v 0.144885 0.000000 0.230581
v 0.145187 0.000000 0.230704
v 0.145460 0.000000 0.230851
v 0.145706 0.000000 0.231023
v 0.145925 0.000000 0.231221
v 0.146118 0.000000 0.231445
v 0.146287 0.000000 0.231697
v 0.146432 0.000000 0.231977
v 0.146554 0.000000 0.232288
v 0.146653 0.000000 0.232629
v 0.146732 0.000000 0.233001
v 0.146783 0.000000 0.233348
v 0.146811 0.000000 0.233695
v 0.146816 0.000000 0.234041
v 0.146800 0.000000 0.234381
v 0.146763 0.000000 0.234713
v 0.146706 0.000000 0.235034
v 0.146628 0.000000 0.235342
v 0.146531 0.000000 0.235633
v 0.146415 0.000000 0.235904
v 0.146281 0.000000 0.236153
v 0.146129 0.000000 0.236377
v 0.145960 0.000000 0.236573
v 0.145903 0.000000 0.236627
v 0.145836 0.000000 0.236685
v 0.145761 0.000000 0.236746
v 0.145679 0.000000 0.236808
v 0.145592 0.000000 0.236871
v 0.145502 0.000000 0.236933
v 0.145408 0.000000 0.236995
v 0.145312 0.000000 0.237055
v 0.145217 0.000000 0.237111
v 0.145122 0.000000 0.237165
v 0.145029 0.000000 0.237213
v 0.144940 0.000000 0.237257
v 0.144799 0.000000 0.237317
v 0.144663 0.000000 0.237369
v 0.144523 0.000000 0.237412
v 0.144371 0.000000 0.237449
v 0.144197 0.000000 0.237478
v 0.143994 0.000000 0.237503
v 0.143753 0.000000 0.237522
v 0.143464 0.000000 0.237538
v 0.143120 0.000000 0.237551
v 0.142711 0.000000 0.237562
v 0.142230 0.000000 0.237571
v 0.141667 0.000000 0.237580
v 0.141615 0.000000 0.237581
v 0.141470 0.000000 0.237584
v 0.141253 0.000000 0.237588
v 0.140979 0.000000 0.237593
v 0.140670 0.000000 0.237599
v 0.140341 0.000000 0.237605
v 0.140013 0.000000 0.237611
v 0.139703 0.000000 0.237617
v 0.139430 0.000000 0.237622
v 0.139212 0.000000 0.237626
v 0.139068 0.000000 0.237629
v 0.139016 0.000000 0.237630
v 0.139016 0.000000 0.233947
v 0.139016 0.000000 0.230264
v 0.141231 0.000000 0.230264
v 0.141538 0.000000 0.230265
v 0.141846 0.000000 0.230269
v 0.142151 0.000000 0.230275
v 0.142450 0.000000 0.230283
v 0.142739 0.000000 0.230293
v 0.143016 0.000000 0.230304
v 0.143275 0.000000 0.230318
v 0.143514 0.000000 0.230332
v 0.143729 0.000000 0.230348
v 0.143916 0.000000 0.230365
v 0.144072 0.000000 0.230383
v 0.160696 0.000000 0.226494
v 0.160646 0.000000 0.226640
v 0.160529 0.000000 0.226971
v 0.160351 0.000000 0.227472
v 0.160116 0.000000 0.228131
v 0.159830 0.000000 0.228935
v 0.159496 0.000000 0.229869
v 0.159121 0.000000 0.230921
v 0.158707 0.000000 0.232077
v 0.158261 0.000000 0.233325
v 0.157788 0.000000 0.234650
v 0.157291 0.000000 0.236040
v 0.156776 0.000000 0.237481
v 0.156260 0.000000 0.238922
v 0.155763 0.000000 0.240311
v 0.155289 0.000000 0.241637
v 0.154843 0.000000 0.242884
v 0.154430 0.000000 0.244040
v 0.154053 0.000000 0.245091
v 0.153719 0.000000 0.246025
v 0.153431 0.000000 0.246827
v 0.153195 0.000000 0.247484
v 0.153015 0.000000 0.247984
v 0.152896 0.000000 0.248312
v 0.152843 0.000000 0.248455
v 0.152840 0.000000 0.248462
v 0.152833 0.000000 0.248481
v 0.152821 0.000000 0.248510
v 0.152807 0.000000 0.248546
v 0.152791 0.000000 0.248587
v 0.152774 0.000000 0.248630
v 0.152757 0.000000 0.248673
v 0.152741 0.000000 0.248714
v 0.152727 0.000000 0.248749
v 0.152716 0.000000 0.248778
v 0.152709 0.000000 0.248797
v 0.152706 0.000000 0.248804
v 0.155232 0.000000 0.248804
v 0.157746 0.000000 0.248804
v 0.158530 0.000000 0.246440
v 0.159327 0.000000 0.244076
v 0.163509 0.000000 0.244100
v 0.167703 0.000000 0.244138
v 0.168387 0.000000 0.246440
v 0.169084 0.000000 0.248742
v 0.171175 0.000000 0.248779
v 0.171461 0.000000 0.248781
v 0.171734 0.000000 0.248782
v 0.171991 0.000000 0.248781
v 0.172230 0.000000 0.248779
v 0.172448 0.000000 0.248775
v 0.172644 0.000000 0.248770
v 0.172814 0.000000 0.248763
v 0.172958 0.000000 0.248754
v 0.173072 0.000000 0.248744
v 0.173155 0.000000 0.248732
v 0.173203 0.000000 0.248719
v 0.173216 0.000000 0.248704
v 0.173176 0.000000 0.248586
v 0.173066 0.000000 0.248272
v 0.172891 0.000000 0.247775
v 0.172656 0.000000 0.247109
v 0.172365 0.000000 0.246289
v 0.172024 0.000000 0.245328
v 0.171639 0.000000 0.244239
v 0.171213 0.000000 0.243037
v 0.170752 0.000000 0.241735
v 0.170261 0.000000 0.240347
v 0.169745 0.000000 0.238887
v 0.169209 0.000000 0.237369
v 0.169130 0.000000 0.237148
v 0.168914 0.000000 0.236538
v 0.168588 0.000000 0.235617
v 0.168179 0.000000 0.234462
v 0.167715 0.000000 0.233152
v 0.167224 0.000000 0.231763
v 0.166732 0.000000 0.230375
v 0.166268 0.000000 0.229064
v 0.165859 0.000000 0.227910
v 0.165533 0.000000 0.226988
v 0.165317 0.000000 0.226378
v 0.165238 0.000000 0.226158
v 0.163023 0.000000 0.226158
v 0.160820 0.000000 0.226158
v 0.160818 0.000000 0.226164
v 0.160811 0.000000 0.226183
v 0.160801 0.000000 0.226210
v 0.160788 0.000000 0.226245
v 0.160774 0.000000 0.226284
v 0.160758 0.000000 0.226326
v 0.160743 0.000000 0.226367
v 0.160728 0.000000 0.226407
v 0.160715 0.000000 0.226441
v 0.160705 0.000000 0.226469
v 0.160698 0.000000 0.226487
v 0.164940 0.000000 0.236610
v 0.165120 0.000000 0.237226
v 0.165293 0.000000 0.237821
v 0.165458 0.000000 0.238387
v 0.165611 0.000000 0.238921
v 0.165753 0.000000 0.239415
v 0.165881 0.000000 0.239865
v 0.165994 0.000000 0.240264
v 0.166089 0.000000 0.240607
v 0.166167 0.000000 0.240888
v 0.166224 0.000000 0.241101
v 0.166259 0.000000 0.241241
v 0.166271 0.000000 0.241301
v 0.166257 0.000000 0.241330
v 0.166212 0.000000 0.241356
v 0.166134 0.000000 0.241379
v 0.166018 0.000000 0.241398
v 0.165863 0.000000 0.241415
v 0.165665 0.000000 0.241428
v 0.165420 0.000000 0.241440
v 0.165126 0.000000 0.241448
v 0.164780 0.000000 0.241455
v 0.164379 0.000000 0.241459
v 0.163918 0.000000 0.241462
v 0.163397 0.000000 0.241463
v 0.162867 0.000000 0.241462
v 0.162403 0.000000 0.241459
v 0.162000 0.000000 0.241455
v 0.161655 0.000000 0.241448
v 0.161365 0.000000 0.241440
v 0.161127 0.000000 0.241428
v 0.160936 0.000000 0.241415
v 0.160790 0.000000 0.241398
v 0.160686 0.000000 0.241379
v 0.160618 0.000000 0.241356
v 0.160586 0.000000 0.241330
v 0.160584 0.000000 0.241301
v 0.160603 0.000000 0.241240
v 0.160647 0.000000 0.241097
v 0.160714 0.000000 0.240880
v 0.160801 0.000000 0.240592
v 0.160909 0.000000 0.240242
v 0.161033 0.000000 0.239834
v 0.161174 0.000000 0.239375
v 0.161329 0.000000 0.238869
v 0.161496 0.000000 0.238324
v 0.161673 0.000000 0.237746
v 0.161859 0.000000 0.237139
v 0.162052 0.000000 0.236510
v 0.162243 0.000000 0.235887
v 0.162427 0.000000 0.235289
v 0.162604 0.000000 0.234723
v 0.162771 0.000000 0.234194
v 0.162926 0.000000 0.233707
v 0.163068 0.000000 0.233269
v 0.163195 0.000000 0.232885
v 0.163304 0.000000 0.232560
v 0.163395 0.000000 0.232300
v 0.163464 0.000000 0.232112
v 0.163511 0.000000 0.231999
v 0.163533 0.000000 0.231969
v 0.163558 0.000000 0.232025
v 0.163605 0.000000 0.232160
v 0.163673 0.000000 0.232368
v 0.163760 0.000000 0.232644
v 0.163864 0.000000 0.232981
v 0.163985 0.000000 0.233375
v 0.164119 0.000000 0.233819
v 0.164265 0.000000 0.234309
v 0.164423 0.000000 0.234838
v 0.164588 0.000000 0.235402
v 0.164761 0.000000 0.235994
v 0.181554 0.000000 0.226282
v 0.180866 0.000000 0.226395
v 0.180209 0.000000 0.226558
v 0.179584 0.000000 0.226770
v 0.178993 0.000000 0.227030
v 0.178437 0.000000 0.227337
v 0.177917 0.000000 0.227690
v 0.177436 0.000000 0.228088
v 0.176993 0.000000 0.228529
v 0.176591 0.000000 0.229014
v 0.176231 0.000000 0.229540
v 0.175915 0.000000 0.230106
v 0.175643 0.000000 0.230712
v 0.175636 0.000000 0.230729
v 0.175617 0.000000 0.230776
v 0.175588 0.000000 0.230846
v 0.175553 0.000000 0.230935
v 0.175512 0.000000 0.231035
v 0.175469 0.000000 0.231141
v 0.175425 0.000000 0.231248
v 0.175385 0.000000 0.231348
v 0.175349 0.000000 0.231436
v 0.175320 0.000000 0.231507
v 0.175301 0.000000 0.231554
v 0.175294 0.000000 0.231570
v 0.175257 0.000000 0.237531
v 0.175252 0.000000 0.238497
v 0.175250 0.000000 0.239385
v 0.175250 0.000000 0.240197
v 0.175252 0.000000 0.240933
v 0.175257 0.000000 0.241594
v 0.175265 0.000000 0.242180
v 0.175275 0.000000 0.242691
v 0.175287 0.000000 0.243128
v 0.175301 0.000000 0.243492
v 0.175317 0.000000 0.243783
v 0.175336 0.000000 0.244003
v 0.175357 0.000000 0.244150
v 0.175462 0.000000 0.244564
v 0.175601 0.000000 0.244970
v 0.175773 0.000000 0.245367
v 0.175976 0.000000 0.245751
v 0.176208 0.000000 0.246121
v 0.176467 0.000000 0.246474
v 0.176752 0.000000 0.246808
v 0.177060 0.000000 0.247120
v 0.177390 0.000000 0.247408
v 0.177740 0.000000 0.247671
v 0.178108 0.000000 0.247904
v 0.178493 0.000000 0.248107
v 0.178800 0.000000 0.248246
v 0.179091 0.000000 0.248367
v 0.179376 0.000000 0.248471
v 0.179664 0.000000 0.248559
v 0.179963 0.000000 0.248633
v 0.180283 0.000000 0.248695
v 0.180634 0.000000 0.248746
v 0.181023 0.000000 0.248787
v 0.181459 0.000000 0.248821
v 0.181953 0.000000 0.248848
v 0.182513 0.000000 0.248871
v 0.183147 0.000000 0.248891
v 0.184026 0.000000 0.248910
v 0.184830 0.000000 0.248911
v 0.185565 0.000000 0.248894
v 0.186237 0.000000 0.248856
v 0.186851 0.000000 0.248798
v 0.187413 0.000000 0.248718
v 0.187929 0.000000 0.248616
v 0.188405 0.000000 0.248490
v 0.188846 0.000000 0.248340
v 0.189258 0.000000 0.248164
v 0.189646 0.000000 0.247963
v 0.190017 0.000000 0.247734
v 0.190437 0.000000 0.247435
v 0.190824 0.000000 0.247113
v 0.191180 0.000000 0.246766
v 0.191503 0.000000 0.246394
v 0.191794 0.000000 0.245998
v 0.192054 0.000000 0.245578
v 0.192281 0.000000 0.245133
v 0.192477 0.000000 0.244665
v 0.192641 0.000000 0.244171
v 0.192773 0.000000 0.243654
v 0.192873 0.000000 0.243111
v 0.192942 0.000000 0.242545
v 0.192943 0.000000 0.242534
v 0.192947 0.000000 0.242502
v 0.192952 0.000000 0.242454
v 0.192958 0.000000 0.242393
v 0.192965 0.000000 0.242325
v 0.192973 0.000000 0.242253
v 0.192981 0.000000 0.242180
v 0.192988 0.000000 0.242112
v 0.192995 0.000000 0.242052
v 0.193000 0.000000 0.242004
v 0.193003 0.000000 0.241972
v 0.193004 0.000000 0.241960
v 0.190714 0.000000 0.241960
v 0.188424 0.000000 0.241960
v 0.188424 0.000000 0.242309
v 0.188410 0.000000 0.242450
v 0.188371 0.000000 0.242619
v 0.188309 0.000000 0.242811
v 0.188229 0.000000 0.243017
v 0.188133 0.000000 0.243233
v 0.188026 0.000000 0.243450
v 0.187911 0.000000 0.243663
v 0.187790 0.000000 0.243864
v 0.187668 0.000000 0.244048
v 0.187549 0.000000 0.244207
v 0.187434 0.000000 0.244334
v 0.187329 0.000000 0.244424
v 0.187175 0.000000 0.244526
v 0.187019 0.000000 0.244614
v 0.186858 0.000000 0.244689
v 0.186685 0.000000 0.244753
v 0.186495 0.000000 0.244806
v 0.186284 0.000000 0.244849
v 0.186045 0.000000 0.244882
v 0.185775 0.000000 0.244908
v 0.185467 0.000000 0.244926
v 0.185117 0.000000 0.244938
v 0.184719 0.000000 0.244945
v 0.184268 0.000000 0.244947
v 0.183748 0.000000 0.244944
v 0.183294 0.000000 0.244935
v 0.182898 0.000000 0.244919
v 0.182555 0.000000 0.244894
v 0.182258 0.000000 0.244859
v 0.182001 0.000000 0.244813
v 0.181778 0.000000 0.244753
v 0.181583 0.000000 0.244679
v 0.181410 0.000000 0.244590
v 0.181252 0.000000 0.244483
v 0.181103 0.000000 0.244358
v 0.180957 0.000000 0.244212
v 0.180791 0.000000 0.244031
v 0.180651 0.000000 0.243853
v 0.180536 0.000000 0.243659
v 0.180443 0.000000 0.243429
v 0.180369 0.000000 0.243142
v 0.180313 0.000000 0.242780
v 0.180272 0.000000 0.242322
v 0.180244 0.000000 0.241749
v 0.180226 0.000000 0.241040
v 0.180216 0.000000 0.240176
v 0.180211 0.000000 0.239138
v 0.180210 0.000000 0.237904
v 0.180211 0.000000 0.236841
v 0.180212 0.000000 0.235942
v 0.180216 0.000000 0.235193
v 0.180223 0.000000 0.234577
v 0.180233 0.000000 0.234077
v 0.180248 0.000000 0.233678
v 0.180268 0.000000 0.233364
v 0.180293 0.000000 0.233118
v 0.180326 0.000000 0.232926
v 0.180366 0.000000 0.232770
v 0.180414 0.000000 0.232634
v 0.180472 0.000000 0.232504
v 0.180553 0.000000 0.232336
v 0.180640 0.000000 0.232177
v 0.180734 0.000000 0.232025
v 0.180834 0.000000 0.231880
v 0.180941 0.000000 0.231743
v 0.181055 0.000000 0.231613
v 0.181176 0.000000 0.231489
v 0.181304 0.000000 0.231373
v 0.181440 0.000000 0.231263
v 0.181582 0.000000 0.231160
v 0.181733 0.000000 0.231063
v 0.181891 0.000000 0.230973
v 0.181999 0.000000 0.230916
v 0.182105 0.000000 0.230867
v 0.182215 0.000000 0.230825
v 0.182334 0.000000 0.230792
v 0.182469 0.000000 0.230764
v 0.182626 0.000000 0.230743
v 0.182812 0.000000 0.230727
v 0.183032 0.000000 0.230715
v 0.183292 0.000000 0.230707
v 0.183600 0.000000 0.230703
v 0.183960 0.000000 0.230700
v 0.184380 0.000000 0.230700
v 0.184799 0.000000 0.230700
v 0.185159 0.000000 0.230702
v 0.185467 0.000000 0.230707
v 0.185727 0.000000 0.230715
v 0.185947 0.000000 0.230727
v 0.186133 0.000000 0.230743
v 0.186290 0.000000 0.230764
v 0.186425 0.000000 0.230792
v 0.186545 0.000000 0.230825
v 0.186654 0.000000 0.230867
v 0.186760 0.000000 0.230916
v 0.186869 0.000000 0.230973
v 0.187000 0.000000 0.231049
v 0.187146 0.000000 0.231150
v 0.187304 0.000000 0.231272
v 0.187469 0.000000 0.231408
v 0.187635 0.000000 0.231555
v 0.187797 0.000000 0.231707
v 0.187952 0.000000 0.231861
v 0.188094 0.000000 0.232011
v 0.188218 0.000000 0.232153
v 0.188320 0.000000 0.232281
v 0.188394 0.000000 0.232391
v 0.188437 0.000000 0.232479
v 0.188459 0.000000 0.232498
v 0.188508 0.000000 0.232508
v 0.188583 0.000000 0.232506
v 0.188686 0.000000 0.232494
v 0.188817 0.000000 0.232471
v 0.188975 0.000000 0.232437
v 0.189162 0.000000 0.232392
v 0.189378 0.000000 0.232335
v 0.189623 0.000000 0.232267
v 0.189899 0.000000 0.232188
v 0.190204 0.000000 0.232096
v 0.190540 0.000000 0.231994
v 0.190819 0.000000 0.231907
v 0.191088 0.000000 0.231823
v 0.191345 0.000000 0.231741
v 0.191587 0.000000 0.231663
v 0.191812 0.000000 0.231589
v 0.192016 0.000000 0.231521
v 0.192198 0.000000 0.231459
v 0.192355 0.000000 0.231404
v 0.192485 0.000000 0.231357
v 0.192584 0.000000 0.231318
v 0.192650 0.000000 0.231290
v 0.192681 0.000000 0.231272
v 0.192688 0.000000 0.231250
v 0.192686 0.000000 0.231210
v 0.192676 0.000000 0.231154
v 0.192656 0.000000 0.231083
v 0.192629 0.000000 0.230999
v 0.192594 0.000000 0.230902
v 0.192551 0.000000 0.230794
v 0.192502 0.000000 0.230676
v 0.192446 0.000000 0.230551
v 0.192385 0.000000 0.230419
v 0.192317 0.000000 0.230281
v 0.192245 0.000000 0.230140
v 0.192005 0.000000 0.229693
v 0.191739 0.000000 0.229268
v 0.191448 0.000000 0.228866
v 0.191133 0.000000 0.228488
v 0.190797 0.000000 0.228135
v 0.190439 0.000000 0.227808
v 0.190061 0.000000 0.227508
v 0.189665 0.000000 0.227237
v 0.189251 0.000000 0.226995
v 0.188820 0.000000 0.226784
v 0.188374 0.000000 0.226604
v 0.187914 0.000000 0.226456
v 0.187647 0.000000 0.226403
v 0.187257 0.000000 0.226355
v 0.186768 0.000000 0.226312
v 0.186202 0.000000 0.226276
v 0.185580 0.000000 0.226247
v 0.184926 0.000000 0.226225
v 0.184261 0.000000 0.226211
v 0.183607 0.000000 0.226206
v 0.182987 0.000000 0.226210
v 0.182424 0.000000 0.226223
v 0.181939 0.000000 0.226247
v 0.025015 0.000000 0.228734
v 0.025009 0.000000 0.229283
v 0.024997 0.000000 0.229817
v 0.024979 0.000000 0.230334
v 0.024955 0.000000 0.230833
v 0.024925 0.000000 0.231311
v 0.024889 0.000000 0.231768
v 0.024849 0.000000 0.232202
v 0.024802 0.000000 0.232611
v 0.024751 0.000000 0.232994
v 0.024695 0.000000 0.233350
v 0.024633 0.000000 0.233676
v 0.024567 0.000000 0.233972
v 0.024410 0.000000 0.234530
v 0.024218 0.000000 0.235077
v 0.023992 0.000000 0.235612
v 0.023733 0.000000 0.236134
v 0.023442 0.000000 0.236642
v 0.023119 0.000000 0.237136
v 0.022765 0.000000 0.237613
v 0.022382 0.000000 0.238073
v 0.021968 0.000000 0.238514
v 0.021527 0.000000 0.238937
v 0.021057 0.000000 0.239339
v 0.020560 0.000000 0.239721
v 0.020545 0.000000 0.239732
v 0.020503 0.000000 0.239762
v 0.020439 0.000000 0.239808
v 0.020360 0.000000 0.239866
v 0.020270 0.000000 0.239931
v 0.020174 0.000000 0.240001
v 0.020079 0.000000 0.240070
v 0.019988 0.000000 0.240135
v 0.019909 0.000000 0.240193
v 0.019845 0.000000 0.240239
v 0.019803 0.000000 0.240269
v 0.019788 0.000000 0.240280
v 0.019788 0.000000 0.242172
v 0.019789 0.000000 0.242523
v 0.019792 0.000000 0.242831
v 0.019796 0.000000 0.243099
v 0.019803 0.000000 0.243329
v 0.019811 0.000000 0.243523
v 0.019823 0.000000 0.243684
v 0.019836 0.000000 0.243813
v 0.019853 0.000000 0.243914
v 0.019872 0.000000 0.243988
v 0.019895 0.000000 0.244038
v 0.019921 0.000000 0.244067
v 0.019950 0.000000 0.244076
v 0.020063 0.000000 0.244054
v 0.020239 0.000000 0.243992
v 0.020469 0.000000 0.243895
v 0.020741 0.000000 0.243769
v 0.021045 0.000000 0.243619
v 0.021372 0.000000 0.243450
v 0.021711 0.000000 0.243269
v 0.022051 0.000000 0.243080
v 0.022383 0.000000 0.242889
v 0.022696 0.000000 0.242702
v 0.022979 0.000000 0.242523
v 0.023223 0.000000 0.242358
v 0.023518 0.000000 0.242143
v 0.023809 0.000000 0.241919
v 0.024097 0.000000 0.241689
v 0.024378 0.000000 0.241454
v 0.024652 0.000000 0.241215
v 0.024917 0.000000 0.240973
v 0.025173 0.000000 0.240728
v 0.025416 0.000000 0.240484
v 0.025647 0.000000 0.240239
v 0.025864 0.000000 0.239997
v 0.026064 0.000000 0.239757
v 0.026247 0.000000 0.239521
v 0.026259 0.000000 0.239507
v 0.026291 0.000000 0.239465
v 0.026339 0.000000 0.239403
v 0.026399 0.000000 0.239325
v 0.026468 0.000000 0.239236
v 0.026540 0.000000 0.239142
v 0.026612 0.000000 0.239048
v 0.026681 0.000000 0.238959
v 0.026741 0.000000 0.238881
v 0.026789 0.000000 0.238819
v 0.026821 0.000000 0.238777
v 0.026832 0.000000 0.238762
v 0.027318 0.000000 0.239447
v 0.027501 0.000000 0.239685
v 0.027714 0.000000 0.239937
v 0.027951 0.000000 0.240200
v 0.028211 0.000000 0.240470
v 0.028489 0.000000 0.240744
v 0.028782 0.000000 0.241019
v 0.029086 0.000000 0.241292
v 0.029399 0.000000 0.241559
v 0.029717 0.000000 0.241818
v 0.030037 0.000000 0.242064
v 0.030354 0.000000 0.242295
v 0.030666 0.000000 0.242508
v 0.030934 0.000000 0.242682
v 0.031224 0.000000 0.242862
v 0.031528 0.000000 0.243041
v 0.031840 0.000000 0.243218
v 0.032150 0.000000 0.243389
v 0.032453 0.000000 0.243548
v 0.032741 0.000000 0.243694
v 0.033005 0.000000 0.243821
v 0.033240 0.000000 0.243927
v 0.033437 0.000000 0.244007
v 0.033590 0.000000 0.244058
v 0.033690 0.000000 0.244076
v 0.033719 0.000000 0.244066
v 0.033745 0.000000 0.244036
v 0.033768 0.000000 0.243983
v 0.033787 0.000000 0.243905
v 0.033804 0.000000 0.243801
v 0.033817 0.000000 0.243668
v 0.033829 0.000000 0.243505
v 0.033837 0.000000 0.243309
v 0.033844 0.000000 0.243078
v 0.033848 0.000000 0.242811
v 0.033851 0.000000 0.242505
v 0.033852 0.000000 0.242159
v 0.033852 0.000000 0.242122
v 0.033852 0.000000 0.242017
v 0.033852 0.000000 0.241860
v 0.033852 0.000000 0.241663
v 0.033852 0.000000 0.241439
v 0.033852 0.000000 0.241201
v 0.033852 0.000000 0.240964
v 0.033852 0.000000 0.240740
v 0.033852 0.000000 0.240543
v 0.033852 0.000000 0.240385
v 0.033852 0.000000 0.240281
v 0.033852 0.000000 0.240243
v 0.033254 0.000000 0.239795
v 0.033032 0.000000 0.239622
v 0.032791 0.000000 0.239417
v 0.032538 0.000000 0.239186
v 0.032276 0.000000 0.238933
v 0.032012 0.000000 0.238666
v 0.031750 0.000000 0.238389
v 0.031496 0.000000 0.238108
v 0.031254 0.000000 0.237828
v 0.031030 0.000000 0.237556
v 0.030829 0.000000 0.237295
v 0.030656 0.000000 0.237053
v 0.030516 0.000000 0.236834
v 0.030283 0.000000 0.236410
v 0.030072 0.000000 0.235971
v 0.029884 0.000000 0.235509
v 0.029717 0.000000 0.235021
v 0.029571 0.000000 0.234501
v 0.029444 0.000000 0.233944
v 0.029336 0.000000 0.233345
v 0.029245 0.000000 0.232699
v 0.029170 0.000000 0.232001
v 0.029111 0.000000 0.231246
v 0.029067 0.000000 0.230428
v 0.029035 0.000000 0.229542
v 0.029034 0.000000 0.229490
v 0.029030 0.000000 0.229347
v 0.029024 0.000000 0.229130
v 0.029016 0.000000 0.228858
v 0.029007 0.000000 0.228550
v 0.028998 0.000000 0.228223
v 0.028989 0.000000 0.227897
v 0.028980 0.000000 0.227588
v 0.028972 0.000000 0.227317
v 0.028966 0.000000 0.227100
v 0.028962 0.000000 0.226956
v 0.028961 0.000000 0.226904
v 0.026994 0.000000 0.226904
v 0.025015 0.000000 0.226904
v 0.025015 0.000000 0.226940
v 0.025015 0.000000 0.227040
v 0.025015 0.000000 0.227190
v 0.025015 0.000000 0.227379
v 0.025015 0.000000 0.227592
v 0.025015 0.000000 0.227819
v 0.025015 0.000000 0.228046
v 0.025015 0.000000 0.228259
v 0.025015 0.000000 0.228448
v 0.025015 0.000000 0.228598
v 0.025015 0.000000 0.228698
v 0.195269 0.000000 0.237667
v 0.195269 0.000000 0.239223
v 0.207030 0.000000 0.239223
v 0.218791 0.000000 0.239223
v 0.218791 0.000000 0.237667
v 0.218791 0.000000 0.236112
v 0.207030 0.000000 0.236112
v 0.195269 0.000000 0.236112
v 0.073304 0.000000 0.238041
v 0.073304 0.000000 0.239596
v 0.077909 0.000000 0.239596
v 0.082513 0.000000 0.239596
v 0.082513 0.000000 0.240654
v 0.082513 0.000000 0.241711
v 0.080933 0.000000 0.241711
v 0.080272 0.000000 0.241720
v 0.079664 0.000000 0.241746
v 0.079104 0.000000 0.241790
v 0.078591 0.000000 0.241853
v 0.078122 0.000000 0.241936
v 0.077692 0.000000 0.242040
v 0.077301 0.000000 0.242165
v 0.076944 0.000000 0.242312
v 0.076619 0.000000 0.242483
v 0.076323 0.000000 0.242678
v 0.076052 0.000000 0.242897
v 0.075805 0.000000 0.243142
v 0.075646 0.000000 0.243322
v 0.075510 0.000000 0.243500
v 0.075395 0.000000 0.243681
v 0.075300 0.000000 0.243874
v 0.075223 0.000000 0.244084
v 0.075163 0.000000 0.244318
v 0.075118 0.000000 0.244584
v 0.075087 0.000000 0.244887
v 0.075069 0.000000 0.245235
v 0.075061 0.000000 0.245634
v 0.075062 0.000000 0.246092
v 0.075071 0.000000 0.246614
v 0.075086 0.000000 0.247117
v 0.075106 0.000000 0.247555
v 0.075136 0.000000 0.247935
v 0.075176 0.000000 0.248265
v 0.075229 0.000000 0.248551
v 0.075298 0.000000 0.248802
v 0.075385 0.000000 0.249025
v 0.075493 0.000000 0.249227
v 0.075624 0.000000 0.249415
v 0.075780 0.000000 0.249598
v 0.075964 0.000000 0.249781
v 0.076179 0.000000 0.249973
v 0.076410 0.000000 0.250168
v 0.076627 0.000000 0.250329
v 0.076860 0.000000 0.250460
v 0.077141 0.000000 0.250564
v 0.077500 0.000000 0.250644
v 0.077969 0.000000 0.250703
v 0.078579 0.000000 0.250743
v 0.079361 0.000000 0.250768
v 0.080346 0.000000 0.250780
v 0.081565 0.000000 0.250783
v 0.083048 0.000000 0.250778
v 0.084828 0.000000 0.250770
v 0.086406 0.000000 0.250761
v 0.087728 0.000000 0.250753
v 0.088818 0.000000 0.250744
v 0.089701 0.000000 0.250733
v 0.090402 0.000000 0.250720
v 0.090945 0.000000 0.250703
v 0.091356 0.000000 0.250681
v 0.091659 0.000000 0.250653
v 0.091878 0.000000 0.250618
v 0.092039 0.000000 0.250574
v 0.092165 0.000000 0.250522
v 0.092283 0.000000 0.250459
v 0.092354 0.000000 0.250418
v 0.092429 0.000000 0.250373
v 0.092507 0.000000 0.250322
v 0.092587 0.000000 0.250267
v 0.092669 0.000000 0.250210
v 0.092750 0.000000 0.250149
v 0.092830 0.000000 0.250087
v 0.092908 0.000000 0.250024
v 0.092983 0.000000 0.249960
v 0.093054 0.000000 0.249897
v 0.093120 0.000000 0.249835
v 0.093179 0.000000 0.249774
v 0.093341 0.000000 0.249600
v 0.093479 0.000000 0.249431
v 0.093596 0.000000 0.249262
v 0.093692 0.000000 0.249083
v 0.093771 0.000000 0.248888
v 0.093833 0.000000 0.248669
v 0.093880 0.000000 0.248417
v 0.093915 0.000000 0.248126
v 0.093939 0.000000 0.247788
v 0.093954 0.000000 0.247396
v 0.093961 0.000000 0.246940
v 0.093963 0.000000 0.246415
v 0.093961 0.000000 0.245861
v 0.093951 0.000000 0.245384
v 0.093931 0.000000 0.244973
v 0.093899 0.000000 0.244621
v 0.093853 0.000000 0.244319
v 0.093789 0.000000 0.244057
v 0.093706 0.000000 0.243827
v 0.093600 0.000000 0.243621
v 0.093470 0.000000 0.243430
v 0.093312 0.000000 0.243244
v 0.093125 0.000000 0.243056
v 0.092905 0.000000 0.242856
v 0.092662 0.000000 0.242652
v 0.092426 0.000000 0.242475
v 0.092188 0.000000 0.242322
v 0.091942 0.000000 0.242193
v 0.091680 0.000000 0.242083
v 0.091395 0.000000 0.241993
v 0.091079 0.000000 0.241919
v 0.090724 0.000000 0.241861
v 0.090324 0.000000 0.241815
v 0.089870 0.000000 0.241780
v 0.089356 0.000000 0.241755
v 0.088774 0.000000 0.241736
v 0.088731 0.000000 0.241735
v 0.088614 0.000000 0.241733
v 0.088437 0.000000 0.241729
v 0.088215 0.000000 0.241723
v 0.087964 0.000000 0.241718
v 0.087697 0.000000 0.241711
v 0.087430 0.000000 0.241705
v 0.087179 0.000000 0.241699
v 0.086957 0.000000 0.241694
v 0.086780 0.000000 0.241690
v 0.086663 0.000000 0.241688
v 0.086620 0.000000 0.241687
v 0.086620 0.000000 0.240641
v 0.086620 0.000000 0.239596
v 0.091288 0.000000 0.239596
v 0.095955 0.000000 0.239596
v 0.095955 0.000000 0.238041
v 0.095955 0.000000 0.236485
v 0.084629 0.000000 0.236485
v 0.073304 0.000000 0.236485
v 0.089993 0.000000 0.245307
v 0.090068 0.000000 0.245387
v 0.090132 0.000000 0.245461
v 0.090186 0.000000 0.245531
v 0.090231 0.000000 0.245600
v 0.090267 0.000000 0.245672
v 0.090295 0.000000 0.245749
v 0.090317 0.000000 0.245835
v 0.090332 0.000000 0.245931
v 0.090343 0.000000 0.246042
v 0.090350 0.000000 0.246170
v 0.090353 0.000000 0.246318
v 0.090354 0.000000 0.246489
v 0.090353 0.000000 0.246658
v 0.090350 0.000000 0.246803
v 0.090344 0.000000 0.246928
v 0.090333 0.000000 0.247035
v 0.090318 0.000000 0.247127
v 0.090298 0.000000 0.247207
v 0.090272 0.000000 0.247276
v 0.090238 0.000000 0.247337
v 0.090197 0.000000 0.247394
v 0.090147 0.000000 0.247448
v 0.090087 0.000000 0.247503
v 0.090018 0.000000 0.247560
v 0.089939 0.000000 0.247620
v 0.089853 0.000000 0.247669
v 0.089741 0.000000 0.247710
v 0.089585 0.000000 0.247742
v 0.089367 0.000000 0.247766
v 0.089069 0.000000 0.247783
v 0.088673 0.000000 0.247795
v 0.088161 0.000000 0.247800
v 0.087515 0.000000 0.247801
v 0.086717 0.000000 0.247798
v 0.085749 0.000000 0.247792
v 0.084592 0.000000 0.247784
v 0.084492 0.000000 0.247783
v 0.084215 0.000000 0.247781
v 0.083797 0.000000 0.247778
v 0.083272 0.000000 0.247774
v 0.082677 0.000000 0.247769
v 0.082047 0.000000 0.247765
v 0.081416 0.000000 0.247760
v 0.080821 0.000000 0.247756
v 0.080297 0.000000 0.247752
v 0.079879 0.000000 0.247749
v 0.079602 0.000000 0.247747
v 0.079502 0.000000 0.247746
v 0.079265 0.000000 0.247448
v 0.079201 0.000000 0.247341
v 0.079146 0.000000 0.247199
v 0.079101 0.000000 0.247029
v 0.079066 0.000000 0.246839
v 0.079041 0.000000 0.246635
v 0.079027 0.000000 0.246424
v 0.079024 0.000000 0.246214
v 0.079033 0.000000 0.246012
v 0.079053 0.000000 0.245824
v 0.079086 0.000000 0.245658
v 0.079132 0.000000 0.245521
v 0.079191 0.000000 0.245419
v 0.079278 0.000000 0.245316
v 0.079378 0.000000 0.245230
v 0.079506 0.000000 0.245158
v 0.079680 0.000000 0.245100
v 0.079917 0.000000 0.245055
v 0.080233 0.000000 0.245020
v 0.080645 0.000000 0.244994
v 0.081169 0.000000 0.244975
v 0.081823 0.000000 0.244963
v 0.082623 0.000000 0.244955
v 0.083586 0.000000 0.244950
v 0.084729 0.000000 0.244947
v 0.084825 0.000000 0.244947
v 0.085092 0.000000 0.244947
v 0.085495 0.000000 0.244947
v 0.086000 0.000000 0.244947
v 0.086573 0.000000 0.244947
v 0.087180 0.000000 0.244947
v 0.087788 0.000000 0.244947
v 0.088361 0.000000 0.244947
v 0.088866 0.000000 0.244947
v 0.089269 0.000000 0.244947
v 0.089536 0.000000 0.244947
v 0.089632 0.000000 0.244947
v 0.089639 0.000000 0.244954
v 0.089659 0.000000 0.244973
v 0.089689 0.000000 0.245003
v 0.089726 0.000000 0.245040
v 0.089768 0.000000 0.245082
v 0.089813 0.000000 0.245127
v 0.089857 0.000000 0.245172
v 0.089900 0.000000 0.245214
v 0.089937 0.000000 0.245251
v 0.089966 0.000000 0.245281
v 0.089986 0.000000 0.245300
v 0.386892 0.000000 0.236946
v 0.386880 0.000000 0.236986
v 0.386869 0.000000 0.237086
v 0.386858 0.000000 0.237242
v 0.386848 0.000000 0.237448
v 0.386838 0.000000 0.237701
v 0.386830 0.000000 0.237997
v 0.386823 0.000000 0.238331
v 0.386817 0.000000 0.238700
v 0.386812 0.000000 0.239098
v 0.386808 0.000000 0.239522
v 0.386806 0.000000 0.239967
v 0.386805 0.000000 0.240430
v 0.386805 0.000000 0.240497
v 0.386805 0.000000 0.240681
v 0.386805 0.000000 0.240961
v 0.386805 0.000000 0.241310
v 0.386805 0.000000 0.241708
v 0.386805 0.000000 0.242128
v 0.386805 0.000000 0.242549
v 0.386805 0.000000 0.242946
v 0.386805 0.000000 0.243296
v 0.386805 0.000000 0.243575
v 0.386805 0.000000 0.243760
v 0.386805 0.000000 0.243827
v 0.383569 0.000000 0.243827
v 0.380333 0.000000 0.243827
v 0.380333 0.000000 0.245880
v 0.380333 0.000000 0.247933
v 0.392094 0.000000 0.247933
v 0.403855 0.000000 0.247933
v 0.403855 0.000000 0.245880
v 0.403855 0.000000 0.243827
v 0.400557 0.000000 0.243827
v 0.397259 0.000000 0.243827
v 0.397259 0.000000 0.240343
v 0.397259 0.000000 0.236859
v 0.395579 0.000000 0.236859
v 0.393899 0.000000 0.236859
v 0.393899 0.000000 0.240343
v 0.393899 0.000000 0.243827
v 0.392281 0.000000 0.243827
v 0.390663 0.000000 0.243827
v 0.390663 0.000000 0.240343
v 0.390663 0.000000 0.236859
v 0.388821 0.000000 0.236859
v 0.388570 0.000000 0.236859
v 0.388327 0.000000 0.236862
v 0.388095 0.000000 0.236865
v 0.387876 0.000000 0.236870
v 0.387673 0.000000 0.236876
v 0.387488 0.000000 0.236884
v 0.387324 0.000000 0.236892
v 0.387182 0.000000 0.236901
v 0.387066 0.000000 0.236911
v 0.386977 0.000000 0.236922
v 0.386919 0.000000 0.236934
v 0.325200 0.000000 0.240032
v 0.325200 0.000000 0.241960
v 0.329929 0.000000 0.241960
v 0.334659 0.000000 0.241960
v 0.334659 0.000000 0.246315
v 0.334659 0.000000 0.250670
v 0.336837 0.000000 0.250670
v 0.339015 0.000000 0.250670
v 0.339015 0.000000 0.246315
v 0.339015 0.000000 0.241960
v 0.344055 0.000000 0.241960
v 0.349095 0.000000 0.241960
v 0.349095 0.000000 0.240032
v 0.349095 0.000000 0.238103
v 0.337148 0.000000 0.238103
v 0.325200 0.000000 0.238103
v 0.198132 0.000000 0.241774
v 0.198132 0.000000 0.242956
v 0.205039 0.000000 0.242956
v 0.211946 0.000000 0.242956
v 0.211946 0.000000 0.243640
v 0.211946 0.000000 0.244324
v 0.205039 0.000000 0.244324
v 0.198132 0.000000 0.244324
v 0.198132 0.000000 0.247746
v 0.198132 0.000000 0.251168
v 0.207068 0.000000 0.251143
v 0.215991 0.000000 0.251106
v 0.215991 0.000000 0.249737
v 0.215991 0.000000 0.248368
v 0.208997 0.000000 0.248331
v 0.201990 0.000000 0.248306
v 0.201990 0.000000 0.247684
v 0.201990 0.000000 0.247062
v 0.209022 0.000000 0.247062
v 0.216053 0.000000 0.247062
v 0.216053 0.000000 0.243827
v 0.216053 0.000000 0.240592
v 0.207093 0.000000 0.240592
v 0.198132 0.000000 0.240592
v 0.101555 0.000000 0.246066
v 0.101555 0.000000 0.250546
v 0.110702 0.000000 0.250546
v 0.119850 0.000000 0.250546
v 0.119850 0.000000 0.248617
v 0.119850 0.000000 0.246689
v 0.112818 0.000000 0.246689
v 0.105786 0.000000 0.246689
v 0.105786 0.000000 0.244138
v 0.105786 0.000000 0.241587
v 0.103671 0.000000 0.241587
v 0.101555 0.000000 0.241587
v 0.052109 0.000000 0.241973
v 0.051882 0.000000 0.242014
v 0.051644 0.000000 0.242076
v 0.051399 0.000000 0.242154
v 0.051153 0.000000 0.242247
v 0.050908 0.000000 0.242354
v 0.050669 0.000000 0.242470
v 0.050439 0.000000 0.242596
v 0.050224 0.000000 0.242727
v 0.050026 0.000000 0.242862
v 0.049851 0.000000 0.242998
v 0.049702 0.000000 0.243134
v 0.049583 0.000000 0.243267
v 0.049447 0.000000 0.243453
v 0.049330 0.000000 0.243631
v 0.049231 0.000000 0.243807
v 0.049149 0.000000 0.243988
v 0.049081 0.000000 0.244182
v 0.049027 0.000000 0.244394
v 0.048986 0.000000 0.244633
v 0.048955 0.000000 0.244906
v 0.048933 0.000000 0.245218
v 0.048920 0.000000 0.245577
v 0.048913 0.000000 0.245990
v 0.048911 0.000000 0.246465
v 0.048912 0.000000 0.246833
v 0.048915 0.000000 0.247158
v 0.048921 0.000000 0.247443
v 0.048931 0.000000 0.247693
v 0.048943 0.000000 0.247910
v 0.048959 0.000000 0.248099
v 0.048979 0.000000 0.248264
v 0.049003 0.000000 0.248409
v 0.049031 0.000000 0.248538
v 0.049065 0.000000 0.248654
v 0.049103 0.000000 0.248763
v 0.049147 0.000000 0.248866
v 0.049232 0.000000 0.249036
v 0.049335 0.000000 0.249205
v 0.049456 0.000000 0.249370
v 0.049592 0.000000 0.249531
v 0.049743 0.000000 0.249686
v 0.049906 0.000000 0.249835
v 0.050081 0.000000 0.249976
v 0.050266 0.000000 0.250109
v 0.050460 0.000000 0.250233
v 0.050660 0.000000 0.250345
v 0.050866 0.000000 0.250446
v 0.051076 0.000000 0.250533
v 0.051241 0.000000 0.250591
v 0.051410 0.000000 0.250639
v 0.051605 0.000000 0.250679
v 0.051851 0.000000 0.250712
v 0.052171 0.000000 0.250738
v 0.052590 0.000000 0.250757
v 0.053130 0.000000 0.250772
v 0.053815 0.000000 0.250782
v 0.054669 0.000000 0.250789
v 0.055716 0.000000 0.250793
v 0.056979 0.000000 0.250794
v 0.058481 0.000000 0.250795
v 0.060205 0.000000 0.250794
v 0.061647 0.000000 0.250790
v 0.062839 0.000000 0.250780
v 0.063807 0.000000 0.250761
v 0.064581 0.000000 0.250731
v 0.065189 0.000000 0.250686
v 0.065661 0.000000 0.250624
v 0.066024 0.000000 0.250542
v 0.066308 0.000000 0.250438
v 0.066541 0.000000 0.250308
v 0.066752 0.000000 0.250150
v 0.066969 0.000000 0.249961
v 0.067180 0.000000 0.249763
v 0.067361 0.000000 0.249576
v 0.067515 0.000000 0.249391
v 0.067642 0.000000 0.249202
v 0.067748 0.000000 0.249001
v 0.067832 0.000000 0.248780
v 0.067899 0.000000 0.248533
v 0.067951 0.000000 0.248252
v 0.067989 0.000000 0.247930
v 0.068017 0.000000 0.247558
v 0.068037 0.000000 0.247130
v 0.068052 0.000000 0.246639
v 0.068063 0.000000 0.246092
v 0.068066 0.000000 0.245617
v 0.068057 0.000000 0.245205
v 0.068035 0.000000 0.244848
v 0.067998 0.000000 0.244539
v 0.067944 0.000000 0.244268
v 0.067872 0.000000 0.244029
v 0.067778 0.000000 0.243813
v 0.067662 0.000000 0.243612
v 0.067520 0.000000 0.243417
v 0.067352 0.000000 0.243222
v 0.067156 0.000000 0.243018
v 0.066896 0.000000 0.242761
v 0.066657 0.000000 0.242547
v 0.066410 0.000000 0.242372
v 0.066126 0.000000 0.242232
v 0.065775 0.000000 0.242123
v 0.065328 0.000000 0.242041
v 0.064756 0.000000 0.241982
v 0.064029 0.000000 0.241941
v 0.063118 0.000000 0.241916
v 0.061995 0.000000 0.241900
v 0.060629 0.000000 0.241892
v 0.058992 0.000000 0.241886
v 0.058153 0.000000 0.241884
v 0.057334 0.000000 0.241883
v 0.056544 0.000000 0.241885
v 0.055791 0.000000 0.241889
v 0.055084 0.000000 0.241894
v 0.054430 0.000000 0.241901
v 0.053839 0.000000 0.241910
v 0.053318 0.000000 0.241920
v 0.052877 0.000000 0.241931
v 0.052522 0.000000 0.241944
v 0.052264 0.000000 0.241958
v 0.063447 0.000000 0.245270
v 0.063598 0.000000 0.245306
v 0.063734 0.000000 0.245352
v 0.063855 0.000000 0.245407
v 0.063961 0.000000 0.245474
v 0.064054 0.000000 0.245551
v 0.064133 0.000000 0.245640
v 0.064199 0.000000 0.245741
v 0.064252 0.000000 0.245854
v 0.064292 0.000000 0.245980
v 0.064321 0.000000 0.246120
v 0.064338 0.000000 0.246273
v 0.064343 0.000000 0.246440
v 0.064343 0.000000 0.246762
v 0.064327 0.000000 0.247029
v 0.064274 0.000000 0.247247
v 0.064162 0.000000 0.247419
v 0.063969 0.000000 0.247553
v 0.063673 0.000000 0.247651
v 0.063251 0.000000 0.247721
v 0.062682 0.000000 0.247766
v 0.061944 0.000000 0.247792
v 0.061014 0.000000 0.247805
v 0.059872 0.000000 0.247808
v 0.058494 0.000000 0.247808
v 0.058396 0.000000 0.247808
v 0.058124 0.000000 0.247808
v 0.057714 0.000000 0.247808
v 0.057200 0.000000 0.247808
v 0.056616 0.000000 0.247808
v 0.055998 0.000000 0.247808
v 0.055380 0.000000 0.247808
v 0.054797 0.000000 0.247808
v 0.054283 0.000000 0.247808
v 0.053873 0.000000 0.247808
v 0.053601 0.000000 0.247808
v 0.053503 0.000000 0.247808
v 0.053204 0.000000 0.247497
v 0.053146 0.000000 0.247439
v 0.053095 0.000000 0.247382
v 0.053051 0.000000 0.247324
v 0.053013 0.000000 0.247265
v 0.052981 0.000000 0.247203
v 0.052955 0.000000 0.247138
v 0.052935 0.000000 0.247068
v 0.052919 0.000000 0.246991
v 0.052907 0.000000 0.246908
v 0.052899 0.000000 0.246816
v 0.052895 0.000000 0.246714
v 0.052893 0.000000 0.246601
v 0.052898 0.000000 0.246428
v 0.052913 0.000000 0.246268
v 0.052939 0.000000 0.246121
v 0.052975 0.000000 0.245988
v 0.053022 0.000000 0.245866
v 0.053080 0.000000 0.245757
v 0.053149 0.000000 0.245659
v 0.053231 0.000000 0.245573
v 0.053324 0.000000 0.245497
v 0.053429 0.000000 0.245432
v 0.053547 0.000000 0.245377
v 0.053677 0.000000 0.245332
v 0.053949 0.000000 0.245303
v 0.054510 0.000000 0.245276
v 0.055302 0.000000 0.245253
v 0.056268 0.000000 0.245233
v 0.057352 0.000000 0.245218
v 0.058497 0.000000 0.245208
v 0.059645 0.000000 0.245203
v 0.060740 0.000000 0.245203
v 0.061724 0.000000 0.245210
v 0.062542 0.000000 0.245223
v 0.063135 0.000000 0.245243
v 0.406618 0.000000 0.247149
v 0.406656 0.000000 0.248866
v 0.408373 0.000000 0.248903
v 0.410078 0.000000 0.248941
v 0.410078 0.000000 0.247186
v 0.410078 0.000000 0.245444
v 0.408336 0.000000 0.245444
v 0.406581 0.000000 0.245444
v 0.085500 0.000000 0.258820
v 0.085500 0.000000 0.260376
v 0.094648 0.000000 0.260376
v 0.103795 0.000000 0.260376
v 0.103795 0.000000 0.258820
v 0.103795 0.000000 0.257265
v 0.094648 0.000000 0.257265
v 0.085500 0.000000 0.257265
v 0.155568 0.000000 0.270517
v 0.155568 0.000000 0.283644
v 0.157622 0.000000 0.283644
v 0.159675 0.000000 0.283644
v 0.159675 0.000000 0.270517
v 0.159675 0.000000 0.257389
v 0.157622 0.000000 0.257389
v 0.155568 0.000000 0.257389
v 0.216800 0.000000 0.270517
v 0.216800 0.000000 0.283644
v 0.218854 0.000000 0.283644
v 0.220907 0.000000 0.283644
v 0.220907 0.000000 0.270517
v 0.220907 0.000000 0.257389
v 0.218854 0.000000 0.257389
v 0.216800 0.000000 0.257389
v 0.125326 0.000000 0.261931
v 0.125326 0.000000 0.266348
v 0.123770 0.000000 0.266348
v 0.122214 0.000000 0.266348
v 0.122214 0.000000 0.268588
v 0.122214 0.000000 0.270828
v 0.123770 0.000000 0.270828
v 0.125326 0.000000 0.270828
v 0.125326 0.000000 0.277236
v 0.125326 0.000000 0.283644
v 0.127130 0.000000 0.283644
v 0.128935 0.000000 0.283644
v 0.128935 0.000000 0.270579
v 0.128935 0.000000 0.257514
v 0.127130 0.000000 0.257514
v 0.125326 0.000000 0.257514
v 0.109520 0.000000 0.261869
v 0.109520 0.000000 0.263735
v 0.113440 0.000000 0.263735
v 0.117361 0.000000 0.263735
v 0.117361 0.000000 0.265353
v 0.117361 0.000000 0.266970
v 0.113627 0.000000 0.266970
v 0.109893 0.000000 0.266970
v 0.109893 0.000000 0.272694
v 0.109893 0.000000 0.278418
v 0.116241 0.000000 0.278418
v 0.122600 0.000000 0.278418
v 0.122563 0.000000 0.276763
v 0.122526 0.000000 0.275120
v 0.118269 0.000000 0.275083
v 0.114000 0.000000 0.275058
v 0.114000 0.000000 0.272881
v 0.114000 0.000000 0.270703
v 0.117523 0.000000 0.270678
v 0.121032 0.000000 0.270641
v 0.121070 0.000000 0.265315
v 0.121094 0.000000 0.260002
v 0.115307 0.000000 0.260002
v 0.109520 0.000000 0.260002
v 0.131424 0.000000 0.270579
v 0.131424 0.000000 0.283644
v 0.133291 0.000000 0.283644
v 0.135158 0.000000 0.283644
v 0.135158 0.000000 0.270579
v 0.135158 0.000000 0.257514
v 0.133291 0.000000 0.257514
v 0.131424 0.000000 0.257514
v 0.177186 0.000000 0.257725
v 0.177174 0.000000 0.257752
v 0.177162 0.000000 0.257810
v 0.177152 0.000000 0.257899
v 0.177141 0.000000 0.258015
v 0.177132 0.000000 0.258157
v 0.177124 0.000000 0.258321
v 0.177117 0.000000 0.258506
v 0.177111 0.000000 0.258709
v 0.177106 0.000000 0.258927
v 0.177102 0.000000 0.259160
v 0.177100 0.000000 0.259402
v 0.177099 0.000000 0.259654
v 0.177099 0.000000 0.259690
v 0.177099 0.000000 0.259790
v 0.177099 0.000000 0.259942
v 0.177099 0.000000 0.260131
v 0.177099 0.000000 0.260347
v 0.177099 0.000000 0.260575
v 0.177099 0.000000 0.260803
v 0.177099 0.000000 0.261018
v 0.177099 0.000000 0.261208
v 0.177099 0.000000 0.261359
v 0.177099 0.000000 0.261459
v 0.177099 0.000000 0.261496
v 0.183844 0.000000 0.261496
v 0.190577 0.000000 0.261496
v 0.190503 0.000000 0.262827
v 0.190474 0.000000 0.263174
v 0.190433 0.000000 0.263545
v 0.190380 0.000000 0.263934
v 0.190317 0.000000 0.264333
v 0.190246 0.000000 0.264737
v 0.190167 0.000000 0.265138
v 0.190081 0.000000 0.265531
v 0.189991 0.000000 0.265908
v 0.189897 0.000000 0.266264
v 0.189801 0.000000 0.266590
v 0.189704 0.000000 0.266882
v 0.189607 0.000000 0.267132
v 0.189603 0.000000 0.267141
v 0.189593 0.000000 0.267167
v 0.189578 0.000000 0.267206
v 0.189558 0.000000 0.267255
v 0.189536 0.000000 0.267310
v 0.189513 0.000000 0.267369
v 0.189490 0.000000 0.267427
v 0.189468 0.000000 0.267482
v 0.189449 0.000000 0.267531
v 0.189434 0.000000 0.267570
v 0.189424 0.000000 0.267596
v 0.189420 0.000000 0.267605
v 0.191362 0.000000 0.267568
v 0.193315 0.000000 0.267530
v 0.193490 0.000000 0.267033
v 0.193517 0.000000 0.266953
v 0.193549 0.000000 0.266854
v 0.193585 0.000000 0.266737
v 0.193624 0.000000 0.266604
v 0.193666 0.000000 0.266457
v 0.193711 0.000000 0.266298
v 0.193756 0.000000 0.266131
v 0.193803 0.000000 0.265956
v 0.193850 0.000000 0.265776
v 0.193897 0.000000 0.265594
v 0.193943 0.000000 0.265410
v 0.193988 0.000000 0.265228
v 0.194054 0.000000 0.264947
v 0.194111 0.000000 0.264685
v 0.194160 0.000000 0.264433
v 0.194200 0.000000 0.264179
v 0.194235 0.000000 0.263912
v 0.194263 0.000000 0.263622
v 0.194286 0.000000 0.263297
v 0.194306 0.000000 0.262927
v 0.194322 0.000000 0.262500
v 0.194336 0.000000 0.262007
v 0.194349 0.000000 0.261435
v 0.194361 0.000000 0.260774
v 0.194362 0.000000 0.260712
v 0.194365 0.000000 0.260542
v 0.194371 0.000000 0.260284
v 0.194377 0.000000 0.259961
v 0.194384 0.000000 0.259594
v 0.194392 0.000000 0.259206
v 0.194400 0.000000 0.258818
v 0.194407 0.000000 0.258451
v 0.194413 0.000000 0.258128
v 0.194418 0.000000 0.257871
v 0.194422 0.000000 0.257700
v 0.194423 0.000000 0.257638
v 0.185848 0.000000 0.257638
v 0.184688 0.000000 0.257639
v 0.183571 0.000000 0.257641
v 0.182510 0.000000 0.257645
v 0.181514 0.000000 0.257650
v 0.180595 0.000000 0.257656
v 0.179762 0.000000 0.257663
v 0.179027 0.000000 0.257671
v 0.178400 0.000000 0.257681
v 0.177892 0.000000 0.257691
v 0.177513 0.000000 0.257702
v 0.177274 0.000000 0.257713
v 0.037050 0.000000 0.257850
v 0.037038 0.000000 0.257977
v 0.037026 0.000000 0.258330
v 0.037016 0.000000 0.258892
v 0.037005 0.000000 0.259648
v 0.036996 0.000000 0.260582
v 0.036988 0.000000 0.261679
v 0.036981 0.000000 0.262923
v 0.036975 0.000000 0.264297
v 0.036970 0.000000 0.265787
v 0.036966 0.000000 0.267376
v 0.036964 0.000000 0.269049
v 0.036963 0.000000 0.270790
v 0.036963 0.000000 0.271043
v 0.036963 0.000000 0.271742
v 0.036963 0.000000 0.272799
v 0.036963 0.000000 0.274123
v 0.036963 0.000000 0.275625
v 0.036963 0.000000 0.277217
v 0.036963 0.000000 0.278809
v 0.036963 0.000000 0.280311
v 0.036963 0.000000 0.281635
v 0.036963 0.000000 0.282692
v 0.036963 0.000000 0.283391
v 0.036963 0.000000 0.283644
v 0.038954 0.000000 0.283644
v 0.040946 0.000000 0.283644
v 0.040970 0.000000 0.276950
v 0.041008 0.000000 0.270268
v 0.042788 0.000000 0.270230
v 0.044555 0.000000 0.270193
v 0.044555 0.000000 0.268215
v 0.044555 0.000000 0.266224
v 0.042750 0.000000 0.266224
v 0.040946 0.000000 0.266224
v 0.040946 0.000000 0.261993
v 0.040946 0.000000 0.257763
v 0.039041 0.000000 0.257763
v 0.038781 0.000000 0.257763
v 0.038529 0.000000 0.257766
v 0.038289 0.000000 0.257769
v 0.038063 0.000000 0.257774
v 0.037854 0.000000 0.257780
v 0.037663 0.000000 0.257788
v 0.037494 0.000000 0.257796
v 0.037348 0.000000 0.257805
v 0.037228 0.000000 0.257815
v 0.037137 0.000000 0.257826
v 0.037077 0.000000 0.257838
v 0.049035 0.000000 0.265851
v 0.049035 0.000000 0.272694
v 0.058407 0.000000 0.272669
v 0.067766 0.000000 0.272632
v 0.067766 0.000000 0.265851
v 0.067766 0.000000 0.259069
v 0.065812 0.000000 0.259032
v 0.063845 0.000000 0.258995
v 0.063845 0.000000 0.261184
v 0.063845 0.000000 0.263362
v 0.058369 0.000000 0.263362
v 0.052893 0.000000 0.263362
v 0.052893 0.000000 0.261184
v 0.052893 0.000000 0.259007
v 0.050964 0.000000 0.259007
v 0.049035 0.000000 0.259007
v 0.063845 0.000000 0.267841
v 0.063845 0.000000 0.269086
v 0.058369 0.000000 0.269086
v 0.052893 0.000000 0.269086
v 0.052893 0.000000 0.267841
v 0.052893 0.000000 0.266597
v 0.058369 0.000000 0.266597
v 0.063845 0.000000 0.266597
v 0.142750 0.000000 0.259704
v 0.142305 0.000000 0.259846
v 0.141881 0.000000 0.260024
v 0.141479 0.000000 0.260236
v 0.141100 0.000000 0.260481
v 0.140746 0.000000 0.260757
v 0.140418 0.000000 0.261063
v 0.140116 0.000000 0.261398
v 0.139844 0.000000 0.261759
v 0.139601 0.000000 0.262146
v 0.139390 0.000000 0.262558
v 0.139211 0.000000 0.262993
v 0.139066 0.000000 0.263449
v 0.139017 0.000000 0.263637
v 0.138975 0.000000 0.263831
v 0.138939 0.000000 0.264044
v 0.138910 0.000000 0.264289
v 0.138887 0.000000 0.264579
v 0.138868 0.000000 0.264927
v 0.138854 0.000000 0.265345
v 0.138843 0.000000 0.265848
v 0.138836 0.000000 0.266448
v 0.138832 0.000000 0.267158
v 0.138830 0.000000 0.267992
v 0.138829 0.000000 0.268961
v 0.138831 0.000000 0.270189
v 0.138838 0.000000 0.271235
v 0.138853 0.000000 0.272118
v 0.138878 0.000000 0.272860
v 0.138916 0.000000 0.273478
v 0.138971 0.000000 0.273994
v 0.139043 0.000000 0.274427
v 0.139137 0.000000 0.274797
v 0.139254 0.000000 0.275124
v 0.139398 0.000000 0.275427
v 0.139571 0.000000 0.275726
v 0.139775 0.000000 0.276041
v 0.139903 0.000000 0.276227
v 0.140033 0.000000 0.276400
v 0.140167 0.000000 0.276560
v 0.140307 0.000000 0.276711
v 0.140454 0.000000 0.276852
v 0.140609 0.000000 0.276985
v 0.140775 0.000000 0.277112
v 0.140952 0.000000 0.277234
v 0.141144 0.000000 0.277352
v 0.141350 0.000000 0.277467
v 0.141574 0.000000 0.277582
v 0.141816 0.000000 0.277696
v 0.141961 0.000000 0.277759
v 0.142098 0.000000 0.277812
v 0.142243 0.000000 0.277856
v 0.142407 0.000000 0.277892
v 0.142605 0.000000 0.277920
v 0.142849 0.000000 0.277942
v 0.143154 0.000000 0.277958
v 0.143532 0.000000 0.277969
v 0.143997 0.000000 0.277976
v 0.144562 0.000000 0.277980
v 0.145241 0.000000 0.277982
v 0.146048 0.000000 0.277982
v 0.146119 0.000000 0.277982
v 0.146315 0.000000 0.277982
v 0.146612 0.000000 0.277982
v 0.146983 0.000000 0.277982
v 0.147405 0.000000 0.277982
v 0.147852 0.000000 0.277982
v 0.148299 0.000000 0.277982
v 0.148721 0.000000 0.277982
v 0.149093 0.000000 0.277982
v 0.149389 0.000000 0.277982
v 0.149586 0.000000 0.277982
v 0.149657 0.000000 0.277982
v 0.150279 0.000000 0.277646
v 0.150599 0.000000 0.277456
v 0.150905 0.000000 0.277234
v 0.151194 0.000000 0.276982
v 0.151466 0.000000 0.276704
v 0.151720 0.000000 0.276401
v 0.151953 0.000000 0.276075
v 0.152164 0.000000 0.275730
v 0.152352 0.000000 0.275366
v 0.152516 0.000000 0.274987
v 0.152653 0.000000 0.274594
v 0.152762 0.000000 0.274190
v 0.152843 0.000000 0.273777
v 0.152861 0.000000 0.273621
v 0.152877 0.000000 0.273401
v 0.152891 0.000000 0.273120
v 0.152904 0.000000 0.272782
v 0.152915 0.000000 0.272391
v 0.152924 0.000000 0.271951
v 0.152930 0.000000 0.271465
v 0.152935 0.000000 0.270939
v 0.152937 0.000000 0.270375
v 0.152937 0.000000 0.269778
v 0.152935 0.000000 0.269152
v 0.152930 0.000000 0.268501
v 0.152918 0.000000 0.267534
v 0.152907 0.000000 0.266712
v 0.152895 0.000000 0.266021
v 0.152882 0.000000 0.265447
v 0.152866 0.000000 0.264973
v 0.152847 0.000000 0.264586
v 0.152824 0.000000 0.264270
v 0.152795 0.000000 0.264010
v 0.152760 0.000000 0.263792
v 0.152718 0.000000 0.263601
v 0.152667 0.000000 0.263421
v 0.152606 0.000000 0.263238
v 0.152466 0.000000 0.262855
v 0.152300 0.000000 0.262487
v 0.152109 0.000000 0.262135
v 0.151896 0.000000 0.261799
v 0.151660 0.000000 0.261481
v 0.151402 0.000000 0.261181
v 0.151125 0.000000 0.260902
v 0.150828 0.000000 0.260645
v 0.150513 0.000000 0.260410
v 0.150181 0.000000 0.260199
v 0.149833 0.000000 0.260013
v 0.149470 0.000000 0.259853
v 0.149320 0.000000 0.259795
v 0.149174 0.000000 0.259745
v 0.149024 0.000000 0.259703
v 0.148862 0.000000 0.259667
v 0.148679 0.000000 0.259638
v 0.148467 0.000000 0.259613
v 0.148217 0.000000 0.259594
v 0.147921 0.000000 0.259578
v 0.147571 0.000000 0.259566
v 0.147158 0.000000 0.259556
v 0.146674 0.000000 0.259549
v 0.146110 0.000000 0.259542
v 0.145617 0.000000 0.259537
v 0.145176 0.000000 0.259535
v 0.144783 0.000000 0.259536
v 0.144434 0.000000 0.259540
v 0.144124 0.000000 0.259547
v 0.143851 0.000000 0.259558
v 0.143610 0.000000 0.259572
v 0.143397 0.000000 0.259590
v 0.143208 0.000000 0.259612
v 0.143040 0.000000 0.259638
v 0.142888 0.000000 0.259669
v 0.147939 0.000000 0.263462
v 0.147995 0.000000 0.263505
v 0.148054 0.000000 0.263558
v 0.148117 0.000000 0.263622
v 0.148182 0.000000 0.263693
v 0.148248 0.000000 0.263771
v 0.148314 0.000000 0.263855
v 0.148380 0.000000 0.263943
v 0.148444 0.000000 0.264035
v 0.148505 0.000000 0.264128
v 0.148562 0.000000 0.264222
v 0.148614 0.000000 0.264316
v 0.148661 0.000000 0.264407
v 0.148667 0.000000 0.264420
v 0.148685 0.000000 0.264456
v 0.148712 0.000000 0.264510
v 0.148745 0.000000 0.264578
v 0.148783 0.000000 0.264655
v 0.148823 0.000000 0.264737
v 0.148863 0.000000 0.264819
v 0.148901 0.000000 0.264896
v 0.148934 0.000000 0.264964
v 0.148961 0.000000 0.265018
v 0.148978 0.000000 0.265054
v 0.148985 0.000000 0.265067
v 0.148947 0.000000 0.269098
v 0.148910 0.000000 0.273130
v 0.148562 0.000000 0.273727
v 0.148431 0.000000 0.273936
v 0.148297 0.000000 0.274118
v 0.148157 0.000000 0.274274
v 0.148004 0.000000 0.274406
v 0.147836 0.000000 0.274515
v 0.147647 0.000000 0.274604
v 0.147433 0.000000 0.274674
v 0.147190 0.000000 0.274728
v 0.146913 0.000000 0.274766
v 0.146598 0.000000 0.274791
v 0.146240 0.000000 0.274805
v 0.145836 0.000000 0.274809
v 0.145426 0.000000 0.274804
v 0.145058 0.000000 0.274787
v 0.144730 0.000000 0.274758
v 0.144439 0.000000 0.274715
v 0.144181 0.000000 0.274657
v 0.143954 0.000000 0.274584
v 0.143754 0.000000 0.274494
v 0.143578 0.000000 0.274385
v 0.143424 0.000000 0.274258
v 0.143289 0.000000 0.274111
v 0.143168 0.000000 0.273942
v 0.143061 0.000000 0.273752
v 0.143006 0.000000 0.273635
v 0.142960 0.000000 0.273514
v 0.142922 0.000000 0.273374
v 0.142891 0.000000 0.273203
v 0.142866 0.000000 0.272986
v 0.142848 0.000000 0.272711
v 0.142834 0.000000 0.272364
v 0.142824 0.000000 0.271932
v 0.142817 0.000000 0.271402
v 0.142814 0.000000 0.270759
v 0.142812 0.000000 0.269992
v 0.142812 0.000000 0.269086
v 0.142812 0.000000 0.269004
v 0.142812 0.000000 0.268777
v 0.142812 0.000000 0.268434
v 0.142812 0.000000 0.268005
v 0.142812 0.000000 0.267518
v 0.142812 0.000000 0.267002
v 0.142812 0.000000 0.266485
v 0.142812 0.000000 0.265998
v 0.142812 0.000000 0.265569
v 0.142812 0.000000 0.265226
v 0.142812 0.000000 0.264999
v 0.142812 0.000000 0.264917
v 0.143160 0.000000 0.264333
v 0.143213 0.000000 0.264245
v 0.143272 0.000000 0.264157
v 0.143337 0.000000 0.264070
v 0.143405 0.000000 0.263984
v 0.143478 0.000000 0.263899
v 0.143554 0.000000 0.263818
v 0.143632 0.000000 0.263739
v 0.143711 0.000000 0.263665
v 0.143792 0.000000 0.263596
v 0.143873 0.000000 0.263532
v 0.143953 0.000000 0.263475
v 0.144031 0.000000 0.263424
v 0.144149 0.000000 0.263355
v 0.144255 0.000000 0.263297
v 0.144357 0.000000 0.263248
v 0.144460 0.000000 0.263209
v 0.144570 0.000000 0.263178
v 0.144694 0.000000 0.263155
v 0.144837 0.000000 0.263139
v 0.145005 0.000000 0.263129
v 0.145204 0.000000 0.263125
v 0.145440 0.000000 0.263125
v 0.145719 0.000000 0.263130
v 0.146048 0.000000 0.263138
v 0.146355 0.000000 0.263147
v 0.146622 0.000000 0.263158
v 0.146851 0.000000 0.263169
v 0.147047 0.000000 0.263183
v 0.147214 0.000000 0.263200
v 0.147357 0.000000 0.263220
v 0.147480 0.000000 0.263245
v 0.147587 0.000000 0.263275
v 0.147682 0.000000 0.263311
v 0.147770 0.000000 0.263354
v 0.147854 0.000000 0.263404
v 0.020535 0.000000 0.268712
v 0.020535 0.000000 0.277796
v 0.027044 0.000000 0.277771
v 0.033541 0.000000 0.277733
v 0.033578 0.000000 0.268675
v 0.033603 0.000000 0.259629
v 0.031736 0.000000 0.259629
v 0.029869 0.000000 0.259629
v 0.029869 0.000000 0.262180
v 0.029869 0.000000 0.264731
v 0.027131 0.000000 0.264731
v 0.024393 0.000000 0.264731
v 0.024393 0.000000 0.262180
v 0.024393 0.000000 0.259629
v 0.022464 0.000000 0.259629
v 0.020535 0.000000 0.259629
v 0.029869 0.000000 0.271263
v 0.029869 0.000000 0.273690
v 0.027131 0.000000 0.273690
v 0.024393 0.000000 0.273690
v 0.024393 0.000000 0.271263
v 0.024393 0.000000 0.268837
v 0.027131 0.000000 0.268837
v 0.029869 0.000000 0.268837
v 0.200248 0.000000 0.261620
v 0.200248 0.000000 0.263362
v 0.202674 0.000000 0.263362
v 0.205101 0.000000 0.263362
v 0.205101 0.000000 0.264818
v 0.205069 0.000000 0.265904
v 0.204980 0.000000 0.266935
v 0.204835 0.000000 0.267907
v 0.204634 0.000000 0.268820
v 0.204379 0.000000 0.269671
v 0.204070 0.000000 0.270458
v 0.203708 0.000000 0.271179
v 0.203295 0.000000 0.271832
v 0.202831 0.000000 0.272415
v 0.202317 0.000000 0.272927
v 0.201755 0.000000 0.273365
v 0.201144 0.000000 0.273727
v 0.201127 0.000000 0.273735
v 0.201082 0.000000 0.273757
v 0.201013 0.000000 0.273791
v 0.200927 0.000000 0.273833
v 0.200830 0.000000 0.273881
v 0.200727 0.000000 0.273932
v 0.200623 0.000000 0.273983
v 0.200526 0.000000 0.274031
v 0.200440 0.000000 0.274073
v 0.200372 0.000000 0.274107
v 0.200326 0.000000 0.274129
v 0.200310 0.000000 0.274137
v 0.200272 0.000000 0.275904
v 0.200263 0.000000 0.276354
v 0.200257 0.000000 0.276724
v 0.200257 0.000000 0.277021
v 0.200267 0.000000 0.277252
v 0.200292 0.000000 0.277423
v 0.200335 0.000000 0.277541
v 0.200399 0.000000 0.277612
v 0.200489 0.000000 0.277643
v 0.200608 0.000000 0.277640
v 0.200761 0.000000 0.277611
v 0.200951 0.000000 0.277561
v 0.201181 0.000000 0.277497
v 0.201851 0.000000 0.277289
v 0.202497 0.000000 0.277040
v 0.203117 0.000000 0.276752
v 0.203706 0.000000 0.276427
v 0.204263 0.000000 0.276068
v 0.204784 0.000000 0.275677
v 0.205267 0.000000 0.275257
v 0.205708 0.000000 0.274809
v 0.206106 0.000000 0.274337
v 0.206456 0.000000 0.273842
v 0.206757 0.000000 0.273327
v 0.207005 0.000000 0.272794
v 0.207011 0.000000 0.272780
v 0.207027 0.000000 0.272742
v 0.207050 0.000000 0.272685
v 0.207080 0.000000 0.272613
v 0.207113 0.000000 0.272532
v 0.207149 0.000000 0.272445
v 0.207184 0.000000 0.272359
v 0.207218 0.000000 0.272277
v 0.207247 0.000000 0.272206
v 0.207271 0.000000 0.272148
v 0.207286 0.000000 0.272111
v 0.207292 0.000000 0.272097
v 0.207715 0.000000 0.272993
v 0.207987 0.000000 0.273490
v 0.208332 0.000000 0.273987
v 0.208741 0.000000 0.274479
v 0.209206 0.000000 0.274958
v 0.209717 0.000000 0.275419
v 0.210268 0.000000 0.275856
v 0.210849 0.000000 0.276262
v 0.211451 0.000000 0.276631
v 0.212067 0.000000 0.276956
v 0.212689 0.000000 0.277232
v 0.213307 0.000000 0.277451
v 0.213913 0.000000 0.277609
v 0.213921 0.000000 0.277611
v 0.213942 0.000000 0.277615
v 0.213975 0.000000 0.277623
v 0.214016 0.000000 0.277632
v 0.214062 0.000000 0.277642
v 0.214112 0.000000 0.277653
v 0.214161 0.000000 0.277663
v 0.214208 0.000000 0.277674
v 0.214249 0.000000 0.277683
v 0.214281 0.000000 0.277690
v 0.214303 0.000000 0.277694
v 0.214311 0.000000 0.277696
v 0.214311 0.000000 0.275904
v 0.214311 0.000000 0.274125
v 0.213527 0.000000 0.273764
v 0.212901 0.000000 0.273417
v 0.212317 0.000000 0.272975
v 0.211779 0.000000 0.272444
v 0.211289 0.000000 0.271829
v 0.210848 0.000000 0.271134
v 0.210459 0.000000 0.270364
v 0.210124 0.000000 0.269524
v 0.209845 0.000000 0.268619
v 0.209624 0.000000 0.267654
v 0.209464 0.000000 0.266633
v 0.209366 0.000000 0.265562
v 0.209333 0.000000 0.264444
v 0.209333 0.000000 0.264423
v 0.209333 0.000000 0.264364
v 0.209333 0.000000 0.264275
v 0.209333 0.000000 0.264164
v 0.209333 0.000000 0.264037
v 0.209333 0.000000 0.263903
v 0.209333 0.000000 0.263769
v 0.209333 0.000000 0.263643
v 0.209333 0.000000 0.263531
v 0.209333 0.000000 0.263442
v 0.209333 0.000000 0.263383
v 0.209333 0.000000 0.263362
v 0.211822 0.000000 0.263362
v 0.214311 0.000000 0.263362
v 0.214311 0.000000 0.261620
v 0.214311 0.000000 0.259878
v 0.207279 0.000000 0.259878
v 0.200248 0.000000 0.259878
v 0.087828 0.000000 0.261396
v 0.087855 0.000000 0.261429
v 0.087897 0.000000 0.261482
v 0.087955 0.000000 0.261554
v 0.088025 0.000000 0.261643
v 0.088108 0.000000 0.261748
v 0.088201 0.000000 0.261866
v 0.088303 0.000000 0.261996
v 0.088414 0.000000 0.262136
v 0.088531 0.000000 0.262285
v 0.088654 0.000000 0.262440
v 0.088781 0.000000 0.262601
v 0.088910 0.000000 0.262765
v 0.088929 0.000000 0.262789
v 0.088981 0.000000 0.262855
v 0.089060 0.000000 0.262955
v 0.089159 0.000000 0.263081
v 0.089271 0.000000 0.263223
v 0.089390 0.000000 0.263374
v 0.089508 0.000000 0.263525
v 0.089620 0.000000 0.263668
v 0.089719 0.000000 0.263794
v 0.089798 0.000000 0.263894
v 0.089850 0.000000 0.263960
v 0.089869 0.000000 0.263984
v 0.087716 0.000000 0.264009
v 0.085563 0.000000 0.264046
v 0.085525 0.000000 0.265564
v 0.085488 0.000000 0.267095
v 0.094648 0.000000 0.267095
v 0.103795 0.000000 0.267095
v 0.103795 0.000000 0.265539
v 0.103795 0.000000 0.263984
v 0.101617 0.000000 0.263984
v 0.101323 0.000000 0.263984
v 0.101041 0.000000 0.263982
v 0.100773 0.000000 0.263980
v 0.100522 0.000000 0.263976
v 0.100290 0.000000 0.263972
v 0.100080 0.000000 0.263967
v 0.099896 0.000000 0.263961
v 0.099738 0.000000 0.263955
v 0.099612 0.000000 0.263947
v 0.099518 0.000000 0.263939
v 0.099459 0.000000 0.263931
v 0.099439 0.000000 0.263922
v 0.099447 0.000000 0.263901
v 0.099471 0.000000 0.263857
v 0.099509 0.000000 0.263792
v 0.099560 0.000000 0.263708
v 0.099623 0.000000 0.263606
v 0.099698 0.000000 0.263488
v 0.099782 0.000000 0.263356
v 0.099874 0.000000 0.263211
v 0.099975 0.000000 0.263056
v 0.100082 0.000000 0.262891
v 0.100194 0.000000 0.262719
v 0.100310 0.000000 0.262541
v 0.100328 0.000000 0.262515
v 0.100376 0.000000 0.262445
v 0.100449 0.000000 0.262339
v 0.100540 0.000000 0.262205
v 0.100643 0.000000 0.262054
v 0.100752 0.000000 0.261894
v 0.100862 0.000000 0.261733
v 0.100965 0.000000 0.261582
v 0.101056 0.000000 0.261449
v 0.101129 0.000000 0.261343
v 0.101177 0.000000 0.261272
v 0.101194 0.000000 0.261247
v 0.099165 0.000000 0.261272
v 0.097137 0.000000 0.261309
v 0.096465 0.000000 0.262578
v 0.095780 0.000000 0.263860
v 0.094785 0.000000 0.263860
v 0.093777 0.000000 0.263860
v 0.092781 0.000000 0.262553
v 0.091785 0.000000 0.261259
v 0.089744 0.000000 0.261247
v 0.089368 0.000000 0.261247
v 0.089039 0.000000 0.261250
v 0.088755 0.000000 0.261254
v 0.088514 0.000000 0.261260
v 0.088314 0.000000 0.261269
v 0.088151 0.000000 0.261279
v 0.088024 0.000000 0.261292
v 0.087929 0.000000 0.261307
v 0.087865 0.000000 0.261325
v 0.087828 0.000000 0.261346
v 0.087816 0.000000 0.261369
v 0.082762 0.000000 0.270019
v 0.082762 0.000000 0.271699
v 0.094586 0.000000 0.271699
v 0.106409 0.000000 0.271699
v 0.106409 0.000000 0.270019
v 0.106409 0.000000 0.268339
v 0.094586 0.000000 0.268339
v 0.082762 0.000000 0.268339
v 0.173490 0.000000 0.270205
v 0.173490 0.000000 0.271823
v 0.185599 0.000000 0.271798
v 0.197696 0.000000 0.271761
v 0.197734 0.000000 0.270168
v 0.197771 0.000000 0.268588
v 0.185624 0.000000 0.268588
v 0.173490 0.000000 0.268588
v 0.085625 0.000000 0.274312
v 0.085625 0.000000 0.275556
v 0.092470 0.000000 0.275556
v 0.099315 0.000000 0.275556
v 0.099315 0.000000 0.276240
v 0.099315 0.000000 0.276925
v 0.092470 0.000000 0.276925
v 0.085625 0.000000 0.276925
v 0.085625 0.000000 0.280346
v 0.085625 0.000000 0.283768
v 0.094648 0.000000 0.283768
v 0.103671 0.000000 0.283768
v 0.103671 0.000000 0.282275
v 0.103671 0.000000 0.280782
v 0.096639 0.000000 0.280782
v 0.089607 0.000000 0.280782
v 0.089607 0.000000 0.280284
v 0.089607 0.000000 0.279786
v 0.096639 0.000000 0.279786
v 0.103671 0.000000 0.279786
v 0.103671 0.000000 0.276427
v 0.103671 0.000000 0.273067
v 0.094648 0.000000 0.273067
v 0.085625 0.000000 0.273067
v 0.176352 0.000000 0.278293
v 0.176352 0.000000 0.283146
v 0.185624 0.000000 0.283146
v 0.194896 0.000000 0.283146
v 0.194871 0.000000 0.278318
v 0.194834 0.000000 0.273503
v 0.185599 0.000000 0.273466
v 0.176352 0.000000 0.273441
v 0.191660 0.000000 0.278356
v 0.191660 0.000000 0.279786
v 0.185686 0.000000 0.279786
v 0.179713 0.000000 0.279786
v 0.179713 0.000000 0.278356
v 0.179713 0.000000 0.276925
v 0.185686 0.000000 0.276925
v 0.191660 0.000000 0.276925
v 0.056129 0.000000 0.275556
v 0.056129 0.000000 0.277173
v 0.051275 0.000000 0.277173
v 0.046422 0.000000 0.277173
v 0.046422 0.000000 0.278978
v 0.046422 0.000000 0.280782
v 0.058245 0.000000 0.280782
v 0.070080 0.000000 0.280782
v 0.070043 0.000000 0.279003
v 0.070006 0.000000 0.277236
v 0.065189 0.000000 0.277198
v 0.060361 0.000000 0.277173
v 0.060361 0.000000 0.275556
v 0.060361 0.000000 0.273938
v 0.058245 0.000000 0.273938
v 0.056129 0.000000 0.273938
vn -0.0000 1.0000 -0.0000
vn -0.0000 -1.0000 -0.0000
vt 0.010841 0.000000
vt 0.010370 0.000000
vt 0.010606 0.000000
vt 0.010134 0.000000
vt 0.011077 0.000000
vt 0.011313 0.000000
vt 0.011548 0.000000
vt 0.011784 0.000000
vt 0.012020 0.000000
vt 0.012255 0.000000
vt 0.012491 0.000000
vt 0.012727 0.000000
vt 0.012963 0.000000
vt 0.013198 0.000000
vt 0.001885 0.000000
vt 0.002121 0.000000
vt 0.002357 0.000000
vt 0.002593 0.000000
vt 0.002828 0.000000
vt 0.003064 0.000000
vt 0.003300 0.000000
vt 0.003535 0.000000
vt 0.003771 0.000000
vt 0.004007 0.000000
vt 0.056799 0.000000
vt 0.056328 0.000000
vt 0.056564 0.000000
vt 0.057035 0.000000
vt 0.056092 0.000000
vt 0.057271 0.000000
vt 0.055857 0.000000
vt 0.057506 0.000000
vt 0.057742 0.000000
vt 0.057978 0.000000
vt 0.058214 0.000000
vt 0.058449 0.000000
vt 0.055621 0.000000
vt 0.058685 0.000000
vt 0.013434 0.000000
vt 0.013670 0.000000
vt 0.013905 0.000000
vt 0.014141 0.000000
vt 0.014377 0.000000
vt 0.014612 0.000000
vt 0.004242 0.000000
vt 0.014848 0.000000
vt 0.015084 0.000000
vt 0.015319 0.000000
vt 0.015555 0.000000
vt 0.004478 0.000000
vt 0.015791 0.000000
vt 0.016026 0.000000
vt 0.004714 0.000000
vt 0.016262 0.000000
vt 0.055385 0.000000
vt 0.016498 0.000000
vt 0.016733 0.000000
vt 0.016969 0.000000
vt 0.017205 0.000000
vt 0.004949 0.000000
vt 0.017440 0.000000
vt 0.005185 0.000000
vt 0.017676 0.000000
vt 0.005421 0.000000
vt 0.017912 0.000000
vt 0.018148 0.000000
vt 0.005656 0.000000
vt 0.018383 0.000000
vt 0.018619 0.000000
vt 0.018855 0.000000
vt 0.005892 0.000000
vt 0.019090 0.000000
vt 0.019326 0.000000
vt 0.019562 0.000000
vt 0.019797 0.000000
vt 0.054914 0.000000
vt 0.054678 0.000000
vt 0.055150 0.000000
vt 0.054443 0.000000
vt 0.054207 0.000000
vt 0.053971 0.000000
vt 0.006128 0.000000
vt 0.053736 0.000000
vt 0.053500 0.000000
vt 0.053264 0.000000
vt 0.006363 0.000000
vt 0.053029 0.000000
vt 0.052793 0.000000
vt 0.052557 0.000000
vt 0.006599 0.000000
vt 0.052321 0.000000
vt 0.052086 0.000000
vt 0.051850 0.000000
vt 0.006835 0.000000
vt 0.020033 0.000000
vt 0.007070 0.000000
vt 0.007306 0.000000
vt 0.051614 0.000000
vt 0.007542 0.000000
vt 0.007778 0.000000
vt 0.020269 0.000000
vt 0.008013 0.000000
vt 0.008249 0.000000
vt 0.020504 0.000000
vt 0.051379 0.000000
vt 0.020740 0.000000
vt 0.020976 0.000000
vt 0.051143 0.000000
vt 0.008485 0.000000
vt 0.021211 0.000000
vt 0.021447 0.000000
vt 0.050907 0.000000
vt 0.021683 0.000000
vt 0.021918 0.000000
vt 0.050672 0.000000
vt 0.022154 0.000000
vt 0.008720 0.000000
vt 0.008956 0.000000
vt 0.009899 0.000000
vt 0.009192 0.000000
vt 0.022390 0.000000
vt 0.050436 0.000000
vt 0.022626 0.000000
vt 0.022861 0.000000
vt 0.050200 0.000000
vt 0.023097 0.000000
vt 0.023333 0.000000
vt 0.049965 0.000000
vt 0.023568 0.000000
vt 0.039830 0.000000
vt 0.023804 0.000000
vt 0.039595 0.000000
vt 0.040066 0.000000
vt 0.039359 0.000000
vt 0.039123 0.000000
vt 0.038888 0.000000
vt 0.038652 0.000000
vt 0.024040 0.000000
vt 0.049729 0.000000
vt 0.038416 0.000000
vt 0.038181 0.000000
vt 0.024275 0.000000
vt 0.037945 0.000000
vt 0.037709 0.000000
vt 0.024511 0.000000
vt 0.037473 0.000000
vt 0.049493 0.000000
vt 0.037238 0.000000
vt 0.037002 0.000000
vt 0.036766 0.000000
vt 0.040302 0.000000
vt 0.024747 0.000000
vt 0.040537 0.000000
vt 0.024982 0.000000
vt 0.036531 0.000000
vt 0.049258 0.000000
vt 0.025218 0.000000
vt 0.040773 0.000000
vt 0.025454 0.000000
vt 0.036295 0.000000
vt 0.025689 0.000000
vt 0.049022 0.000000
vt 0.025925 0.000000
vt 0.026161 0.000000
vt 0.026396 0.000000
vt 0.026632 0.000000
vt 0.041009 0.000000
vt 0.026868 0.000000
vt 0.027103 0.000000
vt 0.027339 0.000000
vt 0.027575 0.000000
vt 0.027811 0.000000
vt 0.036059 0.000000
vt 0.028046 0.000000
vt 0.028282 0.000000
vt 0.028518 0.000000
vt 0.041244 0.000000
vt 0.048786 0.000000
vt 0.035824 0.000000
vt 0.041480 0.000000
vt 0.041716 0.000000
vt 0.035588 0.000000
vt 0.041951 0.000000
vt 0.035352 0.000000
vt 0.042187 0.000000
vt 0.035117 0.000000
vt 0.042423 0.000000
vt 0.034881 0.000000
vt 0.042658 0.000000
vt 0.028753 0.000000
vt 0.048551 0.000000
vt 0.034645 0.000000
vt 0.042894 0.000000
vt 0.028989 0.000000
vt 0.043130 0.000000
vt 0.034410 0.000000
vt 0.043366 0.000000
vt 0.029225 0.000000
vt 0.009427 0.000000
vt 0.034174 0.000000
vt 0.043601 0.000000
vt 0.029460 0.000000
vt 0.043837 0.000000
vt 0.033938 0.000000
vt 0.029696 0.000000
vt 0.044073 0.000000
vt 0.033703 0.000000
vt 0.033467 0.000000
vt 0.044308 0.000000
vt 0.029932 0.000000
vt 0.033231 0.000000
vt 0.044544 0.000000
vt 0.030167 0.000000
vt 0.032996 0.000000
vt 0.044780 0.000000
vt 0.032760 0.000000
vt 0.030403 0.000000
vt 0.045015 0.000000
vt 0.032524 0.000000
vt 0.045251 0.000000
vt 0.030639 0.000000
vt 0.032288 0.000000
vt 0.045487 0.000000
vt 0.032053 0.000000
vt 0.030874 0.000000
vt 0.045722 0.000000
vt 0.046665 0.000000
vt 0.031817 0.000000
vt 0.031110 0.000000
vt 0.045958 0.000000
vt 0.046429 0.000000
vt 0.046194 0.000000
vt 0.031581 0.000000
vt 0.046901 0.000000
vt 0.047136 0.000000
vt 0.047372 0.000000
vt 0.031346 0.000000
vt 0.047608 0.000000
vt 0.047844 0.000000
vt 0.048079 0.000000
vt 0.048315 0.000000
vt 0.009663 0.000000
vt 0.096158 0.000000
vt 0.095687 0.000000
vt 0.095923 0.000000
vt 0.096394 0.000000
vt 0.095451 0.000000
vt 0.096630 0.000000
vt 0.096865 0.000000
vt 0.097101 0.000000
vt 0.095216 0.000000
vt 0.097337 0.000000
vt 0.094980 0.000000
vt 0.097572 0.000000
vt 0.097808 0.000000
vt 0.094744 0.000000
vt 0.098044 0.000000
vt 0.098280 0.000000
vt 0.094509 0.000000
vt 0.098515 0.000000
vt 0.098751 0.000000
vt 0.094273 0.000000
vt 0.058921 0.000000
vt 0.059156 0.000000
vt 0.094037 0.000000
vt 0.093802 0.000000
vt 0.059392 0.000000
vt 0.093566 0.000000
vt 0.059628 0.000000
vt 0.093330 0.000000
vt 0.059863 0.000000
vt 0.093095 0.000000
vt 0.060099 0.000000
vt 0.092859 0.000000
vt 0.060335 0.000000
vt 0.092623 0.000000
vt 0.060570 0.000000
vt 0.092387 0.000000
vt 0.060806 0.000000
vt 0.092152 0.000000
vt 0.091916 0.000000
vt 0.061042 0.000000
vt 0.091680 0.000000
vt 0.061277 0.000000
vt 0.091445 0.000000
vt 0.061513 0.000000
vt 0.091209 0.000000
vt 0.061749 0.000000
vt 0.090973 0.000000
vt 0.061984 0.000000
vt 0.090738 0.000000
vt 0.062220 0.000000
vt 0.090502 0.000000
vt 0.062456 0.000000
vt 0.062691 0.000000
vt 0.090266 0.000000
vt 0.062927 0.000000
vt 0.090031 0.000000
vt 0.063163 0.000000
vt 0.089795 0.000000
vt 0.063399 0.000000
vt 0.118313 0.000000
vt 0.118548 0.000000
vt 0.118784 0.000000
vt 0.119020 0.000000
vt 0.119255 0.000000
vt 0.119491 0.000000
vt 0.119727 0.000000
vt 0.089559 0.000000
vt 0.119962 0.000000
vt 0.118077 0.000000
vt 0.120198 0.000000
vt 0.117841 0.000000
vt 0.120434 0.000000
vt 0.117605 0.000000
vt 0.120669 0.000000
vt 0.117370 0.000000
vt 0.120905 0.000000
vt 0.117134 0.000000
vt 0.089324 0.000000
vt 0.121141 0.000000
vt 0.116898 0.000000
vt 0.063634 0.000000
vt 0.116663 0.000000
vt 0.121376 0.000000
vt 0.116427 0.000000
vt 0.121612 0.000000
vt 0.116191 0.000000
vt 0.098987 0.000000
vt 0.089088 0.000000
vt 0.115956 0.000000
vt 0.099222 0.000000
vt 0.115720 0.000000
vt 0.063870 0.000000
vt 0.099458 0.000000
vt 0.088852 0.000000
vt 0.115484 0.000000
vt 0.099694 0.000000
vt 0.115249 0.000000
vt 0.099929 0.000000
vt 0.088617 0.000000
vt 0.064106 0.000000
vt 0.115013 0.000000
vt 0.100165 0.000000
vt 0.088381 0.000000
vt 0.100401 0.000000
vt 0.114777 0.000000
vt 0.100636 0.000000
vt 0.114542 0.000000
vt 0.064341 0.000000
vt 0.088145 0.000000
vt 0.100872 0.000000
vt 0.114306 0.000000
vt 0.101108 0.000000
vt 0.114070 0.000000
vt 0.087909 0.000000
vt 0.064577 0.000000
vt 0.101343 0.000000
vt 0.113835 0.000000
vt 0.101579 0.000000
vt 0.113599 0.000000
vt 0.087674 0.000000
vt 0.101815 0.000000
vt 0.113363 0.000000
vt 0.064813 0.000000
vt 0.102050 0.000000
vt 0.113128 0.000000
vt 0.065048 0.000000
vt 0.087438 0.000000
vt 0.065284 0.000000
vt 0.112892 0.000000
vt 0.102286 0.000000
vt 0.065520 0.000000
vt 0.112656 0.000000
vt 0.102522 0.000000
vt 0.087202 0.000000
vt 0.112420 0.000000
vt 0.102757 0.000000
vt 0.065755 0.000000
vt 0.102993 0.000000
vt 0.112185 0.000000
vt 0.103229 0.000000
vt 0.065991 0.000000
vt 0.111949 0.000000
vt 0.086967 0.000000
vt 0.103465 0.000000
vt 0.111713 0.000000
vt 0.103700 0.000000
vt 0.066227 0.000000
vt 0.086731 0.000000
vt 0.111478 0.000000
vt 0.103936 0.000000
vt 0.111242 0.000000
vt 0.104172 0.000000
vt 0.066462 0.000000
vt 0.086495 0.000000
vt 0.104407 0.000000
vt 0.111006 0.000000
vt 0.104643 0.000000
vt 0.110771 0.000000
vt 0.086260 0.000000
vt 0.066698 0.000000
vt 0.110535 0.000000
vt 0.104879 0.000000
vt 0.105114 0.000000
vt 0.105350 0.000000
vt 0.105586 0.000000
vt 0.110299 0.000000
vt 0.105821 0.000000
vt 0.086024 0.000000
vt 0.106057 0.000000
vt 0.110064 0.000000
vt 0.106293 0.000000
vt 0.109828 0.000000
vt 0.066934 0.000000
vt 0.106528 0.000000
vt 0.109592 0.000000
vt 0.106764 0.000000
vt 0.109357 0.000000
vt 0.085788 0.000000
vt 0.109121 0.000000
vt 0.107000 0.000000
vt 0.108885 0.000000
vt 0.107235 0.000000
vt 0.108650 0.000000
vt 0.108414 0.000000
vt 0.107471 0.000000
vt 0.108178 0.000000
vt 0.107942 0.000000
vt 0.107707 0.000000
vt 0.067169 0.000000
vt 0.085553 0.000000
vt 0.067405 0.000000
vt 0.067641 0.000000
vt 0.085317 0.000000
vt 0.085081 0.000000
vt 0.084846 0.000000
vt 0.084610 0.000000
vt 0.067877 0.000000
vt 0.068112 0.000000
vt 0.084374 0.000000
vt 0.068348 0.000000
vt 0.068584 0.000000
vt 0.084139 0.000000
vt 0.068819 0.000000
vt 0.069055 0.000000
vt 0.083903 0.000000
vt 0.069291 0.000000
vt 0.069526 0.000000
vt 0.083667 0.000000
vt 0.069762 0.000000
vt 0.069998 0.000000
vt 0.083432 0.000000
vt 0.070233 0.000000
vt 0.070469 0.000000
vt 0.070705 0.000000
vt 0.083196 0.000000
vt 0.070940 0.000000
vt 0.082960 0.000000
vt 0.071176 0.000000
vt 0.082724 0.000000
vt 0.071412 0.000000
vt 0.082489 0.000000
vt 0.071647 0.000000
vt 0.082253 0.000000
vt 0.071883 0.000000
vt 0.082017 0.000000
vt 0.072119 0.000000
vt 0.081782 0.000000
vt 0.072354 0.000000
vt 0.072590 0.000000
vt 0.072826 0.000000
vt 0.073062 0.000000
vt 0.123498 0.000000
vt 0.081546 0.000000
vt 0.073297 0.000000
vt 0.073533 0.000000
vt 0.073769 0.000000
vt 0.074004 0.000000
vt 0.074240 0.000000
vt 0.074476 0.000000
vt 0.074711 0.000000
vt 0.074947 0.000000
vt 0.123026 0.000000
vt 0.122790 0.000000
vt 0.123262 0.000000
vt 0.121848 0.000000
vt 0.075183 0.000000
vt 0.075418 0.000000
vt 0.075654 0.000000
vt 0.075890 0.000000
vt 0.076125 0.000000
vt 0.081310 0.000000
vt 0.076361 0.000000
vt 0.076597 0.000000
vt 0.076832 0.000000
vt 0.122555 0.000000
vt 0.122083 0.000000
vt 0.077068 0.000000
vt 0.077304 0.000000
vt 0.077539 0.000000
vt 0.077775 0.000000
vt 0.078011 0.000000
vt 0.078247 0.000000
vt 0.078482 0.000000
vt 0.078718 0.000000
vt 0.078954 0.000000
vt 0.079661 0.000000
vt 0.079189 0.000000
vt 0.079425 0.000000
vt 0.122319 0.000000
vt 0.081075 0.000000
vt 0.080839 0.000000
vt 0.080603 0.000000
vt 0.079896 0.000000
vt 0.080368 0.000000
vt 0.080132 0.000000
vt 0.123733 0.000000
vt 0.165685 0.000000
vt 0.165920 0.000000
vt 0.165449 0.000000
vt 0.165213 0.000000
vt 0.123969 0.000000
vt 0.164978 0.000000
vt 0.124205 0.000000
vt 0.124440 0.000000
vt 0.162149 0.000000
vt 0.161914 0.000000
vt 0.162385 0.000000
vt 0.162621 0.000000
vt 0.162856 0.000000
vt 0.163092 0.000000
vt 0.163328 0.000000
vt 0.163564 0.000000
vt 0.163799 0.000000
vt 0.164035 0.000000
vt 0.164271 0.000000
vt 0.164506 0.000000
vt 0.164742 0.000000
vt 0.161678 0.000000
vt 0.124676 0.000000
vt 0.161442 0.000000
vt 0.124912 0.000000
vt 0.161207 0.000000
vt 0.125147 0.000000
vt 0.160971 0.000000
vt 0.125383 0.000000
vt 0.160735 0.000000
vt 0.125619 0.000000
vt 0.160500 0.000000
vt 0.125854 0.000000
vt 0.160264 0.000000
vt 0.126090 0.000000
vt 0.160028 0.000000
vt 0.126326 0.000000
vt 0.159793 0.000000
vt 0.126561 0.000000
vt 0.159557 0.000000
vt 0.126797 0.000000
vt 0.159321 0.000000
vt 0.127033 0.000000
vt 0.159086 0.000000
vt 0.127268 0.000000
vt 0.127504 0.000000
vt 0.158850 0.000000
vt 0.127740 0.000000
vt 0.127975 0.000000
vt 0.158614 0.000000
vt 0.128211 0.000000
vt 0.128447 0.000000
vt 0.158379 0.000000
vt 0.128683 0.000000
vt 0.158143 0.000000
vt 0.128918 0.000000
vt 0.129154 0.000000
vt 0.157907 0.000000
vt 0.129390 0.000000
vt 0.129625 0.000000
vt 0.157671 0.000000
vt 0.129861 0.000000
vt 0.130097 0.000000
vt 0.157436 0.000000
vt 0.157200 0.000000
vt 0.130332 0.000000
vt 0.156964 0.000000
vt 0.130568 0.000000
vt 0.156729 0.000000
vt 0.130804 0.000000
vt 0.156493 0.000000
vt 0.131039 0.000000
vt 0.156257 0.000000
vt 0.156022 0.000000
vt 0.131275 0.000000
vt 0.147066 0.000000
vt 0.146830 0.000000
vt 0.147301 0.000000
vt 0.146594 0.000000
vt 0.155786 0.000000
vt 0.146359 0.000000
vt 0.131511 0.000000
vt 0.146123 0.000000
vt 0.145887 0.000000
vt 0.155550 0.000000
vt 0.145652 0.000000
vt 0.145416 0.000000
vt 0.131746 0.000000
vt 0.145180 0.000000
vt 0.155315 0.000000
vt 0.144945 0.000000
vt 0.144709 0.000000
vt 0.131982 0.000000
vt 0.144473 0.000000
vt 0.155079 0.000000
vt 0.144238 0.000000
vt 0.144002 0.000000
vt 0.132218 0.000000
vt 0.154843 0.000000
vt 0.147537 0.000000
vt 0.154608 0.000000
vt 0.132453 0.000000
vt 0.143766 0.000000
vt 0.154372 0.000000
vt 0.132689 0.000000
vt 0.147773 0.000000
vt 0.154136 0.000000
vt 0.143531 0.000000
vt 0.132925 0.000000
vt 0.133161 0.000000
vt 0.133396 0.000000
vt 0.153901 0.000000
vt 0.133632 0.000000
vt 0.133868 0.000000
vt 0.153665 0.000000
vt 0.134103 0.000000
vt 0.134339 0.000000
vt 0.148008 0.000000
vt 0.153429 0.000000
vt 0.143295 0.000000
vt 0.134575 0.000000
vt 0.134810 0.000000
vt 0.135046 0.000000
vt 0.135282 0.000000
vt 0.135517 0.000000
vt 0.135753 0.000000
vt 0.153193 0.000000
vt 0.148244 0.000000
vt 0.143059 0.000000
vt 0.142823 0.000000
vt 0.148480 0.000000
vt 0.142588 0.000000
vt 0.148716 0.000000
vt 0.142352 0.000000
vt 0.148951 0.000000
vt 0.142116 0.000000
vt 0.152958 0.000000
vt 0.149187 0.000000
vt 0.135989 0.000000
vt 0.141881 0.000000
vt 0.136224 0.000000
vt 0.149423 0.000000
vt 0.136460 0.000000
vt 0.141645 0.000000
vt 0.149658 0.000000
vt 0.136696 0.000000
vt 0.141409 0.000000
vt 0.149894 0.000000
vt 0.136931 0.000000
vt 0.137167 0.000000
vt 0.150130 0.000000
vt 0.151072 0.000000
vt 0.152722 0.000000
vt 0.141174 0.000000
vt 0.140938 0.000000
vt 0.137403 0.000000
vt 0.150365 0.000000
vt 0.150601 0.000000
vt 0.150837 0.000000
vt 0.140702 0.000000
vt 0.151308 0.000000
vt 0.151544 0.000000
vt 0.151779 0.000000
vt 0.140467 0.000000
vt 0.137638 0.000000
vt 0.152015 0.000000
vt 0.152251 0.000000
vt 0.152486 0.000000
vt 0.140231 0.000000
vt 0.137874 0.000000
vt 0.139995 0.000000
vt 0.139760 0.000000
vt 0.138110 0.000000
vt 0.139524 0.000000
vt 0.139288 0.000000
vt 0.138346 0.000000
vt 0.139053 0.000000
vt 0.138817 0.000000
vt 0.138581 0.000000
vt 0.166156 0.000000
vt 0.167570 0.000000
vt 0.167806 0.000000
vt 0.167334 0.000000
vt 0.167099 0.000000
vt 0.166392 0.000000
vt 0.166863 0.000000
vt 0.166627 0.000000
vt 0.168041 0.000000
vt 0.169456 0.000000
vt 0.169691 0.000000
vt 0.169220 0.000000
vt 0.168984 0.000000
vt 0.168277 0.000000
vt 0.168749 0.000000
vt 0.168513 0.000000
vt 0.169927 0.000000
vt 0.173226 0.000000
vt 0.173462 0.000000
vt 0.172991 0.000000
vt 0.172755 0.000000
vt 0.207165 0.000000
vt 0.206693 0.000000
vt 0.206929 0.000000
vt 0.206458 0.000000
vt 0.206222 0.000000
vt 0.207400 0.000000
vt 0.205986 0.000000
vt 0.207636 0.000000
vt 0.205751 0.000000
vt 0.207872 0.000000
vt 0.208107 0.000000
vt 0.205515 0.000000
vt 0.208343 0.000000
vt 0.205279 0.000000
vt 0.208579 0.000000
vt 0.208815 0.000000
vt 0.205044 0.000000
vt 0.209050 0.000000
vt 0.209286 0.000000
vt 0.204808 0.000000
vt 0.209522 0.000000
vt 0.173698 0.000000
vt 0.173934 0.000000
vt 0.204572 0.000000
vt 0.170163 0.000000
vt 0.204337 0.000000
vt 0.204101 0.000000
vt 0.203865 0.000000
vt 0.203630 0.000000
vt 0.203394 0.000000
vt 0.174169 0.000000
vt 0.203158 0.000000
vt 0.202922 0.000000
vt 0.174405 0.000000
vt 0.202687 0.000000
vt 0.202451 0.000000
vt 0.170870 0.000000
vt 0.170398 0.000000
vt 0.170634 0.000000
vt 0.174641 0.000000
vt 0.202215 0.000000
vt 0.201980 0.000000
vt 0.201744 0.000000
vt 0.174876 0.000000
vt 0.201508 0.000000
vt 0.201273 0.000000
vt 0.201037 0.000000
vt 0.175112 0.000000
vt 0.171105 0.000000
vt 0.171341 0.000000
vt 0.171577 0.000000
vt 0.200801 0.000000
vt 0.200566 0.000000
vt 0.175348 0.000000
vt 0.200330 0.000000
vt 0.200094 0.000000
vt 0.175583 0.000000
vt 0.199859 0.000000
vt 0.171812 0.000000
vt 0.199623 0.000000
vt 0.175819 0.000000
vt 0.199387 0.000000
vt 0.199152 0.000000
vt 0.176055 0.000000
vt 0.172519 0.000000
vt 0.198916 0.000000
vt 0.176290 0.000000
vt 0.198680 0.000000
vt 0.188546 0.000000
vt 0.198445 0.000000
vt 0.188310 0.000000
vt 0.188782 0.000000
vt 0.188074 0.000000
vt 0.187839 0.000000
vt 0.176526 0.000000
vt 0.187603 0.000000
vt 0.187367 0.000000
vt 0.198209 0.000000
vt 0.187132 0.000000
vt 0.186896 0.000000
vt 0.186660 0.000000
vt 0.186425 0.000000
vt 0.186189 0.000000
vt 0.185953 0.000000
vt 0.185718 0.000000
vt 0.185482 0.000000
vt 0.197973 0.000000
vt 0.185246 0.000000
vt 0.176762 0.000000
vt 0.176997 0.000000
vt 0.177233 0.000000
vt 0.197737 0.000000
vt 0.177469 0.000000
vt 0.185011 0.000000
vt 0.177704 0.000000
vt 0.189017 0.000000
vt 0.177940 0.000000
vt 0.178176 0.000000
vt 0.184775 0.000000
vt 0.178411 0.000000
vt 0.178647 0.000000
vt 0.189253 0.000000
vt 0.178883 0.000000
vt 0.179119 0.000000
vt 0.179354 0.000000
vt 0.179590 0.000000
vt 0.184539 0.000000
vt 0.197502 0.000000
vt 0.189489 0.000000
vt 0.184304 0.000000
vt 0.189724 0.000000
vt 0.184068 0.000000
vt 0.189960 0.000000
vt 0.183832 0.000000
vt 0.190196 0.000000
vt 0.183597 0.000000
vt 0.190431 0.000000
vt 0.183361 0.000000
vt 0.183125 0.000000
vt 0.190667 0.000000
vt 0.179826 0.000000
vt 0.197266 0.000000
vt 0.182889 0.000000
vt 0.190903 0.000000
vt 0.182654 0.000000
vt 0.182418 0.000000
vt 0.191138 0.000000
vt 0.182182 0.000000
vt 0.181947 0.000000
vt 0.191374 0.000000
vt 0.181711 0.000000
vt 0.191610 0.000000
vt 0.181475 0.000000
vt 0.172048 0.000000
vt 0.172284 0.000000
vt 0.181240 0.000000
vt 0.191845 0.000000
vt 0.192081 0.000000
vt 0.181004 0.000000
vt 0.192317 0.000000
vt 0.192552 0.000000
vt 0.180768 0.000000
vt 0.192788 0.000000
vt 0.193024 0.000000
vt 0.180533 0.000000
vt 0.193259 0.000000
vt 0.193495 0.000000
vt 0.180297 0.000000
vt 0.193731 0.000000
vt 0.193967 0.000000
vt 0.180061 0.000000
vt 0.194202 0.000000
vt 0.194438 0.000000
vt 0.194674 0.000000
vt 0.194909 0.000000
vt 0.196088 0.000000
vt 0.197030 0.000000
vt 0.195145 0.000000
vt 0.195381 0.000000
vt 0.195616 0.000000
vt 0.195852 0.000000
vt 0.196323 0.000000
vt 0.196559 0.000000
vt 0.196795 0.000000
vt 0.209757 0.000000
vt 0.211171 0.000000
vt 0.211407 0.000000
vt 0.210936 0.000000
vt 0.210700 0.000000
vt 0.209993 0.000000
vt 0.210464 0.000000
vt 0.210229 0.000000
vt 0.211643 0.000000
vt 0.216828 0.000000
vt 0.217063 0.000000
vt 0.216592 0.000000
vt 0.212350 0.000000
vt 0.216356 0.000000
vt 0.211878 0.000000
vt 0.212114 0.000000
vt 0.212585 0.000000
vt 0.212821 0.000000
vt 0.216121 0.000000
vt 0.213528 0.000000
vt 0.213057 0.000000
vt 0.213292 0.000000
vt 0.215649 0.000000
vt 0.215414 0.000000
vt 0.215885 0.000000
vt 0.215178 0.000000
vt 0.213764 0.000000
vt 0.214942 0.000000
vt 0.214707 0.000000
vt 0.214471 0.000000
vt 0.214235 0.000000
vt 0.214000 0.000000
vt 0.217299 0.000000
vt 0.220599 0.000000
vt 0.220834 0.000000
vt 0.220363 0.000000
vt 0.220127 0.000000
vt 0.219892 0.000000
vt 0.219656 0.000000
vt 0.219420 0.000000
vt 0.219185 0.000000
vt 0.218477 0.000000
vt 0.218949 0.000000
vt 0.218242 0.000000
vt 0.218713 0.000000
vt 0.217535 0.000000
vt 0.218006 0.000000
vt 0.217770 0.000000
vt 0.221070 0.000000
vt 0.226255 0.000000
vt 0.226491 0.000000
vt 0.226019 0.000000
vt 0.225784 0.000000
vt 0.224841 0.000000
vt 0.224370 0.000000
vt 0.224605 0.000000
vt 0.224134 0.000000
vt 0.223898 0.000000
vt 0.225548 0.000000
vt 0.225077 0.000000
vt 0.225312 0.000000
vt 0.222248 0.000000
vt 0.222720 0.000000
vt 0.222013 0.000000
vt 0.222484 0.000000
vt 0.222955 0.000000
vt 0.221306 0.000000
vt 0.223662 0.000000
vt 0.223191 0.000000
vt 0.223427 0.000000
vt 0.221777 0.000000
vt 0.221541 0.000000
vt 0.226726 0.000000
vt 0.231911 0.000000
vt 0.232147 0.000000
vt 0.231676 0.000000
vt 0.231440 0.000000
vt 0.230497 0.000000
vt 0.230026 0.000000
vt 0.230262 0.000000
vt 0.229790 0.000000
vt 0.229555 0.000000
vt 0.231204 0.000000
vt 0.230733 0.000000
vt 0.230969 0.000000
vt 0.227905 0.000000
vt 0.228140 0.000000
vt 0.228376 0.000000
vt 0.227669 0.000000
vt 0.228612 0.000000
vt 0.226962 0.000000
vt 0.229319 0.000000
vt 0.228848 0.000000
vt 0.229083 0.000000
vt 0.227433 0.000000
vt 0.227198 0.000000
vt 0.265850 0.000000
vt 0.265378 0.000000
vt 0.265614 0.000000
vt 0.266085 0.000000
vt 0.265143 0.000000
vt 0.266321 0.000000
vt 0.264907 0.000000
vt 0.266557 0.000000
vt 0.266792 0.000000
vt 0.267028 0.000000
vt 0.267264 0.000000
vt 0.267499 0.000000
vt 0.267735 0.000000
vt 0.264671 0.000000
vt 0.232383 0.000000
vt 0.232618 0.000000
vt 0.232854 0.000000
vt 0.233090 0.000000
vt 0.233325 0.000000
vt 0.233561 0.000000
vt 0.233797 0.000000
vt 0.234033 0.000000
vt 0.234268 0.000000
vt 0.234504 0.000000
vt 0.234740 0.000000
vt 0.234975 0.000000
vt 0.235211 0.000000
vt 0.264436 0.000000
vt 0.235447 0.000000
vt 0.235682 0.000000
vt 0.235918 0.000000
vt 0.236154 0.000000
vt 0.236389 0.000000
vt 0.236625 0.000000
vt 0.236861 0.000000
vt 0.237096 0.000000
vt 0.237332 0.000000
vt 0.237568 0.000000
vt 0.237803 0.000000
vt 0.238039 0.000000
vt 0.238746 0.000000
vt 0.238275 0.000000
vt 0.238510 0.000000
vt 0.264200 0.000000
vt 0.263964 0.000000
vt 0.263728 0.000000
vt 0.238982 0.000000
vt 0.263493 0.000000
vt 0.239218 0.000000
vt 0.239453 0.000000
vt 0.239689 0.000000
vt 0.263021 0.000000
vt 0.262786 0.000000
vt 0.263257 0.000000
vt 0.262550 0.000000
vt 0.262314 0.000000
vt 0.262079 0.000000
vt 0.261843 0.000000
vt 0.261607 0.000000
vt 0.261372 0.000000
vt 0.261136 0.000000
vt 0.260900 0.000000
vt 0.260665 0.000000
vt 0.260429 0.000000
vt 0.260193 0.000000
vt 0.259958 0.000000
vt 0.259722 0.000000
vt 0.239925 0.000000
vt 0.259486 0.000000
vt 0.240160 0.000000
vt 0.259251 0.000000
vt 0.259015 0.000000
vt 0.240396 0.000000
vt 0.258779 0.000000
vt 0.240632 0.000000
vt 0.258543 0.000000
vt 0.240867 0.000000
vt 0.258308 0.000000
vt 0.258072 0.000000
vt 0.241103 0.000000
vt 0.257836 0.000000
vt 0.241339 0.000000
vt 0.288239 0.000000
vt 0.288475 0.000000
vt 0.288711 0.000000
vt 0.288947 0.000000
vt 0.289182 0.000000
vt 0.257601 0.000000
vt 0.288004 0.000000
vt 0.289418 0.000000
vt 0.287768 0.000000
vt 0.289654 0.000000
vt 0.289889 0.000000
vt 0.287532 0.000000
vt 0.290125 0.000000
vt 0.287297 0.000000
vt 0.290361 0.000000
vt 0.290596 0.000000
vt 0.287061 0.000000
vt 0.290832 0.000000
vt 0.257365 0.000000
vt 0.286825 0.000000
vt 0.241574 0.000000
vt 0.291068 0.000000
vt 0.286590 0.000000
vt 0.286354 0.000000
vt 0.267971 0.000000
vt 0.286118 0.000000
vt 0.268206 0.000000
vt 0.257129 0.000000
vt 0.285883 0.000000
vt 0.285647 0.000000
vt 0.285411 0.000000
vt 0.285176 0.000000
vt 0.268442 0.000000
vt 0.241810 0.000000
vt 0.284940 0.000000
vt 0.256894 0.000000
vt 0.268678 0.000000
vt 0.284704 0.000000
vt 0.268914 0.000000
vt 0.284469 0.000000
vt 0.242046 0.000000
vt 0.269149 0.000000
vt 0.256658 0.000000
vt 0.284233 0.000000
vt 0.269385 0.000000
vt 0.283997 0.000000
vt 0.242281 0.000000
vt 0.269621 0.000000
vt 0.283762 0.000000
vt 0.256422 0.000000
vt 0.283526 0.000000
vt 0.269856 0.000000
vt 0.283290 0.000000
vt 0.242517 0.000000
vt 0.270092 0.000000
vt 0.256187 0.000000
vt 0.283054 0.000000
vt 0.270328 0.000000
vt 0.255951 0.000000
vt 0.242753 0.000000
vt 0.282819 0.000000
vt 0.270563 0.000000
vt 0.242988 0.000000
vt 0.282583 0.000000
vt 0.255715 0.000000
vt 0.270799 0.000000
vt 0.243224 0.000000
vt 0.282347 0.000000
vt 0.243460 0.000000
vt 0.271035 0.000000
vt 0.271270 0.000000
vt 0.255480 0.000000
vt 0.271506 0.000000
vt 0.271742 0.000000
vt 0.243695 0.000000
vt 0.271977 0.000000
vt 0.255244 0.000000
vt 0.243931 0.000000
vt 0.272213 0.000000
vt 0.244167 0.000000
vt 0.272449 0.000000
vt 0.255008 0.000000
vt 0.272684 0.000000
vt 0.244403 0.000000
vt 0.272920 0.000000
vt 0.244638 0.000000
vt 0.273156 0.000000
vt 0.254773 0.000000
vt 0.244874 0.000000
vt 0.273391 0.000000
vt 0.282112 0.000000
vt 0.281876 0.000000
vt 0.281640 0.000000
vt 0.273627 0.000000
vt 0.281405 0.000000
vt 0.273863 0.000000
vt 0.245110 0.000000
vt 0.281169 0.000000
vt 0.280933 0.000000
vt 0.280698 0.000000
vt 0.254537 0.000000
vt 0.280462 0.000000
vt 0.245345 0.000000
vt 0.280226 0.000000
vt 0.279991 0.000000
vt 0.279755 0.000000
vt 0.279519 0.000000
vt 0.245581 0.000000
vt 0.279284 0.000000
vt 0.274099 0.000000
vt 0.279048 0.000000
vt 0.274334 0.000000
vt 0.254301 0.000000
vt 0.278812 0.000000
vt 0.274570 0.000000
vt 0.278576 0.000000
vt 0.274806 0.000000
vt 0.278341 0.000000
vt 0.245817 0.000000
vt 0.275041 0.000000
vt 0.278105 0.000000
vt 0.275277 0.000000
vt 0.277869 0.000000
vt 0.275513 0.000000
vt 0.254066 0.000000
vt 0.277634 0.000000
vt 0.275748 0.000000
vt 0.277398 0.000000
vt 0.275984 0.000000
vt 0.277162 0.000000
vt 0.276220 0.000000
vt 0.276927 0.000000
vt 0.276455 0.000000
vt 0.276691 0.000000
vt 0.246052 0.000000
vt 0.253830 0.000000
vt 0.246288 0.000000
vt 0.253594 0.000000
vt 0.246524 0.000000
vt 0.253358 0.000000
vt 0.246759 0.000000
vt 0.253123 0.000000
vt 0.246995 0.000000
vt 0.252887 0.000000
vt 0.247231 0.000000
vt 0.252651 0.000000
vt 0.247466 0.000000
vt 0.252416 0.000000
vt 0.247702 0.000000
vt 0.252180 0.000000
vt 0.247938 0.000000
vt 0.251944 0.000000
vt 0.251709 0.000000
vt 0.248173 0.000000
vt 0.251473 0.000000
vt 0.248409 0.000000
vt 0.248645 0.000000
vt 0.248881 0.000000
vt 0.249116 0.000000
vt 0.249352 0.000000
vt 0.249588 0.000000
vt 0.249823 0.000000
vt 0.250059 0.000000
vt 0.250295 0.000000
vt 0.250530 0.000000
vt 0.250766 0.000000
vt 0.251002 0.000000
vt 0.251237 0.000000
vt 0.324770 0.000000
vt 0.324299 0.000000
vt 0.324535 0.000000
vt 0.325006 0.000000
vt 0.324063 0.000000
vt 0.325242 0.000000
vt 0.323827 0.000000
vt 0.325477 0.000000
vt 0.325713 0.000000
vt 0.325949 0.000000
vt 0.326184 0.000000
vt 0.326420 0.000000
vt 0.326656 0.000000
vt 0.323592 0.000000
vt 0.291303 0.000000
vt 0.291539 0.000000
vt 0.291775 0.000000
vt 0.292010 0.000000
vt 0.292246 0.000000
vt 0.292482 0.000000
vt 0.292717 0.000000
vt 0.292953 0.000000
vt 0.293189 0.000000
vt 0.293424 0.000000
vt 0.293660 0.000000
vt 0.293896 0.000000
vt 0.294132 0.000000
vt 0.323356 0.000000
vt 0.294367 0.000000
vt 0.294603 0.000000
vt 0.294839 0.000000
vt 0.295074 0.000000
vt 0.295310 0.000000
vt 0.295546 0.000000
vt 0.295781 0.000000
vt 0.296017 0.000000
vt 0.296253 0.000000
vt 0.296488 0.000000
vt 0.296724 0.000000
vt 0.296960 0.000000
vt 0.297667 0.000000
vt 0.297195 0.000000
vt 0.297431 0.000000
vt 0.323120 0.000000
vt 0.322885 0.000000
vt 0.322649 0.000000
vt 0.297902 0.000000
vt 0.322413 0.000000
vt 0.298138 0.000000
vt 0.298374 0.000000
vt 0.298609 0.000000
vt 0.321942 0.000000
vt 0.321706 0.000000
vt 0.322178 0.000000
vt 0.321471 0.000000
vt 0.321235 0.000000
vt 0.320999 0.000000
vt 0.320764 0.000000
vt 0.320528 0.000000
vt 0.320292 0.000000
vt 0.320057 0.000000
vt 0.319821 0.000000
vt 0.319585 0.000000
vt 0.319350 0.000000
vt 0.319114 0.000000
vt 0.318878 0.000000
vt 0.318642 0.000000
vt 0.298845 0.000000
vt 0.318407 0.000000
vt 0.299081 0.000000
vt 0.318171 0.000000
vt 0.317935 0.000000
vt 0.299317 0.000000
vt 0.317700 0.000000
vt 0.299552 0.000000
vt 0.317464 0.000000
vt 0.299788 0.000000
vt 0.317228 0.000000
vt 0.316993 0.000000
vt 0.300024 0.000000
vt 0.316757 0.000000
vt 0.300259 0.000000
vt 0.347160 0.000000
vt 0.347396 0.000000
vt 0.347631 0.000000
vt 0.347867 0.000000
vt 0.348103 0.000000
vt 0.316521 0.000000
vt 0.346924 0.000000
vt 0.348338 0.000000
vt 0.346689 0.000000
vt 0.348574 0.000000
vt 0.348810 0.000000
vt 0.346453 0.000000
vt 0.349045 0.000000
vt 0.346217 0.000000
vt 0.349281 0.000000
vt 0.349517 0.000000
vt 0.345982 0.000000
vt 0.349753 0.000000
vt 0.316286 0.000000
vt 0.345746 0.000000
vt 0.300495 0.000000
vt 0.349988 0.000000
vt 0.345510 0.000000
vt 0.345275 0.000000
vt 0.326891 0.000000
vt 0.345039 0.000000
vt 0.327127 0.000000
vt 0.316050 0.000000
vt 0.344803 0.000000
vt 0.344568 0.000000
vt 0.344332 0.000000
vt 0.344096 0.000000
vt 0.327363 0.000000
vt 0.300731 0.000000
vt 0.343860 0.000000
vt 0.315814 0.000000
vt 0.327598 0.000000
vt 0.343625 0.000000
vt 0.327834 0.000000
vt 0.343389 0.000000
vt 0.300966 0.000000
vt 0.328070 0.000000
vt 0.315579 0.000000
vt 0.343153 0.000000
vt 0.328305 0.000000
vt 0.342918 0.000000
vt 0.301202 0.000000
vt 0.328541 0.000000
vt 0.342682 0.000000
vt 0.315343 0.000000
vt 0.342446 0.000000
vt 0.328777 0.000000
vt 0.342211 0.000000
vt 0.301438 0.000000
vt 0.329012 0.000000
vt 0.315107 0.000000
vt 0.341975 0.000000
vt 0.329248 0.000000
vt 0.314872 0.000000
vt 0.301673 0.000000
vt 0.341739 0.000000
vt 0.329484 0.000000
vt 0.301909 0.000000
vt 0.341504 0.000000
vt 0.314636 0.000000
vt 0.329720 0.000000
vt 0.302145 0.000000
vt 0.341268 0.000000
vt 0.302380 0.000000
vt 0.329955 0.000000
vt 0.330191 0.000000
vt 0.314400 0.000000
vt 0.330427 0.000000
vt 0.330662 0.000000
vt 0.302616 0.000000
vt 0.330898 0.000000
vt 0.314165 0.000000
vt 0.302852 0.000000
vt 0.331134 0.000000
vt 0.303087 0.000000
vt 0.331369 0.000000
vt 0.313929 0.000000
vt 0.331605 0.000000
vt 0.303323 0.000000
vt 0.331841 0.000000
vt 0.303559 0.000000
vt 0.332076 0.000000
vt 0.313693 0.000000
vt 0.303794 0.000000
vt 0.332312 0.000000
vt 0.341032 0.000000
vt 0.340797 0.000000
vt 0.340561 0.000000
vt 0.332548 0.000000
vt 0.340325 0.000000
vt 0.332783 0.000000
vt 0.304030 0.000000
vt 0.340090 0.000000
vt 0.339854 0.000000
vt 0.339618 0.000000
vt 0.313457 0.000000
vt 0.339382 0.000000
vt 0.304266 0.000000
vt 0.339147 0.000000
vt 0.338911 0.000000
vt 0.338675 0.000000
vt 0.338440 0.000000
vt 0.304502 0.000000
vt 0.338204 0.000000
vt 0.333019 0.000000
vt 0.337968 0.000000
vt 0.333255 0.000000
vt 0.313222 0.000000
vt 0.337733 0.000000
vt 0.333490 0.000000
vt 0.337497 0.000000
vt 0.333726 0.000000
vt 0.337261 0.000000
vt 0.304737 0.000000
vt 0.333962 0.000000
vt 0.337026 0.000000
vt 0.334197 0.000000
vt 0.336790 0.000000
vt 0.334433 0.000000
vt 0.312986 0.000000
vt 0.336554 0.000000
vt 0.334669 0.000000
vt 0.336319 0.000000
vt 0.334905 0.000000
vt 0.336083 0.000000
vt 0.335140 0.000000
vt 0.335847 0.000000
vt 0.335376 0.000000
vt 0.335612 0.000000
vt 0.304973 0.000000
vt 0.312750 0.000000
vt 0.305209 0.000000
vt 0.312515 0.000000
vt 0.305444 0.000000
vt 0.312279 0.000000
vt 0.305680 0.000000
vt 0.312043 0.000000
vt 0.305916 0.000000
vt 0.311808 0.000000
vt 0.306151 0.000000
vt 0.311572 0.000000
vt 0.306387 0.000000
vt 0.311336 0.000000
vt 0.306623 0.000000
vt 0.311101 0.000000
vt 0.306858 0.000000
vt 0.310865 0.000000
vt 0.310629 0.000000
vt 0.307094 0.000000
vt 0.310394 0.000000
vt 0.307330 0.000000
vt 0.307565 0.000000
vt 0.307801 0.000000
vt 0.308037 0.000000
vt 0.308272 0.000000
vt 0.308508 0.000000
vt 0.308744 0.000000
vt 0.308979 0.000000
vt 0.309215 0.000000
vt 0.309451 0.000000
vt 0.309687 0.000000
vt 0.309922 0.000000
vt 0.310158 0.000000
vt 0.350224 0.000000
vt 0.398067 0.000000
vt 0.398303 0.000000
vt 0.397832 0.000000
vt 0.397596 0.000000
vt 0.350460 0.000000
vt 0.397360 0.000000
vt 0.350695 0.000000
vt 0.350931 0.000000
vt 0.351167 0.000000
vt 0.396889 0.000000
vt 0.396653 0.000000
vt 0.397125 0.000000
vt 0.396418 0.000000
vt 0.396182 0.000000
vt 0.395946 0.000000
vt 0.395711 0.000000
vt 0.395475 0.000000
vt 0.395239 0.000000
vt 0.395004 0.000000
vt 0.394768 0.000000
vt 0.394532 0.000000
vt 0.394296 0.000000
vt 0.394061 0.000000
vt 0.351402 0.000000
vt 0.393825 0.000000
vt 0.351638 0.000000
vt 0.393589 0.000000
vt 0.351874 0.000000
vt 0.393354 0.000000
vt 0.352109 0.000000
vt 0.393118 0.000000
vt 0.352345 0.000000
vt 0.392882 0.000000
vt 0.352581 0.000000
vt 0.392647 0.000000
vt 0.352816 0.000000
vt 0.392411 0.000000
vt 0.353052 0.000000
vt 0.392175 0.000000
vt 0.353288 0.000000
vt 0.370021 0.000000
vt 0.391940 0.000000
vt 0.369786 0.000000
vt 0.370257 0.000000
vt 0.370493 0.000000
vt 0.369550 0.000000
vt 0.370728 0.000000
vt 0.369314 0.000000
vt 0.370964 0.000000
vt 0.371200 0.000000
vt 0.369078 0.000000
vt 0.353523 0.000000
vt 0.371435 0.000000
vt 0.391704 0.000000
vt 0.368843 0.000000
vt 0.368607 0.000000
vt 0.371671 0.000000
vt 0.353759 0.000000
vt 0.391468 0.000000
vt 0.368371 0.000000
vt 0.371907 0.000000
vt 0.368136 0.000000
vt 0.391233 0.000000
vt 0.353995 0.000000
vt 0.372142 0.000000
vt 0.390997 0.000000
vt 0.354230 0.000000
vt 0.390761 0.000000
vt 0.354466 0.000000
vt 0.390526 0.000000
vt 0.354702 0.000000
vt 0.372378 0.000000
vt 0.367900 0.000000
vt 0.390290 0.000000
vt 0.354938 0.000000
vt 0.390054 0.000000
vt 0.355173 0.000000
vt 0.389819 0.000000
vt 0.372614 0.000000
vt 0.355409 0.000000
vt 0.389583 0.000000
vt 0.355645 0.000000
vt 0.389347 0.000000
vt 0.367664 0.000000
vt 0.372849 0.000000
vt 0.355880 0.000000
vt 0.389111 0.000000
vt 0.356116 0.000000
vt 0.388876 0.000000
vt 0.388640 0.000000
vt 0.356352 0.000000
vt 0.373085 0.000000
vt 0.388404 0.000000
vt 0.356587 0.000000
vt 0.367429 0.000000
vt 0.388169 0.000000
vt 0.356823 0.000000
vt 0.387933 0.000000
vt 0.387697 0.000000
vt 0.373321 0.000000
vt 0.357059 0.000000
vt 0.357294 0.000000
vt 0.387462 0.000000
vt 0.357530 0.000000
vt 0.357766 0.000000
vt 0.387226 0.000000
vt 0.358001 0.000000
vt 0.386990 0.000000
vt 0.386755 0.000000
vt 0.373556 0.000000
vt 0.358237 0.000000
vt 0.367193 0.000000
vt 0.386519 0.000000
vt 0.358473 0.000000
vt 0.386283 0.000000
vt 0.386048 0.000000
vt 0.385812 0.000000
vt 0.358708 0.000000
vt 0.385576 0.000000
vt 0.385341 0.000000
vt 0.373792 0.000000
vt 0.385105 0.000000
vt 0.358944 0.000000
vt 0.384869 0.000000
vt 0.384634 0.000000
vt 0.359180 0.000000
vt 0.359416 0.000000
vt 0.384398 0.000000
vt 0.359651 0.000000
vt 0.374028 0.000000
vt 0.359887 0.000000
vt 0.366957 0.000000
vt 0.384162 0.000000
vt 0.383926 0.000000
vt 0.374263 0.000000
vt 0.374499 0.000000
vt 0.383691 0.000000
vt 0.374735 0.000000
vt 0.383455 0.000000
vt 0.366722 0.000000
vt 0.374971 0.000000
vt 0.375206 0.000000
vt 0.383219 0.000000
vt 0.375442 0.000000
vt 0.382984 0.000000
vt 0.375678 0.000000
vt 0.366486 0.000000
vt 0.375913 0.000000
vt 0.382748 0.000000
vt 0.376149 0.000000
vt 0.376385 0.000000
vt 0.376620 0.000000
vt 0.366250 0.000000
vt 0.382512 0.000000
vt 0.376856 0.000000
vt 0.360123 0.000000
vt 0.377092 0.000000
vt 0.377327 0.000000
vt 0.360358 0.000000
vt 0.366015 0.000000
vt 0.377563 0.000000
vt 0.360594 0.000000
vt 0.377799 0.000000
vt 0.360830 0.000000
vt 0.378034 0.000000
vt 0.365779 0.000000
vt 0.378270 0.000000
vt 0.361065 0.000000
vt 0.378506 0.000000
vt 0.361301 0.000000
vt 0.365543 0.000000
vt 0.378741 0.000000
vt 0.361537 0.000000
vt 0.378977 0.000000
vt 0.379213 0.000000
vt 0.361772 0.000000
vt 0.379449 0.000000
vt 0.379684 0.000000
vt 0.365308 0.000000
vt 0.379920 0.000000
vt 0.380156 0.000000
vt 0.380391 0.000000
vt 0.380627 0.000000
vt 0.380863 0.000000
vt 0.381098 0.000000
vt 0.381334 0.000000
vt 0.381570 0.000000
vt 0.381805 0.000000
vt 0.382041 0.000000
vt 0.382277 0.000000
vt 0.362008 0.000000
vt 0.365072 0.000000
vt 0.364836 0.000000
vt 0.362244 0.000000
vt 0.364601 0.000000
vt 0.362479 0.000000
vt 0.364365 0.000000
vt 0.362715 0.000000
vt 0.364129 0.000000
vt 0.362951 0.000000
vt 0.363893 0.000000
vt 0.363186 0.000000
vt 0.363658 0.000000
vt 0.363422 0.000000
vt 0.423285 0.000000
vt 0.422814 0.000000
vt 0.423050 0.000000
vt 0.423521 0.000000
vt 0.422578 0.000000
vt 0.423757 0.000000
vt 0.422343 0.000000
vt 0.423992 0.000000
vt 0.422107 0.000000
vt 0.421871 0.000000
vt 0.424228 0.000000
vt 0.421636 0.000000
vt 0.424464 0.000000
vt 0.421400 0.000000
vt 0.424700 0.000000
vt 0.421164 0.000000
vt 0.424935 0.000000
vt 0.420929 0.000000
vt 0.425171 0.000000
vt 0.420693 0.000000
vt 0.398539 0.000000
vt 0.420457 0.000000
vt 0.398774 0.000000
vt 0.420222 0.000000
vt 0.419986 0.000000
vt 0.399010 0.000000
vt 0.419750 0.000000
vt 0.419515 0.000000
vt 0.399246 0.000000
vt 0.419279 0.000000
vt 0.399482 0.000000
vt 0.419043 0.000000
vt 0.399717 0.000000
vt 0.399953 0.000000
vt 0.418807 0.000000
vt 0.400189 0.000000
vt 0.418572 0.000000
vt 0.400424 0.000000
vt 0.418336 0.000000
vt 0.400660 0.000000
vt 0.418100 0.000000
vt 0.400896 0.000000
vt 0.417865 0.000000
vt 0.401131 0.000000
vt 0.417629 0.000000
vt 0.401367 0.000000
vt 0.401603 0.000000
vt 0.417393 0.000000
vt 0.401838 0.000000
vt 0.402074 0.000000
vt 0.402310 0.000000
vt 0.402545 0.000000
vt 0.402781 0.000000
vt 0.403017 0.000000
vt 0.417158 0.000000
vt 0.403252 0.000000
vt 0.403488 0.000000
vt 0.403724 0.000000
vt 0.403959 0.000000
vt 0.404195 0.000000
vt 0.404431 0.000000
vt 0.442611 0.000000
vt 0.442847 0.000000
vt 0.443083 0.000000
vt 0.443318 0.000000
vt 0.443554 0.000000
vt 0.443790 0.000000
vt 0.444025 0.000000
vt 0.444261 0.000000
vt 0.444497 0.000000
vt 0.444732 0.000000
vt 0.444968 0.000000
vt 0.445204 0.000000
vt 0.445440 0.000000
vt 0.445675 0.000000
vt 0.445911 0.000000
vt 0.446147 0.000000
vt 0.416922 0.000000
vt 0.446382 0.000000
vt 0.446618 0.000000
vt 0.446854 0.000000
vt 0.447089 0.000000
vt 0.447325 0.000000
vt 0.447561 0.000000
vt 0.447796 0.000000
vt 0.425407 0.000000
vt 0.442376 0.000000
vt 0.425642 0.000000
vt 0.442140 0.000000
vt 0.416686 0.000000
vt 0.425878 0.000000
vt 0.441904 0.000000
vt 0.426114 0.000000
vt 0.441669 0.000000
vt 0.426349 0.000000
vt 0.416451 0.000000
vt 0.441433 0.000000
vt 0.426585 0.000000
vt 0.441197 0.000000
vt 0.426821 0.000000
vt 0.440962 0.000000
vt 0.427056 0.000000
vt 0.416215 0.000000
vt 0.440726 0.000000
vt 0.427292 0.000000
vt 0.440490 0.000000
vt 0.427528 0.000000
vt 0.415979 0.000000
vt 0.440255 0.000000
vt 0.427763 0.000000
vt 0.440019 0.000000
vt 0.415744 0.000000
vt 0.427999 0.000000
vt 0.439783 0.000000
vt 0.415508 0.000000
vt 0.428235 0.000000
vt 0.439547 0.000000
vt 0.404667 0.000000
vt 0.428470 0.000000
vt 0.439312 0.000000
vt 0.415272 0.000000
vt 0.428706 0.000000
vt 0.439076 0.000000
vt 0.415037 0.000000
vt 0.428942 0.000000
vt 0.438840 0.000000
vt 0.429177 0.000000
vt 0.438605 0.000000
vt 0.414801 0.000000
vt 0.429413 0.000000
vt 0.438369 0.000000
vt 0.429649 0.000000
vt 0.438133 0.000000
vt 0.414565 0.000000
vt 0.437898 0.000000
vt 0.429885 0.000000
vt 0.437662 0.000000
vt 0.430120 0.000000
vt 0.437426 0.000000
vt 0.430356 0.000000
vt 0.437191 0.000000
vt 0.430592 0.000000
vt 0.414329 0.000000
vt 0.436955 0.000000
vt 0.430827 0.000000
vt 0.436719 0.000000
vt 0.431063 0.000000
vt 0.436484 0.000000
vt 0.431299 0.000000
vt 0.436248 0.000000
vt 0.431534 0.000000
vt 0.414094 0.000000
vt 0.436012 0.000000
vt 0.431770 0.000000
vt 0.435777 0.000000
vt 0.432006 0.000000
vt 0.413858 0.000000
vt 0.435541 0.000000
vt 0.432241 0.000000
vt 0.435305 0.000000
vt 0.432477 0.000000
vt 0.435070 0.000000
vt 0.432713 0.000000
vt 0.434834 0.000000
vt 0.432948 0.000000
vt 0.434598 0.000000
vt 0.433184 0.000000
vt 0.404902 0.000000
vt 0.434362 0.000000
vt 0.433420 0.000000
vt 0.434127 0.000000
vt 0.433655 0.000000
vt 0.433891 0.000000
vt 0.413622 0.000000
vt 0.413387 0.000000
vt 0.413151 0.000000
vt 0.405138 0.000000
vt 0.405374 0.000000
vt 0.412915 0.000000
vt 0.405609 0.000000
vt 0.412680 0.000000
vt 0.405845 0.000000
vt 0.412444 0.000000
vt 0.406081 0.000000
vt 0.406316 0.000000
vt 0.412208 0.000000
vt 0.406552 0.000000
vt 0.411973 0.000000
vt 0.406788 0.000000
vt 0.407023 0.000000
vt 0.411737 0.000000
vt 0.407259 0.000000
vt 0.411501 0.000000
vt 0.407495 0.000000
vt 0.411266 0.000000
vt 0.407730 0.000000
vt 0.407966 0.000000
vt 0.408202 0.000000
vt 0.411030 0.000000
vt 0.408437 0.000000
vt 0.408673 0.000000
vt 0.408909 0.000000
vt 0.409144 0.000000
vt 0.409380 0.000000
vt 0.409616 0.000000
vt 0.409852 0.000000
vt 0.410087 0.000000
vt 0.410323 0.000000
vt 0.410559 0.000000
vt 0.410794 0.000000
vt 0.473721 0.000000
vt 0.473250 0.000000
vt 0.473486 0.000000
vt 0.473014 0.000000
vt 0.472779 0.000000
vt 0.473957 0.000000
vt 0.472543 0.000000
vt 0.474193 0.000000
vt 0.472307 0.000000
vt 0.474428 0.000000
vt 0.474664 0.000000
vt 0.472072 0.000000
vt 0.474900 0.000000
vt 0.471836 0.000000
vt 0.475136 0.000000
vt 0.471600 0.000000
vt 0.475371 0.000000
vt 0.471365 0.000000
vt 0.475607 0.000000
vt 0.471129 0.000000
vt 0.475843 0.000000
vt 0.470893 0.000000
vt 0.476078 0.000000
vt 0.470658 0.000000
vt 0.448032 0.000000
vt 0.448268 0.000000
vt 0.470422 0.000000
vt 0.470186 0.000000
vt 0.448503 0.000000
vt 0.469950 0.000000
vt 0.448739 0.000000
vt 0.469715 0.000000
vt 0.448975 0.000000
vt 0.469479 0.000000
vt 0.449210 0.000000
vt 0.469243 0.000000
vt 0.449446 0.000000
vt 0.469008 0.000000
vt 0.449682 0.000000
vt 0.468772 0.000000
vt 0.449918 0.000000
vt 0.468536 0.000000
vt 0.450153 0.000000
vt 0.468301 0.000000
vt 0.468065 0.000000
vt 0.450389 0.000000
vt 0.467829 0.000000
vt 0.450625 0.000000
vt 0.467594 0.000000
vt 0.450860 0.000000
vt 0.494933 0.000000
vt 0.495169 0.000000
vt 0.495404 0.000000
vt 0.467358 0.000000
vt 0.495640 0.000000
vt 0.495876 0.000000
vt 0.496111 0.000000
vt 0.496347 0.000000
vt 0.496583 0.000000
vt 0.467122 0.000000
vt 0.494697 0.000000
vt 0.494461 0.000000
vt 0.496818 0.000000
vt 0.497054 0.000000
vt 0.494226 0.000000
vt 0.497290 0.000000
vt 0.497525 0.000000
vt 0.493990 0.000000
vt 0.497761 0.000000
vt 0.493754 0.000000
vt 0.497997 0.000000
vt 0.466887 0.000000
vt 0.493519 0.000000
vt 0.498232 0.000000
vt 0.451096 0.000000
vt 0.498468 0.000000
vt 0.493283 0.000000
vt 0.498704 0.000000
vt 0.493047 0.000000
vt 0.466651 0.000000
vt 0.476314 0.000000
vt 0.476550 0.000000
vt 0.492812 0.000000
vt 0.466415 0.000000
vt 0.476785 0.000000
vt 0.451332 0.000000
vt 0.466180 0.000000
vt 0.492576 0.000000
vt 0.477021 0.000000
vt 0.477257 0.000000
vt 0.465944 0.000000
vt 0.492340 0.000000
vt 0.451567 0.000000
vt 0.477492 0.000000
vt 0.477728 0.000000
vt 0.465708 0.000000
vt 0.492105 0.000000
vt 0.477964 0.000000
vt 0.451803 0.000000
vt 0.491869 0.000000
vt 0.465473 0.000000
vt 0.478199 0.000000
vt 0.478435 0.000000
vt 0.491633 0.000000
vt 0.465237 0.000000
vt 0.452039 0.000000
vt 0.478671 0.000000
vt 0.491398 0.000000
vt 0.478906 0.000000
vt 0.465001 0.000000
vt 0.452274 0.000000
vt 0.479142 0.000000
vt 0.491162 0.000000
vt 0.479378 0.000000
vt 0.490926 0.000000
vt 0.479613 0.000000
vt 0.464765 0.000000
vt 0.452510 0.000000
vt 0.479849 0.000000
vt 0.480085 0.000000
vt 0.490691 0.000000
vt 0.480321 0.000000
vt 0.464530 0.000000
vt 0.480556 0.000000
vt 0.452746 0.000000
vt 0.480792 0.000000
vt 0.490455 0.000000
vt 0.481028 0.000000
vt 0.481263 0.000000
vt 0.464294 0.000000
vt 0.481499 0.000000
vt 0.452981 0.000000
vt 0.490219 0.000000
vt 0.481735 0.000000
vt 0.489983 0.000000
vt 0.481970 0.000000
vt 0.489748 0.000000
vt 0.464058 0.000000
vt 0.482206 0.000000
vt 0.489512 0.000000
vt 0.453217 0.000000
vt 0.489276 0.000000
vt 0.489041 0.000000
vt 0.482442 0.000000
vt 0.463823 0.000000
vt 0.488805 0.000000
vt 0.488569 0.000000
vt 0.482677 0.000000
vt 0.488334 0.000000
vt 0.453453 0.000000
vt 0.463587 0.000000
vt 0.488098 0.000000
vt 0.482913 0.000000
vt 0.487862 0.000000
vt 0.487627 0.000000
vt 0.487391 0.000000
vt 0.463351 0.000000
vt 0.483149 0.000000
vt 0.487155 0.000000
vt 0.453688 0.000000
vt 0.483384 0.000000
vt 0.486920 0.000000
vt 0.463116 0.000000
vt 0.483620 0.000000
vt 0.486684 0.000000
vt 0.486448 0.000000
vt 0.483856 0.000000
vt 0.486213 0.000000
vt 0.484091 0.000000
vt 0.485977 0.000000
vt 0.485741 0.000000
vt 0.484327 0.000000
vt 0.485506 0.000000
vt 0.484563 0.000000
vt 0.485270 0.000000
vt 0.485034 0.000000
vt 0.484798 0.000000
vt 0.462880 0.000000
vt 0.453924 0.000000
vt 0.462644 0.000000
vt 0.462409 0.000000
vt 0.454160 0.000000
vt 0.462173 0.000000
vt 0.461937 0.000000
vt 0.454395 0.000000
vt 0.461702 0.000000
vt 0.454631 0.000000
vt 0.461466 0.000000
vt 0.454867 0.000000
vt 0.461230 0.000000
vt 0.460995 0.000000
vt 0.455103 0.000000
vt 0.460759 0.000000
vt 0.455338 0.000000
vt 0.460523 0.000000
vt 0.455574 0.000000
vt 0.460288 0.000000
vt 0.455810 0.000000
vt 0.460052 0.000000
vt 0.456045 0.000000
vt 0.459816 0.000000
vt 0.456281 0.000000
vt 0.459580 0.000000
vt 0.456517 0.000000
vt 0.459345 0.000000
vt 0.456752 0.000000
vt 0.459109 0.000000
vt 0.456988 0.000000
vt 0.458873 0.000000
vt 0.457224 0.000000
vt 0.458638 0.000000
vt 0.457459 0.000000
vt 0.458402 0.000000
vt 0.457695 0.000000
vt 0.458166 0.000000
vt 0.457931 0.000000
vt 0.498939 0.000000
vt 0.514259 0.000000
vt 0.514494 0.000000
vt 0.514023 0.000000
vt 0.513787 0.000000
vt 0.513552 0.000000
vt 0.513316 0.000000
vt 0.513080 0.000000
vt 0.512845 0.000000
vt 0.512609 0.000000
vt 0.512373 0.000000
vt 0.512138 0.000000
vt 0.511902 0.000000
vt 0.511666 0.000000
vt 0.511431 0.000000
vt 0.511195 0.000000
vt 0.529342 0.000000
vt 0.510959 0.000000
vt 0.510724 0.000000
vt 0.510488 0.000000
vt 0.510252 0.000000
vt 0.510017 0.000000
vt 0.509781 0.000000
vt 0.509545 0.000000
vt 0.509309 0.000000
vt 0.509074 0.000000
vt 0.508838 0.000000
vt 0.508602 0.000000
vt 0.508367 0.000000
vt 0.508131 0.000000
vt 0.507895 0.000000
vt 0.507660 0.000000
vt 0.507424 0.000000
vt 0.507188 0.000000
vt 0.506953 0.000000
vt 0.506717 0.000000
vt 0.506481 0.000000
vt 0.529578 0.000000
vt 0.529814 0.000000
vt 0.530050 0.000000
vt 0.530285 0.000000
vt 0.530521 0.000000
vt 0.530757 0.000000
vt 0.530992 0.000000
vt 0.531228 0.000000
vt 0.506246 0.000000
vt 0.529107 0.000000
vt 0.531464 0.000000
vt 0.531699 0.000000
vt 0.531935 0.000000
vt 0.532171 0.000000
vt 0.514730 0.000000
vt 0.514966 0.000000
vt 0.515202 0.000000
vt 0.515437 0.000000
vt 0.515673 0.000000
vt 0.506010 0.000000
vt 0.515909 0.000000
vt 0.516144 0.000000
vt 0.516380 0.000000
vt 0.505774 0.000000
vt 0.516616 0.000000
vt 0.516851 0.000000
vt 0.517087 0.000000
vt 0.505539 0.000000
vt 0.517323 0.000000
vt 0.517558 0.000000
vt 0.505303 0.000000
vt 0.517794 0.000000
vt 0.518030 0.000000
vt 0.505067 0.000000
vt 0.518265 0.000000
vt 0.528871 0.000000
vt 0.518501 0.000000
vt 0.504831 0.000000
vt 0.518737 0.000000
vt 0.518972 0.000000
vt 0.504596 0.000000
vt 0.519208 0.000000
vt 0.519444 0.000000
vt 0.504360 0.000000
vt 0.519679 0.000000
vt 0.519915 0.000000
vt 0.504124 0.000000
vt 0.520151 0.000000
vt 0.520387 0.000000
vt 0.520622 0.000000
vt 0.520858 0.000000
vt 0.503889 0.000000
vt 0.521094 0.000000
vt 0.521329 0.000000
vt 0.521565 0.000000
vt 0.521801 0.000000
vt 0.522036 0.000000
vt 0.522272 0.000000
vt 0.522508 0.000000
vt 0.522743 0.000000
vt 0.522979 0.000000
vt 0.523215 0.000000
vt 0.503653 0.000000
vt 0.523450 0.000000
vt 0.523686 0.000000
vt 0.523922 0.000000
vt 0.524157 0.000000
vt 0.524393 0.000000
vt 0.524629 0.000000
vt 0.524864 0.000000
vt 0.499175 0.000000
vt 0.525100 0.000000
vt 0.525336 0.000000
vt 0.525572 0.000000
vt 0.525807 0.000000
vt 0.526043 0.000000
vt 0.526279 0.000000
vt 0.526514 0.000000
vt 0.526750 0.000000
vt 0.526986 0.000000
vt 0.527221 0.000000
vt 0.527457 0.000000
vt 0.527693 0.000000
vt 0.527928 0.000000
vt 0.528164 0.000000
vt 0.528400 0.000000
vt 0.528635 0.000000
vt 0.500118 0.000000
vt 0.503417 0.000000
vt 0.503182 0.000000
vt 0.502946 0.000000
vt 0.502710 0.000000
vt 0.502475 0.000000
vt 0.502239 0.000000
vt 0.502003 0.000000
vt 0.501768 0.000000
vt 0.501532 0.000000
vt 0.501296 0.000000
vt 0.501061 0.000000
vt 0.500825 0.000000
vt 0.500589 0.000000
vt 0.500354 0.000000
vt 0.499882 0.000000
vt 0.499646 0.000000
vt 0.499411 0.000000
vt 0.552204 0.000000
vt 0.551732 0.000000
vt 0.551968 0.000000
vt 0.551497 0.000000
vt 0.551261 0.000000
vt 0.552439 0.000000
vt 0.552675 0.000000
vt 0.552911 0.000000
vt 0.553146 0.000000
vt 0.553382 0.000000
vt 0.553618 0.000000
vt 0.553853 0.000000
vt 0.551025 0.000000
vt 0.554089 0.000000
vt 0.554325 0.000000
vt 0.554560 0.000000
vt 0.532406 0.000000
vt 0.532642 0.000000
vt 0.532878 0.000000
vt 0.533113 0.000000
vt 0.550790 0.000000
vt 0.533349 0.000000
vt 0.550554 0.000000
vt 0.533585 0.000000
vt 0.533820 0.000000
vt 0.550318 0.000000
vt 0.534056 0.000000
vt 0.550083 0.000000
vt 0.534292 0.000000
vt 0.568937 0.000000
vt 0.549847 0.000000
vt 0.568701 0.000000
vt 0.569173 0.000000
vt 0.568466 0.000000
vt 0.569408 0.000000
vt 0.534527 0.000000
vt 0.568230 0.000000
vt 0.569644 0.000000
vt 0.567994 0.000000
vt 0.569880 0.000000
vt 0.567759 0.000000
vt 0.570116 0.000000
vt 0.567523 0.000000
vt 0.570351 0.000000
vt 0.549611 0.000000
vt 0.567287 0.000000
vt 0.534763 0.000000
vt 0.570587 0.000000
vt 0.567052 0.000000
vt 0.570823 0.000000
vt 0.566816 0.000000
vt 0.571058 0.000000
vt 0.549375 0.000000
vt 0.534999 0.000000
vt 0.566580 0.000000
vt 0.571294 0.000000
vt 0.566345 0.000000
vt 0.571530 0.000000
vt 0.549140 0.000000
vt 0.566109 0.000000
vt 0.554796 0.000000
vt 0.535235 0.000000
vt 0.565873 0.000000
vt 0.548904 0.000000
vt 0.555032 0.000000
vt 0.565638 0.000000
vt 0.548668 0.000000
vt 0.555268 0.000000
vt 0.548433 0.000000
vt 0.535470 0.000000
vt 0.565402 0.000000
vt 0.555503 0.000000
vt 0.565166 0.000000
vt 0.555739 0.000000
vt 0.564930 0.000000
vt 0.548197 0.000000
vt 0.555975 0.000000
vt 0.535706 0.000000
vt 0.564695 0.000000
vt 0.556210 0.000000
vt 0.564459 0.000000
vt 0.556446 0.000000
vt 0.564223 0.000000
vt 0.556682 0.000000
vt 0.535942 0.000000
vt 0.547961 0.000000
vt 0.563988 0.000000
vt 0.556917 0.000000
vt 0.563752 0.000000
vt 0.557153 0.000000
vt 0.563516 0.000000
vt 0.557389 0.000000
vt 0.563281 0.000000
vt 0.557624 0.000000
vt 0.563045 0.000000
vt 0.557860 0.000000
vt 0.562809 0.000000
vt 0.558096 0.000000
vt 0.562574 0.000000
vt 0.558331 0.000000
vt 0.562338 0.000000
vt 0.558567 0.000000
vt 0.562102 0.000000
vt 0.558803 0.000000
vt 0.561867 0.000000
vt 0.559038 0.000000
vt 0.561631 0.000000
vt 0.559274 0.000000
vt 0.561395 0.000000
vt 0.559510 0.000000
vt 0.561160 0.000000
vt 0.559745 0.000000
vt 0.560924 0.000000
vt 0.559981 0.000000
vt 0.560688 0.000000
vt 0.560217 0.000000
vt 0.560453 0.000000
vt 0.536177 0.000000
vt 0.547726 0.000000
vt 0.536413 0.000000
vt 0.542069 0.000000
vt 0.542305 0.000000
vt 0.547490 0.000000
vt 0.536649 0.000000
vt 0.541834 0.000000
vt 0.541598 0.000000
vt 0.542541 0.000000
vt 0.547254 0.000000
vt 0.536884 0.000000
vt 0.547019 0.000000
vt 0.537120 0.000000
vt 0.546783 0.000000
vt 0.541362 0.000000
vt 0.542776 0.000000
vt 0.537356 0.000000
vt 0.546547 0.000000
vt 0.537591 0.000000
vt 0.546312 0.000000
vt 0.537827 0.000000
vt 0.546076 0.000000
vt 0.538063 0.000000
vt 0.538298 0.000000
vt 0.538534 0.000000
vt 0.538770 0.000000
vt 0.539005 0.000000
vt 0.539241 0.000000
vt 0.545840 0.000000
vt 0.539477 0.000000
vt 0.539712 0.000000
vt 0.539948 0.000000
vt 0.545605 0.000000
vt 0.540184 0.000000
vt 0.545369 0.000000
vt 0.545133 0.000000
vt 0.543012 0.000000
vt 0.544897 0.000000
vt 0.540420 0.000000
vt 0.544662 0.000000
vt 0.544426 0.000000
vt 0.544190 0.000000
vt 0.543955 0.000000
vt 0.540655 0.000000
vt 0.543248 0.000000
vt 0.543719 0.000000
vt 0.543483 0.000000
vt 0.540891 0.000000
vt 0.541127 0.000000
vt 0.634221 0.000000
vt 0.633750 0.000000
vt 0.633985 0.000000
vt 0.634457 0.000000
vt 0.633514 0.000000
vt 0.634692 0.000000
vt 0.633278 0.000000
vt 0.633043 0.000000
vt 0.571765 0.000000
vt 0.632807 0.000000
vt 0.572001 0.000000
vt 0.632571 0.000000
vt 0.632336 0.000000
vt 0.572237 0.000000
vt 0.632100 0.000000
vt 0.631864 0.000000
vt 0.572472 0.000000
vt 0.631629 0.000000
vt 0.572708 0.000000
vt 0.631393 0.000000
vt 0.631157 0.000000
vt 0.572944 0.000000
vt 0.630922 0.000000
vt 0.573179 0.000000
vt 0.630686 0.000000
vt 0.573415 0.000000
vt 0.630450 0.000000
vt 0.573651 0.000000
vt 0.630214 0.000000
vt 0.629979 0.000000
vt 0.573886 0.000000
vt 0.629743 0.000000
vt 0.574122 0.000000
vt 0.629507 0.000000
vt 0.574358 0.000000
vt 0.629272 0.000000
vt 0.574593 0.000000
vt 0.629036 0.000000
vt 0.628800 0.000000
vt 0.628565 0.000000
vt 0.628329 0.000000
vt 0.615131 0.000000
vt 0.615366 0.000000
vt 0.615602 0.000000
vt 0.628093 0.000000
vt 0.614895 0.000000
vt 0.614659 0.000000
vt 0.615838 0.000000
vt 0.614424 0.000000
vt 0.616074 0.000000
vt 0.614188 0.000000
vt 0.574829 0.000000
vt 0.616309 0.000000
vt 0.613952 0.000000
vt 0.616545 0.000000
vt 0.613717 0.000000
vt 0.575065 0.000000
vt 0.616781 0.000000
vt 0.613481 0.000000
vt 0.617016 0.000000
vt 0.613245 0.000000
vt 0.575301 0.000000
vt 0.617252 0.000000
vt 0.613010 0.000000
vt 0.627858 0.000000
vt 0.617488 0.000000
vt 0.612774 0.000000
vt 0.575536 0.000000
vt 0.617723 0.000000
vt 0.612538 0.000000
vt 0.627622 0.000000
vt 0.617959 0.000000
vt 0.612303 0.000000
vt 0.575772 0.000000
vt 0.612067 0.000000
vt 0.618195 0.000000
vt 0.627386 0.000000
vt 0.576008 0.000000
vt 0.618430 0.000000
vt 0.611831 0.000000
vt 0.627151 0.000000
vt 0.576243 0.000000
vt 0.618666 0.000000
vt 0.626915 0.000000
vt 0.611596 0.000000
vt 0.626679 0.000000
vt 0.576479 0.000000
vt 0.626444 0.000000
vt 0.611360 0.000000
vt 0.618902 0.000000
vt 0.626208 0.000000
vt 0.625972 0.000000
vt 0.625737 0.000000
vt 0.576715 0.000000
vt 0.625501 0.000000
vt 0.611124 0.000000
vt 0.625265 0.000000
vt 0.619137 0.000000
vt 0.576950 0.000000
vt 0.625029 0.000000
vt 0.610889 0.000000
vt 0.577186 0.000000
vt 0.624794 0.000000
vt 0.577422 0.000000
vt 0.619373 0.000000
vt 0.577657 0.000000
vt 0.624558 0.000000
vt 0.610653 0.000000
vt 0.624322 0.000000
vt 0.619609 0.000000
vt 0.624087 0.000000
vt 0.610417 0.000000
vt 0.623851 0.000000
vt 0.619844 0.000000
vt 0.610181 0.000000
vt 0.623615 0.000000
vt 0.623380 0.000000
vt 0.620080 0.000000
vt 0.609946 0.000000
vt 0.623144 0.000000
vt 0.620316 0.000000
vt 0.609710 0.000000
vt 0.622908 0.000000
vt 0.622673 0.000000
vt 0.620551 0.000000
vt 0.622437 0.000000
vt 0.609474 0.000000
vt 0.620787 0.000000
vt 0.622201 0.000000
vt 0.621966 0.000000
vt 0.621730 0.000000
vt 0.621023 0.000000
vt 0.621494 0.000000
vt 0.621259 0.000000
vt 0.609239 0.000000
vt 0.609003 0.000000
vt 0.608767 0.000000
vt 0.608532 0.000000
vt 0.608296 0.000000
vt 0.608060 0.000000
vt 0.607825 0.000000
vt 0.607589 0.000000
vt 0.607353 0.000000
vt 0.607118 0.000000
vt 0.606882 0.000000
vt 0.606646 0.000000
vt 0.577893 0.000000
vt 0.606411 0.000000
vt 0.578129 0.000000
vt 0.606175 0.000000
vt 0.578364 0.000000
vt 0.605939 0.000000
vt 0.578600 0.000000
vt 0.578836 0.000000
vt 0.605704 0.000000
vt 0.579071 0.000000
vt 0.605468 0.000000
vt 0.595334 0.000000
vt 0.594862 0.000000
vt 0.595098 0.000000
vt 0.594626 0.000000
vt 0.594391 0.000000
vt 0.594155 0.000000
vt 0.593919 0.000000
vt 0.593684 0.000000
vt 0.593448 0.000000
vt 0.579307 0.000000
vt 0.593212 0.000000
vt 0.592977 0.000000
vt 0.595569 0.000000
vt 0.605232 0.000000
vt 0.592741 0.000000
vt 0.592505 0.000000
vt 0.595805 0.000000
vt 0.592270 0.000000
vt 0.592034 0.000000
vt 0.591798 0.000000
vt 0.591563 0.000000
vt 0.596041 0.000000
vt 0.579543 0.000000
vt 0.604996 0.000000
vt 0.596276 0.000000
vt 0.596512 0.000000
vt 0.591327 0.000000
vt 0.579778 0.000000
vt 0.604761 0.000000
vt 0.596748 0.000000
vt 0.604525 0.000000
vt 0.596983 0.000000
vt 0.580014 0.000000
vt 0.591091 0.000000
vt 0.604289 0.000000
vt 0.597219 0.000000
vt 0.580250 0.000000
vt 0.604054 0.000000
vt 0.597455 0.000000
vt 0.580486 0.000000
vt 0.603818 0.000000
vt 0.597690 0.000000
vt 0.580721 0.000000
vt 0.590856 0.000000
vt 0.597926 0.000000
vt 0.603582 0.000000
vt 0.598162 0.000000
vt 0.603347 0.000000
vt 0.598397 0.000000
vt 0.603111 0.000000
vt 0.598633 0.000000
vt 0.580957 0.000000
vt 0.602875 0.000000
vt 0.598869 0.000000
vt 0.590620 0.000000
vt 0.602640 0.000000
vt 0.599104 0.000000
vt 0.599340 0.000000
vt 0.602404 0.000000
vt 0.599576 0.000000
vt 0.602168 0.000000
vt 0.599811 0.000000
vt 0.601933 0.000000
vt 0.600047 0.000000
vt 0.601697 0.000000
vt 0.600283 0.000000
vt 0.601461 0.000000
vt 0.600519 0.000000
vt 0.601226 0.000000
vt 0.600754 0.000000
vt 0.600990 0.000000
vt 0.581193 0.000000
vt 0.590384 0.000000
vt 0.581428 0.000000
vt 0.590149 0.000000
vt 0.581664 0.000000
vt 0.589913 0.000000
vt 0.581900 0.000000
vt 0.589677 0.000000
vt 0.582135 0.000000
vt 0.589441 0.000000
vt 0.582371 0.000000
vt 0.589206 0.000000
vt 0.582607 0.000000
vt 0.582842 0.000000
vt 0.588970 0.000000
vt 0.583078 0.000000
vt 0.588734 0.000000
vt 0.583314 0.000000
vt 0.588499 0.000000
vt 0.583549 0.000000
vt 0.588263 0.000000
vt 0.583785 0.000000
vt 0.588027 0.000000
vt 0.584021 0.000000
vt 0.584256 0.000000
vt 0.587792 0.000000
vt 0.584492 0.000000
vt 0.587556 0.000000
vt 0.584728 0.000000
vt 0.584963 0.000000
vt 0.587320 0.000000
vt 0.585199 0.000000
vt 0.585435 0.000000
vt 0.587085 0.000000
vt 0.585671 0.000000
vt 0.585906 0.000000
vt 0.586849 0.000000
vt 0.586142 0.000000
vt 0.586378 0.000000
vt 0.586613 0.000000
vt 0.675937 0.000000
vt 0.675465 0.000000
vt 0.675701 0.000000
vt 0.675230 0.000000
vt 0.674994 0.000000
vt 0.676172 0.000000
vt 0.674758 0.000000
vt 0.676408 0.000000
vt 0.674523 0.000000
vt 0.676644 0.000000
vt 0.674287 0.000000
vt 0.676880 0.000000
vt 0.674051 0.000000
vt 0.677115 0.000000
vt 0.677351 0.000000
vt 0.673816 0.000000
vt 0.677587 0.000000
vt 0.673580 0.000000
vt 0.677822 0.000000
vt 0.678058 0.000000
vt 0.673344 0.000000
vt 0.678294 0.000000
vt 0.634928 0.000000
vt 0.635164 0.000000
vt 0.673109 0.000000
vt 0.672873 0.000000
vt 0.635399 0.000000
vt 0.672637 0.000000
vt 0.672402 0.000000
vt 0.672166 0.000000
vt 0.635635 0.000000
vt 0.635871 0.000000
vt 0.671930 0.000000
vt 0.636107 0.000000
vt 0.671695 0.000000
vt 0.636342 0.000000
vt 0.636578 0.000000
vt 0.671459 0.000000
vt 0.636814 0.000000
vt 0.637049 0.000000
vt 0.671223 0.000000
vt 0.637285 0.000000
vt 0.670987 0.000000
vt 0.637521 0.000000
vt 0.637756 0.000000
vt 0.670752 0.000000
vt 0.637992 0.000000
vt 0.670516 0.000000
vt 0.638228 0.000000
vt 0.670280 0.000000
vt 0.638463 0.000000
vt 0.670045 0.000000
vt 0.638699 0.000000
vt 0.669809 0.000000
vt 0.638935 0.000000
vt 0.669573 0.000000
vt 0.639170 0.000000
vt 0.669338 0.000000
vt 0.669102 0.000000
vt 0.639406 0.000000
vt 0.668866 0.000000
vt 0.668631 0.000000
vt 0.639642 0.000000
vt 0.668395 0.000000
vt 0.639877 0.000000
vt 0.668159 0.000000
vt 0.667924 0.000000
vt 0.640113 0.000000
vt 0.654961 0.000000
vt 0.667688 0.000000
vt 0.654725 0.000000
vt 0.655197 0.000000
vt 0.654490 0.000000
vt 0.654254 0.000000
vt 0.654018 0.000000
vt 0.667452 0.000000
vt 0.640349 0.000000
vt 0.653783 0.000000
vt 0.653547 0.000000
vt 0.653311 0.000000
vt 0.667217 0.000000
vt 0.653076 0.000000
vt 0.652840 0.000000
vt 0.640584 0.000000
vt 0.652604 0.000000
vt 0.666981 0.000000
vt 0.655432 0.000000
vt 0.652369 0.000000
vt 0.652133 0.000000
vt 0.651897 0.000000
vt 0.666745 0.000000
vt 0.655668 0.000000
vt 0.640820 0.000000
vt 0.641056 0.000000
vt 0.651662 0.000000
vt 0.641292 0.000000
vt 0.666510 0.000000
vt 0.641527 0.000000
vt 0.641763 0.000000
vt 0.641999 0.000000
vt 0.655904 0.000000
vt 0.651426 0.000000
vt 0.642234 0.000000
vt 0.642470 0.000000
vt 0.642706 0.000000
vt 0.642941 0.000000
vt 0.656140 0.000000
vt 0.643177 0.000000
vt 0.651190 0.000000
vt 0.666274 0.000000
vt 0.643413 0.000000
vt 0.643648 0.000000
vt 0.666038 0.000000
vt 0.665802 0.000000
vt 0.656375 0.000000
vt 0.650954 0.000000
vt 0.665567 0.000000
vt 0.650719 0.000000
vt 0.665331 0.000000
vt 0.656611 0.000000
vt 0.665095 0.000000
vt 0.650483 0.000000
vt 0.656847 0.000000
vt 0.664860 0.000000
vt 0.650247 0.000000
vt 0.657082 0.000000
vt 0.664624 0.000000
vt 0.650012 0.000000
vt 0.657318 0.000000
vt 0.664388 0.000000
vt 0.649776 0.000000
vt 0.657554 0.000000
vt 0.664153 0.000000
vt 0.649540 0.000000
vt 0.663917 0.000000
vt 0.657789 0.000000
vt 0.663681 0.000000
vt 0.649305 0.000000
vt 0.663446 0.000000
vt 0.643884 0.000000
vt 0.658025 0.000000
vt 0.649069 0.000000
vt 0.663210 0.000000
vt 0.658261 0.000000
vt 0.644120 0.000000
vt 0.648833 0.000000
vt 0.658496 0.000000
vt 0.648598 0.000000
vt 0.662974 0.000000
vt 0.644355 0.000000
vt 0.658732 0.000000
vt 0.648362 0.000000
vt 0.658968 0.000000
vt 0.662739 0.000000
vt 0.648126 0.000000
vt 0.644591 0.000000
vt 0.659203 0.000000
vt 0.647891 0.000000
vt 0.662503 0.000000
vt 0.644827 0.000000
vt 0.659439 0.000000
vt 0.647655 0.000000
vt 0.662267 0.000000
vt 0.645062 0.000000
vt 0.659675 0.000000
vt 0.647419 0.000000
vt 0.662032 0.000000
vt 0.645298 0.000000
vt 0.659910 0.000000
vt 0.647184 0.000000
vt 0.661796 0.000000
vt 0.645534 0.000000
vt 0.660146 0.000000
vt 0.646948 0.000000
vt 0.661560 0.000000
vt 0.645769 0.000000
vt 0.660382 0.000000
vt 0.661325 0.000000
vt 0.646005 0.000000
vt 0.646712 0.000000
vt 0.660617 0.000000
vt 0.661089 0.000000
vt 0.646241 0.000000
vt 0.646477 0.000000
vt 0.660853 0.000000
vt 0.678529 0.000000
vt 0.679943 0.000000
vt 0.680179 0.000000
vt 0.679708 0.000000
vt 0.679472 0.000000
vt 0.678765 0.000000
vt 0.679236 0.000000
vt 0.679001 0.000000
vt 0.680415 0.000000
vt 0.711761 0.000000
vt 0.711996 0.000000
vt 0.711525 0.000000
vt 0.711289 0.000000
vt 0.680650 0.000000
vt 0.711053 0.000000
vt 0.680886 0.000000
vt 0.681122 0.000000
vt 0.681358 0.000000
vt 0.710582 0.000000
vt 0.710346 0.000000
vt 0.710818 0.000000
vt 0.710111 0.000000
vt 0.681593 0.000000
vt 0.709875 0.000000
vt 0.709639 0.000000
vt 0.709404 0.000000
vt 0.709168 0.000000
vt 0.708932 0.000000
vt 0.708697 0.000000
vt 0.682065 0.000000
vt 0.681829 0.000000
vt 0.708461 0.000000
vt 0.708225 0.000000
vt 0.682300 0.000000
vt 0.707990 0.000000
vt 0.707754 0.000000
vt 0.707518 0.000000
vt 0.707283 0.000000
vt 0.707047 0.000000
vt 0.682536 0.000000
vt 0.706811 0.000000
vt 0.706576 0.000000
vt 0.682772 0.000000
vt 0.706340 0.000000
vt 0.683007 0.000000
vt 0.706104 0.000000
vt 0.705868 0.000000
vt 0.683243 0.000000
vt 0.705633 0.000000
vt 0.683479 0.000000
vt 0.705397 0.000000
vt 0.683714 0.000000
vt 0.705161 0.000000
vt 0.683950 0.000000
vt 0.704926 0.000000
vt 0.704690 0.000000
vt 0.684186 0.000000
vt 0.704454 0.000000
vt 0.684421 0.000000
vt 0.704219 0.000000
vt 0.684657 0.000000
vt 0.703983 0.000000
vt 0.684893 0.000000
vt 0.703747 0.000000
vt 0.685128 0.000000
vt 0.703512 0.000000
vt 0.685364 0.000000
vt 0.703276 0.000000
vt 0.685600 0.000000
vt 0.703040 0.000000
vt 0.685835 0.000000
vt 0.702805 0.000000
vt 0.686071 0.000000
vt 0.686307 0.000000
vt 0.702569 0.000000
vt 0.686543 0.000000
vt 0.732265 0.000000
vt 0.702333 0.000000
vt 0.686778 0.000000
vt 0.728258 0.000000
vt 0.728494 0.000000
vt 0.728730 0.000000
vt 0.728965 0.000000
vt 0.729201 0.000000
vt 0.729437 0.000000
vt 0.729672 0.000000
vt 0.729908 0.000000
vt 0.730144 0.000000
vt 0.730379 0.000000
vt 0.730615 0.000000
vt 0.730851 0.000000
vt 0.731086 0.000000
vt 0.731322 0.000000
vt 0.731558 0.000000
vt 0.731794 0.000000
vt 0.732029 0.000000
vt 0.732501 0.000000
vt 0.732736 0.000000
vt 0.732972 0.000000
vt 0.702098 0.000000
vt 0.728023 0.000000
vt 0.733208 0.000000
vt 0.727787 0.000000
vt 0.733443 0.000000
vt 0.727551 0.000000
vt 0.733679 0.000000
vt 0.727316 0.000000
vt 0.733915 0.000000
vt 0.727080 0.000000
vt 0.734150 0.000000
vt 0.734386 0.000000
vt 0.726844 0.000000
vt 0.687014 0.000000
vt 0.734622 0.000000
vt 0.734857 0.000000
vt 0.712232 0.000000
vt 0.712468 0.000000
vt 0.726609 0.000000
vt 0.701862 0.000000
vt 0.712703 0.000000
vt 0.726373 0.000000
vt 0.712939 0.000000
vt 0.726137 0.000000
vt 0.713175 0.000000
vt 0.713410 0.000000
vt 0.687250 0.000000
vt 0.725901 0.000000
vt 0.713646 0.000000
vt 0.713882 0.000000
vt 0.725666 0.000000
vt 0.714117 0.000000
vt 0.701626 0.000000
vt 0.714353 0.000000
vt 0.725430 0.000000
vt 0.714589 0.000000
vt 0.687485 0.000000
vt 0.714824 0.000000
vt 0.725194 0.000000
vt 0.715060 0.000000
vt 0.701391 0.000000
vt 0.724959 0.000000
vt 0.715296 0.000000
vt 0.687721 0.000000
vt 0.724723 0.000000
vt 0.715531 0.000000
vt 0.715767 0.000000
vt 0.724487 0.000000
vt 0.716003 0.000000
vt 0.701155 0.000000
vt 0.724252 0.000000
vt 0.716238 0.000000
vt 0.687957 0.000000
vt 0.716474 0.000000
vt 0.724016 0.000000
vt 0.716710 0.000000
vt 0.716946 0.000000
vt 0.717181 0.000000
vt 0.723780 0.000000
vt 0.717417 0.000000
vt 0.700919 0.000000
vt 0.723545 0.000000
vt 0.717653 0.000000
vt 0.717888 0.000000
vt 0.688192 0.000000
vt 0.718124 0.000000
vt 0.718360 0.000000
vt 0.718595 0.000000
vt 0.718831 0.000000
vt 0.719067 0.000000
vt 0.723309 0.000000
vt 0.723073 0.000000
vt 0.722838 0.000000
vt 0.722602 0.000000
vt 0.722366 0.000000
vt 0.722131 0.000000
vt 0.721895 0.000000
vt 0.719302 0.000000
vt 0.721659 0.000000
vt 0.721424 0.000000
vt 0.721188 0.000000
vt 0.720952 0.000000
vt 0.720716 0.000000
vt 0.719538 0.000000
vt 0.720481 0.000000
vt 0.700683 0.000000
vt 0.720245 0.000000
vt 0.719774 0.000000
vt 0.720009 0.000000
vt 0.688428 0.000000
vt 0.700448 0.000000
vt 0.688664 0.000000
vt 0.700212 0.000000
vt 0.688899 0.000000
vt 0.699976 0.000000
vt 0.689135 0.000000
vt 0.699741 0.000000
vt 0.689371 0.000000
vt 0.699505 0.000000
vt 0.689606 0.000000
vt 0.699269 0.000000
vt 0.689842 0.000000
vt 0.699034 0.000000
vt 0.690078 0.000000
vt 0.698798 0.000000
vt 0.698562 0.000000
vt 0.690313 0.000000
vt 0.698327 0.000000
vt 0.698091 0.000000
vt 0.697855 0.000000
vt 0.690549 0.000000
vt 0.697620 0.000000
vt 0.697384 0.000000
vt 0.697148 0.000000
vt 0.690785 0.000000
vt 0.696913 0.000000
vt 0.696677 0.000000
vt 0.696441 0.000000
vt 0.691020 0.000000
vt 0.696205 0.000000
vt 0.695970 0.000000
vt 0.695734 0.000000
vt 0.691256 0.000000
vt 0.695498 0.000000
vt 0.691492 0.000000
vt 0.695263 0.000000
vt 0.695027 0.000000
vt 0.691728 0.000000
vt 0.694791 0.000000
vt 0.694556 0.000000
vt 0.694320 0.000000
vt 0.691963 0.000000
vt 0.694084 0.000000
vt 0.693849 0.000000
vt 0.692199 0.000000
vt 0.693613 0.000000
vt 0.693377 0.000000
vt 0.693142 0.000000
vt 0.692435 0.000000
vt 0.692906 0.000000
vt 0.692670 0.000000
vt 0.745934 0.000000
vt 0.745463 0.000000
vt 0.745699 0.000000
vt 0.745227 0.000000
vt 0.744285 0.000000
vt 0.743813 0.000000
vt 0.744049 0.000000
vt 0.743578 0.000000
vt 0.743342 0.000000
vt 0.746170 0.000000
vt 0.746406 0.000000
vt 0.746642 0.000000
vt 0.746877 0.000000
vt 0.747113 0.000000
vt 0.747349 0.000000
vt 0.747584 0.000000
vt 0.747820 0.000000
vt 0.748056 0.000000
vt 0.748291 0.000000
vt 0.735093 0.000000
vt 0.735329 0.000000
vt 0.735564 0.000000
vt 0.735800 0.000000
vt 0.736036 0.000000
vt 0.736272 0.000000
vt 0.736507 0.000000
vt 0.736743 0.000000
vt 0.736979 0.000000
vt 0.737214 0.000000
vt 0.737450 0.000000
vt 0.737686 0.000000
vt 0.737921 0.000000
vt 0.744992 0.000000
vt 0.744520 0.000000
vt 0.743106 0.000000
vt 0.738157 0.000000
vt 0.738393 0.000000
vt 0.738628 0.000000
vt 0.738864 0.000000
vt 0.739100 0.000000
vt 0.739335 0.000000
vt 0.739571 0.000000
vt 0.739807 0.000000
vt 0.740042 0.000000
vt 0.740278 0.000000
vt 0.740514 0.000000
vt 0.740749 0.000000
vt 0.741457 0.000000
vt 0.740985 0.000000
vt 0.741221 0.000000
vt 0.744756 0.000000
vt 0.742871 0.000000
vt 0.742635 0.000000
vt 0.742399 0.000000
vt 0.741692 0.000000
vt 0.742164 0.000000
vt 0.741928 0.000000
vt 0.748527 0.000000
vt 0.751827 0.000000
vt 0.752062 0.000000
vt 0.751591 0.000000
vt 0.751355 0.000000
vt 0.748763 0.000000
vt 0.751119 0.000000
vt 0.748998 0.000000
vt 0.749234 0.000000
vt 0.749470 0.000000
vt 0.750648 0.000000
vt 0.750412 0.000000
vt 0.750884 0.000000
vt 0.749705 0.000000
vt 0.750177 0.000000
vt 0.749941 0.000000
vt 0.752298 0.000000
vt 0.757483 0.000000
vt 0.757719 0.000000
vt 0.757247 0.000000
vt 0.753005 0.000000
vt 0.757012 0.000000
vt 0.752534 0.000000
vt 0.752769 0.000000
vt 0.753241 0.000000
vt 0.753476 0.000000
vt 0.756776 0.000000
vt 0.754183 0.000000
vt 0.753712 0.000000
vt 0.753948 0.000000
vt 0.756305 0.000000
vt 0.756069 0.000000
vt 0.756540 0.000000
vt 0.755833 0.000000
vt 0.754419 0.000000
vt 0.755597 0.000000
vt 0.755362 0.000000
vt 0.755126 0.000000
vt 0.754890 0.000000
vt 0.754655 0.000000
vt 0.757954 0.000000
vt 0.760311 0.000000
vt 0.760547 0.000000
vt 0.760075 0.000000
vt 0.759840 0.000000
vt 0.759604 0.000000
vt 0.758190 0.000000
vt 0.759368 0.000000
vt 0.759133 0.000000
vt 0.758897 0.000000
vt 0.758661 0.000000
vt 0.758426 0.000000
vt 0.786943 0.000000
vt 0.786472 0.000000
vt 0.786708 0.000000
vt 0.786236 0.000000
vt 0.787179 0.000000
vt 0.786000 0.000000
vt 0.787415 0.000000
vt 0.785765 0.000000
vt 0.787650 0.000000
vt 0.785529 0.000000
vt 0.787886 0.000000
vt 0.788122 0.000000
vt 0.785293 0.000000
vt 0.788357 0.000000
vt 0.788593 0.000000
vt 0.785058 0.000000
vt 0.788829 0.000000
vt 0.760782 0.000000
vt 0.761018 0.000000
vt 0.784822 0.000000
vt 0.761254 0.000000
vt 0.784586 0.000000
vt 0.761490 0.000000
vt 0.784351 0.000000
vt 0.761725 0.000000
vt 0.784115 0.000000
vt 0.761961 0.000000
vt 0.762197 0.000000
vt 0.783879 0.000000
vt 0.762432 0.000000
vt 0.783644 0.000000
vt 0.762668 0.000000
vt 0.762904 0.000000
vt 0.783408 0.000000
vt 0.763139 0.000000
vt 0.763375 0.000000
vt 0.783172 0.000000
vt 0.763611 0.000000
vt 0.782937 0.000000
vt 0.763846 0.000000
vt 0.782701 0.000000
vt 0.764082 0.000000
vt 0.782465 0.000000
vt 0.764318 0.000000
vt 0.764553 0.000000
vt 0.782230 0.000000
vt 0.764789 0.000000
vt 0.781994 0.000000
vt 0.765025 0.000000
vt 0.781758 0.000000
vt 0.765260 0.000000
vt 0.781523 0.000000
vt 0.765496 0.000000
vt 0.781287 0.000000
vt 0.765732 0.000000
vt 0.805091 0.000000
vt 0.804855 0.000000
vt 0.805326 0.000000
vt 0.805562 0.000000
vt 0.805798 0.000000
vt 0.806033 0.000000
vt 0.781051 0.000000
vt 0.804619 0.000000
vt 0.765967 0.000000
vt 0.803677 0.000000
vt 0.803912 0.000000
vt 0.804148 0.000000
vt 0.804384 0.000000
vt 0.789064 0.000000
vt 0.789300 0.000000
vt 0.803441 0.000000
vt 0.789536 0.000000
vt 0.803205 0.000000
vt 0.789771 0.000000
vt 0.802970 0.000000
vt 0.790007 0.000000
vt 0.802734 0.000000
vt 0.790243 0.000000
vt 0.802498 0.000000
vt 0.790478 0.000000
vt 0.802263 0.000000
vt 0.766203 0.000000
vt 0.780815 0.000000
vt 0.790714 0.000000
vt 0.802027 0.000000
vt 0.790950 0.000000
vt 0.801791 0.000000
vt 0.791185 0.000000
vt 0.801556 0.000000
vt 0.791421 0.000000
vt 0.801320 0.000000
vt 0.766439 0.000000
vt 0.780580 0.000000
vt 0.791657 0.000000
vt 0.801084 0.000000
vt 0.800848 0.000000
vt 0.791893 0.000000
vt 0.800613 0.000000
vt 0.792128 0.000000
vt 0.766675 0.000000
vt 0.800377 0.000000
vt 0.780344 0.000000
vt 0.800141 0.000000
vt 0.792364 0.000000
vt 0.799906 0.000000
vt 0.766910 0.000000
vt 0.799670 0.000000
vt 0.799434 0.000000
vt 0.792600 0.000000
vt 0.799199 0.000000
vt 0.780108 0.000000
vt 0.798963 0.000000
vt 0.767146 0.000000
vt 0.798727 0.000000
vt 0.792835 0.000000
vt 0.798492 0.000000
vt 0.798256 0.000000
vt 0.798020 0.000000
vt 0.793071 0.000000
vt 0.797785 0.000000
vt 0.767382 0.000000
vt 0.797549 0.000000
vt 0.793307 0.000000
vt 0.779873 0.000000
vt 0.793542 0.000000
vt 0.767617 0.000000
vt 0.793778 0.000000
vt 0.794014 0.000000
vt 0.794249 0.000000
vt 0.794485 0.000000
vt 0.794721 0.000000
vt 0.797313 0.000000
vt 0.797078 0.000000
vt 0.796842 0.000000
vt 0.796606 0.000000
vt 0.796371 0.000000
vt 0.796135 0.000000
vt 0.795899 0.000000
vt 0.795663 0.000000
vt 0.795428 0.000000
vt 0.795192 0.000000
vt 0.794956 0.000000
vt 0.767853 0.000000
vt 0.779637 0.000000
vt 0.768089 0.000000
vt 0.779401 0.000000
vt 0.768324 0.000000
vt 0.768560 0.000000
vt 0.779166 0.000000
vt 0.768796 0.000000
vt 0.769031 0.000000
vt 0.769267 0.000000
vt 0.778930 0.000000
vt 0.769503 0.000000
vt 0.778694 0.000000
vt 0.769738 0.000000
vt 0.778459 0.000000
vt 0.769974 0.000000
vt 0.770210 0.000000
vt 0.778223 0.000000
vt 0.770445 0.000000
vt 0.777987 0.000000
vt 0.770681 0.000000
vt 0.777752 0.000000
vt 0.770917 0.000000
vt 0.777516 0.000000
vt 0.771152 0.000000
vt 0.771388 0.000000
vt 0.777280 0.000000
vt 0.771624 0.000000
vt 0.777045 0.000000
vt 0.771860 0.000000
vt 0.776809 0.000000
vt 0.772095 0.000000
vt 0.772331 0.000000
vt 0.776573 0.000000
vt 0.772567 0.000000
vt 0.776338 0.000000
vt 0.772802 0.000000
vt 0.773038 0.000000
vt 0.776102 0.000000
vt 0.773274 0.000000
vt 0.775866 0.000000
vt 0.773509 0.000000
vt 0.773745 0.000000
vt 0.775630 0.000000
vt 0.773981 0.000000
vt 0.775395 0.000000
vt 0.774216 0.000000
vt 0.774452 0.000000
vt 0.775159 0.000000
vt 0.774688 0.000000
vt 0.774923 0.000000
vt 0.806269 0.000000
vt 0.807683 0.000000
vt 0.807919 0.000000
vt 0.807448 0.000000
vt 0.807212 0.000000
vt 0.806505 0.000000
vt 0.806741 0.000000
vt 0.806976 0.000000
vt 0.808155 0.000000
vt 0.809569 0.000000
vt 0.809804 0.000000
vt 0.809333 0.000000
vt 0.809097 0.000000
vt 0.808390 0.000000
vt 0.808862 0.000000
vt 0.808626 0.000000
vt 0.810040 0.000000
vt 0.811454 0.000000
vt 0.811690 0.000000
vt 0.811219 0.000000
vt 0.810983 0.000000
vt 0.810276 0.000000
vt 0.810747 0.000000
vt 0.810511 0.000000
vt 0.811926 0.000000
vt 0.813340 0.000000
vt 0.813575 0.000000
vt 0.813104 0.000000
vt 0.812868 0.000000
vt 0.812161 0.000000
vt 0.812633 0.000000
vt 0.812397 0.000000
vt 0.813811 0.000000
vt 0.817111 0.000000
vt 0.817346 0.000000
vt 0.816875 0.000000
vt 0.816639 0.000000
vt 0.817582 0.000000
vt 0.822767 0.000000
vt 0.823003 0.000000
vt 0.822531 0.000000
vt 0.818289 0.000000
vt 0.822296 0.000000
vt 0.817818 0.000000
vt 0.814047 0.000000
vt 0.818053 0.000000
vt 0.818525 0.000000
vt 0.822060 0.000000
vt 0.818760 0.000000
vt 0.814754 0.000000
vt 0.814282 0.000000
vt 0.814518 0.000000
vt 0.819467 0.000000
vt 0.818996 0.000000
vt 0.819232 0.000000
vt 0.821589 0.000000
vt 0.814989 0.000000
vt 0.815225 0.000000
vt 0.815461 0.000000
vt 0.816404 0.000000
vt 0.821824 0.000000
vt 0.821353 0.000000
vt 0.815696 0.000000
vt 0.819703 0.000000
vt 0.821117 0.000000
vt 0.820881 0.000000
vt 0.820646 0.000000
vt 0.820410 0.000000
vt 0.820174 0.000000
vt 0.815932 0.000000
vt 0.819939 0.000000
vt 0.816168 0.000000
vt 0.823238 0.000000
vt 0.824652 0.000000
vt 0.824888 0.000000
vt 0.824417 0.000000
vt 0.824181 0.000000
vt 0.823474 0.000000
vt 0.823945 0.000000
vt 0.823710 0.000000
vt 0.846807 0.000000
vt 0.846335 0.000000
vt 0.846571 0.000000
vt 0.846099 0.000000
vt 0.847042 0.000000
vt 0.847278 0.000000
vt 0.847514 0.000000
vt 0.847749 0.000000
vt 0.847985 0.000000
vt 0.848221 0.000000
vt 0.848456 0.000000
vt 0.848692 0.000000
vt 0.848928 0.000000
vt 0.845864 0.000000
vt 0.849163 0.000000
vt 0.825124 0.000000
vt 0.825359 0.000000
vt 0.825595 0.000000
vt 0.825831 0.000000
vt 0.845628 0.000000
vt 0.826066 0.000000
vt 0.826302 0.000000
vt 0.845392 0.000000
vt 0.826538 0.000000
vt 0.826774 0.000000
vt 0.845157 0.000000
vt 0.827009 0.000000
vt 0.827245 0.000000
vt 0.844921 0.000000
vt 0.827481 0.000000
vt 0.827716 0.000000
vt 0.844685 0.000000
vt 0.827952 0.000000
vt 0.844450 0.000000
vt 0.828188 0.000000
vt 0.828423 0.000000
vt 0.828659 0.000000
vt 0.828895 0.000000
vt 0.844214 0.000000
vt 0.829130 0.000000
vt 0.843978 0.000000
vt 0.829366 0.000000
vt 0.843743 0.000000
vt 0.829602 0.000000
vt 0.843507 0.000000
vt 0.843271 0.000000
vt 0.829837 0.000000
vt 0.830073 0.000000
vt 0.830309 0.000000
vt 0.830544 0.000000
vt 0.831252 0.000000
vt 0.843036 0.000000
vt 0.830780 0.000000
vt 0.831016 0.000000
vt 0.831487 0.000000
vt 0.842800 0.000000
vt 0.842564 0.000000
vt 0.831723 0.000000
vt 0.842329 0.000000
vt 0.831959 0.000000
vt 0.842093 0.000000
vt 0.832194 0.000000
vt 0.841857 0.000000
vt 0.841622 0.000000
vt 0.832430 0.000000
vt 0.841386 0.000000
vt 0.832666 0.000000
vt 0.841150 0.000000
vt 0.840914 0.000000
vt 0.832901 0.000000
vt 0.840679 0.000000
vt 0.833137 0.000000
vt 0.840443 0.000000
vt 0.840207 0.000000
vt 0.833373 0.000000
vt 0.839972 0.000000
vt 0.839736 0.000000
vt 0.833608 0.000000
vt 0.839500 0.000000
vt 0.839265 0.000000
vt 0.833844 0.000000
vt 0.839029 0.000000
vt 0.838793 0.000000
vt 0.834080 0.000000
vt 0.838558 0.000000
vt 0.838322 0.000000
vt 0.838086 0.000000
vt 0.834315 0.000000
vt 0.837851 0.000000
vt 0.837615 0.000000
vt 0.834551 0.000000
vt 0.834787 0.000000
vt 0.835022 0.000000
vt 0.835258 0.000000
vt 0.835494 0.000000
vt 0.835729 0.000000
vt 0.835965 0.000000
vt 0.836201 0.000000
vt 0.836437 0.000000
vt 0.837379 0.000000
vt 0.836672 0.000000
vt 0.836908 0.000000
vt 0.837144 0.000000
vt 0.858355 0.000000
vt 0.857884 0.000000
vt 0.858119 0.000000
vt 0.857648 0.000000
vt 0.858591 0.000000
vt 0.858826 0.000000
vt 0.859062 0.000000
vt 0.859298 0.000000
vt 0.859533 0.000000
vt 0.859769 0.000000
vt 0.860005 0.000000
vt 0.860240 0.000000
vt 0.860476 0.000000
vt 0.860712 0.000000
vt 0.849399 0.000000
vt 0.849635 0.000000
vt 0.849870 0.000000
vt 0.850106 0.000000
vt 0.850342 0.000000
vt 0.850577 0.000000
vt 0.850813 0.000000
vt 0.851049 0.000000
vt 0.857412 0.000000
vt 0.851284 0.000000
vt 0.851520 0.000000
vt 0.851756 0.000000
vt 0.857177 0.000000
vt 0.856941 0.000000
vt 0.856705 0.000000
vt 0.851992 0.000000
vt 0.856469 0.000000
vt 0.852227 0.000000
vt 0.855998 0.000000
vt 0.856234 0.000000
vt 0.855762 0.000000
vt 0.852463 0.000000
vt 0.852699 0.000000
vt 0.852934 0.000000
vt 0.853170 0.000000
vt 0.853406 0.000000
vt 0.853641 0.000000
vt 0.855527 0.000000
vt 0.853877 0.000000
vt 0.854113 0.000000
vt 0.854348 0.000000
vt 0.854584 0.000000
vt 0.854820 0.000000
vt 0.855055 0.000000
vt 0.855291 0.000000
vt 0.862833 0.000000
vt 0.862362 0.000000
vt 0.862597 0.000000
vt 0.860947 0.000000
vt 0.864247 0.000000
vt 0.864483 0.000000
vt 0.864011 0.000000
vt 0.863776 0.000000
vt 0.862126 0.000000
vt 0.861890 0.000000
vt 0.863540 0.000000
vt 0.863069 0.000000
vt 0.863304 0.000000
vt 0.861183 0.000000
vt 0.865897 0.000000
vt 0.866132 0.000000
vt 0.866368 0.000000
vt 0.861654 0.000000
vt 0.865661 0.000000
vt 0.864718 0.000000
vt 0.865425 0.000000
vt 0.864954 0.000000
vt 0.865190 0.000000
vt 0.861419 0.000000
vt 0.898657 0.000000
vt 0.898185 0.000000
vt 0.898421 0.000000
vt 0.898892 0.000000
vt 0.897950 0.000000
vt 0.899128 0.000000
vt 0.897714 0.000000
vt 0.899364 0.000000
vt 0.897478 0.000000
vt 0.897243 0.000000
vt 0.899599 0.000000
vt 0.897007 0.000000
vt 0.899835 0.000000
vt 0.896771 0.000000
vt 0.900071 0.000000
vt 0.896535 0.000000
vt 0.900306 0.000000
vt 0.896300 0.000000
vt 0.896064 0.000000
vt 0.900542 0.000000
vt 0.895828 0.000000
vt 0.866604 0.000000
vt 0.895593 0.000000
vt 0.866840 0.000000
vt 0.895357 0.000000
vt 0.895121 0.000000
vt 0.867075 0.000000
vt 0.894886 0.000000
vt 0.894650 0.000000
vt 0.867311 0.000000
vt 0.894414 0.000000
vt 0.867547 0.000000
vt 0.894179 0.000000
vt 0.867782 0.000000
vt 0.893943 0.000000
vt 0.868018 0.000000
vt 0.893707 0.000000
vt 0.868254 0.000000
vt 0.893472 0.000000
vt 0.868489 0.000000
vt 0.893236 0.000000
vt 0.868725 0.000000
vt 0.893000 0.000000
vt 0.892765 0.000000
vt 0.868961 0.000000
vt 0.892529 0.000000
vt 0.869196 0.000000
vt 0.892293 0.000000
vt 0.869432 0.000000
vt 0.923403 0.000000
vt 0.923639 0.000000
vt 0.923875 0.000000
vt 0.924110 0.000000
vt 0.923168 0.000000
vt 0.924346 0.000000
vt 0.924582 0.000000
vt 0.922932 0.000000
vt 0.924817 0.000000
vt 0.922696 0.000000
vt 0.925053 0.000000
vt 0.925289 0.000000
vt 0.922460 0.000000
vt 0.925524 0.000000
vt 0.925760 0.000000
vt 0.922225 0.000000
vt 0.925996 0.000000
vt 0.892057 0.000000
vt 0.926231 0.000000
vt 0.921989 0.000000
vt 0.926467 0.000000
vt 0.921753 0.000000
vt 0.926703 0.000000
vt 0.926938 0.000000
vt 0.921518 0.000000
vt 0.900778 0.000000
vt 0.891822 0.000000
vt 0.921282 0.000000
vt 0.869668 0.000000
vt 0.901013 0.000000
vt 0.921046 0.000000
vt 0.901249 0.000000
vt 0.920811 0.000000
vt 0.901485 0.000000
vt 0.920575 0.000000
vt 0.891586 0.000000
vt 0.901720 0.000000
vt 0.869903 0.000000
vt 0.920339 0.000000
vt 0.901956 0.000000
vt 0.920104 0.000000
vt 0.902192 0.000000
vt 0.891350 0.000000
vt 0.919868 0.000000
vt 0.870139 0.000000
vt 0.902428 0.000000
vt 0.919632 0.000000
vt 0.902663 0.000000
vt 0.919397 0.000000
vt 0.891115 0.000000
vt 0.902899 0.000000
vt 0.870375 0.000000
vt 0.919161 0.000000
vt 0.903135 0.000000
vt 0.918925 0.000000
vt 0.903370 0.000000
vt 0.918690 0.000000
vt 0.890879 0.000000
vt 0.870610 0.000000
vt 0.903606 0.000000
vt 0.918454 0.000000
vt 0.903842 0.000000
vt 0.904077 0.000000
vt 0.904313 0.000000
vt 0.904549 0.000000
vt 0.904784 0.000000
vt 0.870846 0.000000
vt 0.890643 0.000000
vt 0.905020 0.000000
vt 0.905256 0.000000
vt 0.905491 0.000000
vt 0.905727 0.000000
vt 0.918218 0.000000
vt 0.871082 0.000000
vt 0.905963 0.000000
vt 0.890408 0.000000
vt 0.917983 0.000000
vt 0.906198 0.000000
vt 0.906434 0.000000
vt 0.906670 0.000000
vt 0.917747 0.000000
vt 0.871317 0.000000
vt 0.890172 0.000000
vt 0.917511 0.000000
vt 0.871553 0.000000
vt 0.917275 0.000000
vt 0.889936 0.000000
vt 0.871789 0.000000
vt 0.917040 0.000000
vt 0.889701 0.000000
vt 0.916804 0.000000
vt 0.872025 0.000000
vt 0.916568 0.000000
vt 0.889465 0.000000
vt 0.872260 0.000000
vt 0.916333 0.000000
vt 0.916097 0.000000
vt 0.889229 0.000000
vt 0.915861 0.000000
vt 0.872496 0.000000
vt 0.915626 0.000000
vt 0.915390 0.000000
vt 0.906905 0.000000
vt 0.888994 0.000000
vt 0.888758 0.000000
vt 0.915154 0.000000
vt 0.872732 0.000000
vt 0.888522 0.000000
vt 0.914919 0.000000
vt 0.888287 0.000000
vt 0.872967 0.000000
vt 0.914683 0.000000
vt 0.888051 0.000000
vt 0.914447 0.000000
vt 0.887815 0.000000
vt 0.873203 0.000000
vt 0.914212 0.000000
vt 0.887580 0.000000
vt 0.913976 0.000000
vt 0.887344 0.000000
vt 0.873439 0.000000
vt 0.913740 0.000000
vt 0.887108 0.000000
vt 0.907141 0.000000
vt 0.913505 0.000000
vt 0.913269 0.000000
vt 0.886872 0.000000
vt 0.873674 0.000000
vt 0.913033 0.000000
vt 0.886637 0.000000
vt 0.912798 0.000000
vt 0.907377 0.000000
vt 0.912562 0.000000
vt 0.886401 0.000000
vt 0.907613 0.000000
vt 0.912326 0.000000
vt 0.873910 0.000000
vt 0.912090 0.000000
vt 0.907848 0.000000
vt 0.886165 0.000000
vt 0.911855 0.000000
vt 0.908084 0.000000
vt 0.911619 0.000000
vt 0.908320 0.000000
vt 0.874146 0.000000
vt 0.911383 0.000000
vt 0.908555 0.000000
vt 0.911148 0.000000
vt 0.885930 0.000000
vt 0.908791 0.000000
vt 0.910912 0.000000
vt 0.909027 0.000000
vt 0.910676 0.000000
vt 0.909262 0.000000
vt 0.910441 0.000000
vt 0.909498 0.000000
vt 0.910205 0.000000
vt 0.909734 0.000000
vt 0.874381 0.000000
vt 0.909969 0.000000
vt 0.885694 0.000000
vt 0.874617 0.000000
vt 0.885458 0.000000
vt 0.874853 0.000000
vt 0.875088 0.000000
vt 0.885223 0.000000
vt 0.875324 0.000000
vt 0.884987 0.000000
vt 0.875560 0.000000
vt 0.875795 0.000000
vt 0.884751 0.000000
vt 0.876031 0.000000
vt 0.884516 0.000000
vt 0.876267 0.000000
vt 0.876502 0.000000
vt 0.884280 0.000000
vt 0.876738 0.000000
vt 0.876974 0.000000
vt 0.884044 0.000000
vt 0.877210 0.000000
vt 0.877445 0.000000
vt 0.883809 0.000000
vt 0.877681 0.000000
vt 0.877917 0.000000
vt 0.883573 0.000000
vt 0.878152 0.000000
vt 0.878388 0.000000
vt 0.878624 0.000000
vt 0.878859 0.000000
vt 0.879095 0.000000
vt 0.879331 0.000000
vt 0.879566 0.000000
vt 0.879802 0.000000
vt 0.880038 0.000000
vt 0.880273 0.000000
vt 0.880509 0.000000
vt 0.880745 0.000000
vt 0.880980 0.000000
vt 0.881216 0.000000
vt 0.881452 0.000000
vt 0.881687 0.000000
vt 0.881923 0.000000
vt 0.882159 0.000000
vt 0.882395 0.000000
vt 0.882630 0.000000
vt 0.882866 0.000000
vt 0.883102 0.000000
vt 0.883337 0.000000
vt 0.927174 0.000000
vt 0.930474 0.000000
vt 0.930709 0.000000
vt 0.930238 0.000000
vt 0.930002 0.000000
vt 0.929060 0.000000
vt 0.928588 0.000000
vt 0.928824 0.000000
vt 0.928353 0.000000
vt 0.928117 0.000000
vt 0.929767 0.000000
vt 0.929295 0.000000
vt 0.929531 0.000000
vt 0.932595 0.000000
vt 0.927881 0.000000
vt 0.927410 0.000000
vt 0.932123 0.000000
vt 0.931888 0.000000
vt 0.932359 0.000000
vt 0.930945 0.000000
vt 0.931652 0.000000
vt 0.931181 0.000000
vt 0.931416 0.000000
vt 0.927646 0.000000
vt 0.932831 0.000000
vt 0.961584 0.000000
vt 0.961819 0.000000
vt 0.961348 0.000000
vt 0.961112 0.000000
vt 0.933066 0.000000
vt 0.960877 0.000000
vt 0.933302 0.000000
vt 0.933538 0.000000
vt 0.933773 0.000000
vt 0.960405 0.000000
vt 0.960170 0.000000
vt 0.960641 0.000000
vt 0.959934 0.000000
vt 0.959698 0.000000
vt 0.959463 0.000000
vt 0.959227 0.000000
vt 0.958991 0.000000
vt 0.958756 0.000000
vt 0.958520 0.000000
vt 0.958284 0.000000
vt 0.958049 0.000000
vt 0.957813 0.000000
vt 0.957577 0.000000
vt 0.957341 0.000000
vt 0.934009 0.000000
vt 0.957106 0.000000
vt 0.934245 0.000000
vt 0.956870 0.000000
vt 0.934480 0.000000
vt 0.956634 0.000000
vt 0.934716 0.000000
vt 0.956399 0.000000
vt 0.934952 0.000000
vt 0.956163 0.000000
vt 0.935187 0.000000
vt 0.955927 0.000000
vt 0.935423 0.000000
vt 0.955692 0.000000
vt 0.935659 0.000000
vt 0.948150 0.000000
vt 0.955456 0.000000
vt 0.935894 0.000000
vt 0.947914 0.000000
vt 0.948386 0.000000
vt 0.947679 0.000000
vt 0.947443 0.000000
vt 0.947207 0.000000
vt 0.946971 0.000000
vt 0.946736 0.000000
vt 0.936130 0.000000
vt 0.955220 0.000000
vt 0.946500 0.000000
vt 0.946264 0.000000
vt 0.946029 0.000000
vt 0.945793 0.000000
vt 0.945557 0.000000
vt 0.945322 0.000000
vt 0.945086 0.000000
vt 0.936366 0.000000
vt 0.954985 0.000000
vt 0.948621 0.000000
vt 0.944850 0.000000
vt 0.936601 0.000000
vt 0.954749 0.000000
vt 0.948857 0.000000
vt 0.936837 0.000000
vt 0.937073 0.000000
vt 0.937308 0.000000
vt 0.954513 0.000000
vt 0.937544 0.000000
vt 0.937780 0.000000
vt 0.944615 0.000000
vt 0.938016 0.000000
vt 0.938251 0.000000
vt 0.938487 0.000000
vt 0.949093 0.000000
vt 0.938723 0.000000
vt 0.938958 0.000000
vt 0.939194 0.000000
vt 0.954278 0.000000
vt 0.939430 0.000000
vt 0.939665 0.000000
vt 0.944379 0.000000
vt 0.949328 0.000000
vt 0.944143 0.000000
vt 0.949564 0.000000
vt 0.943908 0.000000
vt 0.949800 0.000000
vt 0.943672 0.000000
vt 0.950035 0.000000
vt 0.939901 0.000000
vt 0.954042 0.000000
vt 0.943436 0.000000
vt 0.950271 0.000000
vt 0.940137 0.000000
vt 0.943201 0.000000
vt 0.950507 0.000000
vt 0.940372 0.000000
vt 0.942965 0.000000
vt 0.950742 0.000000
vt 0.940608 0.000000
vt 0.942729 0.000000
vt 0.950978 0.000000
vt 0.940844 0.000000
vt 0.942493 0.000000
vt 0.941079 0.000000
vt 0.951214 0.000000
vt 0.942258 0.000000
vt 0.941315 0.000000
vt 0.942022 0.000000
vt 0.951449 0.000000
vt 0.951921 0.000000
vt 0.952156 0.000000
vt 0.941786 0.000000
vt 0.951685 0.000000
vt 0.941551 0.000000
vt 0.952392 0.000000
vt 0.952628 0.000000
vt 0.952864 0.000000
vt 0.953099 0.000000
vt 0.953335 0.000000
vt 0.953571 0.000000
vt 0.953806 0.000000
vt 0.980674 0.000000
vt 0.980203 0.000000
vt 0.980438 0.000000
vt 0.978553 0.000000
vt 0.978082 0.000000
vt 0.978317 0.000000
vt 0.980910 0.000000
vt 0.981145 0.000000
vt 0.981381 0.000000
vt 0.979967 0.000000
vt 0.981617 0.000000
vt 0.981852 0.000000
vt 0.978789 0.000000
vt 0.977846 0.000000
vt 0.982088 0.000000
vt 0.982324 0.000000
vt 0.982560 0.000000
vt 0.979024 0.000000
vt 0.982795 0.000000
vt 0.977610 0.000000
vt 0.983031 0.000000
vt 0.962055 0.000000
vt 0.962291 0.000000
vt 0.962527 0.000000
vt 0.977374 0.000000
vt 0.962762 0.000000
vt 0.962998 0.000000
vt 0.977139 0.000000
vt 0.963234 0.000000
vt 0.976903 0.000000
vt 0.963469 0.000000
vt 0.963705 0.000000
vt 0.976667 0.000000
vt 0.963941 0.000000
vt 0.976432 0.000000
vt 0.964176 0.000000
vt 0.976196 0.000000
vt 0.964412 0.000000
vt 0.975960 0.000000
vt 0.964648 0.000000
vt 0.975725 0.000000
vt 0.975489 0.000000
vt 0.975253 0.000000
vt 0.979731 0.000000
vt 0.979260 0.000000
vt 0.964883 0.000000
vt 0.975018 0.000000
vt 0.965119 0.000000
vt 0.965355 0.000000
vt 0.965590 0.000000
vt 0.974782 0.000000
vt 0.965826 0.000000
vt 0.974546 0.000000
vt 0.966062 0.000000
vt 0.974311 0.000000
vt 0.966297 0.000000
vt 0.974075 0.000000
vt 0.966533 0.000000
vt 0.973839 0.000000
vt 0.966769 0.000000
vt 0.973604 0.000000
vt 0.967004 0.000000
vt 0.973368 0.000000
vt 0.973132 0.000000
vt 0.967240 0.000000
vt 0.972897 0.000000
vt 0.979496 0.000000
vt 0.967476 0.000000
vt 0.972661 0.000000
vt 0.972425 0.000000
vt 0.972189 0.000000
vt 0.971954 0.000000
vt 0.971718 0.000000
vt 0.971482 0.000000
vt 0.967712 0.000000
vt 0.971247 0.000000
vt 0.971011 0.000000
vt 0.970775 0.000000
vt 0.970540 0.000000
vt 0.970304 0.000000
vt 0.970068 0.000000
vt 0.969833 0.000000
vt 0.967947 0.000000
vt 0.969597 0.000000
vt 0.969361 0.000000
vt 0.968183 0.000000
vt 0.968419 0.000000
vt 0.969126 0.000000
vt 0.968654 0.000000
vt 0.968890 0.000000
vt 0.983267 0.000000
vt 0.984681 0.000000
vt 0.984916 0.000000
vt 0.984445 0.000000
vt 0.984209 0.000000
vt 0.983502 0.000000
vt 0.983974 0.000000
vt 0.983738 0.000000
vt 0.985152 0.000000
vt 0.986566 0.000000
vt 0.986802 0.000000
vt 0.986330 0.000000
vt 0.986095 0.000000
vt 0.985859 0.000000
vt 0.985388 0.000000
vt 0.985623 0.000000
vt 0.987037 0.000000
vt 0.992222 0.000000
vt 0.992458 0.000000
vt 0.991987 0.000000
vt 0.987745 0.000000
vt 0.991751 0.000000
vt 0.987273 0.000000
vt 0.987509 0.000000
vt 0.987980 0.000000
vt 0.988216 0.000000
vt 0.991515 0.000000
vt 0.988923 0.000000
vt 0.988452 0.000000
vt 0.988687 0.000000
vt 0.991044 0.000000
vt 0.990808 0.000000
vt 0.991280 0.000000
vt 0.990573 0.000000
vt 0.989159 0.000000
vt 0.990337 0.000000
vt 0.990101 0.000000
vt 0.989866 0.000000
vt 0.989630 0.000000
vt 0.989394 0.000000
vt 0.992694 0.000000
vt 0.994108 0.000000
vt 0.994344 0.000000
vt 0.995758 0.000000
vt 0.993872 0.000000
vt 0.995993 0.000000
vt 0.996229 0.000000
vt 0.993637 0.000000
vt 0.995522 0.000000
vt 0.994579 0.000000
vt 0.992930 0.000000
vt 0.993401 0.000000
vt 0.995286 0.000000
vt 0.994815 0.000000
vt 0.995051 0.000000
vt 0.993165 0.000000
vt 0.996465 0.000000
vt 0.999764 0.000000
vt 1.000000 0.000000
vt 0.999529 0.000000
vt 0.999293 0.000000
vt 0.996700 0.000000
vt 0.999057 0.000000
vt 0.997407 0.000000
vt 0.996936 0.000000
vt 0.997172 0.000000
vt 0.998822 0.000000
vt 0.998586 0.000000
vt 0.998350 0.000000
vt 0.997643 0.000000
vt 0.998115 0.000000
vt 0.997879 0.000000
vt 0.000000 0.000000
vt 0.001414 0.000000
vt 0.001650 0.000000
vt 0.001178 0.000000
vt 0.000943 0.000000
vt 0.000236 0.000000
vt 0.000471 0.000000
vt 0.000707 0.000000
s 0
usemtl SVGMat.001
f 47/1/1 45/2/1 46/3/1
f 47/1/1 44/4/1 45/2/1
f 48/5/1 44/4/1 47/1/1
f 49/6/1 44/4/1 48/5/1
f 50/7/1 44/4/1 49/6/1
f 51/8/1 44/4/1 50/7/1
f 52/9/1 44/4/1 51/8/1
f 53/10/1 44/4/1 52/9/1
f 54/11/1 44/4/1 53/10/1
f 55/12/1 44/4/1 54/11/1
f 56/13/1 44/4/1 55/12/1
f 57/14/1 44/4/1 56/13/1
f 9/15/1 44/4/1 57/14/1
f 10/16/1 44/4/1 9/15/1
f 11/17/1 44/4/1 10/16/1
f 12/18/1 44/4/1 11/17/1
f 13/19/1 44/4/1 12/18/1
f 14/20/1 44/4/1 13/19/1
f 15/21/1 44/4/1 14/20/1
f 16/22/1 44/4/1 15/21/1
f 17/23/1 44/4/1 16/22/1
f 18/24/1 44/4/1 17/23/1
f 242/25/1 240/26/1 241/27/1
f 243/28/1 240/26/1 242/25/1
f 243/28/1 239/29/1 240/26/1
f 244/30/1 239/29/1 243/28/1
f 244/30/1 238/31/1 239/29/1
f 245/32/1 238/31/1 244/30/1
f 246/33/1 238/31/1 245/32/1
f 247/34/1 238/31/1 246/33/1
f 248/35/1 238/31/1 247/34/1
f 249/36/1 238/31/1 248/35/1
f 249/36/1 237/37/1 238/31/1
f 250/38/1 237/37/1 249/36/1
f 58/39/1 237/37/1 250/38/1
f 59/40/1 237/37/1 58/39/1
f 60/41/1 237/37/1 59/40/1
f 61/42/1 237/37/1 60/41/1
f 62/43/1 237/37/1 61/42/1
f 63/44/1 237/37/1 62/43/1
f 19/45/1 44/4/1 18/24/1
f 64/46/1 237/37/1 63/44/1
f 65/47/1 237/37/1 64/46/1
f 66/48/1 237/37/1 65/47/1
f 67/49/1 237/37/1 66/48/1
f 20/50/1 44/4/1 19/45/1
f 68/51/1 237/37/1 67/49/1
f 69/52/1 237/37/1 68/51/1
f 21/53/1 44/4/1 20/50/1
f 70/54/1 237/37/1 69/52/1
f 70/54/1 236/55/1 237/37/1
f 71/56/1 236/55/1 70/54/1
f 72/57/1 236/55/1 71/56/1
f 73/58/1 236/55/1 72/57/1
f 74/59/1 236/55/1 73/58/1
f 22/60/1 44/4/1 21/53/1
f 75/61/1 236/55/1 74/59/1
f 23/62/1 44/4/1 22/60/1
f 76/63/1 236/55/1 75/61/1
f 24/64/1 44/4/1 23/62/1
f 77/65/1 236/55/1 76/63/1
f 78/66/1 236/55/1 77/65/1
f 25/67/1 44/4/1 24/64/1
f 79/68/1 236/55/1 78/66/1
f 80/69/1 236/55/1 79/68/1
f 81/70/1 236/55/1 80/69/1
f 26/71/1 44/4/1 25/67/1
f 82/72/1 236/55/1 81/70/1
f 83/73/1 236/55/1 82/72/1
f 84/74/1 236/55/1 83/73/1
f 85/75/1 234/76/1 84/74/1
f 234/76/2 236/55/2 84/74/2
f 85/75/1 233/77/1 234/76/1
f 235/78/1 236/55/1 234/76/1
f 85/75/1 232/79/1 233/77/1
f 85/75/1 231/80/1 232/79/1
f 85/75/1 230/81/1 231/80/1
f 27/82/1 44/4/1 26/71/1
f 85/75/1 229/83/1 230/81/1
f 85/75/1 228/84/1 229/83/1
f 85/75/1 227/85/1 228/84/1
f 28/86/1 44/4/1 27/82/1
f 85/75/1 226/87/1 227/85/1
f 85/75/1 225/88/1 226/87/1
f 85/75/1 224/89/1 225/88/1
f 29/90/1 44/4/1 28/86/1
f 85/75/1 223/91/1 224/89/1
f 85/75/1 222/92/1 223/91/1
f 85/75/1 221/93/1 222/92/1
f 30/94/1 44/4/1 29/90/1
f 86/95/1 221/93/1 85/75/1
f 31/96/1 44/4/1 30/94/1
f 32/97/1 44/4/1 31/96/1
f 86/95/1 220/98/1 221/93/1
f 33/99/1 44/4/1 32/97/1
f 34/100/1 44/4/1 33/99/1
f 87/101/1 220/98/1 86/95/1
f 35/102/1 44/4/1 34/100/1
f 36/103/1 44/4/1 35/102/1
f 88/104/1 220/98/1 87/101/1
f 88/104/1 219/105/1 220/98/1
f 89/106/1 219/105/1 88/104/1
f 90/107/1 219/105/1 89/106/1
f 90/107/1 218/108/1 219/105/1
f 37/109/1 44/4/1 36/103/1
f 91/110/1 218/108/1 90/107/1
f 92/111/1 218/108/1 91/110/1
f 92/111/1 217/112/1 218/108/1
f 93/113/1 217/112/1 92/111/1
f 94/114/1 217/112/1 93/113/1
f 94/114/1 216/115/1 217/112/1
f 95/116/1 216/115/1 94/114/1
f 37/109/1 38/117/1 44/4/1
f 38/117/1 39/118/1 44/4/1
f 39/118/1 43/119/1 44/4/1
f 40/120/1 43/119/1 39/118/1
f 96/121/1 216/115/1 95/116/1
f 96/121/1 215/122/1 216/115/1
f 97/123/1 215/122/1 96/121/1
f 98/124/1 215/122/1 97/123/1
f 98/124/1 214/125/1 215/122/1
f 99/126/1 214/125/1 98/124/1
f 100/127/1 214/125/1 99/126/1
f 100/127/1 213/128/1 214/125/1
f 101/129/1 170/130/1 100/127/1
f 170/130/1 213/128/1 100/127/1
f 102/131/1 170/130/1 101/129/1
f 102/131/1 169/132/1 170/130/1
f 171/133/1 213/128/1 170/130/1
f 102/131/1 168/134/1 169/132/1
f 102/131/1 167/135/1 168/134/1
f 102/131/1 166/136/1 167/135/1
f 102/131/1 165/137/1 166/136/1
f 103/138/1 165/137/1 102/131/1
f 171/133/1 212/139/1 213/128/1
f 103/138/1 164/140/1 165/137/1
f 103/138/1 163/141/1 164/140/1
f 104/142/1 163/141/1 103/138/1
f 104/142/1 162/143/1 163/141/1
f 104/142/1 161/144/1 162/143/1
f 105/145/1 161/144/1 104/142/1
f 105/145/1 160/146/1 161/144/1
f 171/133/1 211/147/1 212/139/1
f 105/145/1 159/148/1 160/146/1
f 105/145/1 158/149/1 159/148/1
f 105/145/1 157/150/1 158/149/1
f 172/151/1 211/147/1 171/133/1
f 106/152/1 157/150/1 105/145/1
f 173/153/1 211/147/1 172/151/1
f 107/154/1 157/150/1 106/152/1
f 107/154/1 156/155/1 157/150/1
f 173/153/1 210/156/1 211/147/1
f 108/157/1 156/155/1 107/154/1
f 174/158/1 210/156/1 173/153/1
f 109/159/1 156/155/1 108/157/1
f 109/159/1 155/160/1 156/155/1
f 110/161/1 155/160/1 109/159/1
f 174/158/1 209/162/1 210/156/1
f 111/163/1 155/160/1 110/161/1
f 112/164/1 155/160/1 111/163/1
f 113/165/1 155/160/1 112/164/1
f 114/166/1 155/160/1 113/165/1
f 175/167/1 209/162/1 174/158/1
f 115/168/1 155/160/1 114/166/1
f 116/169/1 155/160/1 115/168/1
f 117/170/1 155/160/1 116/169/1
f 118/171/1 155/160/1 117/170/1
f 119/172/1 155/160/1 118/171/1
f 119/172/1 154/173/1 155/160/1
f 120/174/1 154/173/1 119/172/1
f 121/175/1 154/173/1 120/174/1
f 122/176/1 154/173/1 121/175/1
f 176/177/1 209/162/1 175/167/1
f 176/177/1 208/178/1 209/162/1
f 122/176/1 153/179/1 154/173/1
f 177/180/1 208/178/1 176/177/1
f 178/181/1 208/178/1 177/180/1
f 122/176/1 152/182/1 153/179/1
f 179/183/1 208/178/1 178/181/1
f 122/176/1 151/184/1 152/182/1
f 180/185/1 208/178/1 179/183/1
f 122/176/1 150/186/1 151/184/1
f 181/187/1 208/178/1 180/185/1
f 122/176/1 149/188/1 150/186/1
f 182/189/1 208/178/1 181/187/1
f 123/190/1 149/188/1 122/176/1
f 182/189/1 207/191/1 208/178/1
f 123/190/1 148/192/1 149/188/1
f 183/193/1 207/191/1 182/189/1
f 124/194/1 148/192/1 123/190/1
f 184/195/1 207/191/1 183/193/1
f 124/194/1 147/196/1 148/192/1
f 185/197/1 207/191/1 184/195/1
f 125/198/1 147/196/1 124/194/1
f 41/199/1 43/119/1 40/120/1
f 125/198/1 146/200/1 147/196/1
f 186/201/1 207/191/1 185/197/1
f 126/202/1 146/200/1 125/198/1
f 187/203/1 207/191/1 186/201/1
f 126/202/1 145/204/1 146/200/1
f 127/205/1 145/204/1 126/202/1
f 188/206/1 207/191/1 187/203/1
f 127/205/1 144/207/1 145/204/1
f 127/205/1 143/208/1 144/207/1
f 189/209/1 207/191/1 188/206/1
f 128/210/1 143/208/1 127/205/1
f 128/210/1 142/211/1 143/208/1
f 190/212/1 207/191/1 189/209/1
f 129/213/1 142/211/1 128/210/1
f 129/213/1 141/214/1 142/211/1
f 191/215/1 207/191/1 190/212/1
f 129/213/1 140/216/1 141/214/1
f 130/217/1 140/216/1 129/213/1
f 192/218/1 207/191/1 191/215/1
f 130/217/1 139/219/1 140/216/1
f 193/220/1 207/191/1 192/218/1
f 131/221/1 139/219/1 130/217/1
f 131/221/1 138/222/1 139/219/1
f 194/223/1 207/191/1 193/220/1
f 131/221/1 137/224/1 138/222/1
f 132/225/1 137/224/1 131/221/1
f 195/226/1 199/227/1 194/223/1
f 199/227/1 207/191/1 194/223/1
f 132/225/1 136/228/1 137/224/1
f 133/229/1 136/228/1 132/225/1
f 196/230/1 198/231/1 195/226/1
f 198/231/1 199/227/1 195/226/1
f 197/232/2 198/231/2 196/230/2
f 133/229/1 135/233/1 136/228/1
f 200/234/1 207/191/1 199/227/1
f 201/235/2 207/191/2 200/234/2
f 202/236/1 207/191/1 201/235/1
f 134/237/1 135/233/1 133/229/1
f 203/238/1 207/191/1 202/236/1
f 204/239/1 207/191/1 203/238/1
f 205/240/1 207/191/1 204/239/1
f 206/241/2 207/191/2 205/240/2
f 42/242/1 43/119/1 41/199/1
f 409/243/1 407/244/1 408/245/1
f 410/246/1 407/244/1 409/243/1
f 410/246/1 406/247/1 407/244/1
f 411/248/1 406/247/1 410/246/1
f 412/249/1 406/247/1 411/248/1
f 413/250/1 406/247/1 412/249/1
f 413/250/1 405/251/1 406/247/1
f 414/252/1 405/251/1 413/250/1
f 414/252/1 404/253/1 405/251/1
f 415/254/1 404/253/1 414/252/1
f 416/255/1 404/253/1 415/254/1
f 416/255/1 403/256/1 404/253/1
f 417/257/1 403/256/1 416/255/1
f 418/258/1 403/256/1 417/257/1
f 418/258/1 402/259/1 403/256/1
f 419/260/1 402/259/1 418/258/1
f 420/261/1 402/259/1 419/260/1
f 420/261/1 401/262/1 402/259/1
f 251/263/1 401/262/1 420/261/1
f 252/264/1 401/262/1 251/263/1
f 252/264/1 400/265/1 401/262/1
f 252/264/1 399/266/1 400/265/1
f 253/267/1 399/266/1 252/264/1
f 253/267/1 398/268/1 399/266/1
f 254/269/1 398/268/1 253/267/1
f 254/269/1 397/270/1 398/268/1
f 255/271/1 397/270/1 254/269/1
f 255/271/1 396/272/1 397/270/1
f 256/273/1 396/272/1 255/271/1
f 256/273/1 395/274/1 396/272/1
f 257/275/1 395/274/1 256/273/1
f 257/275/1 394/276/1 395/274/1
f 258/277/1 394/276/1 257/275/1
f 258/277/1 393/278/1 394/276/1
f 259/279/1 393/278/1 258/277/1
f 259/279/1 392/280/1 393/278/1
f 259/279/1 391/281/1 392/280/1
f 260/282/1 391/281/1 259/279/1
f 260/282/1 390/283/1 391/281/1
f 261/284/1 390/283/1 260/282/1
f 261/284/1 389/285/1 390/283/1
f 262/286/1 389/285/1 261/284/1
f 262/286/1 388/287/1 389/285/1
f 263/288/1 388/287/1 262/286/1
f 263/288/1 387/289/1 388/287/1
f 264/290/1 387/289/1 263/288/1
f 264/290/1 386/291/1 387/289/1
f 265/292/1 386/291/1 264/290/1
f 265/292/1 385/293/1 386/291/1
f 266/294/1 385/293/1 265/292/1
f 267/295/1 385/293/1 266/294/1
f 267/295/1 384/296/1 385/293/1
f 268/297/1 384/296/1 267/295/1
f 268/297/1 383/298/1 384/296/1
f 269/299/1 383/298/1 268/297/1
f 269/299/1 382/300/1 383/298/1
f 270/301/1 503/302/1 269/299/1
f 503/302/1 504/303/1 269/299/1
f 504/303/1 382/300/1 269/299/1
f 504/303/1 505/304/1 382/300/1
f 505/304/1 506/305/1 382/300/1
f 506/305/1 507/306/1 382/300/1
f 507/306/1 508/307/1 382/300/1
f 508/307/1 509/308/1 382/300/1
f 509/308/1 381/309/1 382/300/1
f 510/310/1 381/309/1 509/308/1
f 270/301/1 502/311/1 503/302/1
f 511/312/1 381/309/1 510/310/1
f 270/301/1 501/313/1 502/311/1
f 512/314/1 381/309/1 511/312/1
f 270/301/1 500/315/1 501/313/1
f 513/316/1 381/309/1 512/314/1
f 270/301/1 499/317/1 500/315/1
f 514/318/1 381/309/1 513/316/1
f 270/301/1 498/319/1 499/317/1
f 514/318/1 380/320/1 381/309/1
f 515/321/1 380/320/1 514/318/1
f 270/301/1 497/322/1 498/319/1
f 271/323/1 497/322/1 270/301/1
f 271/323/1 496/324/1 497/322/1
f 516/325/1 380/320/1 515/321/1
f 271/323/1 495/326/1 496/324/1
f 517/327/1 380/320/1 516/325/1
f 271/323/1 494/328/1 495/326/1
f 421/329/1 380/320/1 517/327/1
f 421/329/1 379/330/1 380/320/1
f 271/323/1 493/331/1 494/328/1
f 422/332/1 379/330/1 421/329/1
f 271/323/1 492/333/1 493/331/1
f 272/334/1 492/333/1 271/323/1
f 423/335/1 379/330/1 422/332/1
f 423/335/1 378/336/1 379/330/1
f 272/334/1 491/337/1 492/333/1
f 424/338/1 378/336/1 423/335/1
f 272/334/1 490/339/1 491/337/1
f 425/340/1 378/336/1 424/338/1
f 425/340/1 377/341/1 378/336/1
f 273/342/1 490/339/1 272/334/1
f 273/342/1 489/343/1 490/339/1
f 426/344/1 377/341/1 425/340/1
f 426/344/1 376/345/1 377/341/1
f 427/346/1 376/345/1 426/344/1
f 273/342/1 488/347/1 489/343/1
f 428/348/1 376/345/1 427/346/1
f 273/342/1 487/349/1 488/347/1
f 274/350/1 487/349/1 273/342/1
f 428/348/1 375/351/1 376/345/1
f 429/352/1 375/351/1 428/348/1
f 274/350/1 486/353/1 487/349/1
f 430/354/1 375/351/1 429/352/1
f 274/350/1 485/355/1 486/353/1
f 430/354/1 374/356/1 375/351/1
f 275/357/1 485/355/1 274/350/1
f 431/358/1 374/356/1 430/354/1
f 275/357/1 484/359/1 485/355/1
f 432/360/1 374/356/1 431/358/1
f 275/357/1 483/361/1 484/359/1
f 432/360/1 373/362/1 374/356/1
f 433/363/1 373/362/1 432/360/1
f 275/357/1 482/364/1 483/361/1
f 276/365/1 482/364/1 275/357/1
f 434/366/1 373/362/1 433/363/1
f 276/365/1 481/367/1 482/364/1
f 277/368/1 481/367/1 276/365/1
f 434/366/1 372/369/1 373/362/1
f 278/370/1 481/367/1 277/368/1
f 278/370/1 480/371/1 481/367/1
f 435/372/1 372/369/1 434/366/1
f 279/373/1 480/371/1 278/370/1
f 279/373/1 479/374/1 480/371/1
f 436/375/1 372/369/1 435/372/1
f 436/375/1 371/376/1 372/369/1
f 279/373/1 478/377/1 479/374/1
f 437/378/1 371/376/1 436/375/1
f 280/379/1 478/377/1 279/373/1
f 438/380/1 371/376/1 437/378/1
f 280/379/1 477/381/1 478/377/1
f 439/382/1 371/376/1 438/380/1
f 281/383/1 477/381/1 280/379/1
f 281/383/1 476/384/1 477/381/1
f 439/382/1 370/385/1 371/376/1
f 440/386/1 370/385/1 439/382/1
f 281/383/1 475/387/1 476/384/1
f 441/388/1 370/385/1 440/386/1
f 282/389/1 475/387/1 281/383/1
f 441/388/1 369/390/1 370/385/1
f 282/389/1 474/391/1 475/387/1
f 442/392/1 369/390/1 441/388/1
f 282/389/1 473/393/1 474/391/1
f 443/394/1 369/390/1 442/392/1
f 283/395/1 473/393/1 282/389/1
f 443/394/1 368/396/1 369/390/1
f 444/397/1 368/396/1 443/394/1
f 283/395/1 472/398/1 473/393/1
f 445/399/1 368/396/1 444/397/1
f 283/395/1 471/400/1 472/398/1
f 445/399/1 367/401/1 368/396/1
f 284/402/1 471/400/1 283/395/1
f 284/402/1 470/403/1 471/400/1
f 446/404/1 367/401/1 445/399/1
f 447/405/1 367/401/1 446/404/1
f 448/406/1 367/401/1 447/405/1
f 449/407/1 367/401/1 448/406/1
f 284/402/1 469/408/1 470/403/1
f 450/409/1 367/401/1 449/407/1
f 450/409/1 366/410/1 367/401/1
f 451/411/1 366/410/1 450/409/1
f 284/402/1 468/412/1 469/408/1
f 452/413/1 366/410/1 451/411/1
f 284/402/1 467/414/1 468/412/1
f 285/415/1 467/414/1 284/402/1
f 453/416/1 366/410/1 452/413/1
f 285/415/1 466/417/1 467/414/1
f 454/418/1 366/410/1 453/416/1
f 285/415/1 465/419/1 466/417/1
f 454/418/1 365/420/1 366/410/1
f 285/415/1 464/421/1 465/419/1
f 455/422/1 365/420/1 454/418/1
f 285/415/1 463/423/1 464/421/1
f 456/424/1 365/420/1 455/422/1
f 285/415/1 462/425/1 463/423/1
f 285/415/1 461/426/1 462/425/1
f 457/427/1 365/420/1 456/424/1
f 285/415/1 460/428/1 461/426/1
f 285/415/1 459/429/1 460/428/1
f 285/415/1 458/430/1 459/429/1
f 285/415/1 457/427/1 458/430/1
f 285/415/1 365/420/1 457/427/1
f 286/431/1 365/420/1 285/415/1
f 286/431/1 364/432/1 365/420/1
f 287/433/1 364/432/1 286/431/1
f 288/434/1 364/432/1 287/433/1
f 288/434/1 363/435/1 364/432/1
f 288/434/1 362/436/1 363/435/1
f 288/434/1 361/437/1 362/436/1
f 288/434/1 360/438/1 361/437/1
f 289/439/1 360/438/1 288/434/1
f 290/440/1 360/438/1 289/439/1
f 290/440/1 359/441/1 360/438/1
f 291/442/1 359/441/1 290/440/1
f 292/443/1 359/441/1 291/442/1
f 292/443/1 358/444/1 359/441/1
f 293/445/1 358/444/1 292/443/1
f 294/446/1 358/444/1 293/445/1
f 294/446/1 357/447/1 358/444/1
f 295/448/1 357/447/1 294/446/1
f 296/449/1 357/447/1 295/448/1
f 296/449/1 356/450/1 357/447/1
f 297/451/1 356/450/1 296/449/1
f 298/452/1 356/450/1 297/451/1
f 298/452/1 355/453/1 356/450/1
f 299/454/1 355/453/1 298/452/1
f 300/455/1 355/453/1 299/454/1
f 301/456/1 355/453/1 300/455/1
f 301/456/1 354/457/1 355/453/1
f 302/458/1 354/457/1 301/456/1
f 302/458/1 353/459/1 354/457/1
f 303/460/1 353/459/1 302/458/1
f 303/460/1 352/461/1 353/459/1
f 304/462/1 352/461/1 303/460/1
f 304/462/1 351/463/1 352/461/1
f 305/464/1 351/463/1 304/462/1
f 305/464/1 350/465/1 351/463/1
f 306/466/1 350/465/1 305/464/1
f 306/466/1 349/467/1 350/465/1
f 307/468/1 349/467/1 306/466/1
f 307/468/1 348/469/1 349/467/1
f 308/470/1 348/469/1 307/468/1
f 309/471/1 348/469/1 308/470/1
f 310/472/1 348/469/1 309/471/1
f 311/473/1 348/469/1 310/472/1
f 311/473/1 525/474/1 348/469/1
f 525/474/1 347/475/1 348/469/1
f 312/476/1 525/474/1 311/473/1
f 313/477/1 525/474/1 312/476/1
f 314/478/1 525/474/1 313/477/1
f 315/479/1 525/474/1 314/478/1
f 316/480/1 525/474/1 315/479/1
f 317/481/1 525/474/1 316/480/1
f 318/482/1 525/474/1 317/481/1
f 319/483/1 523/484/1 318/482/1
f 523/484/1 525/474/1 318/482/1
f 319/483/1 522/485/1 523/484/1
f 524/486/1 525/474/1 523/484/1
f 518/487/1 347/475/1 525/474/1
f 320/488/1 522/485/1 319/483/1
f 321/489/1 522/485/1 320/488/1
f 322/490/1 522/485/1 321/489/1
f 323/491/1 522/485/1 322/490/1
f 324/492/1 522/485/1 323/491/1
f 518/487/1 346/493/1 347/475/1
f 325/494/1 522/485/1 324/492/1
f 326/495/1 522/485/1 325/494/1
f 327/496/1 522/485/1 326/495/1
f 327/496/1 521/497/1 522/485/1
f 519/498/1 346/493/1 518/487/1
f 328/499/1 521/497/1 327/496/1
f 329/500/1 521/497/1 328/499/1
f 330/501/1 521/497/1 329/500/1
f 331/502/1 521/497/1 330/501/1
f 332/503/1 521/497/1 331/502/1
f 333/504/1 521/497/1 332/503/1
f 334/505/1 521/497/1 333/504/1
f 335/506/1 521/497/1 334/505/1
f 336/507/1 521/497/1 335/506/1
f 339/508/1 337/509/1 338/510/1
f 339/508/1 336/507/1 337/509/1
f 339/508/1 521/497/1 336/507/1
f 339/508/1 520/511/1 521/497/1
f 339/508/1 519/498/1 520/511/1
f 339/508/1 346/493/1 519/498/1
f 339/508/1 345/512/1 346/493/1
f 339/508/1 344/513/1 345/512/1
f 339/508/1 343/514/1 344/513/1
f 340/515/1 343/514/1 339/508/1
f 340/515/1 342/516/1 343/514/1
f 341/517/1 342/516/1 340/515/1
f 526/518/1 704/519/1 705/520/1
f 526/518/1 703/521/1 704/519/1
f 526/518/1 702/522/1 703/521/1
f 527/523/1 702/522/1 526/518/1
f 527/523/1 701/524/1 702/522/1
f 528/525/1 701/524/1 527/523/1
f 529/526/1 689/527/1 528/525/1
f 689/527/1 701/524/1 528/525/1
f 529/526/1 688/528/1 689/527/1
f 690/529/1 701/524/1 689/527/1
f 691/530/1 701/524/1 690/529/1
f 692/531/1 701/524/1 691/530/1
f 693/532/2 701/524/2 692/531/2
f 694/533/1 701/524/1 693/532/1
f 695/534/2 701/524/2 694/533/2
f 696/535/1 701/524/1 695/534/1
f 697/536/1 701/524/1 696/535/1
f 698/537/1 701/524/1 697/536/1
f 699/538/1 701/524/1 698/537/1
f 700/539/1 701/524/1 699/538/1
f 529/526/1 687/540/1 688/528/1
f 530/541/1 687/540/1 529/526/1
f 530/541/1 686/542/1 687/540/1
f 531/543/1 686/542/1 530/541/1
f 531/543/1 685/544/1 686/542/1
f 532/545/1 685/544/1 531/543/1
f 532/545/1 684/546/1 685/544/1
f 533/547/1 684/546/1 532/545/1
f 533/547/1 683/548/1 684/546/1
f 534/549/1 683/548/1 533/547/1
f 534/549/1 682/550/1 683/548/1
f 535/551/1 682/550/1 534/549/1
f 535/551/1 681/552/1 682/550/1
f 536/553/1 681/552/1 535/551/1
f 536/553/1 680/554/1 681/552/1
f 537/555/1 680/554/1 536/553/1
f 537/555/1 679/556/1 680/554/1
f 538/557/1 679/556/1 537/555/1
f 538/557/1 678/558/1 679/556/1
f 539/559/1 678/558/1 538/557/1
f 539/559/1 677/560/1 678/558/1
f 540/561/1 677/560/1 539/559/1
f 540/561/1 676/562/1 677/560/1
f 541/563/1 676/562/1 540/561/1
f 542/564/1 676/562/1 541/563/1
f 542/564/1 675/565/1 676/562/1
f 543/566/1 675/565/1 542/564/1
f 544/567/1 675/565/1 543/566/1
f 544/567/1 674/568/1 675/565/1
f 545/569/1 674/568/1 544/567/1
f 546/570/1 674/568/1 545/569/1
f 546/570/1 673/571/1 674/568/1
f 547/572/1 673/571/1 546/570/1
f 547/572/1 672/573/1 673/571/1
f 548/574/1 672/573/1 547/572/1
f 549/575/1 672/573/1 548/574/1
f 549/575/1 671/576/1 672/573/1
f 550/577/1 671/576/1 549/575/1
f 551/578/1 671/576/1 550/577/1
f 551/578/1 670/579/1 671/576/1
f 552/580/1 670/579/1 551/578/1
f 553/581/1 670/579/1 552/580/1
f 553/581/1 669/582/1 670/579/1
f 553/581/1 668/583/1 669/582/1
f 554/584/1 668/583/1 553/581/1
f 554/584/1 667/585/1 668/583/1
f 555/586/1 667/585/1 554/584/1
f 555/586/1 666/587/1 667/585/1
f 556/588/1 666/587/1 555/586/1
f 556/588/1 665/589/1 666/587/1
f 557/590/1 665/589/1 556/588/1
f 557/590/1 664/591/1 665/589/1
f 557/590/1 663/592/1 664/591/1
f 558/593/1 625/594/1 557/590/1
f 625/594/1 663/592/1 557/590/1
f 558/593/1 624/595/1 625/594/1
f 626/596/1 663/592/1 625/594/1
f 558/593/1 623/597/1 624/595/1
f 626/596/1 662/598/1 663/592/1
f 558/593/1 622/599/1 623/597/1
f 559/600/1 622/599/1 558/593/1
f 559/600/1 621/601/1 622/599/1
f 559/600/1 620/602/1 621/601/1
f 626/596/1 661/603/1 662/598/1
f 559/600/1 619/604/1 620/602/1
f 559/600/1 618/605/1 619/604/1
f 560/606/1 618/605/1 559/600/1
f 560/606/1 617/607/1 618/605/1
f 626/596/1 660/608/1 661/603/1
f 560/606/1 616/609/1 617/607/1
f 560/606/1 615/610/1 616/609/1
f 561/611/1 615/610/1 560/606/1
f 561/611/1 614/612/1 615/610/1
f 626/596/1 659/613/1 660/608/1
f 561/611/1 613/614/1 614/612/1
f 561/611/1 612/615/1 613/614/1
f 562/616/1 612/615/1 561/611/1
f 626/596/1 658/617/1 659/613/1
f 627/618/1 658/617/1 626/596/1
f 627/618/1 657/619/1 658/617/1
f 563/620/1 612/615/1 562/616/1
f 563/620/1 611/621/1 612/615/1
f 627/618/1 656/622/1 657/619/1
f 564/623/1 611/621/1 563/620/1
f 628/624/1 656/622/1 627/618/1
f 628/624/1 655/625/1 656/622/1
f 564/623/1 610/626/1 611/621/1
f 565/627/1 610/626/1 564/623/1
f 566/628/1 610/626/1 565/627/1
f 567/629/1 610/626/1 566/628/1
f 628/624/1 654/630/1 655/625/1
f 568/631/1 610/626/1 567/629/1
f 569/632/1 610/626/1 568/631/1
f 628/624/1 653/633/1 654/630/1
f 570/634/1 610/626/1 569/632/1
f 571/635/1 610/626/1 570/634/1
f 629/636/1 653/633/1 628/624/1
f 629/636/1 652/637/1 653/633/1
f 571/635/1 609/638/1 610/626/1
f 572/639/1 609/638/1 571/635/1
f 573/640/1 609/638/1 572/639/1
f 574/641/1 609/638/1 573/640/1
f 575/642/1 609/638/1 574/641/1
f 576/643/1 609/638/1 575/642/1
f 577/644/1 609/638/1 576/643/1
f 629/636/1 651/645/1 652/637/1
f 630/646/1 651/645/1 629/636/1
f 577/644/1 608/647/1 609/638/1
f 577/644/1 607/648/1 608/647/1
f 631/649/1 651/645/1 630/646/1
f 577/644/1 606/650/1 607/648/1
f 632/651/1 651/645/1 631/649/1
f 577/644/1 605/652/1 606/650/1
f 633/653/1 651/645/1 632/651/1
f 577/644/1 604/654/1 605/652/1
f 633/653/1 650/655/1 651/645/1
f 634/656/1 650/655/1 633/653/1
f 578/657/1 604/654/1 577/644/1
f 578/657/1 603/658/1 604/654/1
f 579/659/1 603/658/1 578/657/1
f 635/660/1 650/655/1 634/656/1
f 580/661/1 603/658/1 579/659/1
f 580/661/1 602/662/1 603/658/1
f 636/663/1 650/655/1 635/660/1
f 581/664/1 602/662/1 580/661/1
f 581/664/1 601/665/1 602/662/1
f 637/666/1 650/655/1 636/663/1
f 582/667/1 601/665/1 581/664/1
f 583/668/1 601/665/1 582/667/1
f 638/669/1 642/670/1 637/666/1
f 642/670/1 649/671/1 637/666/1
f 649/671/1 650/655/1 637/666/1
f 583/668/1 600/672/1 601/665/1
f 583/668/1 599/673/1 600/672/1
f 584/674/1 599/673/1 583/668/1
f 639/675/1 640/676/1 638/669/1
f 640/676/1 642/670/1 638/669/1
f 641/677/1 642/670/1 640/676/1
f 584/674/1 598/678/1 599/673/1
f 643/679/1 644/680/1 642/670/1
f 644/680/1 645/681/1 642/670/1
f 645/681/1 649/671/1 642/670/1
f 584/674/1 597/682/1 598/678/1
f 585/683/1 597/682/1 584/674/1
f 646/684/2 649/671/2 645/681/2
f 647/685/1 649/671/1 646/684/1
f 648/686/1 649/671/1 647/685/1
f 585/683/1 596/687/1 597/682/1
f 586/688/1 596/687/1 585/683/1
f 586/688/1 595/689/1 596/687/1
f 586/688/1 594/690/1 595/689/1
f 587/691/1 594/690/1 586/688/1
f 587/691/1 593/692/1 594/690/1
f 587/691/1 592/693/1 593/692/1
f 588/694/1 592/693/1 587/691/1
f 588/694/1 591/695/1 592/693/1
f 588/694/1 590/696/1 591/695/1
f 589/697/1 590/696/1 588/694/1
f 706/698/1 712/699/1 713/700/1
f 706/698/1 711/701/1 712/699/1
f 706/698/1 710/702/1 711/701/1
f 707/703/1 710/702/1 706/698/1
f 707/703/1 709/704/1 710/702/1
f 708/705/2 709/704/2 707/703/2
f 714/706/1 720/707/1 721/708/1
f 714/706/1 719/709/1 720/707/1
f 714/706/1 718/710/1 719/709/1
f 715/711/1 718/710/1 714/706/1
f 715/711/1 717/712/1 718/710/1
f 716/713/1 717/712/1 715/711/1
f 722/714/1 736/715/1 737/716/1
f 722/714/1 735/717/1 736/715/1
f 722/714/1 734/718/1 735/717/1
f 880/719/1 878/720/1 879/721/1
f 880/719/1 877/722/1 878/720/1
f 880/719/1 876/723/1 877/722/1
f 881/724/1 876/723/1 880/719/1
f 881/724/1 875/725/1 876/723/1
f 882/726/1 875/725/1 881/724/1
f 882/726/1 874/727/1 875/725/1
f 883/728/1 874/727/1 882/726/1
f 884/729/1 874/727/1 883/728/1
f 884/729/1 873/730/1 874/727/1
f 885/731/1 873/730/1 884/729/1
f 885/731/1 872/732/1 873/730/1
f 886/733/1 872/732/1 885/731/1
f 887/734/1 872/732/1 886/733/1
f 887/734/1 871/735/1 872/732/1
f 888/736/1 871/735/1 887/734/1
f 889/737/1 871/735/1 888/736/1
f 889/737/1 870/738/1 871/735/1
f 890/739/1 870/738/1 889/737/1
f 738/740/1 870/738/1 890/739/1
f 739/741/1 870/738/1 738/740/1
f 739/741/1 869/742/1 870/738/1
f 723/743/1 734/718/1 722/714/1
f 739/741/1 868/744/1 869/742/1
f 739/741/1 867/745/1 868/744/1
f 739/741/1 866/746/1 867/745/1
f 739/741/1 865/747/1 866/746/1
f 739/741/1 864/748/1 865/747/1
f 740/749/1 864/748/1 739/741/1
f 740/749/1 863/750/1 864/748/1
f 740/749/1 862/751/1 863/750/1
f 741/752/1 862/751/1 740/749/1
f 741/752/1 861/753/1 862/751/1
f 741/752/1 860/754/1 861/753/1
f 726/755/1 724/756/1 725/757/1
f 726/755/1 723/743/1 724/756/1
f 726/755/1 734/718/1 723/743/1
f 742/758/1 860/754/1 741/752/1
f 742/758/1 859/759/1 860/754/1
f 742/758/1 858/760/1 859/759/1
f 742/758/1 857/761/1 858/760/1
f 743/762/1 857/761/1 742/758/1
f 743/762/1 856/763/1 857/761/1
f 743/762/1 855/764/1 856/763/1
f 743/762/1 854/765/1 855/764/1
f 744/766/1 854/765/1 743/762/1
f 727/767/1 728/768/1 726/755/1
f 728/768/1 729/769/1 726/755/1
f 729/769/1 734/718/1 726/755/1
f 744/766/1 853/770/1 854/765/1
f 744/766/1 852/771/1 853/770/1
f 745/772/1 852/771/1 744/766/1
f 745/772/1 851/773/1 852/771/1
f 745/772/1 850/774/1 851/773/1
f 746/775/1 850/774/1 745/772/1
f 746/775/1 849/776/1 850/774/1
f 730/777/1 734/718/1 729/769/1
f 746/775/1 848/778/1 849/776/1
f 747/779/1 848/778/1 746/775/1
f 747/779/1 847/780/1 848/778/1
f 747/779/1 846/781/1 847/780/1
f 748/782/1 846/781/1 747/779/1
f 730/777/1 733/783/1 734/718/1
f 748/782/1 845/784/1 846/781/1
f 749/785/1 845/784/1 748/782/1
f 749/785/1 844/786/1 845/784/1
f 749/785/1 801/787/1 844/786/1
f 801/787/1 843/788/1 844/786/1
f 749/785/1 800/789/1 801/787/1
f 802/790/1 843/788/1 801/787/1
f 749/785/1 799/791/1 800/789/1
f 749/785/1 798/792/1 799/791/1
f 750/793/1 798/792/1 749/785/1
f 750/793/1 797/794/1 798/792/1
f 750/793/1 796/795/1 797/794/1
f 802/790/1 842/796/1 843/788/1
f 750/793/1 795/797/1 796/795/1
f 750/793/1 794/798/1 795/797/1
f 750/793/1 793/799/1 794/798/1
f 750/793/1 792/800/1 793/799/1
f 750/793/1 791/801/1 792/800/1
f 750/793/1 790/802/1 791/801/1
f 750/793/1 789/803/1 790/802/1
f 750/793/1 788/804/1 789/803/1
f 802/790/1 841/805/1 842/796/1
f 750/793/1 787/806/1 788/804/1
f 751/807/1 787/806/1 750/793/1
f 752/808/1 787/806/1 751/807/1
f 753/809/1 787/806/1 752/808/1
f 802/790/1 840/810/1 841/805/1
f 754/811/1 787/806/1 753/809/1
f 754/811/1 786/812/1 787/806/1
f 755/813/1 786/812/1 754/811/1
f 803/814/1 840/810/1 802/790/1
f 756/815/1 786/812/1 755/813/1
f 757/816/1 786/812/1 756/815/1
f 757/816/1 785/817/1 786/812/1
f 758/818/1 785/817/1 757/816/1
f 759/819/1 785/817/1 758/818/1
f 804/820/1 840/810/1 803/814/1
f 760/821/1 785/817/1 759/819/1
f 761/822/1 785/817/1 760/821/1
f 762/823/1 785/817/1 761/822/1
f 763/824/1 785/817/1 762/823/1
f 763/824/1 784/825/1 785/817/1
f 804/820/1 839/826/1 840/810/1
f 805/827/1 839/826/1 804/820/1
f 763/824/1 783/828/1 784/825/1
f 806/829/1 839/826/1 805/827/1
f 763/824/1 782/830/1 783/828/1
f 807/831/1 839/826/1 806/829/1
f 763/824/1 781/832/1 782/830/1
f 808/833/1 839/826/1 807/831/1
f 763/824/1 780/834/1 781/832/1
f 809/835/1 839/826/1 808/833/1
f 763/824/1 779/836/1 780/834/1
f 763/824/1 778/837/1 779/836/1
f 810/838/1 839/826/1 809/835/1
f 764/839/1 778/837/1 763/824/1
f 810/838/1 838/840/1 839/826/1
f 764/839/1 777/841/1 778/837/1
f 811/842/1 838/840/1 810/838/1
f 764/839/1 776/843/1 777/841/1
f 764/839/1 775/844/1 776/843/1
f 812/845/1 838/840/1 811/842/1
f 764/839/1 774/846/1 775/844/1
f 764/839/1 773/847/1 774/846/1
f 813/848/1 838/840/1 812/845/1
f 764/839/1 772/849/1 773/847/1
f 814/850/1 838/840/1 813/848/1
f 764/839/1 771/851/1 772/849/1
f 731/852/1 732/853/1 730/777/1
f 732/853/1 733/783/1 730/777/1
f 764/839/1 770/854/1 771/851/1
f 815/855/1 838/840/1 814/850/1
f 816/856/1 838/840/1 815/855/1
f 764/839/1 769/857/1 770/854/1
f 817/858/1 838/840/1 816/856/1
f 818/859/1 838/840/1 817/858/1
f 764/839/1 768/860/1 769/857/1
f 819/861/1 838/840/1 818/859/1
f 820/862/1 838/840/1 819/861/1
f 764/839/1 767/863/1 768/860/1
f 821/864/1 838/840/1 820/862/1
f 822/865/1 838/840/1 821/864/1
f 764/839/1 766/866/1 767/863/1
f 823/867/1 838/840/1 822/865/1
f 824/868/1 838/840/1 823/867/1
f 764/839/1 765/869/1 766/866/1
f 825/870/1 838/840/1 824/868/1
f 826/871/1 827/872/1 825/870/1
f 827/872/1 828/873/1 825/870/1
f 828/873/1 833/874/1 825/870/1
f 833/874/1 837/875/1 825/870/1
f 837/875/1 838/840/1 825/870/1
f 829/876/2 833/874/2 828/873/2
f 830/877/1 833/874/1 829/876/1
f 831/878/1 832/879/1 830/877/1
f 832/879/2 833/874/2 830/877/2
f 834/880/1 837/875/1 833/874/1
f 835/881/1 837/875/1 834/880/1
f 836/882/1 837/875/1 835/881/1
f 891/883/1 897/884/1 898/885/1
f 891/883/1 896/886/1 897/884/1
f 891/883/1 895/887/1 896/886/1
f 892/888/1 895/887/1 891/883/1
f 892/888/1 894/889/1 895/887/1
f 893/890/1 894/889/1 892/888/1
f 899/891/1 921/892/1 922/893/1
f 899/891/1 920/894/1 921/892/1
f 899/891/1 902/895/1 920/894/1
f 902/895/1 919/896/1 920/894/1
f 900/897/1 902/895/1 899/891/1
f 901/898/1 902/895/1 900/897/1
f 903/899/1 919/896/1 902/895/1
f 904/900/1 919/896/1 903/899/1
f 904/900/1 918/901/1 919/896/1
f 907/902/1 905/903/1 906/904/1
f 907/902/1 904/900/1 905/903/1
f 907/902/1 916/905/1 904/900/1
f 916/905/1 918/901/1 904/900/1
f 907/902/1 915/906/1 916/905/1
f 917/907/1 918/901/1 916/905/1
f 907/902/1 914/908/1 915/906/1
f 908/909/1 914/908/1 907/902/1
f 908/909/1 913/910/1 914/908/1
f 908/909/1 912/911/1 913/910/1
f 908/909/1 911/912/1 912/911/1
f 908/909/1 910/913/1 911/912/1
f 908/909/1 909/914/1 910/913/1
f 923/915/1 937/916/1 938/917/1
f 923/915/1 936/918/1 937/916/1
f 923/915/1 935/919/1 936/918/1
f 923/915/1 934/920/1 935/919/1
f 923/915/1 933/921/1 934/920/1
f 923/915/1 932/922/1 933/921/1
f 923/915/1 931/923/1 932/922/1
f 923/915/1 928/924/1 931/923/1
f 928/924/1 930/925/1 931/923/1
f 923/915/1 927/926/1 928/924/1
f 929/927/1 930/925/1 928/924/1
f 924/928/1 927/926/1 923/915/1
f 924/928/1 926/929/1 927/926/1
f 925/930/1 926/929/1 924/928/1
f 939/931/1 961/932/1 962/933/1
f 939/931/1 960/934/1 961/932/1
f 939/931/1 959/935/1 960/934/1
f 955/936/1 953/937/1 954/938/1
f 955/936/1 952/939/1 953/937/1
f 955/936/1 951/940/1 952/939/1
f 939/931/1 958/941/1 959/935/1
f 956/942/1 951/940/1 955/936/1
f 939/931/1 957/943/1 958/941/1
f 939/931/1 956/942/1 957/943/1
f 939/931/1 944/944/1 956/942/1
f 944/944/1 946/945/1 956/942/1
f 946/945/1 951/940/1 956/942/1
f 939/931/1 943/946/1 944/944/1
f 945/947/1 946/945/1 944/944/1
f 947/948/1 951/940/1 946/945/1
f 940/949/1 943/946/1 939/931/1
f 947/948/1 950/950/1 951/940/1
f 948/951/1 949/952/1 947/948/1
f 949/952/1 950/950/1 947/948/1
f 940/949/1 942/953/1 943/946/1
f 941/954/1 942/953/1 940/949/1
f 963/955/1 985/956/1 986/957/1
f 963/955/1 984/958/1 985/956/1
f 963/955/1 983/959/1 984/958/1
f 979/960/1 977/961/1 978/962/1
f 979/960/1 976/963/1 977/961/1
f 979/960/1 975/964/1 976/963/1
f 963/955/1 982/965/1 983/959/1
f 980/966/1 975/964/1 979/960/1
f 963/955/1 981/967/1 982/965/1
f 963/955/1 980/966/1 981/967/1
f 963/955/1 968/968/1 980/966/1
f 968/968/1 969/969/1 980/966/1
f 969/969/1 970/970/1 980/966/1
f 970/970/1 975/964/1 980/966/1
f 963/955/1 967/971/1 968/968/1
f 971/972/1 975/964/1 970/970/1
f 964/973/1 967/971/1 963/955/1
f 971/972/1 974/974/1 975/964/1
f 972/975/1 973/976/1 971/972/1
f 973/976/1 974/974/1 971/972/1
f 964/973/1 966/977/1 967/971/1
f 965/978/1 966/977/1 964/973/1
f 1129/979/1 1127/980/1 1128/981/1
f 1130/982/1 1127/980/1 1129/979/1
f 1130/982/1 1126/983/1 1127/980/1
f 1131/984/1 1126/983/1 1130/982/1
f 1131/984/1 1125/985/1 1126/983/1
f 1132/986/1 1125/985/1 1131/984/1
f 1133/987/1 1125/985/1 1132/986/1
f 1134/988/1 1125/985/1 1133/987/1
f 1135/989/1 1125/985/1 1134/988/1
f 1136/990/1 1125/985/1 1135/989/1
f 1137/991/1 1125/985/1 1136/990/1
f 1137/991/1 1124/992/1 1125/985/1
f 987/993/1 1124/992/1 1137/991/1
f 988/994/1 1124/992/1 987/993/1
f 989/995/1 1124/992/1 988/994/1
f 990/996/1 1124/992/1 989/995/1
f 991/997/1 1124/992/1 990/996/1
f 992/998/1 1124/992/1 991/997/1
f 993/999/1 1124/992/1 992/998/1
f 994/1000/1 1124/992/1 993/999/1
f 995/1001/1 1124/992/1 994/1000/1
f 996/1002/1 1124/992/1 995/1001/1
f 997/1003/1 1124/992/1 996/1002/1
f 998/1004/1 1124/992/1 997/1003/1
f 999/1005/1 1124/992/1 998/1004/1
f 999/1005/1 1123/1006/1 1124/992/1
f 1000/1007/1 1123/1006/1 999/1005/1
f 1001/1008/1 1123/1006/1 1000/1007/1
f 1002/1009/1 1123/1006/1 1001/1008/1
f 1003/1010/1 1123/1006/1 1002/1009/1
f 1004/1011/1 1123/1006/1 1003/1010/1
f 1005/1012/1 1123/1006/1 1004/1011/1
f 1006/1013/1 1123/1006/1 1005/1012/1
f 1007/1014/1 1123/1006/1 1006/1013/1
f 1008/1015/1 1123/1006/1 1007/1014/1
f 1009/1016/1 1123/1006/1 1008/1015/1
f 1010/1017/1 1123/1006/1 1009/1016/1
f 1011/1018/1 1123/1006/1 1010/1017/1
f 1014/1019/1 1012/1020/1 1013/1021/1
f 1014/1019/1 1011/1018/1 1012/1020/1
f 1014/1019/1 1123/1006/1 1011/1018/1
f 1014/1019/1 1122/1022/1 1123/1006/1
f 1014/1019/1 1121/1023/1 1122/1022/1
f 1014/1019/1 1120/1024/1 1121/1023/1
f 1015/1025/1 1120/1024/1 1014/1019/1
f 1015/1025/1 1119/1026/1 1120/1024/1
f 1016/1027/2 1119/1026/2 1015/1025/2
f 1017/1028/1 1119/1026/1 1016/1027/1
f 1018/1029/1 1117/1030/1 1017/1028/1
f 1117/1030/1 1119/1026/1 1017/1028/1
f 1018/1029/1 1116/1031/1 1117/1030/1
f 1118/1032/1 1119/1026/1 1117/1030/1
f 1018/1029/1 1115/1033/1 1116/1031/1
f 1018/1029/1 1114/1034/1 1115/1033/1
f 1018/1029/1 1113/1035/1 1114/1034/1
f 1018/1029/1 1112/1036/1 1113/1035/1
f 1018/1029/1 1111/1037/1 1112/1036/1
f 1018/1029/1 1110/1038/1 1111/1037/1
f 1018/1029/1 1109/1039/1 1110/1038/1
f 1018/1029/1 1108/1040/1 1109/1039/1
f 1018/1029/1 1107/1041/1 1108/1040/1
f 1018/1029/1 1106/1042/1 1107/1041/1
f 1018/1029/1 1105/1043/1 1106/1042/1
f 1018/1029/1 1104/1044/1 1105/1043/1
f 1018/1029/1 1103/1045/1 1104/1044/1
f 1019/1046/1 1103/1045/1 1018/1029/1
f 1019/1046/1 1102/1047/1 1103/1045/1
f 1020/1048/1 1102/1047/1 1019/1046/1
f 1020/1048/1 1101/1049/1 1102/1047/1
f 1020/1048/1 1100/1050/1 1101/1049/1
f 1021/1051/1 1100/1050/1 1020/1048/1
f 1021/1051/1 1099/1052/1 1100/1050/1
f 1022/1053/1 1099/1052/1 1021/1051/1
f 1022/1053/1 1098/1054/1 1099/1052/1
f 1023/1055/1 1098/1054/1 1022/1053/1
f 1023/1055/1 1097/1056/1 1098/1054/1
f 1023/1055/1 1096/1057/1 1097/1056/1
f 1024/1058/1 1096/1057/1 1023/1055/1
f 1024/1058/1 1095/1059/1 1096/1057/1
f 1025/1060/1 1224/1061/1 1024/1058/1
f 1224/1061/1 1095/1059/1 1024/1058/1
f 1224/1061/1 1225/1062/1 1095/1059/1
f 1225/1062/1 1226/1063/1 1095/1059/1
f 1226/1063/1 1227/1064/1 1095/1059/1
f 1227/1064/1 1228/1065/1 1095/1059/1
f 1228/1065/1 1094/1066/1 1095/1059/1
f 1025/1060/1 1223/1067/1 1224/1061/1
f 1229/1068/1 1094/1066/1 1228/1065/1
f 1025/1060/1 1222/1069/1 1223/1067/1
f 1230/1070/1 1094/1066/1 1229/1068/1
f 1231/1071/1 1094/1066/1 1230/1070/1
f 1025/1060/1 1221/1072/1 1222/1069/1
f 1232/1073/1 1094/1066/1 1231/1071/1
f 1025/1060/1 1220/1074/1 1221/1072/1
f 1233/1075/1 1094/1066/1 1232/1073/1
f 1234/1076/1 1094/1066/1 1233/1075/1
f 1025/1060/1 1219/1077/1 1220/1074/1
f 1235/1078/1 1094/1066/1 1234/1076/1
f 1235/1078/1 1093/1079/1 1094/1066/1
f 1025/1060/1 1218/1080/1 1219/1077/1
f 1026/1081/1 1218/1080/1 1025/1060/1
f 1236/1082/1 1093/1079/1 1235/1078/1
f 1026/1081/1 1217/1083/1 1218/1080/1
f 1026/1081/1 1216/1084/1 1217/1083/1
f 1138/1085/1 1093/1079/1 1236/1082/1
f 1026/1081/1 1215/1086/1 1216/1084/1
f 1139/1087/1 1093/1079/1 1138/1085/1
f 1139/1087/1 1092/1088/1 1093/1079/1
f 1026/1081/1 1214/1089/1 1215/1086/1
f 1026/1081/1 1213/1090/1 1214/1089/1
f 1026/1081/1 1212/1091/1 1213/1090/1
f 1026/1081/1 1211/1092/1 1212/1091/1
f 1140/1093/1 1092/1088/1 1139/1087/1
f 1027/1094/1 1211/1092/1 1026/1081/1
f 1027/1094/1 1210/1095/1 1211/1092/1
f 1140/1093/1 1091/1096/1 1092/1088/1
f 1141/1097/1 1091/1096/1 1140/1093/1
f 1027/1094/1 1209/1098/1 1210/1095/1
f 1142/1099/1 1091/1096/1 1141/1097/1
f 1027/1094/1 1208/1100/1 1209/1098/1
f 1028/1101/1 1208/1100/1 1027/1094/1
f 1143/1102/1 1091/1096/1 1142/1099/1
f 1143/1102/1 1090/1103/1 1091/1096/1
f 1028/1101/1 1207/1104/1 1208/1100/1
f 1144/1105/1 1090/1103/1 1143/1102/1
f 1028/1101/1 1206/1106/1 1207/1104/1
f 1029/1107/1 1206/1106/1 1028/1101/1
f 1145/1108/1 1090/1103/1 1144/1105/1
f 1029/1107/1 1205/1109/1 1206/1106/1
f 1145/1108/1 1089/1110/1 1090/1103/1
f 1029/1107/1 1204/1111/1 1205/1109/1
f 1146/1112/1 1089/1110/1 1145/1108/1
f 1029/1107/1 1203/1113/1 1204/1111/1
f 1030/1114/1 1203/1113/1 1029/1107/1
f 1147/1115/1 1089/1110/1 1146/1112/1
f 1147/1115/1 1088/1116/1 1089/1110/1
f 1030/1114/1 1202/1117/1 1203/1113/1
f 1148/1118/1 1088/1116/1 1147/1115/1
f 1148/1118/1 1087/1119/1 1088/1116/1
f 1031/1120/1 1202/1117/1 1030/1114/1
f 1031/1120/1 1201/1121/1 1202/1117/1
f 1149/1122/1 1087/1119/1 1148/1118/1
f 1032/1123/1 1201/1121/1 1031/1120/1
f 1032/1123/1 1200/1124/1 1201/1121/1
f 1149/1122/1 1086/1125/1 1087/1119/1
f 1150/1126/1 1086/1125/1 1149/1122/1
f 1033/1127/1 1200/1124/1 1032/1123/1
f 1033/1127/1 1199/1128/1 1200/1124/1
f 1034/1129/1 1199/1128/1 1033/1127/1
f 1151/1130/1 1086/1125/1 1150/1126/1
f 1152/1131/1 1086/1125/1 1151/1130/1
f 1152/1131/1 1085/1132/1 1086/1125/1
f 1153/1133/1 1085/1132/1 1152/1131/1
f 1154/1134/1 1085/1132/1 1153/1133/1
f 1035/1135/1 1199/1128/1 1034/1129/1
f 1155/1136/1 1085/1132/1 1154/1134/1
f 1155/1136/1 1084/1137/1 1085/1132/1
f 1036/1138/1 1199/1128/1 1035/1135/1
f 1156/1139/1 1084/1137/1 1155/1136/1
f 1037/1140/1 1199/1128/1 1036/1138/1
f 1157/1141/1 1084/1137/1 1156/1139/1
f 1157/1141/1 1083/1142/1 1084/1137/1
f 1158/1143/1 1083/1142/1 1157/1141/1
f 1038/1144/1 1199/1128/1 1037/1140/1
f 1159/1145/1 1083/1142/1 1158/1143/1
f 1039/1146/1 1199/1128/1 1038/1144/1
f 1160/1147/1 1083/1142/1 1159/1145/1
f 1160/1147/1 1082/1148/1 1083/1142/1
f 1040/1149/1 1199/1128/1 1039/1146/1
f 1161/1150/1 1082/1148/1 1160/1147/1
f 1040/1149/1 1198/1151/1 1199/1128/1
f 1040/1149/1 1197/1152/1 1198/1151/1
f 1040/1149/1 1196/1153/1 1197/1152/1
f 1162/1154/1 1082/1148/1 1161/1150/1
f 1040/1149/1 1195/1155/1 1196/1153/1
f 1163/1156/1 1082/1148/1 1162/1154/1
f 1041/1157/1 1195/1155/1 1040/1149/1
f 1041/1157/1 1194/1158/1 1195/1155/1
f 1041/1157/1 1193/1159/1 1194/1158/1
f 1041/1157/1 1192/1160/1 1193/1159/1
f 1163/1156/1 1081/1161/1 1082/1148/1
f 1041/1157/1 1191/1162/1 1192/1160/1
f 1042/1163/1 1191/1162/1 1041/1157/1
f 1042/1163/1 1190/1164/1 1191/1162/1
f 1042/1163/1 1189/1165/1 1190/1164/1
f 1042/1163/1 1188/1166/1 1189/1165/1
f 1042/1163/1 1187/1167/1 1188/1166/1
f 1043/1168/1 1187/1167/1 1042/1163/1
f 1043/1168/1 1186/1169/1 1187/1167/1
f 1164/1170/1 1081/1161/1 1163/1156/1
f 1043/1168/1 1185/1171/1 1186/1169/1
f 1165/1172/1 1081/1161/1 1164/1170/1
f 1165/1172/1 1080/1173/1 1081/1161/1
f 1043/1168/1 1184/1174/1 1185/1171/1
f 1166/1175/1 1080/1173/1 1165/1172/1
f 1043/1168/1 1183/1176/1 1184/1174/1
f 1167/1177/1 1080/1173/1 1166/1175/1
f 1043/1168/1 1182/1178/1 1183/1176/1
f 1044/1179/1 1182/1178/1 1043/1168/1
f 1168/1180/1 1080/1173/1 1167/1177/1
f 1044/1179/1 1181/1181/1 1182/1178/1
f 1169/1182/1 1080/1173/1 1168/1180/1
f 1044/1179/1 1180/1183/1 1181/1181/1
f 1170/1184/1 1080/1173/1 1169/1182/1
f 1170/1184/1 1079/1185/1 1080/1173/1
f 1044/1179/1 1179/1186/1 1180/1183/1
f 1171/1187/1 1079/1185/1 1170/1184/1
f 1044/1179/1 1178/1188/1 1179/1186/1
f 1172/1189/1 1079/1185/1 1171/1187/1
f 1044/1179/1 1177/1190/1 1178/1188/1
f 1173/1191/1 1079/1185/1 1172/1189/1
f 1044/1179/1 1176/1192/1 1177/1190/1
f 1174/1193/1 1079/1185/1 1173/1191/1
f 1044/1179/1 1175/1194/1 1176/1192/1
f 1175/1194/1 1079/1185/1 1174/1193/1
f 1044/1179/1 1079/1185/1 1175/1194/1
f 1045/1195/1 1079/1185/1 1044/1179/1
f 1045/1195/1 1078/1196/1 1079/1185/1
f 1046/1197/1 1078/1196/1 1045/1195/1
f 1046/1197/1 1077/1198/1 1078/1196/1
f 1047/1199/1 1077/1198/1 1046/1197/1
f 1047/1199/1 1076/1200/1 1077/1198/1
f 1048/1201/1 1076/1200/1 1047/1199/1
f 1048/1201/1 1075/1202/1 1076/1200/1
f 1049/1203/1 1075/1202/1 1048/1201/1
f 1049/1203/1 1074/1204/1 1075/1202/1
f 1050/1205/1 1074/1204/1 1049/1203/1
f 1050/1205/1 1073/1206/1 1074/1204/1
f 1051/1207/1 1073/1206/1 1050/1205/1
f 1051/1207/1 1072/1208/1 1073/1206/1
f 1052/1209/1 1072/1208/1 1051/1207/1
f 1052/1209/1 1071/1210/1 1072/1208/1
f 1053/1211/1 1071/1210/1 1052/1209/1
f 1053/1211/1 1070/1212/1 1071/1210/1
f 1053/1211/1 1069/1213/1 1070/1212/1
f 1054/1214/1 1069/1213/1 1053/1211/1
f 1054/1214/1 1068/1215/1 1069/1213/1
f 1055/1216/1 1068/1215/1 1054/1214/1
f 1056/1217/1 1068/1215/1 1055/1216/1
f 1057/1218/1 1068/1215/1 1056/1217/1
f 1058/1219/1 1068/1215/1 1057/1218/1
f 1059/1220/1 1068/1215/1 1058/1219/1
f 1060/1221/1 1068/1215/1 1059/1220/1
f 1061/1222/1 1068/1215/1 1060/1221/1
f 1062/1223/1 1068/1215/1 1061/1222/1
f 1063/1224/1 1068/1215/1 1062/1223/1
f 1064/1225/1 1068/1215/1 1063/1224/1
f 1065/1226/1 1068/1215/1 1064/1225/1
f 1066/1227/1 1068/1215/1 1065/1226/1
f 1067/1228/1 1068/1215/1 1066/1227/1
f 1379/1229/1 1377/1230/1 1378/1231/1
f 1380/1232/1 1377/1230/1 1379/1229/1
f 1380/1232/1 1376/1233/1 1377/1230/1
f 1381/1234/1 1376/1233/1 1380/1232/1
f 1381/1234/1 1375/1235/1 1376/1233/1
f 1382/1236/1 1375/1235/1 1381/1234/1
f 1383/1237/1 1375/1235/1 1382/1236/1
f 1384/1238/1 1375/1235/1 1383/1237/1
f 1385/1239/1 1375/1235/1 1384/1238/1
f 1386/1240/1 1375/1235/1 1385/1239/1
f 1387/1241/1 1375/1235/1 1386/1240/1
f 1387/1241/1 1374/1242/1 1375/1235/1
f 1237/1243/1 1374/1242/1 1387/1241/1
f 1238/1244/1 1374/1242/1 1237/1243/1
f 1239/1245/1 1374/1242/1 1238/1244/1
f 1240/1246/1 1374/1242/1 1239/1245/1
f 1241/1247/1 1374/1242/1 1240/1246/1
f 1242/1248/1 1374/1242/1 1241/1247/1
f 1243/1249/1 1374/1242/1 1242/1248/1
f 1244/1250/1 1374/1242/1 1243/1249/1
f 1245/1251/1 1374/1242/1 1244/1250/1
f 1246/1252/1 1374/1242/1 1245/1251/1
f 1247/1253/1 1374/1242/1 1246/1252/1
f 1248/1254/1 1374/1242/1 1247/1253/1
f 1249/1255/1 1374/1242/1 1248/1254/1
f 1249/1255/1 1373/1256/1 1374/1242/1
f 1250/1257/1 1373/1256/1 1249/1255/1
f 1251/1258/1 1373/1256/1 1250/1257/1
f 1252/1259/1 1373/1256/1 1251/1258/1
f 1253/1260/1 1373/1256/1 1252/1259/1
f 1254/1261/1 1373/1256/1 1253/1260/1
f 1255/1262/1 1373/1256/1 1254/1261/1
f 1256/1263/1 1373/1256/1 1255/1262/1
f 1257/1264/1 1373/1256/1 1256/1263/1
f 1258/1265/1 1373/1256/1 1257/1264/1
f 1259/1266/1 1373/1256/1 1258/1265/1
f 1260/1267/1 1373/1256/1 1259/1266/1
f 1261/1268/1 1373/1256/1 1260/1267/1
f 1264/1269/1 1262/1270/1 1263/1271/1
f 1264/1269/1 1261/1268/1 1262/1270/1
f 1264/1269/1 1373/1256/1 1261/1268/1
f 1264/1269/1 1372/1272/1 1373/1256/1
f 1264/1269/1 1371/1273/1 1372/1272/1
f 1264/1269/1 1370/1274/1 1371/1273/1
f 1265/1275/1 1370/1274/1 1264/1269/1
f 1265/1275/1 1369/1276/1 1370/1274/1
f 1266/1277/1 1369/1276/1 1265/1275/1
f 1267/1278/1 1369/1276/1 1266/1277/1
f 1268/1279/1 1367/1280/1 1267/1278/1
f 1367/1280/1 1369/1276/1 1267/1278/1
f 1268/1279/1 1366/1281/1 1367/1280/1
f 1368/1282/1 1369/1276/1 1367/1280/1
f 1268/1279/1 1365/1283/1 1366/1281/1
f 1268/1279/1 1364/1284/1 1365/1283/1
f 1268/1279/1 1363/1285/1 1364/1284/1
f 1268/1279/1 1362/1286/1 1363/1285/1
f 1268/1279/1 1361/1287/1 1362/1286/1
f 1268/1279/1 1360/1288/1 1361/1287/1
f 1268/1279/1 1359/1289/1 1360/1288/1
f 1268/1279/1 1358/1290/1 1359/1289/1
f 1268/1279/1 1357/1291/1 1358/1290/1
f 1268/1279/1 1356/1292/1 1357/1291/1
f 1268/1279/1 1355/1293/1 1356/1292/1
f 1268/1279/1 1354/1294/1 1355/1293/1
f 1268/1279/1 1353/1295/1 1354/1294/1
f 1269/1296/1 1353/1295/1 1268/1279/1
f 1269/1296/1 1352/1297/1 1353/1295/1
f 1270/1298/1 1352/1297/1 1269/1296/1
f 1270/1298/1 1351/1299/1 1352/1297/1
f 1270/1298/1 1350/1300/1 1351/1299/1
f 1271/1301/1 1350/1300/1 1270/1298/1
f 1271/1301/1 1349/1302/1 1350/1300/1
f 1272/1303/1 1349/1302/1 1271/1301/1
f 1272/1303/1 1348/1304/1 1349/1302/1
f 1273/1305/1 1348/1304/1 1272/1303/1
f 1273/1305/1 1347/1306/1 1348/1304/1
f 1273/1305/1 1346/1307/1 1347/1306/1
f 1274/1308/1 1346/1307/1 1273/1305/1
f 1274/1308/1 1345/1309/1 1346/1307/1
f 1275/1310/1 1474/1311/1 1274/1308/1
f 1474/1311/1 1345/1309/1 1274/1308/1
f 1474/1311/1 1475/1312/1 1345/1309/1
f 1475/1312/1 1476/1313/1 1345/1309/1
f 1476/1313/1 1477/1314/1 1345/1309/1
f 1477/1314/1 1478/1315/1 1345/1309/1
f 1478/1315/1 1344/1316/1 1345/1309/1
f 1275/1310/1 1473/1317/1 1474/1311/1
f 1479/1318/1 1344/1316/1 1478/1315/1
f 1275/1310/1 1472/1319/1 1473/1317/1
f 1480/1320/1 1344/1316/1 1479/1318/1
f 1481/1321/1 1344/1316/1 1480/1320/1
f 1275/1310/1 1471/1322/1 1472/1319/1
f 1482/1323/1 1344/1316/1 1481/1321/1
f 1275/1310/1 1470/1324/1 1471/1322/1
f 1483/1325/1 1344/1316/1 1482/1323/1
f 1484/1326/1 1344/1316/1 1483/1325/1
f 1275/1310/1 1469/1327/1 1470/1324/1
f 1485/1328/1 1344/1316/1 1484/1326/1
f 1485/1328/1 1343/1329/1 1344/1316/1
f 1275/1310/1 1468/1330/1 1469/1327/1
f 1276/1331/1 1468/1330/1 1275/1310/1
f 1486/1332/1 1343/1329/1 1485/1328/1
f 1276/1331/1 1467/1333/1 1468/1330/1
f 1276/1331/1 1466/1334/1 1467/1333/1
f 1388/1335/1 1343/1329/1 1486/1332/1
f 1276/1331/1 1465/1336/1 1466/1334/1
f 1389/1337/1 1343/1329/1 1388/1335/1
f 1389/1337/1 1342/1338/1 1343/1329/1
f 1276/1331/1 1464/1339/1 1465/1336/1
f 1276/1331/1 1463/1340/1 1464/1339/1
f 1276/1331/1 1462/1341/1 1463/1340/1
f 1276/1331/1 1461/1342/1 1462/1341/1
f 1390/1343/1 1342/1338/1 1389/1337/1
f 1277/1344/1 1461/1342/1 1276/1331/1
f 1277/1344/1 1460/1345/1 1461/1342/1
f 1390/1343/1 1341/1346/1 1342/1338/1
f 1391/1347/1 1341/1346/1 1390/1343/1
f 1277/1344/1 1459/1348/1 1460/1345/1
f 1392/1349/1 1341/1346/1 1391/1347/1
f 1277/1344/1 1458/1350/1 1459/1348/1
f 1278/1351/1 1458/1350/1 1277/1344/1
f 1393/1352/1 1341/1346/1 1392/1349/1
f 1393/1352/1 1340/1353/1 1341/1346/1
f 1278/1351/1 1457/1354/1 1458/1350/1
f 1394/1355/1 1340/1353/1 1393/1352/1
f 1278/1351/1 1456/1356/1 1457/1354/1
f 1279/1357/1 1456/1356/1 1278/1351/1
f 1395/1358/1 1340/1353/1 1394/1355/1
f 1279/1357/1 1455/1359/1 1456/1356/1
f 1395/1358/1 1339/1360/1 1340/1353/1
f 1279/1357/1 1454/1361/1 1455/1359/1
f 1396/1362/1 1339/1360/1 1395/1358/1
f 1279/1357/1 1453/1363/1 1454/1361/1
f 1280/1364/1 1453/1363/1 1279/1357/1
f 1397/1365/1 1339/1360/1 1396/1362/1
f 1397/1365/1 1338/1366/1 1339/1360/1
f 1280/1364/1 1452/1367/1 1453/1363/1
f 1398/1368/1 1338/1366/1 1397/1365/1
f 1398/1368/1 1337/1369/1 1338/1366/1
f 1281/1370/1 1452/1367/1 1280/1364/1
f 1281/1370/1 1451/1371/1 1452/1367/1
f 1399/1372/1 1337/1369/1 1398/1368/1
f 1282/1373/1 1451/1371/1 1281/1370/1
f 1282/1373/1 1450/1374/1 1451/1371/1
f 1399/1372/1 1336/1375/1 1337/1369/1
f 1400/1376/1 1336/1375/1 1399/1372/1
f 1283/1377/1 1450/1374/1 1282/1373/1
f 1283/1377/1 1449/1378/1 1450/1374/1
f 1284/1379/1 1449/1378/1 1283/1377/1
f 1401/1380/1 1336/1375/1 1400/1376/1
f 1402/1381/1 1336/1375/1 1401/1380/1
f 1402/1381/1 1335/1382/1 1336/1375/1
f 1403/1383/1 1335/1382/1 1402/1381/1
f 1404/1384/1 1335/1382/1 1403/1383/1
f 1285/1385/1 1449/1378/1 1284/1379/1
f 1405/1386/1 1335/1382/1 1404/1384/1
f 1405/1386/1 1334/1387/1 1335/1382/1
f 1286/1388/1 1449/1378/1 1285/1385/1
f 1406/1389/1 1334/1387/1 1405/1386/1
f 1287/1390/1 1449/1378/1 1286/1388/1
f 1407/1391/1 1334/1387/1 1406/1389/1
f 1407/1391/1 1333/1392/1 1334/1387/1
f 1408/1393/1 1333/1392/1 1407/1391/1
f 1288/1394/1 1449/1378/1 1287/1390/1
f 1409/1395/1 1333/1392/1 1408/1393/1
f 1289/1396/1 1449/1378/1 1288/1394/1
f 1410/1397/1 1333/1392/1 1409/1395/1
f 1410/1397/1 1332/1398/1 1333/1392/1
f 1290/1399/1 1449/1378/1 1289/1396/1
f 1411/1400/1 1332/1398/1 1410/1397/1
f 1290/1399/1 1448/1401/1 1449/1378/1
f 1290/1399/1 1447/1402/1 1448/1401/1
f 1290/1399/1 1446/1403/1 1447/1402/1
f 1412/1404/1 1332/1398/1 1411/1400/1
f 1290/1399/1 1445/1405/1 1446/1403/1
f 1413/1406/1 1332/1398/1 1412/1404/1
f 1291/1407/1 1445/1405/1 1290/1399/1
f 1291/1407/1 1444/1408/1 1445/1405/1
f 1291/1407/1 1443/1409/1 1444/1408/1
f 1291/1407/1 1442/1410/1 1443/1409/1
f 1413/1406/1 1331/1411/1 1332/1398/1
f 1291/1407/1 1441/1412/1 1442/1410/1
f 1292/1413/1 1441/1412/1 1291/1407/1
f 1292/1413/1 1440/1414/1 1441/1412/1
f 1292/1413/1 1439/1415/1 1440/1414/1
f 1292/1413/1 1438/1416/1 1439/1415/1
f 1292/1413/1 1437/1417/1 1438/1416/1
f 1293/1418/1 1437/1417/1 1292/1413/1
f 1293/1418/1 1436/1419/1 1437/1417/1
f 1414/1420/1 1331/1411/1 1413/1406/1
f 1293/1418/1 1435/1421/1 1436/1419/1
f 1415/1422/1 1331/1411/1 1414/1420/1
f 1415/1422/1 1330/1423/1 1331/1411/1
f 1293/1418/1 1434/1424/1 1435/1421/1
f 1416/1425/1 1330/1423/1 1415/1422/1
f 1293/1418/1 1433/1426/1 1434/1424/1
f 1417/1427/1 1330/1423/1 1416/1425/1
f 1293/1418/1 1432/1428/1 1433/1426/1
f 1294/1429/1 1432/1428/1 1293/1418/1
f 1418/1430/1 1330/1423/1 1417/1427/1
f 1294/1429/1 1431/1431/1 1432/1428/1
f 1419/1432/1 1330/1423/1 1418/1430/1
f 1294/1429/1 1430/1433/1 1431/1431/1
f 1420/1434/1 1330/1423/1 1419/1432/1
f 1420/1434/1 1329/1435/1 1330/1423/1
f 1294/1429/1 1429/1436/1 1430/1433/1
f 1421/1437/1 1329/1435/1 1420/1434/1
f 1294/1429/1 1428/1438/1 1429/1436/1
f 1422/1439/1 1329/1435/1 1421/1437/1
f 1294/1429/1 1427/1440/1 1428/1438/1
f 1423/1441/1 1329/1435/1 1422/1439/1
f 1294/1429/1 1426/1442/1 1427/1440/1
f 1424/1443/1 1329/1435/1 1423/1441/1
f 1294/1429/1 1425/1444/1 1426/1442/1
f 1425/1444/1 1329/1435/1 1424/1443/1
f 1294/1429/1 1329/1435/1 1425/1444/1
f 1295/1445/1 1329/1435/1 1294/1429/1
f 1295/1445/1 1328/1446/1 1329/1435/1
f 1296/1447/1 1328/1446/1 1295/1445/1
f 1296/1447/1 1327/1448/1 1328/1446/1
f 1297/1449/1 1327/1448/1 1296/1447/1
f 1297/1449/1 1326/1450/1 1327/1448/1
f 1298/1451/1 1326/1450/1 1297/1449/1
f 1298/1451/1 1325/1452/1 1326/1450/1
f 1299/1453/1 1325/1452/1 1298/1451/1
f 1299/1453/1 1324/1454/1 1325/1452/1
f 1300/1455/1 1324/1454/1 1299/1453/1
f 1300/1455/1 1323/1456/1 1324/1454/1
f 1301/1457/1 1323/1456/1 1300/1455/1
f 1301/1457/1 1322/1458/1 1323/1456/1
f 1302/1459/1 1322/1458/1 1301/1457/1
f 1302/1459/1 1321/1460/1 1322/1458/1
f 1303/1461/1 1321/1460/1 1302/1459/1
f 1303/1461/1 1320/1462/1 1321/1460/1
f 1303/1461/1 1319/1463/1 1320/1462/1
f 1304/1464/1 1319/1463/1 1303/1461/1
f 1304/1464/1 1318/1465/1 1319/1463/1
f 1305/1466/1 1318/1465/1 1304/1464/1
f 1306/1467/1 1318/1465/1 1305/1466/1
f 1307/1468/1 1318/1465/1 1306/1467/1
f 1308/1469/1 1318/1465/1 1307/1468/1
f 1309/1470/1 1318/1465/1 1308/1469/1
f 1310/1471/1 1318/1465/1 1309/1470/1
f 1311/1472/1 1318/1465/1 1310/1471/1
f 1312/1473/1 1318/1465/1 1311/1472/1
f 1313/1474/1 1318/1465/1 1312/1473/1
f 1314/1475/1 1318/1465/1 1313/1474/1
f 1315/1476/1 1318/1465/1 1314/1475/1
f 1316/1477/1 1318/1465/1 1315/1476/1
f 1317/1478/1 1318/1465/1 1316/1477/1
f 1487/1479/1 1690/1480/1 1691/1481/1
f 1487/1479/1 1689/1482/1 1690/1480/1
f 1487/1479/1 1688/1483/1 1689/1482/1
f 1488/1484/1 1688/1483/1 1487/1479/1
f 1488/1484/1 1687/1485/1 1688/1483/1
f 1489/1486/1 1687/1485/1 1488/1484/1
f 1490/1487/2 1687/1485/2 1489/1486/2
f 1491/1488/1 1685/1489/1 1490/1487/1
f 1685/1489/1 1687/1485/1 1490/1487/1
f 1491/1488/1 1684/1490/1 1685/1489/1
f 1686/1491/1 1687/1485/1 1685/1489/1
f 1491/1488/1 1683/1492/1 1684/1490/1
f 1491/1488/1 1682/1493/1 1683/1492/1
f 1491/1488/1 1681/1494/1 1682/1493/1
f 1491/1488/1 1680/1495/1 1681/1494/1
f 1491/1488/1 1679/1496/1 1680/1495/1
f 1491/1488/1 1678/1497/1 1679/1496/1
f 1491/1488/1 1677/1498/1 1678/1497/1
f 1491/1488/1 1676/1499/1 1677/1498/1
f 1491/1488/1 1675/1500/1 1676/1499/1
f 1491/1488/1 1674/1501/1 1675/1500/1
f 1491/1488/1 1673/1502/1 1674/1501/1
f 1492/1503/1 1673/1502/1 1491/1488/1
f 1492/1503/1 1672/1504/1 1673/1502/1
f 1493/1505/1 1672/1504/1 1492/1503/1
f 1493/1505/1 1671/1506/1 1672/1504/1
f 1494/1507/1 1671/1506/1 1493/1505/1
f 1494/1507/1 1670/1508/1 1671/1506/1
f 1495/1509/1 1670/1508/1 1494/1507/1
f 1495/1509/1 1669/1510/1 1670/1508/1
f 1496/1511/1 1669/1510/1 1495/1509/1
f 1496/1511/1 1668/1512/1 1669/1510/1
f 1497/1513/1 1668/1512/1 1496/1511/1
f 1497/1513/1 1667/1514/1 1668/1512/1
f 1498/1515/1 1667/1514/1 1497/1513/1
f 1498/1515/1 1666/1516/1 1667/1514/1
f 1499/1517/1 1666/1516/1 1498/1515/1
f 1499/1517/1 1665/1518/1 1666/1516/1
f 1500/1519/1 1571/1520/1 1499/1517/1
f 1571/1520/1 1665/1518/1 1499/1517/1
f 1571/1520/1 1664/1521/1 1665/1518/1
f 1500/1519/1 1570/1522/1 1571/1520/1
f 1572/1523/1 1664/1521/1 1571/1520/1
f 1573/1524/1 1664/1521/1 1572/1523/1
f 1500/1519/1 1569/1525/1 1570/1522/1
f 1574/1526/1 1664/1521/1 1573/1524/1
f 1500/1519/1 1568/1527/1 1569/1525/1
f 1575/1528/1 1664/1521/1 1574/1526/1
f 1576/1529/1 1664/1521/1 1575/1528/1
f 1500/1519/1 1567/1530/1 1568/1527/1
f 1501/1531/1 1567/1530/1 1500/1519/1
f 1577/1532/1 1664/1521/1 1576/1529/1
f 1577/1532/1 1663/1533/1 1664/1521/1
f 1501/1531/1 1566/1534/1 1567/1530/1
f 1501/1531/1 1565/1535/1 1566/1534/1
f 1578/1536/1 1663/1533/1 1577/1532/1
f 1502/1537/1 1565/1535/1 1501/1531/1
f 1578/1536/1 1662/1538/1 1663/1533/1
f 1502/1537/1 1564/1539/1 1565/1535/1
f 1579/1540/1 1662/1538/1 1578/1536/1
f 1502/1537/1 1563/1541/1 1564/1539/1
f 1579/1540/1 1661/1542/1 1662/1538/1
f 1503/1543/1 1563/1541/1 1502/1537/1
f 1580/1544/1 1661/1542/1 1579/1540/1
f 1580/1544/1 1660/1545/1 1661/1542/1
f 1504/1546/1 1563/1541/1 1503/1543/1
f 1580/1544/1 1659/1547/1 1660/1545/1
f 1505/1548/1 1563/1541/1 1504/1546/1
f 1580/1544/1 1658/1549/1 1659/1547/1
f 1506/1550/1 1563/1541/1 1505/1548/1
f 1581/1551/1 1658/1549/1 1580/1544/1
f 1506/1550/1 1562/1552/1 1563/1541/1
f 1581/1551/1 1657/1553/1 1658/1549/1
f 1507/1554/1 1562/1552/1 1506/1550/1
f 1581/1551/1 1656/1555/1 1657/1553/1
f 1508/1556/1 1562/1552/1 1507/1554/1
f 1581/1551/1 1655/1557/1 1656/1555/1
f 1582/1558/1 1655/1557/1 1581/1551/1
f 1509/1559/1 1562/1552/1 1508/1556/1
f 1582/1558/1 1654/1560/1 1655/1557/1
f 1510/1561/1 1562/1552/1 1509/1559/1
f 1582/1558/1 1653/1562/1 1654/1560/1
f 1510/1561/1 1561/1563/1 1562/1552/1
f 1583/1564/1 1653/1562/1 1582/1558/1
f 1511/1565/1 1561/1563/1 1510/1561/1
f 1583/1564/1 1652/1566/1 1653/1562/1
f 1512/1567/1 1561/1563/1 1511/1565/1
f 1583/1564/1 1651/1568/1 1652/1566/1
f 1583/1564/1 1650/1569/1 1651/1568/1
f 1513/1570/1 1561/1563/1 1512/1567/1
f 1584/1571/1 1650/1569/1 1583/1564/1
f 1584/1571/1 1649/1572/1 1650/1569/1
f 1514/1573/1 1561/1563/1 1513/1570/1
f 1514/1573/1 1560/1574/1 1561/1563/1
f 1584/1571/1 1648/1575/1 1649/1572/1
f 1515/1576/1 1560/1574/1 1514/1573/1
f 1584/1571/1 1647/1577/1 1648/1575/1
f 1584/1571/1 1646/1578/1 1647/1577/1
f 1585/1579/1 1646/1578/1 1584/1571/1
f 1516/1580/1 1560/1574/1 1515/1576/1
f 1517/1581/1 1560/1574/1 1516/1580/1
f 1585/1579/1 1645/1582/1 1646/1578/1
f 1518/1583/1 1560/1574/1 1517/1581/1
f 1519/1584/1 1560/1574/1 1518/1583/1
f 1585/1579/1 1644/1585/1 1645/1582/1
f 1520/1586/1 1560/1574/1 1519/1584/1
f 1585/1579/1 1643/1587/1 1644/1585/1
f 1585/1579/1 1642/1588/1 1643/1587/1
f 1586/1589/1 1642/1588/1 1585/1579/1
f 1521/1590/1 1560/1574/1 1520/1586/1
f 1521/1590/1 1559/1591/1 1560/1574/1
f 1586/1589/1 1641/1592/1 1642/1588/1
f 1522/1593/1 1559/1591/1 1521/1590/1
f 1586/1589/1 1640/1594/1 1641/1592/1
f 1586/1589/1 1639/1595/1 1640/1594/1
f 1586/1589/1 1638/1596/1 1639/1595/1
f 1523/1597/1 1559/1591/1 1522/1593/1
f 1586/1589/1 1637/1598/1 1638/1596/1
f 1586/1589/1 1636/1599/1 1637/1598/1
f 1587/1600/1 1636/1599/1 1586/1589/1
f 1587/1600/1 1635/1601/1 1636/1599/1
f 1524/1602/1 1559/1591/1 1523/1597/1
f 1587/1600/1 1634/1603/1 1635/1601/1
f 1587/1600/1 1633/1604/1 1634/1603/1
f 1525/1605/1 1559/1591/1 1524/1602/1
f 1526/1606/1 1559/1591/1 1525/1605/1
f 1587/1600/1 1632/1607/1 1633/1604/1
f 1527/1608/1 1559/1591/1 1526/1606/1
f 1588/1609/1 1632/1607/1 1587/1600/1
f 1528/1610/1 1559/1591/1 1527/1608/1
f 1528/1610/1 1558/1611/1 1559/1591/1
f 1588/1609/1 1631/1612/1 1632/1607/1
f 1588/1609/1 1630/1613/1 1631/1612/1
f 1589/1614/1 1630/1613/1 1588/1609/1
f 1590/1615/1 1630/1613/1 1589/1614/1
f 1590/1615/1 1629/1616/1 1630/1613/1
f 1591/1617/1 1629/1616/1 1590/1615/1
f 1591/1617/1 1628/1618/1 1629/1616/1
f 1528/1610/1 1557/1619/1 1558/1611/1
f 1592/1620/1 1628/1618/1 1591/1617/1
f 1593/1621/1 1628/1618/1 1592/1620/1
f 1593/1621/1 1627/1622/1 1628/1618/1
f 1594/1623/1 1627/1622/1 1593/1621/1
f 1594/1623/1 1626/1624/1 1627/1622/1
f 1595/1625/1 1626/1624/1 1594/1623/1
f 1528/1610/1 1556/1626/1 1557/1619/1
f 1596/1627/1 1626/1624/1 1595/1625/1
f 1596/1627/1 1625/1628/1 1626/1624/1
f 1597/1629/1 1625/1628/1 1596/1627/1
f 1598/1630/1 1625/1628/1 1597/1629/1
f 1599/1631/1 1625/1628/1 1598/1630/1
f 1528/1610/1 1555/1632/1 1556/1626/1
f 1599/1631/1 1624/1633/1 1625/1628/1
f 1600/1634/1 1624/1633/1 1599/1631/1
f 1529/1635/1 1555/1632/1 1528/1610/1
f 1601/1636/1 1624/1633/1 1600/1634/1
f 1602/1637/1 1624/1633/1 1601/1636/1
f 1530/1638/1 1555/1632/1 1529/1635/1
f 1530/1638/1 1554/1639/1 1555/1632/1
f 1603/1640/1 1624/1633/1 1602/1637/1
f 1531/1641/1 1554/1639/1 1530/1638/1
f 1604/1642/1 1624/1633/1 1603/1640/1
f 1532/1643/1 1554/1639/1 1531/1641/1
f 1605/1644/1 1624/1633/1 1604/1642/1
f 1532/1643/1 1553/1645/1 1554/1639/1
f 1606/1646/1 1624/1633/1 1605/1644/1
f 1533/1647/1 1553/1645/1 1532/1643/1
f 1607/1648/1 1624/1633/1 1606/1646/1
f 1534/1649/1 1553/1645/1 1533/1647/1
f 1534/1649/1 1552/1650/1 1553/1645/1
f 1608/1651/1 1624/1633/1 1607/1648/1
f 1535/1652/1 1552/1650/1 1534/1649/1
f 1609/1653/1 1624/1633/1 1608/1651/1
f 1610/1654/1 1624/1633/1 1609/1653/1
f 1536/1655/1 1552/1650/1 1535/1652/1
f 1611/1656/1 1624/1633/1 1610/1654/1
f 1612/1657/1 1624/1633/1 1611/1656/1
f 1536/1655/1 1551/1658/1 1552/1650/1
f 1613/1659/2 1624/1633/2 1612/1657/2
f 1614/1660/1 1624/1633/1 1613/1659/1
f 1615/1661/1 1624/1633/1 1614/1660/1
f 1616/1662/1 1624/1633/1 1615/1661/1
f 1617/1663/1 1624/1633/1 1616/1662/1
f 1618/1664/1 1624/1633/1 1617/1663/1
f 1619/1665/1 1624/1633/1 1618/1664/1
f 1620/1666/1 1624/1633/1 1619/1665/1
f 1621/1667/1 1624/1633/1 1620/1666/1
f 1622/1668/1 1624/1633/1 1621/1667/1
f 1623/1669/1 1624/1633/1 1622/1668/1
f 1537/1670/1 1551/1658/1 1536/1655/1
f 1537/1670/1 1550/1671/1 1551/1658/1
f 1537/1670/1 1549/1672/1 1550/1671/1
f 1538/1673/1 1549/1672/1 1537/1670/1
f 1538/1673/1 1548/1674/1 1549/1672/1
f 1539/1675/1 1548/1674/1 1538/1673/1
f 1539/1675/1 1547/1676/1 1548/1674/1
f 1540/1677/1 1547/1676/1 1539/1675/1
f 1540/1677/1 1546/1678/1 1547/1676/1
f 1541/1679/1 1546/1678/1 1540/1677/1
f 1541/1679/1 1545/1680/1 1546/1678/1
f 1542/1681/1 1545/1680/1 1541/1679/1
f 1542/1681/1 1544/1682/1 1545/1680/1
f 1543/1683/1 1544/1682/1 1542/1681/1
f 1797/1684/1 1795/1685/1 1796/1686/1
f 1798/1687/1 1795/1685/1 1797/1684/1
f 1798/1687/1 1794/1688/1 1795/1685/1
f 1799/1689/1 1794/1688/1 1798/1687/1
f 1799/1689/1 1793/1690/1 1794/1688/1
f 1800/1691/1 1793/1690/1 1799/1689/1
f 1800/1691/1 1792/1692/1 1793/1690/1
f 1800/1691/1 1791/1693/1 1792/1692/1
f 1801/1694/1 1791/1693/1 1800/1691/1
f 1801/1694/1 1790/1695/1 1791/1693/1
f 1802/1696/1 1790/1695/1 1801/1694/1
f 1802/1696/1 1789/1697/1 1790/1695/1
f 1803/1698/1 1789/1697/1 1802/1696/1
f 1803/1698/1 1788/1699/1 1789/1697/1
f 1804/1700/1 1788/1699/1 1803/1698/1
f 1804/1700/1 1787/1701/1 1788/1699/1
f 1805/1702/1 1787/1701/1 1804/1700/1
f 1805/1702/1 1786/1703/1 1787/1701/1
f 1692/1704/1 1786/1703/1 1805/1702/1
f 1692/1704/1 1785/1705/1 1786/1703/1
f 1693/1706/1 1785/1705/1 1692/1704/1
f 1693/1706/1 1784/1707/1 1785/1705/1
f 1693/1706/1 1783/1708/1 1784/1707/1
f 1694/1709/1 1783/1708/1 1693/1706/1
f 1694/1709/1 1782/1710/1 1783/1708/1
f 1694/1709/1 1781/1711/1 1782/1710/1
f 1695/1712/1 1781/1711/1 1694/1709/1
f 1695/1712/1 1780/1713/1 1781/1711/1
f 1696/1714/1 1780/1713/1 1695/1712/1
f 1696/1714/1 1779/1715/1 1780/1713/1
f 1697/1716/1 1779/1715/1 1696/1714/1
f 1698/1717/1 1779/1715/1 1697/1716/1
f 1698/1717/1 1778/1718/1 1779/1715/1
f 1699/1719/1 1778/1718/1 1698/1717/1
f 1699/1719/1 1777/1720/1 1778/1718/1
f 1700/1721/1 1777/1720/1 1699/1719/1
f 1700/1721/1 1776/1722/1 1777/1720/1
f 1701/1723/1 1776/1722/1 1700/1721/1
f 1701/1723/1 1775/1724/1 1776/1722/1
f 1702/1725/1 1775/1724/1 1701/1723/1
f 1702/1725/1 1774/1726/1 1775/1724/1
f 1703/1727/1 1774/1726/1 1702/1725/1
f 1703/1727/1 1773/1728/1 1774/1726/1
f 1704/1729/1 1773/1728/1 1703/1727/1
f 1705/1730/1 1773/1728/1 1704/1729/1
f 1705/1730/1 1772/1731/1 1773/1728/1
f 1706/1732/1 1772/1731/1 1705/1730/1
f 1707/1733/1 1772/1731/1 1706/1732/1
f 1708/1734/1 1772/1731/1 1707/1733/1
f 1709/1735/1 1772/1731/1 1708/1734/1
f 1710/1736/1 1772/1731/1 1709/1735/1
f 1711/1737/1 1772/1731/1 1710/1736/1
f 1711/1737/1 1771/1738/1 1772/1731/1
f 1712/1739/1 1771/1738/1 1711/1737/1
f 1713/1740/1 1771/1738/1 1712/1739/1
f 1714/1741/1 1771/1738/1 1713/1740/1
f 1715/1742/1 1771/1738/1 1714/1741/1
f 1716/1743/1 1771/1738/1 1715/1742/1
f 1717/1744/1 1879/1745/1 1716/1743/1
f 1879/1745/1 1880/1746/1 1716/1743/1
f 1880/1746/1 1881/1747/1 1716/1743/1
f 1881/1747/1 1882/1748/1 1716/1743/1
f 1882/1748/1 1883/1749/1 1716/1743/1
f 1883/1749/1 1884/1750/1 1716/1743/1
f 1884/1750/1 1885/1751/1 1716/1743/1
f 1885/1751/1 1886/1752/1 1716/1743/1
f 1886/1752/1 1887/1753/1 1716/1743/1
f 1887/1753/1 1888/1754/1 1716/1743/1
f 1888/1754/1 1889/1755/1 1716/1743/1
f 1889/1755/1 1771/1738/1 1716/1743/1
f 1889/1755/1 1890/1756/1 1771/1738/1
f 1890/1756/1 1891/1757/1 1771/1738/1
f 1891/1757/1 1892/1758/1 1771/1738/1
f 1892/1758/1 1893/1759/1 1771/1738/1
f 1893/1759/1 1894/1760/1 1771/1738/1
f 1894/1760/1 1770/1761/1 1771/1738/1
f 1895/1762/1 1770/1761/1 1894/1760/1
f 1896/1763/1 1770/1761/1 1895/1762/1
f 1897/1764/1 1770/1761/1 1896/1763/1
f 1898/1765/1 1770/1761/1 1897/1764/1
f 1899/1766/1 1770/1761/1 1898/1765/1
f 1900/1767/1 1770/1761/1 1899/1766/1
f 1901/1768/1 1770/1761/1 1900/1767/1
f 1806/1769/1 1770/1761/1 1901/1768/1
f 1717/1744/1 1878/1770/1 1879/1745/1
f 1807/1771/1 1770/1761/1 1806/1769/1
f 1717/1744/1 1877/1772/1 1878/1770/1
f 1807/1771/1 1769/1773/1 1770/1761/1
f 1808/1774/1 1769/1773/1 1807/1771/1
f 1717/1744/1 1876/1775/1 1877/1772/1
f 1809/1776/1 1769/1773/1 1808/1774/1
f 1717/1744/1 1875/1777/1 1876/1775/1
f 1810/1778/1 1769/1773/1 1809/1776/1
f 1810/1778/1 1768/1779/1 1769/1773/1
f 1717/1744/1 1874/1780/1 1875/1777/1
f 1811/1781/1 1768/1779/1 1810/1778/1
f 1717/1744/1 1873/1782/1 1874/1780/1
f 1812/1783/1 1768/1779/1 1811/1781/1
f 1717/1744/1 1872/1784/1 1873/1782/1
f 1813/1785/1 1768/1779/1 1812/1783/1
f 1813/1785/1 1767/1786/1 1768/1779/1
f 1717/1744/1 1871/1787/1 1872/1784/1
f 1814/1788/1 1767/1786/1 1813/1785/1
f 1717/1744/1 1870/1789/1 1871/1787/1
f 1815/1790/1 1767/1786/1 1814/1788/1
f 1815/1790/1 1766/1791/1 1767/1786/1
f 1717/1744/1 1869/1792/1 1870/1789/1
f 1816/1793/1 1766/1791/1 1815/1790/1
f 1717/1744/1 1868/1794/1 1869/1792/1
f 1816/1793/1 1765/1795/1 1766/1791/1
f 1817/1796/1 1765/1795/1 1816/1793/1
f 1717/1744/1 1867/1797/1 1868/1794/1
f 1817/1796/1 1764/1798/1 1765/1795/1
f 1818/1799/1 1764/1798/1 1817/1796/1
f 1717/1744/1 1866/1800/1 1867/1797/1
f 1718/1801/1 1866/1800/1 1717/1744/1
f 1819/1802/1 1764/1798/1 1818/1799/1
f 1718/1801/1 1865/1803/1 1866/1800/1
f 1819/1802/1 1763/1804/1 1764/1798/1
f 1820/1805/1 1763/1804/1 1819/1802/1
f 1718/1801/1 1864/1806/1 1865/1803/1
f 1820/1805/1 1762/1807/1 1763/1804/1
f 1821/1808/1 1762/1807/1 1820/1805/1
f 1718/1801/1 1863/1809/1 1864/1806/1
f 1822/1810/1 1762/1807/1 1821/1808/1
f 1718/1801/1 1862/1811/1 1863/1809/1
f 1822/1810/1 1761/1812/1 1762/1807/1
f 1823/1813/1 1761/1812/1 1822/1810/1
f 1718/1801/1 1861/1814/1 1862/1811/1
f 1824/1815/1 1761/1812/1 1823/1813/1
f 1718/1801/1 1860/1816/1 1861/1814/1
f 1824/1815/1 1760/1817/1 1761/1812/1
f 1718/1801/1 1859/1818/1 1860/1816/1
f 1825/1819/1 1760/1817/1 1824/1815/1
f 1718/1801/1 1858/1820/1 1859/1818/1
f 1826/1821/1 1760/1817/1 1825/1819/1
f 1718/1801/1 1857/1822/1 1858/1820/1
f 1827/1823/1 1760/1817/1 1826/1821/1
f 1718/1801/1 1856/1824/1 1857/1822/1
f 1828/1825/1 1760/1817/1 1827/1823/1
f 1828/1825/1 1759/1826/1 1760/1817/1
f 1718/1801/1 1855/1827/1 1856/1824/1
f 1829/1828/1 1759/1826/1 1828/1825/1
f 1718/1801/1 1854/1829/1 1855/1827/1
f 1830/1830/1 1759/1826/1 1829/1828/1
f 1718/1801/1 1853/1831/1 1854/1829/1
f 1831/1832/1 1759/1826/1 1830/1830/1
f 1718/1801/1 1852/1833/1 1853/1831/1
f 1832/1834/1 1759/1826/1 1831/1832/1
f 1832/1834/1 1758/1835/1 1759/1826/1
f 1718/1801/1 1851/1836/1 1852/1833/1
f 1833/1837/1 1758/1835/1 1832/1834/1
f 1718/1801/1 1850/1838/1 1851/1836/1
f 1834/1839/1 1758/1835/1 1833/1837/1
f 1834/1839/1 1757/1840/1 1758/1835/1
f 1718/1801/1 1849/1841/1 1850/1838/1
f 1835/1842/1 1757/1840/1 1834/1839/1
f 1718/1801/1 1848/1843/1 1849/1841/1
f 1836/1844/1 1757/1840/1 1835/1842/1
f 1718/1801/1 1847/1845/1 1848/1843/1
f 1837/1846/1 1757/1840/1 1836/1844/1
f 1718/1801/1 1846/1847/1 1847/1845/1
f 1838/1848/1 1757/1840/1 1837/1846/1
f 1718/1801/1 1845/1849/1 1846/1847/1
f 1839/1850/1 1757/1840/1 1838/1848/1
f 1719/1851/1 1845/1849/1 1718/1801/1
f 1719/1851/1 1844/1852/1 1845/1849/1
f 1840/1853/1 1757/1840/1 1839/1850/1
f 1719/1851/1 1843/1854/1 1844/1852/1
f 1841/1855/1 1757/1840/1 1840/1853/1
f 1719/1851/1 1842/1856/1 1843/1854/1
f 1842/1856/1 1757/1840/1 1841/1855/1
f 1719/1851/1 1757/1840/1 1842/1856/1
f 1719/1851/1 1756/1857/1 1757/1840/1
f 1719/1851/1 1755/1858/1 1756/1857/1
f 1719/1851/1 1754/1859/1 1755/1858/1
f 1720/1860/1 1754/1859/1 1719/1851/1
f 1721/1861/1 1754/1859/1 1720/1860/1
f 1721/1861/1 1753/1862/1 1754/1859/1
f 1722/1863/1 1753/1862/1 1721/1861/1
f 1722/1863/1 1752/1864/1 1753/1862/1
f 1723/1865/1 1752/1864/1 1722/1863/1
f 1723/1865/1 1751/1866/1 1752/1864/1
f 1724/1867/1 1751/1866/1 1723/1865/1
f 1725/1868/1 1751/1866/1 1724/1867/1
f 1725/1868/1 1750/1869/1 1751/1866/1
f 1726/1870/1 1750/1869/1 1725/1868/1
f 1726/1870/1 1749/1871/1 1750/1869/1
f 1727/1872/1 1749/1871/1 1726/1870/1
f 1728/1873/1 1749/1871/1 1727/1872/1
f 1728/1873/1 1748/1874/1 1749/1871/1
f 1729/1875/1 1748/1874/1 1728/1873/1
f 1729/1875/1 1747/1876/1 1748/1874/1
f 1730/1877/1 1747/1876/1 1729/1875/1
f 1730/1877/1 1746/1878/1 1747/1876/1
f 1731/1879/1 1746/1878/1 1730/1877/1
f 1732/1880/1 1746/1878/1 1731/1879/1
f 1733/1881/1 1746/1878/1 1732/1880/1
f 1733/1881/1 1745/1882/1 1746/1878/1
f 1734/1883/1 1745/1882/1 1733/1881/1
f 1735/1884/1 1745/1882/1 1734/1883/1
f 1736/1885/1 1745/1882/1 1735/1884/1
f 1737/1886/1 1745/1882/1 1736/1885/1
f 1738/1887/1 1745/1882/1 1737/1886/1
f 1739/1888/1 1745/1882/1 1738/1887/1
f 1740/1889/1 1745/1882/1 1739/1888/1
f 1741/1890/1 1745/1882/1 1740/1889/1
f 1742/1891/1 1745/1882/1 1741/1890/1
f 1743/1892/1 1745/1882/1 1742/1891/1
f 1744/1893/1 1745/1882/1 1743/1892/1
f 2011/1894/1 2009/1895/1 2010/1896/1
f 2011/1894/1 2008/1897/1 2009/1895/1
f 2011/1894/1 2007/1898/1 2008/1897/1
f 2012/1899/1 2007/1898/1 2011/1894/1
f 2012/1899/1 2006/1900/1 2007/1898/1
f 2013/1901/1 2006/1900/1 2012/1899/1
f 2013/1901/1 2005/1902/1 2006/1900/1
f 2014/1903/1 2005/1902/1 2013/1901/1
f 2015/1904/1 2005/1902/1 2014/1903/1
f 2015/1904/1 2004/1905/1 2005/1902/1
f 2016/1906/1 2004/1905/1 2015/1904/1
f 2016/1906/1 2003/1907/1 2004/1905/1
f 2017/1908/1 2003/1907/1 2016/1906/1
f 2017/1908/1 2002/1909/1 2003/1907/1
f 2018/1910/1 2002/1909/1 2017/1908/1
f 2018/1910/1 2001/1911/1 2002/1909/1
f 2019/1912/1 2001/1911/1 2018/1910/1
f 2019/1912/1 2000/1913/1 2001/1911/1
f 2020/1914/1 2000/1913/1 2019/1912/1
f 2020/1914/1 1999/1915/1 2000/1913/1
f 2021/1916/1 1999/1915/1 2020/1914/1
f 2021/1916/1 1998/1917/1 1999/1915/1
f 1902/1918/1 1998/1917/1 2021/1916/1
f 1903/1919/1 1998/1917/1 1902/1918/1
f 1903/1919/1 1997/1920/1 1998/1917/1
f 1903/1919/1 1996/1921/1 1997/1920/1
f 1904/1922/1 1996/1921/1 1903/1919/1
f 1904/1922/1 1995/1923/1 1996/1921/1
f 1905/1924/1 1995/1923/1 1904/1922/1
f 1905/1924/1 1994/1925/1 1995/1923/1
f 1906/1926/1 1994/1925/1 1905/1924/1
f 1906/1926/1 1993/1927/1 1994/1925/1
f 1907/1928/1 1993/1927/1 1906/1926/1
f 1907/1928/1 1992/1929/1 1993/1927/1
f 1908/1930/1 1992/1929/1 1907/1928/1
f 1908/1930/1 1991/1931/1 1992/1929/1
f 1909/1932/1 1991/1931/1 1908/1930/1
f 1909/1932/1 1990/1933/1 1991/1931/1
f 1910/1934/1 1990/1933/1 1909/1932/1
f 1910/1934/1 1989/1935/1 1990/1933/1
f 1911/1936/1 1989/1935/1 1910/1934/1
f 1911/1936/1 1988/1937/1 1989/1935/1
f 1911/1936/1 1987/1938/1 1988/1937/1
f 1912/1939/1 1987/1938/1 1911/1936/1
f 1912/1939/1 1986/1940/1 1987/1938/1
f 1913/1941/1 1986/1940/1 1912/1939/1
f 1913/1941/1 1985/1942/1 1986/1940/1
f 1914/1943/1 2101/1944/1 1913/1941/1
f 2101/1944/1 2102/1945/1 1913/1941/1
f 2102/1945/1 1985/1942/1 1913/1941/1
f 2102/1945/1 2103/1946/1 1985/1942/1
f 2103/1946/1 1984/1947/1 1985/1942/1
f 2103/1946/1 2104/1948/1 1984/1947/1
f 2104/1948/1 2105/1949/1 1984/1947/1
f 2105/1949/1 2106/1950/1 1984/1947/1
f 2106/1950/1 2107/1951/1 1984/1947/1
f 2107/1951/1 2108/1952/1 1984/1947/1
f 2108/1952/1 1983/1953/1 1984/1947/1
f 1914/1943/1 2100/1954/1 2101/1944/1
f 1914/1943/1 2099/1955/1 2100/1954/1
f 2109/1956/1 1983/1953/1 2108/1952/1
f 2110/1957/1 1983/1953/1 2109/1956/1
f 1914/1943/1 2098/1958/1 2099/1955/1
f 2111/1959/1 1983/1953/1 2110/1957/1
f 2112/1960/1 1983/1953/1 2111/1959/1
f 1914/1943/1 2097/1961/1 2098/1958/1
f 2113/1962/1 1983/1953/1 2112/1960/1
f 1914/1943/1 2096/1963/1 2097/1961/1
f 2114/1964/1 1983/1953/1 2113/1962/1
f 2114/1964/1 1982/1965/1 1983/1953/1
f 1914/1943/1 2095/1966/1 2096/1963/1
f 2115/1967/1 1982/1965/1 2114/1964/1
f 1915/1968/1 2095/1966/1 1914/1943/1
f 2116/1969/1 1982/1965/1 2115/1967/1
f 1915/1968/1 2094/1970/1 2095/1966/1
f 2117/1971/1 1982/1965/1 2116/1969/1
f 1915/1968/1 2093/1972/1 2094/1970/1
f 2117/1971/1 1981/1973/1 1982/1965/1
f 2022/1974/1 1981/1973/1 2117/1971/1
f 2023/1975/1 1981/1973/1 2022/1974/1
f 1915/1968/1 2092/1976/1 2093/1972/1
f 2023/1975/1 1980/1977/1 1981/1973/1
f 2024/1978/1 1980/1977/1 2023/1975/1
f 1916/1979/1 2092/1976/1 1915/1968/1
f 2024/1978/1 1979/1980/1 1980/1977/1
f 1916/1979/1 2091/1981/1 2092/1976/1
f 2025/1982/1 1979/1980/1 2024/1978/1
f 2026/1983/1 1979/1980/1 2025/1982/1
f 2026/1983/1 1978/1984/1 1979/1980/1
f 1916/1979/1 2090/1985/1 2091/1981/1
f 1917/1986/1 2090/1985/1 1916/1979/1
f 2027/1987/1 1978/1984/1 2026/1983/1
f 2028/1988/1 1978/1984/1 2027/1987/1
f 2028/1988/1 1977/1989/1 1978/1984/1
f 1917/1986/1 2089/1990/1 2090/1985/1
f 2029/1991/1 1977/1989/1 2028/1988/1
f 1918/1992/1 2089/1990/1 1917/1986/1
f 1918/1992/1 2088/1993/1 2089/1990/1
f 2029/1991/1 1976/1994/1 1977/1989/1
f 2030/1995/1 1976/1994/1 2029/1991/1
f 2031/1996/1 1976/1994/1 2030/1995/1
f 1918/1992/1 2087/1997/1 2088/1993/1
f 2031/1996/1 1975/1998/1 1976/1994/1
f 1919/1999/1 2087/1997/1 1918/1992/1
f 2032/2000/1 1975/1998/1 2031/1996/1
f 1919/1999/1 2086/2001/1 2087/1997/1
f 2033/2002/1 1975/1998/1 2032/2000/1
f 2033/2002/1 1974/2003/1 1975/1998/1
f 1920/2004/1 2086/2001/1 1919/1999/1
f 2034/2005/1 1974/2003/1 2033/2002/1
f 1920/2004/1 2085/2006/1 2086/2001/1
f 2035/2007/1 1974/2003/1 2034/2005/1
f 1920/2004/1 2084/2008/1 2085/2006/1
f 2036/2009/1 1974/2003/1 2035/2007/1
f 2036/2009/1 1973/2010/1 1974/2003/1
f 1921/2011/1 2084/2008/1 1920/2004/1
f 2037/2012/1 1973/2010/1 2036/2009/1
f 2038/2013/1 1973/2010/1 2037/2012/1
f 1921/2011/1 2083/2014/1 2084/2008/1
f 2039/2015/1 1973/2010/1 2038/2013/1
f 2039/2015/1 1972/2016/1 1973/2010/1
f 2040/2017/1 1972/2016/1 2039/2015/1
f 1922/2018/1 2083/2014/1 1921/2011/1
f 2041/2019/1 1972/2016/1 2040/2017/1
f 1922/2018/1 2082/2020/1 2083/2014/1
f 2042/2021/1 1972/2016/1 2041/2019/1
f 2043/2022/1 1972/2016/1 2042/2021/1
f 2043/2022/1 1971/2023/1 1972/2016/1
f 2044/2024/1 1971/2023/1 2043/2022/1
f 1923/2025/1 2082/2020/1 1922/2018/1
f 1923/2025/1 2081/2026/1 2082/2020/1
f 2045/2027/1 1971/2023/1 2044/2024/1
f 1923/2025/1 2080/2028/1 2081/2026/1
f 2046/2029/1 1971/2023/1 2045/2027/1
f 1923/2025/1 2079/2030/1 2080/2028/1
f 2046/2029/1 1970/2031/1 1971/2023/1
f 2047/2032/1 1970/2031/1 2046/2029/1
f 1923/2025/1 2078/2033/1 2079/2030/1
f 1924/2034/1 2078/2033/1 1923/2025/1
f 1924/2034/1 2077/2035/1 2078/2033/1
f 1924/2034/1 2076/2036/1 2077/2035/1
f 2048/2037/1 1970/2031/1 2047/2032/1
f 2048/2037/1 1969/2038/1 1970/2031/1
f 1924/2034/1 2075/2039/1 2076/2036/1
f 1924/2034/1 2074/2040/1 2075/2039/1
f 2049/2041/1 1969/2038/1 2048/2037/1
f 1924/2034/1 2073/2042/1 2074/2040/1
f 1925/2043/1 2073/2042/1 1924/2034/1
f 2049/2041/1 1968/2044/1 1969/2038/1
f 1925/2043/1 2072/2045/1 2073/2042/1
f 2050/2046/1 1968/2044/1 2049/2041/1
f 1925/2043/1 2071/2047/1 2072/2045/1
f 1925/2043/1 2070/2048/1 2071/2047/1
f 1925/2043/1 2069/2049/1 2070/2048/1
f 2050/2046/1 1967/2050/1 1968/2044/1
f 2051/2051/1 1967/2050/1 2050/2046/1
f 1925/2043/1 2068/2052/1 2069/2049/1
f 1926/2053/1 2068/2052/1 1925/2043/1
f 2052/2054/1 1967/2050/1 2051/2051/1
f 1926/2053/1 2067/2055/1 2068/2052/1
f 2052/2054/1 1966/2056/1 1967/2050/1
f 2053/2057/1 1966/2056/1 2052/2054/1
f 1926/2053/1 2066/2058/1 2067/2055/1
f 1926/2053/1 2065/2059/1 2066/2058/1
f 2054/2060/1 1966/2056/1 2053/2057/1
f 1926/2053/1 2064/2061/1 2065/2059/1
f 2055/2062/1 1966/2056/1 2054/2060/1
f 1926/2053/1 2063/2063/1 2064/2061/1
f 1926/2053/1 2062/2064/1 2063/2063/1
f 2056/2065/1 1966/2056/1 2055/2062/1
f 1926/2053/1 2061/2066/1 2062/2064/1
f 2057/2067/1 1966/2056/1 2056/2065/1
f 1926/2053/1 2060/2068/1 2061/2066/1
f 1926/2053/1 2059/2069/1 2060/2068/1
f 2058/2070/1 1966/2056/1 2057/2067/1
f 1926/2053/1 2058/2070/1 2059/2069/1
f 1926/2053/1 1966/2056/1 2058/2070/1
f 1926/2053/1 1965/2071/1 1966/2056/1
f 1927/2072/1 1965/2071/1 1926/2053/1
f 1927/2072/1 1964/2073/1 1965/2071/1
f 1927/2072/1 1963/2074/1 1964/2073/1
f 1928/2075/1 1963/2074/1 1927/2072/1
f 1928/2075/1 1962/2076/1 1963/2074/1
f 1928/2075/1 1961/2077/1 1962/2076/1
f 1929/2078/1 1961/2077/1 1928/2075/1
f 1929/2078/1 1960/2079/1 1961/2077/1
f 1930/2080/1 1960/2079/1 1929/2078/1
f 1930/2080/1 1959/2081/1 1960/2079/1
f 1931/2082/1 1959/2081/1 1930/2080/1
f 1931/2082/1 1958/2083/1 1959/2081/1
f 1931/2082/1 1957/2084/1 1958/2083/1
f 1932/2085/1 1957/2084/1 1931/2082/1
f 1932/2085/1 1956/2086/1 1957/2084/1
f 1933/2087/1 1956/2086/1 1932/2085/1
f 1933/2087/1 1955/2088/1 1956/2086/1
f 1934/2089/1 1955/2088/1 1933/2087/1
f 1934/2089/1 1954/2090/1 1955/2088/1
f 1935/2091/1 1954/2090/1 1934/2089/1
f 1935/2091/1 1953/2092/1 1954/2090/1
f 1936/2093/1 1953/2092/1 1935/2091/1
f 1936/2093/1 1952/2094/1 1953/2092/1
f 1937/2095/1 1952/2094/1 1936/2093/1
f 1937/2095/1 1951/2096/1 1952/2094/1
f 1938/2097/1 1951/2096/1 1937/2095/1
f 1938/2097/1 1950/2098/1 1951/2096/1
f 1939/2099/1 1950/2098/1 1938/2097/1
f 1939/2099/1 1949/2100/1 1950/2098/1
f 1940/2101/1 1949/2100/1 1939/2099/1
f 1940/2101/1 1948/2102/1 1949/2100/1
f 1941/2103/1 1948/2102/1 1940/2101/1
f 1941/2103/1 1947/2104/1 1948/2102/1
f 1942/2105/1 1947/2104/1 1941/2103/1
f 1942/2105/1 1946/2106/1 1947/2104/1
f 1943/2107/1 1946/2106/1 1942/2105/1
f 1943/2107/1 1945/2108/1 1946/2106/1
f 1944/2109/1 1945/2108/1 1943/2107/1
f 2118/2110/1 2183/2111/1 2184/2112/1
f 2118/2110/1 2182/2113/1 2183/2111/1
f 2118/2110/1 2181/2114/1 2182/2113/1
f 2118/2110/1 2180/2115/1 2181/2114/1
f 2118/2110/1 2179/2116/1 2180/2115/1
f 2118/2110/1 2178/2117/1 2179/2116/1
f 2118/2110/1 2177/2118/1 2178/2117/1
f 2118/2110/1 2176/2119/1 2177/2118/1
f 2118/2110/1 2175/2120/1 2176/2119/1
f 2118/2110/1 2174/2121/1 2175/2120/1
f 2118/2110/1 2173/2122/1 2174/2121/1
f 2118/2110/1 2172/2123/1 2173/2122/1
f 2118/2110/1 2171/2124/1 2172/2123/1
f 2118/2110/1 2170/2125/1 2171/2124/1
f 2118/2110/1 2247/2126/1 2170/2125/1
f 2247/2126/1 2169/2127/1 2170/2125/1
f 2247/2126/1 2168/2128/1 2169/2127/1
f 2247/2126/1 2167/2129/1 2168/2128/1
f 2247/2126/1 2166/2130/1 2167/2129/1
f 2247/2126/1 2165/2131/1 2166/2130/1
f 2247/2126/1 2164/2132/1 2165/2131/1
f 2247/2126/1 2163/2133/1 2164/2132/1
f 2247/2126/1 2162/2134/1 2163/2133/1
f 2247/2126/1 2161/2135/1 2162/2134/1
f 2247/2126/1 2160/2136/1 2161/2135/1
f 2247/2126/1 2159/2137/1 2160/2136/1
f 2247/2126/1 2158/2138/1 2159/2137/1
f 2247/2126/1 2157/2139/1 2158/2138/1
f 2247/2126/1 2156/2140/1 2157/2139/1
f 2247/2126/1 2155/2141/1 2156/2140/1
f 2247/2126/1 2154/2142/1 2155/2141/1
f 2247/2126/1 2153/2143/1 2154/2142/1
f 2247/2126/1 2152/2144/1 2153/2143/1
f 2247/2126/1 2151/2145/1 2152/2144/1
f 2247/2126/1 2150/2146/1 2151/2145/1
f 2247/2126/1 2248/2147/1 2150/2146/1
f 2248/2147/1 2249/2148/1 2150/2146/1
f 2249/2148/1 2250/2149/1 2150/2146/1
f 2250/2149/1 2251/2150/1 2150/2146/1
f 2251/2150/1 2252/2151/1 2150/2146/1
f 2252/2151/1 2253/2152/1 2150/2146/1
f 2253/2152/1 2254/2153/1 2150/2146/1
f 2254/2153/1 2255/2154/1 2150/2146/1
f 2255/2154/1 2149/2155/1 2150/2146/1
f 2118/2110/1 2246/2156/1 2247/2126/1
f 2256/2157/1 2149/2155/1 2255/2154/1
f 2257/2158/1 2149/2155/1 2256/2157/1
f 2258/2159/1 2149/2155/1 2257/2158/1
f 2259/2160/1 2149/2155/1 2258/2159/1
f 2185/2161/1 2149/2155/1 2259/2160/1
f 2186/2162/1 2149/2155/1 2185/2161/1
f 2187/2163/1 2149/2155/1 2186/2162/1
f 2188/2164/1 2149/2155/1 2187/2163/1
f 2189/2165/1 2149/2155/1 2188/2164/1
f 2189/2165/1 2148/2166/1 2149/2155/1
f 2190/2167/1 2148/2166/1 2189/2165/1
f 2191/2168/1 2148/2166/1 2190/2167/1
f 2192/2169/1 2148/2166/1 2191/2168/1
f 2192/2169/1 2147/2170/1 2148/2166/1
f 2193/2171/1 2147/2170/1 2192/2169/1
f 2194/2172/1 2147/2170/1 2193/2171/1
f 2195/2173/1 2147/2170/1 2194/2172/1
f 2195/2173/1 2146/2174/1 2147/2170/1
f 2196/2175/1 2146/2174/1 2195/2173/1
f 2197/2176/1 2146/2174/1 2196/2175/1
f 2197/2176/1 2145/2177/1 2146/2174/1
f 2198/2178/1 2145/2177/1 2197/2176/1
f 2199/2179/1 2145/2177/1 2198/2178/1
f 2199/2179/1 2144/2180/1 2145/2177/1
f 2200/2181/1 2144/2180/1 2199/2179/1
f 2118/2110/1 2245/2182/1 2246/2156/1
f 2201/2183/1 2144/2180/1 2200/2181/1
f 2201/2183/1 2143/2184/1 2144/2180/1
f 2202/2185/1 2143/2184/1 2201/2183/1
f 2203/2186/1 2143/2184/1 2202/2185/1
f 2203/2186/1 2142/2187/1 2143/2184/1
f 2204/2188/1 2142/2187/1 2203/2186/1
f 2205/2189/1 2142/2187/1 2204/2188/1
f 2205/2189/1 2141/2190/1 2142/2187/1
f 2206/2191/1 2141/2190/1 2205/2189/1
f 2207/2192/1 2141/2190/1 2206/2191/1
f 2207/2192/1 2140/2193/1 2141/2190/1
f 2208/2194/1 2140/2193/1 2207/2192/1
f 2209/2195/1 2140/2193/1 2208/2194/1
f 2210/2196/1 2140/2193/1 2209/2195/1
f 2211/2197/1 2140/2193/1 2210/2196/1
f 2211/2197/1 2139/2198/1 2140/2193/1
f 2212/2199/1 2139/2198/1 2211/2197/1
f 2213/2200/1 2139/2198/1 2212/2199/1
f 2214/2201/1 2139/2198/1 2213/2200/1
f 2215/2202/1 2139/2198/1 2214/2201/1
f 2216/2203/1 2139/2198/1 2215/2202/1
f 2217/2204/1 2139/2198/1 2216/2203/1
f 2218/2205/1 2139/2198/1 2217/2204/1
f 2219/2206/1 2139/2198/1 2218/2205/1
f 2220/2207/1 2139/2198/1 2219/2206/1
f 2221/2208/1 2139/2198/1 2220/2207/1
f 2221/2208/1 2138/2209/1 2139/2198/1
f 2222/2210/1 2138/2209/1 2221/2208/1
f 2223/2211/1 2138/2209/1 2222/2210/1
f 2224/2212/1 2138/2209/1 2223/2211/1
f 2225/2213/1 2138/2209/1 2224/2212/1
f 2226/2214/1 2138/2209/1 2225/2213/1
f 2227/2215/1 2138/2209/1 2226/2214/1
f 2228/2216/1 2138/2209/1 2227/2215/1
f 2119/2217/1 2245/2182/1 2118/2110/1
f 2229/2218/1 2138/2209/1 2228/2216/1
f 2230/2219/1 2138/2209/1 2229/2218/1
f 2231/2220/1 2138/2209/1 2230/2219/1
f 2232/2221/1 2138/2209/1 2231/2220/1
f 2233/2222/1 2138/2209/1 2232/2221/1
f 2234/2223/1 2138/2209/1 2233/2222/1
f 2235/2224/1 2138/2209/1 2234/2223/1
f 2236/2225/1 2138/2209/1 2235/2224/1
f 2237/2226/1 2138/2209/1 2236/2225/1
f 2238/2227/1 2138/2209/1 2237/2226/1
f 2239/2228/1 2138/2209/1 2238/2227/1
f 2240/2229/1 2138/2209/1 2239/2228/1
f 2241/2230/1 2138/2209/1 2240/2229/1
f 2242/2231/1 2138/2209/1 2241/2230/1
f 2243/2232/1 2138/2209/1 2242/2231/1
f 2244/2233/1 2138/2209/1 2243/2232/1
f 2245/2182/1 2138/2209/1 2244/2233/1
f 2119/2217/1 2123/2234/1 2245/2182/1
f 2123/2234/1 2138/2209/1 2245/2182/1
f 2123/2234/1 2137/2235/1 2138/2209/1
f 2123/2234/1 2136/2236/1 2137/2235/1
f 2123/2234/1 2135/2237/1 2136/2236/1
f 2123/2234/1 2134/2238/1 2135/2237/1
f 2123/2234/1 2133/2239/1 2134/2238/1
f 2123/2234/1 2132/2240/1 2133/2239/1
f 2123/2234/1 2131/2241/1 2132/2240/1
f 2123/2234/1 2130/2242/1 2131/2241/1
f 2123/2234/1 2129/2243/1 2130/2242/1
f 2123/2234/1 2128/2244/1 2129/2243/1
f 2123/2234/1 2127/2245/1 2128/2244/1
f 2123/2234/1 2126/2246/1 2127/2245/1
f 2123/2234/1 2125/2247/1 2126/2246/1
f 2123/2234/1 2124/2248/1 2125/2247/1
f 2119/2217/1 2122/2249/1 2123/2234/1
f 2119/2217/1 2121/2250/1 2122/2249/1
f 2120/2251/1 2121/2250/1 2119/2217/1
f 2344/2252/1 2342/2253/1 2343/2254/1
f 2344/2252/1 2341/2255/1 2342/2253/1
f 2344/2252/1 2340/2256/1 2341/2255/1
f 2345/2257/1 2340/2256/1 2344/2252/1
f 2346/2258/1 2340/2256/1 2345/2257/1
f 2347/2259/1 2340/2256/1 2346/2258/1
f 2348/2260/1 2340/2256/1 2347/2259/1
f 2349/2261/1 2340/2256/1 2348/2260/1
f 2350/2262/1 2340/2256/1 2349/2261/1
f 2351/2263/1 2340/2256/1 2350/2262/1
f 2351/2263/1 2339/2264/1 2340/2256/1
f 2352/2265/1 2339/2264/1 2351/2263/1
f 2353/2266/1 2339/2264/1 2352/2265/1
f 2354/2267/1 2339/2264/1 2353/2266/1
f 2260/2268/1 2339/2264/1 2354/2267/1
f 2261/2269/1 2339/2264/1 2260/2268/1
f 2262/2270/1 2339/2264/1 2261/2269/1
f 2263/2271/1 2339/2264/1 2262/2270/1
f 2263/2271/1 2338/2272/1 2339/2264/1
f 2264/2273/1 2338/2272/1 2263/2271/1
f 2264/2273/1 2337/2274/1 2338/2272/1
f 2265/2275/1 2337/2274/1 2264/2273/1
f 2266/2276/1 2337/2274/1 2265/2275/1
f 2266/2276/1 2336/2277/1 2337/2274/1
f 2267/2278/1 2336/2277/1 2266/2276/1
f 2267/2278/1 2335/2279/1 2336/2277/1
f 2268/2280/1 2335/2279/1 2267/2278/1
f 2268/2280/1 2415/2281/1 2335/2279/1
f 2415/2281/1 2334/2282/1 2335/2279/1
f 2268/2280/1 2414/2283/1 2415/2281/1
f 2416/2284/1 2334/2282/1 2415/2281/1
f 2268/2280/1 2413/2285/1 2414/2283/1
f 2417/2286/1 2334/2282/1 2416/2284/1
f 2269/2287/1 2413/2285/1 2268/2280/1
f 2269/2287/1 2412/2288/1 2413/2285/1
f 2418/2289/1 2334/2282/1 2417/2286/1
f 2269/2287/1 2411/2290/1 2412/2288/1
f 2419/2291/1 2334/2282/1 2418/2289/1
f 2269/2287/1 2410/2292/1 2411/2290/1
f 2420/2293/1 2334/2282/1 2419/2291/1
f 2269/2287/1 2409/2294/1 2410/2292/1
f 2421/2295/1 2334/2282/1 2420/2293/1
f 2421/2295/1 2333/2296/1 2334/2282/1
f 2269/2287/1 2408/2297/1 2409/2294/1
f 2270/2298/1 2408/2297/1 2269/2287/1
f 2422/2299/1 2333/2296/1 2421/2295/1
f 2270/2298/1 2407/2300/1 2408/2297/1
f 2423/2301/1 2333/2296/1 2422/2299/1
f 2270/2298/1 2406/2302/1 2407/2300/1
f 2424/2303/1 2333/2296/1 2423/2301/1
f 2424/2303/1 2332/2304/1 2333/2296/1
f 2271/2305/1 2406/2302/1 2270/2298/1
f 2271/2305/1 2405/2306/1 2406/2302/1
f 2425/2307/1 2332/2304/1 2424/2303/1
f 2271/2305/1 2404/2308/1 2405/2306/1
f 2426/2309/1 2332/2304/1 2425/2307/1
f 2426/2309/1 2331/2310/1 2332/2304/1
f 2271/2305/1 2403/2311/1 2404/2308/1
f 2355/2312/1 2331/2310/1 2426/2309/1
f 2272/2313/1 2403/2311/1 2271/2305/1
f 2272/2313/1 2402/2314/1 2403/2311/1
f 2355/2312/1 2330/2315/1 2331/2310/1
f 2356/2316/1 2330/2315/1 2355/2312/1
f 2272/2313/1 2401/2317/1 2402/2314/1
f 2356/2316/1 2329/2318/1 2330/2315/1
f 2357/2319/1 2329/2318/1 2356/2316/1
f 2357/2319/1 2328/2320/1 2329/2318/1
f 2273/2321/1 2401/2317/1 2272/2313/1
f 2273/2321/1 2400/2322/1 2401/2317/1
f 2358/2323/1 2328/2320/1 2357/2319/1
f 2273/2321/1 2399/2324/1 2400/2322/1
f 2359/2325/1 2328/2320/1 2358/2323/1
f 2273/2321/1 2398/2326/1 2399/2324/1
f 2359/2325/1 2327/2327/1 2328/2320/1
f 2360/2328/1 2327/2327/1 2359/2325/1
f 2274/2329/1 2398/2326/1 2273/2321/1
f 2274/2329/1 2397/2330/1 2398/2326/1
f 2361/2331/1 2327/2327/1 2360/2328/1
f 2274/2329/1 2396/2332/1 2397/2330/1
f 2362/2333/1 2327/2327/1 2361/2331/1
f 2274/2329/1 2395/2334/1 2396/2332/1
f 2363/2335/1 2327/2327/1 2362/2333/1
f 2275/2336/1 2395/2334/1 2274/2329/1
f 2363/2335/1 2326/2337/1 2327/2327/1
f 2275/2336/1 2394/2338/1 2395/2334/1
f 2364/2339/1 2326/2337/1 2363/2335/1
f 2275/2336/1 2393/2340/1 2394/2338/1
f 2365/2341/1 2326/2337/1 2364/2339/1
f 2275/2336/1 2392/2342/1 2393/2340/1
f 2366/2343/1 2326/2337/1 2365/2341/1
f 2275/2336/1 2391/2344/1 2392/2342/1
f 2367/2345/1 2326/2337/1 2366/2343/1
f 2275/2336/1 2390/2346/1 2391/2344/1
f 2368/2347/1 2326/2337/1 2367/2345/1
f 2275/2336/1 2389/2348/1 2390/2346/1
f 2369/2349/1 2326/2337/1 2368/2347/1
f 2275/2336/1 2388/2350/1 2389/2348/1
f 2370/2351/1 2326/2337/1 2369/2349/1
f 2275/2336/1 2387/2352/1 2388/2350/1
f 2371/2353/1 2326/2337/1 2370/2351/1
f 2275/2336/1 2386/2354/1 2387/2352/1
f 2372/2355/1 2326/2337/1 2371/2353/1
f 2275/2336/1 2385/2356/1 2386/2354/1
f 2373/2357/1 2326/2337/1 2372/2355/1
f 2275/2336/1 2384/2358/1 2385/2356/1
f 2374/2359/1 2326/2337/1 2373/2357/1
f 2275/2336/1 2383/2360/1 2384/2358/1
f 2375/2361/1 2326/2337/1 2374/2359/1
f 2275/2336/1 2382/2362/1 2383/2360/1
f 2376/2363/1 2326/2337/1 2375/2361/1
f 2275/2336/1 2381/2364/1 2382/2362/1
f 2377/2365/1 2326/2337/1 2376/2363/1
f 2275/2336/1 2380/2366/1 2381/2364/1
f 2378/2367/1 2326/2337/1 2377/2365/1
f 2275/2336/1 2379/2368/1 2380/2366/1
f 2379/2368/1 2326/2337/1 2378/2367/1
f 2275/2336/1 2326/2337/1 2379/2368/1
f 2276/2369/1 2326/2337/1 2275/2336/1
f 2276/2369/1 2325/2370/1 2326/2337/1
f 2277/2371/1 2325/2370/1 2276/2369/1
f 2277/2371/1 2301/2372/1 2325/2370/1
f 2301/2372/1 2302/2373/1 2325/2370/1
f 2302/2373/1 2324/2374/1 2325/2370/1
f 2278/2375/1 2300/2376/1 2277/2371/1
f 2300/2376/1 2301/2372/1 2277/2371/1
f 2278/2375/1 2299/2377/1 2300/2376/1
f 2303/2378/1 2324/2374/1 2302/2373/1
f 2303/2378/1 2323/2379/1 2324/2374/1
f 2279/2380/1 2299/2377/1 2278/2375/1
f 2303/2378/1 2322/2381/1 2323/2379/1
f 2280/2382/1 2299/2377/1 2279/2380/1
f 2303/2378/1 2321/2383/1 2322/2381/1
f 2280/2382/1 2298/2384/1 2299/2377/1
f 2304/2385/1 2321/2383/1 2303/2378/1
f 2281/2386/1 2298/2384/1 2280/2382/1
f 2304/2385/1 2320/2387/1 2321/2383/1
f 2282/2388/1 2298/2384/1 2281/2386/1
f 2304/2385/1 2319/2389/1 2320/2387/1
f 2283/2390/1 2298/2384/1 2282/2388/1
f 2304/2385/1 2318/2391/1 2319/2389/1
f 2284/2392/1 2298/2384/1 2283/2390/1
f 2285/2393/1 2298/2384/1 2284/2392/1
f 2286/2394/1 2298/2384/1 2285/2393/1
f 2287/2395/1 2298/2384/1 2286/2394/1
f 2288/2396/1 2298/2384/1 2287/2395/1
f 2289/2397/1 2298/2384/1 2288/2396/1
f 2304/2385/1 2317/2398/1 2318/2391/1
f 2290/2399/1 2298/2384/1 2289/2397/1
f 2291/2400/1 2298/2384/1 2290/2399/1
f 2292/2401/1 2298/2384/1 2291/2400/1
f 2304/2385/1 2316/2402/1 2317/2398/1
f 2293/2403/1 2298/2384/1 2292/2401/1
f 2304/2385/1 2315/2404/1 2316/2402/1
f 2304/2385/1 2314/2405/1 2315/2404/1
f 2305/2406/1 2314/2405/1 2304/2385/1
f 2305/2406/1 2313/2407/1 2314/2405/1
f 2294/2408/1 2298/2384/1 2293/2403/1
f 2305/2406/1 2312/2409/1 2313/2407/1
f 2305/2406/1 2311/2410/1 2312/2409/1
f 2305/2406/1 2310/2411/1 2311/2410/1
f 2305/2406/1 2309/2412/1 2310/2411/1
f 2295/2413/1 2298/2384/1 2294/2408/1
f 2306/2414/1 2309/2412/1 2305/2406/1
f 2306/2414/1 2308/2415/1 2309/2412/1
f 2307/2416/1 2308/2415/1 2306/2414/1
f 2296/2417/1 2298/2384/1 2295/2413/1
f 2297/2418/2 2298/2384/2 2296/2417/2
f 2692/2419/1 2690/2420/1 2691/2421/1
f 2693/2422/1 2690/2420/1 2692/2419/1
f 2693/2422/1 2689/2423/1 2690/2420/1
f 2694/2424/1 2689/2423/1 2693/2422/1
f 2694/2424/1 2688/2425/1 2689/2423/1
f 2694/2424/1 2687/2426/1 2688/2425/1
f 2427/2427/1 2687/2426/1 2694/2424/1
f 2427/2427/1 2686/2428/1 2687/2426/1
f 2428/2429/1 2686/2428/1 2427/2427/1
f 2428/2429/1 2685/2430/1 2686/2428/1
f 2428/2429/1 2684/2431/1 2685/2430/1
f 2429/2432/1 2684/2431/1 2428/2429/1
f 2429/2432/1 2683/2433/1 2684/2431/1
f 2429/2432/1 2682/2434/1 2683/2433/1
f 2430/2435/1 2682/2434/1 2429/2432/1
f 2430/2435/1 2681/2436/1 2682/2434/1
f 2431/2437/1 2681/2436/1 2430/2435/1
f 2431/2437/1 2680/2438/1 2681/2436/1
f 2431/2437/1 2679/2439/1 2680/2438/1
f 2432/2440/1 2679/2439/1 2431/2437/1
f 2432/2440/1 2678/2441/1 2679/2439/1
f 2433/2442/1 2678/2441/1 2432/2440/1
f 2433/2442/1 2677/2443/1 2678/2441/1
f 2434/2444/1 2677/2443/1 2433/2442/1
f 2434/2444/1 2676/2445/1 2677/2443/1
f 2435/2446/1 2676/2445/1 2434/2444/1
f 2435/2446/1 2675/2447/1 2676/2445/1
f 2435/2446/1 2674/2448/1 2675/2447/1
f 2436/2449/1 2674/2448/1 2435/2446/1
f 2436/2449/1 2673/2450/1 2674/2448/1
f 2437/2451/1 2673/2450/1 2436/2449/1
f 2437/2451/1 2672/2452/1 2673/2450/1
f 2438/2453/1 2672/2452/1 2437/2451/1
f 2438/2453/1 2671/2454/1 2672/2452/1
f 2439/2455/1 2671/2454/1 2438/2453/1
f 2439/2455/1 2670/2456/1 2671/2454/1
f 2439/2455/1 2669/2457/1 2670/2456/1
f 2439/2455/1 2668/2458/1 2669/2457/1
f 2439/2455/1 2667/2459/1 2668/2458/1
f 2439/2455/1 2611/2460/1 2667/2459/1
f 2611/2460/1 2612/2461/1 2667/2459/1
f 2612/2461/1 2613/2462/1 2667/2459/1
f 2613/2462/1 2666/2463/1 2667/2459/1
f 2439/2455/1 2610/2464/1 2611/2460/1
f 2439/2455/1 2609/2465/1 2610/2464/1
f 2614/2466/1 2666/2463/1 2613/2462/1
f 2439/2455/1 2608/2467/1 2609/2465/1
f 2615/2468/1 2666/2463/1 2614/2466/1
f 2439/2455/1 2607/2469/1 2608/2467/1
f 2440/2470/1 2607/2469/1 2439/2455/1
f 2616/2471/1 2666/2463/1 2615/2468/1
f 2440/2470/1 2606/2472/1 2607/2469/1
f 2617/2473/1 2666/2463/1 2616/2471/1
f 2440/2470/1 2605/2474/1 2606/2472/1
f 2441/2475/1 2605/2474/1 2440/2470/1
f 2618/2476/1 2666/2463/1 2617/2473/1
f 2441/2475/1 2604/2477/1 2605/2474/1
f 2619/2478/1 2666/2463/1 2618/2476/1
f 2441/2475/1 2603/2479/1 2604/2477/1
f 2442/2480/1 2603/2479/1 2441/2475/1
f 2620/2481/1 2666/2463/1 2619/2478/1
f 2442/2480/1 2602/2482/1 2603/2479/1
f 2620/2481/1 2665/2483/1 2666/2463/1
f 2621/2484/1 2665/2483/1 2620/2481/1
f 2442/2480/1 2601/2485/1 2602/2482/1
f 2443/2486/1 2601/2485/1 2442/2480/1
f 2622/2487/1 2665/2483/1 2621/2484/1
f 2443/2486/1 2600/2488/1 2601/2485/1
f 2622/2487/1 2664/2489/1 2665/2483/1
f 2623/2490/1 2664/2489/1 2622/2487/1
f 2443/2486/1 2599/2491/1 2600/2488/1
f 2444/2492/1 2599/2491/1 2443/2486/1
f 2444/2492/1 2598/2493/1 2599/2491/1
f 2624/2494/1 2664/2489/1 2623/2490/1
f 2624/2494/1 2663/2495/1 2664/2489/1
f 2445/2496/1 2598/2493/1 2444/2492/1
f 2625/2497/1 2663/2495/1 2624/2494/1
f 2445/2496/1 2597/2498/1 2598/2493/1
f 2625/2497/1 2662/2499/1 2663/2495/1
f 2446/2500/1 2597/2498/1 2445/2496/1
f 2626/2501/1 2662/2499/1 2625/2497/1
f 2626/2501/1 2661/2502/1 2662/2499/1
f 2446/2500/1 2596/2503/1 2597/2498/1
f 2626/2501/1 2660/2504/1 2661/2502/1
f 2447/2505/1 2596/2503/1 2446/2500/1
f 2626/2501/1 2659/2506/1 2660/2504/1
f 2447/2505/1 2595/2507/1 2596/2503/1
f 2627/2508/1 2659/2506/1 2626/2501/1
f 2627/2508/1 2658/2509/1 2659/2506/1
f 2627/2508/1 2657/2510/1 2658/2509/1
f 2627/2508/1 2656/2511/1 2657/2510/1
f 2448/2512/1 2595/2507/1 2447/2505/1
f 2627/2508/1 2655/2513/1 2656/2511/1
f 2448/2512/1 2594/2514/1 2595/2507/1
f 2627/2508/1 2654/2515/1 2655/2513/1
f 2628/2516/1 2654/2515/1 2627/2508/1
f 2449/2517/1 2594/2514/1 2448/2512/1
f 2628/2516/1 2653/2518/1 2654/2515/1
f 2449/2517/1 2593/2519/1 2594/2514/1
f 2450/2520/1 2593/2519/1 2449/2517/1
f 2628/2516/1 2652/2521/1 2653/2518/1
f 2451/2522/1 2593/2519/1 2450/2520/1
f 2629/2523/1 2652/2521/1 2628/2516/1
f 2452/2524/1 2593/2519/1 2451/2522/1
f 2629/2523/1 2651/2525/1 2652/2521/1
f 2452/2524/1 2592/2526/1 2593/2519/1
f 2629/2523/1 2650/2527/1 2651/2525/1
f 2630/2528/1 2650/2527/1 2629/2523/1
f 2630/2528/1 2649/2529/1 2650/2527/1
f 2452/2524/1 2591/2530/1 2592/2526/1
f 2630/2528/1 2648/2531/1 2649/2529/1
f 2631/2532/1 2648/2531/1 2630/2528/1
f 2452/2524/1 2590/2533/1 2591/2530/1
f 2631/2532/1 2647/2534/1 2648/2531/1
f 2631/2532/1 2646/2535/1 2647/2534/1
f 2632/2536/1 2646/2535/1 2631/2532/1
f 2452/2524/1 2589/2537/1 2590/2533/1
f 2632/2536/1 2645/2538/1 2646/2535/1
f 2633/2539/1 2645/2538/1 2632/2536/1
f 2452/2524/1 2588/2540/1 2589/2537/1
f 2633/2539/1 2644/2541/1 2645/2538/1
f 2633/2539/1 2643/2542/1 2644/2541/1
f 2634/2543/1 2643/2542/1 2633/2539/1
f 2634/2543/1 2642/2544/1 2643/2542/1
f 2452/2524/1 2587/2545/1 2588/2540/1
f 2635/2546/1 2642/2544/1 2634/2543/1
f 2635/2546/1 2641/2547/1 2642/2544/1
f 2635/2546/1 2640/2548/1 2641/2547/1
f 2635/2546/1 2639/2549/1 2640/2548/1
f 2636/2550/1 2639/2549/1 2635/2546/1
f 2636/2550/1 2638/2551/1 2639/2549/1
f 2637/2552/1 2638/2551/1 2636/2550/1
f 2452/2524/1 2586/2553/1 2587/2545/1
f 2452/2524/1 2585/2554/1 2586/2553/1
f 2452/2524/1 2584/2555/1 2585/2554/1
f 2452/2524/1 2583/2556/1 2584/2555/1
f 2452/2524/1 2582/2557/1 2583/2556/1
f 2452/2524/1 2581/2558/1 2582/2557/1
f 2452/2524/1 2580/2559/1 2581/2558/1
f 2452/2524/1 2579/2560/1 2580/2559/1
f 2452/2524/1 2578/2561/1 2579/2560/1
f 2452/2524/1 2577/2562/1 2578/2561/1
f 2452/2524/1 2576/2563/1 2577/2562/1
f 2452/2524/1 2575/2564/1 2576/2563/1
f 2453/2565/1 2575/2564/1 2452/2524/1
f 2453/2565/1 2574/2566/1 2575/2564/1
f 2454/2567/1 2574/2566/1 2453/2565/1
f 2454/2567/1 2573/2568/1 2574/2566/1
f 2455/2569/1 2573/2568/1 2454/2567/1
f 2455/2569/1 2572/2570/1 2573/2568/1
f 2456/2571/1 2572/2570/1 2455/2569/1
f 2457/2572/1 2572/2570/1 2456/2571/1
f 2457/2572/1 2571/2573/1 2572/2570/1
f 2458/2574/1 2571/2573/1 2457/2572/1
f 2458/2574/1 2570/2575/1 2571/2573/1
f 2527/2576/1 2525/2577/1 2526/2578/1
f 2527/2576/1 2524/2579/1 2525/2577/1
f 2527/2576/1 2523/2580/1 2524/2579/1
f 2527/2576/1 2522/2581/1 2523/2580/1
f 2527/2576/1 2521/2582/1 2522/2581/1
f 2527/2576/1 2520/2583/1 2521/2582/1
f 2527/2576/1 2519/2584/1 2520/2583/1
f 2459/2585/1 2570/2575/1 2458/2574/1
f 2527/2576/1 2518/2586/1 2519/2584/1
f 2527/2576/1 2517/2587/1 2518/2586/1
f 2528/2588/1 2517/2587/1 2527/2576/1
f 2459/2585/1 2569/2589/1 2570/2575/1
f 2528/2588/1 2516/2590/1 2517/2587/1
f 2528/2588/1 2515/2591/1 2516/2590/1
f 2529/2592/1 2515/2591/1 2528/2588/1
f 2529/2592/1 2514/2593/1 2515/2591/1
f 2529/2592/1 2513/2594/1 2514/2593/1
f 2529/2592/1 2512/2595/1 2513/2594/1
f 2529/2592/1 2511/2596/1 2512/2595/1
f 2530/2597/1 2511/2596/1 2529/2592/1
f 2460/2598/1 2569/2589/1 2459/2585/1
f 2460/2598/1 2568/2599/1 2569/2589/1
f 2531/2600/1 2511/2596/1 2530/2597/1
f 2532/2601/1 2511/2596/1 2531/2600/1
f 2532/2601/1 2510/2602/1 2511/2596/1
f 2461/2603/1 2568/2599/1 2460/2598/1
f 2461/2603/1 2567/2604/1 2568/2599/1
f 2533/2605/1 2510/2602/1 2532/2601/1
f 2461/2603/1 2566/2606/1 2567/2604/1
f 2534/2607/1 2510/2602/1 2533/2605/1
f 2462/2608/1 2566/2606/1 2461/2603/1
f 2534/2607/1 2509/2609/1 2510/2602/1
f 2462/2608/1 2565/2610/1 2566/2606/1
f 2535/2611/1 2509/2609/1 2534/2607/1
f 2463/2612/1 2565/2610/1 2462/2608/1
f 2463/2612/1 2564/2613/1 2565/2610/1
f 2536/2614/1 2509/2609/1 2535/2611/1
f 2464/2615/1 2564/2613/1 2463/2612/1
f 2464/2615/1 2563/2616/1 2564/2613/1
f 2537/2617/1 2509/2609/1 2536/2614/1
f 2465/2618/1 2563/2616/1 2464/2615/1
f 2537/2617/1 2508/2619/1 2509/2609/1
f 2538/2620/1 2508/2619/1 2537/2617/1
f 2465/2618/1 2562/2621/1 2563/2616/1
f 2539/2622/1 2508/2619/1 2538/2620/1
f 2465/2618/1 2561/2623/1 2562/2621/1
f 2540/2624/1 2508/2619/1 2539/2622/1
f 2465/2618/1 2560/2625/1 2561/2623/1
f 2541/2626/1 2508/2619/1 2540/2624/1
f 2466/2627/1 2560/2625/1 2465/2618/1
f 2466/2627/1 2559/2628/1 2560/2625/1
f 2542/2629/1 2508/2619/1 2541/2626/1
f 2542/2629/1 2507/2630/1 2508/2619/1
f 2466/2627/1 2558/2631/1 2559/2628/1
f 2543/2632/1 2507/2630/1 2542/2629/1
f 2544/2633/1 2507/2630/1 2543/2632/1
f 2466/2627/1 2557/2634/1 2558/2631/1
f 2545/2635/1 2507/2630/1 2544/2633/1
f 2466/2627/1 2556/2636/1 2557/2634/1
f 2546/2637/1 2507/2630/1 2545/2635/1
f 2466/2627/1 2555/2638/1 2556/2636/1
f 2547/2639/1 2507/2630/1 2546/2637/1
f 2466/2627/1 2554/2640/1 2555/2638/1
f 2548/2641/1 2507/2630/1 2547/2639/1
f 2466/2627/1 2553/2642/1 2554/2640/1
f 2549/2643/1 2507/2630/1 2548/2641/1
f 2466/2627/1 2552/2644/1 2553/2642/1
f 2550/2645/1 2507/2630/1 2549/2643/1
f 2466/2627/1 2551/2646/1 2552/2644/1
f 2551/2646/1 2507/2630/1 2550/2645/1
f 2466/2627/1 2507/2630/1 2551/2646/1
f 2467/2647/1 2507/2630/1 2466/2627/1
f 2467/2647/1 2506/2648/1 2507/2630/1
f 2468/2649/1 2506/2648/1 2467/2647/1
f 2468/2649/1 2505/2650/1 2506/2648/1
f 2469/2651/1 2505/2650/1 2468/2649/1
f 2469/2651/1 2504/2652/1 2505/2650/1
f 2470/2653/1 2504/2652/1 2469/2651/1
f 2470/2653/1 2503/2654/1 2504/2652/1
f 2471/2655/1 2503/2654/1 2470/2653/1
f 2471/2655/1 2502/2656/1 2503/2654/1
f 2472/2657/1 2502/2656/1 2471/2655/1
f 2472/2657/1 2501/2658/1 2502/2656/1
f 2473/2659/1 2501/2658/1 2472/2657/1
f 2474/2660/1 2501/2658/1 2473/2659/1
f 2474/2660/1 2500/2661/1 2501/2658/1
f 2475/2662/1 2500/2661/1 2474/2660/1
f 2475/2662/1 2499/2663/1 2500/2661/1
f 2476/2664/1 2499/2663/1 2475/2662/1
f 2476/2664/1 2498/2665/1 2499/2663/1
f 2477/2666/1 2498/2665/1 2476/2664/1
f 2477/2666/1 2497/2667/1 2498/2665/1
f 2478/2668/1 2497/2667/1 2477/2666/1
f 2478/2668/1 2496/2669/1 2497/2667/1
f 2479/2670/1 2496/2669/1 2478/2668/1
f 2480/2671/1 2496/2669/1 2479/2670/1
f 2480/2671/1 2495/2672/1 2496/2669/1
f 2481/2673/1 2495/2672/1 2480/2671/1
f 2481/2673/1 2494/2674/1 2495/2672/1
f 2482/2675/1 2494/2674/1 2481/2673/1
f 2483/2676/1 2494/2674/1 2482/2675/1
f 2483/2676/1 2493/2677/1 2494/2674/1
f 2484/2678/1 2493/2677/1 2483/2676/1
f 2485/2679/1 2493/2677/1 2484/2678/1
f 2485/2679/1 2492/2680/1 2493/2677/1
f 2486/2681/1 2492/2680/1 2485/2679/1
f 2487/2682/1 2492/2680/1 2486/2681/1
f 2487/2682/1 2491/2683/1 2492/2680/1
f 2488/2684/1 2491/2683/1 2487/2682/1
f 2489/2685/1 2491/2683/1 2488/2684/1
f 2489/2685/1 2490/2686/1 2491/2683/1
f 2869/2687/1 2867/2688/1 2868/2689/1
f 2869/2687/1 2866/2690/1 2867/2688/1
f 2869/2687/1 2865/2691/1 2866/2690/1
f 2870/2692/1 2865/2691/1 2869/2687/1
f 2870/2692/1 2864/2693/1 2865/2691/1
f 2871/2694/1 2864/2693/1 2870/2692/1
f 2871/2694/1 2863/2695/1 2864/2693/1
f 2872/2696/1 2863/2695/1 2871/2694/1
f 2872/2696/1 2862/2697/1 2863/2695/1
f 2873/2698/1 2862/2697/1 2872/2696/1
f 2873/2698/1 2861/2699/1 2862/2697/1
f 2874/2700/1 2861/2699/1 2873/2698/1
f 2875/2701/1 2861/2699/1 2874/2700/1
f 2875/2701/1 2860/2702/1 2861/2699/1
f 2876/2703/1 2860/2702/1 2875/2701/1
f 2876/2703/1 2859/2704/1 2860/2702/1
f 2877/2705/1 2859/2704/1 2876/2703/1
f 2878/2706/1 2859/2704/1 2877/2705/1
f 2878/2706/1 2858/2707/1 2859/2704/1
f 2879/2708/1 2858/2707/1 2878/2706/1
f 2695/2709/1 2858/2707/1 2879/2708/1
f 2696/2710/1 2858/2707/1 2695/2709/1
f 2696/2710/1 2857/2711/1 2858/2707/1
f 2696/2710/1 2856/2712/1 2857/2711/1
f 2697/2713/1 2856/2712/1 2696/2710/1
f 2697/2713/1 2855/2714/1 2856/2712/1
f 2697/2713/1 2854/2715/1 2855/2714/1
f 2697/2713/1 2853/2716/1 2854/2715/1
f 2698/2717/1 2853/2716/1 2697/2713/1
f 2699/2718/1 2853/2716/1 2698/2717/1
f 2699/2718/1 2852/2719/1 2853/2716/1
f 2700/2720/1 2852/2719/1 2699/2718/1
f 2700/2720/1 2851/2721/1 2852/2719/1
f 2701/2722/1 2851/2721/1 2700/2720/1
f 2702/2723/1 2851/2721/1 2701/2722/1
f 2702/2723/1 2850/2724/1 2851/2721/1
f 2703/2725/1 2850/2724/1 2702/2723/1
f 2704/2726/1 2850/2724/1 2703/2725/1
f 2704/2726/1 2849/2727/1 2850/2724/1
f 2705/2728/1 2849/2727/1 2704/2726/1
f 2705/2728/1 2848/2729/1 2849/2727/1
f 2706/2730/1 2848/2729/1 2705/2728/1
f 2707/2731/1 2848/2729/1 2706/2730/1
f 2707/2731/1 2847/2732/1 2848/2729/1
f 2708/2733/1 2847/2732/1 2707/2731/1
f 2708/2733/1 2846/2734/1 2847/2732/1
f 2709/2735/1 2846/2734/1 2708/2733/1
f 2709/2735/1 2845/2736/1 2846/2734/1
f 2710/2737/1 2845/2736/1 2709/2735/1
f 2710/2737/1 2844/2738/1 2845/2736/1
f 2711/2739/1 2844/2738/1 2710/2737/1
f 2711/2739/1 2843/2740/1 2844/2738/1
f 2712/2741/1 2843/2740/1 2711/2739/1
f 2712/2741/1 2842/2742/1 2843/2740/1
f 2713/2743/1 2842/2742/1 2712/2741/1
f 2713/2743/1 2841/2744/1 2842/2742/1
f 2713/2743/1 2840/2745/1 2841/2744/1
f 2714/2746/1 2840/2745/1 2713/2743/1
f 2714/2746/1 2839/2747/1 2840/2745/1
f 2714/2746/1 2838/2748/1 2839/2747/1
f 2715/2749/1 2838/2748/1 2714/2746/1
f 2715/2749/1 2837/2750/1 2838/2748/1
f 2716/2751/1 2837/2750/1 2715/2749/1
f 2716/2751/1 2836/2752/1 2837/2750/1
f 2716/2751/1 2835/2753/1 2836/2752/1
f 2717/2754/1 2780/2755/1 2716/2751/1
f 2780/2755/1 2835/2753/1 2716/2751/1
f 2780/2755/1 2834/2756/1 2835/2753/1
f 2717/2754/1 2779/2757/1 2780/2755/1
f 2781/2758/1 2834/2756/1 2780/2755/1
f 2717/2754/1 2778/2759/1 2779/2757/1
f 2717/2754/1 2777/2760/1 2778/2759/1
f 2717/2754/1 2776/2761/1 2777/2760/1
f 2781/2758/1 2833/2762/1 2834/2756/1
f 2718/2763/1 2776/2761/1 2717/2754/1
f 2718/2763/1 2775/2764/1 2776/2761/1
f 2718/2763/1 2774/2765/1 2775/2764/1
f 2718/2763/1 2773/2766/1 2774/2765/1
f 2781/2758/1 2832/2767/1 2833/2762/1
f 2718/2763/1 2772/2768/1 2773/2766/1
f 2718/2763/1 2771/2769/1 2772/2768/1
f 2719/2770/1 2771/2769/1 2718/2763/1
f 2719/2770/1 2770/2771/1 2771/2769/1
f 2781/2758/1 2831/2772/1 2832/2767/1
f 2782/2773/1 2831/2772/1 2781/2758/1
f 2719/2770/1 2769/2774/1 2770/2771/1
f 2719/2770/1 2768/2775/1 2769/2774/1
f 2719/2770/1 2767/2776/1 2768/2775/1
f 2782/2773/1 2830/2777/1 2831/2772/1
f 2783/2778/1 2830/2777/1 2782/2773/1
f 2720/2779/1 2767/2776/1 2719/2770/1
f 2721/2780/1 2767/2776/1 2720/2779/1
f 2721/2780/1 2766/2781/1 2767/2776/1
f 2722/2782/1 2766/2781/1 2721/2780/1
f 2783/2778/1 2829/2783/1 2830/2777/1
f 2723/2784/1 2766/2781/1 2722/2782/1
f 2724/2785/1 2766/2781/1 2723/2784/1
f 2725/2786/1 2766/2781/1 2724/2785/1
f 2784/2787/1 2829/2783/1 2783/2778/1
f 2725/2786/1 2765/2788/1 2766/2781/1
f 2726/2789/1 2765/2788/1 2725/2786/1
f 2727/2790/1 2765/2788/1 2726/2789/1
f 2728/2791/1 2765/2788/1 2727/2790/1
f 2729/2792/1 2765/2788/1 2728/2791/1
f 2785/2793/1 2829/2783/1 2784/2787/1
f 2730/2794/1 2765/2788/1 2729/2792/1
f 2730/2794/1 2764/2795/1 2765/2788/1
f 2785/2793/1 2828/2796/1 2829/2783/1
f 2731/2797/1 2764/2795/1 2730/2794/1
f 2732/2798/1 2764/2795/1 2731/2797/1
f 2785/2793/1 2827/2799/1 2828/2796/1
f 2785/2793/1 2826/2800/1 2827/2799/1
f 2786/2801/1 2826/2800/1 2785/2793/1
f 2732/2798/1 2763/2802/1 2764/2795/1
f 2786/2801/1 2825/2803/1 2826/2800/1
f 2732/2798/1 2762/2804/1 2763/2802/1
f 2786/2801/1 2824/2805/1 2825/2803/1
f 2787/2806/1 2824/2805/1 2786/2801/1
f 2787/2806/1 2823/2807/1 2824/2805/1
f 2732/2798/1 2761/2808/1 2762/2804/1
f 2788/2809/1 2823/2807/1 2787/2806/1
f 2788/2809/1 2822/2810/1 2823/2807/1
f 2732/2798/1 2760/2811/1 2761/2808/1
f 2789/2812/1 2822/2810/1 2788/2809/1
f 2789/2812/1 2821/2813/1 2822/2810/1
f 2732/2798/1 2759/2814/1 2760/2811/1
f 2790/2815/1 2821/2813/1 2789/2812/1
f 2790/2815/1 2820/2816/1 2821/2813/1
f 2732/2798/1 2758/2817/1 2759/2814/1
f 2791/2818/1 2820/2816/1 2790/2815/1
f 2791/2818/1 2819/2819/1 2820/2816/1
f 2732/2798/1 2757/2820/1 2758/2817/1
f 2791/2818/1 2818/2821/1 2819/2819/1
f 2792/2822/1 2818/2821/1 2791/2818/1
f 2792/2822/1 2817/2823/1 2818/2821/1
f 2732/2798/1 2756/2824/1 2757/2820/1
f 2792/2822/1 2816/2825/1 2817/2823/1
f 2733/2826/1 2756/2824/1 2732/2798/1
f 2793/2827/1 2816/2825/1 2792/2822/1
f 2733/2826/1 2755/2828/1 2756/2824/1
f 2793/2827/1 2815/2829/1 2816/2825/1
f 2794/2830/1 2815/2829/1 2793/2827/1
f 2734/2831/1 2755/2828/1 2733/2826/1
f 2734/2831/1 2754/2832/1 2755/2828/1
f 2795/2833/1 2815/2829/1 2794/2830/1
f 2734/2831/1 2753/2834/1 2754/2832/1
f 2795/2833/1 2814/2835/1 2815/2829/1
f 2735/2836/1 2753/2834/1 2734/2831/1
f 2796/2837/1 2814/2835/1 2795/2833/1
f 2735/2836/1 2752/2838/1 2753/2834/1
f 2797/2839/1 2814/2835/1 2796/2837/1
f 2797/2839/1 2813/2840/1 2814/2835/1
f 2735/2836/1 2751/2841/1 2752/2838/1
f 2736/2842/1 2751/2841/1 2735/2836/1
f 2798/2843/1 2813/2840/1 2797/2839/1
f 2736/2842/1 2750/2844/1 2751/2841/1
f 2798/2843/1 2812/2845/1 2813/2840/1
f 2737/2846/1 2750/2844/1 2736/2842/1
f 2799/2847/1 2812/2845/1 2798/2843/1
f 2737/2846/1 2749/2848/1 2750/2844/1
f 2799/2847/1 2811/2849/1 2812/2845/1
f 2738/2850/1 2749/2848/1 2737/2846/1
f 2800/2851/1 2811/2849/1 2799/2847/1
f 2738/2850/1 2748/2852/1 2749/2848/1
f 2800/2851/1 2810/2853/1 2811/2849/1
f 2739/2854/1 2748/2852/1 2738/2850/1
f 2801/2855/1 2810/2853/1 2800/2851/1
f 2739/2854/1 2747/2856/1 2748/2852/1
f 2801/2855/1 2809/2857/1 2810/2853/1
f 2740/2858/1 2747/2856/1 2739/2854/1
f 2802/2859/1 2809/2857/1 2801/2855/1
f 2740/2858/1 2746/2860/1 2747/2856/1
f 2802/2859/1 2808/2861/1 2809/2857/1
f 2741/2862/1 2746/2860/1 2740/2858/1
f 2803/2863/1 2808/2861/1 2802/2859/1
f 2803/2863/1 2807/2864/1 2808/2861/1
f 2742/2865/1 2746/2860/1 2741/2862/1
f 2742/2865/1 2745/2866/1 2746/2860/1
f 2804/2867/1 2807/2864/1 2803/2863/1
f 2804/2867/1 2806/2868/1 2807/2864/1
f 2743/2869/1 2745/2866/1 2742/2865/1
f 2743/2869/1 2744/2870/1 2745/2866/1
f 2805/2871/1 2806/2868/1 2804/2867/1
f 2880/2872/1 2886/2873/1 2887/2874/1
f 2880/2872/1 2885/2875/1 2886/2873/1
f 2880/2872/1 2884/2876/1 2885/2875/1
f 2881/2877/1 2884/2876/1 2880/2872/1
f 2881/2877/1 2883/2878/1 2884/2876/1
f 2882/2879/1 2883/2878/1 2881/2877/1
f 2888/2880/1 3021/2881/1 3022/2882/1
f 2888/2880/1 3020/2883/1 3021/2881/1
f 2888/2880/1 3019/2884/1 3020/2883/1
f 2889/2885/1 3019/2884/1 2888/2880/1
f 2889/2885/1 3018/2886/1 3019/2884/1
f 2890/2887/1 3018/2886/1 2889/2885/1
f 2891/2888/1 3018/2886/1 2890/2887/1
f 2892/2889/1 3016/2890/1 2891/2888/1
f 3016/2890/1 3018/2886/1 2891/2888/1
f 2892/2889/1 3015/2891/1 3016/2890/1
f 3017/2892/1 3018/2886/1 3016/2890/1
f 2892/2889/1 3014/2893/1 3015/2891/1
f 2893/2894/1 3014/2893/1 2892/2889/1
f 2893/2894/1 3013/2895/1 3014/2893/1
f 2893/2894/1 3012/2896/1 3013/2895/1
f 2893/2894/1 3011/2897/1 3012/2896/1
f 2893/2894/1 3010/2898/1 3011/2897/1
f 2893/2894/1 3009/2899/1 3010/2898/1
f 2893/2894/1 3008/2900/1 3009/2899/1
f 2895/2901/1 2893/2894/1 2894/2902/1
f 2895/2901/1 3008/2900/1 2893/2894/1
f 2895/2901/1 3007/2903/1 3008/2900/1
f 2895/2901/1 3006/2904/1 3007/2903/1
f 2896/2905/1 3006/2904/1 2895/2901/1
f 2896/2905/1 3005/2906/1 3006/2904/1
f 2896/2905/1 3004/2907/1 3005/2906/1
f 2896/2905/1 3003/2908/1 3004/2907/1
f 2896/2905/1 3002/2909/1 3003/2908/1
f 2896/2905/1 3001/2910/1 3002/2909/1
f 2897/2911/1 3001/2910/1 2896/2905/1
f 2897/2911/1 3000/2912/1 3001/2910/1
f 2897/2911/1 2999/2913/1 3000/2912/1
f 2898/2914/1 2999/2913/1 2897/2911/1
f 2898/2914/1 2998/2915/1 2999/2913/1
f 2899/2916/1 2998/2915/1 2898/2914/1
f 2899/2916/1 2997/2917/1 2998/2915/1
f 2899/2916/1 2996/2918/1 2997/2917/1
f 2900/2919/1 2996/2918/1 2899/2916/1
f 2900/2919/1 2995/2920/1 2996/2918/1
f 2901/2921/1 2995/2920/1 2900/2919/1
f 2901/2921/1 2994/2922/1 2995/2920/1
f 2902/2923/1 2994/2922/1 2901/2921/1
f 2902/2923/1 2993/2924/1 2994/2922/1
f 2903/2925/1 2993/2924/1 2902/2923/1
f 2903/2925/1 2992/2926/1 2993/2924/1
f 2903/2925/1 2991/2927/1 2992/2926/1
f 2904/2928/1 2991/2927/1 2903/2925/1
f 2904/2928/1 2990/2929/1 2991/2927/1
f 2905/2930/1 2990/2929/1 2904/2928/1
f 2905/2930/1 2989/2931/1 2990/2929/1
f 2906/2932/1 2989/2931/1 2905/2930/1
f 2906/2932/1 2988/2933/1 2989/2931/1
f 2907/2934/1 2988/2933/1 2906/2932/1
f 2907/2934/1 2987/2935/1 2988/2933/1
f 2908/2936/1 2987/2935/1 2907/2934/1
f 2908/2936/1 2986/2937/1 2987/2935/1
f 2909/2938/1 2986/2937/1 2908/2936/1
f 2909/2938/1 2985/2939/1 2986/2937/1
f 2910/2940/1 2985/2939/1 2909/2938/1
f 2910/2940/1 2984/2941/1 2985/2939/1
f 2911/2942/1 2984/2941/1 2910/2940/1
f 2911/2942/1 2983/2943/1 2984/2941/1
f 2912/2944/1 2983/2943/1 2911/2942/1
f 2913/2945/1 2983/2943/1 2912/2944/1
f 2913/2945/1 2982/2946/1 2983/2943/1
f 2914/2947/1 2982/2946/1 2913/2945/1
f 2914/2947/1 3108/2948/1 2982/2946/1
f 3108/2948/1 2981/2949/1 2982/2946/1
f 2915/2950/1 3091/2951/1 2914/2947/1
f 3091/2951/1 3092/2952/1 2914/2947/1
f 3092/2952/1 3093/2953/1 2914/2947/1
f 3093/2953/1 3094/2954/1 2914/2947/1
f 3094/2954/1 3095/2955/1 2914/2947/1
f 3095/2955/1 3096/2956/1 2914/2947/1
f 3096/2956/1 3108/2948/1 2914/2947/1
f 3097/2957/1 3108/2948/1 3096/2956/1
f 3098/2958/1 3108/2948/1 3097/2957/1
f 3099/2959/2 3108/2948/2 3098/2958/2
f 3100/2960/1 3108/2948/1 3099/2959/1
f 3101/2961/1 3108/2948/1 3100/2960/1
f 3102/2962/1 3108/2948/1 3101/2961/1
f 3103/2963/1 3108/2948/1 3102/2962/1
f 3104/2964/1 3108/2948/1 3103/2963/1
f 3105/2965/2 3108/2948/2 3104/2964/2
f 3106/2966/1 3108/2948/1 3105/2965/1
f 3107/2967/1 3108/2948/1 3106/2966/1
f 3109/2968/1 2981/2949/1 3108/2948/1
f 3110/2969/1 2981/2949/1 3109/2968/1
f 3111/2970/1 2981/2949/1 3110/2969/1
f 3111/2970/1 2980/2971/1 2981/2949/1
f 2915/2950/1 3090/2972/1 3091/2951/1
f 3112/2973/1 2980/2971/1 3111/2970/1
f 2915/2950/1 3089/2974/1 3090/2972/1
f 3113/2975/1 2980/2971/1 3112/2973/1
f 2915/2950/1 3088/2976/1 3089/2974/1
f 3114/2977/1 2980/2971/1 3113/2975/1
f 2915/2950/1 3087/2978/1 3088/2976/1
f 3115/2979/1 2980/2971/1 3114/2977/1
f 2915/2950/1 3086/2980/1 3087/2978/1
f 3116/2981/1 2980/2971/1 3115/2979/1
f 3117/2982/1 2980/2971/1 3116/2981/1
f 2915/2950/1 3085/2983/1 3086/2980/1
f 2916/2984/1 3085/2983/1 2915/2950/1
f 3118/2985/1 2980/2971/1 3117/2982/1
f 3119/2986/1 2980/2971/1 3118/2985/1
f 3023/2987/1 2980/2971/1 3119/2986/1
f 3024/2988/1 2980/2971/1 3023/2987/1
f 2916/2984/1 3084/2989/1 3085/2983/1
f 3024/2988/1 2979/2990/1 2980/2971/1
f 3025/2991/1 2979/2990/1 3024/2988/1
f 2916/2984/1 3083/2992/1 3084/2989/1
f 3026/2993/1 2979/2990/1 3025/2991/1
f 2916/2984/1 3082/2994/1 3083/2992/1
f 3027/2995/1 2979/2990/1 3026/2993/1
f 3028/2996/1 2979/2990/1 3027/2995/1
f 2917/2997/1 3082/2994/1 2916/2984/1
f 2917/2997/1 3081/2998/1 3082/2994/1
f 3029/2999/1 2979/2990/1 3028/2996/1
f 3030/3000/1 2979/2990/1 3029/2999/1
f 2917/2997/1 3080/3001/1 3081/2998/1
f 3031/3002/1 2979/2990/1 3030/3000/1
f 3031/3002/1 2978/3003/1 2979/2990/1
f 3032/3004/1 2978/3003/1 3031/3002/1
f 2917/2997/1 3079/3005/1 3080/3001/1
f 3033/3006/1 2978/3003/1 3032/3004/1
f 2918/3007/1 3079/3005/1 2917/2997/1
f 3034/3008/1 2978/3003/1 3033/3006/1
f 2918/3007/1 3078/3009/1 3079/3005/1
f 3035/3010/1 2978/3003/1 3034/3008/1
f 3035/3010/1 2977/3011/1 2978/3003/1
f 2918/3007/1 3077/3012/1 3078/3009/1
f 3036/3013/1 2977/3011/1 3035/3010/1
f 2919/3014/1 3077/3012/1 2918/3007/1
f 2919/3014/1 3076/3015/1 3077/3012/1
f 3037/3016/1 2977/3011/1 3036/3013/1
f 3038/3017/1 2977/3011/1 3037/3016/1
f 2919/3014/1 3075/3018/1 3076/3015/1
f 3039/3019/1 2977/3011/1 3038/3017/1
f 3039/3019/1 2976/3020/1 2977/3011/1
f 2919/3014/1 3074/3021/1 3075/3018/1
f 3040/3022/1 2976/3020/1 3039/3019/1
f 2920/3023/1 3074/3021/1 2919/3014/1
f 3041/3024/1 2976/3020/1 3040/3022/1
f 2920/3023/1 3073/3025/1 3074/3021/1
f 3042/3026/1 2976/3020/1 3041/3024/1
f 3043/3027/1 2976/3020/1 3042/3026/1
f 3044/3028/1 2976/3020/1 3043/3027/1
f 2920/3023/1 3072/3029/1 3073/3025/1
f 3045/3030/1 2976/3020/1 3044/3028/1
f 3045/3030/1 2975/3031/1 2976/3020/1
f 2920/3023/1 3071/3032/1 3072/3029/1
f 3046/3033/1 2975/3031/1 3045/3030/1
f 3047/3034/1 2975/3031/1 3046/3033/1
f 2921/3035/1 3071/3032/1 2920/3023/1
f 3048/3036/1 2975/3031/1 3047/3034/1
f 3049/3037/1 2975/3031/1 3048/3036/1
f 3050/3038/1 2975/3031/1 3049/3037/1
f 3051/3039/1 2975/3031/1 3050/3038/1
f 3052/3040/1 2975/3031/1 3051/3039/1
f 2921/3035/1 3070/3041/1 3071/3032/1
f 2921/3035/1 3069/3042/1 3070/3041/1
f 2921/3035/1 3068/3043/1 3069/3042/1
f 2921/3035/1 3067/3044/1 3068/3043/1
f 2921/3035/1 3066/3045/1 3067/3044/1
f 2921/3035/1 3065/3046/1 3066/3045/1
f 2921/3035/1 3064/3047/1 3065/3046/1
f 3053/3048/1 2975/3031/1 3052/3040/1
f 2921/3035/1 3063/3049/1 3064/3047/1
f 2921/3035/1 3062/3050/1 3063/3049/1
f 2921/3035/1 3061/3051/1 3062/3050/1
f 2921/3035/1 3060/3052/1 3061/3051/1
f 2921/3035/1 3059/3053/1 3060/3052/1
f 3054/3054/1 2975/3031/1 3053/3048/1
f 2921/3035/1 3058/3055/1 3059/3053/1
f 3054/3054/1 2974/3056/1 2975/3031/1
f 2921/3035/1 3057/3057/1 3058/3055/1
f 3055/3058/1 2974/3056/1 3054/3054/1
f 2921/3035/1 3056/3059/1 3057/3057/1
f 3056/3059/1 2974/3056/1 3055/3058/1
f 2921/3035/1 2974/3056/1 3056/3059/1
f 2922/3060/1 2974/3056/1 2921/3035/1
f 2922/3060/1 2973/3061/1 2974/3056/1
f 2923/3062/1 2973/3061/1 2922/3060/1
f 2923/3062/1 2972/3063/1 2973/3061/1
f 2924/3064/1 2972/3063/1 2923/3062/1
f 2924/3064/1 2971/3065/1 2972/3063/1
f 2925/3066/1 2971/3065/1 2924/3064/1
f 2925/3066/1 2970/3067/1 2971/3065/1
f 2926/3068/1 2970/3067/1 2925/3066/1
f 2926/3068/1 2969/3069/1 2970/3067/1
f 2927/3070/1 2969/3069/1 2926/3068/1
f 2927/3070/1 2968/3071/1 2969/3069/1
f 2928/3072/1 2968/3071/1 2927/3070/1
f 2928/3072/1 2967/3073/1 2968/3071/1
f 2929/3074/1 2967/3073/1 2928/3072/1
f 2929/3074/1 2966/3075/1 2967/3073/1
f 2929/3074/1 2965/3076/1 2966/3075/1
f 2930/3077/1 2965/3076/1 2929/3074/1
f 2930/3077/1 2964/3078/1 2965/3076/1
f 2930/3077/1 2963/3079/1 2964/3078/1
f 2930/3077/1 2962/3080/1 2963/3079/1
f 2931/3081/1 2962/3080/1 2930/3077/1
f 2931/3081/1 2961/3082/1 2962/3080/1
f 2931/3081/1 2960/3083/1 2961/3082/1
f 2931/3081/1 2959/3084/1 2960/3083/1
f 2932/3085/1 2959/3084/1 2931/3081/1
f 2932/3085/1 2958/3086/1 2959/3084/1
f 2932/3085/1 2957/3087/1 2958/3086/1
f 2932/3085/1 2956/3088/1 2957/3087/1
f 2933/3089/1 2956/3088/1 2932/3085/1
f 2933/3089/1 2955/3090/1 2956/3088/1
f 2933/3089/1 2954/3091/1 2955/3090/1
f 2933/3089/1 2953/3092/1 2954/3091/1
f 2934/3093/1 2953/3092/1 2933/3089/1
f 2934/3093/1 2952/3094/1 2953/3092/1
f 2935/3095/1 2952/3094/1 2934/3093/1
f 2935/3095/1 2951/3096/1 2952/3094/1
f 2935/3095/1 2950/3097/1 2951/3096/1
f 2936/3098/1 2950/3097/1 2935/3095/1
f 2936/3098/1 2949/3099/1 2950/3097/1
f 2936/3098/1 2948/3100/1 2949/3099/1
f 2936/3098/1 2947/3101/1 2948/3100/1
f 2937/3102/1 2947/3101/1 2936/3098/1
f 2937/3102/1 2946/3103/1 2947/3101/1
f 2937/3102/1 2945/3104/1 2946/3103/1
f 2938/3105/1 2945/3104/1 2937/3102/1
f 2938/3105/1 2944/3106/1 2945/3104/1
f 2938/3105/1 2943/3107/1 2944/3106/1
f 2938/3105/1 2942/3108/1 2943/3107/1
f 2939/3109/1 2942/3108/1 2938/3105/1
f 2939/3109/1 2941/3110/1 2942/3108/1
f 2939/3109/1 2940/3111/1 2941/3110/1
f 3166/3112/1 3164/3113/1 3165/3114/1
f 3166/3112/1 3163/3115/1 3164/3113/1
f 3159/3116/1 3157/3117/1 3158/3118/1
f 3159/3116/1 3156/3119/1 3157/3117/1
f 3159/3116/1 3155/3120/1 3156/3119/1
f 3167/3121/1 3163/3115/1 3166/3112/1
f 3168/3122/1 3163/3115/1 3167/3121/1
f 3169/3123/1 3163/3115/1 3168/3122/1
f 3170/3124/1 3163/3115/1 3169/3123/1
f 3171/3125/1 3163/3115/1 3170/3124/1
f 3172/3126/1 3163/3115/1 3171/3125/1
f 3173/3127/1 3163/3115/1 3172/3126/1
f 3174/3128/1 3163/3115/1 3173/3127/1
f 3175/3129/1 3163/3115/1 3174/3128/1
f 3176/3130/1 3163/3115/1 3175/3129/1
f 3120/3131/1 3163/3115/1 3176/3130/1
f 3121/3132/1 3163/3115/1 3120/3131/1
f 3122/3133/1 3163/3115/1 3121/3132/1
f 3123/3134/1 3163/3115/1 3122/3133/1
f 3124/3135/1 3163/3115/1 3123/3134/1
f 3125/3136/1 3163/3115/1 3124/3135/1
f 3126/3137/1 3163/3115/1 3125/3136/1
f 3127/3138/1 3163/3115/1 3126/3137/1
f 3128/3139/1 3163/3115/1 3127/3138/1
f 3129/3140/1 3163/3115/1 3128/3139/1
f 3130/3141/1 3163/3115/1 3129/3140/1
f 3131/3142/1 3163/3115/1 3130/3141/1
f 3132/3143/1 3163/3115/1 3131/3142/1
f 3132/3143/1 3162/3144/1 3163/3115/1
f 3160/3145/1 3155/3120/1 3159/3116/1
f 3160/3145/1 3154/3146/1 3155/3120/1
f 3133/3147/1 3162/3144/1 3132/3143/1
f 3134/3148/1 3162/3144/1 3133/3147/1
f 3135/3149/1 3162/3144/1 3134/3148/1
f 3136/3150/1 3162/3144/1 3135/3149/1
f 3137/3151/1 3162/3144/1 3136/3150/1
f 3138/3152/1 3162/3144/1 3137/3151/1
f 3139/3153/1 3162/3144/1 3138/3152/1
f 3140/3154/1 3162/3144/1 3139/3153/1
f 3141/3155/1 3162/3144/1 3140/3154/1
f 3142/3156/1 3162/3144/1 3141/3155/1
f 3143/3157/1 3162/3144/1 3142/3156/1
f 3144/3158/1 3162/3144/1 3143/3157/1
f 3147/3159/1 3145/3160/1 3146/3161/1
f 3147/3159/1 3144/3158/1 3145/3160/1
f 3147/3159/1 3162/3144/1 3144/3158/1
f 3147/3159/1 3161/3162/1 3162/3144/1
f 3147/3159/1 3160/3145/1 3161/3162/1
f 3147/3159/1 3154/3146/1 3160/3145/1
f 3147/3159/1 3153/3163/1 3154/3146/1
f 3147/3159/1 3152/3164/1 3153/3163/1
f 3147/3159/1 3151/3165/1 3152/3164/1
f 3148/3166/1 3151/3165/1 3147/3159/1
f 3148/3166/1 3150/3167/1 3151/3165/1
f 3149/3168/1 3150/3167/1 3148/3166/1
f 3177/3169/1 3191/3170/1 3192/3171/1
f 3177/3169/1 3190/3172/1 3191/3170/1
f 3177/3169/1 3189/3173/1 3190/3172/1
f 3178/3174/1 3189/3173/1 3177/3169/1
f 3178/3174/1 3188/3175/1 3189/3173/1
f 3179/3176/1 3188/3175/1 3178/3174/1
f 3180/3177/1 3188/3175/1 3179/3176/1
f 3181/3178/1 3186/3179/1 3180/3177/1
f 3186/3179/1 3188/3175/1 3180/3177/1
f 3181/3178/1 3185/3180/1 3186/3179/1
f 3187/3181/1 3188/3175/1 3186/3179/1
f 3182/3182/1 3185/3180/1 3181/3178/1
f 3182/3182/1 3184/3183/1 3185/3180/1
f 3183/3184/1 3184/3183/1 3182/3182/1
f 3193/3185/1 3215/3186/1 3216/3187/1
f 3193/3185/1 3214/3188/1 3215/3186/1
f 3193/3185/1 3196/3189/1 3214/3188/1
f 3196/3189/1 3213/3190/1 3214/3188/1
f 3194/3191/1 3196/3189/1 3193/3185/1
f 3195/3192/1 3196/3189/1 3194/3191/1
f 3197/3193/1 3213/3190/1 3196/3189/1
f 3198/3194/1 3213/3190/1 3197/3193/1
f 3198/3194/1 3212/3195/1 3213/3190/1
f 3201/3196/1 3199/3197/1 3200/3198/1
f 3201/3196/1 3198/3194/1 3199/3197/1
f 3201/3196/1 3210/3199/1 3198/3194/1
f 3210/3199/1 3212/3195/1 3198/3194/1
f 3201/3196/1 3209/3200/1 3210/3199/1
f 3211/3201/1 3212/3195/1 3210/3199/1
f 3201/3196/1 3208/3202/1 3209/3200/1
f 3202/3203/1 3208/3202/1 3201/3196/1
f 3202/3203/1 3207/3204/1 3208/3202/1
f 3202/3203/1 3206/3205/1 3207/3204/1
f 3202/3203/1 3205/3206/1 3206/3205/1
f 3202/3203/1 3204/3207/1 3205/3206/1
f 3202/3203/1 3203/3208/1 3204/3207/1
f 3217/3209/1 3227/3210/1 3228/3211/1
f 3217/3209/1 3226/3212/1 3227/3210/1
f 3217/3209/1 3225/3213/1 3226/3212/1
f 3217/3209/1 3224/3214/1 3225/3213/1
f 3218/3215/1 3224/3214/1 3217/3209/1
f 3218/3215/1 3223/3216/1 3224/3214/1
f 3218/3215/1 3222/3217/1 3223/3216/1
f 3218/3215/1 3221/3218/1 3222/3217/1
f 3218/3215/1 3220/3219/1 3221/3218/1
f 3219/3220/1 3220/3219/1 3218/3215/1
f 3340/3221/1 3338/3222/1 3339/3223/1
f 3340/3221/1 3337/3224/1 3338/3222/1
f 3341/3225/1 3337/3224/1 3340/3221/1
f 3341/3225/1 3336/3226/1 3337/3224/1
f 3342/3227/1 3336/3226/1 3341/3225/1
f 3342/3227/1 3335/3228/1 3336/3226/1
f 3343/3229/1 3335/3228/1 3342/3227/1
f 3343/3229/1 3334/3230/1 3335/3228/1
f 3344/3231/1 3334/3230/1 3343/3229/1
f 3345/3232/1 3334/3230/1 3344/3231/1
f 3345/3232/1 3333/3233/1 3334/3230/1
f 3346/3234/1 3333/3233/1 3345/3232/1
f 3347/3235/1 3333/3233/1 3346/3234/1
f 3347/3235/1 3332/3236/1 3333/3233/1
f 3348/3237/1 3332/3236/1 3347/3235/1
f 3229/3238/1 3332/3236/1 3348/3237/1
f 3230/3239/1 3332/3236/1 3229/3238/1
f 3230/3239/1 3331/3240/1 3332/3236/1
f 3231/3241/1 3331/3240/1 3230/3239/1
f 3231/3241/1 3330/3242/1 3331/3240/1
f 3232/3243/1 3330/3242/1 3231/3241/1
f 3232/3243/1 3329/3244/1 3330/3242/1
f 3233/3245/1 3329/3244/1 3232/3243/1
f 3233/3245/1 3328/3246/1 3329/3244/1
f 3234/3247/1 3328/3246/1 3233/3245/1
f 3235/3248/1 3328/3246/1 3234/3247/1
f 3235/3248/1 3327/3249/1 3328/3246/1
f 3236/3250/1 3327/3249/1 3235/3248/1
f 3236/3250/1 3326/3251/1 3327/3249/1
f 3237/3252/1 3326/3251/1 3236/3250/1
f 3238/3253/1 3326/3251/1 3237/3252/1
f 3238/3253/1 3325/3254/1 3326/3251/1
f 3239/3255/1 3325/3254/1 3238/3253/1
f 3240/3256/1 3325/3254/1 3239/3255/1
f 3240/3256/1 3324/3257/1 3325/3254/1
f 3241/3258/1 3324/3257/1 3240/3256/1
f 3241/3258/1 3323/3259/1 3324/3257/1
f 3242/3260/1 3323/3259/1 3241/3258/1
f 3242/3260/1 3322/3261/1 3323/3259/1
f 3243/3262/1 3322/3261/1 3242/3260/1
f 3243/3262/1 3321/3263/1 3322/3261/1
f 3244/3264/1 3321/3263/1 3243/3262/1
f 3245/3265/1 3321/3263/1 3244/3264/1
f 3245/3265/1 3320/3266/1 3321/3263/1
f 3246/3267/1 3320/3266/1 3245/3265/1
f 3246/3267/1 3319/3268/1 3320/3266/1
f 3247/3269/1 3319/3268/1 3246/3267/1
f 3247/3269/1 3318/3270/1 3319/3268/1
f 3248/3271/1 3318/3270/1 3247/3269/1
f 3248/3271/1 3317/3272/1 3318/3270/1
f 3249/3273/1 3317/3272/1 3248/3271/1
f 3249/3273/1 3316/3274/1 3317/3272/1
f 3250/3275/1 3417/3276/1 3249/3273/1
f 3417/3276/1 3316/3274/1 3249/3273/1
f 3250/3275/1 3416/3277/1 3417/3276/1
f 3418/3278/1 3316/3274/1 3417/3276/1
f 3419/3279/1 3316/3274/1 3418/3278/1
f 3419/3279/1 3420/3280/1 3316/3274/1
f 3420/3280/1 3421/3281/1 3316/3274/1
f 3421/3281/1 3315/3282/1 3316/3274/1
f 3250/3275/1 3415/3283/1 3416/3277/1
f 3251/3284/1 3411/3285/1 3250/3275/1
f 3411/3285/1 3412/3286/1 3250/3275/1
f 3412/3286/1 3413/3287/1 3250/3275/1
f 3413/3287/1 3414/3288/1 3250/3275/1
f 3414/3288/1 3415/3283/1 3250/3275/1
f 3349/3289/1 3315/3282/1 3421/3281/1
f 3350/3290/1 3315/3282/1 3349/3289/1
f 3251/3284/1 3410/3291/1 3411/3285/1
f 3351/3292/1 3315/3282/1 3350/3290/1
f 3251/3284/1 3409/3293/1 3410/3291/1
f 3352/3294/1 3315/3282/1 3351/3292/1
f 3251/3284/1 3408/3295/1 3409/3293/1
f 3353/3296/1 3315/3282/1 3352/3294/1
f 3251/3284/1 3407/3297/1 3408/3295/1
f 3354/3298/1 3315/3282/1 3353/3296/1
f 3251/3284/1 3406/3299/1 3407/3297/1
f 3355/3300/1 3315/3282/1 3354/3298/1
f 3251/3284/1 3405/3301/1 3406/3299/1
f 3252/3302/1 3405/3301/1 3251/3284/1
f 3355/3300/1 3314/3303/1 3315/3282/1
f 3356/3304/1 3314/3303/1 3355/3300/1
f 3252/3302/1 3404/3305/1 3405/3301/1
f 3357/3306/1 3314/3303/1 3356/3304/1
f 3252/3302/1 3403/3307/1 3404/3305/1
f 3358/3308/1 3314/3303/1 3357/3306/1
f 3252/3302/1 3402/3309/1 3403/3307/1
f 3359/3310/1 3314/3303/1 3358/3308/1
f 3252/3302/1 3401/3311/1 3402/3309/1
f 3253/3312/1 3401/3311/1 3252/3302/1
f 3359/3310/1 3313/3313/1 3314/3303/1
f 3360/3314/1 3313/3313/1 3359/3310/1
f 3253/3312/1 3400/3315/1 3401/3311/1
f 3253/3312/1 3399/3316/1 3400/3315/1
f 3361/3317/1 3313/3313/1 3360/3314/1
f 3253/3312/1 3398/3318/1 3399/3316/1
f 3362/3319/1 3313/3313/1 3361/3317/1
f 3254/3320/1 3398/3318/1 3253/3312/1
f 3254/3320/1 3397/3321/1 3398/3318/1
f 3362/3319/1 3312/3322/1 3313/3313/1
f 3254/3320/1 3396/3323/1 3397/3321/1
f 3363/3324/1 3312/3322/1 3362/3319/1
f 3254/3320/1 3395/3325/1 3396/3323/1
f 3255/3326/1 3395/3325/1 3254/3320/1
f 3255/3326/1 3394/3327/1 3395/3325/1
f 3255/3326/1 3393/3328/1 3394/3327/1
f 3364/3329/1 3312/3322/1 3363/3324/1
f 3255/3326/1 3392/3330/1 3393/3328/1
f 3364/3329/1 3311/3331/1 3312/3322/1
f 3255/3326/1 3391/3332/1 3392/3330/1
f 3256/3333/1 3391/3332/1 3255/3326/1
f 3256/3333/1 3390/3334/1 3391/3332/1
f 3365/3335/1 3311/3331/1 3364/3329/1
f 3256/3333/1 3389/3336/1 3390/3334/1
f 3256/3333/1 3388/3337/1 3389/3336/1
f 3256/3333/1 3387/3338/1 3388/3337/1
f 3366/3339/1 3311/3331/1 3365/3335/1
f 3256/3333/1 3386/3340/1 3387/3338/1
f 3257/3341/1 3386/3340/1 3256/3333/1
f 3257/3341/1 3385/3342/1 3386/3340/1
f 3367/3343/1 3311/3331/1 3366/3339/1
f 3367/3343/1 3310/3344/1 3311/3331/1
f 3368/3345/1 3310/3344/1 3367/3343/1
f 3258/3346/1 3385/3342/1 3257/3341/1
f 3369/3347/1 3310/3344/1 3368/3345/1
f 3370/3348/1 3310/3344/1 3369/3347/1
f 3371/3349/1 3310/3344/1 3370/3348/1
f 3372/3350/1 3310/3344/1 3371/3349/1
f 3373/3351/1 3310/3344/1 3372/3350/1
f 3258/3346/1 3384/3352/1 3385/3342/1
f 3258/3346/1 3383/3353/1 3384/3352/1
f 3258/3346/1 3382/3354/1 3383/3353/1
f 3258/3346/1 3381/3355/1 3382/3354/1
f 3258/3346/1 3380/3356/1 3381/3355/1
f 3258/3346/1 3379/3357/1 3380/3356/1
f 3258/3346/1 3378/3358/1 3379/3357/1
f 3258/3346/1 3377/3359/1 3378/3358/1
f 3258/3346/1 3376/3360/1 3377/3359/1
f 3258/3346/1 3375/3361/1 3376/3360/1
f 3258/3346/1 3374/3362/1 3375/3361/1
f 3258/3346/1 3373/3351/1 3374/3362/1
f 3258/3346/1 3310/3344/1 3373/3351/1
f 3259/3363/1 3310/3344/1 3258/3346/1
f 3259/3363/1 3309/3364/1 3310/3344/1
f 3260/3365/1 3309/3364/1 3259/3363/1
f 3260/3365/1 3308/3366/1 3309/3364/1
f 3261/3367/1 3308/3366/1 3260/3365/1
f 3262/3368/1 3308/3366/1 3261/3367/1
f 3262/3368/1 3307/3369/1 3308/3366/1
f 3263/3370/1 3307/3369/1 3262/3368/1
f 3264/3371/1 3307/3369/1 3263/3370/1
f 3265/3372/1 3307/3369/1 3264/3371/1
f 3265/3372/1 3306/3373/1 3307/3369/1
f 3266/3374/1 3306/3373/1 3265/3372/1
f 3266/3374/1 3305/3375/1 3306/3373/1
f 3267/3376/1 3305/3375/1 3266/3374/1
f 3267/3376/1 3304/3377/1 3305/3375/1
f 3268/3378/1 3304/3377/1 3267/3376/1
f 3269/3379/1 3304/3377/1 3268/3378/1
f 3269/3379/1 3303/3380/1 3304/3377/1
f 3270/3381/1 3303/3380/1 3269/3379/1
f 3270/3381/1 3302/3382/1 3303/3380/1
f 3271/3383/1 3302/3382/1 3270/3381/1
f 3271/3383/1 3301/3384/1 3302/3382/1
f 3272/3385/1 3301/3384/1 3271/3383/1
f 3272/3385/1 3300/3386/1 3301/3384/1
f 3273/3387/1 3300/3386/1 3272/3385/1
f 3274/3388/1 3300/3386/1 3273/3387/1
f 3274/3388/1 3299/3389/1 3300/3386/1
f 3275/3390/1 3299/3389/1 3274/3388/1
f 3275/3390/1 3298/3391/1 3299/3389/1
f 3276/3392/1 3298/3391/1 3275/3390/1
f 3276/3392/1 3297/3393/1 3298/3391/1
f 3277/3394/1 3297/3393/1 3276/3392/1
f 3278/3395/1 3297/3393/1 3277/3394/1
f 3278/3395/1 3296/3396/1 3297/3393/1
f 3279/3397/1 3296/3396/1 3278/3395/1
f 3279/3397/1 3295/3398/1 3296/3396/1
f 3280/3399/1 3295/3398/1 3279/3397/1
f 3281/3400/1 3295/3398/1 3280/3399/1
f 3281/3400/1 3294/3401/1 3295/3398/1
f 3282/3402/1 3294/3401/1 3281/3400/1
f 3282/3402/1 3293/3403/1 3294/3401/1
f 3283/3404/1 3293/3403/1 3282/3402/1
f 3284/3405/1 3293/3403/1 3283/3404/1
f 3284/3405/1 3292/3406/1 3293/3403/1
f 3285/3407/1 3292/3406/1 3284/3405/1
f 3285/3407/1 3291/3408/1 3292/3406/1
f 3286/3409/1 3291/3408/1 3285/3407/1
f 3287/3410/1 3291/3408/1 3286/3409/1
f 3287/3410/1 3290/3411/1 3291/3408/1
f 3288/3412/1 3290/3411/1 3287/3410/1
f 3288/3412/1 3289/3413/1 3290/3411/1
f 3422/3414/1 3428/3415/1 3429/3416/1
f 3422/3414/1 3427/3417/1 3428/3415/1
f 3422/3414/1 3426/3418/1 3427/3417/1
f 3423/3419/1 3426/3418/1 3422/3414/1
f 3423/3419/1 3424/3420/1 3426/3418/1
f 3424/3420/1 3425/3421/1 3426/3418/1
f 3430/3422/1 3436/3423/1 3437/3424/1
f 3430/3422/1 3435/3425/1 3436/3423/1
f 3430/3422/1 3434/3426/1 3435/3425/1
f 3431/3427/1 3434/3426/1 3430/3422/1
f 3431/3427/1 3433/3428/1 3434/3426/1
f 3432/3429/1 3433/3428/1 3431/3427/1
f 3438/3430/1 3444/3431/1 3445/3432/1
f 3438/3430/1 3443/3433/1 3444/3431/1
f 3438/3430/1 3442/3434/1 3443/3433/1
f 3439/3435/1 3442/3434/1 3438/3430/1
f 3439/3435/1 3441/3436/1 3442/3434/1
f 3440/3437/1 3441/3436/1 3439/3435/1
f 3446/3438/1 3452/3439/1 3453/3440/1
f 3446/3438/1 3451/3441/1 3452/3439/1
f 3446/3438/1 3450/3442/1 3451/3441/1
f 3447/3443/1 3450/3442/1 3446/3438/1
f 3447/3443/1 3449/3444/1 3450/3442/1
f 3448/3445/1 3449/3444/1 3447/3443/1
f 3454/3446/1 3468/3447/1 3469/3448/1
f 3454/3446/1 3467/3449/1 3468/3447/1
f 3454/3446/1 3466/3450/1 3467/3449/1
f 3470/3451/1 3492/3452/1 3493/3453/1
f 3470/3451/1 3491/3454/1 3492/3452/1
f 3470/3451/1 3473/3455/1 3491/3454/1
f 3473/3455/1 3490/3456/1 3491/3454/1
f 3471/3457/1 3473/3455/1 3470/3451/1
f 3455/3458/1 3466/3450/1 3454/3446/1
f 3472/3459/1 3473/3455/1 3471/3457/1
f 3474/3460/1 3490/3456/1 3473/3455/1
f 3474/3460/1 3489/3461/1 3490/3456/1
f 3475/3462/1 3489/3461/1 3474/3460/1
f 3458/3463/1 3456/3464/1 3457/3465/1
f 3458/3463/1 3455/3458/1 3456/3464/1
f 3458/3463/1 3466/3450/1 3455/3458/1
f 3478/3466/1 3476/3467/1 3477/3468/1
f 3478/3466/1 3475/3462/1 3476/3467/1
f 3478/3466/1 3487/3469/1 3475/3462/1
f 3487/3469/1 3489/3461/1 3475/3462/1
f 3459/3470/1 3466/3450/1 3458/3463/1
f 3459/3470/1 3460/3471/1 3466/3450/1
f 3460/3471/1 3461/3472/1 3466/3450/1
f 3461/3472/1 3465/3473/1 3466/3450/1
f 3487/3469/1 3488/3474/1 3489/3461/1
f 3478/3466/1 3486/3475/1 3487/3469/1
f 3462/3476/1 3465/3473/1 3461/3472/1
f 3479/3477/1 3486/3475/1 3478/3466/1
f 3479/3477/1 3485/3478/1 3486/3475/1
f 3479/3477/1 3484/3479/1 3485/3478/1
f 3479/3477/1 3483/3480/1 3484/3479/1
f 3479/3477/1 3482/3481/1 3483/3480/1
f 3479/3477/1 3481/3482/1 3482/3481/1
f 3463/3483/1 3465/3473/1 3462/3476/1
f 3480/3484/1 3481/3482/1 3479/3477/1
f 3464/3485/1 3465/3473/1 3463/3483/1
f 3494/3486/1 3500/3487/1 3501/3488/1
f 3494/3486/1 3499/3489/1 3500/3487/1
f 3494/3486/1 3498/3490/1 3499/3489/1
f 3495/3491/1 3498/3490/1 3494/3486/1
f 3495/3491/1 3497/3492/1 3498/3490/1
f 3496/3493/1 3497/3492/1 3495/3491/1
f 3594/3494/1 3592/3495/1 3593/3496/1
f 3594/3494/1 3591/3497/1 3592/3495/1
f 3595/3498/1 3591/3497/1 3594/3494/1
f 3596/3499/1 3591/3497/1 3595/3498/1
f 3597/3500/1 3591/3497/1 3596/3499/1
f 3598/3501/1 3591/3497/1 3597/3500/1
f 3599/3502/1 3591/3497/1 3598/3501/1
f 3600/3503/1 3591/3497/1 3599/3502/1
f 3601/3504/1 3591/3497/1 3600/3503/1
f 3602/3505/1 3591/3497/1 3601/3504/1
f 3603/3506/1 3591/3497/1 3602/3505/1
f 3603/3506/1 3590/3507/1 3591/3497/1
f 3604/3508/1 3590/3507/1 3603/3506/1
f 3502/3509/1 3590/3507/1 3604/3508/1
f 3503/3510/1 3590/3507/1 3502/3509/1
f 3504/3511/1 3590/3507/1 3503/3510/1
f 3505/3512/1 3590/3507/1 3504/3511/1
f 3505/3512/1 3589/3513/1 3590/3507/1
f 3506/3514/1 3589/3513/1 3505/3512/1
f 3507/3515/1 3589/3513/1 3506/3514/1
f 3507/3515/1 3588/3516/1 3589/3513/1
f 3508/3517/1 3588/3516/1 3507/3515/1
f 3509/3518/1 3588/3516/1 3508/3517/1
f 3509/3518/1 3587/3519/1 3588/3516/1
f 3510/3520/1 3587/3519/1 3509/3518/1
f 3511/3521/1 3587/3519/1 3510/3520/1
f 3511/3521/1 3586/3522/1 3587/3519/1
f 3512/3523/1 3586/3522/1 3511/3521/1
f 3513/3524/1 3586/3522/1 3512/3523/1
f 3513/3524/1 3585/3525/1 3586/3522/1
f 3514/3526/1 3585/3525/1 3513/3524/1
f 3514/3526/1 3584/3527/1 3585/3525/1
f 3515/3528/1 3584/3527/1 3514/3526/1
f 3516/3529/1 3584/3527/1 3515/3528/1
f 3517/3530/1 3584/3527/1 3516/3529/1
f 3518/3531/1 3584/3527/1 3517/3530/1
f 3518/3531/1 3583/3532/1 3584/3527/1
f 3519/3533/1 3583/3532/1 3518/3531/1
f 3519/3533/1 3582/3534/1 3583/3532/1
f 3520/3535/1 3582/3534/1 3519/3533/1
f 3520/3535/1 3581/3536/1 3582/3534/1
f 3521/3537/1 3581/3536/1 3520/3535/1
f 3521/3537/1 3580/3538/1 3581/3536/1
f 3521/3537/1 3579/3539/1 3580/3538/1
f 3522/3540/1 3579/3539/1 3521/3537/1
f 3523/3541/1 3579/3539/1 3522/3540/1
f 3524/3542/1 3579/3539/1 3523/3541/1
f 3525/3543/1 3579/3539/1 3524/3542/1
f 3525/3543/1 3528/3544/1 3579/3539/1
f 3528/3544/1 3578/3545/1 3579/3539/1
f 3526/3546/1 3528/3544/1 3525/3543/1
f 3527/3547/1 3528/3544/1 3526/3546/1
f 3529/3548/1 3578/3545/1 3528/3544/1
f 3529/3548/1 3577/3549/1 3578/3545/1
f 3529/3548/1 3576/3550/1 3577/3549/1
f 3530/3551/1 3576/3550/1 3529/3548/1
f 3530/3551/1 3575/3552/1 3576/3550/1
f 3531/3553/1 3575/3552/1 3530/3551/1
f 3531/3553/1 3574/3554/1 3575/3552/1
f 3532/3555/1 3574/3554/1 3531/3553/1
f 3532/3555/1 3573/3556/1 3574/3554/1
f 3532/3555/1 3572/3557/1 3573/3556/1
f 3533/3558/1 3572/3557/1 3532/3555/1
f 3533/3558/1 3571/3559/1 3572/3557/1
f 3534/3560/1 3571/3559/1 3533/3558/1
f 3534/3560/1 3570/3561/1 3571/3559/1
f 3534/3560/1 3569/3562/1 3570/3561/1
f 3535/3563/1 3569/3562/1 3534/3560/1
f 3535/3563/1 3568/3564/1 3569/3562/1
f 3536/3565/1 3568/3564/1 3535/3563/1
f 3536/3565/1 3567/3566/1 3568/3564/1
f 3536/3565/1 3566/3567/1 3567/3566/1
f 3537/3568/1 3566/3567/1 3536/3565/1
f 3537/3568/1 3565/3569/1 3566/3567/1
f 3537/3568/1 3564/3570/1 3565/3569/1
f 3538/3571/1 3564/3570/1 3537/3568/1
f 3538/3571/1 3563/3572/1 3564/3570/1
f 3538/3571/1 3562/3573/1 3563/3572/1
f 3539/3574/1 3562/3573/1 3538/3571/1
f 3539/3574/1 3561/3575/1 3562/3573/1
f 3539/3574/1 3560/3576/1 3561/3575/1
f 3540/3577/1 3560/3576/1 3539/3574/1
f 3540/3577/1 3559/3578/1 3560/3576/1
f 3540/3577/1 3558/3579/1 3559/3578/1
f 3540/3577/1 3557/3580/1 3558/3579/1
f 3541/3581/1 3557/3580/1 3540/3577/1
f 3541/3581/1 3556/3582/1 3557/3580/1
f 3541/3581/1 3555/3583/1 3556/3582/1
f 3542/3584/1 3555/3583/1 3541/3581/1
f 3543/3585/1 3555/3583/1 3542/3584/1
f 3544/3586/1 3555/3583/1 3543/3585/1
f 3545/3587/1 3555/3583/1 3544/3586/1
f 3546/3588/1 3555/3583/1 3545/3587/1
f 3547/3589/1 3555/3583/1 3546/3588/1
f 3548/3590/1 3555/3583/1 3547/3589/1
f 3549/3591/1 3555/3583/1 3548/3590/1
f 3550/3592/1 3555/3583/1 3549/3591/1
f 3550/3592/1 3554/3593/1 3555/3583/1
f 3551/3594/1 3554/3593/1 3550/3592/1
f 3551/3594/1 3552/3595/1 3554/3593/1
f 3552/3595/1 3553/3596/1 3554/3593/1
f 3643/3597/1 3641/3598/1 3642/3599/1
f 3643/3597/1 3640/3600/1 3641/3598/1
f 3644/3601/1 3640/3600/1 3643/3597/1
f 3645/3602/1 3640/3600/1 3644/3601/1
f 3646/3603/1 3640/3600/1 3645/3602/1
f 3647/3604/1 3640/3600/1 3646/3603/1
f 3648/3605/1 3640/3600/1 3647/3604/1
f 3649/3606/1 3640/3600/1 3648/3605/1
f 3650/3607/1 3640/3600/1 3649/3606/1
f 3651/3608/1 3640/3600/1 3650/3607/1
f 3652/3609/1 3640/3600/1 3651/3608/1
f 3653/3610/1 3640/3600/1 3652/3609/1
f 3605/3611/1 3640/3600/1 3653/3610/1
f 3606/3612/1 3640/3600/1 3605/3611/1
f 3607/3613/1 3640/3600/1 3606/3612/1
f 3608/3614/1 3640/3600/1 3607/3613/1
f 3609/3615/1 3640/3600/1 3608/3614/1
f 3610/3616/1 3640/3600/1 3609/3615/1
f 3611/3617/1 3640/3600/1 3610/3616/1
f 3612/3618/1 3640/3600/1 3611/3617/1
f 3612/3618/1 3639/3619/1 3640/3600/1
f 3613/3620/1 3639/3619/1 3612/3618/1
f 3614/3621/1 3639/3619/1 3613/3620/1
f 3615/3622/1 3639/3619/1 3614/3621/1
f 3615/3622/1 3638/3623/1 3639/3619/1
f 3615/3622/1 3637/3624/1 3638/3623/1
f 3615/3622/1 3636/3625/1 3637/3624/1
f 3616/3626/1 3636/3625/1 3615/3622/1
f 3616/3626/1 3635/3627/1 3636/3625/1
f 3617/3628/1 3633/3629/1 3616/3626/1
f 3633/3629/1 3635/3627/1 3616/3626/1
f 3633/3629/1 3634/3630/1 3635/3627/1
f 3617/3628/1 3632/3631/1 3633/3629/1
f 3618/3632/1 3632/3631/1 3617/3628/1
f 3619/3633/1 3632/3631/1 3618/3632/1
f 3620/3634/1 3632/3631/1 3619/3633/1
f 3621/3635/1 3632/3631/1 3620/3634/1
f 3622/3636/1 3632/3631/1 3621/3635/1
f 3623/3637/1 3632/3631/1 3622/3636/1
f 3623/3637/1 3631/3638/1 3632/3631/1
f 3624/3639/1 3631/3638/1 3623/3637/1
f 3625/3640/1 3631/3638/1 3624/3639/1
f 3626/3641/1 3631/3638/1 3625/3640/1
f 3627/3642/1 3631/3638/1 3626/3641/1
f 3628/3643/1 3631/3638/1 3627/3642/1
f 3629/3644/1 3631/3638/1 3628/3643/1
f 3630/3645/1 3631/3638/1 3629/3644/1
f 3662/3646/1 3660/3647/1 3661/3648/1
f 3654/3649/1 3668/3650/1 3669/3651/1
f 3654/3649/1 3667/3652/1 3668/3650/1
f 3654/3649/1 3666/3653/1 3667/3652/1
f 3662/3646/1 3659/3654/1 3660/3647/1
f 3662/3646/1 3658/3655/1 3659/3654/1
f 3654/3649/1 3665/3656/1 3666/3653/1
f 3663/3657/1 3658/3655/1 3662/3646/1
f 3654/3649/1 3664/3658/1 3665/3656/1
f 3654/3649/1 3663/3657/1 3664/3658/1
f 3654/3649/1 3658/3655/1 3663/3657/1
f 3655/3659/1 3675/3660/1 3654/3649/1
f 3675/3660/1 3658/3655/1 3654/3649/1
f 3675/3660/1 3676/3661/1 3658/3655/1
f 3676/3661/1 3677/3662/1 3658/3655/1
f 3677/3662/1 3657/3663/1 3658/3655/1
f 3655/3659/1 3674/3664/1 3675/3660/1
f 3670/3665/1 3657/3663/1 3677/3662/1
f 3655/3659/1 3673/3666/1 3674/3664/1
f 3671/3667/1 3657/3663/1 3670/3665/1
f 3655/3659/1 3672/3668/1 3673/3666/1
f 3655/3659/1 3671/3667/1 3672/3668/1
f 3655/3659/1 3657/3663/1 3671/3667/1
f 3655/3659/1 3656/3669/1 3657/3663/1
f 3814/3670/1 3812/3671/1 3813/3672/1
f 3815/3673/1 3812/3671/1 3814/3670/1
f 3815/3673/1 3811/3674/1 3812/3671/1
f 3816/3675/1 3811/3674/1 3815/3673/1
f 3816/3675/1 3810/3676/1 3811/3674/1
f 3817/3677/1 3810/3676/1 3816/3675/1
f 3817/3677/1 3809/3678/1 3810/3676/1
f 3817/3677/1 3808/3679/1 3809/3678/1
f 3818/3680/1 3808/3679/1 3817/3677/1
f 3818/3680/1 3807/3681/1 3808/3679/1
f 3819/3682/1 3807/3681/1 3818/3680/1
f 3819/3682/1 3806/3683/1 3807/3681/1
f 3820/3684/1 3806/3683/1 3819/3682/1
f 3820/3684/1 3805/3685/1 3806/3683/1
f 3821/3686/1 3805/3685/1 3820/3684/1
f 3821/3686/1 3804/3687/1 3805/3685/1
f 3821/3686/1 3803/3688/1 3804/3687/1
f 3822/3689/1 3803/3688/1 3821/3686/1
f 3822/3689/1 3802/3690/1 3803/3688/1
f 3678/3691/1 3802/3690/1 3822/3689/1
f 3678/3691/1 3801/3692/1 3802/3690/1
f 3679/3693/1 3801/3692/1 3678/3691/1
f 3679/3693/1 3800/3694/1 3801/3692/1
f 3679/3693/1 3799/3695/1 3800/3694/1
f 3680/3696/1 3799/3695/1 3679/3693/1
f 3680/3696/1 3798/3697/1 3799/3695/1
f 3680/3696/1 3797/3698/1 3798/3697/1
f 3681/3699/1 3797/3698/1 3680/3696/1
f 3681/3699/1 3796/3700/1 3797/3698/1
f 3682/3701/1 3796/3700/1 3681/3699/1
f 3682/3701/1 3795/3702/1 3796/3700/1
f 3683/3703/1 3795/3702/1 3682/3701/1
f 3683/3703/1 3794/3704/1 3795/3702/1
f 3684/3705/1 3794/3704/1 3683/3703/1
f 3684/3705/1 3793/3706/1 3794/3704/1
f 3685/3707/1 3793/3706/1 3684/3705/1
f 3685/3707/1 3792/3708/1 3793/3706/1
f 3686/3709/1 3792/3708/1 3685/3707/1
f 3686/3709/1 3791/3710/1 3792/3708/1
f 3687/3711/1 3791/3710/1 3686/3709/1
f 3687/3711/1 3790/3712/1 3791/3710/1
f 3687/3711/1 3789/3713/1 3790/3712/1
f 3688/3714/1 3789/3713/1 3687/3711/1
f 3688/3714/1 3788/3715/1 3789/3713/1
f 3689/3716/1 3788/3715/1 3688/3714/1
f 3689/3716/1 3787/3717/1 3788/3715/1
f 3690/3718/1 3919/3719/1 3689/3716/1
f 3919/3719/1 3920/3720/1 3689/3716/1
f 3920/3720/1 3921/3721/1 3689/3716/1
f 3921/3721/1 3787/3717/1 3689/3716/1
f 3922/3722/1 3787/3717/1 3921/3721/1
f 3690/3718/1 3918/3723/1 3919/3719/1
f 3923/3724/1 3787/3717/1 3922/3722/1
f 3924/3725/1 3787/3717/1 3923/3724/1
f 3690/3718/1 3917/3726/1 3918/3723/1
f 3925/3727/1 3787/3717/1 3924/3725/1
f 3690/3718/1 3916/3728/1 3917/3726/1
f 3926/3729/1 3787/3717/1 3925/3727/1
f 3927/3730/1 3787/3717/1 3926/3729/1
f 3690/3718/1 3915/3731/1 3916/3728/1
f 3928/3732/1 3787/3717/1 3927/3730/1
f 3929/3733/1 3787/3717/1 3928/3732/1
f 3690/3718/1 3914/3734/1 3915/3731/1
f 3930/3735/1 3787/3717/1 3929/3733/1
f 3930/3735/1 3786/3736/1 3787/3717/1
f 3931/3737/1 3786/3736/1 3930/3735/1
f 3690/3718/1 3913/3738/1 3914/3734/1
f 3932/3739/1 3786/3736/1 3931/3737/1
f 3690/3718/1 3912/3740/1 3913/3738/1
f 3933/3741/1 3786/3736/1 3932/3739/1
f 3934/3742/1 3786/3736/1 3933/3741/1
f 3690/3718/1 3911/3743/1 3912/3740/1
f 3823/3744/1 3786/3736/1 3934/3742/1
f 3823/3744/1 3785/3745/1 3786/3736/1
f 3690/3718/1 3910/3746/1 3911/3743/1
f 3691/3747/1 3910/3746/1 3690/3718/1
f 3824/3748/1 3785/3745/1 3823/3744/1
f 3691/3747/1 3909/3749/1 3910/3746/1
f 3825/3750/1 3785/3745/1 3824/3748/1
f 3691/3747/1 3908/3751/1 3909/3749/1
f 3826/3752/1 3785/3745/1 3825/3750/1
f 3691/3747/1 3907/3753/1 3908/3751/1
f 3826/3752/1 3784/3754/1 3785/3745/1
f 3827/3755/1 3784/3754/1 3826/3752/1
f 3692/3756/1 3907/3753/1 3691/3747/1
f 3692/3756/1 3906/3757/1 3907/3753/1
f 3828/3758/1 3784/3754/1 3827/3755/1
f 3692/3756/1 3905/3759/1 3906/3757/1
f 3829/3760/1 3784/3754/1 3828/3758/1
f 3829/3760/1 3783/3761/1 3784/3754/1
f 3692/3756/1 3904/3762/1 3905/3759/1
f 3693/3763/1 3904/3762/1 3692/3756/1
f 3830/3764/1 3783/3761/1 3829/3760/1
f 3693/3763/1 3903/3765/1 3904/3762/1
f 3831/3766/1 3783/3761/1 3830/3764/1
f 3693/3763/1 3902/3767/1 3903/3765/1
f 3831/3766/1 3782/3768/1 3783/3761/1
f 3832/3769/1 3782/3768/1 3831/3766/1
f 3694/3770/1 3902/3767/1 3693/3763/1
f 3694/3770/1 3901/3771/1 3902/3767/1
f 3833/3772/1 3782/3768/1 3832/3769/1
f 3694/3770/1 3900/3773/1 3901/3771/1
f 3834/3774/1 3782/3768/1 3833/3772/1
f 3694/3770/1 3899/3775/1 3900/3773/1
f 3834/3774/1 3781/3776/1 3782/3768/1
f 3695/3777/1 3899/3775/1 3694/3770/1
f 3835/3778/1 3781/3776/1 3834/3774/1
f 3695/3777/1 3898/3779/1 3899/3775/1
f 3836/3780/1 3781/3776/1 3835/3778/1
f 3837/3781/1 3781/3776/1 3836/3780/1
f 3838/3782/1 3781/3776/1 3837/3781/1
f 3839/3783/1 3781/3776/1 3838/3782/1
f 3840/3784/1 3781/3776/1 3839/3783/1
f 3696/3785/1 3898/3779/1 3695/3777/1
f 3840/3784/1 3780/3786/1 3781/3776/1
f 3841/3787/1 3780/3786/1 3840/3784/1
f 3842/3788/1 3780/3786/1 3841/3787/1
f 3843/3789/1 3780/3786/1 3842/3788/1
f 3844/3790/1 3780/3786/1 3843/3789/1
f 3696/3785/1 3897/3791/1 3898/3779/1
f 3697/3792/1 3897/3791/1 3696/3785/1
f 3845/3793/1 3780/3786/1 3844/3790/1
f 3845/3793/1 3779/3794/1 3780/3786/1
f 3697/3792/1 3896/3795/1 3897/3791/1
f 3846/3796/1 3779/3794/1 3845/3793/1
f 3847/3797/1 3779/3794/1 3846/3796/1
f 3848/3798/1 3779/3794/1 3847/3797/1
f 3697/3792/1 3895/3799/1 3896/3795/1
f 3698/3800/1 3895/3799/1 3697/3792/1
f 3848/3798/1 3778/3801/1 3779/3794/1
f 3698/3800/1 3894/3802/1 3895/3799/1
f 3699/3803/1 3894/3802/1 3698/3800/1
f 3699/3803/1 3893/3804/1 3894/3802/1
f 3848/3798/1 3777/3805/1 3778/3801/1
f 3700/3806/1 3893/3804/1 3699/3803/1
f 3700/3806/1 3892/3807/1 3893/3804/1
f 3848/3798/1 3776/3808/1 3777/3805/1
f 3700/3806/1 3891/3809/1 3892/3807/1
f 3701/3810/1 3891/3809/1 3700/3806/1
f 3701/3810/1 3890/3811/1 3891/3809/1
f 3848/3798/1 3775/3812/1 3776/3808/1
f 3702/3813/1 3890/3811/1 3701/3810/1
f 3702/3813/1 3889/3814/1 3890/3811/1
f 3702/3813/1 3888/3815/1 3889/3814/1
f 3848/3798/1 3774/3816/1 3775/3812/1
f 3702/3813/1 3887/3817/1 3888/3815/1
f 3703/3818/1 3887/3817/1 3702/3813/1
f 3703/3818/1 3886/3819/1 3887/3817/1
f 3703/3818/1 3885/3820/1 3886/3819/1
f 3849/3821/1 3774/3816/1 3848/3798/1
f 3849/3821/1 3773/3822/1 3774/3816/1
f 3849/3821/1 3772/3823/1 3773/3822/1
f 3703/3818/1 3884/3824/1 3885/3820/1
f 3704/3825/1 3884/3824/1 3703/3818/1
f 3849/3821/1 3771/3826/1 3772/3823/1
f 3704/3825/1 3883/3827/1 3884/3824/1
f 3849/3821/1 3770/3828/1 3771/3826/1
f 3705/3829/1 3883/3827/1 3704/3825/1
f 3705/3829/1 3882/3830/1 3883/3827/1
f 3849/3821/1 3769/3831/1 3770/3828/1
f 3705/3829/1 3881/3832/1 3882/3830/1
f 3849/3821/1 3768/3833/1 3769/3831/1
f 3706/3834/1 3881/3832/1 3705/3829/1
f 3706/3834/1 3880/3835/1 3881/3832/1
f 3849/3821/1 3767/3836/1 3768/3833/1
f 3706/3834/1 3879/3837/1 3880/3835/1
f 3849/3821/1 3766/3838/1 3767/3836/1
f 3707/3839/1 3879/3837/1 3706/3834/1
f 3707/3839/1 3878/3840/1 3879/3837/1
f 3849/3821/1 3765/3841/1 3766/3838/1
f 3850/3842/1 3765/3841/1 3849/3821/1
f 3707/3839/1 3877/3843/1 3878/3840/1
f 3707/3839/1 3876/3844/1 3877/3843/1
f 3850/3842/1 3764/3845/1 3765/3841/1
f 3708/3846/1 3876/3844/1 3707/3839/1
f 3708/3846/1 3875/3847/1 3876/3844/1
f 3850/3842/1 3763/3848/1 3764/3845/1
f 3708/3846/1 3874/3849/1 3875/3847/1
f 3851/3850/1 3763/3848/1 3850/3842/1
f 3708/3846/1 3873/3851/1 3874/3849/1
f 3851/3850/1 3762/3852/1 3763/3848/1
f 3852/3853/1 3762/3852/1 3851/3850/1
f 3708/3846/1 3872/3854/1 3873/3851/1
f 3709/3855/1 3872/3854/1 3708/3846/1
f 3709/3855/1 3871/3856/1 3872/3854/1
f 3853/3857/1 3762/3852/1 3852/3853/1
f 3853/3857/1 3761/3858/1 3762/3852/1
f 3709/3855/1 3870/3859/1 3871/3856/1
f 3854/3860/1 3761/3858/1 3853/3857/1
f 3709/3855/1 3869/3861/1 3870/3859/1
f 3855/3862/1 3761/3858/1 3854/3860/1
f 3710/3863/1 3869/3861/1 3709/3855/1
f 3710/3863/1 3868/3864/1 3869/3861/1
f 3856/3865/1 3761/3858/1 3855/3862/1
f 3710/3863/1 3867/3866/1 3868/3864/1
f 3856/3865/1 3760/3867/1 3761/3858/1
f 3857/3868/1 3760/3867/1 3856/3865/1
f 3710/3863/1 3866/3869/1 3867/3866/1
f 3858/3870/1 3760/3867/1 3857/3868/1
f 3710/3863/1 3865/3871/1 3866/3869/1
f 3859/3872/1 3760/3867/1 3858/3870/1
f 3710/3863/1 3864/3873/1 3865/3871/1
f 3860/3874/1 3760/3867/1 3859/3872/1
f 3710/3863/1 3863/3875/1 3864/3873/1
f 3861/3876/1 3760/3867/1 3860/3874/1
f 3711/3877/1 3863/3875/1 3710/3863/1
f 3711/3877/1 3862/3878/1 3863/3875/1
f 3862/3878/1 3760/3867/1 3861/3876/1
f 3711/3877/1 3760/3867/1 3862/3878/1
f 3711/3877/1 3759/3879/1 3760/3867/1
f 3712/3880/1 3759/3879/1 3711/3877/1
f 3712/3880/1 3758/3881/1 3759/3879/1
f 3713/3882/1 3758/3881/1 3712/3880/1
f 3714/3883/1 3758/3881/1 3713/3882/1
f 3714/3883/1 3757/3884/1 3758/3881/1
f 3715/3885/1 3757/3884/1 3714/3883/1
f 3715/3885/1 3756/3886/1 3757/3884/1
f 3716/3887/1 3756/3886/1 3715/3885/1
f 3717/3888/1 3756/3886/1 3716/3887/1
f 3717/3888/1 3755/3889/1 3756/3886/1
f 3718/3890/1 3755/3889/1 3717/3888/1
f 3718/3890/1 3754/3891/1 3755/3889/1
f 3719/3892/1 3754/3891/1 3718/3890/1
f 3720/3893/1 3754/3891/1 3719/3892/1
f 3720/3893/1 3753/3894/1 3754/3891/1
f 3721/3895/1 3753/3894/1 3720/3893/1
f 3722/3896/1 3753/3894/1 3721/3895/1
f 3722/3896/1 3752/3897/1 3753/3894/1
f 3723/3898/1 3752/3897/1 3722/3896/1
f 3724/3899/1 3752/3897/1 3723/3898/1
f 3724/3899/1 3751/3900/1 3752/3897/1
f 3725/3901/1 3751/3900/1 3724/3899/1
f 3726/3902/1 3751/3900/1 3725/3901/1
f 3726/3902/1 3750/3903/1 3751/3900/1
f 3727/3904/1 3750/3903/1 3726/3902/1
f 3728/3905/1 3750/3903/1 3727/3904/1
f 3729/3906/1 3750/3903/1 3728/3905/1
f 3730/3907/1 3750/3903/1 3729/3906/1
f 3731/3908/1 3750/3903/1 3730/3907/1
f 3732/3909/1 3750/3903/1 3731/3908/1
f 3733/3910/1 3750/3903/1 3732/3909/1
f 3734/3911/1 3750/3903/1 3733/3910/1
f 3735/3912/1 3750/3903/1 3734/3911/1
f 3736/3913/1 3750/3903/1 3735/3912/1
f 3737/3914/1 3750/3903/1 3736/3913/1
f 3738/3915/1 3750/3903/1 3737/3914/1
f 3739/3916/1 3750/3903/1 3738/3915/1
f 3740/3917/1 3750/3903/1 3739/3916/1
f 3741/3918/1 3750/3903/1 3740/3917/1
f 3742/3919/1 3750/3903/1 3741/3918/1
f 3743/3920/1 3750/3903/1 3742/3919/1
f 3744/3921/1 3750/3903/1 3743/3920/1
f 3745/3922/1 3750/3903/1 3744/3921/1
f 3746/3923/1 3750/3903/1 3745/3922/1
f 3747/3924/2 3750/3903/2 3746/3923/2
f 3748/3925/1 3750/3903/1 3747/3924/1
f 3749/3926/1 3750/3903/1 3748/3925/1
f 3935/3927/1 3949/3928/1 3950/3929/1
f 3935/3927/1 3948/3930/1 3949/3928/1
f 3935/3927/1 3947/3931/1 3948/3930/1
f 3943/3932/1 3941/3933/1 3942/3934/1
f 3943/3932/1 3940/3935/1 3941/3933/1
f 3943/3932/1 3939/3936/1 3940/3935/1
f 3935/3927/1 3946/3937/1 3947/3931/1
f 3944/3938/1 3939/3936/1 3943/3932/1
f 3935/3927/1 3945/3939/1 3946/3937/1
f 3935/3927/1 3944/3938/1 3945/3939/1
f 3935/3927/1 3939/3936/1 3944/3938/1
f 3935/3927/1 3958/3940/1 3939/3936/1
f 3958/3940/1 3938/3941/1 3939/3936/1
f 3936/3942/1 3956/3943/1 3935/3927/1
f 3956/3943/1 3958/3940/1 3935/3927/1
f 3936/3942/1 3955/3944/1 3956/3943/1
f 3957/3945/1 3958/3940/1 3956/3943/1
f 3951/3946/1 3938/3941/1 3958/3940/1
f 3936/3942/1 3954/3947/1 3955/3944/1
f 3952/3948/1 3938/3941/1 3951/3946/1
f 3936/3942/1 3953/3949/1 3954/3947/1
f 3936/3942/1 3952/3948/1 3953/3949/1
f 3936/3942/1 3938/3941/1 3952/3948/1
f 3936/3942/1 3937/3950/1 3938/3941/1
f 3959/3951/1 4081/3952/1 4082/3953/1
f 3959/3951/1 4080/3954/1 4081/3952/1
f 3959/3951/1 4079/3955/1 4080/3954/1
f 3960/3956/1 4079/3955/1 3959/3951/1
f 3960/3956/1 4078/3957/1 4079/3955/1
f 3961/3958/1 4078/3957/1 3960/3956/1
f 3962/3959/1 4078/3957/1 3961/3958/1
f 3963/3960/1 4076/3961/1 3962/3959/1
f 4076/3961/1 4078/3957/1 3962/3959/1
f 3963/3960/1 4075/3962/1 4076/3961/1
f 4077/3963/1 4078/3957/1 4076/3961/1
f 3963/3960/1 4074/3964/1 4075/3962/1
f 3963/3960/1 4073/3965/1 4074/3964/1
f 3963/3960/1 4072/3966/1 4073/3965/1
f 3963/3960/1 4071/3967/1 4072/3966/1
f 3963/3960/1 4070/3968/1 4071/3967/1
f 3963/3960/1 4069/3969/1 4070/3968/1
f 3963/3960/1 4068/3970/1 4069/3969/1
f 3963/3960/1 4067/3971/1 4068/3970/1
f 3963/3960/1 4066/3972/1 4067/3971/1
f 3963/3960/1 4065/3973/1 4066/3972/1
f 3963/3960/1 4064/3974/1 4065/3973/1
f 3963/3960/1 4063/3975/1 4064/3974/1
f 3964/3976/1 4063/3975/1 3963/3960/1
f 3964/3976/1 4062/3977/1 4063/3975/1
f 3965/3978/1 4062/3977/1 3964/3976/1
f 3965/3978/1 4061/3979/1 4062/3977/1
f 3966/3980/1 4061/3979/1 3965/3978/1
f 3966/3980/1 4060/3981/1 4061/3979/1
f 3967/3982/1 4060/3981/1 3966/3980/1
f 3967/3982/1 4059/3983/1 4060/3981/1
f 3968/3984/1 4059/3983/1 3967/3982/1
f 3968/3984/1 4058/3985/1 4059/3983/1
f 3969/3986/1 4058/3985/1 3968/3984/1
f 3969/3986/1 4057/3987/1 4058/3985/1
f 3970/3988/1 4057/3987/1 3969/3986/1
f 3970/3988/1 4056/3989/1 4057/3987/1
f 3971/3990/1 4056/3989/1 3970/3988/1
f 3971/3990/1 4024/3991/1 4056/3989/1
f 4024/3991/1 4055/3992/1 4056/3989/1
f 3972/3993/1 4024/3991/1 3971/3990/1
f 3972/3993/1 4023/3994/1 4024/3991/1
f 4025/3995/1 4055/3992/1 4024/3991/1
f 3972/3993/1 4022/3996/1 4023/3994/1
f 3972/3993/1 4021/3997/1 4022/3996/1
f 3972/3993/1 4020/3998/1 4021/3997/1
f 3972/3993/1 4019/3999/1 4020/3998/1
f 3972/3993/1 4018/4000/1 4019/3999/1
f 3973/4001/1 4018/4000/1 3972/3993/1
f 4025/3995/1 4054/4002/1 4055/3992/1
f 3973/4001/1 4017/4003/1 4018/4000/1
f 3973/4001/1 4016/4004/1 4017/4003/1
f 3973/4001/1 4015/4005/1 4016/4004/1
f 3973/4001/1 4014/4006/1 4015/4005/1
f 3973/4001/1 4013/4007/1 4014/4006/1
f 3973/4001/1 4012/4008/1 4013/4007/1
f 3973/4001/1 4011/4009/1 4012/4008/1
f 3974/4010/1 4011/4009/1 3973/4001/1
f 4025/3995/1 4053/4011/1 4054/4002/1
f 4026/4012/1 4053/4011/1 4025/3995/1
f 3974/4010/1 4010/4013/1 4011/4009/1
f 3975/4014/1 4010/4013/1 3974/4010/1
f 4026/4012/1 4052/4015/1 4053/4011/1
f 4027/4016/1 4052/4015/1 4026/4012/1
f 3976/4017/1 4010/4013/1 3975/4014/1
f 3977/4018/1 4010/4013/1 3976/4017/1
f 3978/4019/1 4010/4013/1 3977/4018/1
f 4027/4016/1 4051/4020/1 4052/4015/1
f 3979/4021/1 4010/4013/1 3978/4019/1
f 3980/4022/1 4010/4013/1 3979/4021/1
f 3980/4022/1 4009/4023/1 4010/4013/1
f 3981/4024/1 4009/4023/1 3980/4022/1
f 3982/4025/1 4009/4023/1 3981/4024/1
f 3983/4026/1 4009/4023/1 3982/4025/1
f 4028/4027/1 4051/4020/1 4027/4016/1
f 3984/4028/1 4009/4023/1 3983/4026/1
f 3985/4029/1 4009/4023/1 3984/4028/1
f 3986/4030/1 4009/4023/1 3985/4029/1
f 4028/4027/1 4050/4031/1 4051/4020/1
f 3987/4032/1 4009/4023/1 3986/4030/1
f 3988/4033/1 4009/4023/1 3987/4032/1
f 3988/4033/1 4008/4034/1 4009/4023/1
f 4029/4035/1 4050/4031/1 4028/4027/1
f 3988/4033/1 4007/4036/1 4008/4034/1
f 4030/4037/1 4050/4031/1 4029/4035/1
f 3988/4033/1 4006/4038/1 4007/4036/1
f 4031/4039/1 4050/4031/1 4030/4037/1
f 3988/4033/1 4005/4040/1 4006/4038/1
f 4032/4041/1 4050/4031/1 4031/4039/1
f 3989/4042/1 4005/4040/1 3988/4033/1
f 4032/4041/1 4049/4043/1 4050/4031/1
f 3989/4042/1 4004/4044/1 4005/4040/1
f 4033/4045/1 4049/4043/1 4032/4041/1
f 3990/4046/1 4004/4044/1 3989/4042/1
f 3990/4046/1 4003/4047/1 4004/4044/1
f 4034/4048/1 4049/4043/1 4033/4045/1
f 3991/4049/1 4003/4047/1 3990/4046/1
f 3991/4049/1 4002/4050/1 4003/4047/1
f 4035/4051/1 4049/4043/1 4034/4048/1
f 3992/4052/1 4002/4050/1 3991/4049/1
f 3992/4052/1 4001/4053/1 4002/4050/1
f 4036/4054/1 4049/4043/1 4035/4051/1
f 3993/4055/1 4001/4053/1 3992/4052/1
f 3993/4055/1 4000/4056/1 4001/4053/1
f 3994/4057/1 4000/4056/1 3993/4055/1
f 4037/4058/1 4049/4043/1 4036/4054/1
f 3994/4057/1 3999/4059/1 4000/4056/1
f 3995/4060/1 3999/4059/1 3994/4057/1
f 3995/4060/1 3998/4061/1 3999/4059/1
f 4038/4062/1 4040/4063/1 4037/4058/1
f 4040/4063/1 4041/4064/1 4037/4058/1
f 4041/4064/2 4049/4043/2 4037/4058/2
f 3995/4060/1 3997/4065/1 3998/4061/1
f 4039/4066/1 4040/4063/1 4038/4062/1
f 3996/4067/1 3997/4065/1 3995/4060/1
f 4042/4068/1 4049/4043/1 4041/4064/1
f 4043/4069/2 4049/4043/2 4042/4068/2
f 4044/4070/1 4049/4043/1 4043/4069/1
f 4045/4071/1 4049/4043/1 4044/4070/1
f 4046/4072/1 4049/4043/1 4045/4071/1
f 4047/4073/1 4049/4043/1 4046/4072/1
f 4048/4074/1 4049/4043/1 4047/4073/1
f 4162/4075/1 4160/4076/1 4161/4077/1
f 4153/4078/1 4151/4079/1 4152/4080/1
f 4163/4081/1 4160/4076/1 4162/4075/1
f 4164/4082/1 4160/4076/1 4163/4081/1
f 4165/4083/1 4160/4076/1 4164/4082/1
f 4165/4083/1 4159/4084/1 4160/4076/1
f 4166/4085/1 4159/4084/1 4165/4083/1
f 4167/4086/1 4159/4084/1 4166/4085/1
f 4154/4087/1 4151/4079/1 4153/4078/1
f 4154/4087/1 4150/4088/1 4151/4079/1
f 4168/4089/1 4159/4084/1 4167/4086/1
f 4169/4090/1 4159/4084/1 4168/4089/1
f 4170/4091/1 4159/4084/1 4169/4090/1
f 4155/4092/1 4150/4088/1 4154/4087/1
f 4171/4093/1 4159/4084/1 4170/4091/1
f 4155/4092/1 4149/4094/1 4150/4088/1
f 4172/4095/1 4159/4084/1 4171/4093/1
f 4083/4096/1 4159/4084/1 4172/4095/1
f 4084/4097/1 4159/4084/1 4083/4096/1
f 4085/4098/1 4159/4084/1 4084/4097/1
f 4155/4092/1 4148/4099/1 4149/4094/1
f 4086/4100/1 4159/4084/1 4085/4098/1
f 4087/4101/1 4159/4084/1 4086/4100/1
f 4155/4092/1 4147/4102/1 4148/4099/1
f 4088/4103/1 4159/4084/1 4087/4101/1
f 4155/4092/1 4146/4104/1 4147/4102/1
f 4089/4105/1 4159/4084/1 4088/4103/1
f 4090/4106/1 4159/4084/1 4089/4105/1
f 4155/4092/1 4145/4107/1 4146/4104/1
f 4091/4108/1 4159/4084/1 4090/4106/1
f 4155/4092/1 4144/4109/1 4145/4107/1
f 4092/4110/1 4159/4084/1 4091/4108/1
f 4155/4092/1 4143/4111/1 4144/4109/1
f 4093/4112/1 4159/4084/1 4092/4110/1
f 4155/4092/1 4142/4113/1 4143/4111/1
f 4094/4114/1 4159/4084/1 4093/4112/1
f 4155/4092/1 4141/4115/1 4142/4113/1
f 4155/4092/1 4140/4116/1 4141/4115/1
f 4155/4092/1 4139/4117/1 4140/4116/1
f 4094/4114/1 4158/4118/1 4159/4084/1
f 4156/4119/1 4139/4117/1 4155/4092/1
f 4095/4120/1 4158/4118/1 4094/4114/1
f 4156/4119/1 4138/4121/1 4139/4117/1
f 4096/4122/1 4158/4118/1 4095/4120/1
f 4097/4123/1 4158/4118/1 4096/4122/1
f 4098/4124/1 4158/4118/1 4097/4123/1
f 4156/4119/1 4137/4125/1 4138/4121/1
f 4099/4126/1 4158/4118/1 4098/4124/1
f 4156/4119/1 4136/4127/1 4137/4125/1
f 4100/4128/1 4158/4118/1 4099/4126/1
f 4156/4119/1 4135/4129/1 4136/4127/1
f 4101/4130/1 4158/4118/1 4100/4128/1
f 4156/4119/1 4134/4131/1 4135/4129/1
f 4102/4132/1 4158/4118/1 4101/4130/1
f 4156/4119/1 4133/4133/1 4134/4131/1
f 4103/4134/1 4158/4118/1 4102/4132/1
f 4156/4119/1 4132/4135/1 4133/4133/1
f 4104/4136/1 4158/4118/1 4103/4134/1
f 4156/4119/1 4131/4137/1 4132/4135/1
f 4156/4119/1 4130/4138/1 4131/4137/1
f 4105/4139/1 4158/4118/1 4104/4136/1
f 4156/4119/1 4129/4140/1 4130/4138/1
f 4105/4139/1 4157/4141/1 4158/4118/1
f 4105/4139/1 4156/4119/1 4157/4141/1
f 4105/4139/1 4129/4140/1 4156/4119/1
f 4106/4142/1 4129/4140/1 4105/4139/1
f 4106/4142/1 4128/4143/1 4129/4140/1
f 4106/4142/1 4127/4144/1 4128/4143/1
f 4106/4142/1 4126/4145/1 4127/4144/1
f 4106/4142/1 4125/4146/1 4126/4145/1
f 4106/4142/1 4124/4147/1 4125/4146/1
f 4106/4142/1 4123/4148/1 4124/4147/1
f 4107/4149/1 4123/4148/1 4106/4142/1
f 4107/4149/1 4122/4150/1 4123/4148/1
f 4107/4149/1 4121/4151/1 4122/4150/1
f 4107/4149/1 4120/4152/1 4121/4151/1
f 4107/4149/1 4119/4153/1 4120/4152/1
f 4107/4149/1 4118/4154/1 4119/4153/1
f 4107/4149/1 4117/4155/1 4118/4154/1
f 4107/4149/1 4116/4156/1 4117/4155/1
f 4108/4157/1 4116/4156/1 4107/4149/1
f 4108/4157/1 4115/4158/1 4116/4156/1
f 4108/4157/1 4114/4159/1 4115/4158/1
f 4109/4160/1 4114/4159/1 4108/4157/1
f 4110/4161/1 4114/4159/1 4109/4160/1
f 4110/4161/1 4113/4162/1 4114/4159/1
f 4111/4163/1 4113/4162/1 4110/4161/1
f 4112/4164/1 4113/4162/1 4111/4163/1
f 4173/4165/1 4179/4166/1 4180/4167/1
f 4173/4165/1 4178/4168/1 4179/4166/1
f 4173/4165/1 4177/4169/1 4178/4168/1
f 4174/4170/1 4177/4169/1 4173/4165/1
f 4174/4170/1 4176/4171/1 4177/4169/1
f 4175/4172/1 4176/4171/1 4174/4170/1
f 4181/4173/1 4187/4174/1 4188/4175/1
f 4181/4173/1 4186/4176/1 4187/4174/1
f 4181/4173/1 4185/4177/1 4186/4176/1
f 4181/4173/1 4184/4178/1 4185/4177/1
f 4182/4179/1 4184/4178/1 4181/4173/1
f 4182/4179/1 4183/4180/1 4184/4178/1
f 4189/4181/1 4211/4182/1 4212/4183/1
f 4189/4181/1 4210/4184/1 4211/4182/1
f 4189/4181/1 4192/4185/1 4210/4184/1
f 4192/4185/1 4209/4186/1 4210/4184/1
f 4190/4187/1 4192/4185/1 4189/4181/1
f 4191/4188/2 4192/4185/2 4190/4187/2
f 4193/4189/1 4209/4186/1 4192/4185/1
f 4194/4190/1 4209/4186/1 4193/4189/1
f 4194/4190/1 4208/4191/1 4209/4186/1
f 4197/4192/1 4195/4193/1 4196/4194/1
f 4197/4192/1 4194/4190/1 4195/4193/1
f 4197/4192/1 4206/4195/1 4194/4190/1
f 4206/4195/1 4208/4191/1 4194/4190/1
f 4197/4192/1 4205/4196/1 4206/4195/1
f 4207/4197/1 4208/4191/1 4206/4195/1
f 4197/4192/1 4204/4198/1 4205/4196/1
f 4198/4199/1 4204/4198/1 4197/4192/1
f 4198/4199/1 4203/4200/1 4204/4198/1
f 4198/4199/1 4202/4201/1 4203/4200/1
f 4198/4199/1 4201/4202/1 4202/4201/1
f 4198/4199/1 4200/4203/1 4201/4202/1
f 4199/4204/1 4200/4203/1 4198/4199/1
f 4213/4205/1 4219/4206/1 4220/4207/1
f 4213/4205/1 4226/4208/1 4219/4206/1
f 4226/4208/1 4218/4209/1 4219/4206/1
f 4226/4208/1 4227/4210/1 4218/4209/1
f 4227/4210/1 4228/4211/1 4218/4209/1
f 4228/4211/1 4217/4212/1 4218/4209/1
f 4213/4205/1 4225/4213/1 4226/4208/1
f 4221/4214/1 4217/4212/1 4228/4211/1
f 4214/4215/1 4225/4213/1 4213/4205/1
f 4221/4214/1 4216/4216/1 4217/4212/1
f 4214/4215/1 4224/4217/1 4225/4213/1
f 4222/4218/1 4216/4216/1 4221/4214/1
f 4214/4215/1 4223/4219/1 4224/4217/1
f 4214/4215/1 4222/4218/1 4223/4219/1
f 4214/4215/1 4216/4216/1 4222/4218/1
f 4215/4220/1 4216/4216/1 4214/4215/1
f 4229/4221/1 4243/4222/1 4244/4223/1
f 4229/4221/1 4242/4224/1 4243/4222/1
f 4229/4221/1 4241/4225/1 4242/4224/1
f 4230/4226/1 4241/4225/1 4229/4221/1
f 4230/4226/1 4240/4227/1 4241/4225/1
f 4233/4228/1 4231/4229/1 4232/4230/1
f 4233/4228/1 4230/4226/1 4231/4229/1
f 4233/4228/1 4240/4227/1 4230/4226/1
f 4233/4228/1 4239/4231/1 4240/4227/1
f 4233/4228/1 4238/4232/1 4239/4231/1
f 4233/4228/1 4237/4233/1 4238/4232/1
f 4234/4234/1 4237/4233/1 4233/4228/1
f 4234/4234/1 4236/4235/1 4237/4233/1
f 4235/4236/1 4236/4235/1 4234/4234/1
f 1/4237/1 7/4238/1 8/4239/1
f 1/4237/1 6/4240/1 7/4238/1
f 1/4237/1 5/4241/1 6/4240/1
f 2/4242/1 5/4241/1 1/4237/1
f 2/4242/1 3/4243/1 5/4241/1
f 3/4243/1 4/4244/1 5/4241/1
o Curve.023
v 0.224666 0.000000 0.279998
v 0.224703 0.000000 0.281715
v 0.226420 0.000000 0.281752
v 0.228125 0.000000 0.281790
v 0.228125 0.000000 0.280035
v 0.228125 0.000000 0.278293
v 0.226383 0.000000 0.278293
v 0.224628 0.000000 0.278293
v 0.274883 0.000000 0.224627
v 0.274871 0.000000 0.224677
v 0.274859 0.000000 0.224802
v 0.274848 0.000000 0.224997
v 0.274838 0.000000 0.225258
v 0.274829 0.000000 0.225578
v 0.274821 0.000000 0.225953
v 0.274814 0.000000 0.226376
v 0.274807 0.000000 0.226842
v 0.274803 0.000000 0.227347
v 0.274799 0.000000 0.227883
v 0.274797 0.000000 0.228447
v 0.274796 0.000000 0.229032
v 0.274796 0.000000 0.229117
v 0.274796 0.000000 0.229353
v 0.274796 0.000000 0.229709
v 0.274796 0.000000 0.230155
v 0.274796 0.000000 0.230661
v 0.274796 0.000000 0.231197
v 0.274796 0.000000 0.231734
v 0.274796 0.000000 0.232240
v 0.274796 0.000000 0.232686
v 0.274796 0.000000 0.233042
v 0.274796 0.000000 0.233277
v 0.274796 0.000000 0.233362
v 0.273091 0.000000 0.233400
v 0.271373 0.000000 0.233437
v 0.271336 0.000000 0.235639
v 0.271311 0.000000 0.237854
v 0.273054 0.000000 0.237854
v 0.274796 0.000000 0.237854
v 0.274796 0.000000 0.244324
v 0.274796 0.000000 0.250795
v 0.276725 0.000000 0.250795
v 0.278654 0.000000 0.250795
v 0.278654 0.000000 0.237667
v 0.278654 0.000000 0.224540
v 0.276812 0.000000 0.224540
v 0.276560 0.000000 0.224541
v 0.276317 0.000000 0.224543
v 0.276085 0.000000 0.224547
v 0.275867 0.000000 0.224552
v 0.275664 0.000000 0.224558
v 0.275479 0.000000 0.224565
v 0.275314 0.000000 0.224573
v 0.275173 0.000000 0.224583
v 0.275057 0.000000 0.224593
v 0.274968 0.000000 0.224604
v 0.274909 0.000000 0.224615
v 0.258953 0.000000 0.226992
v 0.258941 0.000000 0.227016
v 0.258929 0.000000 0.227068
v 0.258918 0.000000 0.227145
v 0.258908 0.000000 0.227247
v 0.258899 0.000000 0.227371
v 0.258891 0.000000 0.227514
v 0.258883 0.000000 0.227675
v 0.258877 0.000000 0.227851
v 0.258872 0.000000 0.228041
v 0.258869 0.000000 0.228243
v 0.258866 0.000000 0.228453
v 0.258866 0.000000 0.228671
v 0.258866 0.000000 0.228703
v 0.258866 0.000000 0.228789
v 0.258866 0.000000 0.228920
v 0.258866 0.000000 0.229084
v 0.258866 0.000000 0.229270
v 0.258866 0.000000 0.229468
v 0.258866 0.000000 0.229665
v 0.258866 0.000000 0.229851
v 0.258866 0.000000 0.230015
v 0.258866 0.000000 0.230146
v 0.258866 0.000000 0.230233
v 0.258866 0.000000 0.230264
v 0.261367 0.000000 0.230264
v 0.263881 0.000000 0.230264
v 0.263807 0.000000 0.232653
v 0.263781 0.000000 0.233375
v 0.263746 0.000000 0.234034
v 0.263701 0.000000 0.234637
v 0.263644 0.000000 0.235193
v 0.263574 0.000000 0.235709
v 0.263488 0.000000 0.236191
v 0.263385 0.000000 0.236649
v 0.263264 0.000000 0.237089
v 0.263122 0.000000 0.237519
v 0.262959 0.000000 0.237947
v 0.262773 0.000000 0.238379
v 0.262562 0.000000 0.238825
v 0.262420 0.000000 0.239094
v 0.262252 0.000000 0.239369
v 0.262061 0.000000 0.239647
v 0.261851 0.000000 0.239924
v 0.261626 0.000000 0.240195
v 0.261389 0.000000 0.240458
v 0.261145 0.000000 0.240707
v 0.260896 0.000000 0.240940
v 0.260647 0.000000 0.241152
v 0.260402 0.000000 0.241339
v 0.260164 0.000000 0.241498
v 0.259936 0.000000 0.241624
v 0.259922 0.000000 0.241631
v 0.259884 0.000000 0.241650
v 0.259827 0.000000 0.241679
v 0.259755 0.000000 0.241715
v 0.259674 0.000000 0.241755
v 0.259588 0.000000 0.241799
v 0.259501 0.000000 0.241842
v 0.259420 0.000000 0.241882
v 0.259348 0.000000 0.241918
v 0.259291 0.000000 0.241947
v 0.259253 0.000000 0.241966
v 0.259239 0.000000 0.241973
v 0.259239 0.000000 0.243764
v 0.259240 0.000000 0.244009
v 0.259243 0.000000 0.244244
v 0.259248 0.000000 0.244466
v 0.259254 0.000000 0.244675
v 0.259261 0.000000 0.244867
v 0.259270 0.000000 0.245040
v 0.259280 0.000000 0.245192
v 0.259291 0.000000 0.245322
v 0.259302 0.000000 0.245427
v 0.259314 0.000000 0.245504
v 0.259326 0.000000 0.245552
v 0.259339 0.000000 0.245569
v 0.259429 0.000000 0.245558
v 0.259560 0.000000 0.245526
v 0.259724 0.000000 0.245477
v 0.259916 0.000000 0.245412
v 0.260130 0.000000 0.245334
v 0.260359 0.000000 0.245245
v 0.260598 0.000000 0.245148
v 0.260839 0.000000 0.245045
v 0.261078 0.000000 0.244939
v 0.261308 0.000000 0.244831
v 0.261523 0.000000 0.244725
v 0.261716 0.000000 0.244623
v 0.262155 0.000000 0.244370
v 0.262574 0.000000 0.244104
v 0.262975 0.000000 0.243824
v 0.263354 0.000000 0.243533
v 0.263713 0.000000 0.243230
v 0.264049 0.000000 0.242917
v 0.264363 0.000000 0.242594
v 0.264653 0.000000 0.242263
v 0.264919 0.000000 0.241923
v 0.265159 0.000000 0.241577
v 0.265374 0.000000 0.241224
v 0.265561 0.000000 0.240865
v 0.265570 0.000000 0.240847
v 0.265594 0.000000 0.240798
v 0.265629 0.000000 0.240723
v 0.265674 0.000000 0.240630
v 0.265725 0.000000 0.240524
v 0.265779 0.000000 0.240411
v 0.265833 0.000000 0.240299
v 0.265884 0.000000 0.240192
v 0.265929 0.000000 0.240099
v 0.265965 0.000000 0.240024
v 0.265988 0.000000 0.239975
v 0.265997 0.000000 0.239957
v 0.266445 0.000000 0.240865
v 0.266595 0.000000 0.241148
v 0.266768 0.000000 0.241434
v 0.266963 0.000000 0.241722
v 0.267179 0.000000 0.242010
v 0.267412 0.000000 0.242295
v 0.267662 0.000000 0.242576
v 0.267925 0.000000 0.242851
v 0.268200 0.000000 0.243118
v 0.268486 0.000000 0.243374
v 0.268779 0.000000 0.243619
v 0.269079 0.000000 0.243849
v 0.269382 0.000000 0.244063
v 0.269632 0.000000 0.244222
v 0.269899 0.000000 0.244381
v 0.270180 0.000000 0.244537
v 0.270469 0.000000 0.244689
v 0.270763 0.000000 0.244834
v 0.271058 0.000000 0.244971
v 0.271348 0.000000 0.245098
v 0.271631 0.000000 0.245212
v 0.271901 0.000000 0.245312
v 0.272154 0.000000 0.245396
v 0.272386 0.000000 0.245461
v 0.272593 0.000000 0.245506
v 0.272602 0.000000 0.245508
v 0.272627 0.000000 0.245513
v 0.272665 0.000000 0.245520
v 0.272712 0.000000 0.245529
v 0.272766 0.000000 0.245539
v 0.272823 0.000000 0.245550
v 0.272880 0.000000 0.245561
v 0.272934 0.000000 0.245571
v 0.272982 0.000000 0.245580
v 0.273019 0.000000 0.245587
v 0.273045 0.000000 0.245592
v 0.273054 0.000000 0.245594
v 0.273054 0.000000 0.243814
v 0.273054 0.000000 0.242022
v 0.272269 0.000000 0.241624
v 0.271640 0.000000 0.241242
v 0.271061 0.000000 0.240773
v 0.270531 0.000000 0.240221
v 0.270053 0.000000 0.239588
v 0.269627 0.000000 0.238877
v 0.269255 0.000000 0.238089
v 0.268937 0.000000 0.237227
v 0.268674 0.000000 0.236294
v 0.268468 0.000000 0.235292
v 0.268320 0.000000 0.234223
v 0.268230 0.000000 0.233089
v 0.268200 0.000000 0.231894
v 0.268200 0.000000 0.231862
v 0.268200 0.000000 0.231773
v 0.268200 0.000000 0.231639
v 0.268200 0.000000 0.231471
v 0.268200 0.000000 0.231281
v 0.268200 0.000000 0.231079
v 0.268200 0.000000 0.230877
v 0.268200 0.000000 0.230687
v 0.268200 0.000000 0.230519
v 0.268200 0.000000 0.230385
v 0.268200 0.000000 0.230296
v 0.268200 0.000000 0.230264
v 0.270813 0.000000 0.230264
v 0.273439 0.000000 0.230264
v 0.273402 0.000000 0.228609
v 0.273365 0.000000 0.226967
v 0.266196 0.000000 0.226929
v 0.265228 0.000000 0.226927
v 0.264297 0.000000 0.226926
v 0.263410 0.000000 0.226927
v 0.262579 0.000000 0.226929
v 0.261810 0.000000 0.226932
v 0.261114 0.000000 0.226937
v 0.260498 0.000000 0.226943
v 0.259973 0.000000 0.226951
v 0.259547 0.000000 0.226959
v 0.259229 0.000000 0.226969
v 0.259028 0.000000 0.226980
v 0.052806 0.000000 0.224478
v 0.052477 0.000000 0.224577
v 0.052160 0.000000 0.224691
v 0.051858 0.000000 0.224822
v 0.051569 0.000000 0.224967
v 0.051295 0.000000 0.225128
v 0.051036 0.000000 0.225304
v 0.050791 0.000000 0.225494
v 0.050562 0.000000 0.225697
v 0.050349 0.000000 0.225915
v 0.050152 0.000000 0.226145
v 0.049971 0.000000 0.226388
v 0.049807 0.000000 0.226643
v 0.049730 0.000000 0.226774
v 0.049665 0.000000 0.226893
v 0.049612 0.000000 0.227008
v 0.049570 0.000000 0.227130
v 0.049537 0.000000 0.227266
v 0.049513 0.000000 0.227427
v 0.049495 0.000000 0.227621
v 0.049483 0.000000 0.227857
v 0.049476 0.000000 0.228144
v 0.049472 0.000000 0.228492
v 0.049471 0.000000 0.228910
v 0.049471 0.000000 0.229405
v 0.049471 0.000000 0.229448
v 0.049471 0.000000 0.229567
v 0.049471 0.000000 0.229746
v 0.049471 0.000000 0.229970
v 0.049471 0.000000 0.230225
v 0.049471 0.000000 0.230494
v 0.049471 0.000000 0.230764
v 0.049471 0.000000 0.231018
v 0.049471 0.000000 0.231243
v 0.049471 0.000000 0.231422
v 0.049471 0.000000 0.231540
v 0.049471 0.000000 0.231583
v 0.049832 0.000000 0.232130
v 0.049884 0.000000 0.232207
v 0.049941 0.000000 0.232288
v 0.050003 0.000000 0.232370
v 0.050067 0.000000 0.232454
v 0.050133 0.000000 0.232539
v 0.050200 0.000000 0.232622
v 0.050268 0.000000 0.232703
v 0.050335 0.000000 0.232781
v 0.050400 0.000000 0.232855
v 0.050463 0.000000 0.232923
v 0.050523 0.000000 0.232985
v 0.050578 0.000000 0.233039
v 0.050699 0.000000 0.233138
v 0.050860 0.000000 0.233253
v 0.051055 0.000000 0.233380
v 0.051274 0.000000 0.233512
v 0.051508 0.000000 0.233646
v 0.051750 0.000000 0.233778
v 0.051989 0.000000 0.233901
v 0.052218 0.000000 0.234013
v 0.052428 0.000000 0.234108
v 0.052610 0.000000 0.234181
v 0.052756 0.000000 0.234229
v 0.052856 0.000000 0.234246
v 0.052883 0.000000 0.234251
v 0.052907 0.000000 0.234267
v 0.052928 0.000000 0.234294
v 0.052948 0.000000 0.234333
v 0.052964 0.000000 0.234384
v 0.052979 0.000000 0.234448
v 0.052991 0.000000 0.234524
v 0.053001 0.000000 0.234614
v 0.053008 0.000000 0.234718
v 0.053013 0.000000 0.234836
v 0.053017 0.000000 0.234969
v 0.053018 0.000000 0.235117
v 0.053018 0.000000 0.235134
v 0.053018 0.000000 0.235181
v 0.053018 0.000000 0.235253
v 0.053018 0.000000 0.235343
v 0.053018 0.000000 0.235444
v 0.053018 0.000000 0.235552
v 0.053018 0.000000 0.235660
v 0.053018 0.000000 0.235762
v 0.053018 0.000000 0.235852
v 0.053018 0.000000 0.235923
v 0.053018 0.000000 0.235971
v 0.053018 0.000000 0.235988
v 0.049720 0.000000 0.235988
v 0.046422 0.000000 0.235988
v 0.046422 0.000000 0.237730
v 0.046422 0.000000 0.239472
v 0.058618 0.000000 0.239472
v 0.070815 0.000000 0.239472
v 0.070815 0.000000 0.237730
v 0.070815 0.000000 0.235988
v 0.067952 0.000000 0.235988
v 0.065090 0.000000 0.235988
v 0.065090 0.000000 0.235079
v 0.065090 0.000000 0.234183
v 0.065812 0.000000 0.233848
v 0.066054 0.000000 0.233728
v 0.066280 0.000000 0.233606
v 0.066488 0.000000 0.233480
v 0.066681 0.000000 0.233349
v 0.066860 0.000000 0.233213
v 0.067025 0.000000 0.233070
v 0.067178 0.000000 0.232920
v 0.067319 0.000000 0.232762
v 0.067450 0.000000 0.232595
v 0.067571 0.000000 0.232418
v 0.067685 0.000000 0.232230
v 0.067790 0.000000 0.232031
v 0.067868 0.000000 0.231871
v 0.067933 0.000000 0.231727
v 0.067987 0.000000 0.231593
v 0.068030 0.000000 0.231459
v 0.068064 0.000000 0.231320
v 0.068091 0.000000 0.231166
v 0.068110 0.000000 0.230991
v 0.068123 0.000000 0.230786
v 0.068132 0.000000 0.230544
v 0.068136 0.000000 0.230257
v 0.068138 0.000000 0.229917
v 0.068139 0.000000 0.229517
v 0.068138 0.000000 0.229141
v 0.068135 0.000000 0.228815
v 0.068129 0.000000 0.228534
v 0.068120 0.000000 0.228293
v 0.068106 0.000000 0.228085
v 0.068088 0.000000 0.227904
v 0.068064 0.000000 0.227746
v 0.068034 0.000000 0.227602
v 0.067997 0.000000 0.227468
v 0.067953 0.000000 0.227338
v 0.067901 0.000000 0.227206
v 0.067840 0.000000 0.227066
v 0.067746 0.000000 0.226877
v 0.067627 0.000000 0.226680
v 0.067485 0.000000 0.226478
v 0.067325 0.000000 0.226274
v 0.067150 0.000000 0.226070
v 0.066961 0.000000 0.225870
v 0.066763 0.000000 0.225677
v 0.066559 0.000000 0.225495
v 0.066351 0.000000 0.225325
v 0.066143 0.000000 0.225172
v 0.065937 0.000000 0.225038
v 0.065737 0.000000 0.224926
v 0.065456 0.000000 0.224788
v 0.065186 0.000000 0.224672
v 0.064906 0.000000 0.224575
v 0.064597 0.000000 0.224497
v 0.064237 0.000000 0.224434
v 0.063806 0.000000 0.224386
v 0.063286 0.000000 0.224351
v 0.062654 0.000000 0.224327
v 0.061892 0.000000 0.224312
v 0.060979 0.000000 0.224304
v 0.059894 0.000000 0.224302
v 0.058618 0.000000 0.224304
v 0.057666 0.000000 0.224305
v 0.056823 0.000000 0.224307
v 0.056081 0.000000 0.224312
v 0.055433 0.000000 0.224319
v 0.054872 0.000000 0.224328
v 0.054391 0.000000 0.224340
v 0.053984 0.000000 0.224354
v 0.053644 0.000000 0.224372
v 0.053362 0.000000 0.224393
v 0.053134 0.000000 0.224418
v 0.052951 0.000000 0.224446
v 0.063447 0.000000 0.227775
v 0.063585 0.000000 0.227868
v 0.063712 0.000000 0.227970
v 0.063829 0.000000 0.228081
v 0.063934 0.000000 0.228202
v 0.064028 0.000000 0.228331
v 0.064110 0.000000 0.228468
v 0.064180 0.000000 0.228612
v 0.064238 0.000000 0.228763
v 0.064284 0.000000 0.228922
v 0.064316 0.000000 0.229086
v 0.064336 0.000000 0.229255
v 0.064343 0.000000 0.229430
v 0.064338 0.000000 0.229603
v 0.064324 0.000000 0.229766
v 0.064300 0.000000 0.229921
v 0.064266 0.000000 0.230069
v 0.064221 0.000000 0.230209
v 0.064166 0.000000 0.230343
v 0.064100 0.000000 0.230472
v 0.064022 0.000000 0.230596
v 0.063934 0.000000 0.230716
v 0.063833 0.000000 0.230833
v 0.063721 0.000000 0.230948
v 0.063596 0.000000 0.231060
v 0.063589 0.000000 0.231067
v 0.063567 0.000000 0.231084
v 0.063534 0.000000 0.231111
v 0.063493 0.000000 0.231144
v 0.063447 0.000000 0.231182
v 0.063397 0.000000 0.231222
v 0.063348 0.000000 0.231262
v 0.063301 0.000000 0.231300
v 0.063260 0.000000 0.231333
v 0.063228 0.000000 0.231360
v 0.063206 0.000000 0.231377
v 0.063198 0.000000 0.231384
v 0.058830 0.000000 0.231384
v 0.057867 0.000000 0.231383
v 0.057054 0.000000 0.231382
v 0.056376 0.000000 0.231378
v 0.055820 0.000000 0.231372
v 0.055371 0.000000 0.231362
v 0.055015 0.000000 0.231348
v 0.054738 0.000000 0.231329
v 0.054525 0.000000 0.231305
v 0.054363 0.000000 0.231274
v 0.054238 0.000000 0.231235
v 0.054134 0.000000 0.231190
v 0.054038 0.000000 0.231135
v 0.053924 0.000000 0.231053
v 0.053813 0.000000 0.230952
v 0.053706 0.000000 0.230834
v 0.053604 0.000000 0.230702
v 0.053509 0.000000 0.230558
v 0.053422 0.000000 0.230406
v 0.053345 0.000000 0.230246
v 0.053278 0.000000 0.230083
v 0.053223 0.000000 0.229919
v 0.053181 0.000000 0.229756
v 0.053154 0.000000 0.229596
v 0.053142 0.000000 0.229443
v 0.053152 0.000000 0.229294
v 0.053181 0.000000 0.229138
v 0.053228 0.000000 0.228976
v 0.053290 0.000000 0.228811
v 0.053365 0.000000 0.228647
v 0.053453 0.000000 0.228486
v 0.053552 0.000000 0.228332
v 0.053658 0.000000 0.228187
v 0.053772 0.000000 0.228055
v 0.053891 0.000000 0.227938
v 0.054014 0.000000 0.227840
v 0.054138 0.000000 0.227763
v 0.054239 0.000000 0.227714
v 0.054352 0.000000 0.227672
v 0.054489 0.000000 0.227637
v 0.054662 0.000000 0.227608
v 0.054883 0.000000 0.227584
v 0.055165 0.000000 0.227565
v 0.055519 0.000000 0.227551
v 0.055958 0.000000 0.227541
v 0.056493 0.000000 0.227534
v 0.057139 0.000000 0.227529
v 0.057905 0.000000 0.227527
v 0.058805 0.000000 0.227527
v 0.059731 0.000000 0.227527
v 0.060513 0.000000 0.227529
v 0.061167 0.000000 0.227532
v 0.061704 0.000000 0.227539
v 0.062138 0.000000 0.227548
v 0.062484 0.000000 0.227562
v 0.062754 0.000000 0.227581
v 0.062963 0.000000 0.227606
v 0.063122 0.000000 0.227637
v 0.063247 0.000000 0.227675
v 0.063351 0.000000 0.227721
v 0.060983 0.000000 0.235241
v 0.060983 0.000000 0.235988
v 0.059054 0.000000 0.235988
v 0.057125 0.000000 0.235988
v 0.057125 0.000000 0.235241
v 0.057125 0.000000 0.234495
v 0.059054 0.000000 0.234495
v 0.060983 0.000000 0.234495
v 0.075668 0.000000 0.226220
v 0.075668 0.000000 0.227900
v 0.078780 0.000000 0.227900
v 0.079335 0.000000 0.227901
v 0.079827 0.000000 0.227903
v 0.080258 0.000000 0.227907
v 0.080632 0.000000 0.227914
v 0.080951 0.000000 0.227922
v 0.081218 0.000000 0.227933
v 0.081435 0.000000 0.227945
v 0.081607 0.000000 0.227961
v 0.081736 0.000000 0.227979
v 0.081824 0.000000 0.227999
v 0.081875 0.000000 0.228023
v 0.081891 0.000000 0.228049
v 0.081884 0.000000 0.228078
v 0.081861 0.000000 0.228120
v 0.081826 0.000000 0.228175
v 0.081777 0.000000 0.228240
v 0.081717 0.000000 0.228315
v 0.081647 0.000000 0.228399
v 0.081567 0.000000 0.228491
v 0.081478 0.000000 0.228588
v 0.081382 0.000000 0.228691
v 0.081279 0.000000 0.228798
v 0.081170 0.000000 0.228908
v 0.081057 0.000000 0.229020
v 0.080800 0.000000 0.229256
v 0.080521 0.000000 0.229491
v 0.080221 0.000000 0.229724
v 0.079900 0.000000 0.229955
v 0.079560 0.000000 0.230184
v 0.079201 0.000000 0.230409
v 0.078825 0.000000 0.230630
v 0.078431 0.000000 0.230847
v 0.078021 0.000000 0.231058
v 0.077595 0.000000 0.231264
v 0.077155 0.000000 0.231464
v 0.076701 0.000000 0.231658
v 0.076676 0.000000 0.231668
v 0.076606 0.000000 0.231696
v 0.076501 0.000000 0.231739
v 0.076369 0.000000 0.231793
v 0.076219 0.000000 0.231854
v 0.076060 0.000000 0.231919
v 0.075902 0.000000 0.231984
v 0.075752 0.000000 0.232045
v 0.075620 0.000000 0.232099
v 0.075514 0.000000 0.232141
v 0.075445 0.000000 0.232170
v 0.075420 0.000000 0.232180
v 0.075420 0.000000 0.233835
v 0.075420 0.000000 0.234058
v 0.075422 0.000000 0.234273
v 0.075424 0.000000 0.234477
v 0.075427 0.000000 0.234668
v 0.075432 0.000000 0.234844
v 0.075437 0.000000 0.235003
v 0.075442 0.000000 0.235143
v 0.075449 0.000000 0.235263
v 0.075456 0.000000 0.235359
v 0.075464 0.000000 0.235430
v 0.075473 0.000000 0.235475
v 0.075482 0.000000 0.235490
v 0.075503 0.000000 0.235485
v 0.075552 0.000000 0.235469
v 0.075626 0.000000 0.235444
v 0.075725 0.000000 0.235411
v 0.075846 0.000000 0.235369
v 0.075986 0.000000 0.235320
v 0.076144 0.000000 0.235265
v 0.076317 0.000000 0.235204
v 0.076504 0.000000 0.235138
v 0.076702 0.000000 0.235068
v 0.076910 0.000000 0.234994
v 0.077125 0.000000 0.234918
v 0.077852 0.000000 0.234643
v 0.078568 0.000000 0.234350
v 0.079268 0.000000 0.234040
v 0.079949 0.000000 0.233716
v 0.080606 0.000000 0.233381
v 0.081235 0.000000 0.233037
v 0.081831 0.000000 0.232687
v 0.082389 0.000000 0.232332
v 0.082907 0.000000 0.231976
v 0.083379 0.000000 0.231621
v 0.083801 0.000000 0.231269
v 0.084169 0.000000 0.230923
v 0.084180 0.000000 0.230911
v 0.084212 0.000000 0.230878
v 0.084260 0.000000 0.230828
v 0.084320 0.000000 0.230765
v 0.084389 0.000000 0.230694
v 0.084461 0.000000 0.230619
v 0.084534 0.000000 0.230543
v 0.084602 0.000000 0.230472
v 0.084662 0.000000 0.230409
v 0.084710 0.000000 0.230359
v 0.084742 0.000000 0.230326
v 0.084754 0.000000 0.230314
v 0.085550 0.000000 0.231098
v 0.086009 0.000000 0.231513
v 0.086521 0.000000 0.231924
v 0.087081 0.000000 0.232327
v 0.087683 0.000000 0.232718
v 0.088320 0.000000 0.233095
v 0.088987 0.000000 0.233454
v 0.089676 0.000000 0.233792
v 0.090383 0.000000 0.234106
v 0.091100 0.000000 0.234393
v 0.091822 0.000000 0.234648
v 0.092542 0.000000 0.234870
v 0.093254 0.000000 0.235054
v 0.093268 0.000000 0.235058
v 0.093307 0.000000 0.235066
v 0.093367 0.000000 0.235080
v 0.093441 0.000000 0.235096
v 0.093525 0.000000 0.235115
v 0.093615 0.000000 0.235135
v 0.093704 0.000000 0.235155
v 0.093789 0.000000 0.235174
v 0.093863 0.000000 0.235191
v 0.093922 0.000000 0.235204
v 0.093961 0.000000 0.235213
v 0.093976 0.000000 0.235216
v 0.093938 0.000000 0.233723
v 0.093901 0.000000 0.232230
v 0.093042 0.000000 0.231931
v 0.092752 0.000000 0.231825
v 0.092445 0.000000 0.231700
v 0.092124 0.000000 0.231560
v 0.091795 0.000000 0.231405
v 0.091463 0.000000 0.231240
v 0.091130 0.000000 0.231067
v 0.090803 0.000000 0.230887
v 0.090485 0.000000 0.230703
v 0.090181 0.000000 0.230518
v 0.089895 0.000000 0.230333
v 0.089632 0.000000 0.230153
v 0.089396 0.000000 0.229978
v 0.089191 0.000000 0.229815
v 0.088978 0.000000 0.229636
v 0.088762 0.000000 0.229445
v 0.088548 0.000000 0.229247
v 0.088341 0.000000 0.229048
v 0.088145 0.000000 0.228852
v 0.087966 0.000000 0.228664
v 0.087808 0.000000 0.228489
v 0.087677 0.000000 0.228333
v 0.087577 0.000000 0.228200
v 0.087514 0.000000 0.228096
v 0.087492 0.000000 0.228024
v 0.087514 0.000000 0.228004
v 0.087583 0.000000 0.227985
v 0.087697 0.000000 0.227968
v 0.087857 0.000000 0.227953
v 0.088063 0.000000 0.227940
v 0.088315 0.000000 0.227929
v 0.088612 0.000000 0.227920
v 0.088956 0.000000 0.227913
v 0.089345 0.000000 0.227907
v 0.089781 0.000000 0.227903
v 0.090262 0.000000 0.227901
v 0.090790 0.000000 0.227900
v 0.090855 0.000000 0.227900
v 0.091034 0.000000 0.227900
v 0.091305 0.000000 0.227900
v 0.091645 0.000000 0.227900
v 0.092030 0.000000 0.227900
v 0.092439 0.000000 0.227900
v 0.092847 0.000000 0.227900
v 0.093233 0.000000 0.227900
v 0.093572 0.000000 0.227900
v 0.093843 0.000000 0.227900
v 0.094023 0.000000 0.227900
v 0.094088 0.000000 0.227900
v 0.094088 0.000000 0.226220
v 0.094088 0.000000 0.224540
v 0.084878 0.000000 0.224540
v 0.075668 0.000000 0.224540
v 0.115743 0.000000 0.232877
v 0.115743 0.000000 0.241214
v 0.117796 0.000000 0.241214
v 0.119850 0.000000 0.241214
v 0.119850 0.000000 0.232877
v 0.119850 0.000000 0.224540
v 0.117796 0.000000 0.224540
v 0.115743 0.000000 0.224540
v 0.280521 0.000000 0.237667
v 0.280521 0.000000 0.250795
v 0.282388 0.000000 0.250795
v 0.284254 0.000000 0.250795
v 0.284230 0.000000 0.237692
v 0.284192 0.000000 0.224602
v 0.282363 0.000000 0.224565
v 0.280521 0.000000 0.224528
v 0.367390 0.000000 0.228335
v 0.367390 0.000000 0.232130
v 0.365648 0.000000 0.232130
v 0.363905 0.000000 0.232130
v 0.363905 0.000000 0.234370
v 0.363905 0.000000 0.236610
v 0.365648 0.000000 0.236610
v 0.367390 0.000000 0.236610
v 0.367415 0.000000 0.243665
v 0.367452 0.000000 0.250732
v 0.369232 0.000000 0.250770
v 0.370999 0.000000 0.250807
v 0.370999 0.000000 0.237667
v 0.370999 0.000000 0.224540
v 0.369195 0.000000 0.224540
v 0.367390 0.000000 0.224540
v 0.356438 0.000000 0.228174
v 0.356416 0.000000 0.229620
v 0.356345 0.000000 0.230937
v 0.356222 0.000000 0.232136
v 0.356042 0.000000 0.233229
v 0.355800 0.000000 0.234228
v 0.355492 0.000000 0.235143
v 0.355114 0.000000 0.235987
v 0.354661 0.000000 0.236772
v 0.354128 0.000000 0.237509
v 0.353511 0.000000 0.238209
v 0.352806 0.000000 0.238884
v 0.352008 0.000000 0.239546
v 0.351987 0.000000 0.239563
v 0.351930 0.000000 0.239607
v 0.351844 0.000000 0.239675
v 0.351737 0.000000 0.239759
v 0.351614 0.000000 0.239855
v 0.351485 0.000000 0.239957
v 0.351355 0.000000 0.240059
v 0.351233 0.000000 0.240155
v 0.351126 0.000000 0.240239
v 0.351040 0.000000 0.240307
v 0.350983 0.000000 0.240351
v 0.350962 0.000000 0.240368
v 0.350962 0.000000 0.242421
v 0.350962 0.000000 0.244461
v 0.351248 0.000000 0.244374
v 0.351407 0.000000 0.244321
v 0.351599 0.000000 0.244244
v 0.351820 0.000000 0.244146
v 0.352065 0.000000 0.244029
v 0.352329 0.000000 0.243895
v 0.352608 0.000000 0.243749
v 0.352897 0.000000 0.243591
v 0.353191 0.000000 0.243426
v 0.353485 0.000000 0.243254
v 0.353775 0.000000 0.243080
v 0.354056 0.000000 0.242905
v 0.354322 0.000000 0.242732
v 0.354599 0.000000 0.242538
v 0.354911 0.000000 0.242299
v 0.355251 0.000000 0.242023
v 0.355609 0.000000 0.241718
v 0.355977 0.000000 0.241392
v 0.356345 0.000000 0.241055
v 0.356705 0.000000 0.240714
v 0.357048 0.000000 0.240378
v 0.357364 0.000000 0.240055
v 0.357646 0.000000 0.239753
v 0.357884 0.000000 0.239481
v 0.358069 0.000000 0.239248
v 0.358074 0.000000 0.239239
v 0.358091 0.000000 0.239216
v 0.358115 0.000000 0.239182
v 0.358146 0.000000 0.239138
v 0.358181 0.000000 0.239089
v 0.358218 0.000000 0.239036
v 0.358255 0.000000 0.238984
v 0.358290 0.000000 0.238934
v 0.358321 0.000000 0.238891
v 0.358345 0.000000 0.238856
v 0.358361 0.000000 0.238833
v 0.358367 0.000000 0.238825
v 0.359164 0.000000 0.239845
v 0.359468 0.000000 0.240208
v 0.359804 0.000000 0.240575
v 0.360171 0.000000 0.240941
v 0.360564 0.000000 0.241306
v 0.360980 0.000000 0.241666
v 0.361416 0.000000 0.242018
v 0.361869 0.000000 0.242360
v 0.362335 0.000000 0.242689
v 0.362811 0.000000 0.243003
v 0.363294 0.000000 0.243299
v 0.363780 0.000000 0.243575
v 0.364266 0.000000 0.243827
v 0.364397 0.000000 0.243892
v 0.364528 0.000000 0.243955
v 0.364657 0.000000 0.244017
v 0.364782 0.000000 0.244077
v 0.364903 0.000000 0.244133
v 0.365018 0.000000 0.244186
v 0.365125 0.000000 0.244234
v 0.365223 0.000000 0.244277
v 0.365311 0.000000 0.244315
v 0.365387 0.000000 0.244346
v 0.365450 0.000000 0.244370
v 0.365498 0.000000 0.244387
v 0.365504 0.000000 0.244388
v 0.365519 0.000000 0.244392
v 0.365541 0.000000 0.244398
v 0.365569 0.000000 0.244406
v 0.365601 0.000000 0.244415
v 0.365635 0.000000 0.244424
v 0.365669 0.000000 0.244433
v 0.365701 0.000000 0.244442
v 0.365730 0.000000 0.244450
v 0.365752 0.000000 0.244456
v 0.365767 0.000000 0.244460
v 0.365772 0.000000 0.244461
v 0.365772 0.000000 0.242421
v 0.365772 0.000000 0.240380
v 0.364764 0.000000 0.239609
v 0.364375 0.000000 0.239289
v 0.364003 0.000000 0.238954
v 0.363650 0.000000 0.238603
v 0.363316 0.000000 0.238236
v 0.363001 0.000000 0.237855
v 0.362704 0.000000 0.237459
v 0.362428 0.000000 0.237049
v 0.362172 0.000000 0.236626
v 0.361936 0.000000 0.236189
v 0.361721 0.000000 0.235740
v 0.361527 0.000000 0.235279
v 0.361354 0.000000 0.234806
v 0.361249 0.000000 0.234475
v 0.361156 0.000000 0.234150
v 0.361075 0.000000 0.233822
v 0.361004 0.000000 0.233483
v 0.360943 0.000000 0.233126
v 0.360891 0.000000 0.232742
v 0.360846 0.000000 0.232322
v 0.360808 0.000000 0.231860
v 0.360777 0.000000 0.231346
v 0.360750 0.000000 0.230773
v 0.360727 0.000000 0.230133
v 0.360707 0.000000 0.229418
v 0.360706 0.000000 0.229359
v 0.360701 0.000000 0.229195
v 0.360695 0.000000 0.228947
v 0.360688 0.000000 0.228637
v 0.360679 0.000000 0.228285
v 0.360670 0.000000 0.227912
v 0.360660 0.000000 0.227539
v 0.360652 0.000000 0.227187
v 0.360644 0.000000 0.226877
v 0.360638 0.000000 0.226630
v 0.360634 0.000000 0.226466
v 0.360632 0.000000 0.226407
v 0.358541 0.000000 0.226407
v 0.356438 0.000000 0.226407
v 0.356438 0.000000 0.226442
v 0.356438 0.000000 0.226538
v 0.356438 0.000000 0.226683
v 0.356438 0.000000 0.226865
v 0.356438 0.000000 0.227071
v 0.356438 0.000000 0.227290
v 0.356438 0.000000 0.227509
v 0.356438 0.000000 0.227716
v 0.356438 0.000000 0.227898
v 0.356438 0.000000 0.228043
v 0.356438 0.000000 0.228139
v 0.373240 0.000000 0.237667
v 0.373240 0.000000 0.250795
v 0.375044 0.000000 0.250795
v 0.376849 0.000000 0.250795
v 0.376849 0.000000 0.237667
v 0.376849 0.000000 0.224540
v 0.375044 0.000000 0.224540
v 0.373240 0.000000 0.224540
v 0.198132 0.000000 0.225847
v 0.198132 0.000000 0.227029
v 0.205039 0.000000 0.227029
v 0.211946 0.000000 0.227029
v 0.211946 0.000000 0.227713
v 0.211946 0.000000 0.228398
v 0.205039 0.000000 0.228398
v 0.198132 0.000000 0.228398
v 0.198132 0.000000 0.231695
v 0.198132 0.000000 0.234992
v 0.207068 0.000000 0.234967
v 0.215991 0.000000 0.234930
v 0.215991 0.000000 0.233561
v 0.215991 0.000000 0.232193
v 0.208997 0.000000 0.232155
v 0.201990 0.000000 0.232130
v 0.201990 0.000000 0.231633
v 0.201990 0.000000 0.231135
v 0.209022 0.000000 0.231135
v 0.216053 0.000000 0.231135
v 0.216053 0.000000 0.227900
v 0.216053 0.000000 0.224665
v 0.207093 0.000000 0.224665
v 0.198132 0.000000 0.224665
v 0.036963 0.000000 0.237854
v 0.036963 0.000000 0.250795
v 0.038954 0.000000 0.250795
v 0.040946 0.000000 0.250795
v 0.040946 0.000000 0.244076
v 0.040946 0.000000 0.237356
v 0.042750 0.000000 0.237356
v 0.044555 0.000000 0.237356
v 0.044555 0.000000 0.235366
v 0.044555 0.000000 0.233375
v 0.042750 0.000000 0.233375
v 0.040946 0.000000 0.233375
v 0.040946 0.000000 0.229144
v 0.040946 0.000000 0.224914
v 0.038954 0.000000 0.224914
v 0.036963 0.000000 0.224914
v 0.245922 0.000000 0.237730
v 0.245922 0.000000 0.250546
v 0.247727 0.000000 0.250546
v 0.249532 0.000000 0.250546
v 0.249532 0.000000 0.243764
v 0.249532 0.000000 0.236983
v 0.250714 0.000000 0.236983
v 0.251896 0.000000 0.236983
v 0.251921 0.000000 0.243727
v 0.251958 0.000000 0.250484
v 0.253614 0.000000 0.250521
v 0.255257 0.000000 0.250558
v 0.255257 0.000000 0.237730
v 0.255257 0.000000 0.224914
v 0.253576 0.000000 0.224914
v 0.251896 0.000000 0.224914
v 0.251896 0.000000 0.229144
v 0.251896 0.000000 0.233375
v 0.250714 0.000000 0.233375
v 0.249532 0.000000 0.233375
v 0.249532 0.000000 0.229144
v 0.249532 0.000000 0.224914
v 0.247727 0.000000 0.224914
v 0.245922 0.000000 0.224914
v 0.312381 0.000000 0.237730
v 0.312381 0.000000 0.250546
v 0.314186 0.000000 0.250546
v 0.315990 0.000000 0.250546
v 0.315990 0.000000 0.243764
v 0.315990 0.000000 0.236983
v 0.317173 0.000000 0.236983
v 0.318355 0.000000 0.236983
v 0.318380 0.000000 0.243727
v 0.318417 0.000000 0.250484
v 0.320073 0.000000 0.250521
v 0.321715 0.000000 0.250558
v 0.321715 0.000000 0.237730
v 0.321715 0.000000 0.224914
v 0.320035 0.000000 0.224914
v 0.318355 0.000000 0.224914
v 0.318355 0.000000 0.229144
v 0.318355 0.000000 0.233375
v 0.317173 0.000000 0.233375
v 0.315990 0.000000 0.233375
v 0.315990 0.000000 0.229144
v 0.315990 0.000000 0.224914
v 0.314186 0.000000 0.224914
v 0.312381 0.000000 0.224914
v 0.236178 0.000000 0.225113
v 0.236165 0.000000 0.225134
v 0.236154 0.000000 0.225174
v 0.236143 0.000000 0.225230
v 0.236133 0.000000 0.225301
v 0.236124 0.000000 0.225386
v 0.236115 0.000000 0.225483
v 0.236108 0.000000 0.225591
v 0.236102 0.000000 0.225708
v 0.236097 0.000000 0.225834
v 0.236093 0.000000 0.225966
v 0.236091 0.000000 0.226103
v 0.236091 0.000000 0.226245
v 0.236091 0.000000 0.226265
v 0.236091 0.000000 0.226321
v 0.236091 0.000000 0.226406
v 0.236091 0.000000 0.226513
v 0.236091 0.000000 0.226633
v 0.236091 0.000000 0.226761
v 0.236091 0.000000 0.226889
v 0.236091 0.000000 0.227010
v 0.236091 0.000000 0.227116
v 0.236091 0.000000 0.227201
v 0.236091 0.000000 0.227257
v 0.236091 0.000000 0.227278
v 0.233913 0.000000 0.227278
v 0.231735 0.000000 0.227278
v 0.231735 0.000000 0.228895
v 0.231735 0.000000 0.230513
v 0.232618 0.000000 0.230513
v 0.233514 0.000000 0.230513
v 0.232929 0.000000 0.231135
v 0.232693 0.000000 0.231395
v 0.232493 0.000000 0.231634
v 0.232325 0.000000 0.231864
v 0.232186 0.000000 0.232098
v 0.232074 0.000000 0.232347
v 0.231985 0.000000 0.232622
v 0.231916 0.000000 0.232936
v 0.231864 0.000000 0.233299
v 0.231825 0.000000 0.233725
v 0.231797 0.000000 0.234224
v 0.231776 0.000000 0.234808
v 0.231759 0.000000 0.235490
v 0.231754 0.000000 0.235861
v 0.231751 0.000000 0.236227
v 0.231750 0.000000 0.236585
v 0.231752 0.000000 0.236930
v 0.231755 0.000000 0.237261
v 0.231761 0.000000 0.237574
v 0.231769 0.000000 0.237867
v 0.231780 0.000000 0.238135
v 0.231793 0.000000 0.238377
v 0.231808 0.000000 0.238589
v 0.231826 0.000000 0.238768
v 0.231847 0.000000 0.238912
v 0.231925 0.000000 0.239325
v 0.232033 0.000000 0.239728
v 0.232171 0.000000 0.240120
v 0.232337 0.000000 0.240499
v 0.232529 0.000000 0.240862
v 0.232746 0.000000 0.241207
v 0.232986 0.000000 0.241533
v 0.233248 0.000000 0.241837
v 0.233530 0.000000 0.242117
v 0.233832 0.000000 0.242372
v 0.234150 0.000000 0.242598
v 0.234485 0.000000 0.242794
v 0.234498 0.000000 0.242801
v 0.234535 0.000000 0.242820
v 0.234590 0.000000 0.242848
v 0.234659 0.000000 0.242884
v 0.234738 0.000000 0.242925
v 0.234821 0.000000 0.242968
v 0.234904 0.000000 0.243011
v 0.234983 0.000000 0.243052
v 0.235052 0.000000 0.243088
v 0.235107 0.000000 0.243117
v 0.235144 0.000000 0.243136
v 0.235157 0.000000 0.243142
v 0.238144 0.000000 0.243142
v 0.241131 0.000000 0.243142
v 0.241803 0.000000 0.242769
v 0.242097 0.000000 0.242590
v 0.242373 0.000000 0.242382
v 0.242633 0.000000 0.242148
v 0.242874 0.000000 0.241889
v 0.243096 0.000000 0.241606
v 0.243298 0.000000 0.241301
v 0.243480 0.000000 0.240975
v 0.243640 0.000000 0.240630
v 0.243779 0.000000 0.240267
v 0.243895 0.000000 0.239888
v 0.243987 0.000000 0.239493
v 0.244056 0.000000 0.239086
v 0.244092 0.000000 0.238729
v 0.244122 0.000000 0.238287
v 0.244145 0.000000 0.237777
v 0.244161 0.000000 0.237218
v 0.244170 0.000000 0.236627
v 0.244172 0.000000 0.236023
v 0.244168 0.000000 0.235425
v 0.244158 0.000000 0.234849
v 0.244141 0.000000 0.234314
v 0.244119 0.000000 0.233839
v 0.244090 0.000000 0.233441
v 0.244056 0.000000 0.233138
v 0.244015 0.000000 0.232919
v 0.243968 0.000000 0.232709
v 0.243914 0.000000 0.232507
v 0.243852 0.000000 0.232313
v 0.243783 0.000000 0.232126
v 0.243706 0.000000 0.231945
v 0.243620 0.000000 0.231770
v 0.243525 0.000000 0.231599
v 0.243420 0.000000 0.231432
v 0.243306 0.000000 0.231269
v 0.243182 0.000000 0.231108
v 0.243048 0.000000 0.230948
v 0.243040 0.000000 0.230940
v 0.243019 0.000000 0.230916
v 0.242987 0.000000 0.230880
v 0.242948 0.000000 0.230835
v 0.242902 0.000000 0.230785
v 0.242855 0.000000 0.230731
v 0.242807 0.000000 0.230677
v 0.242762 0.000000 0.230626
v 0.242722 0.000000 0.230581
v 0.242690 0.000000 0.230545
v 0.242669 0.000000 0.230521
v 0.242662 0.000000 0.230513
v 0.243608 0.000000 0.230513
v 0.244553 0.000000 0.230513
v 0.244553 0.000000 0.228895
v 0.244553 0.000000 0.227278
v 0.242562 0.000000 0.227278
v 0.240583 0.000000 0.227278
v 0.240546 0.000000 0.226183
v 0.240509 0.000000 0.225100
v 0.238380 0.000000 0.225063
v 0.238095 0.000000 0.225061
v 0.237819 0.000000 0.225060
v 0.237555 0.000000 0.225060
v 0.237306 0.000000 0.225062
v 0.237075 0.000000 0.225065
v 0.236864 0.000000 0.225069
v 0.236676 0.000000 0.225074
v 0.236514 0.000000 0.225080
v 0.236380 0.000000 0.225087
v 0.236278 0.000000 0.225095
v 0.236209 0.000000 0.225104
v 0.239998 0.000000 0.233126
v 0.240167 0.000000 0.233286
v 0.240311 0.000000 0.233447
v 0.240434 0.000000 0.233616
v 0.240537 0.000000 0.233799
v 0.240620 0.000000 0.234003
v 0.240686 0.000000 0.234235
v 0.240736 0.000000 0.234501
v 0.240771 0.000000 0.234809
v 0.240793 0.000000 0.235164
v 0.240803 0.000000 0.235574
v 0.240803 0.000000 0.236046
v 0.240795 0.000000 0.236585
v 0.240794 0.000000 0.236624
v 0.240792 0.000000 0.236733
v 0.240789 0.000000 0.236898
v 0.240785 0.000000 0.237104
v 0.240781 0.000000 0.237339
v 0.240776 0.000000 0.237587
v 0.240772 0.000000 0.237835
v 0.240767 0.000000 0.238069
v 0.240763 0.000000 0.238275
v 0.240760 0.000000 0.238440
v 0.240758 0.000000 0.238549
v 0.240758 0.000000 0.238588
v 0.240397 0.000000 0.238962
v 0.240280 0.000000 0.239076
v 0.240157 0.000000 0.239177
v 0.240028 0.000000 0.239265
v 0.239890 0.000000 0.239342
v 0.239740 0.000000 0.239407
v 0.239577 0.000000 0.239461
v 0.239398 0.000000 0.239505
v 0.239203 0.000000 0.239539
v 0.238988 0.000000 0.239565
v 0.238751 0.000000 0.239583
v 0.238492 0.000000 0.239593
v 0.238206 0.000000 0.239596
v 0.237914 0.000000 0.239592
v 0.237646 0.000000 0.239581
v 0.237400 0.000000 0.239561
v 0.237174 0.000000 0.239532
v 0.236967 0.000000 0.239494
v 0.236777 0.000000 0.239445
v 0.236601 0.000000 0.239386
v 0.236438 0.000000 0.239316
v 0.236286 0.000000 0.239234
v 0.236144 0.000000 0.239140
v 0.236009 0.000000 0.239032
v 0.235879 0.000000 0.238912
v 0.235871 0.000000 0.238904
v 0.235849 0.000000 0.238881
v 0.235815 0.000000 0.238848
v 0.235772 0.000000 0.238805
v 0.235724 0.000000 0.238757
v 0.235674 0.000000 0.238706
v 0.235623 0.000000 0.238656
v 0.235575 0.000000 0.238608
v 0.235532 0.000000 0.238565
v 0.235499 0.000000 0.238532
v 0.235476 0.000000 0.238509
v 0.235468 0.000000 0.238501
v 0.235468 0.000000 0.236498
v 0.235470 0.000000 0.235963
v 0.235477 0.000000 0.235505
v 0.235492 0.000000 0.235113
v 0.235517 0.000000 0.234781
v 0.235553 0.000000 0.234499
v 0.235604 0.000000 0.234258
v 0.235670 0.000000 0.234051
v 0.235756 0.000000 0.233868
v 0.235862 0.000000 0.233702
v 0.235991 0.000000 0.233543
v 0.236145 0.000000 0.233383
v 0.236327 0.000000 0.233213
v 0.236337 0.000000 0.233204
v 0.236365 0.000000 0.233179
v 0.236407 0.000000 0.233141
v 0.236459 0.000000 0.233094
v 0.236519 0.000000 0.233040
v 0.236582 0.000000 0.232983
v 0.236645 0.000000 0.232926
v 0.236705 0.000000 0.232872
v 0.236758 0.000000 0.232825
v 0.236799 0.000000 0.232787
v 0.236827 0.000000 0.232762
v 0.236837 0.000000 0.232753
v 0.238206 0.000000 0.232753
v 0.238516 0.000000 0.232753
v 0.238776 0.000000 0.232754
v 0.238994 0.000000 0.232758
v 0.239174 0.000000 0.232766
v 0.239324 0.000000 0.232780
v 0.239448 0.000000 0.232799
v 0.239553 0.000000 0.232827
v 0.239644 0.000000 0.232863
v 0.239729 0.000000 0.232910
v 0.239812 0.000000 0.232969
v 0.239900 0.000000 0.233040
v 0.302636 0.000000 0.225113
v 0.302624 0.000000 0.225134
v 0.302613 0.000000 0.225174
v 0.302602 0.000000 0.225230
v 0.302592 0.000000 0.225301
v 0.302582 0.000000 0.225386
v 0.302574 0.000000 0.225483
v 0.302567 0.000000 0.225591
v 0.302561 0.000000 0.225708
v 0.302556 0.000000 0.225834
v 0.302552 0.000000 0.225966
v 0.302550 0.000000 0.226103
v 0.302549 0.000000 0.226245
v 0.302549 0.000000 0.226265
v 0.302549 0.000000 0.226321
v 0.302549 0.000000 0.226406
v 0.302549 0.000000 0.226513
v 0.302549 0.000000 0.226633
v 0.302549 0.000000 0.226761
v 0.302549 0.000000 0.226889
v 0.302549 0.000000 0.227010
v 0.302549 0.000000 0.227116
v 0.302549 0.000000 0.227201
v 0.302549 0.000000 0.227257
v 0.302549 0.000000 0.227278
v 0.300371 0.000000 0.227278
v 0.298193 0.000000 0.227278
v 0.298193 0.000000 0.228895
v 0.298193 0.000000 0.230513
v 0.299077 0.000000 0.230513
v 0.299973 0.000000 0.230513
v 0.299388 0.000000 0.231135
v 0.299152 0.000000 0.231395
v 0.298951 0.000000 0.231634
v 0.298784 0.000000 0.231864
v 0.298645 0.000000 0.232098
v 0.298533 0.000000 0.232347
v 0.298444 0.000000 0.232622
v 0.298375 0.000000 0.232936
v 0.298322 0.000000 0.233299
v 0.298284 0.000000 0.233725
v 0.298256 0.000000 0.234224
v 0.298235 0.000000 0.234808
v 0.298218 0.000000 0.235490
v 0.298213 0.000000 0.235861
v 0.298210 0.000000 0.236227
v 0.298209 0.000000 0.236585
v 0.298210 0.000000 0.236930
v 0.298214 0.000000 0.237261
v 0.298220 0.000000 0.237574
v 0.298228 0.000000 0.237867
v 0.298239 0.000000 0.238135
v 0.298252 0.000000 0.238377
v 0.298267 0.000000 0.238589
v 0.298285 0.000000 0.238768
v 0.298305 0.000000 0.238912
v 0.298383 0.000000 0.239325
v 0.298492 0.000000 0.239728
v 0.298630 0.000000 0.240120
v 0.298796 0.000000 0.240499
v 0.298988 0.000000 0.240862
v 0.299205 0.000000 0.241207
v 0.299445 0.000000 0.241533
v 0.299707 0.000000 0.241837
v 0.299989 0.000000 0.242117
v 0.300290 0.000000 0.242372
v 0.300609 0.000000 0.242598
v 0.300944 0.000000 0.242794
v 0.300957 0.000000 0.242801
v 0.300994 0.000000 0.242820
v 0.301049 0.000000 0.242848
v 0.301118 0.000000 0.242884
v 0.301197 0.000000 0.242925
v 0.301280 0.000000 0.242968
v 0.301363 0.000000 0.243011
v 0.301442 0.000000 0.243052
v 0.301511 0.000000 0.243088
v 0.301566 0.000000 0.243117
v 0.301603 0.000000 0.243136
v 0.301616 0.000000 0.243142
v 0.304603 0.000000 0.243142
v 0.307590 0.000000 0.243142
v 0.308262 0.000000 0.242769
v 0.308555 0.000000 0.242590
v 0.308832 0.000000 0.242382
v 0.309092 0.000000 0.242148
v 0.309333 0.000000 0.241889
v 0.309555 0.000000 0.241606
v 0.309757 0.000000 0.241301
v 0.309939 0.000000 0.240975
v 0.310099 0.000000 0.240630
v 0.310238 0.000000 0.240267
v 0.310354 0.000000 0.239888
v 0.310446 0.000000 0.239493
v 0.310514 0.000000 0.239086
v 0.310551 0.000000 0.238729
v 0.310581 0.000000 0.238287
v 0.310604 0.000000 0.237777
v 0.310620 0.000000 0.237218
v 0.310629 0.000000 0.236627
v 0.310631 0.000000 0.236023
v 0.310627 0.000000 0.235425
v 0.310617 0.000000 0.234849
v 0.310600 0.000000 0.234314
v 0.310578 0.000000 0.233839
v 0.310549 0.000000 0.233441
v 0.310514 0.000000 0.233138
v 0.310474 0.000000 0.232919
v 0.310427 0.000000 0.232709
v 0.310373 0.000000 0.232507
v 0.310311 0.000000 0.232313
v 0.310242 0.000000 0.232126
v 0.310164 0.000000 0.231945
v 0.310078 0.000000 0.231770
v 0.309983 0.000000 0.231599
v 0.309879 0.000000 0.231432
v 0.309765 0.000000 0.231269
v 0.309641 0.000000 0.231108
v 0.309506 0.000000 0.230948
v 0.309499 0.000000 0.230940
v 0.309478 0.000000 0.230916
v 0.309446 0.000000 0.230880
v 0.309406 0.000000 0.230835
v 0.309361 0.000000 0.230785
v 0.309313 0.000000 0.230731
v 0.309266 0.000000 0.230677
v 0.309221 0.000000 0.230626
v 0.309181 0.000000 0.230581
v 0.309149 0.000000 0.230545
v 0.309128 0.000000 0.230521
v 0.309121 0.000000 0.230513
v 0.310066 0.000000 0.230513
v 0.311012 0.000000 0.230513
v 0.311012 0.000000 0.228895
v 0.311012 0.000000 0.227278
v 0.309021 0.000000 0.227278
v 0.307042 0.000000 0.227278
v 0.307005 0.000000 0.226183
v 0.306967 0.000000 0.225100
v 0.304839 0.000000 0.225063
v 0.304554 0.000000 0.225061
v 0.304278 0.000000 0.225060
v 0.304014 0.000000 0.225060
v 0.303765 0.000000 0.225062
v 0.303533 0.000000 0.225065
v 0.303322 0.000000 0.225069
v 0.303135 0.000000 0.225074
v 0.302972 0.000000 0.225080
v 0.302839 0.000000 0.225087
v 0.302737 0.000000 0.225095
v 0.302668 0.000000 0.225104
v 0.306457 0.000000 0.233126
v 0.306625 0.000000 0.233286
v 0.306770 0.000000 0.233447
v 0.306893 0.000000 0.233616
v 0.306996 0.000000 0.233799
v 0.307079 0.000000 0.234003
v 0.307145 0.000000 0.234235
v 0.307195 0.000000 0.234501
v 0.307230 0.000000 0.234809
v 0.307252 0.000000 0.235164
v 0.307262 0.000000 0.235574
v 0.307262 0.000000 0.236046
v 0.307254 0.000000 0.236585
v 0.307253 0.000000 0.236624
v 0.307251 0.000000 0.236733
v 0.307248 0.000000 0.236898
v 0.307244 0.000000 0.237104
v 0.307240 0.000000 0.237339
v 0.307235 0.000000 0.237587
v 0.307230 0.000000 0.237835
v 0.307226 0.000000 0.238069
v 0.307222 0.000000 0.238275
v 0.307219 0.000000 0.238440
v 0.307217 0.000000 0.238549
v 0.307216 0.000000 0.238588
v 0.306855 0.000000 0.238962
v 0.306738 0.000000 0.239076
v 0.306616 0.000000 0.239177
v 0.306487 0.000000 0.239265
v 0.306348 0.000000 0.239342
v 0.306199 0.000000 0.239407
v 0.306036 0.000000 0.239461
v 0.305857 0.000000 0.239505
v 0.305662 0.000000 0.239539
v 0.305447 0.000000 0.239565
v 0.305210 0.000000 0.239583
v 0.304950 0.000000 0.239593
v 0.304665 0.000000 0.239596
v 0.304373 0.000000 0.239592
v 0.304105 0.000000 0.239581
v 0.303859 0.000000 0.239561
v 0.303633 0.000000 0.239532
v 0.303426 0.000000 0.239494
v 0.303235 0.000000 0.239445
v 0.303060 0.000000 0.239386
v 0.302897 0.000000 0.239316
v 0.302745 0.000000 0.239234
v 0.302603 0.000000 0.239140
v 0.302467 0.000000 0.239032
v 0.302338 0.000000 0.238912
v 0.302330 0.000000 0.238904
v 0.302307 0.000000 0.238881
v 0.302274 0.000000 0.238848
v 0.302231 0.000000 0.238805
v 0.302183 0.000000 0.238757
v 0.302132 0.000000 0.238706
v 0.302081 0.000000 0.238656
v 0.302033 0.000000 0.238608
v 0.301991 0.000000 0.238565
v 0.301957 0.000000 0.238532
v 0.301935 0.000000 0.238509
v 0.301927 0.000000 0.238501
v 0.301927 0.000000 0.236498
v 0.301929 0.000000 0.235963
v 0.301936 0.000000 0.235505
v 0.301951 0.000000 0.235113
v 0.301975 0.000000 0.234781
v 0.302012 0.000000 0.234499
v 0.302062 0.000000 0.234258
v 0.302129 0.000000 0.234051
v 0.302215 0.000000 0.233868
v 0.302321 0.000000 0.233702
v 0.302450 0.000000 0.233543
v 0.302604 0.000000 0.233383
v 0.302786 0.000000 0.233213
v 0.302796 0.000000 0.233204
v 0.302824 0.000000 0.233179
v 0.302866 0.000000 0.233141
v 0.302918 0.000000 0.233094
v 0.302978 0.000000 0.233040
v 0.303041 0.000000 0.232983
v 0.303104 0.000000 0.232926
v 0.303164 0.000000 0.232872
v 0.303216 0.000000 0.232825
v 0.303258 0.000000 0.232787
v 0.303286 0.000000 0.232762
v 0.303296 0.000000 0.232753
v 0.304665 0.000000 0.232753
v 0.304975 0.000000 0.232753
v 0.305235 0.000000 0.232754
v 0.305453 0.000000 0.232758
v 0.305633 0.000000 0.232766
v 0.305782 0.000000 0.232780
v 0.305906 0.000000 0.232799
v 0.306011 0.000000 0.232827
v 0.306103 0.000000 0.232863
v 0.306188 0.000000 0.232910
v 0.306271 0.000000 0.232969
v 0.306359 0.000000 0.233040
v 0.327316 0.000000 0.226718
v 0.327316 0.000000 0.228398
v 0.330751 0.000000 0.228398
v 0.334173 0.000000 0.228398
v 0.333949 0.000000 0.228796
v 0.333842 0.000000 0.228965
v 0.333687 0.000000 0.229169
v 0.333490 0.000000 0.229401
v 0.333259 0.000000 0.229655
v 0.333000 0.000000 0.229925
v 0.332720 0.000000 0.230203
v 0.332427 0.000000 0.230484
v 0.332126 0.000000 0.230761
v 0.331825 0.000000 0.231027
v 0.331530 0.000000 0.231275
v 0.331248 0.000000 0.231500
v 0.330987 0.000000 0.231695
v 0.330858 0.000000 0.231787
v 0.330710 0.000000 0.231887
v 0.330544 0.000000 0.231994
v 0.330365 0.000000 0.232106
v 0.330174 0.000000 0.232222
v 0.329974 0.000000 0.232340
v 0.329769 0.000000 0.232460
v 0.329560 0.000000 0.232578
v 0.329351 0.000000 0.232694
v 0.329144 0.000000 0.232806
v 0.328942 0.000000 0.232914
v 0.328747 0.000000 0.233014
v 0.328720 0.000000 0.233028
v 0.328646 0.000000 0.233065
v 0.328533 0.000000 0.233123
v 0.328392 0.000000 0.233195
v 0.328232 0.000000 0.233276
v 0.328062 0.000000 0.233362
v 0.327893 0.000000 0.233449
v 0.327733 0.000000 0.233530
v 0.327592 0.000000 0.233602
v 0.327479 0.000000 0.233659
v 0.327405 0.000000 0.233697
v 0.327378 0.000000 0.233711
v 0.327341 0.000000 0.235129
v 0.327338 0.000000 0.235320
v 0.327336 0.000000 0.235507
v 0.327336 0.000000 0.235687
v 0.327336 0.000000 0.235859
v 0.327337 0.000000 0.236021
v 0.327339 0.000000 0.236170
v 0.327342 0.000000 0.236305
v 0.327345 0.000000 0.236423
v 0.327349 0.000000 0.236524
v 0.327354 0.000000 0.236604
v 0.327360 0.000000 0.236663
v 0.327366 0.000000 0.236697
v 0.327385 0.000000 0.236721
v 0.327420 0.000000 0.236736
v 0.327472 0.000000 0.236742
v 0.327541 0.000000 0.236739
v 0.327630 0.000000 0.236727
v 0.327739 0.000000 0.236705
v 0.327870 0.000000 0.236672
v 0.328024 0.000000 0.236630
v 0.328202 0.000000 0.236576
v 0.328406 0.000000 0.236512
v 0.328637 0.000000 0.236436
v 0.328896 0.000000 0.236349
v 0.329732 0.000000 0.236044
v 0.330548 0.000000 0.235710
v 0.331340 0.000000 0.235351
v 0.332103 0.000000 0.234969
v 0.332832 0.000000 0.234568
v 0.333521 0.000000 0.234151
v 0.334167 0.000000 0.233721
v 0.334762 0.000000 0.233282
v 0.335304 0.000000 0.232837
v 0.335785 0.000000 0.232388
v 0.336203 0.000000 0.231940
v 0.336550 0.000000 0.231496
v 0.336673 0.000000 0.231324
v 0.336777 0.000000 0.231183
v 0.336863 0.000000 0.231069
v 0.336934 0.000000 0.230981
v 0.336993 0.000000 0.230918
v 0.337042 0.000000 0.230878
v 0.337084 0.000000 0.230860
v 0.337121 0.000000 0.230862
v 0.337156 0.000000 0.230882
v 0.337191 0.000000 0.230918
v 0.337229 0.000000 0.230970
v 0.337272 0.000000 0.231035
v 0.337395 0.000000 0.231208
v 0.337564 0.000000 0.231416
v 0.337773 0.000000 0.231652
v 0.338015 0.000000 0.231909
v 0.338281 0.000000 0.232180
v 0.338565 0.000000 0.232459
v 0.338859 0.000000 0.232736
v 0.339156 0.000000 0.233007
v 0.339448 0.000000 0.233263
v 0.339728 0.000000 0.233497
v 0.339988 0.000000 0.233703
v 0.340222 0.000000 0.233872
v 0.340356 0.000000 0.233964
v 0.340508 0.000000 0.234063
v 0.340676 0.000000 0.234169
v 0.340856 0.000000 0.234278
v 0.341047 0.000000 0.234391
v 0.341244 0.000000 0.234505
v 0.341445 0.000000 0.234619
v 0.341649 0.000000 0.234731
v 0.341851 0.000000 0.234840
v 0.342050 0.000000 0.234944
v 0.342242 0.000000 0.235040
v 0.342425 0.000000 0.235129
v 0.342747 0.000000 0.235276
v 0.343098 0.000000 0.235423
v 0.343471 0.000000 0.235568
v 0.343857 0.000000 0.235708
v 0.344247 0.000000 0.235841
v 0.344635 0.000000 0.235964
v 0.345012 0.000000 0.236075
v 0.345369 0.000000 0.236172
v 0.345699 0.000000 0.236251
v 0.345994 0.000000 0.236310
v 0.346245 0.000000 0.236348
v 0.346444 0.000000 0.236361
v 0.346450 0.000000 0.236361
v 0.346467 0.000000 0.236361
v 0.346491 0.000000 0.236361
v 0.346522 0.000000 0.236361
v 0.346557 0.000000 0.236361
v 0.346594 0.000000 0.236361
v 0.346631 0.000000 0.236361
v 0.346666 0.000000 0.236361
v 0.346696 0.000000 0.236361
v 0.346721 0.000000 0.236361
v 0.346737 0.000000 0.236361
v 0.346743 0.000000 0.236361
v 0.346706 0.000000 0.234980
v 0.346699 0.000000 0.234724
v 0.346691 0.000000 0.234499
v 0.346681 0.000000 0.234300
v 0.346670 0.000000 0.234128
v 0.346656 0.000000 0.233980
v 0.346640 0.000000 0.233855
v 0.346622 0.000000 0.233751
v 0.346601 0.000000 0.233666
v 0.346576 0.000000 0.233599
v 0.346549 0.000000 0.233548
v 0.346517 0.000000 0.233511
v 0.346482 0.000000 0.233487
v 0.346446 0.000000 0.233469
v 0.346391 0.000000 0.233442
v 0.346317 0.000000 0.233407
v 0.346226 0.000000 0.233363
v 0.346121 0.000000 0.233313
v 0.346003 0.000000 0.233257
v 0.345873 0.000000 0.233195
v 0.345733 0.000000 0.233129
v 0.345586 0.000000 0.233060
v 0.345432 0.000000 0.232988
v 0.345274 0.000000 0.232914
v 0.345113 0.000000 0.232840
v 0.344942 0.000000 0.232761
v 0.344763 0.000000 0.232674
v 0.344576 0.000000 0.232580
v 0.344385 0.000000 0.232482
v 0.344191 0.000000 0.232379
v 0.343999 0.000000 0.232275
v 0.343810 0.000000 0.232170
v 0.343626 0.000000 0.232065
v 0.343450 0.000000 0.231963
v 0.343285 0.000000 0.231864
v 0.343133 0.000000 0.231770
v 0.342997 0.000000 0.231682
v 0.342730 0.000000 0.231499
v 0.342444 0.000000 0.231285
v 0.342145 0.000000 0.231044
v 0.341840 0.000000 0.230785
v 0.341535 0.000000 0.230513
v 0.341238 0.000000 0.230234
v 0.340954 0.000000 0.229956
v 0.340691 0.000000 0.229685
v 0.340454 0.000000 0.229427
v 0.340251 0.000000 0.229188
v 0.340089 0.000000 0.228976
v 0.339973 0.000000 0.228796
v 0.339968 0.000000 0.228788
v 0.339956 0.000000 0.228766
v 0.339938 0.000000 0.228734
v 0.339915 0.000000 0.228693
v 0.339889 0.000000 0.228646
v 0.339861 0.000000 0.228597
v 0.339833 0.000000 0.228547
v 0.339807 0.000000 0.228501
v 0.339784 0.000000 0.228460
v 0.339765 0.000000 0.228427
v 0.339753 0.000000 0.228405
v 0.339749 0.000000 0.228398
v 0.343420 0.000000 0.228398
v 0.347104 0.000000 0.228398
v 0.347104 0.000000 0.226718
v 0.347104 0.000000 0.225038
v 0.337210 0.000000 0.225038
v 0.327316 0.000000 0.225038
v 0.101903 0.000000 0.225337
v 0.101592 0.000000 0.225461
v 0.101292 0.000000 0.225603
v 0.101005 0.000000 0.225761
v 0.100731 0.000000 0.225937
v 0.100471 0.000000 0.226129
v 0.100225 0.000000 0.226337
v 0.099994 0.000000 0.226560
v 0.099778 0.000000 0.226798
v 0.099578 0.000000 0.227050
v 0.099394 0.000000 0.227316
v 0.099227 0.000000 0.227595
v 0.099078 0.000000 0.227887
v 0.099072 0.000000 0.227901
v 0.099054 0.000000 0.227939
v 0.099028 0.000000 0.227996
v 0.098994 0.000000 0.228068
v 0.098957 0.000000 0.228150
v 0.098917 0.000000 0.228236
v 0.098876 0.000000 0.228322
v 0.098839 0.000000 0.228404
v 0.098805 0.000000 0.228475
v 0.098779 0.000000 0.228533
v 0.098761 0.000000 0.228570
v 0.098755 0.000000 0.228584
v 0.098755 0.000000 0.231819
v 0.098755 0.000000 0.235054
v 0.099153 0.000000 0.235888
v 0.099278 0.000000 0.236136
v 0.099416 0.000000 0.236375
v 0.099566 0.000000 0.236605
v 0.099729 0.000000 0.236825
v 0.099903 0.000000 0.237035
v 0.100088 0.000000 0.237235
v 0.100284 0.000000 0.237424
v 0.100490 0.000000 0.237602
v 0.100705 0.000000 0.237767
v 0.100930 0.000000 0.237921
v 0.101164 0.000000 0.238062
v 0.101406 0.000000 0.238190
v 0.101420 0.000000 0.238197
v 0.101458 0.000000 0.238216
v 0.101517 0.000000 0.238245
v 0.101590 0.000000 0.238280
v 0.101673 0.000000 0.238321
v 0.101760 0.000000 0.238364
v 0.101848 0.000000 0.238407
v 0.101931 0.000000 0.238448
v 0.102004 0.000000 0.238484
v 0.102062 0.000000 0.238513
v 0.102101 0.000000 0.238532
v 0.102115 0.000000 0.238538
v 0.105289 0.000000 0.238538
v 0.108462 0.000000 0.238538
v 0.109172 0.000000 0.238203
v 0.109518 0.000000 0.238024
v 0.109842 0.000000 0.237824
v 0.110143 0.000000 0.237603
v 0.110421 0.000000 0.237361
v 0.110675 0.000000 0.237099
v 0.110905 0.000000 0.236818
v 0.111110 0.000000 0.236518
v 0.111291 0.000000 0.236199
v 0.111447 0.000000 0.235861
v 0.111577 0.000000 0.235506
v 0.111682 0.000000 0.235133
v 0.111760 0.000000 0.234743
v 0.111797 0.000000 0.234437
v 0.111828 0.000000 0.234040
v 0.111851 0.000000 0.233570
v 0.111868 0.000000 0.233045
v 0.111878 0.000000 0.232483
v 0.111882 0.000000 0.231900
v 0.111878 0.000000 0.231316
v 0.111868 0.000000 0.230747
v 0.111851 0.000000 0.230212
v 0.111828 0.000000 0.229727
v 0.111797 0.000000 0.229312
v 0.111760 0.000000 0.228982
v 0.111690 0.000000 0.228605
v 0.111591 0.000000 0.228241
v 0.111466 0.000000 0.227889
v 0.111314 0.000000 0.227553
v 0.111137 0.000000 0.227232
v 0.110936 0.000000 0.226929
v 0.110711 0.000000 0.226645
v 0.110464 0.000000 0.226380
v 0.110196 0.000000 0.226137
v 0.109907 0.000000 0.225917
v 0.109598 0.000000 0.225720
v 0.109271 0.000000 0.225548
v 0.109114 0.000000 0.225474
v 0.108969 0.000000 0.225412
v 0.108825 0.000000 0.225361
v 0.108669 0.000000 0.225320
v 0.108488 0.000000 0.225287
v 0.108269 0.000000 0.225262
v 0.108001 0.000000 0.225243
v 0.107671 0.000000 0.225229
v 0.107266 0.000000 0.225219
v 0.106773 0.000000 0.225212
v 0.106180 0.000000 0.225206
v 0.105475 0.000000 0.225200
v 0.104920 0.000000 0.225195
v 0.104423 0.000000 0.225193
v 0.103979 0.000000 0.225193
v 0.103587 0.000000 0.225197
v 0.103242 0.000000 0.225203
v 0.102943 0.000000 0.225212
v 0.102684 0.000000 0.225225
v 0.102464 0.000000 0.225240
v 0.102280 0.000000 0.225259
v 0.102127 0.000000 0.225282
v 0.102002 0.000000 0.225307
v 0.107081 0.000000 0.228883
v 0.107254 0.000000 0.229003
v 0.107401 0.000000 0.229121
v 0.107524 0.000000 0.229244
v 0.107626 0.000000 0.229379
v 0.107707 0.000000 0.229535
v 0.107772 0.000000 0.229718
v 0.107820 0.000000 0.229937
v 0.107855 0.000000 0.230199
v 0.107879 0.000000 0.230512
v 0.107893 0.000000 0.230883
v 0.107900 0.000000 0.231321
v 0.107902 0.000000 0.231832
v 0.107902 0.000000 0.232267
v 0.107900 0.000000 0.232636
v 0.107896 0.000000 0.232948
v 0.107889 0.000000 0.233207
v 0.107878 0.000000 0.233423
v 0.107862 0.000000 0.233600
v 0.107840 0.000000 0.233747
v 0.107812 0.000000 0.233870
v 0.107776 0.000000 0.233975
v 0.107732 0.000000 0.234071
v 0.107679 0.000000 0.234163
v 0.107616 0.000000 0.234258
v 0.107505 0.000000 0.234414
v 0.107388 0.000000 0.234551
v 0.107262 0.000000 0.234670
v 0.107126 0.000000 0.234774
v 0.106976 0.000000 0.234862
v 0.106810 0.000000 0.234935
v 0.106626 0.000000 0.234994
v 0.106422 0.000000 0.235041
v 0.106195 0.000000 0.235075
v 0.105942 0.000000 0.235099
v 0.105662 0.000000 0.235112
v 0.105351 0.000000 0.235117
v 0.105035 0.000000 0.235111
v 0.104744 0.000000 0.235095
v 0.104478 0.000000 0.235068
v 0.104234 0.000000 0.235029
v 0.104012 0.000000 0.234977
v 0.103809 0.000000 0.234913
v 0.103624 0.000000 0.234836
v 0.103455 0.000000 0.234744
v 0.103301 0.000000 0.234639
v 0.103161 0.000000 0.234519
v 0.103031 0.000000 0.234384
v 0.102912 0.000000 0.234233
v 0.102846 0.000000 0.234138
v 0.102790 0.000000 0.234049
v 0.102744 0.000000 0.233956
v 0.102707 0.000000 0.233855
v 0.102677 0.000000 0.233737
v 0.102655 0.000000 0.233596
v 0.102638 0.000000 0.233424
v 0.102627 0.000000 0.233214
v 0.102619 0.000000 0.232959
v 0.102615 0.000000 0.232653
v 0.102613 0.000000 0.232288
v 0.102613 0.000000 0.231857
v 0.102614 0.000000 0.231356
v 0.102621 0.000000 0.230930
v 0.102634 0.000000 0.230570
v 0.102659 0.000000 0.230269
v 0.102696 0.000000 0.230016
v 0.102748 0.000000 0.229805
v 0.102819 0.000000 0.229626
v 0.102912 0.000000 0.229471
v 0.103028 0.000000 0.229332
v 0.103170 0.000000 0.229199
v 0.103342 0.000000 0.229065
v 0.103546 0.000000 0.228920
v 0.103634 0.000000 0.228862
v 0.103719 0.000000 0.228813
v 0.103805 0.000000 0.228772
v 0.103898 0.000000 0.228739
v 0.104000 0.000000 0.228711
v 0.104116 0.000000 0.228690
v 0.104250 0.000000 0.228674
v 0.104406 0.000000 0.228662
v 0.104589 0.000000 0.228654
v 0.104803 0.000000 0.228649
v 0.105051 0.000000 0.228647
v 0.105338 0.000000 0.228646
v 0.105608 0.000000 0.228647
v 0.105844 0.000000 0.228650
v 0.106052 0.000000 0.228655
v 0.106233 0.000000 0.228663
v 0.106390 0.000000 0.228675
v 0.106527 0.000000 0.228690
v 0.106646 0.000000 0.228709
v 0.106751 0.000000 0.228733
v 0.106844 0.000000 0.228762
v 0.106928 0.000000 0.228796
v 0.107006 0.000000 0.228836
v 0.385722 0.000000 0.225411
v 0.385343 0.000000 0.225563
v 0.384978 0.000000 0.225744
v 0.384629 0.000000 0.225951
v 0.384298 0.000000 0.226183
v 0.383987 0.000000 0.226438
v 0.383697 0.000000 0.226713
v 0.383430 0.000000 0.227008
v 0.383189 0.000000 0.227319
v 0.382975 0.000000 0.227646
v 0.382789 0.000000 0.227985
v 0.382634 0.000000 0.228336
v 0.382511 0.000000 0.228696
v 0.382442 0.000000 0.228988
v 0.382390 0.000000 0.229318
v 0.382353 0.000000 0.229677
v 0.382333 0.000000 0.230056
v 0.382328 0.000000 0.230447
v 0.382339 0.000000 0.230841
v 0.382364 0.000000 0.231230
v 0.382404 0.000000 0.231604
v 0.382457 0.000000 0.231956
v 0.382524 0.000000 0.232277
v 0.382605 0.000000 0.232558
v 0.382698 0.000000 0.232790
v 0.382868 0.000000 0.233112
v 0.383067 0.000000 0.233422
v 0.383290 0.000000 0.233720
v 0.383538 0.000000 0.234004
v 0.383807 0.000000 0.234272
v 0.384095 0.000000 0.234523
v 0.384400 0.000000 0.234754
v 0.384721 0.000000 0.234964
v 0.385054 0.000000 0.235152
v 0.385397 0.000000 0.235316
v 0.385750 0.000000 0.235454
v 0.386108 0.000000 0.235565
v 0.386532 0.000000 0.235622
v 0.387292 0.000000 0.235668
v 0.388321 0.000000 0.235705
v 0.389552 0.000000 0.235731
v 0.390917 0.000000 0.235746
v 0.392350 0.000000 0.235751
v 0.393782 0.000000 0.235746
v 0.395147 0.000000 0.235731
v 0.396378 0.000000 0.235705
v 0.397407 0.000000 0.235668
v 0.398167 0.000000 0.235622
v 0.398591 0.000000 0.235565
v 0.398945 0.000000 0.235459
v 0.399286 0.000000 0.235335
v 0.399612 0.000000 0.235194
v 0.399923 0.000000 0.235036
v 0.400217 0.000000 0.234862
v 0.400495 0.000000 0.234672
v 0.400755 0.000000 0.234467
v 0.400997 0.000000 0.234248
v 0.401220 0.000000 0.234014
v 0.401422 0.000000 0.233768
v 0.401604 0.000000 0.233509
v 0.401765 0.000000 0.233238
v 0.401823 0.000000 0.233120
v 0.401872 0.000000 0.233006
v 0.401915 0.000000 0.232890
v 0.401951 0.000000 0.232766
v 0.401981 0.000000 0.232628
v 0.402006 0.000000 0.232471
v 0.402026 0.000000 0.232289
v 0.402043 0.000000 0.232076
v 0.402057 0.000000 0.231826
v 0.402069 0.000000 0.231534
v 0.402079 0.000000 0.231193
v 0.402088 0.000000 0.230799
v 0.402099 0.000000 0.230384
v 0.402106 0.000000 0.230031
v 0.402109 0.000000 0.229732
v 0.402106 0.000000 0.229479
v 0.402098 0.000000 0.229266
v 0.402084 0.000000 0.229083
v 0.402062 0.000000 0.228926
v 0.402033 0.000000 0.228784
v 0.401995 0.000000 0.228652
v 0.401949 0.000000 0.228522
v 0.401893 0.000000 0.228385
v 0.401827 0.000000 0.228236
v 0.401666 0.000000 0.227920
v 0.401478 0.000000 0.227614
v 0.401264 0.000000 0.227320
v 0.401025 0.000000 0.227039
v 0.400763 0.000000 0.226772
v 0.400480 0.000000 0.226520
v 0.400176 0.000000 0.226285
v 0.399853 0.000000 0.226069
v 0.399513 0.000000 0.225872
v 0.399157 0.000000 0.225696
v 0.398787 0.000000 0.225542
v 0.398404 0.000000 0.225411
v 0.398222 0.000000 0.225357
v 0.398035 0.000000 0.225311
v 0.397826 0.000000 0.225273
v 0.397577 0.000000 0.225242
v 0.397271 0.000000 0.225217
v 0.396888 0.000000 0.225198
v 0.396410 0.000000 0.225184
v 0.395821 0.000000 0.225174
v 0.395102 0.000000 0.225168
v 0.394234 0.000000 0.225164
v 0.393200 0.000000 0.225163
v 0.391982 0.000000 0.225162
v 0.390783 0.000000 0.225166
v 0.389763 0.000000 0.225170
v 0.388904 0.000000 0.225175
v 0.388191 0.000000 0.225183
v 0.387607 0.000000 0.225193
v 0.387135 0.000000 0.225208
v 0.386758 0.000000 0.225226
v 0.386460 0.000000 0.225250
v 0.386224 0.000000 0.225280
v 0.386034 0.000000 0.225316
v 0.385872 0.000000 0.225360
v 0.397284 0.000000 0.228870
v 0.397444 0.000000 0.228976
v 0.397589 0.000000 0.229089
v 0.397719 0.000000 0.229208
v 0.397835 0.000000 0.229335
v 0.397935 0.000000 0.229470
v 0.398022 0.000000 0.229612
v 0.398094 0.000000 0.229764
v 0.398153 0.000000 0.229924
v 0.398198 0.000000 0.230094
v 0.398230 0.000000 0.230273
v 0.398249 0.000000 0.230462
v 0.398255 0.000000 0.230662
v 0.398254 0.000000 0.230795
v 0.398249 0.000000 0.230916
v 0.398241 0.000000 0.231025
v 0.398228 0.000000 0.231126
v 0.398210 0.000000 0.231220
v 0.398187 0.000000 0.231309
v 0.398157 0.000000 0.231395
v 0.398120 0.000000 0.231480
v 0.398076 0.000000 0.231565
v 0.398024 0.000000 0.231653
v 0.397964 0.000000 0.231745
v 0.397894 0.000000 0.231844
v 0.397740 0.000000 0.232048
v 0.397588 0.000000 0.232218
v 0.397420 0.000000 0.232359
v 0.397218 0.000000 0.232472
v 0.396962 0.000000 0.232562
v 0.396634 0.000000 0.232630
v 0.396215 0.000000 0.232679
v 0.395687 0.000000 0.232713
v 0.395031 0.000000 0.232735
v 0.394228 0.000000 0.232747
v 0.393259 0.000000 0.232752
v 0.392107 0.000000 0.232753
v 0.391108 0.000000 0.232752
v 0.390271 0.000000 0.232751
v 0.389580 0.000000 0.232748
v 0.389018 0.000000 0.232742
v 0.388568 0.000000 0.232732
v 0.388215 0.000000 0.232717
v 0.387940 0.000000 0.232696
v 0.387729 0.000000 0.232668
v 0.387563 0.000000 0.232632
v 0.387428 0.000000 0.232587
v 0.387305 0.000000 0.232532
v 0.387178 0.000000 0.232466
v 0.387087 0.000000 0.232415
v 0.387001 0.000000 0.232361
v 0.386919 0.000000 0.232305
v 0.386841 0.000000 0.232245
v 0.386766 0.000000 0.232182
v 0.386696 0.000000 0.232115
v 0.386630 0.000000 0.232045
v 0.386566 0.000000 0.231971
v 0.386506 0.000000 0.231892
v 0.386450 0.000000 0.231810
v 0.386396 0.000000 0.231724
v 0.386345 0.000000 0.231633
v 0.386213 0.000000 0.231346
v 0.386124 0.000000 0.231061
v 0.386075 0.000000 0.230779
v 0.386067 0.000000 0.230503
v 0.386099 0.000000 0.230235
v 0.386169 0.000000 0.229976
v 0.386277 0.000000 0.229730
v 0.386423 0.000000 0.229498
v 0.386605 0.000000 0.229283
v 0.386824 0.000000 0.229086
v 0.387077 0.000000 0.228911
v 0.387365 0.000000 0.228758
v 0.387480 0.000000 0.228707
v 0.387605 0.000000 0.228663
v 0.387753 0.000000 0.228627
v 0.387937 0.000000 0.228599
v 0.388171 0.000000 0.228576
v 0.388468 0.000000 0.228559
v 0.388843 0.000000 0.228548
v 0.389308 0.000000 0.228541
v 0.389877 0.000000 0.228538
v 0.390563 0.000000 0.228538
v 0.391381 0.000000 0.228542
v 0.392343 0.000000 0.228547
v 0.393362 0.000000 0.228556
v 0.394216 0.000000 0.228564
v 0.394920 0.000000 0.228573
v 0.395491 0.000000 0.228584
v 0.395947 0.000000 0.228597
v 0.396303 0.000000 0.228615
v 0.396576 0.000000 0.228638
v 0.396783 0.000000 0.228668
v 0.396941 0.000000 0.228704
v 0.397066 0.000000 0.228750
v 0.397175 0.000000 0.228805
v 0.134063 0.000000 0.237506
v 0.134100 0.000000 0.248866
v 0.136564 0.000000 0.248903
v 0.139016 0.000000 0.248928
v 0.139016 0.000000 0.244760
v 0.139016 0.000000 0.240592
v 0.141044 0.000000 0.240592
v 0.142206 0.000000 0.240581
v 0.143262 0.000000 0.240547
v 0.144221 0.000000 0.240488
v 0.145089 0.000000 0.240404
v 0.145874 0.000000 0.240292
v 0.146583 0.000000 0.240150
v 0.147223 0.000000 0.239977
v 0.147803 0.000000 0.239771
v 0.148329 0.000000 0.239531
v 0.148808 0.000000 0.239255
v 0.149248 0.000000 0.238941
v 0.149657 0.000000 0.238588
v 0.150045 0.000000 0.238176
v 0.150386 0.000000 0.237720
v 0.150681 0.000000 0.237221
v 0.150928 0.000000 0.236683
v 0.151128 0.000000 0.236108
v 0.151279 0.000000 0.235499
v 0.151382 0.000000 0.234859
v 0.151434 0.000000 0.234189
v 0.151437 0.000000 0.233493
v 0.151388 0.000000 0.232773
v 0.151289 0.000000 0.232032
v 0.151138 0.000000 0.231272
v 0.150993 0.000000 0.230745
v 0.150803 0.000000 0.230234
v 0.150570 0.000000 0.229744
v 0.150297 0.000000 0.229276
v 0.149985 0.000000 0.228834
v 0.149638 0.000000 0.228419
v 0.149258 0.000000 0.228035
v 0.148847 0.000000 0.227685
v 0.148408 0.000000 0.227370
v 0.147942 0.000000 0.227094
v 0.147454 0.000000 0.226859
v 0.146944 0.000000 0.226668
v 0.146611 0.000000 0.226566
v 0.146268 0.000000 0.226479
v 0.145901 0.000000 0.226405
v 0.145495 0.000000 0.226342
v 0.145037 0.000000 0.226291
v 0.144511 0.000000 0.226250
v 0.143902 0.000000 0.226217
v 0.143198 0.000000 0.226193
v 0.142383 0.000000 0.226176
v 0.141442 0.000000 0.226165
v 0.140362 0.000000 0.226160
v 0.139128 0.000000 0.226158
v 0.139028 0.000000 0.226158
v 0.138751 0.000000 0.226158
v 0.138333 0.000000 0.226158
v 0.137808 0.000000 0.226158
v 0.137213 0.000000 0.226158
v 0.136583 0.000000 0.226158
v 0.135952 0.000000 0.226158
v 0.135357 0.000000 0.226158
v 0.134833 0.000000 0.226158
v 0.134415 0.000000 0.226158
v 0.134138 0.000000 0.226158
v 0.134038 0.000000 0.226158
v 0.144193 0.000000 0.230401
v 0.144554 0.000000 0.230480
v 0.144885 0.000000 0.230581
v 0.145187 0.000000 0.230704
v 0.145460 0.000000 0.230851
v 0.145706 0.000000 0.231023
v 0.145925 0.000000 0.231221
v 0.146118 0.000000 0.231445
v 0.146287 0.000000 0.231697
v 0.146432 0.000000 0.231977
v 0.146554 0.000000 0.232288
v 0.146653 0.000000 0.232629
v 0.146732 0.000000 0.233001
v 0.146783 0.000000 0.233348
v 0.146811 0.000000 0.233695
v 0.146816 0.000000 0.234041
v 0.146800 0.000000 0.234381
v 0.146763 0.000000 0.234713
v 0.146706 0.000000 0.235034
v 0.146628 0.000000 0.235342
v 0.146531 0.000000 0.235633
v 0.146415 0.000000 0.235904
v 0.146281 0.000000 0.236153
v 0.146129 0.000000 0.236377
v 0.145960 0.000000 0.236573
v 0.145903 0.000000 0.236627
v 0.145836 0.000000 0.236685
v 0.145761 0.000000 0.236746
v 0.145679 0.000000 0.236808
v 0.145592 0.000000 0.236871
v 0.145502 0.000000 0.236933
v 0.145408 0.000000 0.236995
v 0.145312 0.000000 0.237055
v 0.145217 0.000000 0.237111
v 0.145122 0.000000 0.237165
v 0.145029 0.000000 0.237213
v 0.144940 0.000000 0.237257
v 0.144799 0.000000 0.237317
v 0.144663 0.000000 0.237369
v 0.144523 0.000000 0.237412
v 0.144371 0.000000 0.237449
v 0.144197 0.000000 0.237478
v 0.143994 0.000000 0.237503
v 0.143753 0.000000 0.237522
v 0.143464 0.000000 0.237538
v 0.143120 0.000000 0.237551
v 0.142711 0.000000 0.237562
v 0.142230 0.000000 0.237571
v 0.141667 0.000000 0.237580
v 0.141615 0.000000 0.237581
v 0.141470 0.000000 0.237584
v 0.141253 0.000000 0.237588
v 0.140979 0.000000 0.237593
v 0.140670 0.000000 0.237599
v 0.140341 0.000000 0.237605
v 0.140013 0.000000 0.237611
v 0.139703 0.000000 0.237617
v 0.139430 0.000000 0.237622
v 0.139212 0.000000 0.237626
v 0.139068 0.000000 0.237629
v 0.139016 0.000000 0.237630
v 0.139016 0.000000 0.233947
v 0.139016 0.000000 0.230264
v 0.141231 0.000000 0.230264
v 0.141538 0.000000 0.230265
v 0.141846 0.000000 0.230269
v 0.142151 0.000000 0.230275
v 0.142450 0.000000 0.230283
v 0.142739 0.000000 0.230293
v 0.143016 0.000000 0.230304
v 0.143275 0.000000 0.230318
v 0.143514 0.000000 0.230332
v 0.143729 0.000000 0.230348
v 0.143916 0.000000 0.230365
v 0.144072 0.000000 0.230383
v 0.160696 0.000000 0.226494
v 0.160646 0.000000 0.226640
v 0.160529 0.000000 0.226971
v 0.160351 0.000000 0.227472
v 0.160116 0.000000 0.228131
v 0.159830 0.000000 0.228935
v 0.159496 0.000000 0.229869
v 0.159121 0.000000 0.230921
v 0.158707 0.000000 0.232077
v 0.158261 0.000000 0.233325
v 0.157788 0.000000 0.234650
v 0.157291 0.000000 0.236040
v 0.156776 0.000000 0.237481
v 0.156260 0.000000 0.238922
v 0.155763 0.000000 0.240311
v 0.155289 0.000000 0.241637
v 0.154843 0.000000 0.242884
v 0.154430 0.000000 0.244040
v 0.154053 0.000000 0.245091
v 0.153719 0.000000 0.246025
v 0.153431 0.000000 0.246827
v 0.153195 0.000000 0.247484
v 0.153015 0.000000 0.247984
v 0.152896 0.000000 0.248312
v 0.152843 0.000000 0.248455
v 0.152840 0.000000 0.248462
v 0.152833 0.000000 0.248481
v 0.152821 0.000000 0.248510
v 0.152807 0.000000 0.248546
v 0.152791 0.000000 0.248587
v 0.152774 0.000000 0.248630
v 0.152757 0.000000 0.248673
v 0.152741 0.000000 0.248714
v 0.152727 0.000000 0.248749
v 0.152716 0.000000 0.248778
v 0.152709 0.000000 0.248797
v 0.152706 0.000000 0.248804
v 0.155232 0.000000 0.248804
v 0.157746 0.000000 0.248804
v 0.158530 0.000000 0.246440
v 0.159327 0.000000 0.244076
v 0.163509 0.000000 0.244100
v 0.167703 0.000000 0.244138
v 0.168387 0.000000 0.246440
v 0.169084 0.000000 0.248742
v 0.171175 0.000000 0.248779
v 0.171461 0.000000 0.248781
v 0.171734 0.000000 0.248782
v 0.171991 0.000000 0.248781
v 0.172230 0.000000 0.248779
v 0.172448 0.000000 0.248775
v 0.172644 0.000000 0.248770
v 0.172814 0.000000 0.248763
v 0.172958 0.000000 0.248754
v 0.173072 0.000000 0.248744
v 0.173155 0.000000 0.248732
v 0.173203 0.000000 0.248719
v 0.173216 0.000000 0.248704
v 0.173176 0.000000 0.248586
v 0.173066 0.000000 0.248272
v 0.172891 0.000000 0.247775
v 0.172656 0.000000 0.247109
v 0.172365 0.000000 0.246289
v 0.172024 0.000000 0.245328
v 0.171639 0.000000 0.244239
v 0.171213 0.000000 0.243037
v 0.170752 0.000000 0.241735
v 0.170261 0.000000 0.240347
v 0.169745 0.000000 0.238887
v 0.169209 0.000000 0.237369
v 0.169130 0.000000 0.237148
v 0.168914 0.000000 0.236538
v 0.168588 0.000000 0.235617
v 0.168179 0.000000 0.234462
v 0.167715 0.000000 0.233152
v 0.167224 0.000000 0.231763
v 0.166732 0.000000 0.230375
v 0.166268 0.000000 0.229064
v 0.165859 0.000000 0.227910
v 0.165533 0.000000 0.226988
v 0.165317 0.000000 0.226378
v 0.165238 0.000000 0.226158
v 0.163023 0.000000 0.226158
v 0.160820 0.000000 0.226158
v 0.160818 0.000000 0.226164
v 0.160811 0.000000 0.226183
v 0.160801 0.000000 0.226210
v 0.160788 0.000000 0.226245
v 0.160774 0.000000 0.226284
v 0.160758 0.000000 0.226326
v 0.160743 0.000000 0.226367
v 0.160728 0.000000 0.226407
v 0.160715 0.000000 0.226441
v 0.160705 0.000000 0.226469
v 0.160698 0.000000 0.226487
v 0.164940 0.000000 0.236610
v 0.165120 0.000000 0.237226
v 0.165293 0.000000 0.237821
v 0.165458 0.000000 0.238387
v 0.165611 0.000000 0.238921
v 0.165753 0.000000 0.239415
v 0.165881 0.000000 0.239865
v 0.165994 0.000000 0.240264
v 0.166089 0.000000 0.240607
v 0.166167 0.000000 0.240888
v 0.166224 0.000000 0.241101
v 0.166259 0.000000 0.241241
v 0.166271 0.000000 0.241301
v 0.166257 0.000000 0.241330
v 0.166212 0.000000 0.241356
v 0.166134 0.000000 0.241379
v 0.166018 0.000000 0.241398
v 0.165863 0.000000 0.241415
v 0.165665 0.000000 0.241428
v 0.165420 0.000000 0.241440
v 0.165126 0.000000 0.241448
v 0.164780 0.000000 0.241455
v 0.164379 0.000000 0.241459
v 0.163918 0.000000 0.241462
v 0.163397 0.000000 0.241463
v 0.162867 0.000000 0.241462
v 0.162403 0.000000 0.241459
v 0.162000 0.000000 0.241455
v 0.161655 0.000000 0.241448
v 0.161365 0.000000 0.241440
v 0.161127 0.000000 0.241428
v 0.160936 0.000000 0.241415
v 0.160790 0.000000 0.241398
v 0.160686 0.000000 0.241379
v 0.160618 0.000000 0.241356
v 0.160586 0.000000 0.241330
v 0.160584 0.000000 0.241301
v 0.160603 0.000000 0.241240
v 0.160647 0.000000 0.241097
v 0.160714 0.000000 0.240880
v 0.160801 0.000000 0.240592
v 0.160909 0.000000 0.240242
v 0.161033 0.000000 0.239834
v 0.161174 0.000000 0.239375
v 0.161329 0.000000 0.238869
v 0.161496 0.000000 0.238324
v 0.161673 0.000000 0.237746
v 0.161859 0.000000 0.237139
v 0.162052 0.000000 0.236510
v 0.162243 0.000000 0.235887
v 0.162427 0.000000 0.235289
v 0.162604 0.000000 0.234723
v 0.162771 0.000000 0.234194
v 0.162926 0.000000 0.233707
v 0.163068 0.000000 0.233269
v 0.163195 0.000000 0.232885
v 0.163304 0.000000 0.232560
v 0.163395 0.000000 0.232300
v 0.163464 0.000000 0.232112
v 0.163511 0.000000 0.231999
v 0.163533 0.000000 0.231969
v 0.163558 0.000000 0.232025
v 0.163605 0.000000 0.232160
v 0.163673 0.000000 0.232368
v 0.163760 0.000000 0.232644
v 0.163864 0.000000 0.232981
v 0.163985 0.000000 0.233375
v 0.164119 0.000000 0.233819
v 0.164265 0.000000 0.234309
v 0.164423 0.000000 0.234838
v 0.164588 0.000000 0.235402
v 0.164761 0.000000 0.235994
v 0.181554 0.000000 0.226282
v 0.180866 0.000000 0.226395
v 0.180209 0.000000 0.226558
v 0.179584 0.000000 0.226770
v 0.178993 0.000000 0.227030
v 0.178437 0.000000 0.227337
v 0.177917 0.000000 0.227690
v 0.177436 0.000000 0.228088
v 0.176993 0.000000 0.228529
v 0.176591 0.000000 0.229014
v 0.176231 0.000000 0.229540
v 0.175915 0.000000 0.230106
v 0.175643 0.000000 0.230712
v 0.175636 0.000000 0.230729
v 0.175617 0.000000 0.230776
v 0.175588 0.000000 0.230846
v 0.175553 0.000000 0.230935
v 0.175512 0.000000 0.231035
v 0.175469 0.000000 0.231141
v 0.175425 0.000000 0.231248
v 0.175385 0.000000 0.231348
v 0.175349 0.000000 0.231436
v 0.175320 0.000000 0.231507
v 0.175301 0.000000 0.231554
v 0.175294 0.000000 0.231570
v 0.175257 0.000000 0.237531
v 0.175252 0.000000 0.238497
v 0.175250 0.000000 0.239385
v 0.175250 0.000000 0.240197
v 0.175252 0.000000 0.240933
v 0.175257 0.000000 0.241594
v 0.175265 0.000000 0.242180
v 0.175275 0.000000 0.242691
v 0.175287 0.000000 0.243128
v 0.175301 0.000000 0.243492
v 0.175317 0.000000 0.243783
v 0.175336 0.000000 0.244003
v 0.175357 0.000000 0.244150
v 0.175462 0.000000 0.244564
v 0.175601 0.000000 0.244970
v 0.175773 0.000000 0.245367
v 0.175976 0.000000 0.245751
v 0.176208 0.000000 0.246121
v 0.176467 0.000000 0.246474
v 0.176752 0.000000 0.246808
v 0.177060 0.000000 0.247120
v 0.177390 0.000000 0.247408
v 0.177740 0.000000 0.247671
v 0.178108 0.000000 0.247904
v 0.178493 0.000000 0.248107
v 0.178800 0.000000 0.248246
v 0.179091 0.000000 0.248367
v 0.179376 0.000000 0.248471
v 0.179664 0.000000 0.248559
v 0.179963 0.000000 0.248633
v 0.180283 0.000000 0.248695
v 0.180634 0.000000 0.248746
v 0.181023 0.000000 0.248787
v 0.181459 0.000000 0.248821
v 0.181953 0.000000 0.248848
v 0.182513 0.000000 0.248871
v 0.183147 0.000000 0.248891
v 0.184026 0.000000 0.248910
v 0.184830 0.000000 0.248911
v 0.185565 0.000000 0.248894
v 0.186237 0.000000 0.248856
v 0.186851 0.000000 0.248798
v 0.187413 0.000000 0.248718
v 0.187929 0.000000 0.248616
v 0.188405 0.000000 0.248490
v 0.188846 0.000000 0.248340
v 0.189258 0.000000 0.248164
v 0.189646 0.000000 0.247963
v 0.190017 0.000000 0.247734
v 0.190437 0.000000 0.247435
v 0.190824 0.000000 0.247113
v 0.191180 0.000000 0.246766
v 0.191503 0.000000 0.246394
v 0.191794 0.000000 0.245998
v 0.192054 0.000000 0.245578
v 0.192281 0.000000 0.245133
v 0.192477 0.000000 0.244665
v 0.192641 0.000000 0.244171
v 0.192773 0.000000 0.243654
v 0.192873 0.000000 0.243111
v 0.192942 0.000000 0.242545
v 0.192943 0.000000 0.242534
v 0.192947 0.000000 0.242502
v 0.192952 0.000000 0.242454
v 0.192958 0.000000 0.242393
v 0.192965 0.000000 0.242325
v 0.192973 0.000000 0.242253
v 0.192981 0.000000 0.242180
v 0.192988 0.000000 0.242112
v 0.192995 0.000000 0.242052
v 0.193000 0.000000 0.242004
v 0.193003 0.000000 0.241972
v 0.193004 0.000000 0.241960
v 0.190714 0.000000 0.241960
v 0.188424 0.000000 0.241960
v 0.188424 0.000000 0.242309
v 0.188410 0.000000 0.242450
v 0.188371 0.000000 0.242619
v 0.188309 0.000000 0.242811
v 0.188229 0.000000 0.243017
v 0.188133 0.000000 0.243233
v 0.188026 0.000000 0.243450
v 0.187911 0.000000 0.243663
v 0.187790 0.000000 0.243864
v 0.187668 0.000000 0.244048
v 0.187549 0.000000 0.244207
v 0.187434 0.000000 0.244334
v 0.187329 0.000000 0.244424
v 0.187175 0.000000 0.244526
v 0.187019 0.000000 0.244614
v 0.186858 0.000000 0.244689
v 0.186685 0.000000 0.244753
v 0.186495 0.000000 0.244806
v 0.186284 0.000000 0.244849
v 0.186045 0.000000 0.244882
v 0.185775 0.000000 0.244908
v 0.185467 0.000000 0.244926
v 0.185117 0.000000 0.244938
v 0.184719 0.000000 0.244945
v 0.184268 0.000000 0.244947
v 0.183748 0.000000 0.244944
v 0.183294 0.000000 0.244935
v 0.182898 0.000000 0.244919
v 0.182555 0.000000 0.244894
v 0.182258 0.000000 0.244859
v 0.182001 0.000000 0.244813
v 0.181778 0.000000 0.244753
v 0.181583 0.000000 0.244679
v 0.181410 0.000000 0.244590
v 0.181252 0.000000 0.244483
v 0.181103 0.000000 0.244358
v 0.180957 0.000000 0.244212
v 0.180791 0.000000 0.244031
v 0.180651 0.000000 0.243853
v 0.180536 0.000000 0.243659
v 0.180443 0.000000 0.243429
v 0.180369 0.000000 0.243142
v 0.180313 0.000000 0.242780
v 0.180272 0.000000 0.242322
v 0.180244 0.000000 0.241749
v 0.180226 0.000000 0.241040
v 0.180216 0.000000 0.240176
v 0.180211 0.000000 0.239138
v 0.180210 0.000000 0.237904
v 0.180211 0.000000 0.236841
v 0.180212 0.000000 0.235942
v 0.180216 0.000000 0.235193
v 0.180223 0.000000 0.234577
v 0.180233 0.000000 0.234077
v 0.180248 0.000000 0.233678
v 0.180268 0.000000 0.233364
v 0.180293 0.000000 0.233118
v 0.180326 0.000000 0.232926
v 0.180366 0.000000 0.232770
v 0.180414 0.000000 0.232634
v 0.180472 0.000000 0.232504
v 0.180553 0.000000 0.232336
v 0.180640 0.000000 0.232177
v 0.180734 0.000000 0.232025
v 0.180834 0.000000 0.231880
v 0.180941 0.000000 0.231743
v 0.181055 0.000000 0.231613
v 0.181176 0.000000 0.231489
v 0.181304 0.000000 0.231373
v 0.181440 0.000000 0.231263
v 0.181582 0.000000 0.231160
v 0.181733 0.000000 0.231063
v 0.181891 0.000000 0.230973
v 0.181999 0.000000 0.230916
v 0.182105 0.000000 0.230867
v 0.182215 0.000000 0.230825
v 0.182334 0.000000 0.230792
v 0.182469 0.000000 0.230764
v 0.182626 0.000000 0.230743
v 0.182812 0.000000 0.230727
v 0.183032 0.000000 0.230715
v 0.183292 0.000000 0.230707
v 0.183600 0.000000 0.230703
v 0.183960 0.000000 0.230700
v 0.184380 0.000000 0.230700
v 0.184799 0.000000 0.230700
v 0.185159 0.000000 0.230702
v 0.185467 0.000000 0.230707
v 0.185727 0.000000 0.230715
v 0.185947 0.000000 0.230727
v 0.186133 0.000000 0.230743
v 0.186290 0.000000 0.230764
v 0.186425 0.000000 0.230792
v 0.186545 0.000000 0.230825
v 0.186654 0.000000 0.230867
v 0.186760 0.000000 0.230916
v 0.186869 0.000000 0.230973
v 0.187000 0.000000 0.231049
v 0.187146 0.000000 0.231150
v 0.187304 0.000000 0.231272
v 0.187469 0.000000 0.231408
v 0.187635 0.000000 0.231555
v 0.187797 0.000000 0.231707
v 0.187952 0.000000 0.231861
v 0.188094 0.000000 0.232011
v 0.188218 0.000000 0.232153
v 0.188320 0.000000 0.232281
v 0.188394 0.000000 0.232391
v 0.188437 0.000000 0.232479
v 0.188459 0.000000 0.232498
v 0.188508 0.000000 0.232508
v 0.188583 0.000000 0.232506
v 0.188686 0.000000 0.232494
v 0.188817 0.000000 0.232471
v 0.188975 0.000000 0.232437
v 0.189162 0.000000 0.232392
v 0.189378 0.000000 0.232335
v 0.189623 0.000000 0.232267
v 0.189899 0.000000 0.232188
v 0.190204 0.000000 0.232096
v 0.190540 0.000000 0.231994
v 0.190819 0.000000 0.231907
v 0.191088 0.000000 0.231823
v 0.191345 0.000000 0.231741
v 0.191587 0.000000 0.231663
v 0.191812 0.000000 0.231589
v 0.192016 0.000000 0.231521
v 0.192198 0.000000 0.231459
v 0.192355 0.000000 0.231404
v 0.192485 0.000000 0.231357
v 0.192584 0.000000 0.231318
v 0.192650 0.000000 0.231290
v 0.192681 0.000000 0.231272
v 0.192688 0.000000 0.231250
v 0.192686 0.000000 0.231210
v 0.192676 0.000000 0.231154
v 0.192656 0.000000 0.231083
v 0.192629 0.000000 0.230999
v 0.192594 0.000000 0.230902
v 0.192551 0.000000 0.230794
v 0.192502 0.000000 0.230676
v 0.192446 0.000000 0.230551
v 0.192385 0.000000 0.230419
v 0.192317 0.000000 0.230281
v 0.192245 0.000000 0.230140
v 0.192005 0.000000 0.229693
v 0.191739 0.000000 0.229268
v 0.191448 0.000000 0.228866
v 0.191133 0.000000 0.228488
v 0.190797 0.000000 0.228135
v 0.190439 0.000000 0.227808
v 0.190061 0.000000 0.227508
v 0.189665 0.000000 0.227237
v 0.189251 0.000000 0.226995
v 0.188820 0.000000 0.226784
v 0.188374 0.000000 0.226604
v 0.187914 0.000000 0.226456
v 0.187647 0.000000 0.226403
v 0.187257 0.000000 0.226355
v 0.186768 0.000000 0.226312
v 0.186202 0.000000 0.226276
v 0.185580 0.000000 0.226247
v 0.184926 0.000000 0.226225
v 0.184261 0.000000 0.226211
v 0.183607 0.000000 0.226206
v 0.182987 0.000000 0.226210
v 0.182424 0.000000 0.226223
v 0.181939 0.000000 0.226247
v 0.025015 0.000000 0.228734
v 0.025009 0.000000 0.229283
v 0.024997 0.000000 0.229817
v 0.024979 0.000000 0.230334
v 0.024955 0.000000 0.230833
v 0.024925 0.000000 0.231311
v 0.024889 0.000000 0.231768
v 0.024849 0.000000 0.232202
v 0.024802 0.000000 0.232611
v 0.024751 0.000000 0.232994
v 0.024695 0.000000 0.233350
v 0.024633 0.000000 0.233676
v 0.024567 0.000000 0.233972
v 0.024410 0.000000 0.234530
v 0.024218 0.000000 0.235077
v 0.023992 0.000000 0.235612
v 0.023733 0.000000 0.236134
v 0.023442 0.000000 0.236642
v 0.023119 0.000000 0.237136
v 0.022765 0.000000 0.237613
v 0.022382 0.000000 0.238073
v 0.021968 0.000000 0.238514
v 0.021527 0.000000 0.238937
v 0.021057 0.000000 0.239339
v 0.020560 0.000000 0.239721
v 0.020545 0.000000 0.239732
v 0.020503 0.000000 0.239762
v 0.020439 0.000000 0.239808
v 0.020360 0.000000 0.239866
v 0.020270 0.000000 0.239931
v 0.020174 0.000000 0.240001
v 0.020079 0.000000 0.240070
v 0.019988 0.000000 0.240135
v 0.019909 0.000000 0.240193
v 0.019845 0.000000 0.240239
v 0.019803 0.000000 0.240269
v 0.019788 0.000000 0.240280
v 0.019788 0.000000 0.242172
v 0.019789 0.000000 0.242523
v 0.019792 0.000000 0.242831
v 0.019796 0.000000 0.243099
v 0.019803 0.000000 0.243329
v 0.019811 0.000000 0.243523
v 0.019823 0.000000 0.243684
v 0.019836 0.000000 0.243813
v 0.019853 0.000000 0.243914
v 0.019872 0.000000 0.243988
v 0.019895 0.000000 0.244038
v 0.019921 0.000000 0.244067
v 0.019950 0.000000 0.244076
v 0.020063 0.000000 0.244054
v 0.020239 0.000000 0.243992
v 0.020469 0.000000 0.243895
v 0.020741 0.000000 0.243769
v 0.021045 0.000000 0.243619
v 0.021372 0.000000 0.243450
v 0.021711 0.000000 0.243269
v 0.022051 0.000000 0.243080
v 0.022383 0.000000 0.242889
v 0.022696 0.000000 0.242702
v 0.022979 0.000000 0.242523
v 0.023223 0.000000 0.242358
v 0.023518 0.000000 0.242143
v 0.023809 0.000000 0.241919
v 0.024097 0.000000 0.241689
v 0.024378 0.000000 0.241454
v 0.024652 0.000000 0.241215
v 0.024917 0.000000 0.240973
v 0.025173 0.000000 0.240728
v 0.025416 0.000000 0.240484
v 0.025647 0.000000 0.240239
v 0.025864 0.000000 0.239997
v 0.026064 0.000000 0.239757
v 0.026247 0.000000 0.239521
v 0.026259 0.000000 0.239507
v 0.026291 0.000000 0.239465
v 0.026339 0.000000 0.239403
v 0.026399 0.000000 0.239325
v 0.026468 0.000000 0.239236
v 0.026540 0.000000 0.239142
v 0.026612 0.000000 0.239048
v 0.026681 0.000000 0.238959
v 0.026741 0.000000 0.238881
v 0.026789 0.000000 0.238819
v 0.026821 0.000000 0.238777
v 0.026832 0.000000 0.238762
v 0.027318 0.000000 0.239447
v 0.027501 0.000000 0.239685
v 0.027714 0.000000 0.239937
v 0.027951 0.000000 0.240200
v 0.028211 0.000000 0.240470
v 0.028489 0.000000 0.240744
v 0.028782 0.000000 0.241019
v 0.029086 0.000000 0.241292
v 0.029399 0.000000 0.241559
v 0.029717 0.000000 0.241818
v 0.030037 0.000000 0.242064
v 0.030354 0.000000 0.242295
v 0.030666 0.000000 0.242508
v 0.030934 0.000000 0.242682
v 0.031224 0.000000 0.242862
v 0.031528 0.000000 0.243041
v 0.031840 0.000000 0.243218
v 0.032150 0.000000 0.243389
v 0.032453 0.000000 0.243548
v 0.032741 0.000000 0.243694
v 0.033005 0.000000 0.243821
v 0.033240 0.000000 0.243927
v 0.033437 0.000000 0.244007
v 0.033590 0.000000 0.244058
v 0.033690 0.000000 0.244076
v 0.033719 0.000000 0.244066
v 0.033745 0.000000 0.244036
v 0.033768 0.000000 0.243983
v 0.033787 0.000000 0.243905
v 0.033804 0.000000 0.243801
v 0.033817 0.000000 0.243668
v 0.033829 0.000000 0.243505
v 0.033837 0.000000 0.243309
v 0.033844 0.000000 0.243078
v 0.033848 0.000000 0.242811
v 0.033851 0.000000 0.242505
v 0.033852 0.000000 0.242159
v 0.033852 0.000000 0.242122
v 0.033852 0.000000 0.242017
v 0.033852 0.000000 0.241860
v 0.033852 0.000000 0.241663
v 0.033852 0.000000 0.241439
v 0.033852 0.000000 0.241201
v 0.033852 0.000000 0.240964
v 0.033852 0.000000 0.240740
v 0.033852 0.000000 0.240543
v 0.033852 0.000000 0.240385
v 0.033852 0.000000 0.240281
v 0.033852 0.000000 0.240243
v 0.033254 0.000000 0.239795
v 0.033032 0.000000 0.239622
v 0.032791 0.000000 0.239417
v 0.032538 0.000000 0.239186
v 0.032276 0.000000 0.238933
v 0.032012 0.000000 0.238666
v 0.031750 0.000000 0.238389
v 0.031496 0.000000 0.238108
v 0.031254 0.000000 0.237828
v 0.031030 0.000000 0.237556
v 0.030829 0.000000 0.237295
v 0.030656 0.000000 0.237053
v 0.030516 0.000000 0.236834
v 0.030283 0.000000 0.236410
v 0.030072 0.000000 0.235971
v 0.029884 0.000000 0.235509
v 0.029717 0.000000 0.235021
v 0.029571 0.000000 0.234501
v 0.029444 0.000000 0.233944
v 0.029336 0.000000 0.233345
v 0.029245 0.000000 0.232699
v 0.029170 0.000000 0.232001
v 0.029111 0.000000 0.231246
v 0.029067 0.000000 0.230428
v 0.029035 0.000000 0.229542
v 0.029034 0.000000 0.229490
v 0.029030 0.000000 0.229347
v 0.029024 0.000000 0.229130
v 0.029016 0.000000 0.228858
v 0.029007 0.000000 0.228550
v 0.028998 0.000000 0.228223
v 0.028989 0.000000 0.227897
v 0.028980 0.000000 0.227588
v 0.028972 0.000000 0.227317
v 0.028966 0.000000 0.227100
v 0.028962 0.000000 0.226956
v 0.028961 0.000000 0.226904
v 0.026994 0.000000 0.226904
v 0.025015 0.000000 0.226904
v 0.025015 0.000000 0.226940
v 0.025015 0.000000 0.227040
v 0.025015 0.000000 0.227190
v 0.025015 0.000000 0.227379
v 0.025015 0.000000 0.227592
v 0.025015 0.000000 0.227819
v 0.025015 0.000000 0.228046
v 0.025015 0.000000 0.228259
v 0.025015 0.000000 0.228448
v 0.025015 0.000000 0.228598
v 0.025015 0.000000 0.228698
v 0.195269 0.000000 0.237667
v 0.195269 0.000000 0.239223
v 0.207030 0.000000 0.239223
v 0.218791 0.000000 0.239223
v 0.218791 0.000000 0.237667
v 0.218791 0.000000 0.236112
v 0.207030 0.000000 0.236112
v 0.195269 0.000000 0.236112
v 0.073304 0.000000 0.238041
v 0.073304 0.000000 0.239596
v 0.077909 0.000000 0.239596
v 0.082513 0.000000 0.239596
v 0.082513 0.000000 0.240654
v 0.082513 0.000000 0.241711
v 0.080933 0.000000 0.241711
v 0.080272 0.000000 0.241720
v 0.079664 0.000000 0.241746
v 0.079104 0.000000 0.241790
v 0.078591 0.000000 0.241853
v 0.078122 0.000000 0.241936
v 0.077692 0.000000 0.242040
v 0.077301 0.000000 0.242165
v 0.076944 0.000000 0.242312
v 0.076619 0.000000 0.242483
v 0.076323 0.000000 0.242678
v 0.076052 0.000000 0.242897
v 0.075805 0.000000 0.243142
v 0.075646 0.000000 0.243322
v 0.075510 0.000000 0.243500
v 0.075395 0.000000 0.243681
v 0.075300 0.000000 0.243874
v 0.075223 0.000000 0.244084
v 0.075163 0.000000 0.244318
v 0.075118 0.000000 0.244584
v 0.075087 0.000000 0.244887
v 0.075069 0.000000 0.245235
v 0.075061 0.000000 0.245634
v 0.075062 0.000000 0.246092
v 0.075071 0.000000 0.246614
v 0.075086 0.000000 0.247117
v 0.075106 0.000000 0.247555
v 0.075136 0.000000 0.247935
v 0.075176 0.000000 0.248265
v 0.075229 0.000000 0.248551
v 0.075298 0.000000 0.248802
v 0.075385 0.000000 0.249025
v 0.075493 0.000000 0.249227
v 0.075624 0.000000 0.249415
v 0.075780 0.000000 0.249598
v 0.075964 0.000000 0.249781
v 0.076179 0.000000 0.249973
v 0.076410 0.000000 0.250168
v 0.076627 0.000000 0.250329
v 0.076860 0.000000 0.250460
v 0.077141 0.000000 0.250564
v 0.077500 0.000000 0.250644
v 0.077969 0.000000 0.250703
v 0.078579 0.000000 0.250743
v 0.079361 0.000000 0.250768
v 0.080346 0.000000 0.250780
v 0.081565 0.000000 0.250783
v 0.083048 0.000000 0.250778
v 0.084828 0.000000 0.250770
v 0.086406 0.000000 0.250761
v 0.087728 0.000000 0.250753
v 0.088818 0.000000 0.250744
v 0.089701 0.000000 0.250733
v 0.090402 0.000000 0.250720
v 0.090945 0.000000 0.250703
v 0.091356 0.000000 0.250681
v 0.091659 0.000000 0.250653
v 0.091878 0.000000 0.250618
v 0.092039 0.000000 0.250574
v 0.092165 0.000000 0.250522
v 0.092283 0.000000 0.250459
v 0.092354 0.000000 0.250418
v 0.092429 0.000000 0.250373
v 0.092507 0.000000 0.250322
v 0.092587 0.000000 0.250267
v 0.092669 0.000000 0.250210
v 0.092750 0.000000 0.250149
v 0.092830 0.000000 0.250087
v 0.092908 0.000000 0.250024
v 0.092983 0.000000 0.249960
v 0.093054 0.000000 0.249897
v 0.093120 0.000000 0.249835
v 0.093179 0.000000 0.249774
v 0.093341 0.000000 0.249600
v 0.093479 0.000000 0.249431
v 0.093596 0.000000 0.249262
v 0.093692 0.000000 0.249083
v 0.093771 0.000000 0.248888
v 0.093833 0.000000 0.248669
v 0.093880 0.000000 0.248417
v 0.093915 0.000000 0.248126
v 0.093939 0.000000 0.247788
v 0.093954 0.000000 0.247396
v 0.093961 0.000000 0.246940
v 0.093963 0.000000 0.246415
v 0.093961 0.000000 0.245861
v 0.093951 0.000000 0.245384
v 0.093931 0.000000 0.244973
v 0.093899 0.000000 0.244621
v 0.093853 0.000000 0.244319
v 0.093789 0.000000 0.244057
v 0.093706 0.000000 0.243827
v 0.093600 0.000000 0.243621
v 0.093470 0.000000 0.243430
v 0.093312 0.000000 0.243244
v 0.093125 0.000000 0.243056
v 0.092905 0.000000 0.242856
v 0.092662 0.000000 0.242652
v 0.092426 0.000000 0.242475
v 0.092188 0.000000 0.242322
v 0.091942 0.000000 0.242193
v 0.091680 0.000000 0.242083
v 0.091395 0.000000 0.241993
v 0.091079 0.000000 0.241919
v 0.090724 0.000000 0.241861
v 0.090324 0.000000 0.241815
v 0.089870 0.000000 0.241780
v 0.089356 0.000000 0.241755
v 0.088774 0.000000 0.241736
v 0.088731 0.000000 0.241735
v 0.088614 0.000000 0.241733
v 0.088437 0.000000 0.241729
v 0.088215 0.000000 0.241723
v 0.087964 0.000000 0.241718
v 0.087697 0.000000 0.241711
v 0.087430 0.000000 0.241705
v 0.087179 0.000000 0.241699
v 0.086957 0.000000 0.241694
v 0.086780 0.000000 0.241690
v 0.086663 0.000000 0.241688
v 0.086620 0.000000 0.241687
v 0.086620 0.000000 0.240641
v 0.086620 0.000000 0.239596
v 0.091288 0.000000 0.239596
v 0.095955 0.000000 0.239596
v 0.095955 0.000000 0.238041
v 0.095955 0.000000 0.236485
v 0.084629 0.000000 0.236485
v 0.073304 0.000000 0.236485
v 0.089993 0.000000 0.245307
v 0.090068 0.000000 0.245387
v 0.090132 0.000000 0.245461
v 0.090186 0.000000 0.245531
v 0.090231 0.000000 0.245600
v 0.090267 0.000000 0.245672
v 0.090295 0.000000 0.245749
v 0.090317 0.000000 0.245835
v 0.090332 0.000000 0.245931
v 0.090343 0.000000 0.246042
v 0.090350 0.000000 0.246170
v 0.090353 0.000000 0.246318
v 0.090354 0.000000 0.246489
v 0.090353 0.000000 0.246658
v 0.090350 0.000000 0.246803
v 0.090344 0.000000 0.246928
v 0.090333 0.000000 0.247035
v 0.090318 0.000000 0.247127
v 0.090298 0.000000 0.247207
v 0.090272 0.000000 0.247276
v 0.090238 0.000000 0.247337
v 0.090197 0.000000 0.247394
v 0.090147 0.000000 0.247448
v 0.090087 0.000000 0.247503
v 0.090018 0.000000 0.247560
v 0.089939 0.000000 0.247620
v 0.089853 0.000000 0.247669
v 0.089741 0.000000 0.247710
v 0.089585 0.000000 0.247742
v 0.089367 0.000000 0.247766
v 0.089069 0.000000 0.247783
v 0.088673 0.000000 0.247795
v 0.088161 0.000000 0.247800
v 0.087515 0.000000 0.247801
v 0.086717 0.000000 0.247798
v 0.085749 0.000000 0.247792
v 0.084592 0.000000 0.247784
v 0.084492 0.000000 0.247783
v 0.084215 0.000000 0.247781
v 0.083797 0.000000 0.247778
v 0.083272 0.000000 0.247774
v 0.082677 0.000000 0.247769
v 0.082047 0.000000 0.247765
v 0.081416 0.000000 0.247760
v 0.080821 0.000000 0.247756
v 0.080297 0.000000 0.247752
v 0.079879 0.000000 0.247749
v 0.079602 0.000000 0.247747
v 0.079502 0.000000 0.247746
v 0.079265 0.000000 0.247448
v 0.079201 0.000000 0.247341
v 0.079146 0.000000 0.247199
v 0.079101 0.000000 0.247029
v 0.079066 0.000000 0.246839
v 0.079041 0.000000 0.246635
v 0.079027 0.000000 0.246424
v 0.079024 0.000000 0.246214
v 0.079033 0.000000 0.246012
v 0.079053 0.000000 0.245824
v 0.079086 0.000000 0.245658
v 0.079132 0.000000 0.245521
v 0.079191 0.000000 0.245419
v 0.079278 0.000000 0.245316
v 0.079378 0.000000 0.245230
v 0.079506 0.000000 0.245158
v 0.079680 0.000000 0.245100
v 0.079917 0.000000 0.245055
v 0.080233 0.000000 0.245020
v 0.080645 0.000000 0.244994
v 0.081169 0.000000 0.244975
v 0.081823 0.000000 0.244963
v 0.082623 0.000000 0.244955
v 0.083586 0.000000 0.244950
v 0.084729 0.000000 0.244947
v 0.084825 0.000000 0.244947
v 0.085092 0.000000 0.244947
v 0.085495 0.000000 0.244947
v 0.086000 0.000000 0.244947
v 0.086573 0.000000 0.244947
v 0.087180 0.000000 0.244947
v 0.087788 0.000000 0.244947
v 0.088361 0.000000 0.244947
v 0.088866 0.000000 0.244947
v 0.089269 0.000000 0.244947
v 0.089536 0.000000 0.244947
v 0.089632 0.000000 0.244947
v 0.089639 0.000000 0.244954
v 0.089659 0.000000 0.244973
v 0.089689 0.000000 0.245003
v 0.089726 0.000000 0.245040
v 0.089768 0.000000 0.245082
v 0.089813 0.000000 0.245127
v 0.089857 0.000000 0.245172
v 0.089900 0.000000 0.245214
v 0.089937 0.000000 0.245251
v 0.089966 0.000000 0.245281
v 0.089986 0.000000 0.245300
v 0.386892 0.000000 0.236946
v 0.386880 0.000000 0.236986
v 0.386869 0.000000 0.237086
v 0.386858 0.000000 0.237242
v 0.386848 0.000000 0.237448
v 0.386838 0.000000 0.237701
v 0.386830 0.000000 0.237997
v 0.386823 0.000000 0.238331
v 0.386817 0.000000 0.238700
v 0.386812 0.000000 0.239098
v 0.386808 0.000000 0.239522
v 0.386806 0.000000 0.239967
v 0.386805 0.000000 0.240430
v 0.386805 0.000000 0.240497
v 0.386805 0.000000 0.240681
v 0.386805 0.000000 0.240961
v 0.386805 0.000000 0.241310
v 0.386805 0.000000 0.241708
v 0.386805 0.000000 0.242128
v 0.386805 0.000000 0.242549
v 0.386805 0.000000 0.242946
v 0.386805 0.000000 0.243296
v 0.386805 0.000000 0.243575
v 0.386805 0.000000 0.243760
v 0.386805 0.000000 0.243827
v 0.383569 0.000000 0.243827
v 0.380333 0.000000 0.243827
v 0.380333 0.000000 0.245880
v 0.380333 0.000000 0.247933
v 0.392094 0.000000 0.247933
v 0.403855 0.000000 0.247933
v 0.403855 0.000000 0.245880
v 0.403855 0.000000 0.243827
v 0.400557 0.000000 0.243827
v 0.397259 0.000000 0.243827
v 0.397259 0.000000 0.240343
v 0.397259 0.000000 0.236859
v 0.395579 0.000000 0.236859
v 0.393899 0.000000 0.236859
v 0.393899 0.000000 0.240343
v 0.393899 0.000000 0.243827
v 0.392281 0.000000 0.243827
v 0.390663 0.000000 0.243827
v 0.390663 0.000000 0.240343
v 0.390663 0.000000 0.236859
v 0.388821 0.000000 0.236859
v 0.388570 0.000000 0.236859
v 0.388327 0.000000 0.236862
v 0.388095 0.000000 0.236865
v 0.387876 0.000000 0.236870
v 0.387673 0.000000 0.236876
v 0.387488 0.000000 0.236884
v 0.387324 0.000000 0.236892
v 0.387182 0.000000 0.236901
v 0.387066 0.000000 0.236911
v 0.386977 0.000000 0.236922
v 0.386919 0.000000 0.236934
v 0.325200 0.000000 0.240032
v 0.325200 0.000000 0.241960
v 0.329929 0.000000 0.241960
v 0.334659 0.000000 0.241960
v 0.334659 0.000000 0.246315
v 0.334659 0.000000 0.250670
v 0.336837 0.000000 0.250670
v 0.339015 0.000000 0.250670
v 0.339015 0.000000 0.246315
v 0.339015 0.000000 0.241960
v 0.344055 0.000000 0.241960
v 0.349095 0.000000 0.241960
v 0.349095 0.000000 0.240032
v 0.349095 0.000000 0.238103
v 0.337148 0.000000 0.238103
v 0.325200 0.000000 0.238103
v 0.198132 0.000000 0.241774
v 0.198132 0.000000 0.242956
v 0.205039 0.000000 0.242956
v 0.211946 0.000000 0.242956
v 0.211946 0.000000 0.243640
v 0.211946 0.000000 0.244324
v 0.205039 0.000000 0.244324
v 0.198132 0.000000 0.244324
v 0.198132 0.000000 0.247746
v 0.198132 0.000000 0.251168
v 0.207068 0.000000 0.251143
v 0.215991 0.000000 0.251106
v 0.215991 0.000000 0.249737
v 0.215991 0.000000 0.248368
v 0.208997 0.000000 0.248331
v 0.201990 0.000000 0.248306
v 0.201990 0.000000 0.247684
v 0.201990 0.000000 0.247062
v 0.209022 0.000000 0.247062
v 0.216053 0.000000 0.247062
v 0.216053 0.000000 0.243827
v 0.216053 0.000000 0.240592
v 0.207093 0.000000 0.240592
v 0.198132 0.000000 0.240592
v 0.101555 0.000000 0.246066
v 0.101555 0.000000 0.250546
v 0.110702 0.000000 0.250546
v 0.119850 0.000000 0.250546
v 0.119850 0.000000 0.248617
v 0.119850 0.000000 0.246689
v 0.112818 0.000000 0.246689
v 0.105786 0.000000 0.246689
v 0.105786 0.000000 0.244138
v 0.105786 0.000000 0.241587
v 0.103671 0.000000 0.241587
v 0.101555 0.000000 0.241587
v 0.052109 0.000000 0.241973
v 0.051882 0.000000 0.242014
v 0.051644 0.000000 0.242076
v 0.051399 0.000000 0.242154
v 0.051153 0.000000 0.242247
v 0.050908 0.000000 0.242354
v 0.050669 0.000000 0.242470
v 0.050439 0.000000 0.242596
v 0.050224 0.000000 0.242727
v 0.050026 0.000000 0.242862
v 0.049851 0.000000 0.242998
v 0.049702 0.000000 0.243134
v 0.049583 0.000000 0.243267
v 0.049447 0.000000 0.243453
v 0.049330 0.000000 0.243631
v 0.049231 0.000000 0.243807
v 0.049149 0.000000 0.243988
v 0.049081 0.000000 0.244182
v 0.049027 0.000000 0.244394
v 0.048986 0.000000 0.244633
v 0.048955 0.000000 0.244906
v 0.048933 0.000000 0.245218
v 0.048920 0.000000 0.245577
v 0.048913 0.000000 0.245990
v 0.048911 0.000000 0.246465
v 0.048912 0.000000 0.246833
v 0.048915 0.000000 0.247158
v 0.048921 0.000000 0.247443
v 0.048931 0.000000 0.247693
v 0.048943 0.000000 0.247910
v 0.048959 0.000000 0.248099
v 0.048979 0.000000 0.248264
v 0.049003 0.000000 0.248409
v 0.049031 0.000000 0.248538
v 0.049065 0.000000 0.248654
v 0.049103 0.000000 0.248763
v 0.049147 0.000000 0.248866
v 0.049232 0.000000 0.249036
v 0.049335 0.000000 0.249205
v 0.049456 0.000000 0.249370
v 0.049592 0.000000 0.249531
v 0.049743 0.000000 0.249686
v 0.049906 0.000000 0.249835
v 0.050081 0.000000 0.249976
v 0.050266 0.000000 0.250109
v 0.050460 0.000000 0.250233
v 0.050660 0.000000 0.250345
v 0.050866 0.000000 0.250446
v 0.051076 0.000000 0.250533
v 0.051241 0.000000 0.250591
v 0.051410 0.000000 0.250639
v 0.051605 0.000000 0.250679
v 0.051851 0.000000 0.250712
v 0.052171 0.000000 0.250738
v 0.052590 0.000000 0.250757
v 0.053130 0.000000 0.250772
v 0.053815 0.000000 0.250782
v 0.054669 0.000000 0.250789
v 0.055716 0.000000 0.250793
v 0.056979 0.000000 0.250794
v 0.058481 0.000000 0.250795
v 0.060205 0.000000 0.250794
v 0.061647 0.000000 0.250790
v 0.062839 0.000000 0.250780
v 0.063807 0.000000 0.250761
v 0.064581 0.000000 0.250731
v 0.065189 0.000000 0.250686
v 0.065661 0.000000 0.250624
v 0.066024 0.000000 0.250542
v 0.066308 0.000000 0.250438
v 0.066541 0.000000 0.250308
v 0.066752 0.000000 0.250150
v 0.066969 0.000000 0.249961
v 0.067180 0.000000 0.249763
v 0.067361 0.000000 0.249576
v 0.067515 0.000000 0.249391
v 0.067642 0.000000 0.249202
v 0.067748 0.000000 0.249001
v 0.067832 0.000000 0.248780
v 0.067899 0.000000 0.248533
v 0.067951 0.000000 0.248252
v 0.067989 0.000000 0.247930
v 0.068017 0.000000 0.247558
v 0.068037 0.000000 0.247130
v 0.068052 0.000000 0.246639
v 0.068063 0.000000 0.246092
v 0.068066 0.000000 0.245617
v 0.068057 0.000000 0.245205
v 0.068035 0.000000 0.244848
v 0.067998 0.000000 0.244539
v 0.067944 0.000000 0.244268
v 0.067872 0.000000 0.244029
v 0.067778 0.000000 0.243813
v 0.067662 0.000000 0.243612
v 0.067520 0.000000 0.243417
v 0.067352 0.000000 0.243222
v 0.067156 0.000000 0.243018
v 0.066896 0.000000 0.242761
v 0.066657 0.000000 0.242547
v 0.066410 0.000000 0.242372
v 0.066126 0.000000 0.242232
v 0.065775 0.000000 0.242123
v 0.065328 0.000000 0.242041
v 0.064756 0.000000 0.241982
v 0.064029 0.000000 0.241941
v 0.063118 0.000000 0.241916
v 0.061995 0.000000 0.241900
v 0.060629 0.000000 0.241892
v 0.058992 0.000000 0.241886
v 0.058153 0.000000 0.241884
v 0.057334 0.000000 0.241883
v 0.056544 0.000000 0.241885
v 0.055791 0.000000 0.241889
v 0.055084 0.000000 0.241894
v 0.054430 0.000000 0.241901
v 0.053839 0.000000 0.241910
v 0.053318 0.000000 0.241920
v 0.052877 0.000000 0.241931
v 0.052522 0.000000 0.241944
v 0.052264 0.000000 0.241958
v 0.063447 0.000000 0.245270
v 0.063598 0.000000 0.245306
v 0.063734 0.000000 0.245352
v 0.063855 0.000000 0.245407
v 0.063961 0.000000 0.245474
v 0.064054 0.000000 0.245551
v 0.064133 0.000000 0.245640
v 0.064199 0.000000 0.245741
v 0.064252 0.000000 0.245854
v 0.064292 0.000000 0.245980
v 0.064321 0.000000 0.246120
v 0.064338 0.000000 0.246273
v 0.064343 0.000000 0.246440
v 0.064343 0.000000 0.246762
v 0.064327 0.000000 0.247029
v 0.064274 0.000000 0.247247
v 0.064162 0.000000 0.247419
v 0.063969 0.000000 0.247553
v 0.063673 0.000000 0.247651
v 0.063251 0.000000 0.247721
v 0.062682 0.000000 0.247766
v 0.061944 0.000000 0.247792
v 0.061014 0.000000 0.247805
v 0.059872 0.000000 0.247808
v 0.058494 0.000000 0.247808
v 0.058396 0.000000 0.247808
v 0.058124 0.000000 0.247808
v 0.057714 0.000000 0.247808
v 0.057200 0.000000 0.247808
v 0.056616 0.000000 0.247808
v 0.055998 0.000000 0.247808
v 0.055380 0.000000 0.247808
v 0.054797 0.000000 0.247808
v 0.054283 0.000000 0.247808
v 0.053873 0.000000 0.247808
v 0.053601 0.000000 0.247808
v 0.053503 0.000000 0.247808
v 0.053204 0.000000 0.247497
v 0.053146 0.000000 0.247439
v 0.053095 0.000000 0.247382
v 0.053051 0.000000 0.247324
v 0.053013 0.000000 0.247265
v 0.052981 0.000000 0.247203
v 0.052955 0.000000 0.247138
v 0.052935 0.000000 0.247068
v 0.052919 0.000000 0.246991
v 0.052907 0.000000 0.246908
v 0.052899 0.000000 0.246816
v 0.052895 0.000000 0.246714
v 0.052893 0.000000 0.246601
v 0.052898 0.000000 0.246428
v 0.052913 0.000000 0.246268
v 0.052939 0.000000 0.246121
v 0.052975 0.000000 0.245988
v 0.053022 0.000000 0.245866
v 0.053080 0.000000 0.245757
v 0.053149 0.000000 0.245659
v 0.053231 0.000000 0.245573
v 0.053324 0.000000 0.245497
v 0.053429 0.000000 0.245432
v 0.053547 0.000000 0.245377
v 0.053677 0.000000 0.245332
v 0.053949 0.000000 0.245303
v 0.054510 0.000000 0.245276
v 0.055302 0.000000 0.245253
v 0.056268 0.000000 0.245233
v 0.057352 0.000000 0.245218
v 0.058497 0.000000 0.245208
v 0.059645 0.000000 0.245203
v 0.060740 0.000000 0.245203
v 0.061724 0.000000 0.245210
v 0.062542 0.000000 0.245223
v 0.063135 0.000000 0.245243
v 0.406618 0.000000 0.247149
v 0.406656 0.000000 0.248866
v 0.408373 0.000000 0.248903
v 0.410078 0.000000 0.248941
v 0.410078 0.000000 0.247186
v 0.410078 0.000000 0.245444
v 0.408336 0.000000 0.245444
v 0.406581 0.000000 0.245444
v 0.085500 0.000000 0.258820
v 0.085500 0.000000 0.260376
v 0.094648 0.000000 0.260376
v 0.103795 0.000000 0.260376
v 0.103795 0.000000 0.258820
v 0.103795 0.000000 0.257265
v 0.094648 0.000000 0.257265
v 0.085500 0.000000 0.257265
v 0.155568 0.000000 0.270517
v 0.155568 0.000000 0.283644
v 0.157622 0.000000 0.283644
v 0.159675 0.000000 0.283644
v 0.159675 0.000000 0.270517
v 0.159675 0.000000 0.257389
v 0.157622 0.000000 0.257389
v 0.155568 0.000000 0.257389
v 0.216800 0.000000 0.270517
v 0.216800 0.000000 0.283644
v 0.218854 0.000000 0.283644
v 0.220907 0.000000 0.283644
v 0.220907 0.000000 0.270517
v 0.220907 0.000000 0.257389
v 0.218854 0.000000 0.257389
v 0.216800 0.000000 0.257389
v 0.125326 0.000000 0.261931
v 0.125326 0.000000 0.266348
v 0.123770 0.000000 0.266348
v 0.122214 0.000000 0.266348
v 0.122214 0.000000 0.268588
v 0.122214 0.000000 0.270828
v 0.123770 0.000000 0.270828
v 0.125326 0.000000 0.270828
v 0.125326 0.000000 0.277236
v 0.125326 0.000000 0.283644
v 0.127130 0.000000 0.283644
v 0.128935 0.000000 0.283644
v 0.128935 0.000000 0.270579
v 0.128935 0.000000 0.257514
v 0.127130 0.000000 0.257514
v 0.125326 0.000000 0.257514
v 0.109520 0.000000 0.261869
v 0.109520 0.000000 0.263735
v 0.113440 0.000000 0.263735
v 0.117361 0.000000 0.263735
v 0.117361 0.000000 0.265353
v 0.117361 0.000000 0.266970
v 0.113627 0.000000 0.266970
v 0.109893 0.000000 0.266970
v 0.109893 0.000000 0.272694
v 0.109893 0.000000 0.278418
v 0.116241 0.000000 0.278418
v 0.122600 0.000000 0.278418
v 0.122563 0.000000 0.276763
v 0.122526 0.000000 0.275120
v 0.118269 0.000000 0.275083
v 0.114000 0.000000 0.275058
v 0.114000 0.000000 0.272881
v 0.114000 0.000000 0.270703
v 0.117523 0.000000 0.270678
v 0.121032 0.000000 0.270641
v 0.121070 0.000000 0.265315
v 0.121094 0.000000 0.260002
v 0.115307 0.000000 0.260002
v 0.109520 0.000000 0.260002
v 0.131424 0.000000 0.270579
v 0.131424 0.000000 0.283644
v 0.133291 0.000000 0.283644
v 0.135158 0.000000 0.283644
v 0.135158 0.000000 0.270579
v 0.135158 0.000000 0.257514
v 0.133291 0.000000 0.257514
v 0.131424 0.000000 0.257514
v 0.177186 0.000000 0.257725
v 0.177174 0.000000 0.257752
v 0.177162 0.000000 0.257810
v 0.177152 0.000000 0.257899
v 0.177141 0.000000 0.258015
v 0.177132 0.000000 0.258157
v 0.177124 0.000000 0.258321
v 0.177117 0.000000 0.258506
v 0.177111 0.000000 0.258709
v 0.177106 0.000000 0.258927
v 0.177102 0.000000 0.259160
v 0.177100 0.000000 0.259402
v 0.177099 0.000000 0.259654
v 0.177099 0.000000 0.259690
v 0.177099 0.000000 0.259790
v 0.177099 0.000000 0.259942
v 0.177099 0.000000 0.260131
v 0.177099 0.000000 0.260347
v 0.177099 0.000000 0.260575
v 0.177099 0.000000 0.260803
v 0.177099 0.000000 0.261018
v 0.177099 0.000000 0.261208
v 0.177099 0.000000 0.261359
v 0.177099 0.000000 0.261459
v 0.177099 0.000000 0.261496
v 0.183844 0.000000 0.261496
v 0.190577 0.000000 0.261496
v 0.190503 0.000000 0.262827
v 0.190474 0.000000 0.263174
v 0.190433 0.000000 0.263545
v 0.190380 0.000000 0.263934
v 0.190317 0.000000 0.264333
v 0.190246 0.000000 0.264737
v 0.190167 0.000000 0.265138
v 0.190081 0.000000 0.265531
v 0.189991 0.000000 0.265908
v 0.189897 0.000000 0.266264
v 0.189801 0.000000 0.266590
v 0.189704 0.000000 0.266882
v 0.189607 0.000000 0.267132
v 0.189603 0.000000 0.267141
v 0.189593 0.000000 0.267167
v 0.189578 0.000000 0.267206
v 0.189558 0.000000 0.267255
v 0.189536 0.000000 0.267310
v 0.189513 0.000000 0.267369
v 0.189490 0.000000 0.267427
v 0.189468 0.000000 0.267482
v 0.189449 0.000000 0.267531
v 0.189434 0.000000 0.267570
v 0.189424 0.000000 0.267596
v 0.189420 0.000000 0.267605
v 0.191362 0.000000 0.267568
v 0.193315 0.000000 0.267530
v 0.193490 0.000000 0.267033
v 0.193517 0.000000 0.266953
v 0.193549 0.000000 0.266854
v 0.193585 0.000000 0.266737
v 0.193624 0.000000 0.266604
v 0.193666 0.000000 0.266457
v 0.193711 0.000000 0.266298
v 0.193756 0.000000 0.266131
v 0.193803 0.000000 0.265956
v 0.193850 0.000000 0.265776
v 0.193897 0.000000 0.265594
v 0.193943 0.000000 0.265410
v 0.193988 0.000000 0.265228
v 0.194054 0.000000 0.264947
v 0.194111 0.000000 0.264685
v 0.194160 0.000000 0.264433
v 0.194200 0.000000 0.264179
v 0.194235 0.000000 0.263912
v 0.194263 0.000000 0.263622
v 0.194286 0.000000 0.263297
v 0.194306 0.000000 0.262927
v 0.194322 0.000000 0.262500
v 0.194336 0.000000 0.262007
v 0.194349 0.000000 0.261435
v 0.194361 0.000000 0.260774
v 0.194362 0.000000 0.260712
v 0.194365 0.000000 0.260542
v 0.194371 0.000000 0.260284
v 0.194377 0.000000 0.259961
v 0.194384 0.000000 0.259594
v 0.194392 0.000000 0.259206
v 0.194400 0.000000 0.258818
v 0.194407 0.000000 0.258451
v 0.194413 0.000000 0.258128
v 0.194418 0.000000 0.257871
v 0.194422 0.000000 0.257700
v 0.194423 0.000000 0.257638
v 0.185848 0.000000 0.257638
v 0.184688 0.000000 0.257639
v 0.183571 0.000000 0.257641
v 0.182510 0.000000 0.257645
v 0.181514 0.000000 0.257650
v 0.180595 0.000000 0.257656
v 0.179762 0.000000 0.257663
v 0.179027 0.000000 0.257671
v 0.178400 0.000000 0.257681
v 0.177892 0.000000 0.257691
v 0.177513 0.000000 0.257702
v 0.177274 0.000000 0.257713
v 0.037050 0.000000 0.257850
v 0.037038 0.000000 0.257977
v 0.037026 0.000000 0.258330
v 0.037016 0.000000 0.258892
v 0.037005 0.000000 0.259648
v 0.036996 0.000000 0.260582
v 0.036988 0.000000 0.261679
v 0.036981 0.000000 0.262923
v 0.036975 0.000000 0.264297
v 0.036970 0.000000 0.265787
v 0.036966 0.000000 0.267376
v 0.036964 0.000000 0.269049
v 0.036963 0.000000 0.270790
v 0.036963 0.000000 0.271043
v 0.036963 0.000000 0.271742
v 0.036963 0.000000 0.272799
v 0.036963 0.000000 0.274123
v 0.036963 0.000000 0.275625
v 0.036963 0.000000 0.277217
v 0.036963 0.000000 0.278809
v 0.036963 0.000000 0.280311
v 0.036963 0.000000 0.281635
v 0.036963 0.000000 0.282692
v 0.036963 0.000000 0.283391
v 0.036963 0.000000 0.283644
v 0.038954 0.000000 0.283644
v 0.040946 0.000000 0.283644
v 0.040970 0.000000 0.276950
v 0.041008 0.000000 0.270268
v 0.042788 0.000000 0.270230
v 0.044555 0.000000 0.270193
v 0.044555 0.000000 0.268215
v 0.044555 0.000000 0.266224
v 0.042750 0.000000 0.266224
v 0.040946 0.000000 0.266224
v 0.040946 0.000000 0.261993
v 0.040946 0.000000 0.257763
v 0.039041 0.000000 0.257763
v 0.038781 0.000000 0.257763
v 0.038529 0.000000 0.257766
v 0.038289 0.000000 0.257769
v 0.038063 0.000000 0.257774
v 0.037854 0.000000 0.257780
v 0.037663 0.000000 0.257788
v 0.037494 0.000000 0.257796
v 0.037348 0.000000 0.257805
v 0.037228 0.000000 0.257815
v 0.037137 0.000000 0.257826
v 0.037077 0.000000 0.257838
v 0.049035 0.000000 0.265851
v 0.049035 0.000000 0.272694
v 0.058407 0.000000 0.272669
v 0.067766 0.000000 0.272632
v 0.067766 0.000000 0.265851
v 0.067766 0.000000 0.259069
v 0.065812 0.000000 0.259032
v 0.063845 0.000000 0.258995
v 0.063845 0.000000 0.261184
v 0.063845 0.000000 0.263362
v 0.058369 0.000000 0.263362
v 0.052893 0.000000 0.263362
v 0.052893 0.000000 0.261184
v 0.052893 0.000000 0.259007
v 0.050964 0.000000 0.259007
v 0.049035 0.000000 0.259007
v 0.063845 0.000000 0.267841
v 0.063845 0.000000 0.269086
v 0.058369 0.000000 0.269086
v 0.052893 0.000000 0.269086
v 0.052893 0.000000 0.267841
v 0.052893 0.000000 0.266597
v 0.058369 0.000000 0.266597
v 0.063845 0.000000 0.266597
v 0.142750 0.000000 0.259704
v 0.142305 0.000000 0.259846
v 0.141881 0.000000 0.260024
v 0.141479 0.000000 0.260236
v 0.141100 0.000000 0.260481
v 0.140746 0.000000 0.260757
v 0.140418 0.000000 0.261063
v 0.140116 0.000000 0.261398
v 0.139844 0.000000 0.261759
v 0.139601 0.000000 0.262146
v 0.139390 0.000000 0.262558
v 0.139211 0.000000 0.262993
v 0.139066 0.000000 0.263449
v 0.139017 0.000000 0.263637
v 0.138975 0.000000 0.263831
v 0.138939 0.000000 0.264044
v 0.138910 0.000000 0.264289
v 0.138887 0.000000 0.264579
v 0.138868 0.000000 0.264927
v 0.138854 0.000000 0.265345
v 0.138843 0.000000 0.265848
v 0.138836 0.000000 0.266448
v 0.138832 0.000000 0.267158
v 0.138830 0.000000 0.267992
v 0.138829 0.000000 0.268961
v 0.138831 0.000000 0.270189
v 0.138838 0.000000 0.271235
v 0.138853 0.000000 0.272118
v 0.138878 0.000000 0.272860
v 0.138916 0.000000 0.273478
v 0.138971 0.000000 0.273994
v 0.139043 0.000000 0.274427
v 0.139137 0.000000 0.274797
v 0.139254 0.000000 0.275124
v 0.139398 0.000000 0.275427
v 0.139571 0.000000 0.275726
v 0.139775 0.000000 0.276041
v 0.139903 0.000000 0.276227
v 0.140033 0.000000 0.276400
v 0.140167 0.000000 0.276560
v 0.140307 0.000000 0.276711
v 0.140454 0.000000 0.276852
v 0.140609 0.000000 0.276985
v 0.140775 0.000000 0.277112
v 0.140952 0.000000 0.277234
v 0.141144 0.000000 0.277352
v 0.141350 0.000000 0.277467
v 0.141574 0.000000 0.277582
v 0.141816 0.000000 0.277696
v 0.141961 0.000000 0.277759
v 0.142098 0.000000 0.277812
v 0.142243 0.000000 0.277856
v 0.142407 0.000000 0.277892
v 0.142605 0.000000 0.277920
v 0.142849 0.000000 0.277942
v 0.143154 0.000000 0.277958
v 0.143532 0.000000 0.277969
v 0.143997 0.000000 0.277976
v 0.144562 0.000000 0.277980
v 0.145241 0.000000 0.277982
v 0.146048 0.000000 0.277982
v 0.146119 0.000000 0.277982
v 0.146315 0.000000 0.277982
v 0.146612 0.000000 0.277982
v 0.146983 0.000000 0.277982
v 0.147405 0.000000 0.277982
v 0.147852 0.000000 0.277982
v 0.148299 0.000000 0.277982
v 0.148721 0.000000 0.277982
v 0.149093 0.000000 0.277982
v 0.149389 0.000000 0.277982
v 0.149586 0.000000 0.277982
v 0.149657 0.000000 0.277982
v 0.150279 0.000000 0.277646
v 0.150599 0.000000 0.277456
v 0.150905 0.000000 0.277234
v 0.151194 0.000000 0.276982
v 0.151466 0.000000 0.276704
v 0.151720 0.000000 0.276401
v 0.151953 0.000000 0.276075
v 0.152164 0.000000 0.275730
v 0.152352 0.000000 0.275366
v 0.152516 0.000000 0.274987
v 0.152653 0.000000 0.274594
v 0.152762 0.000000 0.274190
v 0.152843 0.000000 0.273777
v 0.152861 0.000000 0.273621
v 0.152877 0.000000 0.273401
v 0.152891 0.000000 0.273120
v 0.152904 0.000000 0.272782
v 0.152915 0.000000 0.272391
v 0.152924 0.000000 0.271951
v 0.152930 0.000000 0.271465
v 0.152935 0.000000 0.270939
v 0.152937 0.000000 0.270375
v 0.152937 0.000000 0.269778
v 0.152935 0.000000 0.269152
v 0.152930 0.000000 0.268501
v 0.152918 0.000000 0.267534
v 0.152907 0.000000 0.266712
v 0.152895 0.000000 0.266021
v 0.152882 0.000000 0.265447
v 0.152866 0.000000 0.264973
v 0.152847 0.000000 0.264586
v 0.152824 0.000000 0.264270
v 0.152795 0.000000 0.264010
v 0.152760 0.000000 0.263792
v 0.152718 0.000000 0.263601
v 0.152667 0.000000 0.263421
v 0.152606 0.000000 0.263238
v 0.152466 0.000000 0.262855
v 0.152300 0.000000 0.262487
v 0.152109 0.000000 0.262135
v 0.151896 0.000000 0.261799
v 0.151660 0.000000 0.261481
v 0.151402 0.000000 0.261181
v 0.151125 0.000000 0.260902
v 0.150828 0.000000 0.260645
v 0.150513 0.000000 0.260410
v 0.150181 0.000000 0.260199
v 0.149833 0.000000 0.260013
v 0.149470 0.000000 0.259853
v 0.149320 0.000000 0.259795
v 0.149174 0.000000 0.259745
v 0.149024 0.000000 0.259703
v 0.148862 0.000000 0.259667
v 0.148679 0.000000 0.259638
v 0.148467 0.000000 0.259613
v 0.148217 0.000000 0.259594
v 0.147921 0.000000 0.259578
v 0.147571 0.000000 0.259566
v 0.147158 0.000000 0.259556
v 0.146674 0.000000 0.259549
v 0.146110 0.000000 0.259542
v 0.145617 0.000000 0.259537
v 0.145176 0.000000 0.259535
v 0.144783 0.000000 0.259536
v 0.144434 0.000000 0.259540
v 0.144124 0.000000 0.259547
v 0.143851 0.000000 0.259558
v 0.143610 0.000000 0.259572
v 0.143397 0.000000 0.259590
v 0.143208 0.000000 0.259612
v 0.143040 0.000000 0.259638
v 0.142888 0.000000 0.259669
v 0.147939 0.000000 0.263462
v 0.147995 0.000000 0.263505
v 0.148054 0.000000 0.263558
v 0.148117 0.000000 0.263622
v 0.148182 0.000000 0.263693
v 0.148248 0.000000 0.263771
v 0.148314 0.000000 0.263855
v 0.148380 0.000000 0.263943
v 0.148444 0.000000 0.264035
v 0.148505 0.000000 0.264128
v 0.148562 0.000000 0.264222
v 0.148614 0.000000 0.264316
v 0.148661 0.000000 0.264407
v 0.148667 0.000000 0.264420
v 0.148685 0.000000 0.264456
v 0.148712 0.000000 0.264510
v 0.148745 0.000000 0.264578
v 0.148783 0.000000 0.264655
v 0.148823 0.000000 0.264737
v 0.148863 0.000000 0.264819
v 0.148901 0.000000 0.264896
v 0.148934 0.000000 0.264964
v 0.148961 0.000000 0.265018
v 0.148978 0.000000 0.265054
v 0.148985 0.000000 0.265067
v 0.148947 0.000000 0.269098
v 0.148910 0.000000 0.273130
v 0.148562 0.000000 0.273727
v 0.148431 0.000000 0.273936
v 0.148297 0.000000 0.274118
v 0.148157 0.000000 0.274274
v 0.148004 0.000000 0.274406
v 0.147836 0.000000 0.274515
v 0.147647 0.000000 0.274604
v 0.147433 0.000000 0.274674
v 0.147190 0.000000 0.274728
v 0.146913 0.000000 0.274766
v 0.146598 0.000000 0.274791
v 0.146240 0.000000 0.274805
v 0.145836 0.000000 0.274809
v 0.145426 0.000000 0.274804
v 0.145058 0.000000 0.274787
v 0.144730 0.000000 0.274758
v 0.144439 0.000000 0.274715
v 0.144181 0.000000 0.274657
v 0.143954 0.000000 0.274584
v 0.143754 0.000000 0.274494
v 0.143578 0.000000 0.274385
v 0.143424 0.000000 0.274258
v 0.143289 0.000000 0.274111
v 0.143168 0.000000 0.273942
v 0.143061 0.000000 0.273752
v 0.143006 0.000000 0.273635
v 0.142960 0.000000 0.273514
v 0.142922 0.000000 0.273374
v 0.142891 0.000000 0.273203
v 0.142866 0.000000 0.272986
v 0.142848 0.000000 0.272711
v 0.142834 0.000000 0.272364
v 0.142824 0.000000 0.271932
v 0.142817 0.000000 0.271402
v 0.142814 0.000000 0.270759
v 0.142812 0.000000 0.269992
v 0.142812 0.000000 0.269086
v 0.142812 0.000000 0.269004
v 0.142812 0.000000 0.268777
v 0.142812 0.000000 0.268434
v 0.142812 0.000000 0.268005
v 0.142812 0.000000 0.267518
v 0.142812 0.000000 0.267002
v 0.142812 0.000000 0.266485
v 0.142812 0.000000 0.265998
v 0.142812 0.000000 0.265569
v 0.142812 0.000000 0.265226
v 0.142812 0.000000 0.264999
v 0.142812 0.000000 0.264917
v 0.143160 0.000000 0.264333
v 0.143213 0.000000 0.264245
v 0.143272 0.000000 0.264157
v 0.143337 0.000000 0.264070
v 0.143405 0.000000 0.263984
v 0.143478 0.000000 0.263899
v 0.143554 0.000000 0.263818
v 0.143632 0.000000 0.263739
v 0.143711 0.000000 0.263665
v 0.143792 0.000000 0.263596
v 0.143873 0.000000 0.263532
v 0.143953 0.000000 0.263475
v 0.144031 0.000000 0.263424
v 0.144149 0.000000 0.263355
v 0.144255 0.000000 0.263297
v 0.144357 0.000000 0.263248
v 0.144460 0.000000 0.263209
v 0.144570 0.000000 0.263178
v 0.144694 0.000000 0.263155
v 0.144837 0.000000 0.263139
v 0.145005 0.000000 0.263129
v 0.145204 0.000000 0.263125
v 0.145440 0.000000 0.263125
v 0.145719 0.000000 0.263130
v 0.146048 0.000000 0.263138
v 0.146355 0.000000 0.263147
v 0.146622 0.000000 0.263158
v 0.146851 0.000000 0.263169
v 0.147047 0.000000 0.263183
v 0.147214 0.000000 0.263200
v 0.147357 0.000000 0.263220
v 0.147480 0.000000 0.263245
v 0.147587 0.000000 0.263275
v 0.147682 0.000000 0.263311
v 0.147770 0.000000 0.263354
v 0.147854 0.000000 0.263404
v 0.020535 0.000000 0.268712
v 0.020535 0.000000 0.277796
v 0.027044 0.000000 0.277771
v 0.033541 0.000000 0.277733
v 0.033578 0.000000 0.268675
v 0.033603 0.000000 0.259629
v 0.031736 0.000000 0.259629
v 0.029869 0.000000 0.259629
v 0.029869 0.000000 0.262180
v 0.029869 0.000000 0.264731
v 0.027131 0.000000 0.264731
v 0.024393 0.000000 0.264731
v 0.024393 0.000000 0.262180
v 0.024393 0.000000 0.259629
v 0.022464 0.000000 0.259629
v 0.020535 0.000000 0.259629
v 0.029869 0.000000 0.271263
v 0.029869 0.000000 0.273690
v 0.027131 0.000000 0.273690
v 0.024393 0.000000 0.273690
v 0.024393 0.000000 0.271263
v 0.024393 0.000000 0.268837
v 0.027131 0.000000 0.268837
v 0.029869 0.000000 0.268837
v 0.200248 0.000000 0.261620
v 0.200248 0.000000 0.263362
v 0.202674 0.000000 0.263362
v 0.205101 0.000000 0.263362
v 0.205101 0.000000 0.264818
v 0.205069 0.000000 0.265904
v 0.204980 0.000000 0.266935
v 0.204835 0.000000 0.267907
v 0.204634 0.000000 0.268820
v 0.204379 0.000000 0.269671
v 0.204070 0.000000 0.270458
v 0.203708 0.000000 0.271179
v 0.203295 0.000000 0.271832
v 0.202831 0.000000 0.272415
v 0.202317 0.000000 0.272927
v 0.201755 0.000000 0.273365
v 0.201144 0.000000 0.273727
v 0.201127 0.000000 0.273735
v 0.201082 0.000000 0.273757
v 0.201013 0.000000 0.273791
v 0.200927 0.000000 0.273833
v 0.200830 0.000000 0.273881
v 0.200727 0.000000 0.273932
v 0.200623 0.000000 0.273983
v 0.200526 0.000000 0.274031
v 0.200440 0.000000 0.274073
v 0.200372 0.000000 0.274107
v 0.200326 0.000000 0.274129
v 0.200310 0.000000 0.274137
v 0.200272 0.000000 0.275904
v 0.200263 0.000000 0.276354
v 0.200257 0.000000 0.276724
v 0.200257 0.000000 0.277021
v 0.200267 0.000000 0.277252
v 0.200292 0.000000 0.277423
v 0.200335 0.000000 0.277541
v 0.200399 0.000000 0.277612
v 0.200489 0.000000 0.277643
v 0.200608 0.000000 0.277640
v 0.200761 0.000000 0.277611
v 0.200951 0.000000 0.277561
v 0.201181 0.000000 0.277497
v 0.201851 0.000000 0.277289
v 0.202497 0.000000 0.277040
v 0.203117 0.000000 0.276752
v 0.203706 0.000000 0.276427
v 0.204263 0.000000 0.276068
v 0.204784 0.000000 0.275677
v 0.205267 0.000000 0.275257
v 0.205708 0.000000 0.274809
v 0.206106 0.000000 0.274337
v 0.206456 0.000000 0.273842
v 0.206757 0.000000 0.273327
v 0.207005 0.000000 0.272794
v 0.207011 0.000000 0.272780
v 0.207027 0.000000 0.272742
v 0.207050 0.000000 0.272685
v 0.207080 0.000000 0.272613
v 0.207113 0.000000 0.272532
v 0.207149 0.000000 0.272445
v 0.207184 0.000000 0.272359
v 0.207218 0.000000 0.272277
v 0.207247 0.000000 0.272206
v 0.207271 0.000000 0.272148
v 0.207286 0.000000 0.272111
v 0.207292 0.000000 0.272097
v 0.207715 0.000000 0.272993
v 0.207987 0.000000 0.273490
v 0.208332 0.000000 0.273987
v 0.208741 0.000000 0.274479
v 0.209206 0.000000 0.274958
v 0.209717 0.000000 0.275419
v 0.210268 0.000000 0.275856
v 0.210849 0.000000 0.276262
v 0.211451 0.000000 0.276631
v 0.212067 0.000000 0.276956
v 0.212689 0.000000 0.277232
v 0.213307 0.000000 0.277451
v 0.213913 0.000000 0.277609
v 0.213921 0.000000 0.277611
v 0.213942 0.000000 0.277615
v 0.213975 0.000000 0.277623
v 0.214016 0.000000 0.277632
v 0.214062 0.000000 0.277642
v 0.214112 0.000000 0.277653
v 0.214161 0.000000 0.277663
v 0.214208 0.000000 0.277674
v 0.214249 0.000000 0.277683
v 0.214281 0.000000 0.277690
v 0.214303 0.000000 0.277694
v 0.214311 0.000000 0.277696
v 0.214311 0.000000 0.275904
v 0.214311 0.000000 0.274125
v 0.213527 0.000000 0.273764
v 0.212901 0.000000 0.273417
v 0.212317 0.000000 0.272975
v 0.211779 0.000000 0.272444
v 0.211289 0.000000 0.271829
v 0.210848 0.000000 0.271134
v 0.210459 0.000000 0.270364
v 0.210124 0.000000 0.269524
v 0.209845 0.000000 0.268619
v 0.209624 0.000000 0.267654
v 0.209464 0.000000 0.266633
v 0.209366 0.000000 0.265562
v 0.209333 0.000000 0.264444
v 0.209333 0.000000 0.264423
v 0.209333 0.000000 0.264364
v 0.209333 0.000000 0.264275
v 0.209333 0.000000 0.264164
v 0.209333 0.000000 0.264037
v 0.209333 0.000000 0.263903
v 0.209333 0.000000 0.263769
v 0.209333 0.000000 0.263643
v 0.209333 0.000000 0.263531
v 0.209333 0.000000 0.263442
v 0.209333 0.000000 0.263383
v 0.209333 0.000000 0.263362
v 0.211822 0.000000 0.263362
v 0.214311 0.000000 0.263362
v 0.214311 0.000000 0.261620
v 0.214311 0.000000 0.259878
v 0.207279 0.000000 0.259878
v 0.200248 0.000000 0.259878
v 0.087828 0.000000 0.261396
v 0.087855 0.000000 0.261429
v 0.087897 0.000000 0.261482
v 0.087955 0.000000 0.261554
v 0.088025 0.000000 0.261643
v 0.088108 0.000000 0.261748
v 0.088201 0.000000 0.261866
v 0.088303 0.000000 0.261996
v 0.088414 0.000000 0.262136
v 0.088531 0.000000 0.262285
v 0.088654 0.000000 0.262440
v 0.088781 0.000000 0.262601
v 0.088910 0.000000 0.262765
v 0.088929 0.000000 0.262789
v 0.088981 0.000000 0.262855
v 0.089060 0.000000 0.262955
v 0.089159 0.000000 0.263081
v 0.089271 0.000000 0.263223
v 0.089390 0.000000 0.263374
v 0.089508 0.000000 0.263525
v 0.089620 0.000000 0.263668
v 0.089719 0.000000 0.263794
v 0.089798 0.000000 0.263894
v 0.089850 0.000000 0.263960
v 0.089869 0.000000 0.263984
v 0.087716 0.000000 0.264009
v 0.085563 0.000000 0.264046
v 0.085525 0.000000 0.265564
v 0.085488 0.000000 0.267095
v 0.094648 0.000000 0.267095
v 0.103795 0.000000 0.267095
v 0.103795 0.000000 0.265539
v 0.103795 0.000000 0.263984
v 0.101617 0.000000 0.263984
v 0.101323 0.000000 0.263984
v 0.101041 0.000000 0.263982
v 0.100773 0.000000 0.263980
v 0.100522 0.000000 0.263976
v 0.100290 0.000000 0.263972
v 0.100080 0.000000 0.263967
v 0.099896 0.000000 0.263961
v 0.099738 0.000000 0.263955
v 0.099612 0.000000 0.263947
v 0.099518 0.000000 0.263939
v 0.099459 0.000000 0.263931
v 0.099439 0.000000 0.263922
v 0.099447 0.000000 0.263901
v 0.099471 0.000000 0.263857
v 0.099509 0.000000 0.263792
v 0.099560 0.000000 0.263708
v 0.099623 0.000000 0.263606
v 0.099698 0.000000 0.263488
v 0.099782 0.000000 0.263356
v 0.099874 0.000000 0.263211
v 0.099975 0.000000 0.263056
v 0.100082 0.000000 0.262891
v 0.100194 0.000000 0.262719
v 0.100310 0.000000 0.262541
v 0.100328 0.000000 0.262515
v 0.100376 0.000000 0.262445
v 0.100449 0.000000 0.262339
v 0.100540 0.000000 0.262205
v 0.100643 0.000000 0.262054
v 0.100752 0.000000 0.261894
v 0.100862 0.000000 0.261733
v 0.100965 0.000000 0.261582
v 0.101056 0.000000 0.261449
v 0.101129 0.000000 0.261343
v 0.101177 0.000000 0.261272
v 0.101194 0.000000 0.261247
v 0.099165 0.000000 0.261272
v 0.097137 0.000000 0.261309
v 0.096465 0.000000 0.262578
v 0.095780 0.000000 0.263860
v 0.094785 0.000000 0.263860
v 0.093777 0.000000 0.263860
v 0.092781 0.000000 0.262553
v 0.091785 0.000000 0.261259
v 0.089744 0.000000 0.261247
v 0.089368 0.000000 0.261247
v 0.089039 0.000000 0.261250
v 0.088755 0.000000 0.261254
v 0.088514 0.000000 0.261260
v 0.088314 0.000000 0.261269
v 0.088151 0.000000 0.261279
v 0.088024 0.000000 0.261292
v 0.087929 0.000000 0.261307
v 0.087865 0.000000 0.261325
v 0.087828 0.000000 0.261346
v 0.087816 0.000000 0.261369
v 0.082762 0.000000 0.270019
v 0.082762 0.000000 0.271699
v 0.094586 0.000000 0.271699
v 0.106409 0.000000 0.271699
v 0.106409 0.000000 0.270019
v 0.106409 0.000000 0.268339
v 0.094586 0.000000 0.268339
v 0.082762 0.000000 0.268339
v 0.173490 0.000000 0.270205
v 0.173490 0.000000 0.271823
v 0.185599 0.000000 0.271798
v 0.197696 0.000000 0.271761
v 0.197734 0.000000 0.270168
v 0.197771 0.000000 0.268588
v 0.185624 0.000000 0.268588
v 0.173490 0.000000 0.268588
v 0.085625 0.000000 0.274312
v 0.085625 0.000000 0.275556
v 0.092470 0.000000 0.275556
v 0.099315 0.000000 0.275556
v 0.099315 0.000000 0.276240
v 0.099315 0.000000 0.276925
v 0.092470 0.000000 0.276925
v 0.085625 0.000000 0.276925
v 0.085625 0.000000 0.280346
v 0.085625 0.000000 0.283768
v 0.094648 0.000000 0.283768
v 0.103671 0.000000 0.283768
v 0.103671 0.000000 0.282275
v 0.103671 0.000000 0.280782
v 0.096639 0.000000 0.280782
v 0.089607 0.000000 0.280782
v 0.089607 0.000000 0.280284
v 0.089607 0.000000 0.279786
v 0.096639 0.000000 0.279786
v 0.103671 0.000000 0.279786
v 0.103671 0.000000 0.276427
v 0.103671 0.000000 0.273067
v 0.094648 0.000000 0.273067
v 0.085625 0.000000 0.273067
v 0.176352 0.000000 0.278293
v 0.176352 0.000000 0.283146
v 0.185624 0.000000 0.283146
v 0.194896 0.000000 0.283146
v 0.194871 0.000000 0.278318
v 0.194834 0.000000 0.273503
v 0.185599 0.000000 0.273466
v 0.176352 0.000000 0.273441
v 0.191660 0.000000 0.278356
v 0.191660 0.000000 0.279786
v 0.185686 0.000000 0.279786
v 0.179713 0.000000 0.279786
v 0.179713 0.000000 0.278356
v 0.179713 0.000000 0.276925
v 0.185686 0.000000 0.276925
v 0.191660 0.000000 0.276925
v 0.056129 0.000000 0.275556
v 0.056129 0.000000 0.277173
v 0.051275 0.000000 0.277173
v 0.046422 0.000000 0.277173
v 0.046422 0.000000 0.278978
v 0.046422 0.000000 0.280782
v 0.058245 0.000000 0.280782
v 0.070080 0.000000 0.280782
v 0.070043 0.000000 0.279003
v 0.070006 0.000000 0.277236
v 0.065189 0.000000 0.277198
v 0.060361 0.000000 0.277173
v 0.060361 0.000000 0.275556
v 0.060361 0.000000 0.273938
v 0.058245 0.000000 0.273938
v 0.056129 0.000000 0.273938
vn -0.0000 1.0000 -0.0000
vn -0.0000 -1.0000 -0.0000
vt 0.010841 0.000000
vt 0.010370 0.000000
vt 0.010606 0.000000
vt 0.010134 0.000000
vt 0.011077 0.000000
vt 0.011313 0.000000
vt 0.011548 0.000000
vt 0.011784 0.000000
vt 0.012020 0.000000
vt 0.012255 0.000000
vt 0.012491 0.000000
vt 0.012727 0.000000
vt 0.012963 0.000000
vt 0.013198 0.000000
vt 0.001885 0.000000
vt 0.002121 0.000000
vt 0.002357 0.000000
vt 0.002593 0.000000
vt 0.002828 0.000000
vt 0.003064 0.000000
vt 0.003300 0.000000
vt 0.003535 0.000000
vt 0.003771 0.000000
vt 0.004007 0.000000
vt 0.056799 0.000000
vt 0.056328 0.000000
vt 0.056564 0.000000
vt 0.057035 0.000000
vt 0.056092 0.000000
vt 0.057271 0.000000
vt 0.055857 0.000000
vt 0.057506 0.000000
vt 0.057742 0.000000
vt 0.057978 0.000000
vt 0.058214 0.000000
vt 0.058449 0.000000
vt 0.055621 0.000000
vt 0.058685 0.000000
vt 0.013434 0.000000
vt 0.013670 0.000000
vt 0.013905 0.000000
vt 0.014141 0.000000
vt 0.014377 0.000000
vt 0.014612 0.000000
vt 0.004242 0.000000
vt 0.014848 0.000000
vt 0.015084 0.000000
vt 0.015319 0.000000
vt 0.015555 0.000000
vt 0.004478 0.000000
vt 0.015791 0.000000
vt 0.016026 0.000000
vt 0.004714 0.000000
vt 0.016262 0.000000
vt 0.055385 0.000000
vt 0.016498 0.000000
vt 0.016733 0.000000
vt 0.016969 0.000000
vt 0.017205 0.000000
vt 0.004949 0.000000
vt 0.017440 0.000000
vt 0.005185 0.000000
vt 0.017676 0.000000
vt 0.005421 0.000000
vt 0.017912 0.000000
vt 0.018148 0.000000
vt 0.005656 0.000000
vt 0.018383 0.000000
vt 0.018619 0.000000
vt 0.018855 0.000000
vt 0.005892 0.000000
vt 0.019090 0.000000
vt 0.019326 0.000000
vt 0.019562 0.000000
vt 0.019797 0.000000
vt 0.054914 0.000000
vt 0.054678 0.000000
vt 0.055150 0.000000
vt 0.054443 0.000000
vt 0.054207 0.000000
vt 0.053971 0.000000
vt 0.006128 0.000000
vt 0.053736 0.000000
vt 0.053500 0.000000
vt 0.053264 0.000000
vt 0.006363 0.000000
vt 0.053029 0.000000
vt 0.052793 0.000000
vt 0.052557 0.000000
vt 0.006599 0.000000
vt 0.052321 0.000000
vt 0.052086 0.000000
vt 0.051850 0.000000
vt 0.006835 0.000000
vt 0.020033 0.000000
vt 0.007070 0.000000
vt 0.007306 0.000000
vt 0.051614 0.000000
vt 0.007542 0.000000
vt 0.007778 0.000000
vt 0.020269 0.000000
vt 0.008013 0.000000
vt 0.008249 0.000000
vt 0.020504 0.000000
vt 0.051379 0.000000
vt 0.020740 0.000000
vt 0.020976 0.000000
vt 0.051143 0.000000
vt 0.008485 0.000000
vt 0.021211 0.000000
vt 0.021447 0.000000
vt 0.050907 0.000000
vt 0.021683 0.000000
vt 0.021918 0.000000
vt 0.050672 0.000000
vt 0.022154 0.000000
vt 0.008720 0.000000
vt 0.008956 0.000000
vt 0.009899 0.000000
vt 0.009192 0.000000
vt 0.022390 0.000000
vt 0.050436 0.000000
vt 0.022626 0.000000
vt 0.022861 0.000000
vt 0.050200 0.000000
vt 0.023097 0.000000
vt 0.023333 0.000000
vt 0.049965 0.000000
vt 0.023568 0.000000
vt 0.039830 0.000000
vt 0.023804 0.000000
vt 0.039595 0.000000
vt 0.040066 0.000000
vt 0.039359 0.000000
vt 0.039123 0.000000
vt 0.038888 0.000000
vt 0.038652 0.000000
vt 0.024040 0.000000
vt 0.049729 0.000000
vt 0.038416 0.000000
vt 0.038181 0.000000
vt 0.024275 0.000000
vt 0.037945 0.000000
vt 0.037709 0.000000
vt 0.024511 0.000000
vt 0.037473 0.000000
vt 0.049493 0.000000
vt 0.037238 0.000000
vt 0.037002 0.000000
vt 0.036766 0.000000
vt 0.040302 0.000000
vt 0.024747 0.000000
vt 0.040537 0.000000
vt 0.024982 0.000000
vt 0.036531 0.000000
vt 0.049258 0.000000
vt 0.025218 0.000000
vt 0.040773 0.000000
vt 0.025454 0.000000
vt 0.036295 0.000000
vt 0.025689 0.000000
vt 0.049022 0.000000
vt 0.025925 0.000000
vt 0.026161 0.000000
vt 0.026396 0.000000
vt 0.026632 0.000000
vt 0.041009 0.000000
vt 0.026868 0.000000
vt 0.027103 0.000000
vt 0.027339 0.000000
vt 0.027575 0.000000
vt 0.027811 0.000000
vt 0.036059 0.000000
vt 0.028046 0.000000
vt 0.028282 0.000000
vt 0.028518 0.000000
vt 0.041244 0.000000
vt 0.048786 0.000000
vt 0.035824 0.000000
vt 0.041480 0.000000
vt 0.041716 0.000000
vt 0.035588 0.000000
vt 0.041951 0.000000
vt 0.035352 0.000000
vt 0.042187 0.000000
vt 0.035117 0.000000
vt 0.042423 0.000000
vt 0.034881 0.000000
vt 0.042658 0.000000
vt 0.028753 0.000000
vt 0.048551 0.000000
vt 0.034645 0.000000
vt 0.042894 0.000000
vt 0.028989 0.000000
vt 0.043130 0.000000
vt 0.034410 0.000000
vt 0.043366 0.000000
vt 0.029225 0.000000
vt 0.009427 0.000000
vt 0.034174 0.000000
vt 0.043601 0.000000
vt 0.029460 0.000000
vt 0.043837 0.000000
vt 0.033938 0.000000
vt 0.029696 0.000000
vt 0.044073 0.000000
vt 0.033703 0.000000
vt 0.033467 0.000000
vt 0.044308 0.000000
vt 0.029932 0.000000
vt 0.033231 0.000000
vt 0.044544 0.000000
vt 0.030167 0.000000
vt 0.032996 0.000000
vt 0.044780 0.000000
vt 0.032760 0.000000
vt 0.030403 0.000000
vt 0.045015 0.000000
vt 0.032524 0.000000
vt 0.045251 0.000000
vt 0.030639 0.000000
vt 0.032288 0.000000
vt 0.045487 0.000000
vt 0.032053 0.000000
vt 0.030874 0.000000
vt 0.045722 0.000000
vt 0.046665 0.000000
vt 0.031817 0.000000
vt 0.031110 0.000000
vt 0.045958 0.000000
vt 0.046429 0.000000
vt 0.046194 0.000000
vt 0.031581 0.000000
vt 0.046901 0.000000
vt 0.047136 0.000000
vt 0.047372 0.000000
vt 0.031346 0.000000
vt 0.047608 0.000000
vt 0.047844 0.000000
vt 0.048079 0.000000
vt 0.048315 0.000000
vt 0.009663 0.000000
vt 0.096158 0.000000
vt 0.095687 0.000000
vt 0.095923 0.000000
vt 0.096394 0.000000
vt 0.095451 0.000000
vt 0.096630 0.000000
vt 0.096865 0.000000
vt 0.097101 0.000000
vt 0.095216 0.000000
vt 0.097337 0.000000
vt 0.094980 0.000000
vt 0.097572 0.000000
vt 0.097808 0.000000
vt 0.094744 0.000000
vt 0.098044 0.000000
vt 0.098280 0.000000
vt 0.094509 0.000000
vt 0.098515 0.000000
vt 0.098751 0.000000
vt 0.094273 0.000000
vt 0.058921 0.000000
vt 0.059156 0.000000
vt 0.094037 0.000000
vt 0.093802 0.000000
vt 0.059392 0.000000
vt 0.093566 0.000000
vt 0.059628 0.000000
vt 0.093330 0.000000
vt 0.059863 0.000000
vt 0.093095 0.000000
vt 0.060099 0.000000
vt 0.092859 0.000000
vt 0.060335 0.000000
vt 0.092623 0.000000
vt 0.060570 0.000000
vt 0.092387 0.000000
vt 0.060806 0.000000
vt 0.092152 0.000000
vt 0.091916 0.000000
vt 0.061042 0.000000
vt 0.091680 0.000000
vt 0.061277 0.000000
vt 0.091445 0.000000
vt 0.061513 0.000000
vt 0.091209 0.000000
vt 0.061749 0.000000
vt 0.090973 0.000000
vt 0.061984 0.000000
vt 0.090738 0.000000
vt 0.062220 0.000000
vt 0.090502 0.000000
vt 0.062456 0.000000
vt 0.062691 0.000000
vt 0.090266 0.000000
vt 0.062927 0.000000
vt 0.090031 0.000000
vt 0.063163 0.000000
vt 0.089795 0.000000
vt 0.063399 0.000000
vt 0.118313 0.000000
vt 0.118548 0.000000
vt 0.118784 0.000000
vt 0.119020 0.000000
vt 0.119255 0.000000
vt 0.119491 0.000000
vt 0.119727 0.000000
vt 0.089559 0.000000
vt 0.119962 0.000000
vt 0.118077 0.000000
vt 0.120198 0.000000
vt 0.117841 0.000000
vt 0.120434 0.000000
vt 0.117605 0.000000
vt 0.120669 0.000000
vt 0.117370 0.000000
vt 0.120905 0.000000
vt 0.117134 0.000000
vt 0.089324 0.000000
vt 0.121141 0.000000
vt 0.116898 0.000000
vt 0.063634 0.000000
vt 0.116663 0.000000
vt 0.121376 0.000000
vt 0.116427 0.000000
vt 0.121612 0.000000
vt 0.116191 0.000000
vt 0.098987 0.000000
vt 0.089088 0.000000
vt 0.115956 0.000000
vt 0.099222 0.000000
vt 0.115720 0.000000
vt 0.063870 0.000000
vt 0.099458 0.000000
vt 0.088852 0.000000
vt 0.115484 0.000000
vt 0.099694 0.000000
vt 0.115249 0.000000
vt 0.099929 0.000000
vt 0.088617 0.000000
vt 0.064106 0.000000
vt 0.115013 0.000000
vt 0.100165 0.000000
vt 0.088381 0.000000
vt 0.100401 0.000000
vt 0.114777 0.000000
vt 0.100636 0.000000
vt 0.114542 0.000000
vt 0.064341 0.000000
vt 0.088145 0.000000
vt 0.100872 0.000000
vt 0.114306 0.000000
vt 0.101108 0.000000
vt 0.114070 0.000000
vt 0.087909 0.000000
vt 0.064577 0.000000
vt 0.101343 0.000000
vt 0.113835 0.000000
vt 0.101579 0.000000
vt 0.113599 0.000000
vt 0.087674 0.000000
vt 0.101815 0.000000
vt 0.113363 0.000000
vt 0.064813 0.000000
vt 0.102050 0.000000
vt 0.113128 0.000000
vt 0.065048 0.000000
vt 0.087438 0.000000
vt 0.065284 0.000000
vt 0.112892 0.000000
vt 0.102286 0.000000
vt 0.065520 0.000000
vt 0.112656 0.000000
vt 0.102522 0.000000
vt 0.087202 0.000000
vt 0.112420 0.000000
vt 0.102757 0.000000
vt 0.065755 0.000000
vt 0.102993 0.000000
vt 0.112185 0.000000
vt 0.103229 0.000000
vt 0.065991 0.000000
vt 0.111949 0.000000
vt 0.086967 0.000000
vt 0.103465 0.000000
vt 0.111713 0.000000
vt 0.103700 0.000000
vt 0.066227 0.000000
vt 0.086731 0.000000
vt 0.111478 0.000000
vt 0.103936 0.000000
vt 0.111242 0.000000
vt 0.104172 0.000000
vt 0.066462 0.000000
vt 0.086495 0.000000
vt 0.104407 0.000000
vt 0.111006 0.000000
vt 0.104643 0.000000
vt 0.110771 0.000000
vt 0.086260 0.000000
vt 0.066698 0.000000
vt 0.110535 0.000000
vt 0.104879 0.000000
vt 0.105114 0.000000
vt 0.105350 0.000000
vt 0.105586 0.000000
vt 0.110299 0.000000
vt 0.105821 0.000000
vt 0.086024 0.000000
vt 0.106057 0.000000
vt 0.110064 0.000000
vt 0.106293 0.000000
vt 0.109828 0.000000
vt 0.066934 0.000000
vt 0.106528 0.000000
vt 0.109592 0.000000
vt 0.106764 0.000000
vt 0.109357 0.000000
vt 0.085788 0.000000
vt 0.109121 0.000000
vt 0.107000 0.000000
vt 0.108885 0.000000
vt 0.107235 0.000000
vt 0.108650 0.000000
vt 0.108414 0.000000
vt 0.107471 0.000000
vt 0.108178 0.000000
vt 0.107942 0.000000
vt 0.107707 0.000000
vt 0.067169 0.000000
vt 0.085553 0.000000
vt 0.067405 0.000000
vt 0.067641 0.000000
vt 0.085317 0.000000
vt 0.085081 0.000000
vt 0.084846 0.000000
vt 0.084610 0.000000
vt 0.067877 0.000000
vt 0.068112 0.000000
vt 0.084374 0.000000
vt 0.068348 0.000000
vt 0.068584 0.000000
vt 0.084139 0.000000
vt 0.068819 0.000000
vt 0.069055 0.000000
vt 0.083903 0.000000
vt 0.069291 0.000000
vt 0.069526 0.000000
vt 0.083667 0.000000
vt 0.069762 0.000000
vt 0.069998 0.000000
vt 0.083432 0.000000
vt 0.070233 0.000000
vt 0.070469 0.000000
vt 0.070705 0.000000
vt 0.083196 0.000000
vt 0.070940 0.000000
vt 0.082960 0.000000
vt 0.071176 0.000000
vt 0.082724 0.000000
vt 0.071412 0.000000
vt 0.082489 0.000000
vt 0.071647 0.000000
vt 0.082253 0.000000
vt 0.071883 0.000000
vt 0.082017 0.000000
vt 0.072119 0.000000
vt 0.081782 0.000000
vt 0.072354 0.000000
vt 0.072590 0.000000
vt 0.072826 0.000000
vt 0.073062 0.000000
vt 0.123498 0.000000
vt 0.081546 0.000000
vt 0.073297 0.000000
vt 0.073533 0.000000
vt 0.073769 0.000000
vt 0.074004 0.000000
vt 0.074240 0.000000
vt 0.074476 0.000000
vt 0.074711 0.000000
vt 0.074947 0.000000
vt 0.123026 0.000000
vt 0.122790 0.000000
vt 0.123262 0.000000
vt 0.121848 0.000000
vt 0.075183 0.000000
vt 0.075418 0.000000
vt 0.075654 0.000000
vt 0.075890 0.000000
vt 0.076125 0.000000
vt 0.081310 0.000000
vt 0.076361 0.000000
vt 0.076597 0.000000
vt 0.076832 0.000000
vt 0.122555 0.000000
vt 0.122083 0.000000
vt 0.077068 0.000000
vt 0.077304 0.000000
vt 0.077539 0.000000
vt 0.077775 0.000000
vt 0.078011 0.000000
vt 0.078247 0.000000
vt 0.078482 0.000000
vt 0.078718 0.000000
vt 0.078954 0.000000
vt 0.079661 0.000000
vt 0.079189 0.000000
vt 0.079425 0.000000
vt 0.122319 0.000000
vt 0.081075 0.000000
vt 0.080839 0.000000
vt 0.080603 0.000000
vt 0.079896 0.000000
vt 0.080368 0.000000
vt 0.080132 0.000000
vt 0.123733 0.000000
vt 0.165685 0.000000
vt 0.165920 0.000000
vt 0.165449 0.000000
vt 0.165213 0.000000
vt 0.123969 0.000000
vt 0.164978 0.000000
vt 0.124205 0.000000
vt 0.124440 0.000000
vt 0.162149 0.000000
vt 0.161914 0.000000
vt 0.162385 0.000000
vt 0.162621 0.000000
vt 0.162856 0.000000
vt 0.163092 0.000000
vt 0.163328 0.000000
vt 0.163564 0.000000
vt 0.163799 0.000000
vt 0.164035 0.000000
vt 0.164271 0.000000
vt 0.164506 0.000000
vt 0.164742 0.000000
vt 0.161678 0.000000
vt 0.124676 0.000000
vt 0.161442 0.000000
vt 0.124912 0.000000
vt 0.161207 0.000000
vt 0.125147 0.000000
vt 0.160971 0.000000
vt 0.125383 0.000000
vt 0.160735 0.000000
vt 0.125619 0.000000
vt 0.160500 0.000000
vt 0.125854 0.000000
vt 0.160264 0.000000
vt 0.126090 0.000000
vt 0.160028 0.000000
vt 0.126326 0.000000
vt 0.159793 0.000000
vt 0.126561 0.000000
vt 0.159557 0.000000
vt 0.126797 0.000000
vt 0.159321 0.000000
vt 0.127033 0.000000
vt 0.159086 0.000000
vt 0.127268 0.000000
vt 0.127504 0.000000
vt 0.158850 0.000000
vt 0.127740 0.000000
vt 0.127975 0.000000
vt 0.158614 0.000000
vt 0.128211 0.000000
vt 0.128447 0.000000
vt 0.158379 0.000000
vt 0.128683 0.000000
vt 0.158143 0.000000
vt 0.128918 0.000000
vt 0.129154 0.000000
vt 0.157907 0.000000
vt 0.129390 0.000000
vt 0.129625 0.000000
vt 0.157671 0.000000
vt 0.129861 0.000000
vt 0.130097 0.000000
vt 0.157436 0.000000
vt 0.157200 0.000000
vt 0.130332 0.000000
vt 0.156964 0.000000
vt 0.130568 0.000000
vt 0.156729 0.000000
vt 0.130804 0.000000
vt 0.156493 0.000000
vt 0.131039 0.000000
vt 0.156257 0.000000
vt 0.156022 0.000000
vt 0.131275 0.000000
vt 0.147066 0.000000
vt 0.146830 0.000000
vt 0.147301 0.000000
vt 0.146594 0.000000
vt 0.155786 0.000000
vt 0.146359 0.000000
vt 0.131511 0.000000
vt 0.146123 0.000000
vt 0.145887 0.000000
vt 0.155550 0.000000
vt 0.145652 0.000000
vt 0.145416 0.000000
vt 0.131746 0.000000
vt 0.145180 0.000000
vt 0.155315 0.000000
vt 0.144945 0.000000
vt 0.144709 0.000000
vt 0.131982 0.000000
vt 0.144473 0.000000
vt 0.155079 0.000000
vt 0.144238 0.000000
vt 0.144002 0.000000
vt 0.132218 0.000000
vt 0.154843 0.000000
vt 0.147537 0.000000
vt 0.154608 0.000000
vt 0.132453 0.000000
vt 0.143766 0.000000
vt 0.154372 0.000000
vt 0.132689 0.000000
vt 0.147773 0.000000
vt 0.154136 0.000000
vt 0.143531 0.000000
vt 0.132925 0.000000
vt 0.133161 0.000000
vt 0.133396 0.000000
vt 0.153901 0.000000
vt 0.133632 0.000000
vt 0.133868 0.000000
vt 0.153665 0.000000
vt 0.134103 0.000000
vt 0.134339 0.000000
vt 0.148008 0.000000
vt 0.153429 0.000000
vt 0.143295 0.000000
vt 0.134575 0.000000
vt 0.134810 0.000000
vt 0.135046 0.000000
vt 0.135282 0.000000
vt 0.135517 0.000000
vt 0.135753 0.000000
vt 0.153193 0.000000
vt 0.148244 0.000000
vt 0.143059 0.000000
vt 0.142823 0.000000
vt 0.148480 0.000000
vt 0.142588 0.000000
vt 0.148716 0.000000
vt 0.142352 0.000000
vt 0.148951 0.000000
vt 0.142116 0.000000
vt 0.152958 0.000000
vt 0.149187 0.000000
vt 0.135989 0.000000
vt 0.141881 0.000000
vt 0.136224 0.000000
vt 0.149423 0.000000
vt 0.136460 0.000000
vt 0.141645 0.000000
vt 0.149658 0.000000
vt 0.136696 0.000000
vt 0.141409 0.000000
vt 0.149894 0.000000
vt 0.136931 0.000000
vt 0.137167 0.000000
vt 0.150130 0.000000
vt 0.151072 0.000000
vt 0.152722 0.000000
vt 0.141174 0.000000
vt 0.140938 0.000000
vt 0.137403 0.000000
vt 0.150365 0.000000
vt 0.150601 0.000000
vt 0.150837 0.000000
vt 0.140702 0.000000
vt 0.151308 0.000000
vt 0.151544 0.000000
vt 0.151779 0.000000
vt 0.140467 0.000000
vt 0.137638 0.000000
vt 0.152015 0.000000
vt 0.152251 0.000000
vt 0.152486 0.000000
vt 0.140231 0.000000
vt 0.137874 0.000000
vt 0.139995 0.000000
vt 0.139760 0.000000
vt 0.138110 0.000000
vt 0.139524 0.000000
vt 0.139288 0.000000
vt 0.138346 0.000000
vt 0.139053 0.000000
vt 0.138817 0.000000
vt 0.138581 0.000000
vt 0.166156 0.000000
vt 0.167570 0.000000
vt 0.167806 0.000000
vt 0.167334 0.000000
vt 0.167099 0.000000
vt 0.166392 0.000000
vt 0.166863 0.000000
vt 0.166627 0.000000
vt 0.168041 0.000000
vt 0.169456 0.000000
vt 0.169691 0.000000
vt 0.169220 0.000000
vt 0.168984 0.000000
vt 0.168277 0.000000
vt 0.168749 0.000000
vt 0.168513 0.000000
vt 0.169927 0.000000
vt 0.173226 0.000000
vt 0.173462 0.000000
vt 0.172991 0.000000
vt 0.172755 0.000000
vt 0.207165 0.000000
vt 0.206693 0.000000
vt 0.206929 0.000000
vt 0.206458 0.000000
vt 0.206222 0.000000
vt 0.207400 0.000000
vt 0.205986 0.000000
vt 0.207636 0.000000
vt 0.205751 0.000000
vt 0.207872 0.000000
vt 0.208107 0.000000
vt 0.205515 0.000000
vt 0.208343 0.000000
vt 0.205279 0.000000
vt 0.208579 0.000000
vt 0.208815 0.000000
vt 0.205044 0.000000
vt 0.209050 0.000000
vt 0.209286 0.000000
vt 0.204808 0.000000
vt 0.209522 0.000000
vt 0.173698 0.000000
vt 0.173934 0.000000
vt 0.204572 0.000000
vt 0.170163 0.000000
vt 0.204337 0.000000
vt 0.204101 0.000000
vt 0.203865 0.000000
vt 0.203630 0.000000
vt 0.203394 0.000000
vt 0.174169 0.000000
vt 0.203158 0.000000
vt 0.202922 0.000000
vt 0.174405 0.000000
vt 0.202687 0.000000
vt 0.202451 0.000000
vt 0.170870 0.000000
vt 0.170398 0.000000
vt 0.170634 0.000000
vt 0.174641 0.000000
vt 0.202215 0.000000
vt 0.201980 0.000000
vt 0.201744 0.000000
vt 0.174876 0.000000
vt 0.201508 0.000000
vt 0.201273 0.000000
vt 0.201037 0.000000
vt 0.175112 0.000000
vt 0.171105 0.000000
vt 0.171341 0.000000
vt 0.171577 0.000000
vt 0.200801 0.000000
vt 0.200566 0.000000
vt 0.175348 0.000000
vt 0.200330 0.000000
vt 0.200094 0.000000
vt 0.175583 0.000000
vt 0.199859 0.000000
vt 0.171812 0.000000
vt 0.199623 0.000000
vt 0.175819 0.000000
vt 0.199387 0.000000
vt 0.199152 0.000000
vt 0.176055 0.000000
vt 0.172519 0.000000
vt 0.198916 0.000000
vt 0.176290 0.000000
vt 0.198680 0.000000
vt 0.188546 0.000000
vt 0.198445 0.000000
vt 0.188310 0.000000
vt 0.188782 0.000000
vt 0.188074 0.000000
vt 0.187839 0.000000
vt 0.176526 0.000000
vt 0.187603 0.000000
vt 0.187367 0.000000
vt 0.198209 0.000000
vt 0.187132 0.000000
vt 0.186896 0.000000
vt 0.186660 0.000000
vt 0.186425 0.000000
vt 0.186189 0.000000
vt 0.185953 0.000000
vt 0.185718 0.000000
vt 0.185482 0.000000
vt 0.197973 0.000000
vt 0.185246 0.000000
vt 0.176762 0.000000
vt 0.176997 0.000000
vt 0.177233 0.000000
vt 0.197737 0.000000
vt 0.177469 0.000000
vt 0.185011 0.000000
vt 0.177704 0.000000
vt 0.189017 0.000000
vt 0.177940 0.000000
vt 0.178176 0.000000
vt 0.184775 0.000000
vt 0.178411 0.000000
vt 0.178647 0.000000
vt 0.189253 0.000000
vt 0.178883 0.000000
vt 0.179119 0.000000
vt 0.179354 0.000000
vt 0.179590 0.000000
vt 0.184539 0.000000
vt 0.197502 0.000000
vt 0.189489 0.000000
vt 0.184304 0.000000
vt 0.189724 0.000000
vt 0.184068 0.000000
vt 0.189960 0.000000
vt 0.183832 0.000000
vt 0.190196 0.000000
vt 0.183597 0.000000
vt 0.190431 0.000000
vt 0.183361 0.000000
vt 0.183125 0.000000
vt 0.190667 0.000000
vt 0.179826 0.000000
vt 0.197266 0.000000
vt 0.182889 0.000000
vt 0.190903 0.000000
vt 0.182654 0.000000
vt 0.182418 0.000000
vt 0.191138 0.000000
vt 0.182182 0.000000
vt 0.181947 0.000000
vt 0.191374 0.000000
vt 0.181711 0.000000
vt 0.191610 0.000000
vt 0.181475 0.000000
vt 0.172048 0.000000
vt 0.172284 0.000000
vt 0.181240 0.000000
vt 0.191845 0.000000
vt 0.192081 0.000000
vt 0.181004 0.000000
vt 0.192317 0.000000
vt 0.192552 0.000000
vt 0.180768 0.000000
vt 0.192788 0.000000
vt 0.193024 0.000000
vt 0.180533 0.000000
vt 0.193259 0.000000
vt 0.193495 0.000000
vt 0.180297 0.000000
vt 0.193731 0.000000
vt 0.193967 0.000000
vt 0.180061 0.000000
vt 0.194202 0.000000
vt 0.194438 0.000000
vt 0.194674 0.000000
vt 0.194909 0.000000
vt 0.196088 0.000000
vt 0.197030 0.000000
vt 0.195145 0.000000
vt 0.195381 0.000000
vt 0.195616 0.000000
vt 0.195852 0.000000
vt 0.196323 0.000000
vt 0.196559 0.000000
vt 0.196795 0.000000
vt 0.209757 0.000000
vt 0.211171 0.000000
vt 0.211407 0.000000
vt 0.210936 0.000000
vt 0.210700 0.000000
vt 0.209993 0.000000
vt 0.210464 0.000000
vt 0.210229 0.000000
vt 0.211643 0.000000
vt 0.216828 0.000000
vt 0.217063 0.000000
vt 0.216592 0.000000
vt 0.212350 0.000000
vt 0.216356 0.000000
vt 0.211878 0.000000
vt 0.212114 0.000000
vt 0.212585 0.000000
vt 0.212821 0.000000
vt 0.216121 0.000000
vt 0.213528 0.000000
vt 0.213057 0.000000
vt 0.213292 0.000000
vt 0.215649 0.000000
vt 0.215414 0.000000
vt 0.215885 0.000000
vt 0.215178 0.000000
vt 0.213764 0.000000
vt 0.214942 0.000000
vt 0.214707 0.000000
vt 0.214471 0.000000
vt 0.214235 0.000000
vt 0.214000 0.000000
vt 0.217299 0.000000
vt 0.220599 0.000000
vt 0.220834 0.000000
vt 0.220363 0.000000
vt 0.220127 0.000000
vt 0.219892 0.000000
vt 0.219656 0.000000
vt 0.219420 0.000000
vt 0.219185 0.000000
vt 0.218477 0.000000
vt 0.218949 0.000000
vt 0.218242 0.000000
vt 0.218713 0.000000
vt 0.217535 0.000000
vt 0.218006 0.000000
vt 0.217770 0.000000
vt 0.221070 0.000000
vt 0.226255 0.000000
vt 0.226491 0.000000
vt 0.226019 0.000000
vt 0.225784 0.000000
vt 0.224841 0.000000
vt 0.224370 0.000000
vt 0.224605 0.000000
vt 0.224134 0.000000
vt 0.223898 0.000000
vt 0.225548 0.000000
vt 0.225077 0.000000
vt 0.225312 0.000000
vt 0.222248 0.000000
vt 0.222720 0.000000
vt 0.222013 0.000000
vt 0.222484 0.000000
vt 0.222955 0.000000
vt 0.221306 0.000000
vt 0.223662 0.000000
vt 0.223191 0.000000
vt 0.223427 0.000000
vt 0.221777 0.000000
vt 0.221541 0.000000
vt 0.226726 0.000000
vt 0.231911 0.000000
vt 0.232147 0.000000
vt 0.231676 0.000000
vt 0.231440 0.000000
vt 0.230497 0.000000
vt 0.230026 0.000000
vt 0.230262 0.000000
vt 0.229790 0.000000
vt 0.229555 0.000000
vt 0.231204 0.000000
vt 0.230733 0.000000
vt 0.230969 0.000000
vt 0.227905 0.000000
vt 0.228140 0.000000
vt 0.228376 0.000000
vt 0.227669 0.000000
vt 0.228612 0.000000
vt 0.226962 0.000000
vt 0.229319 0.000000
vt 0.228848 0.000000
vt 0.229083 0.000000
vt 0.227433 0.000000
vt 0.227198 0.000000
vt 0.265850 0.000000
vt 0.265378 0.000000
vt 0.265614 0.000000
vt 0.266085 0.000000
vt 0.265143 0.000000
vt 0.266321 0.000000
vt 0.264907 0.000000
vt 0.266557 0.000000
vt 0.266792 0.000000
vt 0.267028 0.000000
vt 0.267264 0.000000
vt 0.267499 0.000000
vt 0.267735 0.000000
vt 0.264671 0.000000
vt 0.232383 0.000000
vt 0.232618 0.000000
vt 0.232854 0.000000
vt 0.233090 0.000000
vt 0.233325 0.000000
vt 0.233561 0.000000
vt 0.233797 0.000000
vt 0.234033 0.000000
vt 0.234268 0.000000
vt 0.234504 0.000000
vt 0.234740 0.000000
vt 0.234975 0.000000
vt 0.235211 0.000000
vt 0.264436 0.000000
vt 0.235447 0.000000
vt 0.235682 0.000000
vt 0.235918 0.000000
vt 0.236154 0.000000
vt 0.236389 0.000000
vt 0.236625 0.000000
vt 0.236861 0.000000
vt 0.237096 0.000000
vt 0.237332 0.000000
vt 0.237568 0.000000
vt 0.237803 0.000000
vt 0.238039 0.000000
vt 0.238746 0.000000
vt 0.238275 0.000000
vt 0.238510 0.000000
vt 0.264200 0.000000
vt 0.263964 0.000000
vt 0.263728 0.000000
vt 0.238982 0.000000
vt 0.263493 0.000000
vt 0.239218 0.000000
vt 0.239453 0.000000
vt 0.239689 0.000000
vt 0.263021 0.000000
vt 0.262786 0.000000
vt 0.263257 0.000000
vt 0.262550 0.000000
vt 0.262314 0.000000
vt 0.262079 0.000000
vt 0.261843 0.000000
vt 0.261607 0.000000
vt 0.261372 0.000000
vt 0.261136 0.000000
vt 0.260900 0.000000
vt 0.260665 0.000000
vt 0.260429 0.000000
vt 0.260193 0.000000
vt 0.259958 0.000000
vt 0.259722 0.000000
vt 0.239925 0.000000
vt 0.259486 0.000000
vt 0.240160 0.000000
vt 0.259251 0.000000
vt 0.259015 0.000000
vt 0.240396 0.000000
vt 0.258779 0.000000
vt 0.240632 0.000000
vt 0.258543 0.000000
vt 0.240867 0.000000
vt 0.258308 0.000000
vt 0.258072 0.000000
vt 0.241103 0.000000
vt 0.257836 0.000000
vt 0.241339 0.000000
vt 0.288239 0.000000
vt 0.288475 0.000000
vt 0.288711 0.000000
vt 0.288947 0.000000
vt 0.289182 0.000000
vt 0.257601 0.000000
vt 0.288004 0.000000
vt 0.289418 0.000000
vt 0.287768 0.000000
vt 0.289654 0.000000
vt 0.289889 0.000000
vt 0.287532 0.000000
vt 0.290125 0.000000
vt 0.287297 0.000000
vt 0.290361 0.000000
vt 0.290596 0.000000
vt 0.287061 0.000000
vt 0.290832 0.000000
vt 0.257365 0.000000
vt 0.286825 0.000000
vt 0.241574 0.000000
vt 0.291068 0.000000
vt 0.286590 0.000000
vt 0.286354 0.000000
vt 0.267971 0.000000
vt 0.286118 0.000000
vt 0.268206 0.000000
vt 0.257129 0.000000
vt 0.285883 0.000000
vt 0.285647 0.000000
vt 0.285411 0.000000
vt 0.285176 0.000000
vt 0.268442 0.000000
vt 0.241810 0.000000
vt 0.284940 0.000000
vt 0.256894 0.000000
vt 0.268678 0.000000
vt 0.284704 0.000000
vt 0.268914 0.000000
vt 0.284469 0.000000
vt 0.242046 0.000000
vt 0.269149 0.000000
vt 0.256658 0.000000
vt 0.284233 0.000000
vt 0.269385 0.000000
vt 0.283997 0.000000
vt 0.242281 0.000000
vt 0.269621 0.000000
vt 0.283762 0.000000
vt 0.256422 0.000000
vt 0.283526 0.000000
vt 0.269856 0.000000
vt 0.283290 0.000000
vt 0.242517 0.000000
vt 0.270092 0.000000
vt 0.256187 0.000000
vt 0.283054 0.000000
vt 0.270328 0.000000
vt 0.255951 0.000000
vt 0.242753 0.000000
vt 0.282819 0.000000
vt 0.270563 0.000000
vt 0.242988 0.000000
vt 0.282583 0.000000
vt 0.255715 0.000000
vt 0.270799 0.000000
vt 0.243224 0.000000
vt 0.282347 0.000000
vt 0.243460 0.000000
vt 0.271035 0.000000
vt 0.271270 0.000000
vt 0.255480 0.000000
vt 0.271506 0.000000
vt 0.271742 0.000000
vt 0.243695 0.000000
vt 0.271977 0.000000
vt 0.255244 0.000000
vt 0.243931 0.000000
vt 0.272213 0.000000
vt 0.244167 0.000000
vt 0.272449 0.000000
vt 0.255008 0.000000
vt 0.272684 0.000000
vt 0.244403 0.000000
vt 0.272920 0.000000
vt 0.244638 0.000000
vt 0.273156 0.000000
vt 0.254773 0.000000
vt 0.244874 0.000000
vt 0.273391 0.000000
vt 0.282112 0.000000
vt 0.281876 0.000000
vt 0.281640 0.000000
vt 0.273627 0.000000
vt 0.281405 0.000000
vt 0.273863 0.000000
vt 0.245110 0.000000
vt 0.281169 0.000000
vt 0.280933 0.000000
vt 0.280698 0.000000
vt 0.254537 0.000000
vt 0.280462 0.000000
vt 0.245345 0.000000
vt 0.280226 0.000000
vt 0.279991 0.000000
vt 0.279755 0.000000
vt 0.279519 0.000000
vt 0.245581 0.000000
vt 0.279284 0.000000
vt 0.274099 0.000000
vt 0.279048 0.000000
vt 0.274334 0.000000
vt 0.254301 0.000000
vt 0.278812 0.000000
vt 0.274570 0.000000
vt 0.278576 0.000000
vt 0.274806 0.000000
vt 0.278341 0.000000
vt 0.245817 0.000000
vt 0.275041 0.000000
vt 0.278105 0.000000
vt 0.275277 0.000000
vt 0.277869 0.000000
vt 0.275513 0.000000
vt 0.254066 0.000000
vt 0.277634 0.000000
vt 0.275748 0.000000
vt 0.277398 0.000000
vt 0.275984 0.000000
vt 0.277162 0.000000
vt 0.276220 0.000000
vt 0.276927 0.000000
vt 0.276455 0.000000
vt 0.276691 0.000000
vt 0.246052 0.000000
vt 0.253830 0.000000
vt 0.246288 0.000000
vt 0.253594 0.000000
vt 0.246524 0.000000
vt 0.253358 0.000000
vt 0.246759 0.000000
vt 0.253123 0.000000
vt 0.246995 0.000000
vt 0.252887 0.000000
vt 0.247231 0.000000
vt 0.252651 0.000000
vt 0.247466 0.000000
vt 0.252416 0.000000
vt 0.247702 0.000000
vt 0.252180 0.000000
vt 0.247938 0.000000
vt 0.251944 0.000000
vt 0.251709 0.000000
vt 0.248173 0.000000
vt 0.251473 0.000000
vt 0.248409 0.000000
vt 0.248645 0.000000
vt 0.248881 0.000000
vt 0.249116 0.000000
vt 0.249352 0.000000
vt 0.249588 0.000000
vt 0.249823 0.000000
vt 0.250059 0.000000
vt 0.250295 0.000000
vt 0.250530 0.000000
vt 0.250766 0.000000
vt 0.251002 0.000000
vt 0.251237 0.000000
vt 0.324770 0.000000
vt 0.324299 0.000000
vt 0.324535 0.000000
vt 0.325006 0.000000
vt 0.324063 0.000000
vt 0.325242 0.000000
vt 0.323827 0.000000
vt 0.325477 0.000000
vt 0.325713 0.000000
vt 0.325949 0.000000
vt 0.326184 0.000000
vt 0.326420 0.000000
vt 0.326656 0.000000
vt 0.323592 0.000000
vt 0.291303 0.000000
vt 0.291539 0.000000
vt 0.291775 0.000000
vt 0.292010 0.000000
vt 0.292246 0.000000
vt 0.292482 0.000000
vt 0.292717 0.000000
vt 0.292953 0.000000
vt 0.293189 0.000000
vt 0.293424 0.000000
vt 0.293660 0.000000
vt 0.293896 0.000000
vt 0.294132 0.000000
vt 0.323356 0.000000
vt 0.294367 0.000000
vt 0.294603 0.000000
vt 0.294839 0.000000
vt 0.295074 0.000000
vt 0.295310 0.000000
vt 0.295546 0.000000
vt 0.295781 0.000000
vt 0.296017 0.000000
vt 0.296253 0.000000
vt 0.296488 0.000000
vt 0.296724 0.000000
vt 0.296960 0.000000
vt 0.297667 0.000000
vt 0.297195 0.000000
vt 0.297431 0.000000
vt 0.323120 0.000000
vt 0.322885 0.000000
vt 0.322649 0.000000
vt 0.297902 0.000000
vt 0.322413 0.000000
vt 0.298138 0.000000
vt 0.298374 0.000000
vt 0.298609 0.000000
vt 0.321942 0.000000
vt 0.321706 0.000000
vt 0.322178 0.000000
vt 0.321471 0.000000
vt 0.321235 0.000000
vt 0.320999 0.000000
vt 0.320764 0.000000
vt 0.320528 0.000000
vt 0.320292 0.000000
vt 0.320057 0.000000
vt 0.319821 0.000000
vt 0.319585 0.000000
vt 0.319350 0.000000
vt 0.319114 0.000000
vt 0.318878 0.000000
vt 0.318642 0.000000
vt 0.298845 0.000000
vt 0.318407 0.000000
vt 0.299081 0.000000
vt 0.318171 0.000000
vt 0.317935 0.000000
vt 0.299317 0.000000
vt 0.317700 0.000000
vt 0.299552 0.000000
vt 0.317464 0.000000
vt 0.299788 0.000000
vt 0.317228 0.000000
vt 0.316993 0.000000
vt 0.300024 0.000000
vt 0.316757 0.000000
vt 0.300259 0.000000
vt 0.347160 0.000000
vt 0.347396 0.000000
vt 0.347631 0.000000
vt 0.347867 0.000000
vt 0.348103 0.000000
vt 0.316521 0.000000
vt 0.346924 0.000000
vt 0.348338 0.000000
vt 0.346689 0.000000
vt 0.348574 0.000000
vt 0.348810 0.000000
vt 0.346453 0.000000
vt 0.349045 0.000000
vt 0.346217 0.000000
vt 0.349281 0.000000
vt 0.349517 0.000000
vt 0.345982 0.000000
vt 0.349753 0.000000
vt 0.316286 0.000000
vt 0.345746 0.000000
vt 0.300495 0.000000
vt 0.349988 0.000000
vt 0.345510 0.000000
vt 0.345275 0.000000
vt 0.326891 0.000000
vt 0.345039 0.000000
vt 0.327127 0.000000
vt 0.316050 0.000000
vt 0.344803 0.000000
vt 0.344568 0.000000
vt 0.344332 0.000000
vt 0.344096 0.000000
vt 0.327363 0.000000
vt 0.300731 0.000000
vt 0.343860 0.000000
vt 0.315814 0.000000
vt 0.327598 0.000000
vt 0.343625 0.000000
vt 0.327834 0.000000
vt 0.343389 0.000000
vt 0.300966 0.000000
vt 0.328070 0.000000
vt 0.315579 0.000000
vt 0.343153 0.000000
vt 0.328305 0.000000
vt 0.342918 0.000000
vt 0.301202 0.000000
vt 0.328541 0.000000
vt 0.342682 0.000000
vt 0.315343 0.000000
vt 0.342446 0.000000
vt 0.328777 0.000000
vt 0.342211 0.000000
vt 0.301438 0.000000
vt 0.329012 0.000000
vt 0.315107 0.000000
vt 0.341975 0.000000
vt 0.329248 0.000000
vt 0.314872 0.000000
vt 0.301673 0.000000
vt 0.341739 0.000000
vt 0.329484 0.000000
vt 0.301909 0.000000
vt 0.341504 0.000000
vt 0.314636 0.000000
vt 0.329720 0.000000
vt 0.302145 0.000000
vt 0.341268 0.000000
vt 0.302380 0.000000
vt 0.329955 0.000000
vt 0.330191 0.000000
vt 0.314400 0.000000
vt 0.330427 0.000000
vt 0.330662 0.000000
vt 0.302616 0.000000
vt 0.330898 0.000000
vt 0.314165 0.000000
vt 0.302852 0.000000
vt 0.331134 0.000000
vt 0.303087 0.000000
vt 0.331369 0.000000
vt 0.313929 0.000000
vt 0.331605 0.000000
vt 0.303323 0.000000
vt 0.331841 0.000000
vt 0.303559 0.000000
vt 0.332076 0.000000
vt 0.313693 0.000000
vt 0.303794 0.000000
vt 0.332312 0.000000
vt 0.341032 0.000000
vt 0.340797 0.000000
vt 0.340561 0.000000
vt 0.332548 0.000000
vt 0.340325 0.000000
vt 0.332783 0.000000
vt 0.304030 0.000000
vt 0.340090 0.000000
vt 0.339854 0.000000
vt 0.339618 0.000000
vt 0.313457 0.000000
vt 0.339382 0.000000
vt 0.304266 0.000000
vt 0.339147 0.000000
vt 0.338911 0.000000
vt 0.338675 0.000000
vt 0.338440 0.000000
vt 0.304502 0.000000
vt 0.338204 0.000000
vt 0.333019 0.000000
vt 0.337968 0.000000
vt 0.333255 0.000000
vt 0.313222 0.000000
vt 0.337733 0.000000
vt 0.333490 0.000000
vt 0.337497 0.000000
vt 0.333726 0.000000
vt 0.337261 0.000000
vt 0.304737 0.000000
vt 0.333962 0.000000
vt 0.337026 0.000000
vt 0.334197 0.000000
vt 0.336790 0.000000
vt 0.334433 0.000000
vt 0.312986 0.000000
vt 0.336554 0.000000
vt 0.334669 0.000000
vt 0.336319 0.000000
vt 0.334905 0.000000
vt 0.336083 0.000000
vt 0.335140 0.000000
vt 0.335847 0.000000
vt 0.335376 0.000000
vt 0.335612 0.000000
vt 0.304973 0.000000
vt 0.312750 0.000000
vt 0.305209 0.000000
vt 0.312515 0.000000
vt 0.305444 0.000000
vt 0.312279 0.000000
vt 0.305680 0.000000
vt 0.312043 0.000000
vt 0.305916 0.000000
vt 0.311808 0.000000
vt 0.306151 0.000000
vt 0.311572 0.000000
vt 0.306387 0.000000
vt 0.311336 0.000000
vt 0.306623 0.000000
vt 0.311101 0.000000
vt 0.306858 0.000000
vt 0.310865 0.000000
vt 0.310629 0.000000
vt 0.307094 0.000000
vt 0.310394 0.000000
vt 0.307330 0.000000
vt 0.307565 0.000000
vt 0.307801 0.000000
vt 0.308037 0.000000
vt 0.308272 0.000000
vt 0.308508 0.000000
vt 0.308744 0.000000
vt 0.308979 0.000000
vt 0.309215 0.000000
vt 0.309451 0.000000
vt 0.309687 0.000000
vt 0.309922 0.000000
vt 0.310158 0.000000
vt 0.350224 0.000000
vt 0.398067 0.000000
vt 0.398303 0.000000
vt 0.397832 0.000000
vt 0.397596 0.000000
vt 0.350460 0.000000
vt 0.397360 0.000000
vt 0.350695 0.000000
vt 0.350931 0.000000
vt 0.351167 0.000000
vt 0.396889 0.000000
vt 0.396653 0.000000
vt 0.397125 0.000000
vt 0.396418 0.000000
vt 0.396182 0.000000
vt 0.395946 0.000000
vt 0.395711 0.000000
vt 0.395475 0.000000
vt 0.395239 0.000000
vt 0.395004 0.000000
vt 0.394768 0.000000
vt 0.394532 0.000000
vt 0.394296 0.000000
vt 0.394061 0.000000
vt 0.351402 0.000000
vt 0.393825 0.000000
vt 0.351638 0.000000
vt 0.393589 0.000000
vt 0.351874 0.000000
vt 0.393354 0.000000
vt 0.352109 0.000000
vt 0.393118 0.000000
vt 0.352345 0.000000
vt 0.392882 0.000000
vt 0.352581 0.000000
vt 0.392647 0.000000
vt 0.352816 0.000000
vt 0.392411 0.000000
vt 0.353052 0.000000
vt 0.392175 0.000000
vt 0.353288 0.000000
vt 0.370021 0.000000
vt 0.391940 0.000000
vt 0.369786 0.000000
vt 0.370257 0.000000
vt 0.370493 0.000000
vt 0.369550 0.000000
vt 0.370728 0.000000
vt 0.369314 0.000000
vt 0.370964 0.000000
vt 0.371200 0.000000
vt 0.369078 0.000000
vt 0.353523 0.000000
vt 0.371435 0.000000
vt 0.391704 0.000000
vt 0.368843 0.000000
vt 0.368607 0.000000
vt 0.371671 0.000000
vt 0.353759 0.000000
vt 0.391468 0.000000
vt 0.368371 0.000000
vt 0.371907 0.000000
vt 0.368136 0.000000
vt 0.391233 0.000000
vt 0.353995 0.000000
vt 0.372142 0.000000
vt 0.390997 0.000000
vt 0.354230 0.000000
vt 0.390761 0.000000
vt 0.354466 0.000000
vt 0.390526 0.000000
vt 0.354702 0.000000
vt 0.372378 0.000000
vt 0.367900 0.000000
vt 0.390290 0.000000
vt 0.354938 0.000000
vt 0.390054 0.000000
vt 0.355173 0.000000
vt 0.389819 0.000000
vt 0.372614 0.000000
vt 0.355409 0.000000
vt 0.389583 0.000000
vt 0.355645 0.000000
vt 0.389347 0.000000
vt 0.367664 0.000000
vt 0.372849 0.000000
vt 0.355880 0.000000
vt 0.389111 0.000000
vt 0.356116 0.000000
vt 0.388876 0.000000
vt 0.388640 0.000000
vt 0.356352 0.000000
vt 0.373085 0.000000
vt 0.388404 0.000000
vt 0.356587 0.000000
vt 0.367429 0.000000
vt 0.388169 0.000000
vt 0.356823 0.000000
vt 0.387933 0.000000
vt 0.387697 0.000000
vt 0.373321 0.000000
vt 0.357059 0.000000
vt 0.357294 0.000000
vt 0.387462 0.000000
vt 0.357530 0.000000
vt 0.357766 0.000000
vt 0.387226 0.000000
vt 0.358001 0.000000
vt 0.386990 0.000000
vt 0.386755 0.000000
vt 0.373556 0.000000
vt 0.358237 0.000000
vt 0.367193 0.000000
vt 0.386519 0.000000
vt 0.358473 0.000000
vt 0.386283 0.000000
vt 0.386048 0.000000
vt 0.385812 0.000000
vt 0.358708 0.000000
vt 0.385576 0.000000
vt 0.385341 0.000000
vt 0.373792 0.000000
vt 0.385105 0.000000
vt 0.358944 0.000000
vt 0.384869 0.000000
vt 0.384634 0.000000
vt 0.359180 0.000000
vt 0.359416 0.000000
vt 0.384398 0.000000
vt 0.359651 0.000000
vt 0.374028 0.000000
vt 0.359887 0.000000
vt 0.366957 0.000000
vt 0.384162 0.000000
vt 0.383926 0.000000
vt 0.374263 0.000000
vt 0.374499 0.000000
vt 0.383691 0.000000
vt 0.374735 0.000000
vt 0.383455 0.000000
vt 0.366722 0.000000
vt 0.374971 0.000000
vt 0.375206 0.000000
vt 0.383219 0.000000
vt 0.375442 0.000000
vt 0.382984 0.000000
vt 0.375678 0.000000
vt 0.366486 0.000000
vt 0.375913 0.000000
vt 0.382748 0.000000
vt 0.376149 0.000000
vt 0.376385 0.000000
vt 0.376620 0.000000
vt 0.366250 0.000000
vt 0.382512 0.000000
vt 0.376856 0.000000
vt 0.360123 0.000000
vt 0.377092 0.000000
vt 0.377327 0.000000
vt 0.360358 0.000000
vt 0.366015 0.000000
vt 0.377563 0.000000
vt 0.360594 0.000000
vt 0.377799 0.000000
vt 0.360830 0.000000
vt 0.378034 0.000000
vt 0.365779 0.000000
vt 0.378270 0.000000
vt 0.361065 0.000000
vt 0.378506 0.000000
vt 0.361301 0.000000
vt 0.365543 0.000000
vt 0.378741 0.000000
vt 0.361537 0.000000
vt 0.378977 0.000000
vt 0.379213 0.000000
vt 0.361772 0.000000
vt 0.379449 0.000000
vt 0.379684 0.000000
vt 0.365308 0.000000
vt 0.379920 0.000000
vt 0.380156 0.000000
vt 0.380391 0.000000
vt 0.380627 0.000000
vt 0.380863 0.000000
vt 0.381098 0.000000
vt 0.381334 0.000000
vt 0.381570 0.000000
vt 0.381805 0.000000
vt 0.382041 0.000000
vt 0.382277 0.000000
vt 0.362008 0.000000
vt 0.365072 0.000000
vt 0.364836 0.000000
vt 0.362244 0.000000
vt 0.364601 0.000000
vt 0.362479 0.000000
vt 0.364365 0.000000
vt 0.362715 0.000000
vt 0.364129 0.000000
vt 0.362951 0.000000
vt 0.363893 0.000000
vt 0.363186 0.000000
vt 0.363658 0.000000
vt 0.363422 0.000000
vt 0.423285 0.000000
vt 0.422814 0.000000
vt 0.423050 0.000000
vt 0.423521 0.000000
vt 0.422578 0.000000
vt 0.423757 0.000000
vt 0.422343 0.000000
vt 0.423992 0.000000
vt 0.422107 0.000000
vt 0.421871 0.000000
vt 0.424228 0.000000
vt 0.421636 0.000000
vt 0.424464 0.000000
vt 0.421400 0.000000
vt 0.424700 0.000000
vt 0.421164 0.000000
vt 0.424935 0.000000
vt 0.420929 0.000000
vt 0.425171 0.000000
vt 0.420693 0.000000
vt 0.398539 0.000000
vt 0.420457 0.000000
vt 0.398774 0.000000
vt 0.420222 0.000000
vt 0.419986 0.000000
vt 0.399010 0.000000
vt 0.419750 0.000000
vt 0.419515 0.000000
vt 0.399246 0.000000
vt 0.419279 0.000000
vt 0.399482 0.000000
vt 0.419043 0.000000
vt 0.399717 0.000000
vt 0.399953 0.000000
vt 0.418807 0.000000
vt 0.400189 0.000000
vt 0.418572 0.000000
vt 0.400424 0.000000
vt 0.418336 0.000000
vt 0.400660 0.000000
vt 0.418100 0.000000
vt 0.400896 0.000000
vt 0.417865 0.000000
vt 0.401131 0.000000
vt 0.417629 0.000000
vt 0.401367 0.000000
vt 0.401603 0.000000
vt 0.417393 0.000000
vt 0.401838 0.000000
vt 0.402074 0.000000
vt 0.402310 0.000000
vt 0.402545 0.000000
vt 0.402781 0.000000
vt 0.403017 0.000000
vt 0.417158 0.000000
vt 0.403252 0.000000
vt 0.403488 0.000000
vt 0.403724 0.000000
vt 0.403959 0.000000
vt 0.404195 0.000000
vt 0.404431 0.000000
vt 0.442611 0.000000
vt 0.442847 0.000000
vt 0.443083 0.000000
vt 0.443318 0.000000
vt 0.443554 0.000000
vt 0.443790 0.000000
vt 0.444025 0.000000
vt 0.444261 0.000000
vt 0.444497 0.000000
vt 0.444732 0.000000
vt 0.444968 0.000000
vt 0.445204 0.000000
vt 0.445440 0.000000
vt 0.445675 0.000000
vt 0.445911 0.000000
vt 0.446147 0.000000
vt 0.416922 0.000000
vt 0.446382 0.000000
vt 0.446618 0.000000
vt 0.446854 0.000000
vt 0.447089 0.000000
vt 0.447325 0.000000
vt 0.447561 0.000000
vt 0.447796 0.000000
vt 0.425407 0.000000
vt 0.442376 0.000000
vt 0.425642 0.000000
vt 0.442140 0.000000
vt 0.416686 0.000000
vt 0.425878 0.000000
vt 0.441904 0.000000
vt 0.426114 0.000000
vt 0.441669 0.000000
vt 0.426349 0.000000
vt 0.416451 0.000000
vt 0.441433 0.000000
vt 0.426585 0.000000
vt 0.441197 0.000000
vt 0.426821 0.000000
vt 0.440962 0.000000
vt 0.427056 0.000000
vt 0.416215 0.000000
vt 0.440726 0.000000
vt 0.427292 0.000000
vt 0.440490 0.000000
vt 0.427528 0.000000
vt 0.415979 0.000000
vt 0.440255 0.000000
vt 0.427763 0.000000
vt 0.440019 0.000000
vt 0.415744 0.000000
vt 0.427999 0.000000
vt 0.439783 0.000000
vt 0.415508 0.000000
vt 0.428235 0.000000
vt 0.439547 0.000000
vt 0.404667 0.000000
vt 0.428470 0.000000
vt 0.439312 0.000000
vt 0.415272 0.000000
vt 0.428706 0.000000
vt 0.439076 0.000000
vt 0.415037 0.000000
vt 0.428942 0.000000
vt 0.438840 0.000000
vt 0.429177 0.000000
vt 0.438605 0.000000
vt 0.414801 0.000000
vt 0.429413 0.000000
vt 0.438369 0.000000
vt 0.429649 0.000000
vt 0.438133 0.000000
vt 0.414565 0.000000
vt 0.437898 0.000000
vt 0.429885 0.000000
vt 0.437662 0.000000
vt 0.430120 0.000000
vt 0.437426 0.000000
vt 0.430356 0.000000
vt 0.437191 0.000000
vt 0.430592 0.000000
vt 0.414329 0.000000
vt 0.436955 0.000000
vt 0.430827 0.000000
vt 0.436719 0.000000
vt 0.431063 0.000000
vt 0.436484 0.000000
vt 0.431299 0.000000
vt 0.436248 0.000000
vt 0.431534 0.000000
vt 0.414094 0.000000
vt 0.436012 0.000000
vt 0.431770 0.000000
vt 0.435777 0.000000
vt 0.432006 0.000000
vt 0.413858 0.000000
vt 0.435541 0.000000
vt 0.432241 0.000000
vt 0.435305 0.000000
vt 0.432477 0.000000
vt 0.435070 0.000000
vt 0.432713 0.000000
vt 0.434834 0.000000
vt 0.432948 0.000000
vt 0.434598 0.000000
vt 0.433184 0.000000
vt 0.404902 0.000000
vt 0.434362 0.000000
vt 0.433420 0.000000
vt 0.434127 0.000000
vt 0.433655 0.000000
vt 0.433891 0.000000
vt 0.413622 0.000000
vt 0.413387 0.000000
vt 0.413151 0.000000
vt 0.405138 0.000000
vt 0.405374 0.000000
vt 0.412915 0.000000
vt 0.405609 0.000000
vt 0.412680 0.000000
vt 0.405845 0.000000
vt 0.412444 0.000000
vt 0.406081 0.000000
vt 0.406316 0.000000
vt 0.412208 0.000000
vt 0.406552 0.000000
vt 0.411973 0.000000
vt 0.406788 0.000000
vt 0.407023 0.000000
vt 0.411737 0.000000
vt 0.407259 0.000000
vt 0.411501 0.000000
vt 0.407495 0.000000
vt 0.411266 0.000000
vt 0.407730 0.000000
vt 0.407966 0.000000
vt 0.408202 0.000000
vt 0.411030 0.000000
vt 0.408437 0.000000
vt 0.408673 0.000000
vt 0.408909 0.000000
vt 0.409144 0.000000
vt 0.409380 0.000000
vt 0.409616 0.000000
vt 0.409852 0.000000
vt 0.410087 0.000000
vt 0.410323 0.000000
vt 0.410559 0.000000
vt 0.410794 0.000000
vt 0.473721 0.000000
vt 0.473250 0.000000
vt 0.473486 0.000000
vt 0.473014 0.000000
vt 0.472779 0.000000
vt 0.473957 0.000000
vt 0.472543 0.000000
vt 0.474193 0.000000
vt 0.472307 0.000000
vt 0.474428 0.000000
vt 0.474664 0.000000
vt 0.472072 0.000000
vt 0.474900 0.000000
vt 0.471836 0.000000
vt 0.475136 0.000000
vt 0.471600 0.000000
vt 0.475371 0.000000
vt 0.471365 0.000000
vt 0.475607 0.000000
vt 0.471129 0.000000
vt 0.475843 0.000000
vt 0.470893 0.000000
vt 0.476078 0.000000
vt 0.470658 0.000000
vt 0.448032 0.000000
vt 0.448268 0.000000
vt 0.470422 0.000000
vt 0.470186 0.000000
vt 0.448503 0.000000
vt 0.469950 0.000000
vt 0.448739 0.000000
vt 0.469715 0.000000
vt 0.448975 0.000000
vt 0.469479 0.000000
vt 0.449210 0.000000
vt 0.469243 0.000000
vt 0.449446 0.000000
vt 0.469008 0.000000
vt 0.449682 0.000000
vt 0.468772 0.000000
vt 0.449918 0.000000
vt 0.468536 0.000000
vt 0.450153 0.000000
vt 0.468301 0.000000
vt 0.468065 0.000000
vt 0.450389 0.000000
vt 0.467829 0.000000
vt 0.450625 0.000000
vt 0.467594 0.000000
vt 0.450860 0.000000
vt 0.494933 0.000000
vt 0.495169 0.000000
vt 0.495404 0.000000
vt 0.467358 0.000000
vt 0.495640 0.000000
vt 0.495876 0.000000
vt 0.496111 0.000000
vt 0.496347 0.000000
vt 0.496583 0.000000
vt 0.467122 0.000000
vt 0.494697 0.000000
vt 0.494461 0.000000
vt 0.496818 0.000000
vt 0.497054 0.000000
vt 0.494226 0.000000
vt 0.497290 0.000000
vt 0.497525 0.000000
vt 0.493990 0.000000
vt 0.497761 0.000000
vt 0.493754 0.000000
vt 0.497997 0.000000
vt 0.466887 0.000000
vt 0.493519 0.000000
vt 0.498232 0.000000
vt 0.451096 0.000000
vt 0.498468 0.000000
vt 0.493283 0.000000
vt 0.498704 0.000000
vt 0.493047 0.000000
vt 0.466651 0.000000
vt 0.476314 0.000000
vt 0.476550 0.000000
vt 0.492812 0.000000
vt 0.466415 0.000000
vt 0.476785 0.000000
vt 0.451332 0.000000
vt 0.466180 0.000000
vt 0.492576 0.000000
vt 0.477021 0.000000
vt 0.477257 0.000000
vt 0.465944 0.000000
vt 0.492340 0.000000
vt 0.451567 0.000000
vt 0.477492 0.000000
vt 0.477728 0.000000
vt 0.465708 0.000000
vt 0.492105 0.000000
vt 0.477964 0.000000
vt 0.451803 0.000000
vt 0.491869 0.000000
vt 0.465473 0.000000
vt 0.478199 0.000000
vt 0.478435 0.000000
vt 0.491633 0.000000
vt 0.465237 0.000000
vt 0.452039 0.000000
vt 0.478671 0.000000
vt 0.491398 0.000000
vt 0.478906 0.000000
vt 0.465001 0.000000
vt 0.452274 0.000000
vt 0.479142 0.000000
vt 0.491162 0.000000
vt 0.479378 0.000000
vt 0.490926 0.000000
vt 0.479613 0.000000
vt 0.464765 0.000000
vt 0.452510 0.000000
vt 0.479849 0.000000
vt 0.480085 0.000000
vt 0.490691 0.000000
vt 0.480321 0.000000
vt 0.464530 0.000000
vt 0.480556 0.000000
vt 0.452746 0.000000
vt 0.480792 0.000000
vt 0.490455 0.000000
vt 0.481028 0.000000
vt 0.481263 0.000000
vt 0.464294 0.000000
vt 0.481499 0.000000
vt 0.452981 0.000000
vt 0.490219 0.000000
vt 0.481735 0.000000
vt 0.489983 0.000000
vt 0.481970 0.000000
vt 0.489748 0.000000
vt 0.464058 0.000000
vt 0.482206 0.000000
vt 0.489512 0.000000
vt 0.453217 0.000000
vt 0.489276 0.000000
vt 0.489041 0.000000
vt 0.482442 0.000000
vt 0.463823 0.000000
vt 0.488805 0.000000
vt 0.488569 0.000000
vt 0.482677 0.000000
vt 0.488334 0.000000
vt 0.453453 0.000000
vt 0.463587 0.000000
vt 0.488098 0.000000
vt 0.482913 0.000000
vt 0.487862 0.000000
vt 0.487627 0.000000
vt 0.487391 0.000000
vt 0.463351 0.000000
vt 0.483149 0.000000
vt 0.487155 0.000000
vt 0.453688 0.000000
vt 0.483384 0.000000
vt 0.486920 0.000000
vt 0.463116 0.000000
vt 0.483620 0.000000
vt 0.486684 0.000000
vt 0.486448 0.000000
vt 0.483856 0.000000
vt 0.486213 0.000000
vt 0.484091 0.000000
vt 0.485977 0.000000
vt 0.485741 0.000000
vt 0.484327 0.000000
vt 0.485506 0.000000
vt 0.484563 0.000000
vt 0.485270 0.000000
vt 0.485034 0.000000
vt 0.484798 0.000000
vt 0.462880 0.000000
vt 0.453924 0.000000
vt 0.462644 0.000000
vt 0.462409 0.000000
vt 0.454160 0.000000
vt 0.462173 0.000000
vt 0.461937 0.000000
vt 0.454395 0.000000
vt 0.461702 0.000000
vt 0.454631 0.000000
vt 0.461466 0.000000
vt 0.454867 0.000000
vt 0.461230 0.000000
vt 0.460995 0.000000
vt 0.455103 0.000000
vt 0.460759 0.000000
vt 0.455338 0.000000
vt 0.460523 0.000000
vt 0.455574 0.000000
vt 0.460288 0.000000
vt 0.455810 0.000000
vt 0.460052 0.000000
vt 0.456045 0.000000
vt 0.459816 0.000000
vt 0.456281 0.000000
vt 0.459580 0.000000
vt 0.456517 0.000000
vt 0.459345 0.000000
vt 0.456752 0.000000
vt 0.459109 0.000000
vt 0.456988 0.000000
vt 0.458873 0.000000
vt 0.457224 0.000000
vt 0.458638 0.000000
vt 0.457459 0.000000
vt 0.458402 0.000000
vt 0.457695 0.000000
vt 0.458166 0.000000
vt 0.457931 0.000000
vt 0.498939 0.000000
vt 0.514259 0.000000
vt 0.514494 0.000000
vt 0.514023 0.000000
vt 0.513787 0.000000
vt 0.513552 0.000000
vt 0.513316 0.000000
vt 0.513080 0.000000
vt 0.512845 0.000000
vt 0.512609 0.000000
vt 0.512373 0.000000
vt 0.512138 0.000000
vt 0.511902 0.000000
vt 0.511666 0.000000
vt 0.511431 0.000000
vt 0.511195 0.000000
vt 0.529342 0.000000
vt 0.510959 0.000000
vt 0.510724 0.000000
vt 0.510488 0.000000
vt 0.510252 0.000000
vt 0.510017 0.000000
vt 0.509781 0.000000
vt 0.509545 0.000000
vt 0.509309 0.000000
vt 0.509074 0.000000
vt 0.508838 0.000000
vt 0.508602 0.000000
vt 0.508367 0.000000
vt 0.508131 0.000000
vt 0.507895 0.000000
vt 0.507660 0.000000
vt 0.507424 0.000000
vt 0.507188 0.000000
vt 0.506953 0.000000
vt 0.506717 0.000000
vt 0.506481 0.000000
vt 0.529578 0.000000
vt 0.529814 0.000000
vt 0.530050 0.000000
vt 0.530285 0.000000
vt 0.530521 0.000000
vt 0.530757 0.000000
vt 0.530992 0.000000
vt 0.531228 0.000000
vt 0.506246 0.000000
vt 0.529107 0.000000
vt 0.531464 0.000000
vt 0.531699 0.000000
vt 0.531935 0.000000
vt 0.532171 0.000000
vt 0.514730 0.000000
vt 0.514966 0.000000
vt 0.515202 0.000000
vt 0.515437 0.000000
vt 0.515673 0.000000
vt 0.506010 0.000000
vt 0.515909 0.000000
vt 0.516144 0.000000
vt 0.516380 0.000000
vt 0.505774 0.000000
vt 0.516616 0.000000
vt 0.516851 0.000000
vt 0.517087 0.000000
vt 0.505539 0.000000
vt 0.517323 0.000000
vt 0.517558 0.000000
vt 0.505303 0.000000
vt 0.517794 0.000000
vt 0.518030 0.000000
vt 0.505067 0.000000
vt 0.518265 0.000000
vt 0.528871 0.000000
vt 0.518501 0.000000
vt 0.504831 0.000000
vt 0.518737 0.000000
vt 0.518972 0.000000
vt 0.504596 0.000000
vt 0.519208 0.000000
vt 0.519444 0.000000
vt 0.504360 0.000000
vt 0.519679 0.000000
vt 0.519915 0.000000
vt 0.504124 0.000000
vt 0.520151 0.000000
vt 0.520387 0.000000
vt 0.520622 0.000000
vt 0.520858 0.000000
vt 0.503889 0.000000
vt 0.521094 0.000000
vt 0.521329 0.000000
vt 0.521565 0.000000
vt 0.521801 0.000000
vt 0.522036 0.000000
vt 0.522272 0.000000
vt 0.522508 0.000000
vt 0.522743 0.000000
vt 0.522979 0.000000
vt 0.523215 0.000000
vt 0.503653 0.000000
vt 0.523450 0.000000
vt 0.523686 0.000000
vt 0.523922 0.000000
vt 0.524157 0.000000
vt 0.524393 0.000000
vt 0.524629 0.000000
vt 0.524864 0.000000
vt 0.499175 0.000000
vt 0.525100 0.000000
vt 0.525336 0.000000
vt 0.525572 0.000000
vt 0.525807 0.000000
vt 0.526043 0.000000
vt 0.526279 0.000000
vt 0.526514 0.000000
vt 0.526750 0.000000
vt 0.526986 0.000000
vt 0.527221 0.000000
vt 0.527457 0.000000
vt 0.527693 0.000000
vt 0.527928 0.000000
vt 0.528164 0.000000
vt 0.528400 0.000000
vt 0.528635 0.000000
vt 0.500118 0.000000
vt 0.503417 0.000000
vt 0.503182 0.000000
vt 0.502946 0.000000
vt 0.502710 0.000000
vt 0.502475 0.000000
vt 0.502239 0.000000
vt 0.502003 0.000000
vt 0.501768 0.000000
vt 0.501532 0.000000
vt 0.501296 0.000000
vt 0.501061 0.000000
vt 0.500825 0.000000
vt 0.500589 0.000000
vt 0.500354 0.000000
vt 0.499882 0.000000
vt 0.499646 0.000000
vt 0.499411 0.000000
vt 0.552204 0.000000
vt 0.551732 0.000000
vt 0.551968 0.000000
vt 0.551497 0.000000
vt 0.551261 0.000000
vt 0.552439 0.000000
vt 0.552675 0.000000
vt 0.552911 0.000000
vt 0.553146 0.000000
vt 0.553382 0.000000
vt 0.553618 0.000000
vt 0.553853 0.000000
vt 0.551025 0.000000
vt 0.554089 0.000000
vt 0.554325 0.000000
vt 0.554560 0.000000
vt 0.532406 0.000000
vt 0.532642 0.000000
vt 0.532878 0.000000
vt 0.533113 0.000000
vt 0.550790 0.000000
vt 0.533349 0.000000
vt 0.550554 0.000000
vt 0.533585 0.000000
vt 0.533820 0.000000
vt 0.550318 0.000000
vt 0.534056 0.000000
vt 0.550083 0.000000
vt 0.534292 0.000000
vt 0.568937 0.000000
vt 0.549847 0.000000
vt 0.568701 0.000000
vt 0.569173 0.000000
vt 0.568466 0.000000
vt 0.569408 0.000000
vt 0.534527 0.000000
vt 0.568230 0.000000
vt 0.569644 0.000000
vt 0.567994 0.000000
vt 0.569880 0.000000
vt 0.567759 0.000000
vt 0.570116 0.000000
vt 0.567523 0.000000
vt 0.570351 0.000000
vt 0.549611 0.000000
vt 0.567287 0.000000
vt 0.534763 0.000000
vt 0.570587 0.000000
vt 0.567052 0.000000
vt 0.570823 0.000000
vt 0.566816 0.000000
vt 0.571058 0.000000
vt 0.549375 0.000000
vt 0.534999 0.000000
vt 0.566580 0.000000
vt 0.571294 0.000000
vt 0.566345 0.000000
vt 0.571530 0.000000
vt 0.549140 0.000000
vt 0.566109 0.000000
vt 0.554796 0.000000
vt 0.535235 0.000000
vt 0.565873 0.000000
vt 0.548904 0.000000
vt 0.555032 0.000000
vt 0.565638 0.000000
vt 0.548668 0.000000
vt 0.555268 0.000000
vt 0.548433 0.000000
vt 0.535470 0.000000
vt 0.565402 0.000000
vt 0.555503 0.000000
vt 0.565166 0.000000
vt 0.555739 0.000000
vt 0.564930 0.000000
vt 0.548197 0.000000
vt 0.555975 0.000000
vt 0.535706 0.000000
vt 0.564695 0.000000
vt 0.556210 0.000000
vt 0.564459 0.000000
vt 0.556446 0.000000
vt 0.564223 0.000000
vt 0.556682 0.000000
vt 0.535942 0.000000
vt 0.547961 0.000000
vt 0.563988 0.000000
vt 0.556917 0.000000
vt 0.563752 0.000000
vt 0.557153 0.000000
vt 0.563516 0.000000
vt 0.557389 0.000000
vt 0.563281 0.000000
vt 0.557624 0.000000
vt 0.563045 0.000000
vt 0.557860 0.000000
vt 0.562809 0.000000
vt 0.558096 0.000000
vt 0.562574 0.000000
vt 0.558331 0.000000
vt 0.562338 0.000000
vt 0.558567 0.000000
vt 0.562102 0.000000
vt 0.558803 0.000000
vt 0.561867 0.000000
vt 0.559038 0.000000
vt 0.561631 0.000000
vt 0.559274 0.000000
vt 0.561395 0.000000
vt 0.559510 0.000000
vt 0.561160 0.000000
vt 0.559745 0.000000
vt 0.560924 0.000000
vt 0.559981 0.000000
vt 0.560688 0.000000
vt 0.560217 0.000000
vt 0.560453 0.000000
vt 0.536177 0.000000
vt 0.547726 0.000000
vt 0.536413 0.000000
vt 0.542069 0.000000
vt 0.542305 0.000000
vt 0.547490 0.000000
vt 0.536649 0.000000
vt 0.541834 0.000000
vt 0.541598 0.000000
vt 0.542541 0.000000
vt 0.547254 0.000000
vt 0.536884 0.000000
vt 0.547019 0.000000
vt 0.537120 0.000000
vt 0.546783 0.000000
vt 0.541362 0.000000
vt 0.542776 0.000000
vt 0.537356 0.000000
vt 0.546547 0.000000
vt 0.537591 0.000000
vt 0.546312 0.000000
vt 0.537827 0.000000
vt 0.546076 0.000000
vt 0.538063 0.000000
vt 0.538298 0.000000
vt 0.538534 0.000000
vt 0.538770 0.000000
vt 0.539005 0.000000
vt 0.539241 0.000000
vt 0.545840 0.000000
vt 0.539477 0.000000
vt 0.539712 0.000000
vt 0.539948 0.000000
vt 0.545605 0.000000
vt 0.540184 0.000000
vt 0.545369 0.000000
vt 0.545133 0.000000
vt 0.543012 0.000000
vt 0.544897 0.000000
vt 0.540420 0.000000
vt 0.544662 0.000000
vt 0.544426 0.000000
vt 0.544190 0.000000
vt 0.543955 0.000000
vt 0.540655 0.000000
vt 0.543248 0.000000
vt 0.543719 0.000000
vt 0.543483 0.000000
vt 0.540891 0.000000
vt 0.541127 0.000000
vt 0.634221 0.000000
vt 0.633750 0.000000
vt 0.633985 0.000000
vt 0.634457 0.000000
vt 0.633514 0.000000
vt 0.634692 0.000000
vt 0.633278 0.000000
vt 0.633043 0.000000
vt 0.571765 0.000000
vt 0.632807 0.000000
vt 0.572001 0.000000
vt 0.632571 0.000000
vt 0.632336 0.000000
vt 0.572237 0.000000
vt 0.632100 0.000000
vt 0.631864 0.000000
vt 0.572472 0.000000
vt 0.631629 0.000000
vt 0.572708 0.000000
vt 0.631393 0.000000
vt 0.631157 0.000000
vt 0.572944 0.000000
vt 0.630922 0.000000
vt 0.573179 0.000000
vt 0.630686 0.000000
vt 0.573415 0.000000
vt 0.630450 0.000000
vt 0.573651 0.000000
vt 0.630214 0.000000
vt 0.629979 0.000000
vt 0.573886 0.000000
vt 0.629743 0.000000
vt 0.574122 0.000000
vt 0.629507 0.000000
vt 0.574358 0.000000
vt 0.629272 0.000000
vt 0.574593 0.000000
vt 0.629036 0.000000
vt 0.628800 0.000000
vt 0.628565 0.000000
vt 0.628329 0.000000
vt 0.615131 0.000000
vt 0.615366 0.000000
vt 0.615602 0.000000
vt 0.628093 0.000000
vt 0.614895 0.000000
vt 0.614659 0.000000
vt 0.615838 0.000000
vt 0.614424 0.000000
vt 0.616074 0.000000
vt 0.614188 0.000000
vt 0.574829 0.000000
vt 0.616309 0.000000
vt 0.613952 0.000000
vt 0.616545 0.000000
vt 0.613717 0.000000
vt 0.575065 0.000000
vt 0.616781 0.000000
vt 0.613481 0.000000
vt 0.617016 0.000000
vt 0.613245 0.000000
vt 0.575301 0.000000
vt 0.617252 0.000000
vt 0.613010 0.000000
vt 0.627858 0.000000
vt 0.617488 0.000000
vt 0.612774 0.000000
vt 0.575536 0.000000
vt 0.617723 0.000000
vt 0.612538 0.000000
vt 0.627622 0.000000
vt 0.617959 0.000000
vt 0.612303 0.000000
vt 0.575772 0.000000
vt 0.612067 0.000000
vt 0.618195 0.000000
vt 0.627386 0.000000
vt 0.576008 0.000000
vt 0.618430 0.000000
vt 0.611831 0.000000
vt 0.627151 0.000000
vt 0.576243 0.000000
vt 0.618666 0.000000
vt 0.626915 0.000000
vt 0.611596 0.000000
vt 0.626679 0.000000
vt 0.576479 0.000000
vt 0.626444 0.000000
vt 0.611360 0.000000
vt 0.618902 0.000000
vt 0.626208 0.000000
vt 0.625972 0.000000
vt 0.625737 0.000000
vt 0.576715 0.000000
vt 0.625501 0.000000
vt 0.611124 0.000000
vt 0.625265 0.000000
vt 0.619137 0.000000
vt 0.576950 0.000000
vt 0.625029 0.000000
vt 0.610889 0.000000
vt 0.577186 0.000000
vt 0.624794 0.000000
vt 0.577422 0.000000
vt 0.619373 0.000000
vt 0.577657 0.000000
vt 0.624558 0.000000
vt 0.610653 0.000000
vt 0.624322 0.000000
vt 0.619609 0.000000
vt 0.624087 0.000000
vt 0.610417 0.000000
vt 0.623851 0.000000
vt 0.619844 0.000000
vt 0.610181 0.000000
vt 0.623615 0.000000
vt 0.623380 0.000000
vt 0.620080 0.000000
vt 0.609946 0.000000
vt 0.623144 0.000000
vt 0.620316 0.000000
vt 0.609710 0.000000
vt 0.622908 0.000000
vt 0.622673 0.000000
vt 0.620551 0.000000
vt 0.622437 0.000000
vt 0.609474 0.000000
vt 0.620787 0.000000
vt 0.622201 0.000000
vt 0.621966 0.000000
vt 0.621730 0.000000
vt 0.621023 0.000000
vt 0.621494 0.000000
vt 0.621259 0.000000
vt 0.609239 0.000000
vt 0.609003 0.000000
vt 0.608767 0.000000
vt 0.608532 0.000000
vt 0.608296 0.000000
vt 0.608060 0.000000
vt 0.607825 0.000000
vt 0.607589 0.000000
vt 0.607353 0.000000
vt 0.607118 0.000000
vt 0.606882 0.000000
vt 0.606646 0.000000
vt 0.577893 0.000000
vt 0.606411 0.000000
vt 0.578129 0.000000
vt 0.606175 0.000000
vt 0.578364 0.000000
vt 0.605939 0.000000
vt 0.578600 0.000000
vt 0.578836 0.000000
vt 0.605704 0.000000
vt 0.579071 0.000000
vt 0.605468 0.000000
vt 0.595334 0.000000
vt 0.594862 0.000000
vt 0.595098 0.000000
vt 0.594626 0.000000
vt 0.594391 0.000000
vt 0.594155 0.000000
vt 0.593919 0.000000
vt 0.593684 0.000000
vt 0.593448 0.000000
vt 0.579307 0.000000
vt 0.593212 0.000000
vt 0.592977 0.000000
vt 0.595569 0.000000
vt 0.605232 0.000000
vt 0.592741 0.000000
vt 0.592505 0.000000
vt 0.595805 0.000000
vt 0.592270 0.000000
vt 0.592034 0.000000
vt 0.591798 0.000000
vt 0.591563 0.000000
vt 0.596041 0.000000
vt 0.579543 0.000000
vt 0.604996 0.000000
vt 0.596276 0.000000
vt 0.596512 0.000000
vt 0.591327 0.000000
vt 0.579778 0.000000
vt 0.604761 0.000000
vt 0.596748 0.000000
vt 0.604525 0.000000
vt 0.596983 0.000000
vt 0.580014 0.000000
vt 0.591091 0.000000
vt 0.604289 0.000000
vt 0.597219 0.000000
vt 0.580250 0.000000
vt 0.604054 0.000000
vt 0.597455 0.000000
vt 0.580486 0.000000
vt 0.603818 0.000000
vt 0.597690 0.000000
vt 0.580721 0.000000
vt 0.590856 0.000000
vt 0.597926 0.000000
vt 0.603582 0.000000
vt 0.598162 0.000000
vt 0.603347 0.000000
vt 0.598397 0.000000
vt 0.603111 0.000000
vt 0.598633 0.000000
vt 0.580957 0.000000
vt 0.602875 0.000000
vt 0.598869 0.000000
vt 0.590620 0.000000
vt 0.602640 0.000000
vt 0.599104 0.000000
vt 0.599340 0.000000
vt 0.602404 0.000000
vt 0.599576 0.000000
vt 0.602168 0.000000
vt 0.599811 0.000000
vt 0.601933 0.000000
vt 0.600047 0.000000
vt 0.601697 0.000000
vt 0.600283 0.000000
vt 0.601461 0.000000
vt 0.600519 0.000000
vt 0.601226 0.000000
vt 0.600754 0.000000
vt 0.600990 0.000000
vt 0.581193 0.000000
vt 0.590384 0.000000
vt 0.581428 0.000000
vt 0.590149 0.000000
vt 0.581664 0.000000
vt 0.589913 0.000000
vt 0.581900 0.000000
vt 0.589677 0.000000
vt 0.582135 0.000000
vt 0.589441 0.000000
vt 0.582371 0.000000
vt 0.589206 0.000000
vt 0.582607 0.000000
vt 0.582842 0.000000
vt 0.588970 0.000000
vt 0.583078 0.000000
vt 0.588734 0.000000
vt 0.583314 0.000000
vt 0.588499 0.000000
vt 0.583549 0.000000
vt 0.588263 0.000000
vt 0.583785 0.000000
vt 0.588027 0.000000
vt 0.584021 0.000000
vt 0.584256 0.000000
vt 0.587792 0.000000
vt 0.584492 0.000000
vt 0.587556 0.000000
vt 0.584728 0.000000
vt 0.584963 0.000000
vt 0.587320 0.000000
vt 0.585199 0.000000
vt 0.585435 0.000000
vt 0.587085 0.000000
vt 0.585671 0.000000
vt 0.585906 0.000000
vt 0.586849 0.000000
vt 0.586142 0.000000
vt 0.586378 0.000000
vt 0.586613 0.000000
vt 0.675937 0.000000
vt 0.675465 0.000000
vt 0.675701 0.000000
vt 0.675230 0.000000
vt 0.674994 0.000000
vt 0.676172 0.000000
vt 0.674758 0.000000
vt 0.676408 0.000000
vt 0.674523 0.000000
vt 0.676644 0.000000
vt 0.674287 0.000000
vt 0.676880 0.000000
vt 0.674051 0.000000
vt 0.677115 0.000000
vt 0.677351 0.000000
vt 0.673816 0.000000
vt 0.677587 0.000000
vt 0.673580 0.000000
vt 0.677822 0.000000
vt 0.678058 0.000000
vt 0.673344 0.000000
vt 0.678294 0.000000
vt 0.634928 0.000000
vt 0.635164 0.000000
vt 0.673109 0.000000
vt 0.672873 0.000000
vt 0.635399 0.000000
vt 0.672637 0.000000
vt 0.672402 0.000000
vt 0.672166 0.000000
vt 0.635635 0.000000
vt 0.635871 0.000000
vt 0.671930 0.000000
vt 0.636107 0.000000
vt 0.671695 0.000000
vt 0.636342 0.000000
vt 0.636578 0.000000
vt 0.671459 0.000000
vt 0.636814 0.000000
vt 0.637049 0.000000
vt 0.671223 0.000000
vt 0.637285 0.000000
vt 0.670987 0.000000
vt 0.637521 0.000000
vt 0.637756 0.000000
vt 0.670752 0.000000
vt 0.637992 0.000000
vt 0.670516 0.000000
vt 0.638228 0.000000
vt 0.670280 0.000000
vt 0.638463 0.000000
vt 0.670045 0.000000
vt 0.638699 0.000000
vt 0.669809 0.000000
vt 0.638935 0.000000
vt 0.669573 0.000000
vt 0.639170 0.000000
vt 0.669338 0.000000
vt 0.669102 0.000000
vt 0.639406 0.000000
vt 0.668866 0.000000
vt 0.668631 0.000000
vt 0.639642 0.000000
vt 0.668395 0.000000
vt 0.639877 0.000000
vt 0.668159 0.000000
vt 0.667924 0.000000
vt 0.640113 0.000000
vt 0.654961 0.000000
vt 0.667688 0.000000
vt 0.654725 0.000000
vt 0.655197 0.000000
vt 0.654490 0.000000
vt 0.654254 0.000000
vt 0.654018 0.000000
vt 0.667452 0.000000
vt 0.640349 0.000000
vt 0.653783 0.000000
vt 0.653547 0.000000
vt 0.653311 0.000000
vt 0.667217 0.000000
vt 0.653076 0.000000
vt 0.652840 0.000000
vt 0.640584 0.000000
vt 0.652604 0.000000
vt 0.666981 0.000000
vt 0.655432 0.000000
vt 0.652369 0.000000
vt 0.652133 0.000000
vt 0.651897 0.000000
vt 0.666745 0.000000
vt 0.655668 0.000000
vt 0.640820 0.000000
vt 0.641056 0.000000
vt 0.651662 0.000000
vt 0.641292 0.000000
vt 0.666510 0.000000
vt 0.641527 0.000000
vt 0.641763 0.000000
vt 0.641999 0.000000
vt 0.655904 0.000000
vt 0.651426 0.000000
vt 0.642234 0.000000
vt 0.642470 0.000000
vt 0.642706 0.000000
vt 0.642941 0.000000
vt 0.656140 0.000000
vt 0.643177 0.000000
vt 0.651190 0.000000
vt 0.666274 0.000000
vt 0.643413 0.000000
vt 0.643648 0.000000
vt 0.666038 0.000000
vt 0.665802 0.000000
vt 0.656375 0.000000
vt 0.650954 0.000000
vt 0.665567 0.000000
vt 0.650719 0.000000
vt 0.665331 0.000000
vt 0.656611 0.000000
vt 0.665095 0.000000
vt 0.650483 0.000000
vt 0.656847 0.000000
vt 0.664860 0.000000
vt 0.650247 0.000000
vt 0.657082 0.000000
vt 0.664624 0.000000
vt 0.650012 0.000000
vt 0.657318 0.000000
vt 0.664388 0.000000
vt 0.649776 0.000000
vt 0.657554 0.000000
vt 0.664153 0.000000
vt 0.649540 0.000000
vt 0.663917 0.000000
vt 0.657789 0.000000
vt 0.663681 0.000000
vt 0.649305 0.000000
vt 0.663446 0.000000
vt 0.643884 0.000000
vt 0.658025 0.000000
vt 0.649069 0.000000
vt 0.663210 0.000000
vt 0.658261 0.000000
vt 0.644120 0.000000
vt 0.648833 0.000000
vt 0.658496 0.000000
vt 0.648598 0.000000
vt 0.662974 0.000000
vt 0.644355 0.000000
vt 0.658732 0.000000
vt 0.648362 0.000000
vt 0.658968 0.000000
vt 0.662739 0.000000
vt 0.648126 0.000000
vt 0.644591 0.000000
vt 0.659203 0.000000
vt 0.647891 0.000000
vt 0.662503 0.000000
vt 0.644827 0.000000
vt 0.659439 0.000000
vt 0.647655 0.000000
vt 0.662267 0.000000
vt 0.645062 0.000000
vt 0.659675 0.000000
vt 0.647419 0.000000
vt 0.662032 0.000000
vt 0.645298 0.000000
vt 0.659910 0.000000
vt 0.647184 0.000000
vt 0.661796 0.000000
vt 0.645534 0.000000
vt 0.660146 0.000000
vt 0.646948 0.000000
vt 0.661560 0.000000
vt 0.645769 0.000000
vt 0.660382 0.000000
vt 0.661325 0.000000
vt 0.646005 0.000000
vt 0.646712 0.000000
vt 0.660617 0.000000
vt 0.661089 0.000000
vt 0.646241 0.000000
vt 0.646477 0.000000
vt 0.660853 0.000000
vt 0.678529 0.000000
vt 0.679943 0.000000
vt 0.680179 0.000000
vt 0.679708 0.000000
vt 0.679472 0.000000
vt 0.678765 0.000000
vt 0.679236 0.000000
vt 0.679001 0.000000
vt 0.680415 0.000000
vt 0.711761 0.000000
vt 0.711996 0.000000
vt 0.711525 0.000000
vt 0.711289 0.000000
vt 0.680650 0.000000
vt 0.711053 0.000000
vt 0.680886 0.000000
vt 0.681122 0.000000
vt 0.681358 0.000000
vt 0.710582 0.000000
vt 0.710346 0.000000
vt 0.710818 0.000000
vt 0.710111 0.000000
vt 0.681593 0.000000
vt 0.709875 0.000000
vt 0.709639 0.000000
vt 0.709404 0.000000
vt 0.709168 0.000000
vt 0.708932 0.000000
vt 0.708697 0.000000
vt 0.682065 0.000000
vt 0.681829 0.000000
vt 0.708461 0.000000
vt 0.708225 0.000000
vt 0.682300 0.000000
vt 0.707990 0.000000
vt 0.707754 0.000000
vt 0.707518 0.000000
vt 0.707283 0.000000
vt 0.707047 0.000000
vt 0.682536 0.000000
vt 0.706811 0.000000
vt 0.706576 0.000000
vt 0.682772 0.000000
vt 0.706340 0.000000
vt 0.683007 0.000000
vt 0.706104 0.000000
vt 0.705868 0.000000
vt 0.683243 0.000000
vt 0.705633 0.000000
vt 0.683479 0.000000
vt 0.705397 0.000000
vt 0.683714 0.000000
vt 0.705161 0.000000
vt 0.683950 0.000000
vt 0.704926 0.000000
vt 0.704690 0.000000
vt 0.684186 0.000000
vt 0.704454 0.000000
vt 0.684421 0.000000
vt 0.704219 0.000000
vt 0.684657 0.000000
vt 0.703983 0.000000
vt 0.684893 0.000000
vt 0.703747 0.000000
vt 0.685128 0.000000
vt 0.703512 0.000000
vt 0.685364 0.000000
vt 0.703276 0.000000
vt 0.685600 0.000000
vt 0.703040 0.000000
vt 0.685835 0.000000
vt 0.702805 0.000000
vt 0.686071 0.000000
vt 0.686307 0.000000
vt 0.702569 0.000000
vt 0.686543 0.000000
vt 0.732265 0.000000
vt 0.702333 0.000000
vt 0.686778 0.000000
vt 0.728258 0.000000
vt 0.728494 0.000000
vt 0.728730 0.000000
vt 0.728965 0.000000
vt 0.729201 0.000000
vt 0.729437 0.000000
vt 0.729672 0.000000
vt 0.729908 0.000000
vt 0.730144 0.000000
vt 0.730379 0.000000
vt 0.730615 0.000000
vt 0.730851 0.000000
vt 0.731086 0.000000
vt 0.731322 0.000000
vt 0.731558 0.000000
vt 0.731794 0.000000
vt 0.732029 0.000000
vt 0.732501 0.000000
vt 0.732736 0.000000
vt 0.732972 0.000000
vt 0.702098 0.000000
vt 0.728023 0.000000
vt 0.733208 0.000000
vt 0.727787 0.000000
vt 0.733443 0.000000
vt 0.727551 0.000000
vt 0.733679 0.000000
vt 0.727316 0.000000
vt 0.733915 0.000000
vt 0.727080 0.000000
vt 0.734150 0.000000
vt 0.734386 0.000000
vt 0.726844 0.000000
vt 0.687014 0.000000
vt 0.734622 0.000000
vt 0.734857 0.000000
vt 0.712232 0.000000
vt 0.712468 0.000000
vt 0.726609 0.000000
vt 0.701862 0.000000
vt 0.712703 0.000000
vt 0.726373 0.000000
vt 0.712939 0.000000
vt 0.726137 0.000000
vt 0.713175 0.000000
vt 0.713410 0.000000
vt 0.687250 0.000000
vt 0.725901 0.000000
vt 0.713646 0.000000
vt 0.713882 0.000000
vt 0.725666 0.000000
vt 0.714117 0.000000
vt 0.701626 0.000000
vt 0.714353 0.000000
vt 0.725430 0.000000
vt 0.714589 0.000000
vt 0.687485 0.000000
vt 0.714824 0.000000
vt 0.725194 0.000000
vt 0.715060 0.000000
vt 0.701391 0.000000
vt 0.724959 0.000000
vt 0.715296 0.000000
vt 0.687721 0.000000
vt 0.724723 0.000000
vt 0.715531 0.000000
vt 0.715767 0.000000
vt 0.724487 0.000000
vt 0.716003 0.000000
vt 0.701155 0.000000
vt 0.724252 0.000000
vt 0.716238 0.000000
vt 0.687957 0.000000
vt 0.716474 0.000000
vt 0.724016 0.000000
vt 0.716710 0.000000
vt 0.716946 0.000000
vt 0.717181 0.000000
vt 0.723780 0.000000
vt 0.717417 0.000000
vt 0.700919 0.000000
vt 0.723545 0.000000
vt 0.717653 0.000000
vt 0.717888 0.000000
vt 0.688192 0.000000
vt 0.718124 0.000000
vt 0.718360 0.000000
vt 0.718595 0.000000
vt 0.718831 0.000000
vt 0.719067 0.000000
vt 0.723309 0.000000
vt 0.723073 0.000000
vt 0.722838 0.000000
vt 0.722602 0.000000
vt 0.722366 0.000000
vt 0.722131 0.000000
vt 0.721895 0.000000
vt 0.719302 0.000000
vt 0.721659 0.000000
vt 0.721424 0.000000
vt 0.721188 0.000000
vt 0.720952 0.000000
vt 0.720716 0.000000
vt 0.719538 0.000000
vt 0.720481 0.000000
vt 0.700683 0.000000
vt 0.720245 0.000000
vt 0.719774 0.000000
vt 0.720009 0.000000
vt 0.688428 0.000000
vt 0.700448 0.000000
vt 0.688664 0.000000
vt 0.700212 0.000000
vt 0.688899 0.000000
vt 0.699976 0.000000
vt 0.689135 0.000000
vt 0.699741 0.000000
vt 0.689371 0.000000
vt 0.699505 0.000000
vt 0.689606 0.000000
vt 0.699269 0.000000
vt 0.689842 0.000000
vt 0.699034 0.000000
vt 0.690078 0.000000
vt 0.698798 0.000000
vt 0.698562 0.000000
vt 0.690313 0.000000
vt 0.698327 0.000000
vt 0.698091 0.000000
vt 0.697855 0.000000
vt 0.690549 0.000000
vt 0.697620 0.000000
vt 0.697384 0.000000
vt 0.697148 0.000000
vt 0.690785 0.000000
vt 0.696913 0.000000
vt 0.696677 0.000000
vt 0.696441 0.000000
vt 0.691020 0.000000
vt 0.696205 0.000000
vt 0.695970 0.000000
vt 0.695734 0.000000
vt 0.691256 0.000000
vt 0.695498 0.000000
vt 0.691492 0.000000
vt 0.695263 0.000000
vt 0.695027 0.000000
vt 0.691728 0.000000
vt 0.694791 0.000000
vt 0.694556 0.000000
vt 0.694320 0.000000
vt 0.691963 0.000000
vt 0.694084 0.000000
vt 0.693849 0.000000
vt 0.692199 0.000000
vt 0.693613 0.000000
vt 0.693377 0.000000
vt 0.693142 0.000000
vt 0.692435 0.000000
vt 0.692906 0.000000
vt 0.692670 0.000000
vt 0.745934 0.000000
vt 0.745463 0.000000
vt 0.745699 0.000000
vt 0.745227 0.000000
vt 0.744285 0.000000
vt 0.743813 0.000000
vt 0.744049 0.000000
vt 0.743578 0.000000
vt 0.743342 0.000000
vt 0.746170 0.000000
vt 0.746406 0.000000
vt 0.746642 0.000000
vt 0.746877 0.000000
vt 0.747113 0.000000
vt 0.747349 0.000000
vt 0.747584 0.000000
vt 0.747820 0.000000
vt 0.748056 0.000000
vt 0.748291 0.000000
vt 0.735093 0.000000
vt 0.735329 0.000000
vt 0.735564 0.000000
vt 0.735800 0.000000
vt 0.736036 0.000000
vt 0.736272 0.000000
vt 0.736507 0.000000
vt 0.736743 0.000000
vt 0.736979 0.000000
vt 0.737214 0.000000
vt 0.737450 0.000000
vt 0.737686 0.000000
vt 0.737921 0.000000
vt 0.744992 0.000000
vt 0.744520 0.000000
vt 0.743106 0.000000
vt 0.738157 0.000000
vt 0.738393 0.000000
vt 0.738628 0.000000
vt 0.738864 0.000000
vt 0.739100 0.000000
vt 0.739335 0.000000
vt 0.739571 0.000000
vt 0.739807 0.000000
vt 0.740042 0.000000
vt 0.740278 0.000000
vt 0.740514 0.000000
vt 0.740749 0.000000
vt 0.741457 0.000000
vt 0.740985 0.000000
vt 0.741221 0.000000
vt 0.744756 0.000000
vt 0.742871 0.000000
vt 0.742635 0.000000
vt 0.742399 0.000000
vt 0.741692 0.000000
vt 0.742164 0.000000
vt 0.741928 0.000000
vt 0.748527 0.000000
vt 0.751827 0.000000
vt 0.752062 0.000000
vt 0.751591 0.000000
vt 0.751355 0.000000
vt 0.748763 0.000000
vt 0.751119 0.000000
vt 0.748998 0.000000
vt 0.749234 0.000000
vt 0.749470 0.000000
vt 0.750648 0.000000
vt 0.750412 0.000000
vt 0.750884 0.000000
vt 0.749705 0.000000
vt 0.750177 0.000000
vt 0.749941 0.000000
vt 0.752298 0.000000
vt 0.757483 0.000000
vt 0.757719 0.000000
vt 0.757247 0.000000
vt 0.753005 0.000000
vt 0.757012 0.000000
vt 0.752534 0.000000
vt 0.752769 0.000000
vt 0.753241 0.000000
vt 0.753476 0.000000
vt 0.756776 0.000000
vt 0.754183 0.000000
vt 0.753712 0.000000
vt 0.753948 0.000000
vt 0.756305 0.000000
vt 0.756069 0.000000
vt 0.756540 0.000000
vt 0.755833 0.000000
vt 0.754419 0.000000
vt 0.755597 0.000000
vt 0.755362 0.000000
vt 0.755126 0.000000
vt 0.754890 0.000000
vt 0.754655 0.000000
vt 0.757954 0.000000
vt 0.760311 0.000000
vt 0.760547 0.000000
vt 0.760075 0.000000
vt 0.759840 0.000000
vt 0.759604 0.000000
vt 0.758190 0.000000
vt 0.759368 0.000000
vt 0.759133 0.000000
vt 0.758897 0.000000
vt 0.758661 0.000000
vt 0.758426 0.000000
vt 0.786943 0.000000
vt 0.786472 0.000000
vt 0.786708 0.000000
vt 0.786236 0.000000
vt 0.787179 0.000000
vt 0.786000 0.000000
vt 0.787415 0.000000
vt 0.785765 0.000000
vt 0.787650 0.000000
vt 0.785529 0.000000
vt 0.787886 0.000000
vt 0.788122 0.000000
vt 0.785293 0.000000
vt 0.788357 0.000000
vt 0.788593 0.000000
vt 0.785058 0.000000
vt 0.788829 0.000000
vt 0.760782 0.000000
vt 0.761018 0.000000
vt 0.784822 0.000000
vt 0.761254 0.000000
vt 0.784586 0.000000
vt 0.761490 0.000000
vt 0.784351 0.000000
vt 0.761725 0.000000
vt 0.784115 0.000000
vt 0.761961 0.000000
vt 0.762197 0.000000
vt 0.783879 0.000000
vt 0.762432 0.000000
vt 0.783644 0.000000
vt 0.762668 0.000000
vt 0.762904 0.000000
vt 0.783408 0.000000
vt 0.763139 0.000000
vt 0.763375 0.000000
vt 0.783172 0.000000
vt 0.763611 0.000000
vt 0.782937 0.000000
vt 0.763846 0.000000
vt 0.782701 0.000000
vt 0.764082 0.000000
vt 0.782465 0.000000
vt 0.764318 0.000000
vt 0.764553 0.000000
vt 0.782230 0.000000
vt 0.764789 0.000000
vt 0.781994 0.000000
vt 0.765025 0.000000
vt 0.781758 0.000000
vt 0.765260 0.000000
vt 0.781523 0.000000
vt 0.765496 0.000000
vt 0.781287 0.000000
vt 0.765732 0.000000
vt 0.805091 0.000000
vt 0.804855 0.000000
vt 0.805326 0.000000
vt 0.805562 0.000000
vt 0.805798 0.000000
vt 0.806033 0.000000
vt 0.781051 0.000000
vt 0.804619 0.000000
vt 0.765967 0.000000
vt 0.803677 0.000000
vt 0.803912 0.000000
vt 0.804148 0.000000
vt 0.804384 0.000000
vt 0.789064 0.000000
vt 0.789300 0.000000
vt 0.803441 0.000000
vt 0.789536 0.000000
vt 0.803205 0.000000
vt 0.789771 0.000000
vt 0.802970 0.000000
vt 0.790007 0.000000
vt 0.802734 0.000000
vt 0.790243 0.000000
vt 0.802498 0.000000
vt 0.790478 0.000000
vt 0.802263 0.000000
vt 0.766203 0.000000
vt 0.780815 0.000000
vt 0.790714 0.000000
vt 0.802027 0.000000
vt 0.790950 0.000000
vt 0.801791 0.000000
vt 0.791185 0.000000
vt 0.801556 0.000000
vt 0.791421 0.000000
vt 0.801320 0.000000
vt 0.766439 0.000000
vt 0.780580 0.000000
vt 0.791657 0.000000
vt 0.801084 0.000000
vt 0.800848 0.000000
vt 0.791893 0.000000
vt 0.800613 0.000000
vt 0.792128 0.000000
vt 0.766675 0.000000
vt 0.800377 0.000000
vt 0.780344 0.000000
vt 0.800141 0.000000
vt 0.792364 0.000000
vt 0.799906 0.000000
vt 0.766910 0.000000
vt 0.799670 0.000000
vt 0.799434 0.000000
vt 0.792600 0.000000
vt 0.799199 0.000000
vt 0.780108 0.000000
vt 0.798963 0.000000
vt 0.767146 0.000000
vt 0.798727 0.000000
vt 0.792835 0.000000
vt 0.798492 0.000000
vt 0.798256 0.000000
vt 0.798020 0.000000
vt 0.793071 0.000000
vt 0.797785 0.000000
vt 0.767382 0.000000
vt 0.797549 0.000000
vt 0.793307 0.000000
vt 0.779873 0.000000
vt 0.793542 0.000000
vt 0.767617 0.000000
vt 0.793778 0.000000
vt 0.794014 0.000000
vt 0.794249 0.000000
vt 0.794485 0.000000
vt 0.794721 0.000000
vt 0.797313 0.000000
vt 0.797078 0.000000
vt 0.796842 0.000000
vt 0.796606 0.000000
vt 0.796371 0.000000
vt 0.796135 0.000000
vt 0.795899 0.000000
vt 0.795663 0.000000
vt 0.795428 0.000000
vt 0.795192 0.000000
vt 0.794956 0.000000
vt 0.767853 0.000000
vt 0.779637 0.000000
vt 0.768089 0.000000
vt 0.779401 0.000000
vt 0.768324 0.000000
vt 0.768560 0.000000
vt 0.779166 0.000000
vt 0.768796 0.000000
vt 0.769031 0.000000
vt 0.769267 0.000000
vt 0.778930 0.000000
vt 0.769503 0.000000
vt 0.778694 0.000000
vt 0.769738 0.000000
vt 0.778459 0.000000
vt 0.769974 0.000000
vt 0.770210 0.000000
vt 0.778223 0.000000
vt 0.770445 0.000000
vt 0.777987 0.000000
vt 0.770681 0.000000
vt 0.777752 0.000000
vt 0.770917 0.000000
vt 0.777516 0.000000
vt 0.771152 0.000000
vt 0.771388 0.000000
vt 0.777280 0.000000
vt 0.771624 0.000000
vt 0.777045 0.000000
vt 0.771860 0.000000
vt 0.776809 0.000000
vt 0.772095 0.000000
vt 0.772331 0.000000
vt 0.776573 0.000000
vt 0.772567 0.000000
vt 0.776338 0.000000
vt 0.772802 0.000000
vt 0.773038 0.000000
vt 0.776102 0.000000
vt 0.773274 0.000000
vt 0.775866 0.000000
vt 0.773509 0.000000
vt 0.773745 0.000000
vt 0.775630 0.000000
vt 0.773981 0.000000
vt 0.775395 0.000000
vt 0.774216 0.000000
vt 0.774452 0.000000
vt 0.775159 0.000000
vt 0.774688 0.000000
vt 0.774923 0.000000
vt 0.806269 0.000000
vt 0.807683 0.000000
vt 0.807919 0.000000
vt 0.807448 0.000000
vt 0.807212 0.000000
vt 0.806505 0.000000
vt 0.806741 0.000000
vt 0.806976 0.000000
vt 0.808155 0.000000
vt 0.809569 0.000000
vt 0.809804 0.000000
vt 0.809333 0.000000
vt 0.809097 0.000000
vt 0.808390 0.000000
vt 0.808862 0.000000
vt 0.808626 0.000000
vt 0.810040 0.000000
vt 0.811454 0.000000
vt 0.811690 0.000000
vt 0.811219 0.000000
vt 0.810983 0.000000
vt 0.810276 0.000000
vt 0.810747 0.000000
vt 0.810511 0.000000
vt 0.811926 0.000000
vt 0.813340 0.000000
vt 0.813575 0.000000
vt 0.813104 0.000000
vt 0.812868 0.000000
vt 0.812161 0.000000
vt 0.812633 0.000000
vt 0.812397 0.000000
vt 0.813811 0.000000
vt 0.817111 0.000000
vt 0.817346 0.000000
vt 0.816875 0.000000
vt 0.816639 0.000000
vt 0.817582 0.000000
vt 0.822767 0.000000
vt 0.823003 0.000000
vt 0.822531 0.000000
vt 0.818289 0.000000
vt 0.822296 0.000000
vt 0.817818 0.000000
vt 0.814047 0.000000
vt 0.818053 0.000000
vt 0.818525 0.000000
vt 0.822060 0.000000
vt 0.818760 0.000000
vt 0.814754 0.000000
vt 0.814282 0.000000
vt 0.814518 0.000000
vt 0.819467 0.000000
vt 0.818996 0.000000
vt 0.819232 0.000000
vt 0.821589 0.000000
vt 0.814989 0.000000
vt 0.815225 0.000000
vt 0.815461 0.000000
vt 0.816404 0.000000
vt 0.821824 0.000000
vt 0.821353 0.000000
vt 0.815696 0.000000
vt 0.819703 0.000000
vt 0.821117 0.000000
vt 0.820881 0.000000
vt 0.820646 0.000000
vt 0.820410 0.000000
vt 0.820174 0.000000
vt 0.815932 0.000000
vt 0.819939 0.000000
vt 0.816168 0.000000
vt 0.823238 0.000000
vt 0.824652 0.000000
vt 0.824888 0.000000
vt 0.824417 0.000000
vt 0.824181 0.000000
vt 0.823474 0.000000
vt 0.823945 0.000000
vt 0.823710 0.000000
vt 0.846807 0.000000
vt 0.846335 0.000000
vt 0.846571 0.000000
vt 0.846099 0.000000
vt 0.847042 0.000000
vt 0.847278 0.000000
vt 0.847514 0.000000
vt 0.847749 0.000000
vt 0.847985 0.000000
vt 0.848221 0.000000
vt 0.848456 0.000000
vt 0.848692 0.000000
vt 0.848928 0.000000
vt 0.845864 0.000000
vt 0.849163 0.000000
vt 0.825124 0.000000
vt 0.825359 0.000000
vt 0.825595 0.000000
vt 0.825831 0.000000
vt 0.845628 0.000000
vt 0.826066 0.000000
vt 0.826302 0.000000
vt 0.845392 0.000000
vt 0.826538 0.000000
vt 0.826774 0.000000
vt 0.845157 0.000000
vt 0.827009 0.000000
vt 0.827245 0.000000
vt 0.844921 0.000000
vt 0.827481 0.000000
vt 0.827716 0.000000
vt 0.844685 0.000000
vt 0.827952 0.000000
vt 0.844450 0.000000
vt 0.828188 0.000000
vt 0.828423 0.000000
vt 0.828659 0.000000
vt 0.828895 0.000000
vt 0.844214 0.000000
vt 0.829130 0.000000
vt 0.843978 0.000000
vt 0.829366 0.000000
vt 0.843743 0.000000
vt 0.829602 0.000000
vt 0.843507 0.000000
vt 0.843271 0.000000
vt 0.829837 0.000000
vt 0.830073 0.000000
vt 0.830309 0.000000
vt 0.830544 0.000000
vt 0.831252 0.000000
vt 0.843036 0.000000
vt 0.830780 0.000000
vt 0.831016 0.000000
vt 0.831487 0.000000
vt 0.842800 0.000000
vt 0.842564 0.000000
vt 0.831723 0.000000
vt 0.842329 0.000000
vt 0.831959 0.000000
vt 0.842093 0.000000
vt 0.832194 0.000000
vt 0.841857 0.000000
vt 0.841622 0.000000
vt 0.832430 0.000000
vt 0.841386 0.000000
vt 0.832666 0.000000
vt 0.841150 0.000000
vt 0.840914 0.000000
vt 0.832901 0.000000
vt 0.840679 0.000000
vt 0.833137 0.000000
vt 0.840443 0.000000
vt 0.840207 0.000000
vt 0.833373 0.000000
vt 0.839972 0.000000
vt 0.839736 0.000000
vt 0.833608 0.000000
vt 0.839500 0.000000
vt 0.839265 0.000000
vt 0.833844 0.000000
vt 0.839029 0.000000
vt 0.838793 0.000000
vt 0.834080 0.000000
vt 0.838558 0.000000
vt 0.838322 0.000000
vt 0.838086 0.000000
vt 0.834315 0.000000
vt 0.837851 0.000000
vt 0.837615 0.000000
vt 0.834551 0.000000
vt 0.834787 0.000000
vt 0.835022 0.000000
vt 0.835258 0.000000
vt 0.835494 0.000000
vt 0.835729 0.000000
vt 0.835965 0.000000
vt 0.836201 0.000000
vt 0.836437 0.000000
vt 0.837379 0.000000
vt 0.836672 0.000000
vt 0.836908 0.000000
vt 0.837144 0.000000
vt 0.858355 0.000000
vt 0.857884 0.000000
vt 0.858119 0.000000
vt 0.857648 0.000000
vt 0.858591 0.000000
vt 0.858826 0.000000
vt 0.859062 0.000000
vt 0.859298 0.000000
vt 0.859533 0.000000
vt 0.859769 0.000000
vt 0.860005 0.000000
vt 0.860240 0.000000
vt 0.860476 0.000000
vt 0.860712 0.000000
vt 0.849399 0.000000
vt 0.849635 0.000000
vt 0.849870 0.000000
vt 0.850106 0.000000
vt 0.850342 0.000000
vt 0.850577 0.000000
vt 0.850813 0.000000
vt 0.851049 0.000000
vt 0.857412 0.000000
vt 0.851284 0.000000
vt 0.851520 0.000000
vt 0.851756 0.000000
vt 0.857177 0.000000
vt 0.856941 0.000000
vt 0.856705 0.000000
vt 0.851992 0.000000
vt 0.856469 0.000000
vt 0.852227 0.000000
vt 0.855998 0.000000
vt 0.856234 0.000000
vt 0.855762 0.000000
vt 0.852463 0.000000
vt 0.852699 0.000000
vt 0.852934 0.000000
vt 0.853170 0.000000
vt 0.853406 0.000000
vt 0.853641 0.000000
vt 0.855527 0.000000
vt 0.853877 0.000000
vt 0.854113 0.000000
vt 0.854348 0.000000
vt 0.854584 0.000000
vt 0.854820 0.000000
vt 0.855055 0.000000
vt 0.855291 0.000000
vt 0.862833 0.000000
vt 0.862362 0.000000
vt 0.862597 0.000000
vt 0.860947 0.000000
vt 0.864247 0.000000
vt 0.864483 0.000000
vt 0.864011 0.000000
vt 0.863776 0.000000
vt 0.862126 0.000000
vt 0.861890 0.000000
vt 0.863540 0.000000
vt 0.863069 0.000000
vt 0.863304 0.000000
vt 0.861183 0.000000
vt 0.865897 0.000000
vt 0.866132 0.000000
vt 0.866368 0.000000
vt 0.861654 0.000000
vt 0.865661 0.000000
vt 0.864718 0.000000
vt 0.865425 0.000000
vt 0.864954 0.000000
vt 0.865190 0.000000
vt 0.861419 0.000000
vt 0.898657 0.000000
vt 0.898185 0.000000
vt 0.898421 0.000000
vt 0.898892 0.000000
vt 0.897950 0.000000
vt 0.899128 0.000000
vt 0.897714 0.000000
vt 0.899364 0.000000
vt 0.897478 0.000000
vt 0.897243 0.000000
vt 0.899599 0.000000
vt 0.897007 0.000000
vt 0.899835 0.000000
vt 0.896771 0.000000
vt 0.900071 0.000000
vt 0.896535 0.000000
vt 0.900306 0.000000
vt 0.896300 0.000000
vt 0.896064 0.000000
vt 0.900542 0.000000
vt 0.895828 0.000000
vt 0.866604 0.000000
vt 0.895593 0.000000
vt 0.866840 0.000000
vt 0.895357 0.000000
vt 0.895121 0.000000
vt 0.867075 0.000000
vt 0.894886 0.000000
vt 0.894650 0.000000
vt 0.867311 0.000000
vt 0.894414 0.000000
vt 0.867547 0.000000
vt 0.894179 0.000000
vt 0.867782 0.000000
vt 0.893943 0.000000
vt 0.868018 0.000000
vt 0.893707 0.000000
vt 0.868254 0.000000
vt 0.893472 0.000000
vt 0.868489 0.000000
vt 0.893236 0.000000
vt 0.868725 0.000000
vt 0.893000 0.000000
vt 0.892765 0.000000
vt 0.868961 0.000000
vt 0.892529 0.000000
vt 0.869196 0.000000
vt 0.892293 0.000000
vt 0.869432 0.000000
vt 0.923403 0.000000
vt 0.923639 0.000000
vt 0.923875 0.000000
vt 0.924110 0.000000
vt 0.923168 0.000000
vt 0.924346 0.000000
vt 0.924582 0.000000
vt 0.922932 0.000000
vt 0.924817 0.000000
vt 0.922696 0.000000
vt 0.925053 0.000000
vt 0.925289 0.000000
vt 0.922460 0.000000
vt 0.925524 0.000000
vt 0.925760 0.000000
vt 0.922225 0.000000
vt 0.925996 0.000000
vt 0.892057 0.000000
vt 0.926231 0.000000
vt 0.921989 0.000000
vt 0.926467 0.000000
vt 0.921753 0.000000
vt 0.926703 0.000000
vt 0.926938 0.000000
vt 0.921518 0.000000
vt 0.900778 0.000000
vt 0.891822 0.000000
vt 0.921282 0.000000
vt 0.869668 0.000000
vt 0.901013 0.000000
vt 0.921046 0.000000
vt 0.901249 0.000000
vt 0.920811 0.000000
vt 0.901485 0.000000
vt 0.920575 0.000000
vt 0.891586 0.000000
vt 0.901720 0.000000
vt 0.869903 0.000000
vt 0.920339 0.000000
vt 0.901956 0.000000
vt 0.920104 0.000000
vt 0.902192 0.000000
vt 0.891350 0.000000
vt 0.919868 0.000000
vt 0.870139 0.000000
vt 0.902428 0.000000
vt 0.919632 0.000000
vt 0.902663 0.000000
vt 0.919397 0.000000
vt 0.891115 0.000000
vt 0.902899 0.000000
vt 0.870375 0.000000
vt 0.919161 0.000000
vt 0.903135 0.000000
vt 0.918925 0.000000
vt 0.903370 0.000000
vt 0.918690 0.000000
vt 0.890879 0.000000
vt 0.870610 0.000000
vt 0.903606 0.000000
vt 0.918454 0.000000
vt 0.903842 0.000000
vt 0.904077 0.000000
vt 0.904313 0.000000
vt 0.904549 0.000000
vt 0.904784 0.000000
vt 0.870846 0.000000
vt 0.890643 0.000000
vt 0.905020 0.000000
vt 0.905256 0.000000
vt 0.905491 0.000000
vt 0.905727 0.000000
vt 0.918218 0.000000
vt 0.871082 0.000000
vt 0.905963 0.000000
vt 0.890408 0.000000
vt 0.917983 0.000000
vt 0.906198 0.000000
vt 0.906434 0.000000
vt 0.906670 0.000000
vt 0.917747 0.000000
vt 0.871317 0.000000
vt 0.890172 0.000000
vt 0.917511 0.000000
vt 0.871553 0.000000
vt 0.917275 0.000000
vt 0.889936 0.000000
vt 0.871789 0.000000
vt 0.917040 0.000000
vt 0.889701 0.000000
vt 0.916804 0.000000
vt 0.872025 0.000000
vt 0.916568 0.000000
vt 0.889465 0.000000
vt 0.872260 0.000000
vt 0.916333 0.000000
vt 0.916097 0.000000
vt 0.889229 0.000000
vt 0.915861 0.000000
vt 0.872496 0.000000
vt 0.915626 0.000000
vt 0.915390 0.000000
vt 0.906905 0.000000
vt 0.888994 0.000000
vt 0.888758 0.000000
vt 0.915154 0.000000
vt 0.872732 0.000000
vt 0.888522 0.000000
vt 0.914919 0.000000
vt 0.888287 0.000000
vt 0.872967 0.000000
vt 0.914683 0.000000
vt 0.888051 0.000000
vt 0.914447 0.000000
vt 0.887815 0.000000
vt 0.873203 0.000000
vt 0.914212 0.000000
vt 0.887580 0.000000
vt 0.913976 0.000000
vt 0.887344 0.000000
vt 0.873439 0.000000
vt 0.913740 0.000000
vt 0.887108 0.000000
vt 0.907141 0.000000
vt 0.913505 0.000000
vt 0.913269 0.000000
vt 0.886872 0.000000
vt 0.873674 0.000000
vt 0.913033 0.000000
vt 0.886637 0.000000
vt 0.912798 0.000000
vt 0.907377 0.000000
vt 0.912562 0.000000
vt 0.886401 0.000000
vt 0.907613 0.000000
vt 0.912326 0.000000
vt 0.873910 0.000000
vt 0.912090 0.000000
vt 0.907848 0.000000
vt 0.886165 0.000000
vt 0.911855 0.000000
vt 0.908084 0.000000
vt 0.911619 0.000000
vt 0.908320 0.000000
vt 0.874146 0.000000
vt 0.911383 0.000000
vt 0.908555 0.000000
vt 0.911148 0.000000
vt 0.885930 0.000000
vt 0.908791 0.000000
vt 0.910912 0.000000
vt 0.909027 0.000000
vt 0.910676 0.000000
vt 0.909262 0.000000
vt 0.910441 0.000000
vt 0.909498 0.000000
vt 0.910205 0.000000
vt 0.909734 0.000000
vt 0.874381 0.000000
vt 0.909969 0.000000
vt 0.885694 0.000000
vt 0.874617 0.000000
vt 0.885458 0.000000
vt 0.874853 0.000000
vt 0.875088 0.000000
vt 0.885223 0.000000
vt 0.875324 0.000000
vt 0.884987 0.000000
vt 0.875560 0.000000
vt 0.875795 0.000000
vt 0.884751 0.000000
vt 0.876031 0.000000
vt 0.884516 0.000000
vt 0.876267 0.000000
vt 0.876502 0.000000
vt 0.884280 0.000000
vt 0.876738 0.000000
vt 0.876974 0.000000
vt 0.884044 0.000000
vt 0.877210 0.000000
vt 0.877445 0.000000
vt 0.883809 0.000000
vt 0.877681 0.000000
vt 0.877917 0.000000
vt 0.883573 0.000000
vt 0.878152 0.000000
vt 0.878388 0.000000
vt 0.878624 0.000000
vt 0.878859 0.000000
vt 0.879095 0.000000
vt 0.879331 0.000000
vt 0.879566 0.000000
vt 0.879802 0.000000
vt 0.880038 0.000000
vt 0.880273 0.000000
vt 0.880509 0.000000
vt 0.880745 0.000000
vt 0.880980 0.000000
vt 0.881216 0.000000
vt 0.881452 0.000000
vt 0.881687 0.000000
vt 0.881923 0.000000
vt 0.882159 0.000000
vt 0.882395 0.000000
vt 0.882630 0.000000
vt 0.882866 0.000000
vt 0.883102 0.000000
vt 0.883337 0.000000
vt 0.927174 0.000000
vt 0.930474 0.000000
vt 0.930709 0.000000
vt 0.930238 0.000000
vt 0.930002 0.000000
vt 0.929060 0.000000
vt 0.928588 0.000000
vt 0.928824 0.000000
vt 0.928353 0.000000
vt 0.928117 0.000000
vt 0.929767 0.000000
vt 0.929295 0.000000
vt 0.929531 0.000000
vt 0.932595 0.000000
vt 0.927881 0.000000
vt 0.927410 0.000000
vt 0.932123 0.000000
vt 0.931888 0.000000
vt 0.932359 0.000000
vt 0.930945 0.000000
vt 0.931652 0.000000
vt 0.931181 0.000000
vt 0.931416 0.000000
vt 0.927646 0.000000
vt 0.932831 0.000000
vt 0.961584 0.000000
vt 0.961819 0.000000
vt 0.961348 0.000000
vt 0.961112 0.000000
vt 0.933066 0.000000
vt 0.960877 0.000000
vt 0.933302 0.000000
vt 0.933538 0.000000
vt 0.933773 0.000000
vt 0.960405 0.000000
vt 0.960170 0.000000
vt 0.960641 0.000000
vt 0.959934 0.000000
vt 0.959698 0.000000
vt 0.959463 0.000000
vt 0.959227 0.000000
vt 0.958991 0.000000
vt 0.958756 0.000000
vt 0.958520 0.000000
vt 0.958284 0.000000
vt 0.958049 0.000000
vt 0.957813 0.000000
vt 0.957577 0.000000
vt 0.957341 0.000000
vt 0.934009 0.000000
vt 0.957106 0.000000
vt 0.934245 0.000000
vt 0.956870 0.000000
vt 0.934480 0.000000
vt 0.956634 0.000000
vt 0.934716 0.000000
vt 0.956399 0.000000
vt 0.934952 0.000000
vt 0.956163 0.000000
vt 0.935187 0.000000
vt 0.955927 0.000000
vt 0.935423 0.000000
vt 0.955692 0.000000
vt 0.935659 0.000000
vt 0.948150 0.000000
vt 0.955456 0.000000
vt 0.935894 0.000000
vt 0.947914 0.000000
vt 0.948386 0.000000
vt 0.947679 0.000000
vt 0.947443 0.000000
vt 0.947207 0.000000
vt 0.946971 0.000000
vt 0.946736 0.000000
vt 0.936130 0.000000
vt 0.955220 0.000000
vt 0.946500 0.000000
vt 0.946264 0.000000
vt 0.946029 0.000000
vt 0.945793 0.000000
vt 0.945557 0.000000
vt 0.945322 0.000000
vt 0.945086 0.000000
vt 0.936366 0.000000
vt 0.954985 0.000000
vt 0.948621 0.000000
vt 0.944850 0.000000
vt 0.936601 0.000000
vt 0.954749 0.000000
vt 0.948857 0.000000
vt 0.936837 0.000000
vt 0.937073 0.000000
vt 0.937308 0.000000
vt 0.954513 0.000000
vt 0.937544 0.000000
vt 0.937780 0.000000
vt 0.944615 0.000000
vt 0.938016 0.000000
vt 0.938251 0.000000
vt 0.938487 0.000000
vt 0.949093 0.000000
vt 0.938723 0.000000
vt 0.938958 0.000000
vt 0.939194 0.000000
vt 0.954278 0.000000
vt 0.939430 0.000000
vt 0.939665 0.000000
vt 0.944379 0.000000
vt 0.949328 0.000000
vt 0.944143 0.000000
vt 0.949564 0.000000
vt 0.943908 0.000000
vt 0.949800 0.000000
vt 0.943672 0.000000
vt 0.950035 0.000000
vt 0.939901 0.000000
vt 0.954042 0.000000
vt 0.943436 0.000000
vt 0.950271 0.000000
vt 0.940137 0.000000
vt 0.943201 0.000000
vt 0.950507 0.000000
vt 0.940372 0.000000
vt 0.942965 0.000000
vt 0.950742 0.000000
vt 0.940608 0.000000
vt 0.942729 0.000000
vt 0.950978 0.000000
vt 0.940844 0.000000
vt 0.942493 0.000000
vt 0.941079 0.000000
vt 0.951214 0.000000
vt 0.942258 0.000000
vt 0.941315 0.000000
vt 0.942022 0.000000
vt 0.951449 0.000000
vt 0.951921 0.000000
vt 0.952156 0.000000
vt 0.941786 0.000000
vt 0.951685 0.000000
vt 0.941551 0.000000
vt 0.952392 0.000000
vt 0.952628 0.000000
vt 0.952864 0.000000
vt 0.953099 0.000000
vt 0.953335 0.000000
vt 0.953571 0.000000
vt 0.953806 0.000000
vt 0.980674 0.000000
vt 0.980203 0.000000
vt 0.980438 0.000000
vt 0.978553 0.000000
vt 0.978082 0.000000
vt 0.978317 0.000000
vt 0.980910 0.000000
vt 0.981145 0.000000
vt 0.981381 0.000000
vt 0.979967 0.000000
vt 0.981617 0.000000
vt 0.981852 0.000000
vt 0.978789 0.000000
vt 0.977846 0.000000
vt 0.982088 0.000000
vt 0.982324 0.000000
vt 0.982560 0.000000
vt 0.979024 0.000000
vt 0.982795 0.000000
vt 0.977610 0.000000
vt 0.983031 0.000000
vt 0.962055 0.000000
vt 0.962291 0.000000
vt 0.962527 0.000000
vt 0.977374 0.000000
vt 0.962762 0.000000
vt 0.962998 0.000000
vt 0.977139 0.000000
vt 0.963234 0.000000
vt 0.976903 0.000000
vt 0.963469 0.000000
vt 0.963705 0.000000
vt 0.976667 0.000000
vt 0.963941 0.000000
vt 0.976432 0.000000
vt 0.964176 0.000000
vt 0.976196 0.000000
vt 0.964412 0.000000
vt 0.975960 0.000000
vt 0.964648 0.000000
vt 0.975725 0.000000
vt 0.975489 0.000000
vt 0.975253 0.000000
vt 0.979731 0.000000
vt 0.979260 0.000000
vt 0.964883 0.000000
vt 0.975018 0.000000
vt 0.965119 0.000000
vt 0.965355 0.000000
vt 0.965590 0.000000
vt 0.974782 0.000000
vt 0.965826 0.000000
vt 0.974546 0.000000
vt 0.966062 0.000000
vt 0.974311 0.000000
vt 0.966297 0.000000
vt 0.974075 0.000000
vt 0.966533 0.000000
vt 0.973839 0.000000
vt 0.966769 0.000000
vt 0.973604 0.000000
vt 0.967004 0.000000
vt 0.973368 0.000000
vt 0.973132 0.000000
vt 0.967240 0.000000
vt 0.972897 0.000000
vt 0.979496 0.000000
vt 0.967476 0.000000
vt 0.972661 0.000000
vt 0.972425 0.000000
vt 0.972189 0.000000
vt 0.971954 0.000000
vt 0.971718 0.000000
vt 0.971482 0.000000
vt 0.967712 0.000000
vt 0.971247 0.000000
vt 0.971011 0.000000
vt 0.970775 0.000000
vt 0.970540 0.000000
vt 0.970304 0.000000
vt 0.970068 0.000000
vt 0.969833 0.000000
vt 0.967947 0.000000
vt 0.969597 0.000000
vt 0.969361 0.000000
vt 0.968183 0.000000
vt 0.968419 0.000000
vt 0.969126 0.000000
vt 0.968654 0.000000
vt 0.968890 0.000000
vt 0.983267 0.000000
vt 0.984681 0.000000
vt 0.984916 0.000000
vt 0.984445 0.000000
vt 0.984209 0.000000
vt 0.983502 0.000000
vt 0.983974 0.000000
vt 0.983738 0.000000
vt 0.985152 0.000000
vt 0.986566 0.000000
vt 0.986802 0.000000
vt 0.986330 0.000000
vt 0.986095 0.000000
vt 0.985859 0.000000
vt 0.985388 0.000000
vt 0.985623 0.000000
vt 0.987037 0.000000
vt 0.992222 0.000000
vt 0.992458 0.000000
vt 0.991987 0.000000
vt 0.987745 0.000000
vt 0.991751 0.000000
vt 0.987273 0.000000
vt 0.987509 0.000000
vt 0.987980 0.000000
vt 0.988216 0.000000
vt 0.991515 0.000000
vt 0.988923 0.000000
vt 0.988452 0.000000
vt 0.988687 0.000000
vt 0.991044 0.000000
vt 0.990808 0.000000
vt 0.991280 0.000000
vt 0.990573 0.000000
vt 0.989159 0.000000
vt 0.990337 0.000000
vt 0.990101 0.000000
vt 0.989866 0.000000
vt 0.989630 0.000000
vt 0.989394 0.000000
vt 0.992694 0.000000
vt 0.994108 0.000000
vt 0.994344 0.000000
vt 0.995758 0.000000
vt 0.993872 0.000000
vt 0.995993 0.000000
vt 0.996229 0.000000
vt 0.993637 0.000000
vt 0.995522 0.000000
vt 0.994579 0.000000
vt 0.992930 0.000000
vt 0.993401 0.000000
vt 0.995286 0.000000
vt 0.994815 0.000000
vt 0.995051 0.000000
vt 0.993165 0.000000
vt 0.996465 0.000000
vt 0.999764 0.000000
vt 1.000000 0.000000
vt 0.999529 0.000000
vt 0.999293 0.000000
vt 0.996700 0.000000
vt 0.999057 0.000000
vt 0.997407 0.000000
vt 0.996936 0.000000
vt 0.997172 0.000000
vt 0.998822 0.000000
vt 0.998586 0.000000
vt 0.998350 0.000000
vt 0.997643 0.000000
vt 0.998115 0.000000
vt 0.997879 0.000000
vt 0.000000 0.000000
vt 0.001414 0.000000
vt 0.001650 0.000000
vt 0.001178 0.000000
vt 0.000943 0.000000
vt 0.000236 0.000000
vt 0.000471 0.000000
vt 0.000707 0.000000
s 0
usemtl SVGMat.001
f 4291/4245/3 4289/4246/3 4290/4247/3
f 4291/4245/3 4288/4248/3 4289/4246/3
f 4292/4249/3 4288/4248/3 4291/4245/3
f 4293/4250/3 4288/4248/3 4292/4249/3
f 4294/4251/3 4288/4248/3 4293/4250/3
f 4295/4252/3 4288/4248/3 4294/4251/3
f 4296/4253/3 4288/4248/3 4295/4252/3
f 4297/4254/3 4288/4248/3 4296/4253/3
f 4298/4255/3 4288/4248/3 4297/4254/3
f 4299/4256/3 4288/4248/3 4298/4255/3
f 4300/4257/3 4288/4248/3 4299/4256/3
f 4301/4258/3 4288/4248/3 4300/4257/3
f 4253/4259/3 4288/4248/3 4301/4258/3
f 4254/4260/3 4288/4248/3 4253/4259/3
f 4255/4261/3 4288/4248/3 4254/4260/3
f 4256/4262/3 4288/4248/3 4255/4261/3
f 4257/4263/3 4288/4248/3 4256/4262/3
f 4258/4264/3 4288/4248/3 4257/4263/3
f 4259/4265/3 4288/4248/3 4258/4264/3
f 4260/4266/3 4288/4248/3 4259/4265/3
f 4261/4267/3 4288/4248/3 4260/4266/3
f 4262/4268/3 4288/4248/3 4261/4267/3
f 4486/4269/3 4484/4270/3 4485/4271/3
f 4487/4272/3 4484/4270/3 4486/4269/3
f 4487/4272/3 4483/4273/3 4484/4270/3
f 4488/4274/3 4483/4273/3 4487/4272/3
f 4488/4274/3 4482/4275/3 4483/4273/3
f 4489/4276/3 4482/4275/3 4488/4274/3
f 4490/4277/3 4482/4275/3 4489/4276/3
f 4491/4278/3 4482/4275/3 4490/4277/3
f 4492/4279/3 4482/4275/3 4491/4278/3
f 4493/4280/3 4482/4275/3 4492/4279/3
f 4493/4280/3 4481/4281/3 4482/4275/3
f 4494/4282/3 4481/4281/3 4493/4280/3
f 4302/4283/3 4481/4281/3 4494/4282/3
f 4303/4284/3 4481/4281/3 4302/4283/3
f 4304/4285/3 4481/4281/3 4303/4284/3
f 4305/4286/3 4481/4281/3 4304/4285/3
f 4306/4287/3 4481/4281/3 4305/4286/3
f 4307/4288/3 4481/4281/3 4306/4287/3
f 4263/4289/3 4288/4248/3 4262/4268/3
f 4308/4290/3 4481/4281/3 4307/4288/3
f 4309/4291/3 4481/4281/3 4308/4290/3
f 4310/4292/3 4481/4281/3 4309/4291/3
f 4311/4293/3 4481/4281/3 4310/4292/3
f 4264/4294/3 4288/4248/3 4263/4289/3
f 4312/4295/3 4481/4281/3 4311/4293/3
f 4313/4296/3 4481/4281/3 4312/4295/3
f 4265/4297/3 4288/4248/3 4264/4294/3
f 4314/4298/3 4481/4281/3 4313/4296/3
f 4314/4298/3 4480/4299/3 4481/4281/3
f 4315/4300/3 4480/4299/3 4314/4298/3
f 4316/4301/3 4480/4299/3 4315/4300/3
f 4317/4302/3 4480/4299/3 4316/4301/3
f 4318/4303/3 4480/4299/3 4317/4302/3
f 4266/4304/3 4288/4248/3 4265/4297/3
f 4319/4305/3 4480/4299/3 4318/4303/3
f 4267/4306/3 4288/4248/3 4266/4304/3
f 4320/4307/3 4480/4299/3 4319/4305/3
f 4268/4308/3 4288/4248/3 4267/4306/3
f 4321/4309/3 4480/4299/3 4320/4307/3
f 4322/4310/3 4480/4299/3 4321/4309/3
f 4269/4311/3 4288/4248/3 4268/4308/3
f 4323/4312/3 4480/4299/3 4322/4310/3
f 4324/4313/3 4480/4299/3 4323/4312/3
f 4325/4314/3 4480/4299/3 4324/4313/3
f 4270/4315/3 4288/4248/3 4269/4311/3
f 4326/4316/3 4480/4299/3 4325/4314/3
f 4327/4317/3 4480/4299/3 4326/4316/3
f 4328/4318/3 4480/4299/3 4327/4317/3
f 4329/4319/3 4478/4320/3 4328/4318/3
f 4478/4320/4 4480/4299/4 4328/4318/4
f 4329/4319/3 4477/4321/3 4478/4320/3
f 4479/4322/3 4480/4299/3 4478/4320/3
f 4329/4319/3 4476/4323/3 4477/4321/3
f 4329/4319/3 4475/4324/3 4476/4323/3
f 4329/4319/3 4474/4325/3 4475/4324/3
f 4271/4326/3 4288/4248/3 4270/4315/3
f 4329/4319/3 4473/4327/3 4474/4325/3
f 4329/4319/3 4472/4328/3 4473/4327/3
f 4329/4319/3 4471/4329/3 4472/4328/3
f 4272/4330/3 4288/4248/3 4271/4326/3
f 4329/4319/3 4470/4331/3 4471/4329/3
f 4329/4319/3 4469/4332/3 4470/4331/3
f 4329/4319/3 4468/4333/3 4469/4332/3
f 4273/4334/3 4288/4248/3 4272/4330/3
f 4329/4319/3 4467/4335/3 4468/4333/3
f 4329/4319/3 4466/4336/3 4467/4335/3
f 4329/4319/3 4465/4337/3 4466/4336/3
f 4274/4338/3 4288/4248/3 4273/4334/3
f 4330/4339/3 4465/4337/3 4329/4319/3
f 4275/4340/3 4288/4248/3 4274/4338/3
f 4276/4341/3 4288/4248/3 4275/4340/3
f 4330/4339/3 4464/4342/3 4465/4337/3
f 4277/4343/3 4288/4248/3 4276/4341/3
f 4278/4344/3 4288/4248/3 4277/4343/3
f 4331/4345/3 4464/4342/3 4330/4339/3
f 4279/4346/3 4288/4248/3 4278/4344/3
f 4280/4347/3 4288/4248/3 4279/4346/3
f 4332/4348/3 4464/4342/3 4331/4345/3
f 4332/4348/3 4463/4349/3 4464/4342/3
f 4333/4350/3 4463/4349/3 4332/4348/3
f 4334/4351/3 4463/4349/3 4333/4350/3
f 4334/4351/3 4462/4352/3 4463/4349/3
f 4281/4353/3 4288/4248/3 4280/4347/3
f 4335/4354/3 4462/4352/3 4334/4351/3
f 4336/4355/3 4462/4352/3 4335/4354/3
f 4336/4355/3 4461/4356/3 4462/4352/3
f 4337/4357/3 4461/4356/3 4336/4355/3
f 4338/4358/3 4461/4356/3 4337/4357/3
f 4338/4358/3 4460/4359/3 4461/4356/3
f 4339/4360/3 4460/4359/3 4338/4358/3
f 4281/4353/3 4282/4361/3 4288/4248/3
f 4282/4361/3 4283/4362/3 4288/4248/3
f 4283/4362/3 4287/4363/3 4288/4248/3
f 4284/4364/3 4287/4363/3 4283/4362/3
f 4340/4365/3 4460/4359/3 4339/4360/3
f 4340/4365/3 4459/4366/3 4460/4359/3
f 4341/4367/3 4459/4366/3 4340/4365/3
f 4342/4368/3 4459/4366/3 4341/4367/3
f 4342/4368/3 4458/4369/3 4459/4366/3
f 4343/4370/3 4458/4369/3 4342/4368/3
f 4344/4371/3 4458/4369/3 4343/4370/3
f 4344/4371/3 4457/4372/3 4458/4369/3
f 4345/4373/3 4414/4374/3 4344/4371/3
f 4414/4374/3 4457/4372/3 4344/4371/3
f 4346/4375/3 4414/4374/3 4345/4373/3
f 4346/4375/3 4413/4376/3 4414/4374/3
f 4415/4377/3 4457/4372/3 4414/4374/3
f 4346/4375/3 4412/4378/3 4413/4376/3
f 4346/4375/3 4411/4379/3 4412/4378/3
f 4346/4375/3 4410/4380/3 4411/4379/3
f 4346/4375/3 4409/4381/3 4410/4380/3
f 4347/4382/3 4409/4381/3 4346/4375/3
f 4415/4377/3 4456/4383/3 4457/4372/3
f 4347/4382/3 4408/4384/3 4409/4381/3
f 4347/4382/3 4407/4385/3 4408/4384/3
f 4348/4386/3 4407/4385/3 4347/4382/3
f 4348/4386/3 4406/4387/3 4407/4385/3
f 4348/4386/3 4405/4388/3 4406/4387/3
f 4349/4389/3 4405/4388/3 4348/4386/3
f 4349/4389/3 4404/4390/3 4405/4388/3
f 4415/4377/3 4455/4391/3 4456/4383/3
f 4349/4389/3 4403/4392/3 4404/4390/3
f 4349/4389/3 4402/4393/3 4403/4392/3
f 4349/4389/3 4401/4394/3 4402/4393/3
f 4416/4395/3 4455/4391/3 4415/4377/3
f 4350/4396/3 4401/4394/3 4349/4389/3
f 4417/4397/3 4455/4391/3 4416/4395/3
f 4351/4398/3 4401/4394/3 4350/4396/3
f 4351/4398/3 4400/4399/3 4401/4394/3
f 4417/4397/3 4454/4400/3 4455/4391/3
f 4352/4401/3 4400/4399/3 4351/4398/3
f 4418/4402/3 4454/4400/3 4417/4397/3
f 4353/4403/3 4400/4399/3 4352/4401/3
f 4353/4403/3 4399/4404/3 4400/4399/3
f 4354/4405/3 4399/4404/3 4353/4403/3
f 4418/4402/3 4453/4406/3 4454/4400/3
f 4355/4407/3 4399/4404/3 4354/4405/3
f 4356/4408/3 4399/4404/3 4355/4407/3
f 4357/4409/3 4399/4404/3 4356/4408/3
f 4358/4410/3 4399/4404/3 4357/4409/3
f 4419/4411/3 4453/4406/3 4418/4402/3
f 4359/4412/3 4399/4404/3 4358/4410/3
f 4360/4413/3 4399/4404/3 4359/4412/3
f 4361/4414/3 4399/4404/3 4360/4413/3
f 4362/4415/3 4399/4404/3 4361/4414/3
f 4363/4416/3 4399/4404/3 4362/4415/3
f 4363/4416/3 4398/4417/3 4399/4404/3
f 4364/4418/3 4398/4417/3 4363/4416/3
f 4365/4419/3 4398/4417/3 4364/4418/3
f 4366/4420/3 4398/4417/3 4365/4419/3
f 4420/4421/3 4453/4406/3 4419/4411/3
f 4420/4421/3 4452/4422/3 4453/4406/3
f 4366/4420/3 4397/4423/3 4398/4417/3
f 4421/4424/3 4452/4422/3 4420/4421/3
f 4422/4425/3 4452/4422/3 4421/4424/3
f 4366/4420/3 4396/4426/3 4397/4423/3
f 4423/4427/3 4452/4422/3 4422/4425/3
f 4366/4420/3 4395/4428/3 4396/4426/3
f 4424/4429/3 4452/4422/3 4423/4427/3
f 4366/4420/3 4394/4430/3 4395/4428/3
f 4425/4431/3 4452/4422/3 4424/4429/3
f 4366/4420/3 4393/4432/3 4394/4430/3
f 4426/4433/3 4452/4422/3 4425/4431/3
f 4367/4434/3 4393/4432/3 4366/4420/3
f 4426/4433/3 4451/4435/3 4452/4422/3
f 4367/4434/3 4392/4436/3 4393/4432/3
f 4427/4437/3 4451/4435/3 4426/4433/3
f 4368/4438/3 4392/4436/3 4367/4434/3
f 4428/4439/3 4451/4435/3 4427/4437/3
f 4368/4438/3 4391/4440/3 4392/4436/3
f 4429/4441/3 4451/4435/3 4428/4439/3
f 4369/4442/3 4391/4440/3 4368/4438/3
f 4285/4443/3 4287/4363/3 4284/4364/3
f 4369/4442/3 4390/4444/3 4391/4440/3
f 4430/4445/3 4451/4435/3 4429/4441/3
f 4370/4446/3 4390/4444/3 4369/4442/3
f 4431/4447/3 4451/4435/3 4430/4445/3
f 4370/4446/3 4389/4448/3 4390/4444/3
f 4371/4449/3 4389/4448/3 4370/4446/3
f 4432/4450/3 4451/4435/3 4431/4447/3
f 4371/4449/3 4388/4451/3 4389/4448/3
f 4371/4449/3 4387/4452/3 4388/4451/3
f 4433/4453/3 4451/4435/3 4432/4450/3
f 4372/4454/3 4387/4452/3 4371/4449/3
f 4372/4454/3 4386/4455/3 4387/4452/3
f 4434/4456/3 4451/4435/3 4433/4453/3
f 4373/4457/3 4386/4455/3 4372/4454/3
f 4373/4457/3 4385/4458/3 4386/4455/3
f 4435/4459/3 4451/4435/3 4434/4456/3
f 4373/4457/3 4384/4460/3 4385/4458/3
f 4374/4461/3 4384/4460/3 4373/4457/3
f 4436/4462/3 4451/4435/3 4435/4459/3
f 4374/4461/3 4383/4463/3 4384/4460/3
f 4437/4464/3 4451/4435/3 4436/4462/3
f 4375/4465/3 4383/4463/3 4374/4461/3
f 4375/4465/3 4382/4466/3 4383/4463/3
f 4438/4467/3 4451/4435/3 4437/4464/3
f 4375/4465/3 4381/4468/3 4382/4466/3
f 4376/4469/3 4381/4468/3 4375/4465/3
f 4439/4470/3 4443/4471/3 4438/4467/3
f 4443/4471/3 4451/4435/3 4438/4467/3
f 4376/4469/3 4380/4472/3 4381/4468/3
f 4377/4473/3 4380/4472/3 4376/4469/3
f 4440/4474/3 4442/4475/3 4439/4470/3
f 4442/4475/3 4443/4471/3 4439/4470/3
f 4441/4476/4 4442/4475/4 4440/4474/4
f 4377/4473/3 4379/4477/3 4380/4472/3
f 4444/4478/3 4451/4435/3 4443/4471/3
f 4445/4479/4 4451/4435/4 4444/4478/4
f 4446/4480/3 4451/4435/3 4445/4479/3
f 4378/4481/3 4379/4477/3 4377/4473/3
f 4447/4482/3 4451/4435/3 4446/4480/3
f 4448/4483/3 4451/4435/3 4447/4482/3
f 4449/4484/3 4451/4435/3 4448/4483/3
f 4450/4485/4 4451/4435/4 4449/4484/4
f 4286/4486/3 4287/4363/3 4285/4443/3
f 4653/4487/3 4651/4488/3 4652/4489/3
f 4654/4490/3 4651/4488/3 4653/4487/3
f 4654/4490/3 4650/4491/3 4651/4488/3
f 4655/4492/3 4650/4491/3 4654/4490/3
f 4656/4493/3 4650/4491/3 4655/4492/3
f 4657/4494/3 4650/4491/3 4656/4493/3
f 4657/4494/3 4649/4495/3 4650/4491/3
f 4658/4496/3 4649/4495/3 4657/4494/3
f 4658/4496/3 4648/4497/3 4649/4495/3
f 4659/4498/3 4648/4497/3 4658/4496/3
f 4660/4499/3 4648/4497/3 4659/4498/3
f 4660/4499/3 4647/4500/3 4648/4497/3
f 4661/4501/3 4647/4500/3 4660/4499/3
f 4662/4502/3 4647/4500/3 4661/4501/3
f 4662/4502/3 4646/4503/3 4647/4500/3
f 4663/4504/3 4646/4503/3 4662/4502/3
f 4664/4505/3 4646/4503/3 4663/4504/3
f 4664/4505/3 4645/4506/3 4646/4503/3
f 4495/4507/3 4645/4506/3 4664/4505/3
f 4496/4508/3 4645/4506/3 4495/4507/3
f 4496/4508/3 4644/4509/3 4645/4506/3
f 4496/4508/3 4643/4510/3 4644/4509/3
f 4497/4511/3 4643/4510/3 4496/4508/3
f 4497/4511/3 4642/4512/3 4643/4510/3
f 4498/4513/3 4642/4512/3 4497/4511/3
f 4498/4513/3 4641/4514/3 4642/4512/3
f 4499/4515/3 4641/4514/3 4498/4513/3
f 4499/4515/3 4640/4516/3 4641/4514/3
f 4500/4517/3 4640/4516/3 4499/4515/3
f 4500/4517/3 4639/4518/3 4640/4516/3
f 4501/4519/3 4639/4518/3 4500/4517/3
f 4501/4519/3 4638/4520/3 4639/4518/3
f 4502/4521/3 4638/4520/3 4501/4519/3
f 4502/4521/3 4637/4522/3 4638/4520/3
f 4503/4523/3 4637/4522/3 4502/4521/3
f 4503/4523/3 4636/4524/3 4637/4522/3
f 4503/4523/3 4635/4525/3 4636/4524/3
f 4504/4526/3 4635/4525/3 4503/4523/3
f 4504/4526/3 4634/4527/3 4635/4525/3
f 4505/4528/3 4634/4527/3 4504/4526/3
f 4505/4528/3 4633/4529/3 4634/4527/3
f 4506/4530/3 4633/4529/3 4505/4528/3
f 4506/4530/3 4632/4531/3 4633/4529/3
f 4507/4532/3 4632/4531/3 4506/4530/3
f 4507/4532/3 4631/4533/3 4632/4531/3
f 4508/4534/3 4631/4533/3 4507/4532/3
f 4508/4534/3 4630/4535/3 4631/4533/3
f 4509/4536/3 4630/4535/3 4508/4534/3
f 4509/4536/3 4629/4537/3 4630/4535/3
f 4510/4538/3 4629/4537/3 4509/4536/3
f 4511/4539/3 4629/4537/3 4510/4538/3
f 4511/4539/3 4628/4540/3 4629/4537/3
f 4512/4541/3 4628/4540/3 4511/4539/3
f 4512/4541/3 4627/4542/3 4628/4540/3
f 4513/4543/3 4627/4542/3 4512/4541/3
f 4513/4543/3 4626/4544/3 4627/4542/3
f 4514/4545/3 4747/4546/3 4513/4543/3
f 4747/4546/3 4748/4547/3 4513/4543/3
f 4748/4547/3 4626/4544/3 4513/4543/3
f 4748/4547/3 4749/4548/3 4626/4544/3
f 4749/4548/3 4750/4549/3 4626/4544/3
f 4750/4549/3 4751/4550/3 4626/4544/3
f 4751/4550/3 4752/4551/3 4626/4544/3
f 4752/4551/3 4753/4552/3 4626/4544/3
f 4753/4552/3 4625/4553/3 4626/4544/3
f 4754/4554/3 4625/4553/3 4753/4552/3
f 4514/4545/3 4746/4555/3 4747/4546/3
f 4755/4556/3 4625/4553/3 4754/4554/3
f 4514/4545/3 4745/4557/3 4746/4555/3
f 4756/4558/3 4625/4553/3 4755/4556/3
f 4514/4545/3 4744/4559/3 4745/4557/3
f 4757/4560/3 4625/4553/3 4756/4558/3
f 4514/4545/3 4743/4561/3 4744/4559/3
f 4758/4562/3 4625/4553/3 4757/4560/3
f 4514/4545/3 4742/4563/3 4743/4561/3
f 4758/4562/3 4624/4564/3 4625/4553/3
f 4759/4565/3 4624/4564/3 4758/4562/3
f 4514/4545/3 4741/4566/3 4742/4563/3
f 4515/4567/3 4741/4566/3 4514/4545/3
f 4515/4567/3 4740/4568/3 4741/4566/3
f 4760/4569/3 4624/4564/3 4759/4565/3
f 4515/4567/3 4739/4570/3 4740/4568/3
f 4761/4571/3 4624/4564/3 4760/4569/3
f 4515/4567/3 4738/4572/3 4739/4570/3
f 4665/4573/3 4624/4564/3 4761/4571/3
f 4665/4573/3 4623/4574/3 4624/4564/3
f 4515/4567/3 4737/4575/3 4738/4572/3
f 4666/4576/3 4623/4574/3 4665/4573/3
f 4515/4567/3 4736/4577/3 4737/4575/3
f 4516/4578/3 4736/4577/3 4515/4567/3
f 4667/4579/3 4623/4574/3 4666/4576/3
f 4667/4579/3 4622/4580/3 4623/4574/3
f 4516/4578/3 4735/4581/3 4736/4577/3
f 4668/4582/3 4622/4580/3 4667/4579/3
f 4516/4578/3 4734/4583/3 4735/4581/3
f 4669/4584/3 4622/4580/3 4668/4582/3
f 4669/4584/3 4621/4585/3 4622/4580/3
f 4517/4586/3 4734/4583/3 4516/4578/3
f 4517/4586/3 4733/4587/3 4734/4583/3
f 4670/4588/3 4621/4585/3 4669/4584/3
f 4670/4588/3 4620/4589/3 4621/4585/3
f 4671/4590/3 4620/4589/3 4670/4588/3
f 4517/4586/3 4732/4591/3 4733/4587/3
f 4672/4592/3 4620/4589/3 4671/4590/3
f 4517/4586/3 4731/4593/3 4732/4591/3
f 4518/4594/3 4731/4593/3 4517/4586/3
f 4672/4592/3 4619/4595/3 4620/4589/3
f 4673/4596/3 4619/4595/3 4672/4592/3
f 4518/4594/3 4730/4597/3 4731/4593/3
f 4674/4598/3 4619/4595/3 4673/4596/3
f 4518/4594/3 4729/4599/3 4730/4597/3
f 4674/4598/3 4618/4600/3 4619/4595/3
f 4519/4601/3 4729/4599/3 4518/4594/3
f 4675/4602/3 4618/4600/3 4674/4598/3
f 4519/4601/3 4728/4603/3 4729/4599/3
f 4676/4604/3 4618/4600/3 4675/4602/3
f 4519/4601/3 4727/4605/3 4728/4603/3
f 4676/4604/3 4617/4606/3 4618/4600/3
f 4677/4607/3 4617/4606/3 4676/4604/3
f 4519/4601/3 4726/4608/3 4727/4605/3
f 4520/4609/3 4726/4608/3 4519/4601/3
f 4678/4610/3 4617/4606/3 4677/4607/3
f 4520/4609/3 4725/4611/3 4726/4608/3
f 4521/4612/3 4725/4611/3 4520/4609/3
f 4678/4610/3 4616/4613/3 4617/4606/3
f 4522/4614/3 4725/4611/3 4521/4612/3
f 4522/4614/3 4724/4615/3 4725/4611/3
f 4679/4616/3 4616/4613/3 4678/4610/3
f 4523/4617/3 4724/4615/3 4522/4614/3
f 4523/4617/3 4723/4618/3 4724/4615/3
f 4680/4619/3 4616/4613/3 4679/4616/3
f 4680/4619/3 4615/4620/3 4616/4613/3
f 4523/4617/3 4722/4621/3 4723/4618/3
f 4681/4622/3 4615/4620/3 4680/4619/3
f 4524/4623/3 4722/4621/3 4523/4617/3
f 4682/4624/3 4615/4620/3 4681/4622/3
f 4524/4623/3 4721/4625/3 4722/4621/3
f 4683/4626/3 4615/4620/3 4682/4624/3
f 4525/4627/3 4721/4625/3 4524/4623/3
f 4525/4627/3 4720/4628/3 4721/4625/3
f 4683/4626/3 4614/4629/3 4615/4620/3
f 4684/4630/3 4614/4629/3 4683/4626/3
f 4525/4627/3 4719/4631/3 4720/4628/3
f 4685/4632/3 4614/4629/3 4684/4630/3
f 4526/4633/3 4719/4631/3 4525/4627/3
f 4685/4632/3 4613/4634/3 4614/4629/3
f 4526/4633/3 4718/4635/3 4719/4631/3
f 4686/4636/3 4613/4634/3 4685/4632/3
f 4526/4633/3 4717/4637/3 4718/4635/3
f 4687/4638/3 4613/4634/3 4686/4636/3
f 4527/4639/3 4717/4637/3 4526/4633/3
f 4687/4638/3 4612/4640/3 4613/4634/3
f 4688/4641/3 4612/4640/3 4687/4638/3
f 4527/4639/3 4716/4642/3 4717/4637/3
f 4689/4643/3 4612/4640/3 4688/4641/3
f 4527/4639/3 4715/4644/3 4716/4642/3
f 4689/4643/3 4611/4645/3 4612/4640/3
f 4528/4646/3 4715/4644/3 4527/4639/3
f 4528/4646/3 4714/4647/3 4715/4644/3
f 4690/4648/3 4611/4645/3 4689/4643/3
f 4691/4649/3 4611/4645/3 4690/4648/3
f 4692/4650/3 4611/4645/3 4691/4649/3
f 4693/4651/3 4611/4645/3 4692/4650/3
f 4528/4646/3 4713/4652/3 4714/4647/3
f 4694/4653/3 4611/4645/3 4693/4651/3
f 4694/4653/3 4610/4654/3 4611/4645/3
f 4695/4655/3 4610/4654/3 4694/4653/3
f 4528/4646/3 4712/4656/3 4713/4652/3
f 4696/4657/3 4610/4654/3 4695/4655/3
f 4528/4646/3 4711/4658/3 4712/4656/3
f 4529/4659/3 4711/4658/3 4528/4646/3
f 4697/4660/3 4610/4654/3 4696/4657/3
f 4529/4659/3 4710/4661/3 4711/4658/3
f 4698/4662/3 4610/4654/3 4697/4660/3
f 4529/4659/3 4709/4663/3 4710/4661/3
f 4698/4662/3 4609/4664/3 4610/4654/3
f 4529/4659/3 4708/4665/3 4709/4663/3
f 4699/4666/3 4609/4664/3 4698/4662/3
f 4529/4659/3 4707/4667/3 4708/4665/3
f 4700/4668/3 4609/4664/3 4699/4666/3
f 4529/4659/3 4706/4669/3 4707/4667/3
f 4529/4659/3 4705/4670/3 4706/4669/3
f 4701/4671/3 4609/4664/3 4700/4668/3
f 4529/4659/3 4704/4672/3 4705/4670/3
f 4529/4659/3 4703/4673/3 4704/4672/3
f 4529/4659/3 4702/4674/3 4703/4673/3
f 4529/4659/3 4701/4671/3 4702/4674/3
f 4529/4659/3 4609/4664/3 4701/4671/3
f 4530/4675/3 4609/4664/3 4529/4659/3
f 4530/4675/3 4608/4676/3 4609/4664/3
f 4531/4677/3 4608/4676/3 4530/4675/3
f 4532/4678/3 4608/4676/3 4531/4677/3
f 4532/4678/3 4607/4679/3 4608/4676/3
f 4532/4678/3 4606/4680/3 4607/4679/3
f 4532/4678/3 4605/4681/3 4606/4680/3
f 4532/4678/3 4604/4682/3 4605/4681/3
f 4533/4683/3 4604/4682/3 4532/4678/3
f 4534/4684/3 4604/4682/3 4533/4683/3
f 4534/4684/3 4603/4685/3 4604/4682/3
f 4535/4686/3 4603/4685/3 4534/4684/3
f 4536/4687/3 4603/4685/3 4535/4686/3
f 4536/4687/3 4602/4688/3 4603/4685/3
f 4537/4689/3 4602/4688/3 4536/4687/3
f 4538/4690/3 4602/4688/3 4537/4689/3
f 4538/4690/3 4601/4691/3 4602/4688/3
f 4539/4692/3 4601/4691/3 4538/4690/3
f 4540/4693/3 4601/4691/3 4539/4692/3
f 4540/4693/3 4600/4694/3 4601/4691/3
f 4541/4695/3 4600/4694/3 4540/4693/3
f 4542/4696/3 4600/4694/3 4541/4695/3
f 4542/4696/3 4599/4697/3 4600/4694/3
f 4543/4698/3 4599/4697/3 4542/4696/3
f 4544/4699/3 4599/4697/3 4543/4698/3
f 4545/4700/3 4599/4697/3 4544/4699/3
f 4545/4700/3 4598/4701/3 4599/4697/3
f 4546/4702/3 4598/4701/3 4545/4700/3
f 4546/4702/3 4597/4703/3 4598/4701/3
f 4547/4704/3 4597/4703/3 4546/4702/3
f 4547/4704/3 4596/4705/3 4597/4703/3
f 4548/4706/3 4596/4705/3 4547/4704/3
f 4548/4706/3 4595/4707/3 4596/4705/3
f 4549/4708/3 4595/4707/3 4548/4706/3
f 4549/4708/3 4594/4709/3 4595/4707/3
f 4550/4710/3 4594/4709/3 4549/4708/3
f 4550/4710/3 4593/4711/3 4594/4709/3
f 4551/4712/3 4593/4711/3 4550/4710/3
f 4551/4712/3 4592/4713/3 4593/4711/3
f 4552/4714/3 4592/4713/3 4551/4712/3
f 4553/4715/3 4592/4713/3 4552/4714/3
f 4554/4716/3 4592/4713/3 4553/4715/3
f 4555/4717/3 4592/4713/3 4554/4716/3
f 4555/4717/3 4769/4718/3 4592/4713/3
f 4769/4718/3 4591/4719/3 4592/4713/3
f 4556/4720/3 4769/4718/3 4555/4717/3
f 4557/4721/3 4769/4718/3 4556/4720/3
f 4558/4722/3 4769/4718/3 4557/4721/3
f 4559/4723/3 4769/4718/3 4558/4722/3
f 4560/4724/3 4769/4718/3 4559/4723/3
f 4561/4725/3 4769/4718/3 4560/4724/3
f 4562/4726/3 4769/4718/3 4561/4725/3
f 4563/4727/3 4767/4728/3 4562/4726/3
f 4767/4728/3 4769/4718/3 4562/4726/3
f 4563/4727/3 4766/4729/3 4767/4728/3
f 4768/4730/3 4769/4718/3 4767/4728/3
f 4762/4731/3 4591/4719/3 4769/4718/3
f 4564/4732/3 4766/4729/3 4563/4727/3
f 4565/4733/3 4766/4729/3 4564/4732/3
f 4566/4734/3 4766/4729/3 4565/4733/3
f 4567/4735/3 4766/4729/3 4566/4734/3
f 4568/4736/3 4766/4729/3 4567/4735/3
f 4762/4731/3 4590/4737/3 4591/4719/3
f 4569/4738/3 4766/4729/3 4568/4736/3
f 4570/4739/3 4766/4729/3 4569/4738/3
f 4571/4740/3 4766/4729/3 4570/4739/3
f 4571/4740/3 4765/4741/3 4766/4729/3
f 4763/4742/3 4590/4737/3 4762/4731/3
f 4572/4743/3 4765/4741/3 4571/4740/3
f 4573/4744/3 4765/4741/3 4572/4743/3
f 4574/4745/3 4765/4741/3 4573/4744/3
f 4575/4746/3 4765/4741/3 4574/4745/3
f 4576/4747/3 4765/4741/3 4575/4746/3
f 4577/4748/3 4765/4741/3 4576/4747/3
f 4578/4749/3 4765/4741/3 4577/4748/3
f 4579/4750/3 4765/4741/3 4578/4749/3
f 4580/4751/3 4765/4741/3 4579/4750/3
f 4583/4752/3 4581/4753/3 4582/4754/3
f 4583/4752/3 4580/4751/3 4581/4753/3
f 4583/4752/3 4765/4741/3 4580/4751/3
f 4583/4752/3 4764/4755/3 4765/4741/3
f 4583/4752/3 4763/4742/3 4764/4755/3
f 4583/4752/3 4590/4737/3 4763/4742/3
f 4583/4752/3 4589/4756/3 4590/4737/3
f 4583/4752/3 4588/4757/3 4589/4756/3
f 4583/4752/3 4587/4758/3 4588/4757/3
f 4584/4759/3 4587/4758/3 4583/4752/3
f 4584/4759/3 4586/4760/3 4587/4758/3
f 4585/4761/3 4586/4760/3 4584/4759/3
f 4770/4762/3 4948/4763/3 4949/4764/3
f 4770/4762/3 4947/4765/3 4948/4763/3
f 4770/4762/3 4946/4766/3 4947/4765/3
f 4771/4767/3 4946/4766/3 4770/4762/3
f 4771/4767/3 4945/4768/3 4946/4766/3
f 4772/4769/3 4945/4768/3 4771/4767/3
f 4773/4770/3 4933/4771/3 4772/4769/3
f 4933/4771/3 4945/4768/3 4772/4769/3
f 4773/4770/3 4932/4772/3 4933/4771/3
f 4934/4773/3 4945/4768/3 4933/4771/3
f 4935/4774/3 4945/4768/3 4934/4773/3
f 4936/4775/3 4945/4768/3 4935/4774/3
f 4937/4776/4 4945/4768/4 4936/4775/4
f 4938/4777/3 4945/4768/3 4937/4776/3
f 4939/4778/4 4945/4768/4 4938/4777/4
f 4940/4779/3 4945/4768/3 4939/4778/3
f 4941/4780/3 4945/4768/3 4940/4779/3
f 4942/4781/3 4945/4768/3 4941/4780/3
f 4943/4782/3 4945/4768/3 4942/4781/3
f 4944/4783/3 4945/4768/3 4943/4782/3
f 4773/4770/3 4931/4784/3 4932/4772/3
f 4774/4785/3 4931/4784/3 4773/4770/3
f 4774/4785/3 4930/4786/3 4931/4784/3
f 4775/4787/3 4930/4786/3 4774/4785/3
f 4775/4787/3 4929/4788/3 4930/4786/3
f 4776/4789/3 4929/4788/3 4775/4787/3
f 4776/4789/3 4928/4790/3 4929/4788/3
f 4777/4791/3 4928/4790/3 4776/4789/3
f 4777/4791/3 4927/4792/3 4928/4790/3
f 4778/4793/3 4927/4792/3 4777/4791/3
f 4778/4793/3 4926/4794/3 4927/4792/3
f 4779/4795/3 4926/4794/3 4778/4793/3
f 4779/4795/3 4925/4796/3 4926/4794/3
f 4780/4797/3 4925/4796/3 4779/4795/3
f 4780/4797/3 4924/4798/3 4925/4796/3
f 4781/4799/3 4924/4798/3 4780/4797/3
f 4781/4799/3 4923/4800/3 4924/4798/3
f 4782/4801/3 4923/4800/3 4781/4799/3
f 4782/4801/3 4922/4802/3 4923/4800/3
f 4783/4803/3 4922/4802/3 4782/4801/3
f 4783/4803/3 4921/4804/3 4922/4802/3
f 4784/4805/3 4921/4804/3 4783/4803/3
f 4784/4805/3 4920/4806/3 4921/4804/3
f 4785/4807/3 4920/4806/3 4784/4805/3
f 4786/4808/3 4920/4806/3 4785/4807/3
f 4786/4808/3 4919/4809/3 4920/4806/3
f 4787/4810/3 4919/4809/3 4786/4808/3
f 4788/4811/3 4919/4809/3 4787/4810/3
f 4788/4811/3 4918/4812/3 4919/4809/3
f 4789/4813/3 4918/4812/3 4788/4811/3
f 4790/4814/3 4918/4812/3 4789/4813/3
f 4790/4814/3 4917/4815/3 4918/4812/3
f 4791/4816/3 4917/4815/3 4790/4814/3
f 4791/4816/3 4916/4817/3 4917/4815/3
f 4792/4818/3 4916/4817/3 4791/4816/3
f 4793/4819/3 4916/4817/3 4792/4818/3
f 4793/4819/3 4915/4820/3 4916/4817/3
f 4794/4821/3 4915/4820/3 4793/4819/3
f 4795/4822/3 4915/4820/3 4794/4821/3
f 4795/4822/3 4914/4823/3 4915/4820/3
f 4796/4824/3 4914/4823/3 4795/4822/3
f 4797/4825/3 4914/4823/3 4796/4824/3
f 4797/4825/3 4913/4826/3 4914/4823/3
f 4797/4825/3 4912/4827/3 4913/4826/3
f 4798/4828/3 4912/4827/3 4797/4825/3
f 4798/4828/3 4911/4829/3 4912/4827/3
f 4799/4830/3 4911/4829/3 4798/4828/3
f 4799/4830/3 4910/4831/3 4911/4829/3
f 4800/4832/3 4910/4831/3 4799/4830/3
f 4800/4832/3 4909/4833/3 4910/4831/3
f 4801/4834/3 4909/4833/3 4800/4832/3
f 4801/4834/3 4908/4835/3 4909/4833/3
f 4801/4834/3 4907/4836/3 4908/4835/3
f 4802/4837/3 4869/4838/3 4801/4834/3
f 4869/4838/3 4907/4836/3 4801/4834/3
f 4802/4837/3 4868/4839/3 4869/4838/3
f 4870/4840/3 4907/4836/3 4869/4838/3
f 4802/4837/3 4867/4841/3 4868/4839/3
f 4870/4840/3 4906/4842/3 4907/4836/3
f 4802/4837/3 4866/4843/3 4867/4841/3
f 4803/4844/3 4866/4843/3 4802/4837/3
f 4803/4844/3 4865/4845/3 4866/4843/3
f 4803/4844/3 4864/4846/3 4865/4845/3
f 4870/4840/3 4905/4847/3 4906/4842/3
f 4803/4844/3 4863/4848/3 4864/4846/3
f 4803/4844/3 4862/4849/3 4863/4848/3
f 4804/4850/3 4862/4849/3 4803/4844/3
f 4804/4850/3 4861/4851/3 4862/4849/3
f 4870/4840/3 4904/4852/3 4905/4847/3
f 4804/4850/3 4860/4853/3 4861/4851/3
f 4804/4850/3 4859/4854/3 4860/4853/3
f 4805/4855/3 4859/4854/3 4804/4850/3
f 4805/4855/3 4858/4856/3 4859/4854/3
f 4870/4840/3 4903/4857/3 4904/4852/3
f 4805/4855/3 4857/4858/3 4858/4856/3
f 4805/4855/3 4856/4859/3 4857/4858/3
f 4806/4860/3 4856/4859/3 4805/4855/3
f 4870/4840/3 4902/4861/3 4903/4857/3
f 4871/4862/3 4902/4861/3 4870/4840/3
f 4871/4862/3 4901/4863/3 4902/4861/3
f 4807/4864/3 4856/4859/3 4806/4860/3
f 4807/4864/3 4855/4865/3 4856/4859/3
f 4871/4862/3 4900/4866/3 4901/4863/3
f 4808/4867/3 4855/4865/3 4807/4864/3
f 4872/4868/3 4900/4866/3 4871/4862/3
f 4872/4868/3 4899/4869/3 4900/4866/3
f 4808/4867/3 4854/4870/3 4855/4865/3
f 4809/4871/3 4854/4870/3 4808/4867/3
f 4810/4872/3 4854/4870/3 4809/4871/3
f 4811/4873/3 4854/4870/3 4810/4872/3
f 4872/4868/3 4898/4874/3 4899/4869/3
f 4812/4875/3 4854/4870/3 4811/4873/3
f 4813/4876/3 4854/4870/3 4812/4875/3
f 4872/4868/3 4897/4877/3 4898/4874/3
f 4814/4878/3 4854/4870/3 4813/4876/3
f 4815/4879/3 4854/4870/3 4814/4878/3
f 4873/4880/3 4897/4877/3 4872/4868/3
f 4873/4880/3 4896/4881/3 4897/4877/3
f 4815/4879/3 4853/4882/3 4854/4870/3
f 4816/4883/3 4853/4882/3 4815/4879/3
f 4817/4884/3 4853/4882/3 4816/4883/3
f 4818/4885/3 4853/4882/3 4817/4884/3
f 4819/4886/3 4853/4882/3 4818/4885/3
f 4820/4887/3 4853/4882/3 4819/4886/3
f 4821/4888/3 4853/4882/3 4820/4887/3
f 4873/4880/3 4895/4889/3 4896/4881/3
f 4874/4890/3 4895/4889/3 4873/4880/3
f 4821/4888/3 4852/4891/3 4853/4882/3
f 4821/4888/3 4851/4892/3 4852/4891/3
f 4875/4893/3 4895/4889/3 4874/4890/3
f 4821/4888/3 4850/4894/3 4851/4892/3
f 4876/4895/3 4895/4889/3 4875/4893/3
f 4821/4888/3 4849/4896/3 4850/4894/3
f 4877/4897/3 4895/4889/3 4876/4895/3
f 4821/4888/3 4848/4898/3 4849/4896/3
f 4877/4897/3 4894/4899/3 4895/4889/3
f 4878/4900/3 4894/4899/3 4877/4897/3
f 4822/4901/3 4848/4898/3 4821/4888/3
f 4822/4901/3 4847/4902/3 4848/4898/3
f 4823/4903/3 4847/4902/3 4822/4901/3
f 4879/4904/3 4894/4899/3 4878/4900/3
f 4824/4905/3 4847/4902/3 4823/4903/3
f 4824/4905/3 4846/4906/3 4847/4902/3
f 4880/4907/3 4894/4899/3 4879/4904/3
f 4825/4908/3 4846/4906/3 4824/4905/3
f 4825/4908/3 4845/4909/3 4846/4906/3
f 4881/4910/3 4894/4899/3 4880/4907/3
f 4826/4911/3 4845/4909/3 4825/4908/3
f 4827/4912/3 4845/4909/3 4826/4911/3
f 4882/4913/3 4886/4914/3 4881/4910/3
f 4886/4914/3 4893/4915/3 4881/4910/3
f 4893/4915/3 4894/4899/3 4881/4910/3
f 4827/4912/3 4844/4916/3 4845/4909/3
f 4827/4912/3 4843/4917/3 4844/4916/3
f 4828/4918/3 4843/4917/3 4827/4912/3
f 4883/4919/3 4884/4920/3 4882/4913/3
f 4884/4920/3 4886/4914/3 4882/4913/3
f 4885/4921/3 4886/4914/3 4884/4920/3
f 4828/4918/3 4842/4922/3 4843/4917/3
f 4887/4923/3 4888/4924/3 4886/4914/3
f 4888/4924/3 4889/4925/3 4886/4914/3
f 4889/4925/3 4893/4915/3 4886/4914/3
f 4828/4918/3 4841/4926/3 4842/4922/3
f 4829/4927/3 4841/4926/3 4828/4918/3
f 4890/4928/4 4893/4915/4 4889/4925/4
f 4891/4929/3 4893/4915/3 4890/4928/3
f 4892/4930/3 4893/4915/3 4891/4929/3
f 4829/4927/3 4840/4931/3 4841/4926/3
f 4830/4932/3 4840/4931/3 4829/4927/3
f 4830/4932/3 4839/4933/3 4840/4931/3
f 4830/4932/3 4838/4934/3 4839/4933/3
f 4831/4935/3 4838/4934/3 4830/4932/3
f 4831/4935/3 4837/4936/3 4838/4934/3
f 4831/4935/3 4836/4937/3 4837/4936/3
f 4832/4938/3 4836/4937/3 4831/4935/3
f 4832/4938/3 4835/4939/3 4836/4937/3
f 4832/4938/3 4834/4940/3 4835/4939/3
f 4833/4941/3 4834/4940/3 4832/4938/3
f 4950/4942/3 4956/4943/3 4957/4944/3
f 4950/4942/3 4955/4945/3 4956/4943/3
f 4950/4942/3 4954/4946/3 4955/4945/3
f 4951/4947/3 4954/4946/3 4950/4942/3
f 4951/4947/3 4953/4948/3 4954/4946/3
f 4952/4949/4 4953/4948/4 4951/4947/4
f 4958/4950/3 4964/4951/3 4965/4952/3
f 4958/4950/3 4963/4953/3 4964/4951/3
f 4958/4950/3 4962/4954/3 4963/4953/3
f 4959/4955/3 4962/4954/3 4958/4950/3
f 4959/4955/3 4961/4956/3 4962/4954/3
f 4960/4957/3 4961/4956/3 4959/4955/3
f 4966/4958/3 4980/4959/3 4981/4960/3
f 4966/4958/3 4979/4961/3 4980/4959/3
f 4966/4958/3 4978/4962/3 4979/4961/3
f 5124/4963/3 5122/4964/3 5123/4965/3
f 5124/4963/3 5121/4966/3 5122/4964/3
f 5124/4963/3 5120/4967/3 5121/4966/3
f 5125/4968/3 5120/4967/3 5124/4963/3
f 5125/4968/3 5119/4969/3 5120/4967/3
f 5126/4970/3 5119/4969/3 5125/4968/3
f 5126/4970/3 5118/4971/3 5119/4969/3
f 5127/4972/3 5118/4971/3 5126/4970/3
f 5128/4973/3 5118/4971/3 5127/4972/3
f 5128/4973/3 5117/4974/3 5118/4971/3
f 5129/4975/3 5117/4974/3 5128/4973/3
f 5129/4975/3 5116/4976/3 5117/4974/3
f 5130/4977/3 5116/4976/3 5129/4975/3
f 5131/4978/3 5116/4976/3 5130/4977/3
f 5131/4978/3 5115/4979/3 5116/4976/3
f 5132/4980/3 5115/4979/3 5131/4978/3
f 5133/4981/3 5115/4979/3 5132/4980/3
f 5133/4981/3 5114/4982/3 5115/4979/3
f 5134/4983/3 5114/4982/3 5133/4981/3
f 4982/4984/3 5114/4982/3 5134/4983/3
f 4983/4985/3 5114/4982/3 4982/4984/3
f 4983/4985/3 5113/4986/3 5114/4982/3
f 4967/4987/3 4978/4962/3 4966/4958/3
f 4983/4985/3 5112/4988/3 5113/4986/3
f 4983/4985/3 5111/4989/3 5112/4988/3
f 4983/4985/3 5110/4990/3 5111/4989/3
f 4983/4985/3 5109/4991/3 5110/4990/3
f 4983/4985/3 5108/4992/3 5109/4991/3
f 4984/4993/3 5108/4992/3 4983/4985/3
f 4984/4993/3 5107/4994/3 5108/4992/3
f 4984/4993/3 5106/4995/3 5107/4994/3
f 4985/4996/3 5106/4995/3 4984/4993/3
f 4985/4996/3 5105/4997/3 5106/4995/3
f 4985/4996/3 5104/4998/3 5105/4997/3
f 4970/4999/3 4968/5000/3 4969/5001/3
f 4970/4999/3 4967/4987/3 4968/5000/3
f 4970/4999/3 4978/4962/3 4967/4987/3
f 4986/5002/3 5104/4998/3 4985/4996/3
f 4986/5002/3 5103/5003/3 5104/4998/3
f 4986/5002/3 5102/5004/3 5103/5003/3
f 4986/5002/3 5101/5005/3 5102/5004/3
f 4987/5006/3 5101/5005/3 4986/5002/3
f 4987/5006/3 5100/5007/3 5101/5005/3
f 4987/5006/3 5099/5008/3 5100/5007/3
f 4987/5006/3 5098/5009/3 5099/5008/3
f 4988/5010/3 5098/5009/3 4987/5006/3
f 4971/5011/3 4972/5012/3 4970/4999/3
f 4972/5012/3 4973/5013/3 4970/4999/3
f 4973/5013/3 4978/4962/3 4970/4999/3
f 4988/5010/3 5097/5014/3 5098/5009/3
f 4988/5010/3 5096/5015/3 5097/5014/3
f 4989/5016/3 5096/5015/3 4988/5010/3
f 4989/5016/3 5095/5017/3 5096/5015/3
f 4989/5016/3 5094/5018/3 5095/5017/3
f 4990/5019/3 5094/5018/3 4989/5016/3
f 4990/5019/3 5093/5020/3 5094/5018/3
f 4974/5021/3 4978/4962/3 4973/5013/3
f 4990/5019/3 5092/5022/3 5093/5020/3
f 4991/5023/3 5092/5022/3 4990/5019/3
f 4991/5023/3 5091/5024/3 5092/5022/3
f 4991/5023/3 5090/5025/3 5091/5024/3
f 4992/5026/3 5090/5025/3 4991/5023/3
f 4974/5021/3 4977/5027/3 4978/4962/3
f 4992/5026/3 5089/5028/3 5090/5025/3
f 4993/5029/3 5089/5028/3 4992/5026/3
f 4993/5029/3 5088/5030/3 5089/5028/3
f 4993/5029/3 5045/5031/3 5088/5030/3
f 5045/5031/3 5087/5032/3 5088/5030/3
f 4993/5029/3 5044/5033/3 5045/5031/3
f 5046/5034/3 5087/5032/3 5045/5031/3
f 4993/5029/3 5043/5035/3 5044/5033/3
f 4993/5029/3 5042/5036/3 5043/5035/3
f 4994/5037/3 5042/5036/3 4993/5029/3
f 4994/5037/3 5041/5038/3 5042/5036/3
f 4994/5037/3 5040/5039/3 5041/5038/3
f 5046/5034/3 5086/5040/3 5087/5032/3
f 4994/5037/3 5039/5041/3 5040/5039/3
f 4994/5037/3 5038/5042/3 5039/5041/3
f 4994/5037/3 5037/5043/3 5038/5042/3
f 4994/5037/3 5036/5044/3 5037/5043/3
f 4994/5037/3 5035/5045/3 5036/5044/3
f 4994/5037/3 5034/5046/3 5035/5045/3
f 4994/5037/3 5033/5047/3 5034/5046/3
f 4994/5037/3 5032/5048/3 5033/5047/3
f 5046/5034/3 5085/5049/3 5086/5040/3
f 4994/5037/3 5031/5050/3 5032/5048/3
f 4995/5051/3 5031/5050/3 4994/5037/3
f 4996/5052/3 5031/5050/3 4995/5051/3
f 4997/5053/3 5031/5050/3 4996/5052/3
f 5046/5034/3 5084/5054/3 5085/5049/3
f 4998/5055/3 5031/5050/3 4997/5053/3
f 4998/5055/3 5030/5056/3 5031/5050/3
f 4999/5057/3 5030/5056/3 4998/5055/3
f 5047/5058/3 5084/5054/3 5046/5034/3
f 5000/5059/3 5030/5056/3 4999/5057/3
f 5001/5060/3 5030/5056/3 5000/5059/3
f 5001/5060/3 5029/5061/3 5030/5056/3
f 5002/5062/3 5029/5061/3 5001/5060/3
f 5003/5063/3 5029/5061/3 5002/5062/3
f 5048/5064/3 5084/5054/3 5047/5058/3
f 5004/5065/3 5029/5061/3 5003/5063/3
f 5005/5066/3 5029/5061/3 5004/5065/3
f 5006/5067/3 5029/5061/3 5005/5066/3
f 5007/5068/3 5029/5061/3 5006/5067/3
f 5007/5068/3 5028/5069/3 5029/5061/3
f 5048/5064/3 5083/5070/3 5084/5054/3
f 5049/5071/3 5083/5070/3 5048/5064/3
f 5007/5068/3 5027/5072/3 5028/5069/3
f 5050/5073/3 5083/5070/3 5049/5071/3
f 5007/5068/3 5026/5074/3 5027/5072/3
f 5051/5075/3 5083/5070/3 5050/5073/3
f 5007/5068/3 5025/5076/3 5026/5074/3
f 5052/5077/3 5083/5070/3 5051/5075/3
f 5007/5068/3 5024/5078/3 5025/5076/3
f 5053/5079/3 5083/5070/3 5052/5077/3
f 5007/5068/3 5023/5080/3 5024/5078/3
f 5007/5068/3 5022/5081/3 5023/5080/3
f 5054/5082/3 5083/5070/3 5053/5079/3
f 5008/5083/3 5022/5081/3 5007/5068/3
f 5054/5082/3 5082/5084/3 5083/5070/3
f 5008/5083/3 5021/5085/3 5022/5081/3
f 5055/5086/3 5082/5084/3 5054/5082/3
f 5008/5083/3 5020/5087/3 5021/5085/3
f 5008/5083/3 5019/5088/3 5020/5087/3
f 5056/5089/3 5082/5084/3 5055/5086/3
f 5008/5083/3 5018/5090/3 5019/5088/3
f 5008/5083/3 5017/5091/3 5018/5090/3
f 5057/5092/3 5082/5084/3 5056/5089/3
f 5008/5083/3 5016/5093/3 5017/5091/3
f 5058/5094/3 5082/5084/3 5057/5092/3
f 5008/5083/3 5015/5095/3 5016/5093/3
f 4975/5096/3 4976/5097/3 4974/5021/3
f 4976/5097/3 4977/5027/3 4974/5021/3
f 5008/5083/3 5014/5098/3 5015/5095/3
f 5059/5099/3 5082/5084/3 5058/5094/3
f 5060/5100/3 5082/5084/3 5059/5099/3
f 5008/5083/3 5013/5101/3 5014/5098/3
f 5061/5102/3 5082/5084/3 5060/5100/3
f 5062/5103/3 5082/5084/3 5061/5102/3
f 5008/5083/3 5012/5104/3 5013/5101/3
f 5063/5105/3 5082/5084/3 5062/5103/3
f 5064/5106/3 5082/5084/3 5063/5105/3
f 5008/5083/3 5011/5107/3 5012/5104/3
f 5065/5108/3 5082/5084/3 5064/5106/3
f 5066/5109/3 5082/5084/3 5065/5108/3
f 5008/5083/3 5010/5110/3 5011/5107/3
f 5067/5111/3 5082/5084/3 5066/5109/3
f 5068/5112/3 5082/5084/3 5067/5111/3
f 5008/5083/3 5009/5113/3 5010/5110/3
f 5069/5114/3 5082/5084/3 5068/5112/3
f 5070/5115/3 5071/5116/3 5069/5114/3
f 5071/5116/3 5072/5117/3 5069/5114/3
f 5072/5117/3 5077/5118/3 5069/5114/3
f 5077/5118/3 5081/5119/3 5069/5114/3
f 5081/5119/3 5082/5084/3 5069/5114/3
f 5073/5120/4 5077/5118/4 5072/5117/4
f 5074/5121/3 5077/5118/3 5073/5120/3
f 5075/5122/3 5076/5123/3 5074/5121/3
f 5076/5123/4 5077/5118/4 5074/5121/4
f 5078/5124/3 5081/5119/3 5077/5118/3
f 5079/5125/3 5081/5119/3 5078/5124/3
f 5080/5126/3 5081/5119/3 5079/5125/3
f 5135/5127/3 5141/5128/3 5142/5129/3
f 5135/5127/3 5140/5130/3 5141/5128/3
f 5135/5127/3 5139/5131/3 5140/5130/3
f 5136/5132/3 5139/5131/3 5135/5127/3
f 5136/5132/3 5138/5133/3 5139/5131/3
f 5137/5134/3 5138/5133/3 5136/5132/3
f 5143/5135/3 5165/5136/3 5166/5137/3
f 5143/5135/3 5164/5138/3 5165/5136/3
f 5143/5135/3 5146/5139/3 5164/5138/3
f 5146/5139/3 5163/5140/3 5164/5138/3
f 5144/5141/3 5146/5139/3 5143/5135/3
f 5145/5142/3 5146/5139/3 5144/5141/3
f 5147/5143/3 5163/5140/3 5146/5139/3
f 5148/5144/3 5163/5140/3 5147/5143/3
f 5148/5144/3 5162/5145/3 5163/5140/3
f 5151/5146/3 5149/5147/3 5150/5148/3
f 5151/5146/3 5148/5144/3 5149/5147/3
f 5151/5146/3 5160/5149/3 5148/5144/3
f 5160/5149/3 5162/5145/3 5148/5144/3
f 5151/5146/3 5159/5150/3 5160/5149/3
f 5161/5151/3 5162/5145/3 5160/5149/3
f 5151/5146/3 5158/5152/3 5159/5150/3
f 5152/5153/3 5158/5152/3 5151/5146/3
f 5152/5153/3 5157/5154/3 5158/5152/3
f 5152/5153/3 5156/5155/3 5157/5154/3
f 5152/5153/3 5155/5156/3 5156/5155/3
f 5152/5153/3 5154/5157/3 5155/5156/3
f 5152/5153/3 5153/5158/3 5154/5157/3
f 5167/5159/3 5181/5160/3 5182/5161/3
f 5167/5159/3 5180/5162/3 5181/5160/3
f 5167/5159/3 5179/5163/3 5180/5162/3
f 5167/5159/3 5178/5164/3 5179/5163/3
f 5167/5159/3 5177/5165/3 5178/5164/3
f 5167/5159/3 5176/5166/3 5177/5165/3
f 5167/5159/3 5175/5167/3 5176/5166/3
f 5167/5159/3 5172/5168/3 5175/5167/3
f 5172/5168/3 5174/5169/3 5175/5167/3
f 5167/5159/3 5171/5170/3 5172/5168/3
f 5173/5171/3 5174/5169/3 5172/5168/3
f 5168/5172/3 5171/5170/3 5167/5159/3
f 5168/5172/3 5170/5173/3 5171/5170/3
f 5169/5174/3 5170/5173/3 5168/5172/3
f 5183/5175/3 5205/5176/3 5206/5177/3
f 5183/5175/3 5204/5178/3 5205/5176/3
f 5183/5175/3 5203/5179/3 5204/5178/3
f 5199/5180/3 5197/5181/3 5198/5182/3
f 5199/5180/3 5196/5183/3 5197/5181/3
f 5199/5180/3 5195/5184/3 5196/5183/3
f 5183/5175/3 5202/5185/3 5203/5179/3
f 5200/5186/3 5195/5184/3 5199/5180/3
f 5183/5175/3 5201/5187/3 5202/5185/3
f 5183/5175/3 5200/5186/3 5201/5187/3
f 5183/5175/3 5188/5188/3 5200/5186/3
f 5188/5188/3 5190/5189/3 5200/5186/3
f 5190/5189/3 5195/5184/3 5200/5186/3
f 5183/5175/3 5187/5190/3 5188/5188/3
f 5189/5191/3 5190/5189/3 5188/5188/3
f 5191/5192/3 5195/5184/3 5190/5189/3
f 5184/5193/3 5187/5190/3 5183/5175/3
f 5191/5192/3 5194/5194/3 5195/5184/3
f 5192/5195/3 5193/5196/3 5191/5192/3
f 5193/5196/3 5194/5194/3 5191/5192/3
f 5184/5193/3 5186/5197/3 5187/5190/3
f 5185/5198/3 5186/5197/3 5184/5193/3
f 5207/5199/3 5229/5200/3 5230/5201/3
f 5207/5199/3 5228/5202/3 5229/5200/3
f 5207/5199/3 5227/5203/3 5228/5202/3
f 5223/5204/3 5221/5205/3 5222/5206/3
f 5223/5204/3 5220/5207/3 5221/5205/3
f 5223/5204/3 5219/5208/3 5220/5207/3
f 5207/5199/3 5226/5209/3 5227/5203/3
f 5224/5210/3 5219/5208/3 5223/5204/3
f 5207/5199/3 5225/5211/3 5226/5209/3
f 5207/5199/3 5224/5210/3 5225/5211/3
f 5207/5199/3 5212/5212/3 5224/5210/3
f 5212/5212/3 5213/5213/3 5224/5210/3
f 5213/5213/3 5214/5214/3 5224/5210/3
f 5214/5214/3 5219/5208/3 5224/5210/3
f 5207/5199/3 5211/5215/3 5212/5212/3
f 5215/5216/3 5219/5208/3 5214/5214/3
f 5208/5217/3 5211/5215/3 5207/5199/3
f 5215/5216/3 5218/5218/3 5219/5208/3
f 5216/5219/3 5217/5220/3 5215/5216/3
f 5217/5220/3 5218/5218/3 5215/5216/3
f 5208/5217/3 5210/5221/3 5211/5215/3
f 5209/5222/3 5210/5221/3 5208/5217/3
f 5373/5223/3 5371/5224/3 5372/5225/3
f 5374/5226/3 5371/5224/3 5373/5223/3
f 5374/5226/3 5370/5227/3 5371/5224/3
f 5375/5228/3 5370/5227/3 5374/5226/3
f 5375/5228/3 5369/5229/3 5370/5227/3
f 5376/5230/3 5369/5229/3 5375/5228/3
f 5377/5231/3 5369/5229/3 5376/5230/3
f 5378/5232/3 5369/5229/3 5377/5231/3
f 5379/5233/3 5369/5229/3 5378/5232/3
f 5380/5234/3 5369/5229/3 5379/5233/3
f 5381/5235/3 5369/5229/3 5380/5234/3
f 5381/5235/3 5368/5236/3 5369/5229/3
f 5231/5237/3 5368/5236/3 5381/5235/3
f 5232/5238/3 5368/5236/3 5231/5237/3
f 5233/5239/3 5368/5236/3 5232/5238/3
f 5234/5240/3 5368/5236/3 5233/5239/3
f 5235/5241/3 5368/5236/3 5234/5240/3
f 5236/5242/3 5368/5236/3 5235/5241/3
f 5237/5243/3 5368/5236/3 5236/5242/3
f 5238/5244/3 5368/5236/3 5237/5243/3
f 5239/5245/3 5368/5236/3 5238/5244/3
f 5240/5246/3 5368/5236/3 5239/5245/3
f 5241/5247/3 5368/5236/3 5240/5246/3
f 5242/5248/3 5368/5236/3 5241/5247/3
f 5243/5249/3 5368/5236/3 5242/5248/3
f 5243/5249/3 5367/5250/3 5368/5236/3
f 5244/5251/3 5367/5250/3 5243/5249/3
f 5245/5252/3 5367/5250/3 5244/5251/3
f 5246/5253/3 5367/5250/3 5245/5252/3
f 5247/5254/3 5367/5250/3 5246/5253/3
f 5248/5255/3 5367/5250/3 5247/5254/3
f 5249/5256/3 5367/5250/3 5248/5255/3
f 5250/5257/3 5367/5250/3 5249/5256/3
f 5251/5258/3 5367/5250/3 5250/5257/3
f 5252/5259/3 5367/5250/3 5251/5258/3
f 5253/5260/3 5367/5250/3 5252/5259/3
f 5254/5261/3 5367/5250/3 5253/5260/3
f 5255/5262/3 5367/5250/3 5254/5261/3
f 5258/5263/3 5256/5264/3 5257/5265/3
f 5258/5263/3 5255/5262/3 5256/5264/3
f 5258/5263/3 5367/5250/3 5255/5262/3
f 5258/5263/3 5366/5266/3 5367/5250/3
f 5258/5263/3 5365/5267/3 5366/5266/3
f 5258/5263/3 5364/5268/3 5365/5267/3
f 5259/5269/3 5364/5268/3 5258/5263/3
f 5259/5269/3 5363/5270/3 5364/5268/3
f 5260/5271/4 5363/5270/4 5259/5269/4
f 5261/5272/3 5363/5270/3 5260/5271/3
f 5262/5273/3 5361/5274/3 5261/5272/3
f 5361/5274/3 5363/5270/3 5261/5272/3
f 5262/5273/3 5360/5275/3 5361/5274/3
f 5362/5276/3 5363/5270/3 5361/5274/3
f 5262/5273/3 5359/5277/3 5360/5275/3
f 5262/5273/3 5358/5278/3 5359/5277/3
f 5262/5273/3 5357/5279/3 5358/5278/3
f 5262/5273/3 5356/5280/3 5357/5279/3
f 5262/5273/3 5355/5281/3 5356/5280/3
f 5262/5273/3 5354/5282/3 5355/5281/3
f 5262/5273/3 5353/5283/3 5354/5282/3
f 5262/5273/3 5352/5284/3 5353/5283/3
f 5262/5273/3 5351/5285/3 5352/5284/3
f 5262/5273/3 5350/5286/3 5351/5285/3
f 5262/5273/3 5349/5287/3 5350/5286/3
f 5262/5273/3 5348/5288/3 5349/5287/3
f 5262/5273/3 5347/5289/3 5348/5288/3
f 5263/5290/3 5347/5289/3 5262/5273/3
f 5263/5290/3 5346/5291/3 5347/5289/3
f 5264/5292/3 5346/5291/3 5263/5290/3
f 5264/5292/3 5345/5293/3 5346/5291/3
f 5264/5292/3 5344/5294/3 5345/5293/3
f 5265/5295/3 5344/5294/3 5264/5292/3
f 5265/5295/3 5343/5296/3 5344/5294/3
f 5266/5297/3 5343/5296/3 5265/5295/3
f 5266/5297/3 5342/5298/3 5343/5296/3
f 5267/5299/3 5342/5298/3 5266/5297/3
f 5267/5299/3 5341/5300/3 5342/5298/3
f 5267/5299/3 5340/5301/3 5341/5300/3
f 5268/5302/3 5340/5301/3 5267/5299/3
f 5268/5302/3 5339/5303/3 5340/5301/3
f 5269/5304/3 5468/5305/3 5268/5302/3
f 5468/5305/3 5339/5303/3 5268/5302/3
f 5468/5305/3 5469/5306/3 5339/5303/3
f 5469/5306/3 5470/5307/3 5339/5303/3
f 5470/5307/3 5471/5308/3 5339/5303/3
f 5471/5308/3 5472/5309/3 5339/5303/3
f 5472/5309/3 5338/5310/3 5339/5303/3
f 5269/5304/3 5467/5311/3 5468/5305/3
f 5473/5312/3 5338/5310/3 5472/5309/3
f 5269/5304/3 5466/5313/3 5467/5311/3
f 5474/5314/3 5338/5310/3 5473/5312/3
f 5475/5315/3 5338/5310/3 5474/5314/3
f 5269/5304/3 5465/5316/3 5466/5313/3
f 5476/5317/3 5338/5310/3 5475/5315/3
f 5269/5304/3 5464/5318/3 5465/5316/3
f 5477/5319/3 5338/5310/3 5476/5317/3
f 5478/5320/3 5338/5310/3 5477/5319/3
f 5269/5304/3 5463/5321/3 5464/5318/3
f 5479/5322/3 5338/5310/3 5478/5320/3
f 5479/5322/3 5337/5323/3 5338/5310/3
f 5269/5304/3 5462/5324/3 5463/5321/3
f 5270/5325/3 5462/5324/3 5269/5304/3
f 5480/5326/3 5337/5323/3 5479/5322/3
f 5270/5325/3 5461/5327/3 5462/5324/3
f 5270/5325/3 5460/5328/3 5461/5327/3
f 5382/5329/3 5337/5323/3 5480/5326/3
f 5270/5325/3 5459/5330/3 5460/5328/3
f 5383/5331/3 5337/5323/3 5382/5329/3
f 5383/5331/3 5336/5332/3 5337/5323/3
f 5270/5325/3 5458/5333/3 5459/5330/3
f 5270/5325/3 5457/5334/3 5458/5333/3
f 5270/5325/3 5456/5335/3 5457/5334/3
f 5270/5325/3 5455/5336/3 5456/5335/3
f 5384/5337/3 5336/5332/3 5383/5331/3
f 5271/5338/3 5455/5336/3 5270/5325/3
f 5271/5338/3 5454/5339/3 5455/5336/3
f 5384/5337/3 5335/5340/3 5336/5332/3
f 5385/5341/3 5335/5340/3 5384/5337/3
f 5271/5338/3 5453/5342/3 5454/5339/3
f 5386/5343/3 5335/5340/3 5385/5341/3
f 5271/5338/3 5452/5344/3 5453/5342/3
f 5272/5345/3 5452/5344/3 5271/5338/3
f 5387/5346/3 5335/5340/3 5386/5343/3
f 5387/5346/3 5334/5347/3 5335/5340/3
f 5272/5345/3 5451/5348/3 5452/5344/3
f 5388/5349/3 5334/5347/3 5387/5346/3
f 5272/5345/3 5450/5350/3 5451/5348/3
f 5273/5351/3 5450/5350/3 5272/5345/3
f 5389/5352/3 5334/5347/3 5388/5349/3
f 5273/5351/3 5449/5353/3 5450/5350/3
f 5389/5352/3 5333/5354/3 5334/5347/3
f 5273/5351/3 5448/5355/3 5449/5353/3
f 5390/5356/3 5333/5354/3 5389/5352/3
f 5273/5351/3 5447/5357/3 5448/5355/3
f 5274/5358/3 5447/5357/3 5273/5351/3
f 5391/5359/3 5333/5354/3 5390/5356/3
f 5391/5359/3 5332/5360/3 5333/5354/3
f 5274/5358/3 5446/5361/3 5447/5357/3
f 5392/5362/3 5332/5360/3 5391/5359/3
f 5392/5362/3 5331/5363/3 5332/5360/3
f 5275/5364/3 5446/5361/3 5274/5358/3
f 5275/5364/3 5445/5365/3 5446/5361/3
f 5393/5366/3 5331/5363/3 5392/5362/3
f 5276/5367/3 5445/5365/3 5275/5364/3
f 5276/5367/3 5444/5368/3 5445/5365/3
f 5393/5366/3 5330/5369/3 5331/5363/3
f 5394/5370/3 5330/5369/3 5393/5366/3
f 5277/5371/3 5444/5368/3 5276/5367/3
f 5277/5371/3 5443/5372/3 5444/5368/3
f 5278/5373/3 5443/5372/3 5277/5371/3
f 5395/5374/3 5330/5369/3 5394/5370/3
f 5396/5375/3 5330/5369/3 5395/5374/3
f 5396/5375/3 5329/5376/3 5330/5369/3
f 5397/5377/3 5329/5376/3 5396/5375/3
f 5398/5378/3 5329/5376/3 5397/5377/3
f 5279/5379/3 5443/5372/3 5278/5373/3
f 5399/5380/3 5329/5376/3 5398/5378/3
f 5399/5380/3 5328/5381/3 5329/5376/3
f 5280/5382/3 5443/5372/3 5279/5379/3
f 5400/5383/3 5328/5381/3 5399/5380/3
f 5281/5384/3 5443/5372/3 5280/5382/3
f 5401/5385/3 5328/5381/3 5400/5383/3
f 5401/5385/3 5327/5386/3 5328/5381/3
f 5402/5387/3 5327/5386/3 5401/5385/3
f 5282/5388/3 5443/5372/3 5281/5384/3
f 5403/5389/3 5327/5386/3 5402/5387/3
f 5283/5390/3 5443/5372/3 5282/5388/3
f 5404/5391/3 5327/5386/3 5403/5389/3
f 5404/5391/3 5326/5392/3 5327/5386/3
f 5284/5393/3 5443/5372/3 5283/5390/3
f 5405/5394/3 5326/5392/3 5404/5391/3
f 5284/5393/3 5442/5395/3 5443/5372/3
f 5284/5393/3 5441/5396/3 5442/5395/3
f 5284/5393/3 5440/5397/3 5441/5396/3
f 5406/5398/3 5326/5392/3 5405/5394/3
f 5284/5393/3 5439/5399/3 5440/5397/3
f 5407/5400/3 5326/5392/3 5406/5398/3
f 5285/5401/3 5439/5399/3 5284/5393/3
f 5285/5401/3 5438/5402/3 5439/5399/3
f 5285/5401/3 5437/5403/3 5438/5402/3
f 5285/5401/3 5436/5404/3 5437/5403/3
f 5407/5400/3 5325/5405/3 5326/5392/3
f 5285/5401/3 5435/5406/3 5436/5404/3
f 5286/5407/3 5435/5406/3 5285/5401/3
f 5286/5407/3 5434/5408/3 5435/5406/3
f 5286/5407/3 5433/5409/3 5434/5408/3
f 5286/5407/3 5432/5410/3 5433/5409/3
f 5286/5407/3 5431/5411/3 5432/5410/3
f 5287/5412/3 5431/5411/3 5286/5407/3
f 5287/5412/3 5430/5413/3 5431/5411/3
f 5408/5414/3 5325/5405/3 5407/5400/3
f 5287/5412/3 5429/5415/3 5430/5413/3
f 5409/5416/3 5325/5405/3 5408/5414/3
f 5409/5416/3 5324/5417/3 5325/5405/3
f 5287/5412/3 5428/5418/3 5429/5415/3
f 5410/5419/3 5324/5417/3 5409/5416/3
f 5287/5412/3 5427/5420/3 5428/5418/3
f 5411/5421/3 5324/5417/3 5410/5419/3
f 5287/5412/3 5426/5422/3 5427/5420/3
f 5288/5423/3 5426/5422/3 5287/5412/3
f 5412/5424/3 5324/5417/3 5411/5421/3
f 5288/5423/3 5425/5425/3 5426/5422/3
f 5413/5426/3 5324/5417/3 5412/5424/3
f 5288/5423/3 5424/5427/3 5425/5425/3
f 5414/5428/3 5324/5417/3 5413/5426/3
f 5414/5428/3 5323/5429/3 5324/5417/3
f 5288/5423/3 5423/5430/3 5424/5427/3
f 5415/5431/3 5323/5429/3 5414/5428/3
f 5288/5423/3 5422/5432/3 5423/5430/3
f 5416/5433/3 5323/5429/3 5415/5431/3
f 5288/5423/3 5421/5434/3 5422/5432/3
f 5417/5435/3 5323/5429/3 5416/5433/3
f 5288/5423/3 5420/5436/3 5421/5434/3
f 5418/5437/3 5323/5429/3 5417/5435/3
f 5288/5423/3 5419/5438/3 5420/5436/3
f 5419/5438/3 5323/5429/3 5418/5437/3
f 5288/5423/3 5323/5429/3 5419/5438/3
f 5289/5439/3 5323/5429/3 5288/5423/3
f 5289/5439/3 5322/5440/3 5323/5429/3
f 5290/5441/3 5322/5440/3 5289/5439/3
f 5290/5441/3 5321/5442/3 5322/5440/3
f 5291/5443/3 5321/5442/3 5290/5441/3
f 5291/5443/3 5320/5444/3 5321/5442/3
f 5292/5445/3 5320/5444/3 5291/5443/3
f 5292/5445/3 5319/5446/3 5320/5444/3
f 5293/5447/3 5319/5446/3 5292/5445/3
f 5293/5447/3 5318/5448/3 5319/5446/3
f 5294/5449/3 5318/5448/3 5293/5447/3
f 5294/5449/3 5317/5450/3 5318/5448/3
f 5295/5451/3 5317/5450/3 5294/5449/3
f 5295/5451/3 5316/5452/3 5317/5450/3
f 5296/5453/3 5316/5452/3 5295/5451/3
f 5296/5453/3 5315/5454/3 5316/5452/3
f 5297/5455/3 5315/5454/3 5296/5453/3
f 5297/5455/3 5314/5456/3 5315/5454/3
f 5297/5455/3 5313/5457/3 5314/5456/3
f 5298/5458/3 5313/5457/3 5297/5455/3
f 5298/5458/3 5312/5459/3 5313/5457/3
f 5299/5460/3 5312/5459/3 5298/5458/3
f 5300/5461/3 5312/5459/3 5299/5460/3
f 5301/5462/3 5312/5459/3 5300/5461/3
f 5302/5463/3 5312/5459/3 5301/5462/3
f 5303/5464/3 5312/5459/3 5302/5463/3
f 5304/5465/3 5312/5459/3 5303/5464/3
f 5305/5466/3 5312/5459/3 5304/5465/3
f 5306/5467/3 5312/5459/3 5305/5466/3
f 5307/5468/3 5312/5459/3 5306/5467/3
f 5308/5469/3 5312/5459/3 5307/5468/3
f 5309/5470/3 5312/5459/3 5308/5469/3
f 5310/5471/3 5312/5459/3 5309/5470/3
f 5311/5472/3 5312/5459/3 5310/5471/3
f 5623/5473/3 5621/5474/3 5622/5475/3
f 5624/5476/3 5621/5474/3 5623/5473/3
f 5624/5476/3 5620/5477/3 5621/5474/3
f 5625/5478/3 5620/5477/3 5624/5476/3
f 5625/5478/3 5619/5479/3 5620/5477/3
f 5626/5480/3 5619/5479/3 5625/5478/3
f 5627/5481/3 5619/5479/3 5626/5480/3
f 5628/5482/3 5619/5479/3 5627/5481/3
f 5629/5483/3 5619/5479/3 5628/5482/3
f 5630/5484/3 5619/5479/3 5629/5483/3
f 5631/5485/3 5619/5479/3 5630/5484/3
f 5631/5485/3 5618/5486/3 5619/5479/3
f 5481/5487/3 5618/5486/3 5631/5485/3
f 5482/5488/3 5618/5486/3 5481/5487/3
f 5483/5489/3 5618/5486/3 5482/5488/3
f 5484/5490/3 5618/5486/3 5483/5489/3
f 5485/5491/3 5618/5486/3 5484/5490/3
f 5486/5492/3 5618/5486/3 5485/5491/3
f 5487/5493/3 5618/5486/3 5486/5492/3
f 5488/5494/3 5618/5486/3 5487/5493/3
f 5489/5495/3 5618/5486/3 5488/5494/3
f 5490/5496/3 5618/5486/3 5489/5495/3
f 5491/5497/3 5618/5486/3 5490/5496/3
f 5492/5498/3 5618/5486/3 5491/5497/3
f 5493/5499/3 5618/5486/3 5492/5498/3
f 5493/5499/3 5617/5500/3 5618/5486/3
f 5494/5501/3 5617/5500/3 5493/5499/3
f 5495/5502/3 5617/5500/3 5494/5501/3
f 5496/5503/3 5617/5500/3 5495/5502/3
f 5497/5504/3 5617/5500/3 5496/5503/3
f 5498/5505/3 5617/5500/3 5497/5504/3
f 5499/5506/3 5617/5500/3 5498/5505/3
f 5500/5507/3 5617/5500/3 5499/5506/3
f 5501/5508/3 5617/5500/3 5500/5507/3
f 5502/5509/3 5617/5500/3 5501/5508/3
f 5503/5510/3 5617/5500/3 5502/5509/3
f 5504/5511/3 5617/5500/3 5503/5510/3
f 5505/5512/3 5617/5500/3 5504/5511/3
f 5508/5513/3 5506/5514/3 5507/5515/3
f 5508/5513/3 5505/5512/3 5506/5514/3
f 5508/5513/3 5617/5500/3 5505/5512/3
f 5508/5513/3 5616/5516/3 5617/5500/3
f 5508/5513/3 5615/5517/3 5616/5516/3
f 5508/5513/3 5614/5518/3 5615/5517/3
f 5509/5519/3 5614/5518/3 5508/5513/3
f 5509/5519/3 5613/5520/3 5614/5518/3
f 5510/5521/3 5613/5520/3 5509/5519/3
f 5511/5522/3 5613/5520/3 5510/5521/3
f 5512/5523/3 5611/5524/3 5511/5522/3
f 5611/5524/3 5613/5520/3 5511/5522/3
f 5512/5523/3 5610/5525/3 5611/5524/3
f 5612/5526/3 5613/5520/3 5611/5524/3
f 5512/5523/3 5609/5527/3 5610/5525/3
f 5512/5523/3 5608/5528/3 5609/5527/3
f 5512/5523/3 5607/5529/3 5608/5528/3
f 5512/5523/3 5606/5530/3 5607/5529/3
f 5512/5523/3 5605/5531/3 5606/5530/3
f 5512/5523/3 5604/5532/3 5605/5531/3
f 5512/5523/3 5603/5533/3 5604/5532/3
f 5512/5523/3 5602/5534/3 5603/5533/3
f 5512/5523/3 5601/5535/3 5602/5534/3
f 5512/5523/3 5600/5536/3 5601/5535/3
f 5512/5523/3 5599/5537/3 5600/5536/3
f 5512/5523/3 5598/5538/3 5599/5537/3
f 5512/5523/3 5597/5539/3 5598/5538/3
f 5513/5540/3 5597/5539/3 5512/5523/3
f 5513/5540/3 5596/5541/3 5597/5539/3
f 5514/5542/3 5596/5541/3 5513/5540/3
f 5514/5542/3 5595/5543/3 5596/5541/3
f 5514/5542/3 5594/5544/3 5595/5543/3
f 5515/5545/3 5594/5544/3 5514/5542/3
f 5515/5545/3 5593/5546/3 5594/5544/3
f 5516/5547/3 5593/5546/3 5515/5545/3
f 5516/5547/3 5592/5548/3 5593/5546/3
f 5517/5549/3 5592/5548/3 5516/5547/3
f 5517/5549/3 5591/5550/3 5592/5548/3
f 5517/5549/3 5590/5551/3 5591/5550/3
f 5518/5552/3 5590/5551/3 5517/5549/3
f 5518/5552/3 5589/5553/3 5590/5551/3
f 5519/5554/3 5718/5555/3 5518/5552/3
f 5718/5555/3 5589/5553/3 5518/5552/3
f 5718/5555/3 5719/5556/3 5589/5553/3
f 5719/5556/3 5720/5557/3 5589/5553/3
f 5720/5557/3 5721/5558/3 5589/5553/3
f 5721/5558/3 5722/5559/3 5589/5553/3
f 5722/5559/3 5588/5560/3 5589/5553/3
f 5519/5554/3 5717/5561/3 5718/5555/3
f 5723/5562/3 5588/5560/3 5722/5559/3
f 5519/5554/3 5716/5563/3 5717/5561/3
f 5724/5564/3 5588/5560/3 5723/5562/3
f 5725/5565/3 5588/5560/3 5724/5564/3
f 5519/5554/3 5715/5566/3 5716/5563/3
f 5726/5567/3 5588/5560/3 5725/5565/3
f 5519/5554/3 5714/5568/3 5715/5566/3
f 5727/5569/3 5588/5560/3 5726/5567/3
f 5728/5570/3 5588/5560/3 5727/5569/3
f 5519/5554/3 5713/5571/3 5714/5568/3
f 5729/5572/3 5588/5560/3 5728/5570/3
f 5729/5572/3 5587/5573/3 5588/5560/3
f 5519/5554/3 5712/5574/3 5713/5571/3
f 5520/5575/3 5712/5574/3 5519/5554/3
f 5730/5576/3 5587/5573/3 5729/5572/3
f 5520/5575/3 5711/5577/3 5712/5574/3
f 5520/5575/3 5710/5578/3 5711/5577/3
f 5632/5579/3 5587/5573/3 5730/5576/3
f 5520/5575/3 5709/5580/3 5710/5578/3
f 5633/5581/3 5587/5573/3 5632/5579/3
f 5633/5581/3 5586/5582/3 5587/5573/3
f 5520/5575/3 5708/5583/3 5709/5580/3
f 5520/5575/3 5707/5584/3 5708/5583/3
f 5520/5575/3 5706/5585/3 5707/5584/3
f 5520/5575/3 5705/5586/3 5706/5585/3
f 5634/5587/3 5586/5582/3 5633/5581/3
f 5521/5588/3 5705/5586/3 5520/5575/3
f 5521/5588/3 5704/5589/3 5705/5586/3
f 5634/5587/3 5585/5590/3 5586/5582/3
f 5635/5591/3 5585/5590/3 5634/5587/3
f 5521/5588/3 5703/5592/3 5704/5589/3
f 5636/5593/3 5585/5590/3 5635/5591/3
f 5521/5588/3 5702/5594/3 5703/5592/3
f 5522/5595/3 5702/5594/3 5521/5588/3
f 5637/5596/3 5585/5590/3 5636/5593/3
f 5637/5596/3 5584/5597/3 5585/5590/3
f 5522/5595/3 5701/5598/3 5702/5594/3
f 5638/5599/3 5584/5597/3 5637/5596/3
f 5522/5595/3 5700/5600/3 5701/5598/3
f 5523/5601/3 5700/5600/3 5522/5595/3
f 5639/5602/3 5584/5597/3 5638/5599/3
f 5523/5601/3 5699/5603/3 5700/5600/3
f 5639/5602/3 5583/5604/3 5584/5597/3
f 5523/5601/3 5698/5605/3 5699/5603/3
f 5640/5606/3 5583/5604/3 5639/5602/3
f 5523/5601/3 5697/5607/3 5698/5605/3
f 5524/5608/3 5697/5607/3 5523/5601/3
f 5641/5609/3 5583/5604/3 5640/5606/3
f 5641/5609/3 5582/5610/3 5583/5604/3
f 5524/5608/3 5696/5611/3 5697/5607/3
f 5642/5612/3 5582/5610/3 5641/5609/3
f 5642/5612/3 5581/5613/3 5582/5610/3
f 5525/5614/3 5696/5611/3 5524/5608/3
f 5525/5614/3 5695/5615/3 5696/5611/3
f 5643/5616/3 5581/5613/3 5642/5612/3
f 5526/5617/3 5695/5615/3 5525/5614/3
f 5526/5617/3 5694/5618/3 5695/5615/3
f 5643/5616/3 5580/5619/3 5581/5613/3
f 5644/5620/3 5580/5619/3 5643/5616/3
f 5527/5621/3 5694/5618/3 5526/5617/3
f 5527/5621/3 5693/5622/3 5694/5618/3
f 5528/5623/3 5693/5622/3 5527/5621/3
f 5645/5624/3 5580/5619/3 5644/5620/3
f 5646/5625/3 5580/5619/3 5645/5624/3
f 5646/5625/3 5579/5626/3 5580/5619/3
f 5647/5627/3 5579/5626/3 5646/5625/3
f 5648/5628/3 5579/5626/3 5647/5627/3
f 5529/5629/3 5693/5622/3 5528/5623/3
f 5649/5630/3 5579/5626/3 5648/5628/3
f 5649/5630/3 5578/5631/3 5579/5626/3
f 5530/5632/3 5693/5622/3 5529/5629/3
f 5650/5633/3 5578/5631/3 5649/5630/3
f 5531/5634/3 5693/5622/3 5530/5632/3
f 5651/5635/3 5578/5631/3 5650/5633/3
f 5651/5635/3 5577/5636/3 5578/5631/3
f 5652/5637/3 5577/5636/3 5651/5635/3
f 5532/5638/3 5693/5622/3 5531/5634/3
f 5653/5639/3 5577/5636/3 5652/5637/3
f 5533/5640/3 5693/5622/3 5532/5638/3
f 5654/5641/3 5577/5636/3 5653/5639/3
f 5654/5641/3 5576/5642/3 5577/5636/3
f 5534/5643/3 5693/5622/3 5533/5640/3
f 5655/5644/3 5576/5642/3 5654/5641/3
f 5534/5643/3 5692/5645/3 5693/5622/3
f 5534/5643/3 5691/5646/3 5692/5645/3
f 5534/5643/3 5690/5647/3 5691/5646/3
f 5656/5648/3 5576/5642/3 5655/5644/3
f 5534/5643/3 5689/5649/3 5690/5647/3
f 5657/5650/3 5576/5642/3 5656/5648/3
f 5535/5651/3 5689/5649/3 5534/5643/3
f 5535/5651/3 5688/5652/3 5689/5649/3
f 5535/5651/3 5687/5653/3 5688/5652/3
f 5535/5651/3 5686/5654/3 5687/5653/3
f 5657/5650/3 5575/5655/3 5576/5642/3
f 5535/5651/3 5685/5656/3 5686/5654/3
f 5536/5657/3 5685/5656/3 5535/5651/3
f 5536/5657/3 5684/5658/3 5685/5656/3
f 5536/5657/3 5683/5659/3 5684/5658/3
f 5536/5657/3 5682/5660/3 5683/5659/3
f 5536/5657/3 5681/5661/3 5682/5660/3
f 5537/5662/3 5681/5661/3 5536/5657/3
f 5537/5662/3 5680/5663/3 5681/5661/3
f 5658/5664/3 5575/5655/3 5657/5650/3
f 5537/5662/3 5679/5665/3 5680/5663/3
f 5659/5666/3 5575/5655/3 5658/5664/3
f 5659/5666/3 5574/5667/3 5575/5655/3
f 5537/5662/3 5678/5668/3 5679/5665/3
f 5660/5669/3 5574/5667/3 5659/5666/3
f 5537/5662/3 5677/5670/3 5678/5668/3
f 5661/5671/3 5574/5667/3 5660/5669/3
f 5537/5662/3 5676/5672/3 5677/5670/3
f 5538/5673/3 5676/5672/3 5537/5662/3
f 5662/5674/3 5574/5667/3 5661/5671/3
f 5538/5673/3 5675/5675/3 5676/5672/3
f 5663/5676/3 5574/5667/3 5662/5674/3
f 5538/5673/3 5674/5677/3 5675/5675/3
f 5664/5678/3 5574/5667/3 5663/5676/3
f 5664/5678/3 5573/5679/3 5574/5667/3
f 5538/5673/3 5673/5680/3 5674/5677/3
f 5665/5681/3 5573/5679/3 5664/5678/3
f 5538/5673/3 5672/5682/3 5673/5680/3
f 5666/5683/3 5573/5679/3 5665/5681/3
f 5538/5673/3 5671/5684/3 5672/5682/3
f 5667/5685/3 5573/5679/3 5666/5683/3
f 5538/5673/3 5670/5686/3 5671/5684/3
f 5668/5687/3 5573/5679/3 5667/5685/3
f 5538/5673/3 5669/5688/3 5670/5686/3
f 5669/5688/3 5573/5679/3 5668/5687/3
f 5538/5673/3 5573/5679/3 5669/5688/3
f 5539/5689/3 5573/5679/3 5538/5673/3
f 5539/5689/3 5572/5690/3 5573/5679/3
f 5540/5691/3 5572/5690/3 5539/5689/3
f 5540/5691/3 5571/5692/3 5572/5690/3
f 5541/5693/3 5571/5692/3 5540/5691/3
f 5541/5693/3 5570/5694/3 5571/5692/3
f 5542/5695/3 5570/5694/3 5541/5693/3
f 5542/5695/3 5569/5696/3 5570/5694/3
f 5543/5697/3 5569/5696/3 5542/5695/3
f 5543/5697/3 5568/5698/3 5569/5696/3
f 5544/5699/3 5568/5698/3 5543/5697/3
f 5544/5699/3 5567/5700/3 5568/5698/3
f 5545/5701/3 5567/5700/3 5544/5699/3
f 5545/5701/3 5566/5702/3 5567/5700/3
f 5546/5703/3 5566/5702/3 5545/5701/3
f 5546/5703/3 5565/5704/3 5566/5702/3
f 5547/5705/3 5565/5704/3 5546/5703/3
f 5547/5705/3 5564/5706/3 5565/5704/3
f 5547/5705/3 5563/5707/3 5564/5706/3
f 5548/5708/3 5563/5707/3 5547/5705/3
f 5548/5708/3 5562/5709/3 5563/5707/3
f 5549/5710/3 5562/5709/3 5548/5708/3
f 5550/5711/3 5562/5709/3 5549/5710/3
f 5551/5712/3 5562/5709/3 5550/5711/3
f 5552/5713/3 5562/5709/3 5551/5712/3
f 5553/5714/3 5562/5709/3 5552/5713/3
f 5554/5715/3 5562/5709/3 5553/5714/3
f 5555/5716/3 5562/5709/3 5554/5715/3
f 5556/5717/3 5562/5709/3 5555/5716/3
f 5557/5718/3 5562/5709/3 5556/5717/3
f 5558/5719/3 5562/5709/3 5557/5718/3
f 5559/5720/3 5562/5709/3 5558/5719/3
f 5560/5721/3 5562/5709/3 5559/5720/3
f 5561/5722/3 5562/5709/3 5560/5721/3
f 5731/5723/3 5934/5724/3 5935/5725/3
f 5731/5723/3 5933/5726/3 5934/5724/3
f 5731/5723/3 5932/5727/3 5933/5726/3
f 5732/5728/3 5932/5727/3 5731/5723/3
f 5732/5728/3 5931/5729/3 5932/5727/3
f 5733/5730/3 5931/5729/3 5732/5728/3
f 5734/5731/4 5931/5729/4 5733/5730/4
f 5735/5732/3 5929/5733/3 5734/5731/3
f 5929/5733/3 5931/5729/3 5734/5731/3
f 5735/5732/3 5928/5734/3 5929/5733/3
f 5930/5735/3 5931/5729/3 5929/5733/3
f 5735/5732/3 5927/5736/3 5928/5734/3
f 5735/5732/3 5926/5737/3 5927/5736/3
f 5735/5732/3 5925/5738/3 5926/5737/3
f 5735/5732/3 5924/5739/3 5925/5738/3
f 5735/5732/3 5923/5740/3 5924/5739/3
f 5735/5732/3 5922/5741/3 5923/5740/3
f 5735/5732/3 5921/5742/3 5922/5741/3
f 5735/5732/3 5920/5743/3 5921/5742/3
f 5735/5732/3 5919/5744/3 5920/5743/3
f 5735/5732/3 5918/5745/3 5919/5744/3
f 5735/5732/3 5917/5746/3 5918/5745/3
f 5736/5747/3 5917/5746/3 5735/5732/3
f 5736/5747/3 5916/5748/3 5917/5746/3
f 5737/5749/3 5916/5748/3 5736/5747/3
f 5737/5749/3 5915/5750/3 5916/5748/3
f 5738/5751/3 5915/5750/3 5737/5749/3
f 5738/5751/3 5914/5752/3 5915/5750/3
f 5739/5753/3 5914/5752/3 5738/5751/3
f 5739/5753/3 5913/5754/3 5914/5752/3
f 5740/5755/3 5913/5754/3 5739/5753/3
f 5740/5755/3 5912/5756/3 5913/5754/3
f 5741/5757/3 5912/5756/3 5740/5755/3
f 5741/5757/3 5911/5758/3 5912/5756/3
f 5742/5759/3 5911/5758/3 5741/5757/3
f 5742/5759/3 5910/5760/3 5911/5758/3
f 5743/5761/3 5910/5760/3 5742/5759/3
f 5743/5761/3 5909/5762/3 5910/5760/3
f 5744/5763/3 5815/5764/3 5743/5761/3
f 5815/5764/3 5909/5762/3 5743/5761/3
f 5815/5764/3 5908/5765/3 5909/5762/3
f 5744/5763/3 5814/5766/3 5815/5764/3
f 5816/5767/3 5908/5765/3 5815/5764/3
f 5817/5768/3 5908/5765/3 5816/5767/3
f 5744/5763/3 5813/5769/3 5814/5766/3
f 5818/5770/3 5908/5765/3 5817/5768/3
f 5744/5763/3 5812/5771/3 5813/5769/3
f 5819/5772/3 5908/5765/3 5818/5770/3
f 5820/5773/3 5908/5765/3 5819/5772/3
f 5744/5763/3 5811/5774/3 5812/5771/3
f 5745/5775/3 5811/5774/3 5744/5763/3
f 5821/5776/3 5908/5765/3 5820/5773/3
f 5821/5776/3 5907/5777/3 5908/5765/3
f 5745/5775/3 5810/5778/3 5811/5774/3
f 5745/5775/3 5809/5779/3 5810/5778/3
f 5822/5780/3 5907/5777/3 5821/5776/3
f 5746/5781/3 5809/5779/3 5745/5775/3
f 5822/5780/3 5906/5782/3 5907/5777/3
f 5746/5781/3 5808/5783/3 5809/5779/3
f 5823/5784/3 5906/5782/3 5822/5780/3
f 5746/5781/3 5807/5785/3 5808/5783/3
f 5823/5784/3 5905/5786/3 5906/5782/3
f 5747/5787/3 5807/5785/3 5746/5781/3
f 5824/5788/3 5905/5786/3 5823/5784/3
f 5824/5788/3 5904/5789/3 5905/5786/3
f 5748/5790/3 5807/5785/3 5747/5787/3
f 5824/5788/3 5903/5791/3 5904/5789/3
f 5749/5792/3 5807/5785/3 5748/5790/3
f 5824/5788/3 5902/5793/3 5903/5791/3
f 5750/5794/3 5807/5785/3 5749/5792/3
f 5825/5795/3 5902/5793/3 5824/5788/3
f 5750/5794/3 5806/5796/3 5807/5785/3
f 5825/5795/3 5901/5797/3 5902/5793/3
f 5751/5798/3 5806/5796/3 5750/5794/3
f 5825/5795/3 5900/5799/3 5901/5797/3
f 5752/5800/3 5806/5796/3 5751/5798/3
f 5825/5795/3 5899/5801/3 5900/5799/3
f 5826/5802/3 5899/5801/3 5825/5795/3
f 5753/5803/3 5806/5796/3 5752/5800/3
f 5826/5802/3 5898/5804/3 5899/5801/3
f 5754/5805/3 5806/5796/3 5753/5803/3
f 5826/5802/3 5897/5806/3 5898/5804/3
f 5754/5805/3 5805/5807/3 5806/5796/3
f 5827/5808/3 5897/5806/3 5826/5802/3
f 5755/5809/3 5805/5807/3 5754/5805/3
f 5827/5808/3 5896/5810/3 5897/5806/3
f 5756/5811/3 5805/5807/3 5755/5809/3
f 5827/5808/3 5895/5812/3 5896/5810/3
f 5827/5808/3 5894/5813/3 5895/5812/3
f 5757/5814/3 5805/5807/3 5756/5811/3
f 5828/5815/3 5894/5813/3 5827/5808/3
f 5828/5815/3 5893/5816/3 5894/5813/3
f 5758/5817/3 5805/5807/3 5757/5814/3
f 5758/5817/3 5804/5818/3 5805/5807/3
f 5828/5815/3 5892/5819/3 5893/5816/3
f 5759/5820/3 5804/5818/3 5758/5817/3
f 5828/5815/3 5891/5821/3 5892/5819/3
f 5828/5815/3 5890/5822/3 5891/5821/3
f 5829/5823/3 5890/5822/3 5828/5815/3
f 5760/5824/3 5804/5818/3 5759/5820/3
f 5761/5825/3 5804/5818/3 5760/5824/3
f 5829/5823/3 5889/5826/3 5890/5822/3
f 5762/5827/3 5804/5818/3 5761/5825/3
f 5763/5828/3 5804/5818/3 5762/5827/3
f 5829/5823/3 5888/5829/3 5889/5826/3
f 5764/5830/3 5804/5818/3 5763/5828/3
f 5829/5823/3 5887/5831/3 5888/5829/3
f 5829/5823/3 5886/5832/3 5887/5831/3
f 5830/5833/3 5886/5832/3 5829/5823/3
f 5765/5834/3 5804/5818/3 5764/5830/3
f 5765/5834/3 5803/5835/3 5804/5818/3
f 5830/5833/3 5885/5836/3 5886/5832/3
f 5766/5837/3 5803/5835/3 5765/5834/3
f 5830/5833/3 5884/5838/3 5885/5836/3
f 5830/5833/3 5883/5839/3 5884/5838/3
f 5830/5833/3 5882/5840/3 5883/5839/3
f 5767/5841/3 5803/5835/3 5766/5837/3
f 5830/5833/3 5881/5842/3 5882/5840/3
f 5830/5833/3 5880/5843/3 5881/5842/3
f 5831/5844/3 5880/5843/3 5830/5833/3
f 5831/5844/3 5879/5845/3 5880/5843/3
f 5768/5846/3 5803/5835/3 5767/5841/3
f 5831/5844/3 5878/5847/3 5879/5845/3
f 5831/5844/3 5877/5848/3 5878/5847/3
f 5769/5849/3 5803/5835/3 5768/5846/3
f 5770/5850/3 5803/5835/3 5769/5849/3
f 5831/5844/3 5876/5851/3 5877/5848/3
f 5771/5852/3 5803/5835/3 5770/5850/3
f 5832/5853/3 5876/5851/3 5831/5844/3
f 5772/5854/3 5803/5835/3 5771/5852/3
f 5772/5854/3 5802/5855/3 5803/5835/3
f 5832/5853/3 5875/5856/3 5876/5851/3
f 5832/5853/3 5874/5857/3 5875/5856/3
f 5833/5858/3 5874/5857/3 5832/5853/3
f 5834/5859/3 5874/5857/3 5833/5858/3
f 5834/5859/3 5873/5860/3 5874/5857/3
f 5835/5861/3 5873/5860/3 5834/5859/3
f 5835/5861/3 5872/5862/3 5873/5860/3
f 5772/5854/3 5801/5863/3 5802/5855/3
f 5836/5864/3 5872/5862/3 5835/5861/3
f 5837/5865/3 5872/5862/3 5836/5864/3
f 5837/5865/3 5871/5866/3 5872/5862/3
f 5838/5867/3 5871/5866/3 5837/5865/3
f 5838/5867/3 5870/5868/3 5871/5866/3
f 5839/5869/3 5870/5868/3 5838/5867/3
f 5772/5854/3 5800/5870/3 5801/5863/3
f 5840/5871/3 5870/5868/3 5839/5869/3
f 5840/5871/3 5869/5872/3 5870/5868/3
f 5841/5873/3 5869/5872/3 5840/5871/3
f 5842/5874/3 5869/5872/3 5841/5873/3
f 5843/5875/3 5869/5872/3 5842/5874/3
f 5772/5854/3 5799/5876/3 5800/5870/3
f 5843/5875/3 5868/5877/3 5869/5872/3
f 5844/5878/3 5868/5877/3 5843/5875/3
f 5773/5879/3 5799/5876/3 5772/5854/3
f 5845/5880/3 5868/5877/3 5844/5878/3
f 5846/5881/3 5868/5877/3 5845/5880/3
f 5774/5882/3 5799/5876/3 5773/5879/3
f 5774/5882/3 5798/5883/3 5799/5876/3
f 5847/5884/3 5868/5877/3 5846/5881/3
f 5775/5885/3 5798/5883/3 5774/5882/3
f 5848/5886/3 5868/5877/3 5847/5884/3
f 5776/5887/3 5798/5883/3 5775/5885/3
f 5849/5888/3 5868/5877/3 5848/5886/3
f 5776/5887/3 5797/5889/3 5798/5883/3
f 5850/5890/3 5868/5877/3 5849/5888/3
f 5777/5891/3 5797/5889/3 5776/5887/3
f 5851/5892/3 5868/5877/3 5850/5890/3
f 5778/5893/3 5797/5889/3 5777/5891/3
f 5778/5893/3 5796/5894/3 5797/5889/3
f 5852/5895/3 5868/5877/3 5851/5892/3
f 5779/5896/3 5796/5894/3 5778/5893/3
f 5853/5897/3 5868/5877/3 5852/5895/3
f 5854/5898/3 5868/5877/3 5853/5897/3
f 5780/5899/3 5796/5894/3 5779/5896/3
f 5855/5900/3 5868/5877/3 5854/5898/3
f 5856/5901/3 5868/5877/3 5855/5900/3
f 5780/5899/3 5795/5902/3 5796/5894/3
f 5857/5903/4 5868/5877/4 5856/5901/4
f 5858/5904/3 5868/5877/3 5857/5903/3
f 5859/5905/3 5868/5877/3 5858/5904/3
f 5860/5906/3 5868/5877/3 5859/5905/3
f 5861/5907/3 5868/5877/3 5860/5906/3
f 5862/5908/3 5868/5877/3 5861/5907/3
f 5863/5909/3 5868/5877/3 5862/5908/3
f 5864/5910/3 5868/5877/3 5863/5909/3
f 5865/5911/3 5868/5877/3 5864/5910/3
f 5866/5912/3 5868/5877/3 5865/5911/3
f 5867/5913/3 5868/5877/3 5866/5912/3
f 5781/5914/3 5795/5902/3 5780/5899/3
f 5781/5914/3 5794/5915/3 5795/5902/3
f 5781/5914/3 5793/5916/3 5794/5915/3
f 5782/5917/3 5793/5916/3 5781/5914/3
f 5782/5917/3 5792/5918/3 5793/5916/3
f 5783/5919/3 5792/5918/3 5782/5917/3
f 5783/5919/3 5791/5920/3 5792/5918/3
f 5784/5921/3 5791/5920/3 5783/5919/3
f 5784/5921/3 5790/5922/3 5791/5920/3
f 5785/5923/3 5790/5922/3 5784/5921/3
f 5785/5923/3 5789/5924/3 5790/5922/3
f 5786/5925/3 5789/5924/3 5785/5923/3
f 5786/5925/3 5788/5926/3 5789/5924/3
f 5787/5927/3 5788/5926/3 5786/5925/3
f 6041/5928/3 6039/5929/3 6040/5930/3
f 6042/5931/3 6039/5929/3 6041/5928/3
f 6042/5931/3 6038/5932/3 6039/5929/3
f 6043/5933/3 6038/5932/3 6042/5931/3
f 6043/5933/3 6037/5934/3 6038/5932/3
f 6044/5935/3 6037/5934/3 6043/5933/3
f 6044/5935/3 6036/5936/3 6037/5934/3
f 6044/5935/3 6035/5937/3 6036/5936/3
f 6045/5938/3 6035/5937/3 6044/5935/3
f 6045/5938/3 6034/5939/3 6035/5937/3
f 6046/5940/3 6034/5939/3 6045/5938/3
f 6046/5940/3 6033/5941/3 6034/5939/3
f 6047/5942/3 6033/5941/3 6046/5940/3
f 6047/5942/3 6032/5943/3 6033/5941/3
f 6048/5944/3 6032/5943/3 6047/5942/3
f 6048/5944/3 6031/5945/3 6032/5943/3
f 6049/5946/3 6031/5945/3 6048/5944/3
f 6049/5946/3 6030/5947/3 6031/5945/3
f 5936/5948/3 6030/5947/3 6049/5946/3
f 5936/5948/3 6029/5949/3 6030/5947/3
f 5937/5950/3 6029/5949/3 5936/5948/3
f 5937/5950/3 6028/5951/3 6029/5949/3
f 5937/5950/3 6027/5952/3 6028/5951/3
f 5938/5953/3 6027/5952/3 5937/5950/3
f 5938/5953/3 6026/5954/3 6027/5952/3
f 5938/5953/3 6025/5955/3 6026/5954/3
f 5939/5956/3 6025/5955/3 5938/5953/3
f 5939/5956/3 6024/5957/3 6025/5955/3
f 5940/5958/3 6024/5957/3 5939/5956/3
f 5940/5958/3 6023/5959/3 6024/5957/3
f 5941/5960/3 6023/5959/3 5940/5958/3
f 5942/5961/3 6023/5959/3 5941/5960/3
f 5942/5961/3 6022/5962/3 6023/5959/3
f 5943/5963/3 6022/5962/3 5942/5961/3
f 5943/5963/3 6021/5964/3 6022/5962/3
f 5944/5965/3 6021/5964/3 5943/5963/3
f 5944/5965/3 6020/5966/3 6021/5964/3
f 5945/5967/3 6020/5966/3 5944/5965/3
f 5945/5967/3 6019/5968/3 6020/5966/3
f 5946/5969/3 6019/5968/3 5945/5967/3
f 5946/5969/3 6018/5970/3 6019/5968/3
f 5947/5971/3 6018/5970/3 5946/5969/3
f 5947/5971/3 6017/5972/3 6018/5970/3
f 5948/5973/3 6017/5972/3 5947/5971/3
f 5949/5974/3 6017/5972/3 5948/5973/3
f 5949/5974/3 6016/5975/3 6017/5972/3
f 5950/5976/3 6016/5975/3 5949/5974/3
f 5951/5977/3 6016/5975/3 5950/5976/3
f 5952/5978/3 6016/5975/3 5951/5977/3
f 5953/5979/3 6016/5975/3 5952/5978/3
f 5954/5980/3 6016/5975/3 5953/5979/3
f 5955/5981/3 6016/5975/3 5954/5980/3
f 5955/5981/3 6015/5982/3 6016/5975/3
f 5956/5983/3 6015/5982/3 5955/5981/3
f 5957/5984/3 6015/5982/3 5956/5983/3
f 5958/5985/3 6015/5982/3 5957/5984/3
f 5959/5986/3 6015/5982/3 5958/5985/3
f 5960/5987/3 6015/5982/3 5959/5986/3
f 5961/5988/3 6123/5989/3 5960/5987/3
f 6123/5989/3 6124/5990/3 5960/5987/3
f 6124/5990/3 6125/5991/3 5960/5987/3
f 6125/5991/3 6126/5992/3 5960/5987/3
f 6126/5992/3 6127/5993/3 5960/5987/3
f 6127/5993/3 6128/5994/3 5960/5987/3
f 6128/5994/3 6129/5995/3 5960/5987/3
f 6129/5995/3 6130/5996/3 5960/5987/3
f 6130/5996/3 6131/5997/3 5960/5987/3
f 6131/5997/3 6132/5998/3 5960/5987/3
f 6132/5998/3 6133/5999/3 5960/5987/3
f 6133/5999/3 6015/5982/3 5960/5987/3
f 6133/5999/3 6134/6000/3 6015/5982/3
f 6134/6000/3 6135/6001/3 6015/5982/3
f 6135/6001/3 6136/6002/3 6015/5982/3
f 6136/6002/3 6137/6003/3 6015/5982/3
f 6137/6003/3 6138/6004/3 6015/5982/3
f 6138/6004/3 6014/6005/3 6015/5982/3
f 6139/6006/3 6014/6005/3 6138/6004/3
f 6140/6007/3 6014/6005/3 6139/6006/3
f 6141/6008/3 6014/6005/3 6140/6007/3
f 6142/6009/3 6014/6005/3 6141/6008/3
f 6143/6010/3 6014/6005/3 6142/6009/3
f 6144/6011/3 6014/6005/3 6143/6010/3
f 6145/6012/3 6014/6005/3 6144/6011/3
f 6050/6013/3 6014/6005/3 6145/6012/3
f 5961/5988/3 6122/6014/3 6123/5989/3
f 6051/6015/3 6014/6005/3 6050/6013/3
f 5961/5988/3 6121/6016/3 6122/6014/3
f 6051/6015/3 6013/6017/3 6014/6005/3
f 6052/6018/3 6013/6017/3 6051/6015/3
f 5961/5988/3 6120/6019/3 6121/6016/3
f 6053/6020/3 6013/6017/3 6052/6018/3
f 5961/5988/3 6119/6021/3 6120/6019/3
f 6054/6022/3 6013/6017/3 6053/6020/3
f 6054/6022/3 6012/6023/3 6013/6017/3
f 5961/5988/3 6118/6024/3 6119/6021/3
f 6055/6025/3 6012/6023/3 6054/6022/3
f 5961/5988/3 6117/6026/3 6118/6024/3
f 6056/6027/3 6012/6023/3 6055/6025/3
f 5961/5988/3 6116/6028/3 6117/6026/3
f 6057/6029/3 6012/6023/3 6056/6027/3
f 6057/6029/3 6011/6030/3 6012/6023/3
f 5961/5988/3 6115/6031/3 6116/6028/3
f 6058/6032/3 6011/6030/3 6057/6029/3
f 5961/5988/3 6114/6033/3 6115/6031/3
f 6059/6034/3 6011/6030/3 6058/6032/3
f 6059/6034/3 6010/6035/3 6011/6030/3
f 5961/5988/3 6113/6036/3 6114/6033/3
f 6060/6037/3 6010/6035/3 6059/6034/3
f 5961/5988/3 6112/6038/3 6113/6036/3
f 6060/6037/3 6009/6039/3 6010/6035/3
f 6061/6040/3 6009/6039/3 6060/6037/3
f 5961/5988/3 6111/6041/3 6112/6038/3
f 6061/6040/3 6008/6042/3 6009/6039/3
f 6062/6043/3 6008/6042/3 6061/6040/3
f 5961/5988/3 6110/6044/3 6111/6041/3
f 5962/6045/3 6110/6044/3 5961/5988/3
f 6063/6046/3 6008/6042/3 6062/6043/3
f 5962/6045/3 6109/6047/3 6110/6044/3
f 6063/6046/3 6007/6048/3 6008/6042/3
f 6064/6049/3 6007/6048/3 6063/6046/3
f 5962/6045/3 6108/6050/3 6109/6047/3
f 6064/6049/3 6006/6051/3 6007/6048/3
f 6065/6052/3 6006/6051/3 6064/6049/3
f 5962/6045/3 6107/6053/3 6108/6050/3
f 6066/6054/3 6006/6051/3 6065/6052/3
f 5962/6045/3 6106/6055/3 6107/6053/3
f 6066/6054/3 6005/6056/3 6006/6051/3
f 6067/6057/3 6005/6056/3 6066/6054/3
f 5962/6045/3 6105/6058/3 6106/6055/3
f 6068/6059/3 6005/6056/3 6067/6057/3
f 5962/6045/3 6104/6060/3 6105/6058/3
f 6068/6059/3 6004/6061/3 6005/6056/3
f 5962/6045/3 6103/6062/3 6104/6060/3
f 6069/6063/3 6004/6061/3 6068/6059/3
f 5962/6045/3 6102/6064/3 6103/6062/3
f 6070/6065/3 6004/6061/3 6069/6063/3
f 5962/6045/3 6101/6066/3 6102/6064/3
f 6071/6067/3 6004/6061/3 6070/6065/3
f 5962/6045/3 6100/6068/3 6101/6066/3
f 6072/6069/3 6004/6061/3 6071/6067/3
f 6072/6069/3 6003/6070/3 6004/6061/3
f 5962/6045/3 6099/6071/3 6100/6068/3
f 6073/6072/3 6003/6070/3 6072/6069/3
f 5962/6045/3 6098/6073/3 6099/6071/3
f 6074/6074/3 6003/6070/3 6073/6072/3
f 5962/6045/3 6097/6075/3 6098/6073/3
f 6075/6076/3 6003/6070/3 6074/6074/3
f 5962/6045/3 6096/6077/3 6097/6075/3
f 6076/6078/3 6003/6070/3 6075/6076/3
f 6076/6078/3 6002/6079/3 6003/6070/3
f 5962/6045/3 6095/6080/3 6096/6077/3
f 6077/6081/3 6002/6079/3 6076/6078/3
f 5962/6045/3 6094/6082/3 6095/6080/3
f 6078/6083/3 6002/6079/3 6077/6081/3
f 6078/6083/3 6001/6084/3 6002/6079/3
f 5962/6045/3 6093/6085/3 6094/6082/3
f 6079/6086/3 6001/6084/3 6078/6083/3
f 5962/6045/3 6092/6087/3 6093/6085/3
f 6080/6088/3 6001/6084/3 6079/6086/3
f 5962/6045/3 6091/6089/3 6092/6087/3
f 6081/6090/3 6001/6084/3 6080/6088/3
f 5962/6045/3 6090/6091/3 6091/6089/3
f 6082/6092/3 6001/6084/3 6081/6090/3
f 5962/6045/3 6089/6093/3 6090/6091/3
f 6083/6094/3 6001/6084/3 6082/6092/3
f 5963/6095/3 6089/6093/3 5962/6045/3
f 5963/6095/3 6088/6096/3 6089/6093/3
f 6084/6097/3 6001/6084/3 6083/6094/3
f 5963/6095/3 6087/6098/3 6088/6096/3
f 6085/6099/3 6001/6084/3 6084/6097/3
f 5963/6095/3 6086/6100/3 6087/6098/3
f 6086/6100/3 6001/6084/3 6085/6099/3
f 5963/6095/3 6001/6084/3 6086/6100/3
f 5963/6095/3 6000/6101/3 6001/6084/3
f 5963/6095/3 5999/6102/3 6000/6101/3
f 5963/6095/3 5998/6103/3 5999/6102/3
f 5964/6104/3 5998/6103/3 5963/6095/3
f 5965/6105/3 5998/6103/3 5964/6104/3
f 5965/6105/3 5997/6106/3 5998/6103/3
f 5966/6107/3 5997/6106/3 5965/6105/3
f 5966/6107/3 5996/6108/3 5997/6106/3
f 5967/6109/3 5996/6108/3 5966/6107/3
f 5967/6109/3 5995/6110/3 5996/6108/3
f 5968/6111/3 5995/6110/3 5967/6109/3
f 5969/6112/3 5995/6110/3 5968/6111/3
f 5969/6112/3 5994/6113/3 5995/6110/3
f 5970/6114/3 5994/6113/3 5969/6112/3
f 5970/6114/3 5993/6115/3 5994/6113/3
f 5971/6116/3 5993/6115/3 5970/6114/3
f 5972/6117/3 5993/6115/3 5971/6116/3
f 5972/6117/3 5992/6118/3 5993/6115/3
f 5973/6119/3 5992/6118/3 5972/6117/3
f 5973/6119/3 5991/6120/3 5992/6118/3
f 5974/6121/3 5991/6120/3 5973/6119/3
f 5974/6121/3 5990/6122/3 5991/6120/3
f 5975/6123/3 5990/6122/3 5974/6121/3
f 5976/6124/3 5990/6122/3 5975/6123/3
f 5977/6125/3 5990/6122/3 5976/6124/3
f 5977/6125/3 5989/6126/3 5990/6122/3
f 5978/6127/3 5989/6126/3 5977/6125/3
f 5979/6128/3 5989/6126/3 5978/6127/3
f 5980/6129/3 5989/6126/3 5979/6128/3
f 5981/6130/3 5989/6126/3 5980/6129/3
f 5982/6131/3 5989/6126/3 5981/6130/3
f 5983/6132/3 5989/6126/3 5982/6131/3
f 5984/6133/3 5989/6126/3 5983/6132/3
f 5985/6134/3 5989/6126/3 5984/6133/3
f 5986/6135/3 5989/6126/3 5985/6134/3
f 5987/6136/3 5989/6126/3 5986/6135/3
f 5988/6137/3 5989/6126/3 5987/6136/3
f 6255/6138/3 6253/6139/3 6254/6140/3
f 6255/6138/3 6252/6141/3 6253/6139/3
f 6255/6138/3 6251/6142/3 6252/6141/3
f 6256/6143/3 6251/6142/3 6255/6138/3
f 6256/6143/3 6250/6144/3 6251/6142/3
f 6257/6145/3 6250/6144/3 6256/6143/3
f 6257/6145/3 6249/6146/3 6250/6144/3
f 6258/6147/3 6249/6146/3 6257/6145/3
f 6259/6148/3 6249/6146/3 6258/6147/3
f 6259/6148/3 6248/6149/3 6249/6146/3
f 6260/6150/3 6248/6149/3 6259/6148/3
f 6260/6150/3 6247/6151/3 6248/6149/3
f 6261/6152/3 6247/6151/3 6260/6150/3
f 6261/6152/3 6246/6153/3 6247/6151/3
f 6262/6154/3 6246/6153/3 6261/6152/3
f 6262/6154/3 6245/6155/3 6246/6153/3
f 6263/6156/3 6245/6155/3 6262/6154/3
f 6263/6156/3 6244/6157/3 6245/6155/3
f 6264/6158/3 6244/6157/3 6263/6156/3
f 6264/6158/3 6243/6159/3 6244/6157/3
f 6265/6160/3 6243/6159/3 6264/6158/3
f 6265/6160/3 6242/6161/3 6243/6159/3
f 6146/6162/3 6242/6161/3 6265/6160/3
f 6147/6163/3 6242/6161/3 6146/6162/3
f 6147/6163/3 6241/6164/3 6242/6161/3
f 6147/6163/3 6240/6165/3 6241/6164/3
f 6148/6166/3 6240/6165/3 6147/6163/3
f 6148/6166/3 6239/6167/3 6240/6165/3
f 6149/6168/3 6239/6167/3 6148/6166/3
f 6149/6168/3 6238/6169/3 6239/6167/3
f 6150/6170/3 6238/6169/3 6149/6168/3
f 6150/6170/3 6237/6171/3 6238/6169/3
f 6151/6172/3 6237/6171/3 6150/6170/3
f 6151/6172/3 6236/6173/3 6237/6171/3
f 6152/6174/3 6236/6173/3 6151/6172/3
f 6152/6174/3 6235/6175/3 6236/6173/3
f 6153/6176/3 6235/6175/3 6152/6174/3
f 6153/6176/3 6234/6177/3 6235/6175/3
f 6154/6178/3 6234/6177/3 6153/6176/3
f 6154/6178/3 6233/6179/3 6234/6177/3
f 6155/6180/3 6233/6179/3 6154/6178/3
f 6155/6180/3 6232/6181/3 6233/6179/3
f 6155/6180/3 6231/6182/3 6232/6181/3
f 6156/6183/3 6231/6182/3 6155/6180/3
f 6156/6183/3 6230/6184/3 6231/6182/3
f 6157/6185/3 6230/6184/3 6156/6183/3
f 6157/6185/3 6229/6186/3 6230/6184/3
f 6158/6187/3 6345/6188/3 6157/6185/3
f 6345/6188/3 6346/6189/3 6157/6185/3
f 6346/6189/3 6229/6186/3 6157/6185/3
f 6346/6189/3 6347/6190/3 6229/6186/3
f 6347/6190/3 6228/6191/3 6229/6186/3
f 6347/6190/3 6348/6192/3 6228/6191/3
f 6348/6192/3 6349/6193/3 6228/6191/3
f 6349/6193/3 6350/6194/3 6228/6191/3
f 6350/6194/3 6351/6195/3 6228/6191/3
f 6351/6195/3 6352/6196/3 6228/6191/3
f 6352/6196/3 6227/6197/3 6228/6191/3
f 6158/6187/3 6344/6198/3 6345/6188/3
f 6158/6187/3 6343/6199/3 6344/6198/3
f 6353/6200/3 6227/6197/3 6352/6196/3
f 6354/6201/3 6227/6197/3 6353/6200/3
f 6158/6187/3 6342/6202/3 6343/6199/3
f 6355/6203/3 6227/6197/3 6354/6201/3
f 6356/6204/3 6227/6197/3 6355/6203/3
f 6158/6187/3 6341/6205/3 6342/6202/3
f 6357/6206/3 6227/6197/3 6356/6204/3
f 6158/6187/3 6340/6207/3 6341/6205/3
f 6358/6208/3 6227/6197/3 6357/6206/3
f 6358/6208/3 6226/6209/3 6227/6197/3
f 6158/6187/3 6339/6210/3 6340/6207/3
f 6359/6211/3 6226/6209/3 6358/6208/3
f 6159/6212/3 6339/6210/3 6158/6187/3
f 6360/6213/3 6226/6209/3 6359/6211/3
f 6159/6212/3 6338/6214/3 6339/6210/3
f 6361/6215/3 6226/6209/3 6360/6213/3
f 6159/6212/3 6337/6216/3 6338/6214/3
f 6361/6215/3 6225/6217/3 6226/6209/3
f 6266/6218/3 6225/6217/3 6361/6215/3
f 6267/6219/3 6225/6217/3 6266/6218/3
f 6159/6212/3 6336/6220/3 6337/6216/3
f 6267/6219/3 6224/6221/3 6225/6217/3
f 6268/6222/3 6224/6221/3 6267/6219/3
f 6160/6223/3 6336/6220/3 6159/6212/3
f 6268/6222/3 6223/6224/3 6224/6221/3
f 6160/6223/3 6335/6225/3 6336/6220/3
f 6269/6226/3 6223/6224/3 6268/6222/3
f 6270/6227/3 6223/6224/3 6269/6226/3
f 6270/6227/3 6222/6228/3 6223/6224/3
f 6160/6223/3 6334/6229/3 6335/6225/3
f 6161/6230/3 6334/6229/3 6160/6223/3
f 6271/6231/3 6222/6228/3 6270/6227/3
f 6272/6232/3 6222/6228/3 6271/6231/3
f 6272/6232/3 6221/6233/3 6222/6228/3
f 6161/6230/3 6333/6234/3 6334/6229/3
f 6273/6235/3 6221/6233/3 6272/6232/3
f 6162/6236/3 6333/6234/3 6161/6230/3
f 6162/6236/3 6332/6237/3 6333/6234/3
f 6273/6235/3 6220/6238/3 6221/6233/3
f 6274/6239/3 6220/6238/3 6273/6235/3
f 6275/6240/3 6220/6238/3 6274/6239/3
f 6162/6236/3 6331/6241/3 6332/6237/3
f 6275/6240/3 6219/6242/3 6220/6238/3
f 6163/6243/3 6331/6241/3 6162/6236/3
f 6276/6244/3 6219/6242/3 6275/6240/3
f 6163/6243/3 6330/6245/3 6331/6241/3
f 6277/6246/3 6219/6242/3 6276/6244/3
f 6277/6246/3 6218/6247/3 6219/6242/3
f 6164/6248/3 6330/6245/3 6163/6243/3
f 6278/6249/3 6218/6247/3 6277/6246/3
f 6164/6248/3 6329/6250/3 6330/6245/3
f 6279/6251/3 6218/6247/3 6278/6249/3
f 6164/6248/3 6328/6252/3 6329/6250/3
f 6280/6253/3 6218/6247/3 6279/6251/3
f 6280/6253/3 6217/6254/3 6218/6247/3
f 6165/6255/3 6328/6252/3 6164/6248/3
f 6281/6256/3 6217/6254/3 6280/6253/3
f 6282/6257/3 6217/6254/3 6281/6256/3
f 6165/6255/3 6327/6258/3 6328/6252/3
f 6283/6259/3 6217/6254/3 6282/6257/3
f 6283/6259/3 6216/6260/3 6217/6254/3
f 6284/6261/3 6216/6260/3 6283/6259/3
f 6166/6262/3 6327/6258/3 6165/6255/3
f 6285/6263/3 6216/6260/3 6284/6261/3
f 6166/6262/3 6326/6264/3 6327/6258/3
f 6286/6265/3 6216/6260/3 6285/6263/3
f 6287/6266/3 6216/6260/3 6286/6265/3
f 6287/6266/3 6215/6267/3 6216/6260/3
f 6288/6268/3 6215/6267/3 6287/6266/3
f 6167/6269/3 6326/6264/3 6166/6262/3
f 6167/6269/3 6325/6270/3 6326/6264/3
f 6289/6271/3 6215/6267/3 6288/6268/3
f 6167/6269/3 6324/6272/3 6325/6270/3
f 6290/6273/3 6215/6267/3 6289/6271/3
f 6167/6269/3 6323/6274/3 6324/6272/3
f 6290/6273/3 6214/6275/3 6215/6267/3
f 6291/6276/3 6214/6275/3 6290/6273/3
f 6167/6269/3 6322/6277/3 6323/6274/3
f 6168/6278/3 6322/6277/3 6167/6269/3
f 6168/6278/3 6321/6279/3 6322/6277/3
f 6168/6278/3 6320/6280/3 6321/6279/3
f 6292/6281/3 6214/6275/3 6291/6276/3
f 6292/6281/3 6213/6282/3 6214/6275/3
f 6168/6278/3 6319/6283/3 6320/6280/3
f 6168/6278/3 6318/6284/3 6319/6283/3
f 6293/6285/3 6213/6282/3 6292/6281/3
f 6168/6278/3 6317/6286/3 6318/6284/3
f 6169/6287/3 6317/6286/3 6168/6278/3
f 6293/6285/3 6212/6288/3 6213/6282/3
f 6169/6287/3 6316/6289/3 6317/6286/3
f 6294/6290/3 6212/6288/3 6293/6285/3
f 6169/6287/3 6315/6291/3 6316/6289/3
f 6169/6287/3 6314/6292/3 6315/6291/3
f 6169/6287/3 6313/6293/3 6314/6292/3
f 6294/6290/3 6211/6294/3 6212/6288/3
f 6295/6295/3 6211/6294/3 6294/6290/3
f 6169/6287/3 6312/6296/3 6313/6293/3
f 6170/6297/3 6312/6296/3 6169/6287/3
f 6296/6298/3 6211/6294/3 6295/6295/3
f 6170/6297/3 6311/6299/3 6312/6296/3
f 6296/6298/3 6210/6300/3 6211/6294/3
f 6297/6301/3 6210/6300/3 6296/6298/3
f 6170/6297/3 6310/6302/3 6311/6299/3
f 6170/6297/3 6309/6303/3 6310/6302/3
f 6298/6304/3 6210/6300/3 6297/6301/3
f 6170/6297/3 6308/6305/3 6309/6303/3
f 6299/6306/3 6210/6300/3 6298/6304/3
f 6170/6297/3 6307/6307/3 6308/6305/3
f 6170/6297/3 6306/6308/3 6307/6307/3
f 6300/6309/3 6210/6300/3 6299/6306/3
f 6170/6297/3 6305/6310/3 6306/6308/3
f 6301/6311/3 6210/6300/3 6300/6309/3
f 6170/6297/3 6304/6312/3 6305/6310/3
f 6170/6297/3 6303/6313/3 6304/6312/3
f 6302/6314/3 6210/6300/3 6301/6311/3
f 6170/6297/3 6302/6314/3 6303/6313/3
f 6170/6297/3 6210/6300/3 6302/6314/3
f 6170/6297/3 6209/6315/3 6210/6300/3
f 6171/6316/3 6209/6315/3 6170/6297/3
f 6171/6316/3 6208/6317/3 6209/6315/3
f 6171/6316/3 6207/6318/3 6208/6317/3
f 6172/6319/3 6207/6318/3 6171/6316/3
f 6172/6319/3 6206/6320/3 6207/6318/3
f 6172/6319/3 6205/6321/3 6206/6320/3
f 6173/6322/3 6205/6321/3 6172/6319/3
f 6173/6322/3 6204/6323/3 6205/6321/3
f 6174/6324/3 6204/6323/3 6173/6322/3
f 6174/6324/3 6203/6325/3 6204/6323/3
f 6175/6326/3 6203/6325/3 6174/6324/3
f 6175/6326/3 6202/6327/3 6203/6325/3
f 6175/6326/3 6201/6328/3 6202/6327/3
f 6176/6329/3 6201/6328/3 6175/6326/3
f 6176/6329/3 6200/6330/3 6201/6328/3
f 6177/6331/3 6200/6330/3 6176/6329/3
f 6177/6331/3 6199/6332/3 6200/6330/3
f 6178/6333/3 6199/6332/3 6177/6331/3
f 6178/6333/3 6198/6334/3 6199/6332/3
f 6179/6335/3 6198/6334/3 6178/6333/3
f 6179/6335/3 6197/6336/3 6198/6334/3
f 6180/6337/3 6197/6336/3 6179/6335/3
f 6180/6337/3 6196/6338/3 6197/6336/3
f 6181/6339/3 6196/6338/3 6180/6337/3
f 6181/6339/3 6195/6340/3 6196/6338/3
f 6182/6341/3 6195/6340/3 6181/6339/3
f 6182/6341/3 6194/6342/3 6195/6340/3
f 6183/6343/3 6194/6342/3 6182/6341/3
f 6183/6343/3 6193/6344/3 6194/6342/3
f 6184/6345/3 6193/6344/3 6183/6343/3
f 6184/6345/3 6192/6346/3 6193/6344/3
f 6185/6347/3 6192/6346/3 6184/6345/3
f 6185/6347/3 6191/6348/3 6192/6346/3
f 6186/6349/3 6191/6348/3 6185/6347/3
f 6186/6349/3 6190/6350/3 6191/6348/3
f 6187/6351/3 6190/6350/3 6186/6349/3
f 6187/6351/3 6189/6352/3 6190/6350/3
f 6188/6353/3 6189/6352/3 6187/6351/3
f 6362/6354/3 6427/6355/3 6428/6356/3
f 6362/6354/3 6426/6357/3 6427/6355/3
f 6362/6354/3 6425/6358/3 6426/6357/3
f 6362/6354/3 6424/6359/3 6425/6358/3
f 6362/6354/3 6423/6360/3 6424/6359/3
f 6362/6354/3 6422/6361/3 6423/6360/3
f 6362/6354/3 6421/6362/3 6422/6361/3
f 6362/6354/3 6420/6363/3 6421/6362/3
f 6362/6354/3 6419/6364/3 6420/6363/3
f 6362/6354/3 6418/6365/3 6419/6364/3
f 6362/6354/3 6417/6366/3 6418/6365/3
f 6362/6354/3 6416/6367/3 6417/6366/3
f 6362/6354/3 6415/6368/3 6416/6367/3
f 6362/6354/3 6414/6369/3 6415/6368/3
f 6362/6354/3 6491/6370/3 6414/6369/3
f 6491/6370/3 6413/6371/3 6414/6369/3
f 6491/6370/3 6412/6372/3 6413/6371/3
f 6491/6370/3 6411/6373/3 6412/6372/3
f 6491/6370/3 6410/6374/3 6411/6373/3
f 6491/6370/3 6409/6375/3 6410/6374/3
f 6491/6370/3 6408/6376/3 6409/6375/3
f 6491/6370/3 6407/6377/3 6408/6376/3
f 6491/6370/3 6406/6378/3 6407/6377/3
f 6491/6370/3 6405/6379/3 6406/6378/3
f 6491/6370/3 6404/6380/3 6405/6379/3
f 6491/6370/3 6403/6381/3 6404/6380/3
f 6491/6370/3 6402/6382/3 6403/6381/3
f 6491/6370/3 6401/6383/3 6402/6382/3
f 6491/6370/3 6400/6384/3 6401/6383/3
f 6491/6370/3 6399/6385/3 6400/6384/3
f 6491/6370/3 6398/6386/3 6399/6385/3
f 6491/6370/3 6397/6387/3 6398/6386/3
f 6491/6370/3 6396/6388/3 6397/6387/3
f 6491/6370/3 6395/6389/3 6396/6388/3
f 6491/6370/3 6394/6390/3 6395/6389/3
f 6491/6370/3 6492/6391/3 6394/6390/3
f 6492/6391/3 6493/6392/3 6394/6390/3
f 6493/6392/3 6494/6393/3 6394/6390/3
f 6494/6393/3 6495/6394/3 6394/6390/3
f 6495/6394/3 6496/6395/3 6394/6390/3
f 6496/6395/3 6497/6396/3 6394/6390/3
f 6497/6396/3 6498/6397/3 6394/6390/3
f 6498/6397/3 6499/6398/3 6394/6390/3
f 6499/6398/3 6393/6399/3 6394/6390/3
f 6362/6354/3 6490/6400/3 6491/6370/3
f 6500/6401/3 6393/6399/3 6499/6398/3
f 6501/6402/3 6393/6399/3 6500/6401/3
f 6502/6403/3 6393/6399/3 6501/6402/3
f 6503/6404/3 6393/6399/3 6502/6403/3
f 6429/6405/3 6393/6399/3 6503/6404/3
f 6430/6406/3 6393/6399/3 6429/6405/3
f 6431/6407/3 6393/6399/3 6430/6406/3
f 6432/6408/3 6393/6399/3 6431/6407/3
f 6433/6409/3 6393/6399/3 6432/6408/3
f 6433/6409/3 6392/6410/3 6393/6399/3
f 6434/6411/3 6392/6410/3 6433/6409/3
f 6435/6412/3 6392/6410/3 6434/6411/3
f 6436/6413/3 6392/6410/3 6435/6412/3
f 6436/6413/3 6391/6414/3 6392/6410/3
f 6437/6415/3 6391/6414/3 6436/6413/3
f 6438/6416/3 6391/6414/3 6437/6415/3
f 6439/6417/3 6391/6414/3 6438/6416/3
f 6439/6417/3 6390/6418/3 6391/6414/3
f 6440/6419/3 6390/6418/3 6439/6417/3
f 6441/6420/3 6390/6418/3 6440/6419/3
f 6441/6420/3 6389/6421/3 6390/6418/3
f 6442/6422/3 6389/6421/3 6441/6420/3
f 6443/6423/3 6389/6421/3 6442/6422/3
f 6443/6423/3 6388/6424/3 6389/6421/3
f 6444/6425/3 6388/6424/3 6443/6423/3
f 6362/6354/3 6489/6426/3 6490/6400/3
f 6445/6427/3 6388/6424/3 6444/6425/3
f 6445/6427/3 6387/6428/3 6388/6424/3
f 6446/6429/3 6387/6428/3 6445/6427/3
f 6447/6430/3 6387/6428/3 6446/6429/3
f 6447/6430/3 6386/6431/3 6387/6428/3
f 6448/6432/3 6386/6431/3 6447/6430/3
f 6449/6433/3 6386/6431/3 6448/6432/3
f 6449/6433/3 6385/6434/3 6386/6431/3
f 6450/6435/3 6385/6434/3 6449/6433/3
f 6451/6436/3 6385/6434/3 6450/6435/3
f 6451/6436/3 6384/6437/3 6385/6434/3
f 6452/6438/3 6384/6437/3 6451/6436/3
f 6453/6439/3 6384/6437/3 6452/6438/3
f 6454/6440/3 6384/6437/3 6453/6439/3
f 6455/6441/3 6384/6437/3 6454/6440/3
f 6455/6441/3 6383/6442/3 6384/6437/3
f 6456/6443/3 6383/6442/3 6455/6441/3
f 6457/6444/3 6383/6442/3 6456/6443/3
f 6458/6445/3 6383/6442/3 6457/6444/3
f 6459/6446/3 6383/6442/3 6458/6445/3
f 6460/6447/3 6383/6442/3 6459/6446/3
f 6461/6448/3 6383/6442/3 6460/6447/3
f 6462/6449/3 6383/6442/3 6461/6448/3
f 6463/6450/3 6383/6442/3 6462/6449/3
f 6464/6451/3 6383/6442/3 6463/6450/3
f 6465/6452/3 6383/6442/3 6464/6451/3
f 6465/6452/3 6382/6453/3 6383/6442/3
f 6466/6454/3 6382/6453/3 6465/6452/3
f 6467/6455/3 6382/6453/3 6466/6454/3
f 6468/6456/3 6382/6453/3 6467/6455/3
f 6469/6457/3 6382/6453/3 6468/6456/3
f 6470/6458/3 6382/6453/3 6469/6457/3
f 6471/6459/3 6382/6453/3 6470/6458/3
f 6472/6460/3 6382/6453/3 6471/6459/3
f 6363/6461/3 6489/6426/3 6362/6354/3
f 6473/6462/3 6382/6453/3 6472/6460/3
f 6474/6463/3 6382/6453/3 6473/6462/3
f 6475/6464/3 6382/6453/3 6474/6463/3
f 6476/6465/3 6382/6453/3 6475/6464/3
f 6477/6466/3 6382/6453/3 6476/6465/3
f 6478/6467/3 6382/6453/3 6477/6466/3
f 6479/6468/3 6382/6453/3 6478/6467/3
f 6480/6469/3 6382/6453/3 6479/6468/3
f 6481/6470/3 6382/6453/3 6480/6469/3
f 6482/6471/3 6382/6453/3 6481/6470/3
f 6483/6472/3 6382/6453/3 6482/6471/3
f 6484/6473/3 6382/6453/3 6483/6472/3
f 6485/6474/3 6382/6453/3 6484/6473/3
f 6486/6475/3 6382/6453/3 6485/6474/3
f 6487/6476/3 6382/6453/3 6486/6475/3
f 6488/6477/3 6382/6453/3 6487/6476/3
f 6489/6426/3 6382/6453/3 6488/6477/3
f 6363/6461/3 6367/6478/3 6489/6426/3
f 6367/6478/3 6382/6453/3 6489/6426/3
f 6367/6478/3 6381/6479/3 6382/6453/3
f 6367/6478/3 6380/6480/3 6381/6479/3
f 6367/6478/3 6379/6481/3 6380/6480/3
f 6367/6478/3 6378/6482/3 6379/6481/3
f 6367/6478/3 6377/6483/3 6378/6482/3
f 6367/6478/3 6376/6484/3 6377/6483/3
f 6367/6478/3 6375/6485/3 6376/6484/3
f 6367/6478/3 6374/6486/3 6375/6485/3
f 6367/6478/3 6373/6487/3 6374/6486/3
f 6367/6478/3 6372/6488/3 6373/6487/3
f 6367/6478/3 6371/6489/3 6372/6488/3
f 6367/6478/3 6370/6490/3 6371/6489/3
f 6367/6478/3 6369/6491/3 6370/6490/3
f 6367/6478/3 6368/6492/3 6369/6491/3
f 6363/6461/3 6366/6493/3 6367/6478/3
f 6363/6461/3 6365/6494/3 6366/6493/3
f 6364/6495/3 6365/6494/3 6363/6461/3
f 6588/6496/3 6586/6497/3 6587/6498/3
f 6588/6496/3 6585/6499/3 6586/6497/3
f 6588/6496/3 6584/6500/3 6585/6499/3
f 6589/6501/3 6584/6500/3 6588/6496/3
f 6590/6502/3 6584/6500/3 6589/6501/3
f 6591/6503/3 6584/6500/3 6590/6502/3
f 6592/6504/3 6584/6500/3 6591/6503/3
f 6593/6505/3 6584/6500/3 6592/6504/3
f 6594/6506/3 6584/6500/3 6593/6505/3
f 6595/6507/3 6584/6500/3 6594/6506/3
f 6595/6507/3 6583/6508/3 6584/6500/3
f 6596/6509/3 6583/6508/3 6595/6507/3
f 6597/6510/3 6583/6508/3 6596/6509/3
f 6598/6511/3 6583/6508/3 6597/6510/3
f 6504/6512/3 6583/6508/3 6598/6511/3
f 6505/6513/3 6583/6508/3 6504/6512/3
f 6506/6514/3 6583/6508/3 6505/6513/3
f 6507/6515/3 6583/6508/3 6506/6514/3
f 6507/6515/3 6582/6516/3 6583/6508/3
f 6508/6517/3 6582/6516/3 6507/6515/3
f 6508/6517/3 6581/6518/3 6582/6516/3
f 6509/6519/3 6581/6518/3 6508/6517/3
f 6510/6520/3 6581/6518/3 6509/6519/3
f 6510/6520/3 6580/6521/3 6581/6518/3
f 6511/6522/3 6580/6521/3 6510/6520/3
f 6511/6522/3 6579/6523/3 6580/6521/3
f 6512/6524/3 6579/6523/3 6511/6522/3
f 6512/6524/3 6659/6525/3 6579/6523/3
f 6659/6525/3 6578/6526/3 6579/6523/3
f 6512/6524/3 6658/6527/3 6659/6525/3
f 6660/6528/3 6578/6526/3 6659/6525/3
f 6512/6524/3 6657/6529/3 6658/6527/3
f 6661/6530/3 6578/6526/3 6660/6528/3
f 6513/6531/3 6657/6529/3 6512/6524/3
f 6513/6531/3 6656/6532/3 6657/6529/3
f 6662/6533/3 6578/6526/3 6661/6530/3
f 6513/6531/3 6655/6534/3 6656/6532/3
f 6663/6535/3 6578/6526/3 6662/6533/3
f 6513/6531/3 6654/6536/3 6655/6534/3
f 6664/6537/3 6578/6526/3 6663/6535/3
f 6513/6531/3 6653/6538/3 6654/6536/3
f 6665/6539/3 6578/6526/3 6664/6537/3
f 6665/6539/3 6577/6540/3 6578/6526/3
f 6513/6531/3 6652/6541/3 6653/6538/3
f 6514/6542/3 6652/6541/3 6513/6531/3
f 6666/6543/3 6577/6540/3 6665/6539/3
f 6514/6542/3 6651/6544/3 6652/6541/3
f 6667/6545/3 6577/6540/3 6666/6543/3
f 6514/6542/3 6650/6546/3 6651/6544/3
f 6668/6547/3 6577/6540/3 6667/6545/3
f 6668/6547/3 6576/6548/3 6577/6540/3
f 6515/6549/3 6650/6546/3 6514/6542/3
f 6515/6549/3 6649/6550/3 6650/6546/3
f 6669/6551/3 6576/6548/3 6668/6547/3
f 6515/6549/3 6648/6552/3 6649/6550/3
f 6670/6553/3 6576/6548/3 6669/6551/3
f 6670/6553/3 6575/6554/3 6576/6548/3
f 6515/6549/3 6647/6555/3 6648/6552/3
f 6599/6556/3 6575/6554/3 6670/6553/3
f 6516/6557/3 6647/6555/3 6515/6549/3
f 6516/6557/3 6646/6558/3 6647/6555/3
f 6599/6556/3 6574/6559/3 6575/6554/3
f 6600/6560/3 6574/6559/3 6599/6556/3
f 6516/6557/3 6645/6561/3 6646/6558/3
f 6600/6560/3 6573/6562/3 6574/6559/3
f 6601/6563/3 6573/6562/3 6600/6560/3
f 6601/6563/3 6572/6564/3 6573/6562/3
f 6517/6565/3 6645/6561/3 6516/6557/3
f 6517/6565/3 6644/6566/3 6645/6561/3
f 6602/6567/3 6572/6564/3 6601/6563/3
f 6517/6565/3 6643/6568/3 6644/6566/3
f 6603/6569/3 6572/6564/3 6602/6567/3
f 6517/6565/3 6642/6570/3 6643/6568/3
f 6603/6569/3 6571/6571/3 6572/6564/3
f 6604/6572/3 6571/6571/3 6603/6569/3
f 6518/6573/3 6642/6570/3 6517/6565/3
f 6518/6573/3 6641/6574/3 6642/6570/3
f 6605/6575/3 6571/6571/3 6604/6572/3
f 6518/6573/3 6640/6576/3 6641/6574/3
f 6606/6577/3 6571/6571/3 6605/6575/3
f 6518/6573/3 6639/6578/3 6640/6576/3
f 6607/6579/3 6571/6571/3 6606/6577/3
f 6519/6580/3 6639/6578/3 6518/6573/3
f 6607/6579/3 6570/6581/3 6571/6571/3
f 6519/6580/3 6638/6582/3 6639/6578/3
f 6608/6583/3 6570/6581/3 6607/6579/3
f 6519/6580/3 6637/6584/3 6638/6582/3
f 6609/6585/3 6570/6581/3 6608/6583/3
f 6519/6580/3 6636/6586/3 6637/6584/3
f 6610/6587/3 6570/6581/3 6609/6585/3
f 6519/6580/3 6635/6588/3 6636/6586/3
f 6611/6589/3 6570/6581/3 6610/6587/3
f 6519/6580/3 6634/6590/3 6635/6588/3
f 6612/6591/3 6570/6581/3 6611/6589/3
f 6519/6580/3 6633/6592/3 6634/6590/3
f 6613/6593/3 6570/6581/3 6612/6591/3
f 6519/6580/3 6632/6594/3 6633/6592/3
f 6614/6595/3 6570/6581/3 6613/6593/3
f 6519/6580/3 6631/6596/3 6632/6594/3
f 6615/6597/3 6570/6581/3 6614/6595/3
f 6519/6580/3 6630/6598/3 6631/6596/3
f 6616/6599/3 6570/6581/3 6615/6597/3
f 6519/6580/3 6629/6600/3 6630/6598/3
f 6617/6601/3 6570/6581/3 6616/6599/3
f 6519/6580/3 6628/6602/3 6629/6600/3
f 6618/6603/3 6570/6581/3 6617/6601/3
f 6519/6580/3 6627/6604/3 6628/6602/3
f 6619/6605/3 6570/6581/3 6618/6603/3
f 6519/6580/3 6626/6606/3 6627/6604/3
f 6620/6607/3 6570/6581/3 6619/6605/3
f 6519/6580/3 6625/6608/3 6626/6606/3
f 6621/6609/3 6570/6581/3 6620/6607/3
f 6519/6580/3 6624/6610/3 6625/6608/3
f 6622/6611/3 6570/6581/3 6621/6609/3
f 6519/6580/3 6623/6612/3 6624/6610/3
f 6623/6612/3 6570/6581/3 6622/6611/3
f 6519/6580/3 6570/6581/3 6623/6612/3
f 6520/6613/3 6570/6581/3 6519/6580/3
f 6520/6613/3 6569/6614/3 6570/6581/3
f 6521/6615/3 6569/6614/3 6520/6613/3
f 6521/6615/3 6545/6616/3 6569/6614/3
f 6545/6616/3 6546/6617/3 6569/6614/3
f 6546/6617/3 6568/6618/3 6569/6614/3
f 6522/6619/3 6544/6620/3 6521/6615/3
f 6544/6620/3 6545/6616/3 6521/6615/3
f 6522/6619/3 6543/6621/3 6544/6620/3
f 6547/6622/3 6568/6618/3 6546/6617/3
f 6547/6622/3 6567/6623/3 6568/6618/3
f 6523/6624/3 6543/6621/3 6522/6619/3
f 6547/6622/3 6566/6625/3 6567/6623/3
f 6524/6626/3 6543/6621/3 6523/6624/3
f 6547/6622/3 6565/6627/3 6566/6625/3
f 6524/6626/3 6542/6628/3 6543/6621/3
f 6548/6629/3 6565/6627/3 6547/6622/3
f 6525/6630/3 6542/6628/3 6524/6626/3
f 6548/6629/3 6564/6631/3 6565/6627/3
f 6526/6632/3 6542/6628/3 6525/6630/3
f 6548/6629/3 6563/6633/3 6564/6631/3
f 6527/6634/3 6542/6628/3 6526/6632/3
f 6548/6629/3 6562/6635/3 6563/6633/3
f 6528/6636/3 6542/6628/3 6527/6634/3
f 6529/6637/3 6542/6628/3 6528/6636/3
f 6530/6638/3 6542/6628/3 6529/6637/3
f 6531/6639/3 6542/6628/3 6530/6638/3
f 6532/6640/3 6542/6628/3 6531/6639/3
f 6533/6641/3 6542/6628/3 6532/6640/3
f 6548/6629/3 6561/6642/3 6562/6635/3
f 6534/6643/3 6542/6628/3 6533/6641/3
f 6535/6644/3 6542/6628/3 6534/6643/3
f 6536/6645/3 6542/6628/3 6535/6644/3
f 6548/6629/3 6560/6646/3 6561/6642/3
f 6537/6647/3 6542/6628/3 6536/6645/3
f 6548/6629/3 6559/6648/3 6560/6646/3
f 6548/6629/3 6558/6649/3 6559/6648/3
f 6549/6650/3 6558/6649/3 6548/6629/3
f 6549/6650/3 6557/6651/3 6558/6649/3
f 6538/6652/3 6542/6628/3 6537/6647/3
f 6549/6650/3 6556/6653/3 6557/6651/3
f 6549/6650/3 6555/6654/3 6556/6653/3
f 6549/6650/3 6554/6655/3 6555/6654/3
f 6549/6650/3 6553/6656/3 6554/6655/3
f 6539/6657/3 6542/6628/3 6538/6652/3
f 6550/6658/3 6553/6656/3 6549/6650/3
f 6550/6658/3 6552/6659/3 6553/6656/3
f 6551/6660/3 6552/6659/3 6550/6658/3
f 6540/6661/3 6542/6628/3 6539/6657/3
f 6541/6662/4 6542/6628/4 6540/6661/4
f 6936/6663/3 6934/6664/3 6935/6665/3
f 6937/6666/3 6934/6664/3 6936/6663/3
f 6937/6666/3 6933/6667/3 6934/6664/3
f 6938/6668/3 6933/6667/3 6937/6666/3
f 6938/6668/3 6932/6669/3 6933/6667/3
f 6938/6668/3 6931/6670/3 6932/6669/3
f 6671/6671/3 6931/6670/3 6938/6668/3
f 6671/6671/3 6930/6672/3 6931/6670/3
f 6672/6673/3 6930/6672/3 6671/6671/3
f 6672/6673/3 6929/6674/3 6930/6672/3
f 6672/6673/3 6928/6675/3 6929/6674/3
f 6673/6676/3 6928/6675/3 6672/6673/3
f 6673/6676/3 6927/6677/3 6928/6675/3
f 6673/6676/3 6926/6678/3 6927/6677/3
f 6674/6679/3 6926/6678/3 6673/6676/3
f 6674/6679/3 6925/6680/3 6926/6678/3
f 6675/6681/3 6925/6680/3 6674/6679/3
f 6675/6681/3 6924/6682/3 6925/6680/3
f 6675/6681/3 6923/6683/3 6924/6682/3
f 6676/6684/3 6923/6683/3 6675/6681/3
f 6676/6684/3 6922/6685/3 6923/6683/3
f 6677/6686/3 6922/6685/3 6676/6684/3
f 6677/6686/3 6921/6687/3 6922/6685/3
f 6678/6688/3 6921/6687/3 6677/6686/3
f 6678/6688/3 6920/6689/3 6921/6687/3
f 6679/6690/3 6920/6689/3 6678/6688/3
f 6679/6690/3 6919/6691/3 6920/6689/3
f 6679/6690/3 6918/6692/3 6919/6691/3
f 6680/6693/3 6918/6692/3 6679/6690/3
f 6680/6693/3 6917/6694/3 6918/6692/3
f 6681/6695/3 6917/6694/3 6680/6693/3
f 6681/6695/3 6916/6696/3 6917/6694/3
f 6682/6697/3 6916/6696/3 6681/6695/3
f 6682/6697/3 6915/6698/3 6916/6696/3
f 6683/6699/3 6915/6698/3 6682/6697/3
f 6683/6699/3 6914/6700/3 6915/6698/3
f 6683/6699/3 6913/6701/3 6914/6700/3
f 6683/6699/3 6912/6702/3 6913/6701/3
f 6683/6699/3 6911/6703/3 6912/6702/3
f 6683/6699/3 6855/6704/3 6911/6703/3
f 6855/6704/3 6856/6705/3 6911/6703/3
f 6856/6705/3 6857/6706/3 6911/6703/3
f 6857/6706/3 6910/6707/3 6911/6703/3
f 6683/6699/3 6854/6708/3 6855/6704/3
f 6683/6699/3 6853/6709/3 6854/6708/3
f 6858/6710/3 6910/6707/3 6857/6706/3
f 6683/6699/3 6852/6711/3 6853/6709/3
f 6859/6712/3 6910/6707/3 6858/6710/3
f 6683/6699/3 6851/6713/3 6852/6711/3
f 6684/6714/3 6851/6713/3 6683/6699/3
f 6860/6715/3 6910/6707/3 6859/6712/3
f 6684/6714/3 6850/6716/3 6851/6713/3
f 6861/6717/3 6910/6707/3 6860/6715/3
f 6684/6714/3 6849/6718/3 6850/6716/3
f 6685/6719/3 6849/6718/3 6684/6714/3
f 6862/6720/3 6910/6707/3 6861/6717/3
f 6685/6719/3 6848/6721/3 6849/6718/3
f 6863/6722/3 6910/6707/3 6862/6720/3
f 6685/6719/3 6847/6723/3 6848/6721/3
f 6686/6724/3 6847/6723/3 6685/6719/3
f 6864/6725/3 6910/6707/3 6863/6722/3
f 6686/6724/3 6846/6726/3 6847/6723/3
f 6864/6725/3 6909/6727/3 6910/6707/3
f 6865/6728/3 6909/6727/3 6864/6725/3
f 6686/6724/3 6845/6729/3 6846/6726/3
f 6687/6730/3 6845/6729/3 6686/6724/3
f 6866/6731/3 6909/6727/3 6865/6728/3
f 6687/6730/3 6844/6732/3 6845/6729/3
f 6866/6731/3 6908/6733/3 6909/6727/3
f 6867/6734/3 6908/6733/3 6866/6731/3
f 6687/6730/3 6843/6735/3 6844/6732/3
f 6688/6736/3 6843/6735/3 6687/6730/3
f 6688/6736/3 6842/6737/3 6843/6735/3
f 6868/6738/3 6908/6733/3 6867/6734/3
f 6868/6738/3 6907/6739/3 6908/6733/3
f 6689/6740/3 6842/6737/3 6688/6736/3
f 6869/6741/3 6907/6739/3 6868/6738/3
f 6689/6740/3 6841/6742/3 6842/6737/3
f 6869/6741/3 6906/6743/3 6907/6739/3
f 6690/6744/3 6841/6742/3 6689/6740/3
f 6870/6745/3 6906/6743/3 6869/6741/3
f 6870/6745/3 6905/6746/3 6906/6743/3
f 6690/6744/3 6840/6747/3 6841/6742/3
f 6870/6745/3 6904/6748/3 6905/6746/3
f 6691/6749/3 6840/6747/3 6690/6744/3
f 6870/6745/3 6903/6750/3 6904/6748/3
f 6691/6749/3 6839/6751/3 6840/6747/3
f 6871/6752/3 6903/6750/3 6870/6745/3
f 6871/6752/3 6902/6753/3 6903/6750/3
f 6871/6752/3 6901/6754/3 6902/6753/3
f 6871/6752/3 6900/6755/3 6901/6754/3
f 6692/6756/3 6839/6751/3 6691/6749/3
f 6871/6752/3 6899/6757/3 6900/6755/3
f 6692/6756/3 6838/6758/3 6839/6751/3
f 6871/6752/3 6898/6759/3 6899/6757/3
f 6872/6760/3 6898/6759/3 6871/6752/3
f 6693/6761/3 6838/6758/3 6692/6756/3
f 6872/6760/3 6897/6762/3 6898/6759/3
f 6693/6761/3 6837/6763/3 6838/6758/3
f 6694/6764/3 6837/6763/3 6693/6761/3
f 6872/6760/3 6896/6765/3 6897/6762/3
f 6695/6766/3 6837/6763/3 6694/6764/3
f 6873/6767/3 6896/6765/3 6872/6760/3
f 6696/6768/3 6837/6763/3 6695/6766/3
f 6873/6767/3 6895/6769/3 6896/6765/3
f 6696/6768/3 6836/6770/3 6837/6763/3
f 6873/6767/3 6894/6771/3 6895/6769/3
f 6874/6772/3 6894/6771/3 6873/6767/3
f 6874/6772/3 6893/6773/3 6894/6771/3
f 6696/6768/3 6835/6774/3 6836/6770/3
f 6874/6772/3 6892/6775/3 6893/6773/3
f 6875/6776/3 6892/6775/3 6874/6772/3
f 6696/6768/3 6834/6777/3 6835/6774/3
f 6875/6776/3 6891/6778/3 6892/6775/3
f 6875/6776/3 6890/6779/3 6891/6778/3
f 6876/6780/3 6890/6779/3 6875/6776/3
f 6696/6768/3 6833/6781/3 6834/6777/3
f 6876/6780/3 6889/6782/3 6890/6779/3
f 6877/6783/3 6889/6782/3 6876/6780/3
f 6696/6768/3 6832/6784/3 6833/6781/3
f 6877/6783/3 6888/6785/3 6889/6782/3
f 6877/6783/3 6887/6786/3 6888/6785/3
f 6878/6787/3 6887/6786/3 6877/6783/3
f 6878/6787/3 6886/6788/3 6887/6786/3
f 6696/6768/3 6831/6789/3 6832/6784/3
f 6879/6790/3 6886/6788/3 6878/6787/3
f 6879/6790/3 6885/6791/3 6886/6788/3
f 6879/6790/3 6884/6792/3 6885/6791/3
f 6879/6790/3 6883/6793/3 6884/6792/3
f 6880/6794/3 6883/6793/3 6879/6790/3
f 6880/6794/3 6882/6795/3 6883/6793/3
f 6881/6796/3 6882/6795/3 6880/6794/3
f 6696/6768/3 6830/6797/3 6831/6789/3
f 6696/6768/3 6829/6798/3 6830/6797/3
f 6696/6768/3 6828/6799/3 6829/6798/3
f 6696/6768/3 6827/6800/3 6828/6799/3
f 6696/6768/3 6826/6801/3 6827/6800/3
f 6696/6768/3 6825/6802/3 6826/6801/3
f 6696/6768/3 6824/6803/3 6825/6802/3
f 6696/6768/3 6823/6804/3 6824/6803/3
f 6696/6768/3 6822/6805/3 6823/6804/3
f 6696/6768/3 6821/6806/3 6822/6805/3
f 6696/6768/3 6820/6807/3 6821/6806/3
f 6696/6768/3 6819/6808/3 6820/6807/3
f 6697/6809/3 6819/6808/3 6696/6768/3
f 6697/6809/3 6818/6810/3 6819/6808/3
f 6698/6811/3 6818/6810/3 6697/6809/3
f 6698/6811/3 6817/6812/3 6818/6810/3
f 6699/6813/3 6817/6812/3 6698/6811/3
f 6699/6813/3 6816/6814/3 6817/6812/3
f 6700/6815/3 6816/6814/3 6699/6813/3
f 6701/6816/3 6816/6814/3 6700/6815/3
f 6701/6816/3 6815/6817/3 6816/6814/3
f 6702/6818/3 6815/6817/3 6701/6816/3
f 6702/6818/3 6814/6819/3 6815/6817/3
f 6771/6820/3 6769/6821/3 6770/6822/3
f 6771/6820/3 6768/6823/3 6769/6821/3
f 6771/6820/3 6767/6824/3 6768/6823/3
f 6771/6820/3 6766/6825/3 6767/6824/3
f 6771/6820/3 6765/6826/3 6766/6825/3
f 6771/6820/3 6764/6827/3 6765/6826/3
f 6771/6820/3 6763/6828/3 6764/6827/3
f 6703/6829/3 6814/6819/3 6702/6818/3
f 6771/6820/3 6762/6830/3 6763/6828/3
f 6771/6820/3 6761/6831/3 6762/6830/3
f 6772/6832/3 6761/6831/3 6771/6820/3
f 6703/6829/3 6813/6833/3 6814/6819/3
f 6772/6832/3 6760/6834/3 6761/6831/3
f 6772/6832/3 6759/6835/3 6760/6834/3
f 6773/6836/3 6759/6835/3 6772/6832/3
f 6773/6836/3 6758/6837/3 6759/6835/3
f 6773/6836/3 6757/6838/3 6758/6837/3
f 6773/6836/3 6756/6839/3 6757/6838/3
f 6773/6836/3 6755/6840/3 6756/6839/3
f 6774/6841/3 6755/6840/3 6773/6836/3
f 6704/6842/3 6813/6833/3 6703/6829/3
f 6704/6842/3 6812/6843/3 6813/6833/3
f 6775/6844/3 6755/6840/3 6774/6841/3
f 6776/6845/3 6755/6840/3 6775/6844/3
f 6776/6845/3 6754/6846/3 6755/6840/3
f 6705/6847/3 6812/6843/3 6704/6842/3
f 6705/6847/3 6811/6848/3 6812/6843/3
f 6777/6849/3 6754/6846/3 6776/6845/3
f 6705/6847/3 6810/6850/3 6811/6848/3
f 6778/6851/3 6754/6846/3 6777/6849/3
f 6706/6852/3 6810/6850/3 6705/6847/3
f 6778/6851/3 6753/6853/3 6754/6846/3
f 6706/6852/3 6809/6854/3 6810/6850/3
f 6779/6855/3 6753/6853/3 6778/6851/3
f 6707/6856/3 6809/6854/3 6706/6852/3
f 6707/6856/3 6808/6857/3 6809/6854/3
f 6780/6858/3 6753/6853/3 6779/6855/3
f 6708/6859/3 6808/6857/3 6707/6856/3
f 6708/6859/3 6807/6860/3 6808/6857/3
f 6781/6861/3 6753/6853/3 6780/6858/3
f 6709/6862/3 6807/6860/3 6708/6859/3
f 6781/6861/3 6752/6863/3 6753/6853/3
f 6782/6864/3 6752/6863/3 6781/6861/3
f 6709/6862/3 6806/6865/3 6807/6860/3
f 6783/6866/3 6752/6863/3 6782/6864/3
f 6709/6862/3 6805/6867/3 6806/6865/3
f 6784/6868/3 6752/6863/3 6783/6866/3
f 6709/6862/3 6804/6869/3 6805/6867/3
f 6785/6870/3 6752/6863/3 6784/6868/3
f 6710/6871/3 6804/6869/3 6709/6862/3
f 6710/6871/3 6803/6872/3 6804/6869/3
f 6786/6873/3 6752/6863/3 6785/6870/3
f 6786/6873/3 6751/6874/3 6752/6863/3
f 6710/6871/3 6802/6875/3 6803/6872/3
f 6787/6876/3 6751/6874/3 6786/6873/3
f 6788/6877/3 6751/6874/3 6787/6876/3
f 6710/6871/3 6801/6878/3 6802/6875/3
f 6789/6879/3 6751/6874/3 6788/6877/3
f 6710/6871/3 6800/6880/3 6801/6878/3
f 6790/6881/3 6751/6874/3 6789/6879/3
f 6710/6871/3 6799/6882/3 6800/6880/3
f 6791/6883/3 6751/6874/3 6790/6881/3
f 6710/6871/3 6798/6884/3 6799/6882/3
f 6792/6885/3 6751/6874/3 6791/6883/3
f 6710/6871/3 6797/6886/3 6798/6884/3
f 6793/6887/3 6751/6874/3 6792/6885/3
f 6710/6871/3 6796/6888/3 6797/6886/3
f 6794/6889/3 6751/6874/3 6793/6887/3
f 6710/6871/3 6795/6890/3 6796/6888/3
f 6795/6890/3 6751/6874/3 6794/6889/3
f 6710/6871/3 6751/6874/3 6795/6890/3
f 6711/6891/3 6751/6874/3 6710/6871/3
f 6711/6891/3 6750/6892/3 6751/6874/3
f 6712/6893/3 6750/6892/3 6711/6891/3
f 6712/6893/3 6749/6894/3 6750/6892/3
f 6713/6895/3 6749/6894/3 6712/6893/3
f 6713/6895/3 6748/6896/3 6749/6894/3
f 6714/6897/3 6748/6896/3 6713/6895/3
f 6714/6897/3 6747/6898/3 6748/6896/3
f 6715/6899/3 6747/6898/3 6714/6897/3
f 6715/6899/3 6746/6900/3 6747/6898/3
f 6716/6901/3 6746/6900/3 6715/6899/3
f 6716/6901/3 6745/6902/3 6746/6900/3
f 6717/6903/3 6745/6902/3 6716/6901/3
f 6718/6904/3 6745/6902/3 6717/6903/3
f 6718/6904/3 6744/6905/3 6745/6902/3
f 6719/6906/3 6744/6905/3 6718/6904/3
f 6719/6906/3 6743/6907/3 6744/6905/3
f 6720/6908/3 6743/6907/3 6719/6906/3
f 6720/6908/3 6742/6909/3 6743/6907/3
f 6721/6910/3 6742/6909/3 6720/6908/3
f 6721/6910/3 6741/6911/3 6742/6909/3
f 6722/6912/3 6741/6911/3 6721/6910/3
f 6722/6912/3 6740/6913/3 6741/6911/3
f 6723/6914/3 6740/6913/3 6722/6912/3
f 6724/6915/3 6740/6913/3 6723/6914/3
f 6724/6915/3 6739/6916/3 6740/6913/3
f 6725/6917/3 6739/6916/3 6724/6915/3
f 6725/6917/3 6738/6918/3 6739/6916/3
f 6726/6919/3 6738/6918/3 6725/6917/3
f 6727/6920/3 6738/6918/3 6726/6919/3
f 6727/6920/3 6737/6921/3 6738/6918/3
f 6728/6922/3 6737/6921/3 6727/6920/3
f 6729/6923/3 6737/6921/3 6728/6922/3
f 6729/6923/3 6736/6924/3 6737/6921/3
f 6730/6925/3 6736/6924/3 6729/6923/3
f 6731/6926/3 6736/6924/3 6730/6925/3
f 6731/6926/3 6735/6927/3 6736/6924/3
f 6732/6928/3 6735/6927/3 6731/6926/3
f 6733/6929/3 6735/6927/3 6732/6928/3
f 6733/6929/3 6734/6930/3 6735/6927/3
f 7113/6931/3 7111/6932/3 7112/6933/3
f 7113/6931/3 7110/6934/3 7111/6932/3
f 7113/6931/3 7109/6935/3 7110/6934/3
f 7114/6936/3 7109/6935/3 7113/6931/3
f 7114/6936/3 7108/6937/3 7109/6935/3
f 7115/6938/3 7108/6937/3 7114/6936/3
f 7115/6938/3 7107/6939/3 7108/6937/3
f 7116/6940/3 7107/6939/3 7115/6938/3
f 7116/6940/3 7106/6941/3 7107/6939/3
f 7117/6942/3 7106/6941/3 7116/6940/3
f 7117/6942/3 7105/6943/3 7106/6941/3
f 7118/6944/3 7105/6943/3 7117/6942/3
f 7119/6945/3 7105/6943/3 7118/6944/3
f 7119/6945/3 7104/6946/3 7105/6943/3
f 7120/6947/3 7104/6946/3 7119/6945/3
f 7120/6947/3 7103/6948/3 7104/6946/3
f 7121/6949/3 7103/6948/3 7120/6947/3
f 7122/6950/3 7103/6948/3 7121/6949/3
f 7122/6950/3 7102/6951/3 7103/6948/3
f 7123/6952/3 7102/6951/3 7122/6950/3
f 6939/6953/3 7102/6951/3 7123/6952/3
f 6940/6954/3 7102/6951/3 6939/6953/3
f 6940/6954/3 7101/6955/3 7102/6951/3
f 6940/6954/3 7100/6956/3 7101/6955/3
f 6941/6957/3 7100/6956/3 6940/6954/3
f 6941/6957/3 7099/6958/3 7100/6956/3
f 6941/6957/3 7098/6959/3 7099/6958/3
f 6941/6957/3 7097/6960/3 7098/6959/3
f 6942/6961/3 7097/6960/3 6941/6957/3
f 6943/6962/3 7097/6960/3 6942/6961/3
f 6943/6962/3 7096/6963/3 7097/6960/3
f 6944/6964/3 7096/6963/3 6943/6962/3
f 6944/6964/3 7095/6965/3 7096/6963/3
f 6945/6966/3 7095/6965/3 6944/6964/3
f 6946/6967/3 7095/6965/3 6945/6966/3
f 6946/6967/3 7094/6968/3 7095/6965/3
f 6947/6969/3 7094/6968/3 6946/6967/3
f 6948/6970/3 7094/6968/3 6947/6969/3
f 6948/6970/3 7093/6971/3 7094/6968/3
f 6949/6972/3 7093/6971/3 6948/6970/3
f 6949/6972/3 7092/6973/3 7093/6971/3
f 6950/6974/3 7092/6973/3 6949/6972/3
f 6951/6975/3 7092/6973/3 6950/6974/3
f 6951/6975/3 7091/6976/3 7092/6973/3
f 6952/6977/3 7091/6976/3 6951/6975/3
f 6952/6977/3 7090/6978/3 7091/6976/3
f 6953/6979/3 7090/6978/3 6952/6977/3
f 6953/6979/3 7089/6980/3 7090/6978/3
f 6954/6981/3 7089/6980/3 6953/6979/3
f 6954/6981/3 7088/6982/3 7089/6980/3
f 6955/6983/3 7088/6982/3 6954/6981/3
f 6955/6983/3 7087/6984/3 7088/6982/3
f 6956/6985/3 7087/6984/3 6955/6983/3
f 6956/6985/3 7086/6986/3 7087/6984/3
f 6957/6987/3 7086/6986/3 6956/6985/3
f 6957/6987/3 7085/6988/3 7086/6986/3
f 6957/6987/3 7084/6989/3 7085/6988/3
f 6958/6990/3 7084/6989/3 6957/6987/3
f 6958/6990/3 7083/6991/3 7084/6989/3
f 6958/6990/3 7082/6992/3 7083/6991/3
f 6959/6993/3 7082/6992/3 6958/6990/3
f 6959/6993/3 7081/6994/3 7082/6992/3
f 6960/6995/3 7081/6994/3 6959/6993/3
f 6960/6995/3 7080/6996/3 7081/6994/3
f 6960/6995/3 7079/6997/3 7080/6996/3
f 6961/6998/3 7024/6999/3 6960/6995/3
f 7024/6999/3 7079/6997/3 6960/6995/3
f 7024/6999/3 7078/7000/3 7079/6997/3
f 6961/6998/3 7023/7001/3 7024/6999/3
f 7025/7002/3 7078/7000/3 7024/6999/3
f 6961/6998/3 7022/7003/3 7023/7001/3
f 6961/6998/3 7021/7004/3 7022/7003/3
f 6961/6998/3 7020/7005/3 7021/7004/3
f 7025/7002/3 7077/7006/3 7078/7000/3
f 6962/7007/3 7020/7005/3 6961/6998/3
f 6962/7007/3 7019/7008/3 7020/7005/3
f 6962/7007/3 7018/7009/3 7019/7008/3
f 6962/7007/3 7017/7010/3 7018/7009/3
f 7025/7002/3 7076/7011/3 7077/7006/3
f 6962/7007/3 7016/7012/3 7017/7010/3
f 6962/7007/3 7015/7013/3 7016/7012/3
f 6963/7014/3 7015/7013/3 6962/7007/3
f 6963/7014/3 7014/7015/3 7015/7013/3
f 7025/7002/3 7075/7016/3 7076/7011/3
f 7026/7017/3 7075/7016/3 7025/7002/3
f 6963/7014/3 7013/7018/3 7014/7015/3
f 6963/7014/3 7012/7019/3 7013/7018/3
f 6963/7014/3 7011/7020/3 7012/7019/3
f 7026/7017/3 7074/7021/3 7075/7016/3
f 7027/7022/3 7074/7021/3 7026/7017/3
f 6964/7023/3 7011/7020/3 6963/7014/3
f 6965/7024/3 7011/7020/3 6964/7023/3
f 6965/7024/3 7010/7025/3 7011/7020/3
f 6966/7026/3 7010/7025/3 6965/7024/3
f 7027/7022/3 7073/7027/3 7074/7021/3
f 6967/7028/3 7010/7025/3 6966/7026/3
f 6968/7029/3 7010/7025/3 6967/7028/3
f 6969/7030/3 7010/7025/3 6968/7029/3
f 7028/7031/3 7073/7027/3 7027/7022/3
f 6969/7030/3 7009/7032/3 7010/7025/3
f 6970/7033/3 7009/7032/3 6969/7030/3
f 6971/7034/3 7009/7032/3 6970/7033/3
f 6972/7035/3 7009/7032/3 6971/7034/3
f 6973/7036/3 7009/7032/3 6972/7035/3
f 7029/7037/3 7073/7027/3 7028/7031/3
f 6974/7038/3 7009/7032/3 6973/7036/3
f 6974/7038/3 7008/7039/3 7009/7032/3
f 7029/7037/3 7072/7040/3 7073/7027/3
f 6975/7041/3 7008/7039/3 6974/7038/3
f 6976/7042/3 7008/7039/3 6975/7041/3
f 7029/7037/3 7071/7043/3 7072/7040/3
f 7029/7037/3 7070/7044/3 7071/7043/3
f 7030/7045/3 7070/7044/3 7029/7037/3
f 6976/7042/3 7007/7046/3 7008/7039/3
f 7030/7045/3 7069/7047/3 7070/7044/3
f 6976/7042/3 7006/7048/3 7007/7046/3
f 7030/7045/3 7068/7049/3 7069/7047/3
f 7031/7050/3 7068/7049/3 7030/7045/3
f 7031/7050/3 7067/7051/3 7068/7049/3
f 6976/7042/3 7005/7052/3 7006/7048/3
f 7032/7053/3 7067/7051/3 7031/7050/3
f 7032/7053/3 7066/7054/3 7067/7051/3
f 6976/7042/3 7004/7055/3 7005/7052/3
f 7033/7056/3 7066/7054/3 7032/7053/3
f 7033/7056/3 7065/7057/3 7066/7054/3
f 6976/7042/3 7003/7058/3 7004/7055/3
f 7034/7059/3 7065/7057/3 7033/7056/3
f 7034/7059/3 7064/7060/3 7065/7057/3
f 6976/7042/3 7002/7061/3 7003/7058/3
f 7035/7062/3 7064/7060/3 7034/7059/3
f 7035/7062/3 7063/7063/3 7064/7060/3
f 6976/7042/3 7001/7064/3 7002/7061/3
f 7035/7062/3 7062/7065/3 7063/7063/3
f 7036/7066/3 7062/7065/3 7035/7062/3
f 7036/7066/3 7061/7067/3 7062/7065/3
f 6976/7042/3 7000/7068/3 7001/7064/3
f 7036/7066/3 7060/7069/3 7061/7067/3
f 6977/7070/3 7000/7068/3 6976/7042/3
f 7037/7071/3 7060/7069/3 7036/7066/3
f 6977/7070/3 6999/7072/3 7000/7068/3
f 7037/7071/3 7059/7073/3 7060/7069/3
f 7038/7074/3 7059/7073/3 7037/7071/3
f 6978/7075/3 6999/7072/3 6977/7070/3
f 6978/7075/3 6998/7076/3 6999/7072/3
f 7039/7077/3 7059/7073/3 7038/7074/3
f 6978/7075/3 6997/7078/3 6998/7076/3
f 7039/7077/3 7058/7079/3 7059/7073/3
f 6979/7080/3 6997/7078/3 6978/7075/3
f 7040/7081/3 7058/7079/3 7039/7077/3
f 6979/7080/3 6996/7082/3 6997/7078/3
f 7041/7083/3 7058/7079/3 7040/7081/3
f 7041/7083/3 7057/7084/3 7058/7079/3
f 6979/7080/3 6995/7085/3 6996/7082/3
f 6980/7086/3 6995/7085/3 6979/7080/3
f 7042/7087/3 7057/7084/3 7041/7083/3
f 6980/7086/3 6994/7088/3 6995/7085/3
f 7042/7087/3 7056/7089/3 7057/7084/3
f 6981/7090/3 6994/7088/3 6980/7086/3
f 7043/7091/3 7056/7089/3 7042/7087/3
f 6981/7090/3 6993/7092/3 6994/7088/3
f 7043/7091/3 7055/7093/3 7056/7089/3
f 6982/7094/3 6993/7092/3 6981/7090/3
f 7044/7095/3 7055/7093/3 7043/7091/3
f 6982/7094/3 6992/7096/3 6993/7092/3
f 7044/7095/3 7054/7097/3 7055/7093/3
f 6983/7098/3 6992/7096/3 6982/7094/3
f 7045/7099/3 7054/7097/3 7044/7095/3
f 6983/7098/3 6991/7100/3 6992/7096/3
f 7045/7099/3 7053/7101/3 7054/7097/3
f 6984/7102/3 6991/7100/3 6983/7098/3
f 7046/7103/3 7053/7101/3 7045/7099/3
f 6984/7102/3 6990/7104/3 6991/7100/3
f 7046/7103/3 7052/7105/3 7053/7101/3
f 6985/7106/3 6990/7104/3 6984/7102/3
f 7047/7107/3 7052/7105/3 7046/7103/3
f 7047/7107/3 7051/7108/3 7052/7105/3
f 6986/7109/3 6990/7104/3 6985/7106/3
f 6986/7109/3 6989/7110/3 6990/7104/3
f 7048/7111/3 7051/7108/3 7047/7107/3
f 7048/7111/3 7050/7112/3 7051/7108/3
f 6987/7113/3 6989/7110/3 6986/7109/3
f 6987/7113/3 6988/7114/3 6989/7110/3
f 7049/7115/3 7050/7112/3 7048/7111/3
f 7124/7116/3 7130/7117/3 7131/7118/3
f 7124/7116/3 7129/7119/3 7130/7117/3
f 7124/7116/3 7128/7120/3 7129/7119/3
f 7125/7121/3 7128/7120/3 7124/7116/3
f 7125/7121/3 7127/7122/3 7128/7120/3
f 7126/7123/3 7127/7122/3 7125/7121/3
f 7132/7124/3 7265/7125/3 7266/7126/3
f 7132/7124/3 7264/7127/3 7265/7125/3
f 7132/7124/3 7263/7128/3 7264/7127/3
f 7133/7129/3 7263/7128/3 7132/7124/3
f 7133/7129/3 7262/7130/3 7263/7128/3
f 7134/7131/3 7262/7130/3 7133/7129/3
f 7135/7132/3 7262/7130/3 7134/7131/3
f 7136/7133/3 7260/7134/3 7135/7132/3
f 7260/7134/3 7262/7130/3 7135/7132/3
f 7136/7133/3 7259/7135/3 7260/7134/3
f 7261/7136/3 7262/7130/3 7260/7134/3
f 7136/7133/3 7258/7137/3 7259/7135/3
f 7137/7138/3 7258/7137/3 7136/7133/3
f 7137/7138/3 7257/7139/3 7258/7137/3
f 7137/7138/3 7256/7140/3 7257/7139/3
f 7137/7138/3 7255/7141/3 7256/7140/3
f 7137/7138/3 7254/7142/3 7255/7141/3
f 7137/7138/3 7253/7143/3 7254/7142/3
f 7137/7138/3 7252/7144/3 7253/7143/3
f 7139/7145/3 7137/7138/3 7138/7146/3
f 7139/7145/3 7252/7144/3 7137/7138/3
f 7139/7145/3 7251/7147/3 7252/7144/3
f 7139/7145/3 7250/7148/3 7251/7147/3
f 7140/7149/3 7250/7148/3 7139/7145/3
f 7140/7149/3 7249/7150/3 7250/7148/3
f 7140/7149/3 7248/7151/3 7249/7150/3
f 7140/7149/3 7247/7152/3 7248/7151/3
f 7140/7149/3 7246/7153/3 7247/7152/3
f 7140/7149/3 7245/7154/3 7246/7153/3
f 7141/7155/3 7245/7154/3 7140/7149/3
f 7141/7155/3 7244/7156/3 7245/7154/3
f 7141/7155/3 7243/7157/3 7244/7156/3
f 7142/7158/3 7243/7157/3 7141/7155/3
f 7142/7158/3 7242/7159/3 7243/7157/3
f 7143/7160/3 7242/7159/3 7142/7158/3
f 7143/7160/3 7241/7161/3 7242/7159/3
f 7143/7160/3 7240/7162/3 7241/7161/3
f 7144/7163/3 7240/7162/3 7143/7160/3
f 7144/7163/3 7239/7164/3 7240/7162/3
f 7145/7165/3 7239/7164/3 7144/7163/3
f 7145/7165/3 7238/7166/3 7239/7164/3
f 7146/7167/3 7238/7166/3 7145/7165/3
f 7146/7167/3 7237/7168/3 7238/7166/3
f 7147/7169/3 7237/7168/3 7146/7167/3
f 7147/7169/3 7236/7170/3 7237/7168/3
f 7147/7169/3 7235/7171/3 7236/7170/3
f 7148/7172/3 7235/7171/3 7147/7169/3
f 7148/7172/3 7234/7173/3 7235/7171/3
f 7149/7174/3 7234/7173/3 7148/7172/3
f 7149/7174/3 7233/7175/3 7234/7173/3
f 7150/7176/3 7233/7175/3 7149/7174/3
f 7150/7176/3 7232/7177/3 7233/7175/3
f 7151/7178/3 7232/7177/3 7150/7176/3
f 7151/7178/3 7231/7179/3 7232/7177/3
f 7152/7180/3 7231/7179/3 7151/7178/3
f 7152/7180/3 7230/7181/3 7231/7179/3
f 7153/7182/3 7230/7181/3 7152/7180/3
f 7153/7182/3 7229/7183/3 7230/7181/3
f 7154/7184/3 7229/7183/3 7153/7182/3
f 7154/7184/3 7228/7185/3 7229/7183/3
f 7155/7186/3 7228/7185/3 7154/7184/3
f 7155/7186/3 7227/7187/3 7228/7185/3
f 7156/7188/3 7227/7187/3 7155/7186/3
f 7157/7189/3 7227/7187/3 7156/7188/3
f 7157/7189/3 7226/7190/3 7227/7187/3
f 7158/7191/3 7226/7190/3 7157/7189/3
f 7158/7191/3 7352/7192/3 7226/7190/3
f 7352/7192/3 7225/7193/3 7226/7190/3
f 7159/7194/3 7335/7195/3 7158/7191/3
f 7335/7195/3 7336/7196/3 7158/7191/3
f 7336/7196/3 7337/7197/3 7158/7191/3
f 7337/7197/3 7338/7198/3 7158/7191/3
f 7338/7198/3 7339/7199/3 7158/7191/3
f 7339/7199/3 7340/7200/3 7158/7191/3
f 7340/7200/3 7352/7192/3 7158/7191/3
f 7341/7201/3 7352/7192/3 7340/7200/3
f 7342/7202/3 7352/7192/3 7341/7201/3
f 7343/7203/4 7352/7192/4 7342/7202/4
f 7344/7204/3 7352/7192/3 7343/7203/3
f 7345/7205/3 7352/7192/3 7344/7204/3
f 7346/7206/3 7352/7192/3 7345/7205/3
f 7347/7207/3 7352/7192/3 7346/7206/3
f 7348/7208/3 7352/7192/3 7347/7207/3
f 7349/7209/4 7352/7192/4 7348/7208/4
f 7350/7210/3 7352/7192/3 7349/7209/3
f 7351/7211/3 7352/7192/3 7350/7210/3
f 7353/7212/3 7225/7193/3 7352/7192/3
f 7354/7213/3 7225/7193/3 7353/7212/3
f 7355/7214/3 7225/7193/3 7354/7213/3
f 7355/7214/3 7224/7215/3 7225/7193/3
f 7159/7194/3 7334/7216/3 7335/7195/3
f 7356/7217/3 7224/7215/3 7355/7214/3
f 7159/7194/3 7333/7218/3 7334/7216/3
f 7357/7219/3 7224/7215/3 7356/7217/3
f 7159/7194/3 7332/7220/3 7333/7218/3
f 7358/7221/3 7224/7215/3 7357/7219/3
f 7159/7194/3 7331/7222/3 7332/7220/3
f 7359/7223/3 7224/7215/3 7358/7221/3
f 7159/7194/3 7330/7224/3 7331/7222/3
f 7360/7225/3 7224/7215/3 7359/7223/3
f 7361/7226/3 7224/7215/3 7360/7225/3
f 7159/7194/3 7329/7227/3 7330/7224/3
f 7160/7228/3 7329/7227/3 7159/7194/3
f 7362/7229/3 7224/7215/3 7361/7226/3
f 7363/7230/3 7224/7215/3 7362/7229/3
f 7267/7231/3 7224/7215/3 7363/7230/3
f 7268/7232/3 7224/7215/3 7267/7231/3
f 7160/7228/3 7328/7233/3 7329/7227/3
f 7268/7232/3 7223/7234/3 7224/7215/3
f 7269/7235/3 7223/7234/3 7268/7232/3
f 7160/7228/3 7327/7236/3 7328/7233/3
f 7270/7237/3 7223/7234/3 7269/7235/3
f 7160/7228/3 7326/7238/3 7327/7236/3
f 7271/7239/3 7223/7234/3 7270/7237/3
f 7272/7240/3 7223/7234/3 7271/7239/3
f 7161/7241/3 7326/7238/3 7160/7228/3
f 7161/7241/3 7325/7242/3 7326/7238/3
f 7273/7243/3 7223/7234/3 7272/7240/3
f 7274/7244/3 7223/7234/3 7273/7243/3
f 7161/7241/3 7324/7245/3 7325/7242/3
f 7275/7246/3 7223/7234/3 7274/7244/3
f 7275/7246/3 7222/7247/3 7223/7234/3
f 7276/7248/3 7222/7247/3 7275/7246/3
f 7161/7241/3 7323/7249/3 7324/7245/3
f 7277/7250/3 7222/7247/3 7276/7248/3
f 7162/7251/3 7323/7249/3 7161/7241/3
f 7278/7252/3 7222/7247/3 7277/7250/3
f 7162/7251/3 7322/7253/3 7323/7249/3
f 7279/7254/3 7222/7247/3 7278/7252/3
f 7279/7254/3 7221/7255/3 7222/7247/3
f 7162/7251/3 7321/7256/3 7322/7253/3
f 7280/7257/3 7221/7255/3 7279/7254/3
f 7163/7258/3 7321/7256/3 7162/7251/3
f 7163/7258/3 7320/7259/3 7321/7256/3
f 7281/7260/3 7221/7255/3 7280/7257/3
f 7282/7261/3 7221/7255/3 7281/7260/3
f 7163/7258/3 7319/7262/3 7320/7259/3
f 7283/7263/3 7221/7255/3 7282/7261/3
f 7283/7263/3 7220/7264/3 7221/7255/3
f 7163/7258/3 7318/7265/3 7319/7262/3
f 7284/7266/3 7220/7264/3 7283/7263/3
f 7164/7267/3 7318/7265/3 7163/7258/3
f 7285/7268/3 7220/7264/3 7284/7266/3
f 7164/7267/3 7317/7269/3 7318/7265/3
f 7286/7270/3 7220/7264/3 7285/7268/3
f 7287/7271/3 7220/7264/3 7286/7270/3
f 7288/7272/3 7220/7264/3 7287/7271/3
f 7164/7267/3 7316/7273/3 7317/7269/3
f 7289/7274/3 7220/7264/3 7288/7272/3
f 7289/7274/3 7219/7275/3 7220/7264/3
f 7164/7267/3 7315/7276/3 7316/7273/3
f 7290/7277/3 7219/7275/3 7289/7274/3
f 7291/7278/3 7219/7275/3 7290/7277/3
f 7165/7279/3 7315/7276/3 7164/7267/3
f 7292/7280/3 7219/7275/3 7291/7278/3
f 7293/7281/3 7219/7275/3 7292/7280/3
f 7294/7282/3 7219/7275/3 7293/7281/3
f 7295/7283/3 7219/7275/3 7294/7282/3
f 7296/7284/3 7219/7275/3 7295/7283/3
f 7165/7279/3 7314/7285/3 7315/7276/3
f 7165/7279/3 7313/7286/3 7314/7285/3
f 7165/7279/3 7312/7287/3 7313/7286/3
f 7165/7279/3 7311/7288/3 7312/7287/3
f 7165/7279/3 7310/7289/3 7311/7288/3
f 7165/7279/3 7309/7290/3 7310/7289/3
f 7165/7279/3 7308/7291/3 7309/7290/3
f 7297/7292/3 7219/7275/3 7296/7284/3
f 7165/7279/3 7307/7293/3 7308/7291/3
f 7165/7279/3 7306/7294/3 7307/7293/3
f 7165/7279/3 7305/7295/3 7306/7294/3
f 7165/7279/3 7304/7296/3 7305/7295/3
f 7165/7279/3 7303/7297/3 7304/7296/3
f 7298/7298/3 7219/7275/3 7297/7292/3
f 7165/7279/3 7302/7299/3 7303/7297/3
f 7298/7298/3 7218/7300/3 7219/7275/3
f 7165/7279/3 7301/7301/3 7302/7299/3
f 7299/7302/3 7218/7300/3 7298/7298/3
f 7165/7279/3 7300/7303/3 7301/7301/3
f 7300/7303/3 7218/7300/3 7299/7302/3
f 7165/7279/3 7218/7300/3 7300/7303/3
f 7166/7304/3 7218/7300/3 7165/7279/3
f 7166/7304/3 7217/7305/3 7218/7300/3
f 7167/7306/3 7217/7305/3 7166/7304/3
f 7167/7306/3 7216/7307/3 7217/7305/3
f 7168/7308/3 7216/7307/3 7167/7306/3
f 7168/7308/3 7215/7309/3 7216/7307/3
f 7169/7310/3 7215/7309/3 7168/7308/3
f 7169/7310/3 7214/7311/3 7215/7309/3
f 7170/7312/3 7214/7311/3 7169/7310/3
f 7170/7312/3 7213/7313/3 7214/7311/3
f 7171/7314/3 7213/7313/3 7170/7312/3
f 7171/7314/3 7212/7315/3 7213/7313/3
f 7172/7316/3 7212/7315/3 7171/7314/3
f 7172/7316/3 7211/7317/3 7212/7315/3
f 7173/7318/3 7211/7317/3 7172/7316/3
f 7173/7318/3 7210/7319/3 7211/7317/3
f 7173/7318/3 7209/7320/3 7210/7319/3
f 7174/7321/3 7209/7320/3 7173/7318/3
f 7174/7321/3 7208/7322/3 7209/7320/3
f 7174/7321/3 7207/7323/3 7208/7322/3
f 7174/7321/3 7206/7324/3 7207/7323/3
f 7175/7325/3 7206/7324/3 7174/7321/3
f 7175/7325/3 7205/7326/3 7206/7324/3
f 7175/7325/3 7204/7327/3 7205/7326/3
f 7175/7325/3 7203/7328/3 7204/7327/3
f 7176/7329/3 7203/7328/3 7175/7325/3
f 7176/7329/3 7202/7330/3 7203/7328/3
f 7176/7329/3 7201/7331/3 7202/7330/3
f 7176/7329/3 7200/7332/3 7201/7331/3
f 7177/7333/3 7200/7332/3 7176/7329/3
f 7177/7333/3 7199/7334/3 7200/7332/3
f 7177/7333/3 7198/7335/3 7199/7334/3
f 7177/7333/3 7197/7336/3 7198/7335/3
f 7178/7337/3 7197/7336/3 7177/7333/3
f 7178/7337/3 7196/7338/3 7197/7336/3
f 7179/7339/3 7196/7338/3 7178/7337/3
f 7179/7339/3 7195/7340/3 7196/7338/3
f 7179/7339/3 7194/7341/3 7195/7340/3
f 7180/7342/3 7194/7341/3 7179/7339/3
f 7180/7342/3 7193/7343/3 7194/7341/3
f 7180/7342/3 7192/7344/3 7193/7343/3
f 7180/7342/3 7191/7345/3 7192/7344/3
f 7181/7346/3 7191/7345/3 7180/7342/3
f 7181/7346/3 7190/7347/3 7191/7345/3
f 7181/7346/3 7189/7348/3 7190/7347/3
f 7182/7349/3 7189/7348/3 7181/7346/3
f 7182/7349/3 7188/7350/3 7189/7348/3
f 7182/7349/3 7187/7351/3 7188/7350/3
f 7182/7349/3 7186/7352/3 7187/7351/3
f 7183/7353/3 7186/7352/3 7182/7349/3
f 7183/7353/3 7185/7354/3 7186/7352/3
f 7183/7353/3 7184/7355/3 7185/7354/3
f 7410/7356/3 7408/7357/3 7409/7358/3
f 7410/7356/3 7407/7359/3 7408/7357/3
f 7403/7360/3 7401/7361/3 7402/7362/3
f 7403/7360/3 7400/7363/3 7401/7361/3
f 7403/7360/3 7399/7364/3 7400/7363/3
f 7411/7365/3 7407/7359/3 7410/7356/3
f 7412/7366/3 7407/7359/3 7411/7365/3
f 7413/7367/3 7407/7359/3 7412/7366/3
f 7414/7368/3 7407/7359/3 7413/7367/3
f 7415/7369/3 7407/7359/3 7414/7368/3
f 7416/7370/3 7407/7359/3 7415/7369/3
f 7417/7371/3 7407/7359/3 7416/7370/3
f 7418/7372/3 7407/7359/3 7417/7371/3
f 7419/7373/3 7407/7359/3 7418/7372/3
f 7420/7374/3 7407/7359/3 7419/7373/3
f 7364/7375/3 7407/7359/3 7420/7374/3
f 7365/7376/3 7407/7359/3 7364/7375/3
f 7366/7377/3 7407/7359/3 7365/7376/3
f 7367/7378/3 7407/7359/3 7366/7377/3
f 7368/7379/3 7407/7359/3 7367/7378/3
f 7369/7380/3 7407/7359/3 7368/7379/3
f 7370/7381/3 7407/7359/3 7369/7380/3
f 7371/7382/3 7407/7359/3 7370/7381/3
f 7372/7383/3 7407/7359/3 7371/7382/3
f 7373/7384/3 7407/7359/3 7372/7383/3
f 7374/7385/3 7407/7359/3 7373/7384/3
f 7375/7386/3 7407/7359/3 7374/7385/3
f 7376/7387/3 7407/7359/3 7375/7386/3
f 7376/7387/3 7406/7388/3 7407/7359/3
f 7404/7389/3 7399/7364/3 7403/7360/3
f 7404/7389/3 7398/7390/3 7399/7364/3
f 7377/7391/3 7406/7388/3 7376/7387/3
f 7378/7392/3 7406/7388/3 7377/7391/3
f 7379/7393/3 7406/7388/3 7378/7392/3
f 7380/7394/3 7406/7388/3 7379/7393/3
f 7381/7395/3 7406/7388/3 7380/7394/3
f 7382/7396/3 7406/7388/3 7381/7395/3
f 7383/7397/3 7406/7388/3 7382/7396/3
f 7384/7398/3 7406/7388/3 7383/7397/3
f 7385/7399/3 7406/7388/3 7384/7398/3
f 7386/7400/3 7406/7388/3 7385/7399/3
f 7387/7401/3 7406/7388/3 7386/7400/3
f 7388/7402/3 7406/7388/3 7387/7401/3
f 7391/7403/3 7389/7404/3 7390/7405/3
f 7391/7403/3 7388/7402/3 7389/7404/3
f 7391/7403/3 7406/7388/3 7388/7402/3
f 7391/7403/3 7405/7406/3 7406/7388/3
f 7391/7403/3 7404/7389/3 7405/7406/3
f 7391/7403/3 7398/7390/3 7404/7389/3
f 7391/7403/3 7397/7407/3 7398/7390/3
f 7391/7403/3 7396/7408/3 7397/7407/3
f 7391/7403/3 7395/7409/3 7396/7408/3
f 7392/7410/3 7395/7409/3 7391/7403/3
f 7392/7410/3 7394/7411/3 7395/7409/3
f 7393/7412/3 7394/7411/3 7392/7410/3
f 7421/7413/3 7435/7414/3 7436/7415/3
f 7421/7413/3 7434/7416/3 7435/7414/3
f 7421/7413/3 7433/7417/3 7434/7416/3
f 7422/7418/3 7433/7417/3 7421/7413/3
f 7422/7418/3 7432/7419/3 7433/7417/3
f 7423/7420/3 7432/7419/3 7422/7418/3
f 7424/7421/3 7432/7419/3 7423/7420/3
f 7425/7422/3 7430/7423/3 7424/7421/3
f 7430/7423/3 7432/7419/3 7424/7421/3
f 7425/7422/3 7429/7424/3 7430/7423/3
f 7431/7425/3 7432/7419/3 7430/7423/3
f 7426/7426/3 7429/7424/3 7425/7422/3
f 7426/7426/3 7428/7427/3 7429/7424/3
f 7427/7428/3 7428/7427/3 7426/7426/3
f 7437/7429/3 7459/7430/3 7460/7431/3
f 7437/7429/3 7458/7432/3 7459/7430/3
f 7437/7429/3 7440/7433/3 7458/7432/3
f 7440/7433/3 7457/7434/3 7458/7432/3
f 7438/7435/3 7440/7433/3 7437/7429/3
f 7439/7436/3 7440/7433/3 7438/7435/3
f 7441/7437/3 7457/7434/3 7440/7433/3
f 7442/7438/3 7457/7434/3 7441/7437/3
f 7442/7438/3 7456/7439/3 7457/7434/3
f 7445/7440/3 7443/7441/3 7444/7442/3
f 7445/7440/3 7442/7438/3 7443/7441/3
f 7445/7440/3 7454/7443/3 7442/7438/3
f 7454/7443/3 7456/7439/3 7442/7438/3
f 7445/7440/3 7453/7444/3 7454/7443/3
f 7455/7445/3 7456/7439/3 7454/7443/3
f 7445/7440/3 7452/7446/3 7453/7444/3
f 7446/7447/3 7452/7446/3 7445/7440/3
f 7446/7447/3 7451/7448/3 7452/7446/3
f 7446/7447/3 7450/7449/3 7451/7448/3
f 7446/7447/3 7449/7450/3 7450/7449/3
f 7446/7447/3 7448/7451/3 7449/7450/3
f 7446/7447/3 7447/7452/3 7448/7451/3
f 7461/7453/3 7471/7454/3 7472/7455/3
f 7461/7453/3 7470/7456/3 7471/7454/3
f 7461/7453/3 7469/7457/3 7470/7456/3
f 7461/7453/3 7468/7458/3 7469/7457/3
f 7462/7459/3 7468/7458/3 7461/7453/3
f 7462/7459/3 7467/7460/3 7468/7458/3
f 7462/7459/3 7466/7461/3 7467/7460/3
f 7462/7459/3 7465/7462/3 7466/7461/3
f 7462/7459/3 7464/7463/3 7465/7462/3
f 7463/7464/3 7464/7463/3 7462/7459/3
f 7584/7465/3 7582/7466/3 7583/7467/3
f 7584/7465/3 7581/7468/3 7582/7466/3
f 7585/7469/3 7581/7468/3 7584/7465/3
f 7585/7469/3 7580/7470/3 7581/7468/3
f 7586/7471/3 7580/7470/3 7585/7469/3
f 7586/7471/3 7579/7472/3 7580/7470/3
f 7587/7473/3 7579/7472/3 7586/7471/3
f 7587/7473/3 7578/7474/3 7579/7472/3
f 7588/7475/3 7578/7474/3 7587/7473/3
f 7589/7476/3 7578/7474/3 7588/7475/3
f 7589/7476/3 7577/7477/3 7578/7474/3
f 7590/7478/3 7577/7477/3 7589/7476/3
f 7591/7479/3 7577/7477/3 7590/7478/3
f 7591/7479/3 7576/7480/3 7577/7477/3
f 7592/7481/3 7576/7480/3 7591/7479/3
f 7473/7482/3 7576/7480/3 7592/7481/3
f 7474/7483/3 7576/7480/3 7473/7482/3
f 7474/7483/3 7575/7484/3 7576/7480/3
f 7475/7485/3 7575/7484/3 7474/7483/3
f 7475/7485/3 7574/7486/3 7575/7484/3
f 7476/7487/3 7574/7486/3 7475/7485/3
f 7476/7487/3 7573/7488/3 7574/7486/3
f 7477/7489/3 7573/7488/3 7476/7487/3
f 7477/7489/3 7572/7490/3 7573/7488/3
f 7478/7491/3 7572/7490/3 7477/7489/3
f 7479/7492/3 7572/7490/3 7478/7491/3
f 7479/7492/3 7571/7493/3 7572/7490/3
f 7480/7494/3 7571/7493/3 7479/7492/3
f 7480/7494/3 7570/7495/3 7571/7493/3
f 7481/7496/3 7570/7495/3 7480/7494/3
f 7482/7497/3 7570/7495/3 7481/7496/3
f 7482/7497/3 7569/7498/3 7570/7495/3
f 7483/7499/3 7569/7498/3 7482/7497/3
f 7484/7500/3 7569/7498/3 7483/7499/3
f 7484/7500/3 7568/7501/3 7569/7498/3
f 7485/7502/3 7568/7501/3 7484/7500/3
f 7485/7502/3 7567/7503/3 7568/7501/3
f 7486/7504/3 7567/7503/3 7485/7502/3
f 7486/7504/3 7566/7505/3 7567/7503/3
f 7487/7506/3 7566/7505/3 7486/7504/3
f 7487/7506/3 7565/7507/3 7566/7505/3
f 7488/7508/3 7565/7507/3 7487/7506/3
f 7489/7509/3 7565/7507/3 7488/7508/3
f 7489/7509/3 7564/7510/3 7565/7507/3
f 7490/7511/3 7564/7510/3 7489/7509/3
f 7490/7511/3 7563/7512/3 7564/7510/3
f 7491/7513/3 7563/7512/3 7490/7511/3
f 7491/7513/3 7562/7514/3 7563/7512/3
f 7492/7515/3 7562/7514/3 7491/7513/3
f 7492/7515/3 7561/7516/3 7562/7514/3
f 7493/7517/3 7561/7516/3 7492/7515/3
f 7493/7517/3 7560/7518/3 7561/7516/3
f 7494/7519/3 7661/7520/3 7493/7517/3
f 7661/7520/3 7560/7518/3 7493/7517/3
f 7494/7519/3 7660/7521/3 7661/7520/3
f 7662/7522/3 7560/7518/3 7661/7520/3
f 7663/7523/3 7560/7518/3 7662/7522/3
f 7663/7523/3 7664/7524/3 7560/7518/3
f 7664/7524/3 7665/7525/3 7560/7518/3
f 7665/7525/3 7559/7526/3 7560/7518/3
f 7494/7519/3 7659/7527/3 7660/7521/3
f 7495/7528/3 7655/7529/3 7494/7519/3
f 7655/7529/3 7656/7530/3 7494/7519/3
f 7656/7530/3 7657/7531/3 7494/7519/3
f 7657/7531/3 7658/7532/3 7494/7519/3
f 7658/7532/3 7659/7527/3 7494/7519/3
f 7593/7533/3 7559/7526/3 7665/7525/3
f 7594/7534/3 7559/7526/3 7593/7533/3
f 7495/7528/3 7654/7535/3 7655/7529/3
f 7595/7536/3 7559/7526/3 7594/7534/3
f 7495/7528/3 7653/7537/3 7654/7535/3
f 7596/7538/3 7559/7526/3 7595/7536/3
f 7495/7528/3 7652/7539/3 7653/7537/3
f 7597/7540/3 7559/7526/3 7596/7538/3
f 7495/7528/3 7651/7541/3 7652/7539/3
f 7598/7542/3 7559/7526/3 7597/7540/3
f 7495/7528/3 7650/7543/3 7651/7541/3
f 7599/7544/3 7559/7526/3 7598/7542/3
f 7495/7528/3 7649/7545/3 7650/7543/3
f 7496/7546/3 7649/7545/3 7495/7528/3
f 7599/7544/3 7558/7547/3 7559/7526/3
f 7600/7548/3 7558/7547/3 7599/7544/3
f 7496/7546/3 7648/7549/3 7649/7545/3
f 7601/7550/3 7558/7547/3 7600/7548/3
f 7496/7546/3 7647/7551/3 7648/7549/3
f 7602/7552/3 7558/7547/3 7601/7550/3
f 7496/7546/3 7646/7553/3 7647/7551/3
f 7603/7554/3 7558/7547/3 7602/7552/3
f 7496/7546/3 7645/7555/3 7646/7553/3
f 7497/7556/3 7645/7555/3 7496/7546/3
f 7603/7554/3 7557/7557/3 7558/7547/3
f 7604/7558/3 7557/7557/3 7603/7554/3
f 7497/7556/3 7644/7559/3 7645/7555/3
f 7497/7556/3 7643/7560/3 7644/7559/3
f 7605/7561/3 7557/7557/3 7604/7558/3
f 7497/7556/3 7642/7562/3 7643/7560/3
f 7606/7563/3 7557/7557/3 7605/7561/3
f 7498/7564/3 7642/7562/3 7497/7556/3
f 7498/7564/3 7641/7565/3 7642/7562/3
f 7606/7563/3 7556/7566/3 7557/7557/3
f 7498/7564/3 7640/7567/3 7641/7565/3
f 7607/7568/3 7556/7566/3 7606/7563/3
f 7498/7564/3 7639/7569/3 7640/7567/3
f 7499/7570/3 7639/7569/3 7498/7564/3
f 7499/7570/3 7638/7571/3 7639/7569/3
f 7499/7570/3 7637/7572/3 7638/7571/3
f 7608/7573/3 7556/7566/3 7607/7568/3
f 7499/7570/3 7636/7574/3 7637/7572/3
f 7608/7573/3 7555/7575/3 7556/7566/3
f 7499/7570/3 7635/7576/3 7636/7574/3
f 7500/7577/3 7635/7576/3 7499/7570/3
f 7500/7577/3 7634/7578/3 7635/7576/3
f 7609/7579/3 7555/7575/3 7608/7573/3
f 7500/7577/3 7633/7580/3 7634/7578/3
f 7500/7577/3 7632/7581/3 7633/7580/3
f 7500/7577/3 7631/7582/3 7632/7581/3
f 7610/7583/3 7555/7575/3 7609/7579/3
f 7500/7577/3 7630/7584/3 7631/7582/3
f 7501/7585/3 7630/7584/3 7500/7577/3
f 7501/7585/3 7629/7586/3 7630/7584/3
f 7611/7587/3 7555/7575/3 7610/7583/3
f 7611/7587/3 7554/7588/3 7555/7575/3
f 7612/7589/3 7554/7588/3 7611/7587/3
f 7502/7590/3 7629/7586/3 7501/7585/3
f 7613/7591/3 7554/7588/3 7612/7589/3
f 7614/7592/3 7554/7588/3 7613/7591/3
f 7615/7593/3 7554/7588/3 7614/7592/3
f 7616/7594/3 7554/7588/3 7615/7593/3
f 7617/7595/3 7554/7588/3 7616/7594/3
f 7502/7590/3 7628/7596/3 7629/7586/3
f 7502/7590/3 7627/7597/3 7628/7596/3
f 7502/7590/3 7626/7598/3 7627/7597/3
f 7502/7590/3 7625/7599/3 7626/7598/3
f 7502/7590/3 7624/7600/3 7625/7599/3
f 7502/7590/3 7623/7601/3 7624/7600/3
f 7502/7590/3 7622/7602/3 7623/7601/3
f 7502/7590/3 7621/7603/3 7622/7602/3
f 7502/7590/3 7620/7604/3 7621/7603/3
f 7502/7590/3 7619/7605/3 7620/7604/3
f 7502/7590/3 7618/7606/3 7619/7605/3
f 7502/7590/3 7617/7595/3 7618/7606/3
f 7502/7590/3 7554/7588/3 7617/7595/3
f 7503/7607/3 7554/7588/3 7502/7590/3
f 7503/7607/3 7553/7608/3 7554/7588/3
f 7504/7609/3 7553/7608/3 7503/7607/3
f 7504/7609/3 7552/7610/3 7553/7608/3
f 7505/7611/3 7552/7610/3 7504/7609/3
f 7506/7612/3 7552/7610/3 7505/7611/3
f 7506/7612/3 7551/7613/3 7552/7610/3
f 7507/7614/3 7551/7613/3 7506/7612/3
f 7508/7615/3 7551/7613/3 7507/7614/3
f 7509/7616/3 7551/7613/3 7508/7615/3
f 7509/7616/3 7550/7617/3 7551/7613/3
f 7510/7618/3 7550/7617/3 7509/7616/3
f 7510/7618/3 7549/7619/3 7550/7617/3
f 7511/7620/3 7549/7619/3 7510/7618/3
f 7511/7620/3 7548/7621/3 7549/7619/3
f 7512/7622/3 7548/7621/3 7511/7620/3
f 7513/7623/3 7548/7621/3 7512/7622/3
f 7513/7623/3 7547/7624/3 7548/7621/3
f 7514/7625/3 7547/7624/3 7513/7623/3
f 7514/7625/3 7546/7626/3 7547/7624/3
f 7515/7627/3 7546/7626/3 7514/7625/3
f 7515/7627/3 7545/7628/3 7546/7626/3
f 7516/7629/3 7545/7628/3 7515/7627/3
f 7516/7629/3 7544/7630/3 7545/7628/3
f 7517/7631/3 7544/7630/3 7516/7629/3
f 7518/7632/3 7544/7630/3 7517/7631/3
f 7518/7632/3 7543/7633/3 7544/7630/3
f 7519/7634/3 7543/7633/3 7518/7632/3
f 7519/7634/3 7542/7635/3 7543/7633/3
f 7520/7636/3 7542/7635/3 7519/7634/3
f 7520/7636/3 7541/7637/3 7542/7635/3
f 7521/7638/3 7541/7637/3 7520/7636/3
f 7522/7639/3 7541/7637/3 7521/7638/3
f 7522/7639/3 7540/7640/3 7541/7637/3
f 7523/7641/3 7540/7640/3 7522/7639/3
f 7523/7641/3 7539/7642/3 7540/7640/3
f 7524/7643/3 7539/7642/3 7523/7641/3
f 7525/7644/3 7539/7642/3 7524/7643/3
f 7525/7644/3 7538/7645/3 7539/7642/3
f 7526/7646/3 7538/7645/3 7525/7644/3
f 7526/7646/3 7537/7647/3 7538/7645/3
f 7527/7648/3 7537/7647/3 7526/7646/3
f 7528/7649/3 7537/7647/3 7527/7648/3
f 7528/7649/3 7536/7650/3 7537/7647/3
f 7529/7651/3 7536/7650/3 7528/7649/3
f 7529/7651/3 7535/7652/3 7536/7650/3
f 7530/7653/3 7535/7652/3 7529/7651/3
f 7531/7654/3 7535/7652/3 7530/7653/3
f 7531/7654/3 7534/7655/3 7535/7652/3
f 7532/7656/3 7534/7655/3 7531/7654/3
f 7532/7656/3 7533/7657/3 7534/7655/3
f 7666/7658/3 7672/7659/3 7673/7660/3
f 7666/7658/3 7671/7661/3 7672/7659/3
f 7666/7658/3 7670/7662/3 7671/7661/3
f 7667/7663/3 7670/7662/3 7666/7658/3
f 7667/7663/3 7668/7664/3 7670/7662/3
f 7668/7664/3 7669/7665/3 7670/7662/3
f 7674/7666/3 7680/7667/3 7681/7668/3
f 7674/7666/3 7679/7669/3 7680/7667/3
f 7674/7666/3 7678/7670/3 7679/7669/3
f 7675/7671/3 7678/7670/3 7674/7666/3
f 7675/7671/3 7677/7672/3 7678/7670/3
f 7676/7673/3 7677/7672/3 7675/7671/3
f 7682/7674/3 7688/7675/3 7689/7676/3
f 7682/7674/3 7687/7677/3 7688/7675/3
f 7682/7674/3 7686/7678/3 7687/7677/3
f 7683/7679/3 7686/7678/3 7682/7674/3
f 7683/7679/3 7685/7680/3 7686/7678/3
f 7684/7681/3 7685/7680/3 7683/7679/3
f 7690/7682/3 7696/7683/3 7697/7684/3
f 7690/7682/3 7695/7685/3 7696/7683/3
f 7690/7682/3 7694/7686/3 7695/7685/3
f 7691/7687/3 7694/7686/3 7690/7682/3
f 7691/7687/3 7693/7688/3 7694/7686/3
f 7692/7689/3 7693/7688/3 7691/7687/3
f 7698/7690/3 7712/7691/3 7713/7692/3
f 7698/7690/3 7711/7693/3 7712/7691/3
f 7698/7690/3 7710/7694/3 7711/7693/3
f 7714/7695/3 7736/7696/3 7737/7697/3
f 7714/7695/3 7735/7698/3 7736/7696/3
f 7714/7695/3 7717/7699/3 7735/7698/3
f 7717/7699/3 7734/7700/3 7735/7698/3
f 7715/7701/3 7717/7699/3 7714/7695/3
f 7699/7702/3 7710/7694/3 7698/7690/3
f 7716/7703/3 7717/7699/3 7715/7701/3
f 7718/7704/3 7734/7700/3 7717/7699/3
f 7718/7704/3 7733/7705/3 7734/7700/3
f 7719/7706/3 7733/7705/3 7718/7704/3
f 7702/7707/3 7700/7708/3 7701/7709/3
f 7702/7707/3 7699/7702/3 7700/7708/3
f 7702/7707/3 7710/7694/3 7699/7702/3
f 7722/7710/3 7720/7711/3 7721/7712/3
f 7722/7710/3 7719/7706/3 7720/7711/3
f 7722/7710/3 7731/7713/3 7719/7706/3
f 7731/7713/3 7733/7705/3 7719/7706/3
f 7703/7714/3 7710/7694/3 7702/7707/3
f 7703/7714/3 7704/7715/3 7710/7694/3
f 7704/7715/3 7705/7716/3 7710/7694/3
f 7705/7716/3 7709/7717/3 7710/7694/3
f 7731/7713/3 7732/7718/3 7733/7705/3
f 7722/7710/3 7730/7719/3 7731/7713/3
f 7706/7720/3 7709/7717/3 7705/7716/3
f 7723/7721/3 7730/7719/3 7722/7710/3
f 7723/7721/3 7729/7722/3 7730/7719/3
f 7723/7721/3 7728/7723/3 7729/7722/3
f 7723/7721/3 7727/7724/3 7728/7723/3
f 7723/7721/3 7726/7725/3 7727/7724/3
f 7723/7721/3 7725/7726/3 7726/7725/3
f 7707/7727/3 7709/7717/3 7706/7720/3
f 7724/7728/3 7725/7726/3 7723/7721/3
f 7708/7729/3 7709/7717/3 7707/7727/3
f 7738/7730/3 7744/7731/3 7745/7732/3
f 7738/7730/3 7743/7733/3 7744/7731/3
f 7738/7730/3 7742/7734/3 7743/7733/3
f 7739/7735/3 7742/7734/3 7738/7730/3
f 7739/7735/3 7741/7736/3 7742/7734/3
f 7740/7737/3 7741/7736/3 7739/7735/3
f 7838/7738/3 7836/7739/3 7837/7740/3
f 7838/7738/3 7835/7741/3 7836/7739/3
f 7839/7742/3 7835/7741/3 7838/7738/3
f 7840/7743/3 7835/7741/3 7839/7742/3
f 7841/7744/3 7835/7741/3 7840/7743/3
f 7842/7745/3 7835/7741/3 7841/7744/3
f 7843/7746/3 7835/7741/3 7842/7745/3
f 7844/7747/3 7835/7741/3 7843/7746/3
f 7845/7748/3 7835/7741/3 7844/7747/3
f 7846/7749/3 7835/7741/3 7845/7748/3
f 7847/7750/3 7835/7741/3 7846/7749/3
f 7847/7750/3 7834/7751/3 7835/7741/3
f 7848/7752/3 7834/7751/3 7847/7750/3
f 7746/7753/3 7834/7751/3 7848/7752/3
f 7747/7754/3 7834/7751/3 7746/7753/3
f 7748/7755/3 7834/7751/3 7747/7754/3
f 7749/7756/3 7834/7751/3 7748/7755/3
f 7749/7756/3 7833/7757/3 7834/7751/3
f 7750/7758/3 7833/7757/3 7749/7756/3
f 7751/7759/3 7833/7757/3 7750/7758/3
f 7751/7759/3 7832/7760/3 7833/7757/3
f 7752/7761/3 7832/7760/3 7751/7759/3
f 7753/7762/3 7832/7760/3 7752/7761/3
f 7753/7762/3 7831/7763/3 7832/7760/3
f 7754/7764/3 7831/7763/3 7753/7762/3
f 7755/7765/3 7831/7763/3 7754/7764/3
f 7755/7765/3 7830/7766/3 7831/7763/3
f 7756/7767/3 7830/7766/3 7755/7765/3
f 7757/7768/3 7830/7766/3 7756/7767/3
f 7757/7768/3 7829/7769/3 7830/7766/3
f 7758/7770/3 7829/7769/3 7757/7768/3
f 7758/7770/3 7828/7771/3 7829/7769/3
f 7759/7772/3 7828/7771/3 7758/7770/3
f 7760/7773/3 7828/7771/3 7759/7772/3
f 7761/7774/3 7828/7771/3 7760/7773/3
f 7762/7775/3 7828/7771/3 7761/7774/3
f 7762/7775/3 7827/7776/3 7828/7771/3
f 7763/7777/3 7827/7776/3 7762/7775/3
f 7763/7777/3 7826/7778/3 7827/7776/3
f 7764/7779/3 7826/7778/3 7763/7777/3
f 7764/7779/3 7825/7780/3 7826/7778/3
f 7765/7781/3 7825/7780/3 7764/7779/3
f 7765/7781/3 7824/7782/3 7825/7780/3
f 7765/7781/3 7823/7783/3 7824/7782/3
f 7766/7784/3 7823/7783/3 7765/7781/3
f 7767/7785/3 7823/7783/3 7766/7784/3
f 7768/7786/3 7823/7783/3 7767/7785/3
f 7769/7787/3 7823/7783/3 7768/7786/3
f 7769/7787/3 7772/7788/3 7823/7783/3
f 7772/7788/3 7822/7789/3 7823/7783/3
f 7770/7790/3 7772/7788/3 7769/7787/3
f 7771/7791/3 7772/7788/3 7770/7790/3
f 7773/7792/3 7822/7789/3 7772/7788/3
f 7773/7792/3 7821/7793/3 7822/7789/3
f 7773/7792/3 7820/7794/3 7821/7793/3
f 7774/7795/3 7820/7794/3 7773/7792/3
f 7774/7795/3 7819/7796/3 7820/7794/3
f 7775/7797/3 7819/7796/3 7774/7795/3
f 7775/7797/3 7818/7798/3 7819/7796/3
f 7776/7799/3 7818/7798/3 7775/7797/3
f 7776/7799/3 7817/7800/3 7818/7798/3
f 7776/7799/3 7816/7801/3 7817/7800/3
f 7777/7802/3 7816/7801/3 7776/7799/3
f 7777/7802/3 7815/7803/3 7816/7801/3
f 7778/7804/3 7815/7803/3 7777/7802/3
f 7778/7804/3 7814/7805/3 7815/7803/3
f 7778/7804/3 7813/7806/3 7814/7805/3
f 7779/7807/3 7813/7806/3 7778/7804/3
f 7779/7807/3 7812/7808/3 7813/7806/3
f 7780/7809/3 7812/7808/3 7779/7807/3
f 7780/7809/3 7811/7810/3 7812/7808/3
f 7780/7809/3 7810/7811/3 7811/7810/3
f 7781/7812/3 7810/7811/3 7780/7809/3
f 7781/7812/3 7809/7813/3 7810/7811/3
f 7781/7812/3 7808/7814/3 7809/7813/3
f 7782/7815/3 7808/7814/3 7781/7812/3
f 7782/7815/3 7807/7816/3 7808/7814/3
f 7782/7815/3 7806/7817/3 7807/7816/3
f 7783/7818/3 7806/7817/3 7782/7815/3
f 7783/7818/3 7805/7819/3 7806/7817/3
f 7783/7818/3 7804/7820/3 7805/7819/3
f 7784/7821/3 7804/7820/3 7783/7818/3
f 7784/7821/3 7803/7822/3 7804/7820/3
f 7784/7821/3 7802/7823/3 7803/7822/3
f 7784/7821/3 7801/7824/3 7802/7823/3
f 7785/7825/3 7801/7824/3 7784/7821/3
f 7785/7825/3 7800/7826/3 7801/7824/3
f 7785/7825/3 7799/7827/3 7800/7826/3
f 7786/7828/3 7799/7827/3 7785/7825/3
f 7787/7829/3 7799/7827/3 7786/7828/3
f 7788/7830/3 7799/7827/3 7787/7829/3
f 7789/7831/3 7799/7827/3 7788/7830/3
f 7790/7832/3 7799/7827/3 7789/7831/3
f 7791/7833/3 7799/7827/3 7790/7832/3
f 7792/7834/3 7799/7827/3 7791/7833/3
f 7793/7835/3 7799/7827/3 7792/7834/3
f 7794/7836/3 7799/7827/3 7793/7835/3
f 7794/7836/3 7798/7837/3 7799/7827/3
f 7795/7838/3 7798/7837/3 7794/7836/3
f 7795/7838/3 7796/7839/3 7798/7837/3
f 7796/7839/3 7797/7840/3 7798/7837/3
f 7887/7841/3 7885/7842/3 7886/7843/3
f 7887/7841/3 7884/7844/3 7885/7842/3
f 7888/7845/3 7884/7844/3 7887/7841/3
f 7889/7846/3 7884/7844/3 7888/7845/3
f 7890/7847/3 7884/7844/3 7889/7846/3
f 7891/7848/3 7884/7844/3 7890/7847/3
f 7892/7849/3 7884/7844/3 7891/7848/3
f 7893/7850/3 7884/7844/3 7892/7849/3
f 7894/7851/3 7884/7844/3 7893/7850/3
f 7895/7852/3 7884/7844/3 7894/7851/3
f 7896/7853/3 7884/7844/3 7895/7852/3
f 7897/7854/3 7884/7844/3 7896/7853/3
f 7849/7855/3 7884/7844/3 7897/7854/3
f 7850/7856/3 7884/7844/3 7849/7855/3
f 7851/7857/3 7884/7844/3 7850/7856/3
f 7852/7858/3 7884/7844/3 7851/7857/3
f 7853/7859/3 7884/7844/3 7852/7858/3
f 7854/7860/3 7884/7844/3 7853/7859/3
f 7855/7861/3 7884/7844/3 7854/7860/3
f 7856/7862/3 7884/7844/3 7855/7861/3
f 7856/7862/3 7883/7863/3 7884/7844/3
f 7857/7864/3 7883/7863/3 7856/7862/3
f 7858/7865/3 7883/7863/3 7857/7864/3
f 7859/7866/3 7883/7863/3 7858/7865/3
f 7859/7866/3 7882/7867/3 7883/7863/3
f 7859/7866/3 7881/7868/3 7882/7867/3
f 7859/7866/3 7880/7869/3 7881/7868/3
f 7860/7870/3 7880/7869/3 7859/7866/3
f 7860/7870/3 7879/7871/3 7880/7869/3
f 7861/7872/3 7877/7873/3 7860/7870/3
f 7877/7873/3 7879/7871/3 7860/7870/3
f 7877/7873/3 7878/7874/3 7879/7871/3
f 7861/7872/3 7876/7875/3 7877/7873/3
f 7862/7876/3 7876/7875/3 7861/7872/3
f 7863/7877/3 7876/7875/3 7862/7876/3
f 7864/7878/3 7876/7875/3 7863/7877/3
f 7865/7879/3 7876/7875/3 7864/7878/3
f 7866/7880/3 7876/7875/3 7865/7879/3
f 7867/7881/3 7876/7875/3 7866/7880/3
f 7867/7881/3 7875/7882/3 7876/7875/3
f 7868/7883/3 7875/7882/3 7867/7881/3
f 7869/7884/3 7875/7882/3 7868/7883/3
f 7870/7885/3 7875/7882/3 7869/7884/3
f 7871/7886/3 7875/7882/3 7870/7885/3
f 7872/7887/3 7875/7882/3 7871/7886/3
f 7873/7888/3 7875/7882/3 7872/7887/3
f 7874/7889/3 7875/7882/3 7873/7888/3
f 7906/7890/3 7904/7891/3 7905/7892/3
f 7898/7893/3 7912/7894/3 7913/7895/3
f 7898/7893/3 7911/7896/3 7912/7894/3
f 7898/7893/3 7910/7897/3 7911/7896/3
f 7906/7890/3 7903/7898/3 7904/7891/3
f 7906/7890/3 7902/7899/3 7903/7898/3
f 7898/7893/3 7909/7900/3 7910/7897/3
f 7907/7901/3 7902/7899/3 7906/7890/3
f 7898/7893/3 7908/7902/3 7909/7900/3
f 7898/7893/3 7907/7901/3 7908/7902/3
f 7898/7893/3 7902/7899/3 7907/7901/3
f 7899/7903/3 7919/7904/3 7898/7893/3
f 7919/7904/3 7902/7899/3 7898/7893/3
f 7919/7904/3 7920/7905/3 7902/7899/3
f 7920/7905/3 7921/7906/3 7902/7899/3
f 7921/7906/3 7901/7907/3 7902/7899/3
f 7899/7903/3 7918/7908/3 7919/7904/3
f 7914/7909/3 7901/7907/3 7921/7906/3
f 7899/7903/3 7917/7910/3 7918/7908/3
f 7915/7911/3 7901/7907/3 7914/7909/3
f 7899/7903/3 7916/7912/3 7917/7910/3
f 7899/7903/3 7915/7911/3 7916/7912/3
f 7899/7903/3 7901/7907/3 7915/7911/3
f 7899/7903/3 7900/7913/3 7901/7907/3
f 8058/7914/3 8056/7915/3 8057/7916/3
f 8059/7917/3 8056/7915/3 8058/7914/3
f 8059/7917/3 8055/7918/3 8056/7915/3
f 8060/7919/3 8055/7918/3 8059/7917/3
f 8060/7919/3 8054/7920/3 8055/7918/3
f 8061/7921/3 8054/7920/3 8060/7919/3
f 8061/7921/3 8053/7922/3 8054/7920/3
f 8061/7921/3 8052/7923/3 8053/7922/3
f 8062/7924/3 8052/7923/3 8061/7921/3
f 8062/7924/3 8051/7925/3 8052/7923/3
f 8063/7926/3 8051/7925/3 8062/7924/3
f 8063/7926/3 8050/7927/3 8051/7925/3
f 8064/7928/3 8050/7927/3 8063/7926/3
f 8064/7928/3 8049/7929/3 8050/7927/3
f 8065/7930/3 8049/7929/3 8064/7928/3
f 8065/7930/3 8048/7931/3 8049/7929/3
f 8065/7930/3 8047/7932/3 8048/7931/3
f 8066/7933/3 8047/7932/3 8065/7930/3
f 8066/7933/3 8046/7934/3 8047/7932/3
f 7922/7935/3 8046/7934/3 8066/7933/3
f 7922/7935/3 8045/7936/3 8046/7934/3
f 7923/7937/3 8045/7936/3 7922/7935/3
f 7923/7937/3 8044/7938/3 8045/7936/3
f 7923/7937/3 8043/7939/3 8044/7938/3
f 7924/7940/3 8043/7939/3 7923/7937/3
f 7924/7940/3 8042/7941/3 8043/7939/3
f 7924/7940/3 8041/7942/3 8042/7941/3
f 7925/7943/3 8041/7942/3 7924/7940/3
f 7925/7943/3 8040/7944/3 8041/7942/3
f 7926/7945/3 8040/7944/3 7925/7943/3
f 7926/7945/3 8039/7946/3 8040/7944/3
f 7927/7947/3 8039/7946/3 7926/7945/3
f 7927/7947/3 8038/7948/3 8039/7946/3
f 7928/7949/3 8038/7948/3 7927/7947/3
f 7928/7949/3 8037/7950/3 8038/7948/3
f 7929/7951/3 8037/7950/3 7928/7949/3
f 7929/7951/3 8036/7952/3 8037/7950/3
f 7930/7953/3 8036/7952/3 7929/7951/3
f 7930/7953/3 8035/7954/3 8036/7952/3
f 7931/7955/3 8035/7954/3 7930/7953/3
f 7931/7955/3 8034/7956/3 8035/7954/3
f 7931/7955/3 8033/7957/3 8034/7956/3
f 7932/7958/3 8033/7957/3 7931/7955/3
f 7932/7958/3 8032/7959/3 8033/7957/3
f 7933/7960/3 8032/7959/3 7932/7958/3
f 7933/7960/3 8031/7961/3 8032/7959/3
f 7934/7962/3 8163/7963/3 7933/7960/3
f 8163/7963/3 8164/7964/3 7933/7960/3
f 8164/7964/3 8165/7965/3 7933/7960/3
f 8165/7965/3 8031/7961/3 7933/7960/3
f 8166/7966/3 8031/7961/3 8165/7965/3
f 7934/7962/3 8162/7967/3 8163/7963/3
f 8167/7968/3 8031/7961/3 8166/7966/3
f 8168/7969/3 8031/7961/3 8167/7968/3
f 7934/7962/3 8161/7970/3 8162/7967/3
f 8169/7971/3 8031/7961/3 8168/7969/3
f 7934/7962/3 8160/7972/3 8161/7970/3
f 8170/7973/3 8031/7961/3 8169/7971/3
f 8171/7974/3 8031/7961/3 8170/7973/3
f 7934/7962/3 8159/7975/3 8160/7972/3
f 8172/7976/3 8031/7961/3 8171/7974/3
f 8173/7977/3 8031/7961/3 8172/7976/3
f 7934/7962/3 8158/7978/3 8159/7975/3
f 8174/7979/3 8031/7961/3 8173/7977/3
f 8174/7979/3 8030/7980/3 8031/7961/3
f 8175/7981/3 8030/7980/3 8174/7979/3
f 7934/7962/3 8157/7982/3 8158/7978/3
f 8176/7983/3 8030/7980/3 8175/7981/3
f 7934/7962/3 8156/7984/3 8157/7982/3
f 8177/7985/3 8030/7980/3 8176/7983/3
f 8178/7986/3 8030/7980/3 8177/7985/3
f 7934/7962/3 8155/7987/3 8156/7984/3
f 8067/7988/3 8030/7980/3 8178/7986/3
f 8067/7988/3 8029/7989/3 8030/7980/3
f 7934/7962/3 8154/7990/3 8155/7987/3
f 7935/7991/3 8154/7990/3 7934/7962/3
f 8068/7992/3 8029/7989/3 8067/7988/3
f 7935/7991/3 8153/7993/3 8154/7990/3
f 8069/7994/3 8029/7989/3 8068/7992/3
f 7935/7991/3 8152/7995/3 8153/7993/3
f 8070/7996/3 8029/7989/3 8069/7994/3
f 7935/7991/3 8151/7997/3 8152/7995/3
f 8070/7996/3 8028/7998/3 8029/7989/3
f 8071/7999/3 8028/7998/3 8070/7996/3
f 7936/8000/3 8151/7997/3 7935/7991/3
f 7936/8000/3 8150/8001/3 8151/7997/3
f 8072/8002/3 8028/7998/3 8071/7999/3
f 7936/8000/3 8149/8003/3 8150/8001/3
f 8073/8004/3 8028/7998/3 8072/8002/3
f 8073/8004/3 8027/8005/3 8028/7998/3
f 7936/8000/3 8148/8006/3 8149/8003/3
f 7937/8007/3 8148/8006/3 7936/8000/3
f 8074/8008/3 8027/8005/3 8073/8004/3
f 7937/8007/3 8147/8009/3 8148/8006/3
f 8075/8010/3 8027/8005/3 8074/8008/3
f 7937/8007/3 8146/8011/3 8147/8009/3
f 8075/8010/3 8026/8012/3 8027/8005/3
f 8076/8013/3 8026/8012/3 8075/8010/3
f 7938/8014/3 8146/8011/3 7937/8007/3
f 7938/8014/3 8145/8015/3 8146/8011/3
f 8077/8016/3 8026/8012/3 8076/8013/3
f 7938/8014/3 8144/8017/3 8145/8015/3
f 8078/8018/3 8026/8012/3 8077/8016/3
f 7938/8014/3 8143/8019/3 8144/8017/3
f 8078/8018/3 8025/8020/3 8026/8012/3
f 7939/8021/3 8143/8019/3 7938/8014/3
f 8079/8022/3 8025/8020/3 8078/8018/3
f 7939/8021/3 8142/8023/3 8143/8019/3
f 8080/8024/3 8025/8020/3 8079/8022/3
f 8081/8025/3 8025/8020/3 8080/8024/3
f 8082/8026/3 8025/8020/3 8081/8025/3
f 8083/8027/3 8025/8020/3 8082/8026/3
f 8084/8028/3 8025/8020/3 8083/8027/3
f 7940/8029/3 8142/8023/3 7939/8021/3
f 8084/8028/3 8024/8030/3 8025/8020/3
f 8085/8031/3 8024/8030/3 8084/8028/3
f 8086/8032/3 8024/8030/3 8085/8031/3
f 8087/8033/3 8024/8030/3 8086/8032/3
f 8088/8034/3 8024/8030/3 8087/8033/3
f 7940/8029/3 8141/8035/3 8142/8023/3
f 7941/8036/3 8141/8035/3 7940/8029/3
f 8089/8037/3 8024/8030/3 8088/8034/3
f 8089/8037/3 8023/8038/3 8024/8030/3
f 7941/8036/3 8140/8039/3 8141/8035/3
f 8090/8040/3 8023/8038/3 8089/8037/3
f 8091/8041/3 8023/8038/3 8090/8040/3
f 8092/8042/3 8023/8038/3 8091/8041/3
f 7941/8036/3 8139/8043/3 8140/8039/3
f 7942/8044/3 8139/8043/3 7941/8036/3
f 8092/8042/3 8022/8045/3 8023/8038/3
f 7942/8044/3 8138/8046/3 8139/8043/3
f 7943/8047/3 8138/8046/3 7942/8044/3
f 7943/8047/3 8137/8048/3 8138/8046/3
f 8092/8042/3 8021/8049/3 8022/8045/3
f 7944/8050/3 8137/8048/3 7943/8047/3
f 7944/8050/3 8136/8051/3 8137/8048/3
f 8092/8042/3 8020/8052/3 8021/8049/3
f 7944/8050/3 8135/8053/3 8136/8051/3
f 7945/8054/3 8135/8053/3 7944/8050/3
f 7945/8054/3 8134/8055/3 8135/8053/3
f 8092/8042/3 8019/8056/3 8020/8052/3
f 7946/8057/3 8134/8055/3 7945/8054/3
f 7946/8057/3 8133/8058/3 8134/8055/3
f 7946/8057/3 8132/8059/3 8133/8058/3
f 8092/8042/3 8018/8060/3 8019/8056/3
f 7946/8057/3 8131/8061/3 8132/8059/3
f 7947/8062/3 8131/8061/3 7946/8057/3
f 7947/8062/3 8130/8063/3 8131/8061/3
f 7947/8062/3 8129/8064/3 8130/8063/3
f 8093/8065/3 8018/8060/3 8092/8042/3
f 8093/8065/3 8017/8066/3 8018/8060/3
f 8093/8065/3 8016/8067/3 8017/8066/3
f 7947/8062/3 8128/8068/3 8129/8064/3
f 7948/8069/3 8128/8068/3 7947/8062/3
f 8093/8065/3 8015/8070/3 8016/8067/3
f 7948/8069/3 8127/8071/3 8128/8068/3
f 8093/8065/3 8014/8072/3 8015/8070/3
f 7949/8073/3 8127/8071/3 7948/8069/3
f 7949/8073/3 8126/8074/3 8127/8071/3
f 8093/8065/3 8013/8075/3 8014/8072/3
f 7949/8073/3 8125/8076/3 8126/8074/3
f 8093/8065/3 8012/8077/3 8013/8075/3
f 7950/8078/3 8125/8076/3 7949/8073/3
f 7950/8078/3 8124/8079/3 8125/8076/3
f 8093/8065/3 8011/8080/3 8012/8077/3
f 7950/8078/3 8123/8081/3 8124/8079/3
f 8093/8065/3 8010/8082/3 8011/8080/3
f 7951/8083/3 8123/8081/3 7950/8078/3
f 7951/8083/3 8122/8084/3 8123/8081/3
f 8093/8065/3 8009/8085/3 8010/8082/3
f 8094/8086/3 8009/8085/3 8093/8065/3
f 7951/8083/3 8121/8087/3 8122/8084/3
f 7951/8083/3 8120/8088/3 8121/8087/3
f 8094/8086/3 8008/8089/3 8009/8085/3
f 7952/8090/3 8120/8088/3 7951/8083/3
f 7952/8090/3 8119/8091/3 8120/8088/3
f 8094/8086/3 8007/8092/3 8008/8089/3
f 7952/8090/3 8118/8093/3 8119/8091/3
f 8095/8094/3 8007/8092/3 8094/8086/3
f 7952/8090/3 8117/8095/3 8118/8093/3
f 8095/8094/3 8006/8096/3 8007/8092/3
f 8096/8097/3 8006/8096/3 8095/8094/3
f 7952/8090/3 8116/8098/3 8117/8095/3
f 7953/8099/3 8116/8098/3 7952/8090/3
f 7953/8099/3 8115/8100/3 8116/8098/3
f 8097/8101/3 8006/8096/3 8096/8097/3
f 8097/8101/3 8005/8102/3 8006/8096/3
f 7953/8099/3 8114/8103/3 8115/8100/3
f 8098/8104/3 8005/8102/3 8097/8101/3
f 7953/8099/3 8113/8105/3 8114/8103/3
f 8099/8106/3 8005/8102/3 8098/8104/3
f 7954/8107/3 8113/8105/3 7953/8099/3
f 7954/8107/3 8112/8108/3 8113/8105/3
f 8100/8109/3 8005/8102/3 8099/8106/3
f 7954/8107/3 8111/8110/3 8112/8108/3
f 8100/8109/3 8004/8111/3 8005/8102/3
f 8101/8112/3 8004/8111/3 8100/8109/3
f 7954/8107/3 8110/8113/3 8111/8110/3
f 8102/8114/3 8004/8111/3 8101/8112/3
f 7954/8107/3 8109/8115/3 8110/8113/3
f 8103/8116/3 8004/8111/3 8102/8114/3
f 7954/8107/3 8108/8117/3 8109/8115/3
f 8104/8118/3 8004/8111/3 8103/8116/3
f 7954/8107/3 8107/8119/3 8108/8117/3
f 8105/8120/3 8004/8111/3 8104/8118/3
f 7955/8121/3 8107/8119/3 7954/8107/3
f 7955/8121/3 8106/8122/3 8107/8119/3
f 8106/8122/3 8004/8111/3 8105/8120/3
f 7955/8121/3 8004/8111/3 8106/8122/3
f 7955/8121/3 8003/8123/3 8004/8111/3
f 7956/8124/3 8003/8123/3 7955/8121/3
f 7956/8124/3 8002/8125/3 8003/8123/3
f 7957/8126/3 8002/8125/3 7956/8124/3
f 7958/8127/3 8002/8125/3 7957/8126/3
f 7958/8127/3 8001/8128/3 8002/8125/3
f 7959/8129/3 8001/8128/3 7958/8127/3
f 7959/8129/3 8000/8130/3 8001/8128/3
f 7960/8131/3 8000/8130/3 7959/8129/3
f 7961/8132/3 8000/8130/3 7960/8131/3
f 7961/8132/3 7999/8133/3 8000/8130/3
f 7962/8134/3 7999/8133/3 7961/8132/3
f 7962/8134/3 7998/8135/3 7999/8133/3
f 7963/8136/3 7998/8135/3 7962/8134/3
f 7964/8137/3 7998/8135/3 7963/8136/3
f 7964/8137/3 7997/8138/3 7998/8135/3
f 7965/8139/3 7997/8138/3 7964/8137/3
f 7966/8140/3 7997/8138/3 7965/8139/3
f 7966/8140/3 7996/8141/3 7997/8138/3
f 7967/8142/3 7996/8141/3 7966/8140/3
f 7968/8143/3 7996/8141/3 7967/8142/3
f 7968/8143/3 7995/8144/3 7996/8141/3
f 7969/8145/3 7995/8144/3 7968/8143/3
f 7970/8146/3 7995/8144/3 7969/8145/3
f 7970/8146/3 7994/8147/3 7995/8144/3
f 7971/8148/3 7994/8147/3 7970/8146/3
f 7972/8149/3 7994/8147/3 7971/8148/3
f 7973/8150/3 7994/8147/3 7972/8149/3
f 7974/8151/3 7994/8147/3 7973/8150/3
f 7975/8152/3 7994/8147/3 7974/8151/3
f 7976/8153/3 7994/8147/3 7975/8152/3
f 7977/8154/3 7994/8147/3 7976/8153/3
f 7978/8155/3 7994/8147/3 7977/8154/3
f 7979/8156/3 7994/8147/3 7978/8155/3
f 7980/8157/3 7994/8147/3 7979/8156/3
f 7981/8158/3 7994/8147/3 7980/8157/3
f 7982/8159/3 7994/8147/3 7981/8158/3
f 7983/8160/3 7994/8147/3 7982/8159/3
f 7984/8161/3 7994/8147/3 7983/8160/3
f 7985/8162/3 7994/8147/3 7984/8161/3
f 7986/8163/3 7994/8147/3 7985/8162/3
f 7987/8164/3 7994/8147/3 7986/8163/3
f 7988/8165/3 7994/8147/3 7987/8164/3
f 7989/8166/3 7994/8147/3 7988/8165/3
f 7990/8167/3 7994/8147/3 7989/8166/3
f 7991/8168/4 7994/8147/4 7990/8167/4
f 7992/8169/3 7994/8147/3 7991/8168/3
f 7993/8170/3 7994/8147/3 7992/8169/3
f 8179/8171/3 8193/8172/3 8194/8173/3
f 8179/8171/3 8192/8174/3 8193/8172/3
f 8179/8171/3 8191/8175/3 8192/8174/3
f 8187/8176/3 8185/8177/3 8186/8178/3
f 8187/8176/3 8184/8179/3 8185/8177/3
f 8187/8176/3 8183/8180/3 8184/8179/3
f 8179/8171/3 8190/8181/3 8191/8175/3
f 8188/8182/3 8183/8180/3 8187/8176/3
f 8179/8171/3 8189/8183/3 8190/8181/3
f 8179/8171/3 8188/8182/3 8189/8183/3
f 8179/8171/3 8183/8180/3 8188/8182/3
f 8179/8171/3 8202/8184/3 8183/8180/3
f 8202/8184/3 8182/8185/3 8183/8180/3
f 8180/8186/3 8200/8187/3 8179/8171/3
f 8200/8187/3 8202/8184/3 8179/8171/3
f 8180/8186/3 8199/8188/3 8200/8187/3
f 8201/8189/3 8202/8184/3 8200/8187/3
f 8195/8190/3 8182/8185/3 8202/8184/3
f 8180/8186/3 8198/8191/3 8199/8188/3
f 8196/8192/3 8182/8185/3 8195/8190/3
f 8180/8186/3 8197/8193/3 8198/8191/3
f 8180/8186/3 8196/8192/3 8197/8193/3
f 8180/8186/3 8182/8185/3 8196/8192/3
f 8180/8186/3 8181/8194/3 8182/8185/3
f 8203/8195/3 8325/8196/3 8326/8197/3
f 8203/8195/3 8324/8198/3 8325/8196/3
f 8203/8195/3 8323/8199/3 8324/8198/3
f 8204/8200/3 8323/8199/3 8203/8195/3
f 8204/8200/3 8322/8201/3 8323/8199/3
f 8205/8202/3 8322/8201/3 8204/8200/3
f 8206/8203/3 8322/8201/3 8205/8202/3
f 8207/8204/3 8320/8205/3 8206/8203/3
f 8320/8205/3 8322/8201/3 8206/8203/3
f 8207/8204/3 8319/8206/3 8320/8205/3
f 8321/8207/3 8322/8201/3 8320/8205/3
f 8207/8204/3 8318/8208/3 8319/8206/3
f 8207/8204/3 8317/8209/3 8318/8208/3
f 8207/8204/3 8316/8210/3 8317/8209/3
f 8207/8204/3 8315/8211/3 8316/8210/3
f 8207/8204/3 8314/8212/3 8315/8211/3
f 8207/8204/3 8313/8213/3 8314/8212/3
f 8207/8204/3 8312/8214/3 8313/8213/3
f 8207/8204/3 8311/8215/3 8312/8214/3
f 8207/8204/3 8310/8216/3 8311/8215/3
f 8207/8204/3 8309/8217/3 8310/8216/3
f 8207/8204/3 8308/8218/3 8309/8217/3
f 8207/8204/3 8307/8219/3 8308/8218/3
f 8208/8220/3 8307/8219/3 8207/8204/3
f 8208/8220/3 8306/8221/3 8307/8219/3
f 8209/8222/3 8306/8221/3 8208/8220/3
f 8209/8222/3 8305/8223/3 8306/8221/3
f 8210/8224/3 8305/8223/3 8209/8222/3
f 8210/8224/3 8304/8225/3 8305/8223/3
f 8211/8226/3 8304/8225/3 8210/8224/3
f 8211/8226/3 8303/8227/3 8304/8225/3
f 8212/8228/3 8303/8227/3 8211/8226/3
f 8212/8228/3 8302/8229/3 8303/8227/3
f 8213/8230/3 8302/8229/3 8212/8228/3
f 8213/8230/3 8301/8231/3 8302/8229/3
f 8214/8232/3 8301/8231/3 8213/8230/3
f 8214/8232/3 8300/8233/3 8301/8231/3
f 8215/8234/3 8300/8233/3 8214/8232/3
f 8215/8234/3 8268/8235/3 8300/8233/3
f 8268/8235/3 8299/8236/3 8300/8233/3
f 8216/8237/3 8268/8235/3 8215/8234/3
f 8216/8237/3 8267/8238/3 8268/8235/3
f 8269/8239/3 8299/8236/3 8268/8235/3
f 8216/8237/3 8266/8240/3 8267/8238/3
f 8216/8237/3 8265/8241/3 8266/8240/3
f 8216/8237/3 8264/8242/3 8265/8241/3
f 8216/8237/3 8263/8243/3 8264/8242/3
f 8216/8237/3 8262/8244/3 8263/8243/3
f 8217/8245/3 8262/8244/3 8216/8237/3
f 8269/8239/3 8298/8246/3 8299/8236/3
f 8217/8245/3 8261/8247/3 8262/8244/3
f 8217/8245/3 8260/8248/3 8261/8247/3
f 8217/8245/3 8259/8249/3 8260/8248/3
f 8217/8245/3 8258/8250/3 8259/8249/3
f 8217/8245/3 8257/8251/3 8258/8250/3
f 8217/8245/3 8256/8252/3 8257/8251/3
f 8217/8245/3 8255/8253/3 8256/8252/3
f 8218/8254/3 8255/8253/3 8217/8245/3
f 8269/8239/3 8297/8255/3 8298/8246/3
f 8270/8256/3 8297/8255/3 8269/8239/3
f 8218/8254/3 8254/8257/3 8255/8253/3
f 8219/8258/3 8254/8257/3 8218/8254/3
f 8270/8256/3 8296/8259/3 8297/8255/3
f 8271/8260/3 8296/8259/3 8270/8256/3
f 8220/8261/3 8254/8257/3 8219/8258/3
f 8221/8262/3 8254/8257/3 8220/8261/3
f 8222/8263/3 8254/8257/3 8221/8262/3
f 8271/8260/3 8295/8264/3 8296/8259/3
f 8223/8265/3 8254/8257/3 8222/8263/3
f 8224/8266/3 8254/8257/3 8223/8265/3
f 8224/8266/3 8253/8267/3 8254/8257/3
f 8225/8268/3 8253/8267/3 8224/8266/3
f 8226/8269/3 8253/8267/3 8225/8268/3
f 8227/8270/3 8253/8267/3 8226/8269/3
f 8272/8271/3 8295/8264/3 8271/8260/3
f 8228/8272/3 8253/8267/3 8227/8270/3
f 8229/8273/3 8253/8267/3 8228/8272/3
f 8230/8274/3 8253/8267/3 8229/8273/3
f 8272/8271/3 8294/8275/3 8295/8264/3
f 8231/8276/3 8253/8267/3 8230/8274/3
f 8232/8277/3 8253/8267/3 8231/8276/3
f 8232/8277/3 8252/8278/3 8253/8267/3
f 8273/8279/3 8294/8275/3 8272/8271/3
f 8232/8277/3 8251/8280/3 8252/8278/3
f 8274/8281/3 8294/8275/3 8273/8279/3
f 8232/8277/3 8250/8282/3 8251/8280/3
f 8275/8283/3 8294/8275/3 8274/8281/3
f 8232/8277/3 8249/8284/3 8250/8282/3
f 8276/8285/3 8294/8275/3 8275/8283/3
f 8233/8286/3 8249/8284/3 8232/8277/3
f 8276/8285/3 8293/8287/3 8294/8275/3
f 8233/8286/3 8248/8288/3 8249/8284/3
f 8277/8289/3 8293/8287/3 8276/8285/3
f 8234/8290/3 8248/8288/3 8233/8286/3
f 8234/8290/3 8247/8291/3 8248/8288/3
f 8278/8292/3 8293/8287/3 8277/8289/3
f 8235/8293/3 8247/8291/3 8234/8290/3
f 8235/8293/3 8246/8294/3 8247/8291/3
f 8279/8295/3 8293/8287/3 8278/8292/3
f 8236/8296/3 8246/8294/3 8235/8293/3
f 8236/8296/3 8245/8297/3 8246/8294/3
f 8280/8298/3 8293/8287/3 8279/8295/3
f 8237/8299/3 8245/8297/3 8236/8296/3
f 8237/8299/3 8244/8300/3 8245/8297/3
f 8238/8301/3 8244/8300/3 8237/8299/3
f 8281/8302/3 8293/8287/3 8280/8298/3
f 8238/8301/3 8243/8303/3 8244/8300/3
f 8239/8304/3 8243/8303/3 8238/8301/3
f 8239/8304/3 8242/8305/3 8243/8303/3
f 8282/8306/3 8284/8307/3 8281/8302/3
f 8284/8307/3 8285/8308/3 8281/8302/3
f 8285/8308/4 8293/8287/4 8281/8302/4
f 8239/8304/3 8241/8309/3 8242/8305/3
f 8283/8310/3 8284/8307/3 8282/8306/3
f 8240/8311/3 8241/8309/3 8239/8304/3
f 8286/8312/3 8293/8287/3 8285/8308/3
f 8287/8313/4 8293/8287/4 8286/8312/4
f 8288/8314/3 8293/8287/3 8287/8313/3
f 8289/8315/3 8293/8287/3 8288/8314/3
f 8290/8316/3 8293/8287/3 8289/8315/3
f 8291/8317/3 8293/8287/3 8290/8316/3
f 8292/8318/3 8293/8287/3 8291/8317/3
f 8406/8319/3 8404/8320/3 8405/8321/3
f 8397/8322/3 8395/8323/3 8396/8324/3
f 8407/8325/3 8404/8320/3 8406/8319/3
f 8408/8326/3 8404/8320/3 8407/8325/3
f 8409/8327/3 8404/8320/3 8408/8326/3
f 8409/8327/3 8403/8328/3 8404/8320/3
f 8410/8329/3 8403/8328/3 8409/8327/3
f 8411/8330/3 8403/8328/3 8410/8329/3
f 8398/8331/3 8395/8323/3 8397/8322/3
f 8398/8331/3 8394/8332/3 8395/8323/3
f 8412/8333/3 8403/8328/3 8411/8330/3
f 8413/8334/3 8403/8328/3 8412/8333/3
f 8414/8335/3 8403/8328/3 8413/8334/3
f 8399/8336/3 8394/8332/3 8398/8331/3
f 8415/8337/3 8403/8328/3 8414/8335/3
f 8399/8336/3 8393/8338/3 8394/8332/3
f 8416/8339/3 8403/8328/3 8415/8337/3
f 8327/8340/3 8403/8328/3 8416/8339/3
f 8328/8341/3 8403/8328/3 8327/8340/3
f 8329/8342/3 8403/8328/3 8328/8341/3
f 8399/8336/3 8392/8343/3 8393/8338/3
f 8330/8344/3 8403/8328/3 8329/8342/3
f 8331/8345/3 8403/8328/3 8330/8344/3
f 8399/8336/3 8391/8346/3 8392/8343/3
f 8332/8347/3 8403/8328/3 8331/8345/3
f 8399/8336/3 8390/8348/3 8391/8346/3
f 8333/8349/3 8403/8328/3 8332/8347/3
f 8334/8350/3 8403/8328/3 8333/8349/3
f 8399/8336/3 8389/8351/3 8390/8348/3
f 8335/8352/3 8403/8328/3 8334/8350/3
f 8399/8336/3 8388/8353/3 8389/8351/3
f 8336/8354/3 8403/8328/3 8335/8352/3
f 8399/8336/3 8387/8355/3 8388/8353/3
f 8337/8356/3 8403/8328/3 8336/8354/3
f 8399/8336/3 8386/8357/3 8387/8355/3
f 8338/8358/3 8403/8328/3 8337/8356/3
f 8399/8336/3 8385/8359/3 8386/8357/3
f 8399/8336/3 8384/8360/3 8385/8359/3
f 8399/8336/3 8383/8361/3 8384/8360/3
f 8338/8358/3 8402/8362/3 8403/8328/3
f 8400/8363/3 8383/8361/3 8399/8336/3
f 8339/8364/3 8402/8362/3 8338/8358/3
f 8400/8363/3 8382/8365/3 8383/8361/3
f 8340/8366/3 8402/8362/3 8339/8364/3
f 8341/8367/3 8402/8362/3 8340/8366/3
f 8342/8368/3 8402/8362/3 8341/8367/3
f 8400/8363/3 8381/8369/3 8382/8365/3
f 8343/8370/3 8402/8362/3 8342/8368/3
f 8400/8363/3 8380/8371/3 8381/8369/3
f 8344/8372/3 8402/8362/3 8343/8370/3
f 8400/8363/3 8379/8373/3 8380/8371/3
f 8345/8374/3 8402/8362/3 8344/8372/3
f 8400/8363/3 8378/8375/3 8379/8373/3
f 8346/8376/3 8402/8362/3 8345/8374/3
f 8400/8363/3 8377/8377/3 8378/8375/3
f 8347/8378/3 8402/8362/3 8346/8376/3
f 8400/8363/3 8376/8379/3 8377/8377/3
f 8348/8380/3 8402/8362/3 8347/8378/3
f 8400/8363/3 8375/8381/3 8376/8379/3
f 8400/8363/3 8374/8382/3 8375/8381/3
f 8349/8383/3 8402/8362/3 8348/8380/3
f 8400/8363/3 8373/8384/3 8374/8382/3
f 8349/8383/3 8401/8385/3 8402/8362/3
f 8349/8383/3 8400/8363/3 8401/8385/3
f 8349/8383/3 8373/8384/3 8400/8363/3
f 8350/8386/3 8373/8384/3 8349/8383/3
f 8350/8386/3 8372/8387/3 8373/8384/3
f 8350/8386/3 8371/8388/3 8372/8387/3
f 8350/8386/3 8370/8389/3 8371/8388/3
f 8350/8386/3 8369/8390/3 8370/8389/3
f 8350/8386/3 8368/8391/3 8369/8390/3
f 8350/8386/3 8367/8392/3 8368/8391/3
f 8351/8393/3 8367/8392/3 8350/8386/3
f 8351/8393/3 8366/8394/3 8367/8392/3
f 8351/8393/3 8365/8395/3 8366/8394/3
f 8351/8393/3 8364/8396/3 8365/8395/3
f 8351/8393/3 8363/8397/3 8364/8396/3
f 8351/8393/3 8362/8398/3 8363/8397/3
f 8351/8393/3 8361/8399/3 8362/8398/3
f 8351/8393/3 8360/8400/3 8361/8399/3
f 8352/8401/3 8360/8400/3 8351/8393/3
f 8352/8401/3 8359/8402/3 8360/8400/3
f 8352/8401/3 8358/8403/3 8359/8402/3
f 8353/8404/3 8358/8403/3 8352/8401/3
f 8354/8405/3 8358/8403/3 8353/8404/3
f 8354/8405/3 8357/8406/3 8358/8403/3
f 8355/8407/3 8357/8406/3 8354/8405/3
f 8356/8408/3 8357/8406/3 8355/8407/3
f 8417/8409/3 8423/8410/3 8424/8411/3
f 8417/8409/3 8422/8412/3 8423/8410/3
f 8417/8409/3 8421/8413/3 8422/8412/3
f 8418/8414/3 8421/8413/3 8417/8409/3
f 8418/8414/3 8420/8415/3 8421/8413/3
f 8419/8416/3 8420/8415/3 8418/8414/3
f 8425/8417/3 8431/8418/3 8432/8419/3
f 8425/8417/3 8430/8420/3 8431/8418/3
f 8425/8417/3 8429/8421/3 8430/8420/3
f 8425/8417/3 8428/8422/3 8429/8421/3
f 8426/8423/3 8428/8422/3 8425/8417/3
f 8426/8423/3 8427/8424/3 8428/8422/3
f 8433/8425/3 8455/8426/3 8456/8427/3
f 8433/8425/3 8454/8428/3 8455/8426/3
f 8433/8425/3 8436/8429/3 8454/8428/3
f 8436/8429/3 8453/8430/3 8454/8428/3
f 8434/8431/3 8436/8429/3 8433/8425/3
f 8435/8432/4 8436/8429/4 8434/8431/4
f 8437/8433/3 8453/8430/3 8436/8429/3
f 8438/8434/3 8453/8430/3 8437/8433/3
f 8438/8434/3 8452/8435/3 8453/8430/3
f 8441/8436/3 8439/8437/3 8440/8438/3
f 8441/8436/3 8438/8434/3 8439/8437/3
f 8441/8436/3 8450/8439/3 8438/8434/3
f 8450/8439/3 8452/8435/3 8438/8434/3
f 8441/8436/3 8449/8440/3 8450/8439/3
f 8451/8441/3 8452/8435/3 8450/8439/3
f 8441/8436/3 8448/8442/3 8449/8440/3
f 8442/8443/3 8448/8442/3 8441/8436/3
f 8442/8443/3 8447/8444/3 8448/8442/3
f 8442/8443/3 8446/8445/3 8447/8444/3
f 8442/8443/3 8445/8446/3 8446/8445/3
f 8442/8443/3 8444/8447/3 8445/8446/3
f 8443/8448/3 8444/8447/3 8442/8443/3
f 8457/8449/3 8463/8450/3 8464/8451/3
f 8457/8449/3 8470/8452/3 8463/8450/3
f 8470/8452/3 8462/8453/3 8463/8450/3
f 8470/8452/3 8471/8454/3 8462/8453/3
f 8471/8454/3 8472/8455/3 8462/8453/3
f 8472/8455/3 8461/8456/3 8462/8453/3
f 8457/8449/3 8469/8457/3 8470/8452/3
f 8465/8458/3 8461/8456/3 8472/8455/3
f 8458/8459/3 8469/8457/3 8457/8449/3
f 8465/8458/3 8460/8460/3 8461/8456/3
f 8458/8459/3 8468/8461/3 8469/8457/3
f 8466/8462/3 8460/8460/3 8465/8458/3
f 8458/8459/3 8467/8463/3 8468/8461/3
f 8458/8459/3 8466/8462/3 8467/8463/3
f 8458/8459/3 8460/8460/3 8466/8462/3
f 8459/8464/3 8460/8460/3 8458/8459/3
f 8473/8465/3 8487/8466/3 8488/8467/3
f 8473/8465/3 8486/8468/3 8487/8466/3
f 8473/8465/3 8485/8469/3 8486/8468/3
f 8474/8470/3 8485/8469/3 8473/8465/3
f 8474/8470/3 8484/8471/3 8485/8469/3
f 8477/8472/3 8475/8473/3 8476/8474/3
f 8477/8472/3 8474/8470/3 8475/8473/3
f 8477/8472/3 8484/8471/3 8474/8470/3
f 8477/8472/3 8483/8475/3 8484/8471/3
f 8477/8472/3 8482/8476/3 8483/8475/3
f 8477/8472/3 8481/8477/3 8482/8476/3
f 8478/8478/3 8481/8477/3 8477/8472/3
f 8478/8478/3 8480/8479/3 8481/8477/3
f 8479/8480/3 8480/8479/3 8478/8478/3
f 4245/8481/3 4251/8482/3 4252/8483/3
f 4245/8481/3 4250/8484/3 4251/8482/3
f 4245/8481/3 4249/8485/3 4250/8484/3
f 4246/8486/3 4249/8485/3 4245/8481/3
f 4246/8486/3 4247/8487/3 4249/8485/3
f 4247/8487/3 4248/8488/3 4249/8485/3
