# Blender 5.0.1
# www.blender.org
mtllib 29.mtl
o cpit_x_lhd_SUB3
v 0.169886 -0.020347 0.695499
v 0.171631 -0.017324 0.695685
v 0.173967 -0.014731 0.695843
v 0.176790 -0.012680 0.695969
v 0.179977 -0.011261 0.696056
v 0.183390 -0.010535 0.696100
v 0.186879 -0.010535 0.696100
v 0.190292 -0.011261 0.696055
v 0.193479 -0.012680 0.695968
v 0.196302 -0.014731 0.695843
v 0.198638 -0.017324 0.695684
v 0.200383 -0.020347 0.695499
v 0.201461 -0.023667 0.695295
v 0.201826 -0.027138 0.695083
v 0.201461 -0.030610 0.694870
v 0.200383 -0.033930 0.694667
v 0.198638 -0.036952 0.694482
v 0.196302 -0.039546 0.694323
v 0.193479 -0.041597 0.694197
v 0.190292 -0.043016 0.694111
v 0.186879 -0.043741 0.694067
v 0.183390 -0.043741 0.694067
v 0.179977 -0.043016 0.694111
v 0.176790 -0.041597 0.694198
v 0.173967 -0.039546 0.694324
v 0.171631 -0.036952 0.694483
v 0.169886 -0.033930 0.694668
v 0.168808 -0.030610 0.694871
v 0.168443 -0.027138 0.695084
v 0.168808 -0.023667 0.695296
v 0.207924 0.024000 0.698214
v 0.211337 0.023274 0.698169
v 0.214525 0.021855 0.698082
v 0.217348 0.019804 0.697957
v 0.219683 0.017210 0.697798
v 0.221428 0.014188 0.697613
v 0.222507 0.010868 0.697409
v 0.222872 0.007397 0.697197
v 0.222507 0.003925 0.696984
v 0.221428 0.000605 0.696781
v 0.219683 -0.002417 0.696596
v 0.217348 -0.005011 0.696437
v 0.214525 -0.007062 0.696312
v 0.211337 -0.008481 0.696225
v 0.207924 -0.009206 0.696181
v 0.204435 -0.009206 0.696181
v 0.201023 -0.008481 0.696225
v 0.197835 -0.007062 0.696312
v 0.195012 -0.005011 0.696438
v 0.192677 -0.002417 0.696597
v 0.190932 0.000605 0.696782
v 0.189853 0.003925 0.696985
v 0.189488 0.007397 0.697198
v 0.189853 0.010868 0.697410
v 0.190932 0.014188 0.697613
v 0.192677 0.017210 0.697799
v 0.195012 0.019804 0.697957
v 0.197835 0.021855 0.698083
v 0.201023 0.023274 0.698170
v 0.204435 0.024000 0.698214
v 0.295355 -0.043733 0.695065
v 0.290331 -0.045079 0.694983
v 0.285194 -0.045892 0.694934
v 0.280000 -0.046165 0.694917
v 0.274805 -0.045893 0.694934
v 0.269668 -0.045079 0.694984
v 0.264644 -0.043733 0.695067
v 0.259788 -0.041869 0.695181
v 0.255153 -0.039507 0.695325
v 0.250790 -0.036674 0.695499
v 0.246748 -0.033400 0.695700
v 0.243069 -0.029722 0.695925
v 0.239796 -0.025679 0.696173
v 0.236962 -0.021316 0.696440
v 0.234600 -0.016681 0.696724
v 0.232736 -0.011824 0.697021
v 0.231389 -0.006798 0.697329
v 0.230575 -0.001659 0.697644
v 0.230303 0.003536 0.697962
v 0.230575 0.008732 0.698280
v 0.231389 0.013871 0.698595
v 0.232736 0.018896 0.698902
v 0.234600 0.023753 0.699200
v 0.236962 0.028389 0.699484
v 0.239795 0.032752 0.699751
v 0.243069 0.036795 0.699998
v 0.246748 0.040473 0.700223
v 0.250790 0.043747 0.700424
v 0.255153 0.046580 0.700597
v 0.259788 0.048941 0.700741
v 0.264644 0.050806 0.700855
v 0.269668 0.052152 0.700938
v 0.274805 0.052966 0.700987
v 0.279999 0.053238 0.701004
v 0.285194 0.052966 0.700987
v 0.290331 0.052152 0.700937
v 0.295355 0.050806 0.700854
v 0.300211 0.048941 0.700740
v 0.304846 0.046580 0.700595
v 0.309209 0.043747 0.700422
v 0.313251 0.040473 0.700221
v 0.316930 0.036795 0.699996
v 0.320204 0.032752 0.699748
v 0.323037 0.028389 0.699481
v 0.325399 0.023753 0.699197
v 0.327263 0.018896 0.698900
v 0.328610 0.013871 0.698592
v 0.329424 0.008732 0.698277
v 0.329696 0.003536 0.697959
v 0.329424 -0.001659 0.697641
v 0.328610 -0.006798 0.697326
v 0.327263 -0.011823 0.697019
v 0.325399 -0.016680 0.696721
v 0.323037 -0.021316 0.696437
v 0.320204 -0.025679 0.696170
v 0.316930 -0.029722 0.695923
v 0.313251 -0.033400 0.695698
v 0.309209 -0.036674 0.695497
v 0.304846 -0.039507 0.695324
v 0.300211 -0.041869 0.695180
v 0.230358 0.044637 0.698475
v 0.233329 0.047488 0.698649
v 0.233635 0.047763 0.698666
v 0.233948 0.047996 0.698681
v 0.234282 0.048187 0.698692
v 0.234653 0.048336 0.698701
v 0.235075 0.048443 0.698708
v 0.235566 0.048508 0.698712
v 0.236139 0.048531 0.698713
v 0.244108 0.048531 0.698713
v 0.244467 0.048468 0.698709
v 0.244807 0.048295 0.698699
v 0.245088 0.048029 0.698682
v 0.245268 0.047689 0.698661
v 0.245309 0.047293 0.698637
v 0.245170 0.046858 0.698610
v 0.244811 0.046404 0.698583
v 0.240997 0.042790 0.698362
v 0.240685 0.042528 0.698345
v 0.240350 0.042310 0.698332
v 0.239989 0.042134 0.698321
v 0.239602 0.041999 0.698313
v 0.239187 0.041903 0.698307
v 0.238742 0.041846 0.698304
v 0.238267 0.041827 0.698303
v 0.231321 0.041827 0.698303
v 0.230769 0.041911 0.698308
v 0.230292 0.042145 0.698322
v 0.229930 0.042503 0.698344
v 0.229718 0.042958 0.698372
v 0.229694 0.043483 0.698404
v 0.229895 0.044051 0.698439
v 0.336733 0.051468 0.698891
v 0.310789 0.051468 0.698891
v 0.310178 0.051524 0.698894
v 0.309678 0.051690 0.698904
v 0.309289 0.051968 0.698921
v 0.309011 0.052357 0.698945
v 0.308845 0.052857 0.698976
v 0.308789 0.053468 0.699013
v 0.308789 0.057007 0.699230
v 0.308845 0.057618 0.699267
v 0.309011 0.058118 0.699298
v 0.309289 0.058507 0.699322
v 0.309678 0.058785 0.699339
v 0.310178 0.058951 0.699349
v 0.310789 0.059007 0.699352
v 0.336733 0.059007 0.699353
v 0.362925 0.059007 0.699352
v 0.363536 0.058951 0.699349
v 0.364036 0.058785 0.699339
v 0.364425 0.058507 0.699322
v 0.364703 0.058118 0.699298
v 0.364869 0.057618 0.699267
v 0.364925 0.057007 0.699230
v 0.364925 0.053468 0.699013
v 0.364869 0.052857 0.698976
v 0.364703 0.052357 0.698945
v 0.364425 0.051968 0.698921
v 0.364036 0.051690 0.698905
v 0.363536 0.051524 0.698894
v 0.362925 0.051468 0.698891
v 0.336733 0.041334 0.698270
v 0.321896 0.041334 0.698270
v 0.321324 0.041347 0.698271
v 0.320881 0.041392 0.698273
v 0.320530 0.041476 0.698279
v 0.320235 0.041608 0.698287
v 0.319961 0.041798 0.698298
v 0.319670 0.042054 0.698314
v 0.315305 0.046294 0.698574
v 0.314984 0.046706 0.698599
v 0.314822 0.047160 0.698627
v 0.314810 0.047617 0.698655
v 0.314939 0.048039 0.698681
v 0.315202 0.048389 0.698702
v 0.315591 0.048627 0.698717
v 0.316097 0.048715 0.698722
v 0.336733 0.048715 0.698722
v 0.357617 0.048715 0.698722
v 0.358123 0.048627 0.698717
v 0.358512 0.048389 0.698702
v 0.358775 0.048039 0.698681
v 0.358905 0.047617 0.698655
v 0.358892 0.047160 0.698627
v 0.358730 0.046706 0.698599
v 0.358409 0.046294 0.698574
v 0.354044 0.042054 0.698314
v 0.353753 0.041798 0.698298
v 0.353479 0.041608 0.698287
v 0.353184 0.041476 0.698279
v 0.352833 0.041392 0.698273
v 0.352390 0.041347 0.698271
v 0.351818 0.041334 0.698270
v 0.319327 0.042384 0.698334
v 0.354387 0.042384 0.698334
v 0.336733 0.030902 0.697632
v 0.329607 0.030909 0.697631
v 0.329132 0.030937 0.697633
v 0.328746 0.031003 0.697637
v 0.328424 0.031122 0.697644
v 0.328145 0.031309 0.697656
v 0.327886 0.031581 0.697672
v 0.327623 0.031952 0.697695
v 0.324924 0.035862 0.697935
v 0.324685 0.036320 0.697963
v 0.324577 0.036792 0.697992
v 0.324597 0.037247 0.698020
v 0.324741 0.037654 0.698044
v 0.325008 0.037983 0.698065
v 0.325395 0.038203 0.698078
v 0.325899 0.038283 0.698083
v 0.336733 0.038283 0.698084
v 0.347815 0.038283 0.698083
v 0.348320 0.038203 0.698078
v 0.348706 0.037983 0.698065
v 0.348973 0.037654 0.698044
v 0.349117 0.037247 0.698020
v 0.349137 0.036792 0.697992
v 0.349029 0.036320 0.697963
v 0.348790 0.035862 0.697935
v 0.346092 0.031952 0.697695
v 0.345829 0.031581 0.697672
v 0.345569 0.031309 0.697656
v 0.345290 0.031122 0.697644
v 0.344969 0.031003 0.697637
v 0.344582 0.030937 0.697633
v 0.344108 0.030909 0.697631
v 0.330192 0.030902 0.697631
v 0.343522 0.030902 0.697631
v 0.336733 -0.021426 0.694427
v 0.336733 -0.049588 0.692703
v 0.320043 -0.049588 0.692702
v 0.319665 -0.049561 0.692704
v 0.319328 -0.049480 0.692709
v 0.319039 -0.049345 0.692717
v 0.318803 -0.049154 0.692729
v 0.318627 -0.048909 0.692744
v 0.318517 -0.048609 0.692762
v 0.318479 -0.048253 0.692784
v 0.318479 -0.041063 0.693224
v 0.318513 -0.040326 0.693270
v 0.318628 -0.039777 0.693303
v 0.318815 -0.039366 0.693328
v 0.319063 -0.039044 0.693348
v 0.319362 -0.038760 0.693366
v 0.319700 -0.038466 0.693384
v 0.320068 -0.038111 0.693405
v 0.321896 -0.036181 0.693523
v 0.323425 -0.034487 0.693627
v 0.325106 -0.032430 0.693753
v 0.327129 -0.029769 0.693916
v 0.328399 -0.028004 0.694024
v 0.331543 -0.022949 0.694333
v 0.331952 -0.022455 0.694364
v 0.332382 -0.022066 0.694387
v 0.332850 -0.021776 0.694405
v 0.333370 -0.021577 0.694417
v 0.333958 -0.021462 0.694424
v 0.339756 -0.021462 0.694424
v 0.340344 -0.021577 0.694417
v 0.348608 -0.032430 0.693753
v 0.350289 -0.034487 0.693627
v 0.354353 -0.038760 0.693366
v 0.354651 -0.039044 0.693348
v 0.354899 -0.039366 0.693328
v 0.354014 -0.038466 0.693384
v 0.353646 -0.038111 0.693405
v 0.355086 -0.039777 0.693303
v 0.355201 -0.040326 0.693270
v 0.355235 -0.041063 0.693224
v 0.355235 -0.048253 0.692784
v 0.355197 -0.048609 0.692762
v 0.355087 -0.048909 0.692744
v 0.354911 -0.049154 0.692729
v 0.354675 -0.049345 0.692717
v 0.351818 -0.036181 0.693523
v 0.354386 -0.049480 0.692709
v 0.354049 -0.049561 0.692704
v 0.353671 -0.049588 0.692702
v 0.330161 -0.025169 0.694197
v 0.339084 -0.021426 0.694426
v 0.346585 -0.029769 0.693916
v 0.331140 -0.023555 0.694296
v 0.340864 -0.021776 0.694405
v 0.341332 -0.022066 0.694387
v 0.341762 -0.022455 0.694363
v 0.342171 -0.022949 0.694333
v 0.345315 -0.028004 0.694024
v 0.343553 -0.025169 0.694197
v 0.342574 -0.023555 0.694296
v 0.209008 0.037103 0.698014
v 0.209439 0.037452 0.698036
v 0.209885 0.037710 0.698051
v 0.210345 0.037889 0.698062
v 0.210814 0.038005 0.698070
v 0.211292 0.038071 0.698074
v 0.211774 0.038100 0.698075
v 0.212260 0.038107 0.698076
v 0.233699 0.038107 0.698075
v 0.234377 0.038013 0.698069
v 0.234889 0.037759 0.698054
v 0.235244 0.037389 0.698031
v 0.235451 0.036950 0.698004
v 0.235517 0.036485 0.697976
v 0.235452 0.036039 0.697948
v 0.235264 0.035658 0.697925
v 0.232778 0.032285 0.697719
v 0.232503 0.031962 0.697699
v 0.232221 0.031725 0.697684
v 0.231929 0.031559 0.697674
v 0.231622 0.031453 0.697668
v 0.231295 0.031394 0.697664
v 0.230944 0.031368 0.697662
v 0.230564 0.031362 0.697662
v 0.206476 0.031362 0.697663
v 0.205932 0.031471 0.697670
v 0.205542 0.031761 0.697687
v 0.205295 0.032175 0.697713
v 0.205182 0.032655 0.697742
v 0.205194 0.033146 0.697772
v 0.205321 0.033590 0.697799
v 0.205552 0.033932 0.697820
v 0.228516 0.049357 0.697761
v 0.233329 0.047549 0.697651
v 0.230357 0.044698 0.697477
v 0.218742 0.044872 0.697487
v 0.233635 0.047824 0.697668
v 0.229895 0.044112 0.697441
v 0.233948 0.048057 0.697682
v 0.229694 0.043544 0.697406
v 0.234282 0.048248 0.697694
v 0.229718 0.043019 0.697374
v 0.234653 0.048397 0.697703
v 0.229930 0.042564 0.697346
v 0.238358 0.052684 0.697965
v 0.235075 0.048504 0.697710
v 0.230292 0.042206 0.697324
v 0.212260 0.038168 0.697078
v 0.235565 0.048569 0.697714
v 0.230769 0.041972 0.697310
v 0.233699 0.038168 0.697077
v 0.209155 0.039181 0.697139
v 0.236139 0.048593 0.697715
v 0.231321 0.041888 0.697305
v 0.211774 0.038161 0.697077
v 0.244108 0.048593 0.697715
v 0.234377 0.038074 0.697071
v 0.238267 0.041888 0.697304
v 0.211292 0.038132 0.697075
v 0.248149 0.055422 0.698133
v 0.234889 0.037820 0.697056
v 0.210814 0.038066 0.697071
v 0.244467 0.048529 0.697711
v 0.235244 0.037451 0.697033
v 0.210345 0.037951 0.697064
v 0.244807 0.048356 0.697700
v 0.235451 0.037011 0.697006
v 0.209885 0.037771 0.697053
v 0.245088 0.048090 0.697684
v 0.241207 0.038648 0.697106
v 0.235517 0.036546 0.696977
v 0.209439 0.037513 0.697038
v 0.249317 0.045951 0.697553
v 0.245268 0.047750 0.697663
v 0.253899 0.048926 0.697735
v 0.238742 0.041908 0.697306
v 0.237769 0.034402 0.696846
v 0.209008 0.037164 0.697016
v 0.258226 0.057625 0.698267
v 0.258768 0.051407 0.697887
v 0.245309 0.047354 0.697639
v 0.239187 0.041964 0.697309
v 0.235452 0.036100 0.696950
v 0.205552 0.033993 0.696822
v 0.199872 0.032255 0.696715
v 0.263869 0.053365 0.698007
v 0.245170 0.046919 0.697612
v 0.239602 0.042060 0.697315
v 0.235264 0.035719 0.696927
v 0.205321 0.033652 0.696801
v 0.268922 0.059347 0.698372
v 0.269146 0.054779 0.698093
v 0.244811 0.046465 0.697585
v 0.239989 0.042195 0.697323
v 0.232778 0.032347 0.696720
v 0.234793 0.029820 0.696566
v 0.205194 0.033207 0.696774
v 0.274543 0.055634 0.698145
v 0.245071 0.042512 0.697343
v 0.240350 0.042371 0.697334
v 0.232503 0.032023 0.696701
v 0.205182 0.032716 0.696744
v 0.280574 0.060643 0.698452
v 0.279999 0.055920 0.698162
v 0.240997 0.042851 0.697363
v 0.240685 0.042589 0.697347
v 0.232221 0.031786 0.696686
v 0.205295 0.032236 0.696715
v 0.285456 0.055634 0.698145
v 0.231929 0.031620 0.696676
v 0.205542 0.031822 0.696689
v 0.293516 0.061568 0.698508
v 0.290852 0.054779 0.698092
v 0.231622 0.031515 0.696670
v 0.205932 0.031533 0.696671
v 0.296130 0.053365 0.698005
v 0.231295 0.031455 0.696666
v 0.204277 0.025619 0.696309
v 0.206476 0.031423 0.696665
v 0.307425 0.062168 0.698545
v 0.309011 0.058179 0.698300
v 0.230944 0.031429 0.696664
v 0.208082 0.025619 0.696309
v 0.200556 0.024828 0.696261
v 0.308845 0.057679 0.698269
v 0.309289 0.058568 0.698324
v 0.232312 0.024952 0.696268
v 0.230564 0.031423 0.696664
v 0.211804 0.024828 0.696261
v 0.191011 0.023906 0.696204
v 0.308789 0.057068 0.698232
v 0.309678 0.058846 0.698341
v 0.197080 0.023281 0.696166
v 0.301231 0.051407 0.697886
v 0.308789 0.053529 0.698015
v 0.310178 0.059012 0.698351
v 0.215280 0.023281 0.696166
v 0.194002 0.021044 0.696029
v 0.308845 0.052918 0.697978
v 0.310789 0.059068 0.698354
v 0.218358 0.021044 0.696029
v 0.191456 0.018217 0.695857
v 0.306099 0.048926 0.697733
v 0.321980 0.062491 0.698564
v 0.336733 0.062582 0.698570
v 0.336733 0.059068 0.698354
v 0.230354 0.019851 0.695955
v 0.220904 0.018217 0.695856
v 0.189553 0.014922 0.695655
v 0.309011 0.052418 0.697947
v 0.351734 0.062491 0.698564
v 0.362925 0.059068 0.698354
v 0.366289 0.062168 0.698545
v 0.222806 0.014922 0.695654
v 0.182887 0.013555 0.695571
v 0.309289 0.052029 0.697923
v 0.363536 0.059012 0.698351
v 0.228940 0.014573 0.695632
v 0.223982 0.011303 0.695432
v 0.188377 0.011303 0.695433
v 0.309678 0.051751 0.697906
v 0.364036 0.058846 0.698341
v 0.228085 0.009176 0.695302
v 0.224380 0.007519 0.695200
v 0.187980 0.007519 0.695202
v 0.310682 0.045951 0.697551
v 0.314822 0.047221 0.697629
v 0.364425 0.058568 0.698324
v 0.227799 0.003720 0.694968
v 0.223982 0.003735 0.694969
v 0.188377 0.003735 0.694970
v 0.314984 0.046767 0.697601
v 0.310178 0.051585 0.697896
v 0.314810 0.047678 0.697657
v 0.364703 0.058179 0.698300
v 0.222806 0.000116 0.694747
v 0.228085 -0.001737 0.694633
v 0.175812 0.002889 0.694918
v 0.179510 -0.009707 0.694147
v 0.315305 0.046355 0.697576
v 0.310789 0.051529 0.697893
v 0.314939 0.048101 0.697683
v 0.377584 0.053365 0.698005
v 0.380198 0.061568 0.698508
v 0.220904 -0.003179 0.694545
v 0.228940 -0.007133 0.694303
v 0.183232 -0.008916 0.694195
v 0.189553 0.000116 0.694748
v 0.170101 -0.006702 0.694331
v 0.314928 0.042512 0.697340
v 0.315202 0.048450 0.697704
v 0.382862 0.054779 0.698092
v 0.364869 0.057679 0.698269
v 0.218358 -0.006006 0.694372
v 0.230354 -0.012411 0.693980
v 0.187037 -0.008916 0.694195
v 0.191456 -0.003179 0.694546
v 0.176034 -0.011254 0.694052
v 0.319327 0.042445 0.697336
v 0.315591 0.048688 0.697719
v 0.388258 0.055634 0.698145
v 0.393140 0.060643 0.698452
v 0.364925 0.057068 0.698232
v 0.215280 -0.008243 0.694236
v 0.232312 -0.017512 0.693667
v 0.190759 -0.009707 0.694147
v 0.194002 -0.006006 0.694373
v 0.172956 -0.013491 0.693915
v 0.318792 0.038648 0.697104
v 0.319961 0.041859 0.697300
v 0.320235 0.041669 0.697289
v 0.320530 0.041537 0.697281
v 0.316097 0.048776 0.697724
v 0.393715 0.055920 0.698162
v 0.372483 0.051407 0.697886
v 0.364925 0.053529 0.698015
v 0.202937 -0.023232 0.693318
v 0.211804 -0.009790 0.694141
v 0.194234 -0.011254 0.694052
v 0.197080 -0.008243 0.694236
v 0.166066 -0.014288 0.693866
v 0.324741 0.037715 0.697046
v 0.324597 0.037308 0.697021
v 0.319670 0.042115 0.697316
v 0.336733 0.051529 0.697893
v 0.336733 0.048776 0.697724
v 0.399171 0.055634 0.698145
v 0.404792 0.059347 0.698372
v 0.364869 0.052918 0.697978
v 0.234793 -0.022380 0.693369
v 0.203334 -0.027016 0.693086
v 0.201761 -0.019613 0.693540
v 0.208082 -0.010581 0.694093
v 0.197313 -0.013491 0.693915
v 0.200556 -0.009790 0.694141
v 0.170410 -0.016318 0.693742
v 0.322230 0.034402 0.696844
v 0.324577 0.036853 0.696994
v 0.320881 0.041453 0.697275
v 0.325008 0.038044 0.697066
v 0.357617 0.048776 0.697724
v 0.362925 0.051529 0.697893
v 0.404568 0.054779 0.698093
v 0.367615 0.048926 0.697733
v 0.237769 -0.026963 0.693088
v 0.202937 -0.030800 0.692855
v 0.199859 -0.016318 0.693742
v 0.204277 -0.010581 0.694093
v 0.168508 -0.019613 0.693541
v 0.324686 0.036382 0.696965
v 0.321324 0.041408 0.697273
v 0.325395 0.038264 0.697080
v 0.358123 0.048688 0.697719
v 0.409846 0.053365 0.698007
v 0.415488 0.057625 0.698267
v 0.364703 0.052418 0.697947
v 0.201761 -0.034419 0.692633
v 0.241207 -0.031209 0.692828
v 0.163489 -0.020365 0.693495
v 0.167332 -0.023232 0.693319
v 0.324924 0.035924 0.696937
v 0.321896 0.041395 0.697272
v 0.325899 0.038344 0.697085
v 0.358512 0.048450 0.697704
v 0.414946 0.051407 0.697887
v 0.364425 0.052029 0.697923
v 0.199859 -0.037714 0.692431
v 0.214672 -0.039881 0.692298
v 0.214672 -0.043389 0.692084
v 0.166934 -0.027016 0.693088
v 0.162150 -0.025427 0.693185
v 0.327623 0.032013 0.696697
v 0.325206 0.029820 0.696563
v 0.336733 0.041395 0.697272
v 0.336733 0.038344 0.697085
v 0.358775 0.048101 0.697683
v 0.425565 0.055422 0.698133
v 0.419815 0.048926 0.697735
v 0.364036 0.051751 0.697906
v 0.249317 -0.038511 0.692381
v 0.244561 -0.043389 0.692083
v 0.244561 -0.039881 0.692298
v 0.161828 -0.029968 0.692907
v 0.167332 -0.030800 0.692856
v 0.327886 0.031642 0.696674
v 0.347815 0.038344 0.697085
v 0.351818 0.041395 0.697272
v 0.363536 0.051585 0.697896
v 0.358905 0.047678 0.697657
v 0.428626 0.048090 0.697684
v 0.428446 0.047750 0.697663
v 0.424397 0.045951 0.697553
v 0.363032 0.045951 0.697551
v 0.358892 0.047221 0.697629
v 0.216618 -0.039749 0.694185
v 0.216647 -0.039488 0.694185
v 0.216760 -0.039330 0.694185
v 0.216909 -0.039222 0.694185
v 0.217169 -0.039195 0.694185
v 0.242064 -0.039195 0.694185
v 0.242324 -0.039223 0.694185
v 0.242474 -0.039330 0.694185
v 0.242586 -0.039488 0.694185
v 0.242615 -0.039749 0.694185
v 0.242615 -0.043765 0.694185
v 0.242587 -0.044026 0.694185
v 0.242475 -0.044184 0.694185
v 0.242323 -0.044291 0.694185
v 0.242064 -0.044319 0.694185
v 0.217169 -0.044319 0.694185
v 0.216911 -0.044292 0.694185
v 0.216759 -0.044184 0.694185
v 0.216647 -0.044026 0.694185
v 0.216619 -0.043765 0.694185
v 0.162304 -0.034482 0.692631
v 0.168508 -0.034419 0.692634
v 0.328145 0.031370 0.696658
v 0.352390 0.041408 0.697273
v 0.348320 0.038264 0.697080
v 0.428907 0.048356 0.697700
v 0.428405 0.047354 0.697639
v 0.358730 0.046767 0.697601
v 0.240716 -0.052534 0.691525
v 0.253900 -0.041487 0.692199
v 0.258768 -0.043967 0.692047
v 0.201488 -0.052534 0.691525
v 0.197313 -0.040541 0.692258
v 0.163553 -0.038769 0.692368
v 0.170410 -0.037714 0.692432
v 0.328424 0.031183 0.696646
v 0.352833 0.041453 0.697275
v 0.348706 0.038044 0.697066
v 0.429247 0.048529 0.697711
v 0.428544 0.046919 0.697612
v 0.358409 0.046355 0.697576
v 0.265841 -0.052534 0.691521
v 0.194234 -0.042778 0.692122
v 0.165550 -0.042627 0.692132
v 0.172956 -0.040541 0.692259
v 0.328746 0.031064 0.696639
v 0.353184 0.041537 0.697281
v 0.348973 0.037715 0.697046
v 0.429606 0.048593 0.697715
v 0.428903 0.046465 0.697585
v 0.358786 0.042512 0.697340
v 0.263869 -0.045925 0.691927
v 0.194753 -0.052462 0.691530
v 0.190759 -0.044325 0.692027
v 0.168269 -0.045855 0.691934
v 0.176034 -0.042778 0.692122
v 0.329132 0.030998 0.696635
v 0.327686 0.024952 0.696265
v 0.349117 0.037308 0.697021
v 0.354923 0.038648 0.697104
v 0.435356 0.052684 0.697965
v 0.428643 0.042512 0.697343
v 0.354387 0.042445 0.697336
v 0.269147 -0.047340 0.691840
v 0.189336 -0.052246 0.691543
v 0.187037 -0.045116 0.691979
v 0.171686 -0.048251 0.691787
v 0.329607 0.030970 0.696633
v 0.353479 0.041669 0.697289
v 0.353753 0.041859 0.697300
v 0.351484 0.034402 0.696844
v 0.349137 0.036853 0.696994
v 0.437575 0.048593 0.697715
v 0.432717 0.042851 0.697363
v 0.274543 -0.048194 0.691787
v 0.184626 -0.051815 0.691569
v 0.175652 -0.049953 0.691683
v 0.179510 -0.044325 0.692027
v 0.330192 0.030963 0.696633
v 0.354044 0.042115 0.697316
v 0.349029 0.036382 0.696965
v 0.438149 0.048569 0.697714
v 0.433029 0.042589 0.697347
v 0.432507 0.038648 0.697106
v 0.280000 -0.048480 0.691770
v 0.180015 -0.051096 0.691613
v 0.183232 -0.045116 0.691979
v 0.336733 0.030963 0.696634
v 0.348790 0.035924 0.696937
v 0.438639 0.048504 0.697710
v 0.433364 0.042371 0.697334
v 0.287976 -0.052534 0.691524
v 0.346028 0.024952 0.696265
v 0.329645 0.019851 0.695952
v 0.344070 0.019851 0.695952
v 0.344070 -0.012411 0.693977
v 0.336733 -0.021365 0.693429
v 0.329645 -0.012411 0.693977
v 0.342655 -0.007133 0.694300
v 0.331059 -0.007133 0.694300
v 0.341801 -0.001737 0.694630
v 0.331914 -0.001737 0.694630
v 0.341515 0.003720 0.694965
v 0.332199 0.003720 0.694965
v 0.341801 0.009176 0.695299
v 0.331914 0.009176 0.695299
v 0.342655 0.014573 0.695629
v 0.331059 0.014573 0.695629
v 0.346091 0.032013 0.696697
v 0.348508 0.029820 0.696563
v 0.439062 0.048397 0.697703
v 0.445198 0.049357 0.697761
v 0.433725 0.042195 0.697323
v 0.285456 -0.048194 0.691787
v 0.345828 0.031642 0.696674
v 0.439432 0.048248 0.697694
v 0.434112 0.042060 0.697315
v 0.290852 -0.047339 0.691839
v 0.345569 0.031370 0.696658
v 0.439766 0.048057 0.697682
v 0.434527 0.041964 0.697309
v 0.296130 -0.045925 0.691926
v 0.345290 0.031183 0.696646
v 0.440079 0.047824 0.697668
v 0.434972 0.041908 0.697306
v 0.301231 -0.043967 0.692045
v 0.313653 -0.052534 0.691521
v 0.344968 0.031064 0.696639
v 0.440386 0.047549 0.697651
v 0.435447 0.041888 0.697304
v 0.306100 -0.041487 0.692197
v 0.318479 -0.048192 0.691786
v 0.344582 0.030998 0.696635
v 0.443357 0.044698 0.697477
v 0.438263 0.037011 0.697006
v 0.438197 0.036546 0.696977
v 0.310682 -0.038511 0.692379
v 0.318479 -0.041002 0.692226
v 0.318517 -0.048548 0.691764
v 0.344108 0.030970 0.696633
v 0.454972 0.044872 0.697487
v 0.438470 0.037451 0.697033
v 0.435945 0.034402 0.696846
v 0.318513 -0.040265 0.692271
v 0.318627 -0.048848 0.691746
v 0.333958 -0.021401 0.693426
v 0.343522 0.030963 0.696633
v 0.443819 0.044112 0.697441
v 0.438825 0.037820 0.697056
v 0.438262 0.036100 0.696950
v 0.314928 -0.035072 0.692590
v 0.318629 -0.039716 0.692305
v 0.318803 -0.049093 0.691731
v 0.339084 -0.021365 0.693428
v 0.333370 -0.021516 0.693419
v 0.444020 0.043544 0.697406
v 0.439337 0.038074 0.697071
v 0.438450 0.035719 0.696927
v 0.318815 -0.039305 0.692330
v 0.319039 -0.049283 0.691719
v 0.339756 -0.021401 0.693426
v 0.332850 -0.021715 0.693407
v 0.443996 0.043019 0.697374
v 0.442393 0.041888 0.697305
v 0.440016 0.038168 0.697077
v 0.440936 0.032347 0.696720
v 0.438921 0.029820 0.696566
v 0.319063 -0.038983 0.692350
v 0.319328 -0.049419 0.691711
v 0.340344 -0.021516 0.693419
v 0.327686 -0.017512 0.693665
v 0.443784 0.042564 0.697346
v 0.442946 0.041972 0.697310
v 0.441212 0.032023 0.696701
v 0.319362 -0.038699 0.692367
v 0.319665 -0.049500 0.691706
v 0.340864 -0.021715 0.693407
v 0.332382 -0.022005 0.693389
v 0.443422 0.042206 0.697324
v 0.461454 0.038168 0.697078
v 0.441493 0.031786 0.696686
v 0.319700 -0.038404 0.692385
v 0.320043 -0.049526 0.691704
v 0.346028 -0.017512 0.693664
v 0.331952 -0.022394 0.693366
v 0.464559 0.039181 0.697139
v 0.441785 0.031620 0.696676
v 0.320068 -0.038050 0.692407
v 0.336733 -0.049526 0.691705
v 0.336733 -0.052534 0.691521
v 0.341332 -0.022005 0.693389
v 0.331543 -0.022888 0.693335
v 0.461940 0.038161 0.697077
v 0.442093 0.031515 0.696670
v 0.318792 -0.031209 0.692826
v 0.321896 -0.036120 0.692525
v 0.353671 -0.049526 0.691704
v 0.360061 -0.052534 0.691521
v 0.341762 -0.022394 0.693365
v 0.331140 -0.023494 0.693298
v 0.462423 0.038132 0.697075
v 0.442419 0.031455 0.696666
v 0.323425 -0.034426 0.692629
v 0.354049 -0.049500 0.691706
v 0.342171 -0.022888 0.693335
v 0.330161 -0.025108 0.693199
v 0.325206 -0.022380 0.693367
v 0.462900 0.038066 0.697071
v 0.442770 0.031429 0.696664
v 0.325106 -0.032368 0.692755
v 0.354386 -0.049419 0.691711
v 0.342574 -0.023494 0.693298
v 0.328399 -0.027942 0.693026
v 0.322230 -0.026963 0.693086
v 0.463370 0.037951 0.697064
v 0.443150 0.031423 0.696664
v 0.441402 0.024952 0.696268
v 0.327129 -0.029707 0.692918
v 0.354675 -0.049283 0.691719
v 0.348508 -0.022380 0.693367
v 0.343553 -0.025108 0.693199
v 0.463829 0.037771 0.697053
v 0.461910 0.024828 0.696261
v 0.467239 0.031423 0.696665
v 0.354911 -0.049093 0.691731
v 0.345315 -0.027942 0.693026
v 0.351484 -0.026963 0.693086
v 0.464275 0.037513 0.697038
v 0.465632 0.025619 0.696309
v 0.458434 0.023281 0.696166
v 0.355087 -0.048848 0.691746
v 0.346585 -0.029707 0.692918
v 0.464706 0.037164 0.697016
v 0.469437 0.025619 0.696309
v 0.455356 0.021044 0.696029
v 0.355197 -0.048548 0.691764
v 0.348608 -0.032368 0.692755
v 0.354923 -0.031209 0.692826
v 0.468162 0.033993 0.696822
v 0.473843 0.032255 0.696715
v 0.467782 0.031533 0.696671
v 0.452810 0.018217 0.695856
v 0.443360 0.019851 0.695955
v 0.355235 -0.048192 0.691786
v 0.350289 -0.034426 0.692629
v 0.468394 0.033652 0.696801
v 0.473158 0.024828 0.696261
v 0.468172 0.031822 0.696689
v 0.450908 0.014922 0.695654
v 0.367615 -0.041487 0.692197
v 0.372483 -0.043967 0.692045
v 0.351818 -0.036120 0.692525
v 0.468520 0.033207 0.696774
v 0.482703 0.023906 0.696204
v 0.468419 0.032236 0.696715
v 0.449732 0.011303 0.695432
v 0.444774 0.014573 0.695632
v 0.377584 -0.045925 0.691926
v 0.385738 -0.052534 0.691524
v 0.355235 -0.041002 0.692226
v 0.363032 -0.038511 0.692379
v 0.353646 -0.038050 0.692407
v 0.358786 -0.035072 0.692590
v 0.468532 0.032716 0.696744
v 0.476634 0.023281 0.696166
v 0.449334 0.007519 0.695200
v 0.445629 0.009176 0.695302
v 0.382862 -0.047339 0.691839
v 0.355201 -0.040265 0.692271
v 0.354014 -0.038404 0.692385
v 0.479713 0.021044 0.696029
v 0.449732 0.003735 0.694969
v 0.445915 0.003720 0.694968
v 0.388258 -0.048194 0.691787
v 0.355086 -0.039716 0.692305
v 0.354353 -0.038699 0.692367
v 0.482258 0.018217 0.695857
v 0.450908 0.000116 0.694747
v 0.445629 -0.001737 0.694633
v 0.393715 -0.048480 0.691770
v 0.354899 -0.039305 0.692330
v 0.354651 -0.038983 0.692350
v 0.484161 0.014922 0.695655
v 0.452810 -0.003179 0.694545
v 0.444774 -0.007133 0.694303
v 0.407873 -0.052534 0.691521
v 0.490828 0.013555 0.695571
v 0.455356 -0.006006 0.694372
v 0.443360 -0.012411 0.693980
v 0.399171 -0.048194 0.691787
v 0.485337 0.011303 0.695433
v 0.458434 -0.008243 0.694236
v 0.441402 -0.017512 0.693667
v 0.404568 -0.047340 0.691840
v 0.485734 0.007519 0.695202
v 0.461910 -0.009790 0.694141
v 0.470777 -0.023232 0.693318
v 0.409845 -0.045925 0.691927
v 0.485337 0.003735 0.694970
v 0.470380 -0.027016 0.693086
v 0.438921 -0.022380 0.693369
v 0.465632 -0.010581 0.694093
v 0.471953 -0.019613 0.693540
v 0.414946 -0.043967 0.692047
v 0.497902 0.002889 0.694918
v 0.494204 -0.009707 0.694147
v 0.470777 -0.030800 0.692855
v 0.435945 -0.026963 0.693089
v 0.469437 -0.010581 0.694093
v 0.473856 -0.016318 0.693742
v 0.432999 -0.052534 0.691525
v 0.503614 -0.006702 0.694331
v 0.490482 -0.008916 0.694195
v 0.484161 0.000116 0.694748
v 0.471953 -0.034419 0.692633
v 0.432507 -0.031209 0.692828
v 0.473158 -0.009790 0.694141
v 0.476402 -0.013491 0.693915
v 0.419815 -0.041487 0.692199
v 0.497680 -0.011254 0.694052
v 0.486677 -0.008916 0.694195
v 0.482258 -0.003179 0.694546
v 0.476634 -0.008243 0.694236
v 0.479480 -0.011254 0.694052
v 0.429537 -0.039939 0.692294
v 0.429537 -0.043448 0.692080
v 0.424397 -0.038511 0.692381
v 0.500758 -0.013491 0.693915
v 0.482956 -0.009707 0.694147
v 0.479713 -0.006006 0.694373
v 0.507648 -0.014288 0.693866
v 0.503304 -0.016318 0.693743
v 0.472226 -0.052534 0.691525
v 0.473856 -0.037714 0.692431
v 0.476402 -0.040541 0.692258
v 0.505206 -0.019613 0.693541
v 0.479480 -0.042778 0.692121
v 0.510225 -0.020365 0.693495
v 0.506382 -0.023232 0.693319
v 0.482956 -0.044325 0.692027
v 0.478961 -0.052462 0.691530
v 0.511565 -0.025427 0.693185
v 0.506780 -0.027016 0.693088
v 0.486677 -0.045116 0.691979
v 0.484378 -0.052246 0.691543
v 0.511887 -0.029968 0.692907
v 0.506382 -0.030800 0.692856
v 0.489088 -0.051815 0.691569
v 0.511410 -0.034482 0.692631
v 0.505206 -0.034419 0.692634
v 0.490482 -0.045116 0.691979
v 0.493700 -0.051096 0.691613
v 0.510161 -0.038769 0.692368
v 0.503304 -0.037714 0.692432
v 0.494204 -0.044325 0.692027
v 0.498063 -0.049953 0.691683
v 0.508165 -0.042627 0.692132
v 0.500758 -0.040541 0.692259
v 0.497680 -0.042778 0.692122
v 0.502028 -0.048251 0.691787
v 0.505445 -0.045855 0.691934
v 0.431483 -0.039808 0.694185
v 0.431511 -0.039546 0.694185
v 0.431624 -0.039389 0.694185
v 0.431774 -0.039282 0.694185
v 0.432033 -0.039254 0.694185
v 0.462562 -0.039254 0.694185
v 0.462822 -0.039281 0.694185
v 0.462972 -0.039389 0.694185
v 0.463084 -0.039546 0.694185
v 0.463113 -0.039808 0.694185
v 0.463113 -0.043824 0.694185
v 0.463085 -0.044085 0.694185
v 0.462973 -0.044242 0.694185
v 0.462821 -0.044350 0.694185
v 0.462562 -0.044378 0.694185
v 0.432034 -0.044378 0.694185
v 0.431775 -0.044350 0.694185
v 0.431623 -0.044242 0.694185
v 0.431511 -0.044085 0.694185
v 0.431483 -0.043823 0.694185
v 0.229694 0.043544 0.697406
v 0.229694 0.043483 0.698404
v 0.229718 0.042958 0.698372
v 0.229718 0.043019 0.697374
v 0.229930 0.042503 0.698344
v 0.229930 0.042564 0.697346
v 0.229895 0.044112 0.697441
v 0.229895 0.044051 0.698439
v 0.230292 0.042145 0.698322
v 0.230292 0.042206 0.697324
v 0.230357 0.044698 0.697477
v 0.230358 0.044637 0.698475
v 0.230769 0.041911 0.698308
v 0.230769 0.041972 0.697310
v 0.233329 0.047549 0.697651
v 0.233329 0.047488 0.698649
v 0.231321 0.041827 0.698303
v 0.231321 0.041888 0.697305
v 0.233635 0.047824 0.697668
v 0.233635 0.047763 0.698666
v 0.238267 0.041827 0.698303
v 0.238267 0.041888 0.697304
v 0.233948 0.048057 0.697682
v 0.233948 0.047996 0.698681
v 0.238742 0.041846 0.698304
v 0.238742 0.041908 0.697306
v 0.234282 0.048248 0.697694
v 0.234282 0.048187 0.698692
v 0.239187 0.041903 0.698307
v 0.239187 0.041964 0.697309
v 0.234653 0.048397 0.697703
v 0.234653 0.048336 0.698701
v 0.239602 0.041999 0.698313
v 0.239602 0.042060 0.697315
v 0.235075 0.048504 0.697710
v 0.235075 0.048443 0.698708
v 0.239989 0.042134 0.698321
v 0.239989 0.042195 0.697323
v 0.235565 0.048569 0.697714
v 0.235566 0.048508 0.698712
v 0.240350 0.042310 0.698332
v 0.240350 0.042371 0.697334
v 0.236139 0.048593 0.697715
v 0.236139 0.048531 0.698713
v 0.240685 0.042528 0.698345
v 0.240685 0.042589 0.697347
v 0.244108 0.048593 0.697715
v 0.244108 0.048531 0.698713
v 0.240997 0.042790 0.698362
v 0.240997 0.042851 0.697363
v 0.244467 0.048529 0.697711
v 0.244467 0.048468 0.698709
v 0.244811 0.046404 0.698583
v 0.244811 0.046465 0.697585
v 0.244807 0.048356 0.697700
v 0.244807 0.048295 0.698699
v 0.245170 0.046858 0.698610
v 0.245170 0.046919 0.697612
v 0.245088 0.048090 0.697684
v 0.245088 0.048029 0.698682
v 0.245309 0.047293 0.698637
v 0.245309 0.047354 0.697639
v 0.245268 0.047750 0.697663
v 0.245268 0.047689 0.698661
v 0.336733 0.059068 0.698354
v 0.336733 0.059007 0.699353
v 0.310789 0.059007 0.699352
v 0.310789 0.059068 0.698354
v 0.310178 0.058951 0.699349
v 0.310178 0.059012 0.698351
v 0.362925 0.059007 0.699352
v 0.362925 0.059068 0.698354
v 0.309678 0.058785 0.699339
v 0.309678 0.058846 0.698341
v 0.363536 0.058951 0.699349
v 0.363536 0.059012 0.698351
v 0.309289 0.058507 0.699322
v 0.309289 0.058568 0.698324
v 0.364036 0.058785 0.699339
v 0.364036 0.058846 0.698341
v 0.309011 0.058118 0.699298
v 0.309011 0.058179 0.698300
v 0.364425 0.058507 0.699322
v 0.364425 0.058568 0.698324
v 0.308845 0.057618 0.699267
v 0.308845 0.057679 0.698269
v 0.364703 0.058118 0.699298
v 0.364703 0.058179 0.698300
v 0.308789 0.057007 0.699230
v 0.308789 0.057068 0.698232
v 0.364869 0.057618 0.699267
v 0.364869 0.057679 0.698269
v 0.308789 0.053468 0.699013
v 0.308789 0.053529 0.698015
v 0.364925 0.057007 0.699230
v 0.364925 0.057068 0.698232
v 0.308845 0.052857 0.698976
v 0.308845 0.052918 0.697978
v 0.364925 0.053468 0.699013
v 0.364925 0.053529 0.698015
v 0.309011 0.052357 0.698945
v 0.309011 0.052418 0.697947
v 0.364869 0.052857 0.698976
v 0.364869 0.052918 0.697978
v 0.309289 0.051968 0.698921
v 0.309289 0.052029 0.697923
v 0.364703 0.052357 0.698945
v 0.364703 0.052418 0.697947
v 0.309678 0.051690 0.698904
v 0.309678 0.051751 0.697906
v 0.364425 0.051968 0.698921
v 0.364425 0.052029 0.697923
v 0.310178 0.051524 0.698894
v 0.310178 0.051585 0.697896
v 0.364036 0.051690 0.698905
v 0.364036 0.051751 0.697906
v 0.310789 0.051468 0.698891
v 0.310789 0.051529 0.697893
v 0.363536 0.051524 0.698894
v 0.363536 0.051585 0.697896
v 0.336733 0.051468 0.698891
v 0.336733 0.051529 0.697893
v 0.362925 0.051468 0.698891
v 0.362925 0.051529 0.697893
v 0.336733 0.048776 0.697724
v 0.336733 0.048715 0.698722
v 0.316097 0.048715 0.698722
v 0.316097 0.048776 0.697724
v 0.315591 0.048627 0.698717
v 0.315591 0.048688 0.697719
v 0.357617 0.048715 0.698722
v 0.357617 0.048776 0.697724
v 0.315202 0.048389 0.698702
v 0.315202 0.048450 0.697704
v 0.358123 0.048627 0.698717
v 0.358123 0.048688 0.697719
v 0.314939 0.048039 0.698681
v 0.314939 0.048101 0.697683
v 0.358512 0.048389 0.698702
v 0.358512 0.048450 0.697704
v 0.314810 0.047617 0.698655
v 0.314810 0.047678 0.697657
v 0.358775 0.048039 0.698681
v 0.358775 0.048101 0.697683
v 0.314822 0.047160 0.698627
v 0.314822 0.047221 0.697629
v 0.358905 0.047617 0.698655
v 0.358905 0.047678 0.697657
v 0.314984 0.046706 0.698599
v 0.314984 0.046767 0.697601
v 0.358892 0.047160 0.698627
v 0.358892 0.047221 0.697629
v 0.315305 0.046294 0.698574
v 0.315305 0.046355 0.697576
v 0.358730 0.046706 0.698599
v 0.358730 0.046767 0.697601
v 0.319327 0.042384 0.698334
v 0.319327 0.042445 0.697336
v 0.358409 0.046294 0.698574
v 0.358409 0.046355 0.697576
v 0.319670 0.042054 0.698314
v 0.319670 0.042115 0.697316
v 0.354387 0.042384 0.698334
v 0.354387 0.042445 0.697336
v 0.319961 0.041798 0.698298
v 0.319961 0.041859 0.697300
v 0.354044 0.042054 0.698314
v 0.354044 0.042115 0.697316
v 0.320235 0.041608 0.698287
v 0.320235 0.041669 0.697289
v 0.353753 0.041798 0.698298
v 0.353753 0.041859 0.697300
v 0.320530 0.041476 0.698279
v 0.320530 0.041537 0.697281
v 0.353479 0.041608 0.698287
v 0.353479 0.041669 0.697289
v 0.320881 0.041392 0.698273
v 0.320881 0.041453 0.697275
v 0.353184 0.041476 0.698279
v 0.353184 0.041537 0.697281
v 0.321324 0.041347 0.698271
v 0.321324 0.041408 0.697273
v 0.352833 0.041392 0.698273
v 0.352833 0.041453 0.697275
v 0.321896 0.041334 0.698270
v 0.321896 0.041395 0.697272
v 0.352390 0.041347 0.698271
v 0.352390 0.041408 0.697273
v 0.336733 0.041334 0.698270
v 0.336733 0.041395 0.697272
v 0.351818 0.041334 0.698270
v 0.351818 0.041395 0.697272
v 0.336733 0.038344 0.697085
v 0.336733 0.038283 0.698084
v 0.325899 0.038283 0.698083
v 0.325899 0.038344 0.697085
v 0.325395 0.038203 0.698078
v 0.325395 0.038264 0.697080
v 0.347815 0.038283 0.698083
v 0.347815 0.038344 0.697085
v 0.325008 0.037983 0.698065
v 0.325008 0.038044 0.697066
v 0.348320 0.038203 0.698078
v 0.348320 0.038264 0.697080
v 0.324741 0.037654 0.698044
v 0.324741 0.037715 0.697046
v 0.348706 0.037983 0.698065
v 0.348706 0.038044 0.697066
v 0.324597 0.037247 0.698020
v 0.324597 0.037308 0.697021
v 0.348973 0.037654 0.698044
v 0.348973 0.037715 0.697046
v 0.324577 0.036792 0.697992
v 0.324577 0.036853 0.696994
v 0.349117 0.037247 0.698020
v 0.349117 0.037308 0.697021
v 0.324685 0.036320 0.697963
v 0.324686 0.036382 0.696965
v 0.349137 0.036792 0.697992
v 0.349137 0.036853 0.696994
v 0.324924 0.035862 0.697935
v 0.324924 0.035924 0.696937
v 0.349029 0.036320 0.697963
v 0.349029 0.036382 0.696965
v 0.327623 0.031952 0.697695
v 0.327623 0.032013 0.696697
v 0.348790 0.035862 0.697935
v 0.348790 0.035924 0.696937
v 0.327886 0.031581 0.697672
v 0.327886 0.031642 0.696674
v 0.346092 0.031952 0.697695
v 0.346091 0.032013 0.696697
v 0.328145 0.031309 0.697656
v 0.328145 0.031370 0.696658
v 0.345829 0.031581 0.697672
v 0.345828 0.031642 0.696674
v 0.328424 0.031122 0.697644
v 0.328424 0.031183 0.696646
v 0.345569 0.031309 0.697656
v 0.345569 0.031370 0.696658
v 0.328746 0.031003 0.697637
v 0.328746 0.031064 0.696639
v 0.345290 0.031122 0.697644
v 0.345290 0.031183 0.696646
v 0.329132 0.030937 0.697633
v 0.329132 0.030998 0.696635
v 0.344969 0.031003 0.697637
v 0.344968 0.031064 0.696639
v 0.329607 0.030909 0.697631
v 0.329607 0.030970 0.696633
v 0.344582 0.030937 0.697633
v 0.344582 0.030998 0.696635
v 0.330192 0.030902 0.697631
v 0.330192 0.030963 0.696633
v 0.344108 0.030909 0.697631
v 0.344108 0.030970 0.696633
v 0.336733 0.030902 0.697632
v 0.336733 0.030963 0.696634
v 0.343522 0.030902 0.697631
v 0.343522 0.030963 0.696633
v 0.320043 -0.049526 0.691704
v 0.320043 -0.049588 0.692702
v 0.336733 -0.049588 0.692703
v 0.336733 -0.049526 0.691705
v 0.353671 -0.049588 0.692702
v 0.353671 -0.049526 0.691704
v 0.319665 -0.049500 0.691706
v 0.319665 -0.049561 0.692704
v 0.354049 -0.049561 0.692704
v 0.354049 -0.049500 0.691706
v 0.319328 -0.049419 0.691711
v 0.319328 -0.049480 0.692709
v 0.354386 -0.049480 0.692709
v 0.354386 -0.049419 0.691711
v 0.319039 -0.049283 0.691719
v 0.319039 -0.049345 0.692717
v 0.354675 -0.049345 0.692717
v 0.354675 -0.049283 0.691719
v 0.318803 -0.049093 0.691731
v 0.318803 -0.049154 0.692729
v 0.354911 -0.049154 0.692729
v 0.354911 -0.049093 0.691731
v 0.318627 -0.048848 0.691746
v 0.318627 -0.048909 0.692744
v 0.355087 -0.048909 0.692744
v 0.355087 -0.048848 0.691746
v 0.318517 -0.048548 0.691764
v 0.318517 -0.048609 0.692762
v 0.355197 -0.048609 0.692762
v 0.355197 -0.048548 0.691764
v 0.318479 -0.048192 0.691786
v 0.318479 -0.048253 0.692784
v 0.355235 -0.048253 0.692784
v 0.355235 -0.048192 0.691786
v 0.318479 -0.041002 0.692226
v 0.318479 -0.041063 0.693224
v 0.355235 -0.041063 0.693224
v 0.355235 -0.041002 0.692226
v 0.318513 -0.040265 0.692271
v 0.318513 -0.040326 0.693270
v 0.355201 -0.040326 0.693270
v 0.355201 -0.040265 0.692271
v 0.318629 -0.039716 0.692305
v 0.318628 -0.039777 0.693303
v 0.355086 -0.039777 0.693303
v 0.355086 -0.039716 0.692305
v 0.318815 -0.039305 0.692330
v 0.318815 -0.039366 0.693328
v 0.354899 -0.039366 0.693328
v 0.354899 -0.039305 0.692330
v 0.319063 -0.038983 0.692350
v 0.319063 -0.039044 0.693348
v 0.354651 -0.039044 0.693348
v 0.354651 -0.038983 0.692350
v 0.319362 -0.038699 0.692367
v 0.319362 -0.038760 0.693366
v 0.354353 -0.038760 0.693366
v 0.354353 -0.038699 0.692367
v 0.319700 -0.038404 0.692385
v 0.319700 -0.038466 0.693384
v 0.354014 -0.038466 0.693384
v 0.354014 -0.038404 0.692385
v 0.320068 -0.038050 0.692407
v 0.320068 -0.038111 0.693405
v 0.353646 -0.038111 0.693405
v 0.353646 -0.038050 0.692407
v 0.321896 -0.036120 0.692525
v 0.321896 -0.036181 0.693523
v 0.351818 -0.036181 0.693523
v 0.351818 -0.036120 0.692525
v 0.323425 -0.034426 0.692629
v 0.323425 -0.034487 0.693627
v 0.350289 -0.034487 0.693627
v 0.350289 -0.034426 0.692629
v 0.325106 -0.032368 0.692755
v 0.325106 -0.032430 0.693753
v 0.348608 -0.032430 0.693753
v 0.348608 -0.032368 0.692755
v 0.327129 -0.029707 0.692918
v 0.327129 -0.029769 0.693916
v 0.346585 -0.029769 0.693916
v 0.346585 -0.029707 0.692918
v 0.328399 -0.027942 0.693026
v 0.328399 -0.028004 0.694024
v 0.345315 -0.028004 0.694024
v 0.345315 -0.027942 0.693026
v 0.330161 -0.025108 0.693199
v 0.330161 -0.025169 0.694197
v 0.343553 -0.025169 0.694197
v 0.343553 -0.025108 0.693199
v 0.331140 -0.023494 0.693298
v 0.331140 -0.023555 0.694296
v 0.342574 -0.023555 0.694296
v 0.342574 -0.023494 0.693298
v 0.331543 -0.022888 0.693335
v 0.331543 -0.022949 0.694333
v 0.342171 -0.022949 0.694333
v 0.342171 -0.022888 0.693335
v 0.331952 -0.022394 0.693366
v 0.331952 -0.022455 0.694364
v 0.341762 -0.022455 0.694363
v 0.341762 -0.022394 0.693365
v 0.332382 -0.022005 0.693389
v 0.332382 -0.022066 0.694387
v 0.341332 -0.022066 0.694387
v 0.341332 -0.022005 0.693389
v 0.332850 -0.021715 0.693407
v 0.332850 -0.021776 0.694405
v 0.340864 -0.021776 0.694405
v 0.340864 -0.021715 0.693407
v 0.333370 -0.021516 0.693419
v 0.333370 -0.021577 0.694417
v 0.340344 -0.021577 0.694417
v 0.340344 -0.021516 0.693419
v 0.333958 -0.021401 0.693426
v 0.333958 -0.021462 0.694424
v 0.339756 -0.021462 0.694424
v 0.339756 -0.021401 0.693426
v 0.336733 -0.021365 0.693429
v 0.336733 -0.021426 0.694427
v 0.339084 -0.021426 0.694426
v 0.339084 -0.021365 0.693428
v 0.205182 0.032716 0.696744
v 0.205182 0.032655 0.697742
v 0.205295 0.032175 0.697713
v 0.205295 0.032236 0.696715
v 0.205542 0.031761 0.697687
v 0.205542 0.031822 0.696689
v 0.205194 0.033207 0.696774
v 0.205194 0.033146 0.697772
v 0.205932 0.031471 0.697670
v 0.205932 0.031533 0.696671
v 0.205321 0.033652 0.696801
v 0.205321 0.033590 0.697799
v 0.206476 0.031362 0.697663
v 0.206476 0.031423 0.696665
v 0.205552 0.033993 0.696822
v 0.205552 0.033932 0.697820
v 0.230564 0.031362 0.697662
v 0.230564 0.031423 0.696664
v 0.209008 0.037164 0.697016
v 0.209008 0.037103 0.698014
v 0.230944 0.031368 0.697662
v 0.230944 0.031429 0.696664
v 0.209439 0.037513 0.697038
v 0.209439 0.037452 0.698036
v 0.231295 0.031394 0.697664
v 0.231295 0.031455 0.696666
v 0.209885 0.037771 0.697053
v 0.209885 0.037710 0.698051
v 0.231622 0.031453 0.697668
v 0.231622 0.031515 0.696670
v 0.210345 0.037951 0.697064
v 0.210345 0.037889 0.698062
v 0.231929 0.031559 0.697674
v 0.231929 0.031620 0.696676
v 0.210814 0.038066 0.697071
v 0.210814 0.038005 0.698070
v 0.232221 0.031725 0.697684
v 0.232221 0.031786 0.696686
v 0.211292 0.038132 0.697075
v 0.211292 0.038071 0.698074
v 0.232503 0.031962 0.697699
v 0.232503 0.032023 0.696701
v 0.211774 0.038161 0.697077
v 0.211774 0.038100 0.698075
v 0.232778 0.032285 0.697719
v 0.232778 0.032347 0.696720
v 0.212260 0.038168 0.697078
v 0.212260 0.038107 0.698076
v 0.235264 0.035658 0.697925
v 0.235264 0.035719 0.696927
v 0.233699 0.038168 0.697077
v 0.233699 0.038107 0.698075
v 0.235452 0.036039 0.697948
v 0.235452 0.036100 0.696950
v 0.234377 0.038074 0.697071
v 0.234377 0.038013 0.698069
v 0.235517 0.036485 0.697976
v 0.235517 0.036546 0.696977
v 0.234889 0.037820 0.697056
v 0.234889 0.037759 0.698054
v 0.235451 0.036950 0.698004
v 0.235451 0.037011 0.697006
v 0.235244 0.037451 0.697033
v 0.235244 0.037389 0.698031
v 0.228749 -0.001667 0.694138
v 0.228467 0.003720 0.694468
v 0.229301 0.003720 0.694468
v 0.229579 -0.001580 0.694143
v 0.229593 -0.006995 0.693811
v 0.230410 -0.006822 0.693822
v 0.228749 0.009107 0.694798
v 0.229579 0.009020 0.694792
v 0.230989 -0.012206 0.693492
v 0.231783 -0.011949 0.693508
v 0.229593 0.014435 0.695124
v 0.230409 0.014262 0.695113
v 0.232922 -0.017241 0.693184
v 0.233685 -0.016903 0.693205
v 0.230989 0.019645 0.695443
v 0.231783 0.019388 0.695427
v 0.235371 -0.022048 0.692890
v 0.236094 -0.021632 0.692915
v 0.232922 0.024681 0.695751
v 0.233685 0.024343 0.695730
v 0.238309 -0.026572 0.692613
v 0.238985 -0.026083 0.692643
v 0.235371 0.029487 0.696045
v 0.236094 0.029071 0.696020
v 0.241704 -0.030764 0.692356
v 0.242325 -0.030207 0.692390
v 0.238309 0.034011 0.696322
v 0.238985 0.033522 0.696292
v 0.245518 -0.034578 0.692122
v 0.246077 -0.033959 0.692160
v 0.241704 0.038203 0.696579
v 0.242324 0.037646 0.696545
v 0.249710 -0.037972 0.691914
v 0.250201 -0.037299 0.691955
v 0.245518 0.042017 0.696812
v 0.246077 0.041399 0.696774
v 0.254234 -0.040910 0.691734
v 0.254652 -0.040189 0.691778
v 0.249710 0.045412 0.697020
v 0.250201 0.044738 0.696979
v 0.259040 -0.043359 0.691584
v 0.259380 -0.042598 0.691630
v 0.254234 0.048350 0.697200
v 0.254651 0.047629 0.697155
v 0.264075 -0.045292 0.691465
v 0.264334 -0.044500 0.691514
v 0.259040 0.050798 0.697349
v 0.259380 0.050038 0.697303
v 0.269286 -0.046688 0.691380
v 0.269459 -0.045873 0.691430
v 0.264075 0.052731 0.697468
v 0.264334 0.051939 0.697419
v 0.274613 -0.047532 0.691328
v 0.274700 -0.046703 0.691379
v 0.269286 0.054127 0.697553
v 0.269459 0.053313 0.697503
v 0.279999 -0.047814 0.691311
v 0.279999 -0.046981 0.691361
v 0.274613 0.054971 0.697604
v 0.274700 0.054143 0.697554
v 0.285386 -0.047531 0.691328
v 0.285299 -0.046703 0.691378
v 0.279999 0.055254 0.697622
v 0.279999 0.054421 0.697571
v 0.290713 -0.046688 0.691379
v 0.290540 -0.045873 0.691429
v 0.285386 0.054971 0.697604
v 0.285298 0.054143 0.697554
v 0.295924 -0.045292 0.691464
v 0.295665 -0.044500 0.691513
v 0.290713 0.054127 0.697552
v 0.290540 0.053313 0.697502
v 0.300959 -0.043359 0.691583
v 0.300619 -0.042598 0.691629
v 0.295923 0.052731 0.697467
v 0.295665 0.051939 0.697418
v 0.305765 -0.040910 0.691732
v 0.305347 -0.040189 0.691777
v 0.300959 0.050798 0.697348
v 0.300619 0.050038 0.697302
v 0.310289 -0.037972 0.691912
v 0.309798 -0.037299 0.691953
v 0.305765 0.048350 0.697198
v 0.305347 0.047629 0.697154
v 0.314481 -0.034578 0.692120
v 0.313922 -0.033959 0.692158
v 0.310289 0.045412 0.697018
v 0.309798 0.044738 0.696977
v 0.318295 -0.030763 0.692353
v 0.317674 -0.030207 0.692388
v 0.314481 0.042017 0.696810
v 0.313922 0.041399 0.696772
v 0.321690 -0.026571 0.692610
v 0.321014 -0.026082 0.692640
v 0.318295 0.038203 0.696576
v 0.317674 0.037646 0.696542
v 0.324627 -0.022047 0.692887
v 0.323904 -0.021632 0.692912
v 0.321690 0.034011 0.696320
v 0.321014 0.033522 0.696290
v 0.327076 -0.017241 0.693181
v 0.326314 -0.016903 0.693202
v 0.324627 0.029487 0.696042
v 0.323904 0.029071 0.696017
v 0.329010 -0.012205 0.693489
v 0.328216 -0.011948 0.693505
v 0.327076 0.024681 0.695748
v 0.326314 0.024343 0.695728
v 0.330406 -0.006995 0.693808
v 0.329589 -0.006822 0.693819
v 0.329010 0.019645 0.695440
v 0.328216 0.019388 0.695424
v 0.326314 0.024343 0.695728
v 0.331249 -0.001667 0.694135
v 0.330420 -0.001580 0.694140
v 0.330406 0.014435 0.695121
v 0.329589 0.014262 0.695110
v 0.331532 0.003720 0.694465
v 0.330697 0.003720 0.694465
v 0.331249 0.009107 0.694794
v 0.330420 0.009020 0.694789
v 0.228085 -0.001737 0.694633
v 0.227799 0.003720 0.694968
v 0.228467 0.003720 0.694468
v 0.228749 -0.001667 0.694138
v 0.228940 -0.007133 0.694303
v 0.229593 -0.006995 0.693811
v 0.228085 0.009176 0.695302
v 0.228749 0.009107 0.694798
v 0.230354 -0.012411 0.693980
v 0.228940 -0.007133 0.694303
v 0.230989 -0.012206 0.693492
v 0.228940 0.014573 0.695632
v 0.229593 0.014435 0.695124
v 0.232312 -0.017512 0.693667
v 0.230354 -0.012411 0.693980
v 0.232922 -0.017241 0.693184
v 0.228940 0.014573 0.695632
v 0.230354 0.019851 0.695955
v 0.230989 0.019645 0.695443
v 0.229593 0.014435 0.695124
v 0.234793 -0.022380 0.693369
v 0.235371 -0.022048 0.692890
v 0.232312 0.024952 0.696268
v 0.232922 0.024681 0.695751
v 0.237769 -0.026963 0.693088
v 0.238309 -0.026572 0.692613
v 0.234793 0.029820 0.696566
v 0.235371 0.029487 0.696045
v 0.241207 -0.031209 0.692828
v 0.237769 -0.026963 0.693088
v 0.238309 -0.026572 0.692613
v 0.241704 -0.030764 0.692356
v 0.237769 0.034402 0.696846
v 0.238309 0.034011 0.696322
v 0.245071 -0.035072 0.692592
v 0.241704 -0.030764 0.692356
v 0.245518 -0.034578 0.692122
v 0.237769 0.034402 0.696846
v 0.241207 0.038648 0.697106
v 0.241704 0.038203 0.696579
v 0.238309 0.034011 0.696322
v 0.249317 -0.038511 0.692381
v 0.249710 -0.037972 0.691914
v 0.245071 0.042512 0.697343
v 0.245518 0.042017 0.696812
v 0.253900 -0.041487 0.692199
v 0.249710 -0.037972 0.691914
v 0.254234 -0.040910 0.691734
v 0.245071 0.042512 0.697343
v 0.249317 0.045951 0.697553
v 0.249710 0.045412 0.697020
v 0.245518 0.042017 0.696812
v 0.258768 -0.043967 0.692047
v 0.259040 -0.043359 0.691584
v 0.249317 0.045951 0.697553
v 0.253899 0.048926 0.697735
v 0.254234 0.048350 0.697200
v 0.249710 0.045412 0.697020
v 0.263869 -0.045925 0.691927
v 0.264075 -0.045292 0.691465
v 0.253899 0.048926 0.697735
v 0.258768 0.051407 0.697887
v 0.259040 0.050798 0.697349
v 0.254234 0.048350 0.697200
v 0.269147 -0.047340 0.691840
v 0.269286 -0.046688 0.691380
v 0.258768 0.051407 0.697887
v 0.263869 0.053365 0.698007
v 0.264075 0.052731 0.697468
v 0.259040 0.050798 0.697349
v 0.274543 -0.048194 0.691787
v 0.274613 -0.047532 0.691328
v 0.269146 0.054779 0.698093
v 0.269286 0.054127 0.697553
v 0.280000 -0.048480 0.691770
v 0.279999 -0.047814 0.691311
v 0.274543 0.055634 0.698145
v 0.274613 0.054971 0.697604
v 0.285456 -0.048194 0.691787
v 0.285386 -0.047531 0.691328
v 0.279999 0.055920 0.698162
v 0.279999 0.055254 0.697622
v 0.290852 -0.047339 0.691839
v 0.285456 -0.048194 0.691787
v 0.285386 -0.047531 0.691328
v 0.290713 -0.046688 0.691379
v 0.285456 0.055634 0.698145
v 0.285386 0.054971 0.697604
v 0.296130 -0.045925 0.691926
v 0.290852 -0.047339 0.691839
v 0.290713 -0.046688 0.691379
v 0.295924 -0.045292 0.691464
v 0.290852 0.054779 0.698092
v 0.290713 0.054127 0.697552
v 0.301231 -0.043967 0.692045
v 0.300959 -0.043359 0.691583
v 0.296130 0.053365 0.698005
v 0.295923 0.052731 0.697467
v 0.306100 -0.041487 0.692197
v 0.301231 -0.043967 0.692045
v 0.300959 -0.043359 0.691583
v 0.305765 -0.040910 0.691732
v 0.301231 0.051407 0.697886
v 0.300959 0.050798 0.697348
v 0.310289 -0.037972 0.691912
v 0.310682 -0.038511 0.692379
v 0.306099 0.048926 0.697733
v 0.305765 0.048350 0.697198
v 0.314481 -0.034578 0.692120
v 0.314928 -0.035072 0.692590
v 0.305765 0.048350 0.697198
v 0.306099 0.048926 0.697733
v 0.310682 0.045951 0.697551
v 0.310289 0.045412 0.697018
v 0.318295 -0.030763 0.692353
v 0.318792 -0.031209 0.692826
v 0.310289 0.045412 0.697018
v 0.314928 0.042512 0.697340
v 0.314481 0.042017 0.696810
v 0.321690 -0.026571 0.692610
v 0.322230 -0.026963 0.693086
v 0.318792 0.038648 0.697104
v 0.318295 0.038203 0.696576
v 0.324627 -0.022047 0.692887
v 0.325206 -0.022380 0.693367
v 0.322230 0.034402 0.696844
v 0.321690 0.034011 0.696320
v 0.327076 -0.017241 0.693181
v 0.327686 -0.017512 0.693665
v 0.325206 0.029820 0.696563
v 0.324627 0.029487 0.696042
v 0.329010 -0.012205 0.693489
v 0.329645 -0.012411 0.693977
v 0.327686 0.024952 0.696265
v 0.327076 0.024681 0.695748
v 0.330406 -0.006995 0.693808
v 0.331059 -0.007133 0.694300
v 0.329645 0.019851 0.695952
v 0.329010 0.019645 0.695440
v 0.331249 -0.001667 0.694135
v 0.331914 -0.001737 0.694630
v 0.329010 0.019645 0.695440
v 0.331059 0.014573 0.695629
v 0.330406 0.014435 0.695121
v 0.331532 0.003720 0.694465
v 0.332199 0.003720 0.694965
v 0.331914 -0.001737 0.694630
v 0.331249 -0.001667 0.694135
v 0.331914 0.009176 0.695299
v 0.331249 0.009107 0.694794
v 0.332199 0.003720 0.694965
v 0.229301 0.003720 0.694468
v 0.230303 0.003536 0.697962
v 0.230575 -0.001659 0.697644
v 0.229579 -0.001580 0.694143
v 0.231389 -0.006798 0.697329
v 0.230410 -0.006822 0.693822
v 0.229579 0.009020 0.694792
v 0.230575 0.008732 0.698280
v 0.232736 -0.011824 0.697021
v 0.231783 -0.011949 0.693508
v 0.230409 0.014262 0.695113
v 0.231389 0.013871 0.698595
v 0.234600 -0.016681 0.696724
v 0.233685 -0.016903 0.693205
v 0.231783 0.019388 0.695427
v 0.232736 0.018896 0.698902
v 0.236962 -0.021316 0.696440
v 0.236094 -0.021632 0.692915
v 0.233685 0.024343 0.695730
v 0.234600 0.023753 0.699200
v 0.239796 -0.025679 0.696173
v 0.238985 -0.026083 0.692643
v 0.236094 0.029071 0.696020
v 0.236962 0.028389 0.699484
v 0.243069 -0.029722 0.695925
v 0.242325 -0.030207 0.692390
v 0.238985 0.033522 0.696292
v 0.239795 0.032752 0.699751
v 0.246748 -0.033400 0.695700
v 0.246077 -0.033959 0.692160
v 0.242324 0.037646 0.696545
v 0.243069 0.036795 0.699998
v 0.250790 -0.036674 0.695499
v 0.250201 -0.037299 0.691955
v 0.246077 0.041399 0.696774
v 0.246748 0.040473 0.700223
v 0.255153 -0.039507 0.695325
v 0.254652 -0.040189 0.691778
v 0.250201 0.044738 0.696979
v 0.250790 0.043747 0.700424
v 0.259788 -0.041869 0.695181
v 0.259380 -0.042598 0.691630
v 0.254651 0.047629 0.697155
v 0.255153 0.046580 0.700597
v 0.264644 -0.043733 0.695067
v 0.264334 -0.044500 0.691514
v 0.259380 0.050038 0.697303
v 0.259788 0.048941 0.700741
v 0.269668 -0.045079 0.694984
v 0.269459 -0.045873 0.691430
v 0.264334 0.051939 0.697419
v 0.264644 0.050806 0.700855
v 0.274805 -0.045893 0.694934
v 0.274700 -0.046703 0.691379
v 0.269459 0.053313 0.697503
v 0.269668 0.052152 0.700938
v 0.280000 -0.046165 0.694917
v 0.279999 -0.046981 0.691361
v 0.274700 0.054143 0.697554
v 0.274805 0.052966 0.700987
v 0.285194 -0.045892 0.694934
v 0.285299 -0.046703 0.691378
v 0.279999 0.054421 0.697571
v 0.279999 0.053238 0.701004
v 0.290331 -0.045079 0.694983
v 0.290540 -0.045873 0.691429
v 0.285298 0.054143 0.697554
v 0.285194 0.052966 0.700987
v 0.295355 -0.043733 0.695065
v 0.295665 -0.044500 0.691513
v 0.290540 0.053313 0.697502
v 0.290331 0.052152 0.700937
v 0.300211 -0.041869 0.695180
v 0.300619 -0.042598 0.691629
v 0.295665 0.051939 0.697418
v 0.295355 0.050806 0.700854
v 0.304846 -0.039507 0.695324
v 0.305347 -0.040189 0.691777
v 0.300619 0.050038 0.697302
v 0.300211 0.048941 0.700740
v 0.309209 -0.036674 0.695497
v 0.309798 -0.037299 0.691953
v 0.305347 0.047629 0.697154
v 0.304846 0.046580 0.700595
v 0.313251 -0.033400 0.695698
v 0.313922 -0.033959 0.692158
v 0.309798 0.044738 0.696977
v 0.309209 0.043747 0.700422
v 0.317674 -0.030207 0.692388
v 0.316930 -0.029722 0.695923
v 0.313922 0.041399 0.696772
v 0.313251 0.040473 0.700221
v 0.321014 -0.026082 0.692640
v 0.320204 -0.025679 0.696170
v 0.317674 0.037646 0.696542
v 0.316930 0.036795 0.699996
v 0.323904 -0.021632 0.692912
v 0.323037 -0.021316 0.696437
v 0.321014 0.033522 0.696290
v 0.320204 0.032752 0.699748
v 0.326314 -0.016903 0.693202
v 0.325399 -0.016680 0.696721
v 0.323904 0.029071 0.696017
v 0.323037 0.028389 0.699481
v 0.328216 -0.011948 0.693505
v 0.327263 -0.011823 0.697019
v 0.326314 0.024343 0.695728
v 0.325399 0.023753 0.699197
v 0.329589 -0.006822 0.693819
v 0.328610 -0.006798 0.697326
v 0.328216 0.019388 0.695424
v 0.327263 0.018896 0.698900
v 0.330420 -0.001580 0.694140
v 0.329424 -0.001659 0.697641
v 0.329589 0.014262 0.695110
v 0.328610 0.013871 0.698592
v 0.330697 0.003720 0.694465
v 0.329696 0.003536 0.697959
v 0.330420 0.009020 0.694789
v 0.329424 0.008732 0.698277
v 0.200556 0.024828 0.696261
v 0.204277 0.025619 0.696309
v 0.204383 0.024621 0.696148
v 0.200867 0.023874 0.696103
v 0.197080 0.023281 0.696166
v 0.197583 0.022412 0.696013
v 0.208082 0.025619 0.696309
v 0.207977 0.024621 0.696148
v 0.194002 0.021044 0.696029
v 0.194675 0.020299 0.695884
v 0.211804 0.024828 0.696261
v 0.211493 0.023874 0.696102
v 0.191456 0.018217 0.695857
v 0.192270 0.017627 0.695720
v 0.215280 0.023281 0.696166
v 0.214776 0.022412 0.696013
v 0.189553 0.014922 0.695655
v 0.190472 0.014514 0.695530
v 0.218358 0.021044 0.696029
v 0.217684 0.020299 0.695883
v 0.188377 0.011303 0.695433
v 0.189361 0.011095 0.695320
v 0.220904 0.018217 0.695856
v 0.220090 0.017627 0.695719
v 0.187980 0.007519 0.695202
v 0.188985 0.007519 0.695101
v 0.222806 0.014922 0.695654
v 0.221887 0.014514 0.695529
v 0.188377 0.003735 0.694970
v 0.189361 0.003943 0.694883
v 0.223982 0.011303 0.695432
v 0.222998 0.011095 0.695319
v 0.189553 0.000116 0.694748
v 0.190472 0.000524 0.694673
v 0.224380 0.007519 0.695200
v 0.223374 0.007519 0.695100
v 0.191456 -0.003179 0.694546
v 0.192270 -0.002590 0.694482
v 0.223982 0.003735 0.694969
v 0.222998 0.003943 0.694881
v 0.194002 -0.006006 0.694373
v 0.194675 -0.005261 0.694319
v 0.222806 0.000116 0.694747
v 0.221887 0.000524 0.694672
v 0.197080 -0.008243 0.694236
v 0.197583 -0.007374 0.694189
v 0.220904 -0.003179 0.694545
v 0.220090 -0.002590 0.694481
v 0.200556 -0.009790 0.694141
v 0.200867 -0.008836 0.694100
v 0.218358 -0.006006 0.694372
v 0.217684 -0.005261 0.694318
v 0.204277 -0.010581 0.694093
v 0.204383 -0.009583 0.694054
v 0.215280 -0.008243 0.694236
v 0.214776 -0.007374 0.694189
v 0.208082 -0.010581 0.694093
v 0.207977 -0.009583 0.694054
v 0.211804 -0.009790 0.694141
v 0.211493 -0.008836 0.694099
v 0.167332 -0.030800 0.692856
v 0.166934 -0.027016 0.693088
v 0.167940 -0.027016 0.692987
v 0.168316 -0.030592 0.692769
v 0.168508 -0.034419 0.692634
v 0.169427 -0.034011 0.692559
v 0.167332 -0.023232 0.693319
v 0.168316 -0.023440 0.693206
v 0.170410 -0.037714 0.692432
v 0.171224 -0.037125 0.692368
v 0.168508 -0.019613 0.693541
v 0.169427 -0.020021 0.693416
v 0.172956 -0.040541 0.692259
v 0.173630 -0.039796 0.692205
v 0.170410 -0.016318 0.693742
v 0.171224 -0.016908 0.693606
v 0.176034 -0.042778 0.692122
v 0.176538 -0.041909 0.692075
v 0.172956 -0.013491 0.693915
v 0.173630 -0.014236 0.693770
v 0.179510 -0.044325 0.692027
v 0.179822 -0.043371 0.691986
v 0.176034 -0.011254 0.694052
v 0.176538 -0.012123 0.693899
v 0.183232 -0.045116 0.691979
v 0.183337 -0.044118 0.691940
v 0.179510 -0.009707 0.694147
v 0.179822 -0.010661 0.693989
v 0.187037 -0.045116 0.691979
v 0.186932 -0.044118 0.691940
v 0.183232 -0.008916 0.694195
v 0.183337 -0.009914 0.694034
v 0.190759 -0.044325 0.692027
v 0.190447 -0.043371 0.691985
v 0.187037 -0.008916 0.694195
v 0.186932 -0.009914 0.694034
v 0.194234 -0.042778 0.692122
v 0.193731 -0.041909 0.692075
v 0.190759 -0.009707 0.694147
v 0.190447 -0.010661 0.693988
v 0.197313 -0.040541 0.692258
v 0.196639 -0.039796 0.692204
v 0.194234 -0.011254 0.694052
v 0.193731 -0.012123 0.693899
v 0.199859 -0.037714 0.692431
v 0.199045 -0.037125 0.692367
v 0.197313 -0.013491 0.693915
v 0.196639 -0.014236 0.693769
v 0.201761 -0.034419 0.692633
v 0.200842 -0.034011 0.692558
v 0.199859 -0.016318 0.693742
v 0.199045 -0.016908 0.693605
v 0.202937 -0.030800 0.692855
v 0.201953 -0.030592 0.692767
v 0.201761 -0.019613 0.693540
v 0.200842 -0.020021 0.693415
v 0.203334 -0.027016 0.693086
v 0.202329 -0.027016 0.692986
v 0.202937 -0.023232 0.693318
v 0.201953 -0.023440 0.693205
v 0.167940 -0.027016 0.692987
v 0.168443 -0.027138 0.695084
v 0.168808 -0.030610 0.694871
v 0.168316 -0.030592 0.692769
v 0.169886 -0.033930 0.694668
v 0.169427 -0.034011 0.692559
v 0.168316 -0.023440 0.693206
v 0.168808 -0.023667 0.695296
v 0.171631 -0.036952 0.694483
v 0.171224 -0.037125 0.692368
v 0.169427 -0.020021 0.693416
v 0.169886 -0.020347 0.695499
v 0.173967 -0.039546 0.694324
v 0.173630 -0.039796 0.692205
v 0.171224 -0.016908 0.693606
v 0.171631 -0.017324 0.695685
v 0.176790 -0.041597 0.694198
v 0.176538 -0.041909 0.692075
v 0.173630 -0.014236 0.693770
v 0.173967 -0.014731 0.695843
v 0.179977 -0.043016 0.694111
v 0.179822 -0.043371 0.691986
v 0.176538 -0.012123 0.693899
v 0.176790 -0.012680 0.695969
v 0.183390 -0.043741 0.694067
v 0.183337 -0.044118 0.691940
v 0.179822 -0.010661 0.693989
v 0.179977 -0.011261 0.696056
v 0.186879 -0.043741 0.694067
v 0.186932 -0.044118 0.691940
v 0.183337 -0.009914 0.694034
v 0.183390 -0.010535 0.696100
v 0.190292 -0.043016 0.694111
v 0.190447 -0.043371 0.691985
v 0.186932 -0.009914 0.694034
v 0.186879 -0.010535 0.696100
v 0.193479 -0.041597 0.694197
v 0.193731 -0.041909 0.692075
v 0.190447 -0.010661 0.693988
v 0.190292 -0.011261 0.696055
v 0.196302 -0.039546 0.694323
v 0.196639 -0.039796 0.692204
v 0.193731 -0.012123 0.693899
v 0.193479 -0.012680 0.695968
v 0.198638 -0.036952 0.694482
v 0.199045 -0.037125 0.692367
v 0.196639 -0.014236 0.693769
v 0.196302 -0.014731 0.695843
v 0.200383 -0.033930 0.694667
v 0.200842 -0.034011 0.692558
v 0.199045 -0.016908 0.693605
v 0.198638 -0.017324 0.695684
v 0.201461 -0.030610 0.694870
v 0.201953 -0.030592 0.692767
v 0.200842 -0.020021 0.693415
v 0.200383 -0.020347 0.695499
v 0.201826 -0.027138 0.695083
v 0.202329 -0.027016 0.692986
v 0.201953 -0.023440 0.693205
v 0.201461 -0.023667 0.695295
v 0.204383 0.024621 0.696148
v 0.204435 0.024000 0.698214
v 0.201023 0.023274 0.698170
v 0.200867 0.023874 0.696103
v 0.197835 0.021855 0.698083
v 0.197583 0.022412 0.696013
v 0.207977 0.024621 0.696148
v 0.207924 0.024000 0.698214
v 0.195012 0.019804 0.697957
v 0.194675 0.020299 0.695884
v 0.211493 0.023874 0.696102
v 0.211337 0.023274 0.698169
v 0.192677 0.017210 0.697799
v 0.192270 0.017627 0.695720
v 0.214776 0.022412 0.696013
v 0.214525 0.021855 0.698082
v 0.190932 0.014188 0.697613
v 0.190472 0.014514 0.695530
v 0.217684 0.020299 0.695883
v 0.217348 0.019804 0.697957
v 0.189853 0.010868 0.697410
v 0.189361 0.011095 0.695320
v 0.220090 0.017627 0.695719
v 0.219683 0.017210 0.697798
v 0.189488 0.007397 0.697198
v 0.188985 0.007519 0.695101
v 0.221887 0.014514 0.695529
v 0.221428 0.014188 0.697613
v 0.189853 0.003925 0.696985
v 0.189361 0.003943 0.694883
v 0.222998 0.011095 0.695319
v 0.222507 0.010868 0.697409
v 0.190932 0.000605 0.696782
v 0.190472 0.000524 0.694673
v 0.223374 0.007519 0.695100
v 0.222872 0.007397 0.697197
v 0.192677 -0.002417 0.696597
v 0.192270 -0.002590 0.694482
v 0.222998 0.003943 0.694881
v 0.222507 0.003925 0.696984
v 0.195012 -0.005011 0.696438
v 0.194675 -0.005261 0.694319
v 0.221887 0.000524 0.694672
v 0.221428 0.000605 0.696781
v 0.197835 -0.007062 0.696312
v 0.197583 -0.007374 0.694189
v 0.220090 -0.002590 0.694481
v 0.219683 -0.002417 0.696596
v 0.201023 -0.008481 0.696225
v 0.200867 -0.008836 0.694100
v 0.217684 -0.005261 0.694318
v 0.217348 -0.005011 0.696437
v 0.204435 -0.009206 0.696181
v 0.204383 -0.009583 0.694054
v 0.214776 -0.007374 0.694189
v 0.214525 -0.007062 0.696312
v 0.207924 -0.009206 0.696181
v 0.207977 -0.009583 0.694054
v 0.211493 -0.008836 0.694099
v 0.211337 -0.008481 0.696225
v 0.505271 -0.027138 0.695084
v 0.504907 -0.030610 0.694871
v 0.503828 -0.033930 0.694668
v 0.502083 -0.036952 0.694483
v 0.499748 -0.039546 0.694324
v 0.496924 -0.041597 0.694198
v 0.493737 -0.043016 0.694111
v 0.490324 -0.043741 0.694067
v 0.486835 -0.043741 0.694067
v 0.483422 -0.043016 0.694111
v 0.480235 -0.041597 0.694198
v 0.477412 -0.039546 0.694323
v 0.475077 -0.036952 0.694482
v 0.473331 -0.033930 0.694667
v 0.472253 -0.030610 0.694870
v 0.471888 -0.027138 0.695083
v 0.472253 -0.023667 0.695295
v 0.473331 -0.020347 0.695499
v 0.475076 -0.017324 0.695684
v 0.477412 -0.014731 0.695843
v 0.480235 -0.012680 0.695968
v 0.483422 -0.011261 0.696055
v 0.486835 -0.010535 0.696100
v 0.490324 -0.010535 0.696100
v 0.493737 -0.011261 0.696056
v 0.496924 -0.012680 0.695969
v 0.499748 -0.014731 0.695843
v 0.502083 -0.017324 0.695685
v 0.503828 -0.020347 0.695499
v 0.504907 -0.023667 0.695296
v 0.472692 0.023274 0.698170
v 0.475879 0.021855 0.698083
v 0.478702 0.019804 0.697957
v 0.481037 0.017210 0.697799
v 0.482783 0.014188 0.697613
v 0.483861 0.010868 0.697410
v 0.484226 0.007397 0.697198
v 0.483861 0.003925 0.696985
v 0.482783 0.000605 0.696782
v 0.481037 -0.002417 0.696597
v 0.478702 -0.005011 0.696438
v 0.475879 -0.007062 0.696312
v 0.472692 -0.008481 0.696225
v 0.469279 -0.009206 0.696181
v 0.465790 -0.009206 0.696181
v 0.462377 -0.008481 0.696225
v 0.459189 -0.007062 0.696312
v 0.456366 -0.005011 0.696437
v 0.454031 -0.002417 0.696596
v 0.452286 0.000605 0.696781
v 0.451207 0.003925 0.696984
v 0.450843 0.007397 0.697197
v 0.451207 0.010868 0.697409
v 0.452286 0.014188 0.697613
v 0.454031 0.017210 0.697798
v 0.456366 0.019804 0.697957
v 0.459189 0.021855 0.698082
v 0.462377 0.023274 0.698169
v 0.465790 0.024000 0.698214
v 0.469279 0.024000 0.698214
v 0.368868 -0.039507 0.695324
v 0.364505 -0.036674 0.695497
v 0.360463 -0.033400 0.695698
v 0.356784 -0.029722 0.695923
v 0.353511 -0.025679 0.696170
v 0.350677 -0.021316 0.696437
v 0.348315 -0.016680 0.696721
v 0.346451 -0.011823 0.697018
v 0.345104 -0.006798 0.697326
v 0.344290 -0.001659 0.697641
v 0.344018 0.003536 0.697959
v 0.344290 0.008732 0.698277
v 0.345104 0.013871 0.698592
v 0.346451 0.018896 0.698900
v 0.348315 0.023753 0.699197
v 0.350677 0.028389 0.699481
v 0.353511 0.032752 0.699748
v 0.356784 0.036795 0.699996
v 0.360463 0.040473 0.700221
v 0.364506 0.043747 0.700422
v 0.368868 0.046580 0.700595
v 0.373503 0.048941 0.700740
v 0.378359 0.050806 0.700854
v 0.383383 0.052152 0.700937
v 0.388520 0.052966 0.700987
v 0.393715 0.053238 0.701004
v 0.398909 0.052966 0.700987
v 0.404046 0.052152 0.700938
v 0.409070 0.050806 0.700855
v 0.413926 0.048941 0.700741
v 0.418561 0.046580 0.700597
v 0.422924 0.043747 0.700423
v 0.426966 0.040473 0.700223
v 0.430645 0.036795 0.699998
v 0.433919 0.032752 0.699751
v 0.436752 0.028389 0.699484
v 0.439114 0.023753 0.699200
v 0.440978 0.018896 0.698902
v 0.442325 0.013871 0.698595
v 0.443139 0.008732 0.698280
v 0.443411 0.003536 0.697962
v 0.443139 -0.001659 0.697644
v 0.442325 -0.006798 0.697329
v 0.440978 -0.011824 0.697021
v 0.439114 -0.016681 0.696724
v 0.436752 -0.021316 0.696440
v 0.433919 -0.025679 0.696173
v 0.430645 -0.029722 0.695925
v 0.426966 -0.033400 0.695700
v 0.422924 -0.036674 0.695499
v 0.418561 -0.039507 0.695325
v 0.413926 -0.041869 0.695181
v 0.409070 -0.043733 0.695067
v 0.404046 -0.045079 0.694984
v 0.398909 -0.045893 0.694934
v 0.393714 -0.046165 0.694917
v 0.388520 -0.045892 0.694934
v 0.383383 -0.045079 0.694983
v 0.378359 -0.043733 0.695066
v 0.373503 -0.041869 0.695180
v 0.444020 0.043483 0.698404
v 0.443996 0.042958 0.698372
v 0.443784 0.042503 0.698344
v 0.443422 0.042145 0.698322
v 0.442946 0.041911 0.698308
v 0.442393 0.041827 0.698303
v 0.435447 0.041827 0.698303
v 0.434972 0.041846 0.698304
v 0.434527 0.041903 0.698307
v 0.434112 0.041999 0.698313
v 0.433725 0.042134 0.698321
v 0.433364 0.042310 0.698332
v 0.433029 0.042528 0.698345
v 0.432717 0.042790 0.698362
v 0.428903 0.046404 0.698583
v 0.428544 0.046858 0.698610
v 0.428405 0.047293 0.698637
v 0.428446 0.047689 0.698661
v 0.428626 0.048029 0.698682
v 0.428907 0.048295 0.698699
v 0.429247 0.048468 0.698709
v 0.429606 0.048531 0.698713
v 0.437575 0.048531 0.698713
v 0.438149 0.048508 0.698712
v 0.438639 0.048443 0.698708
v 0.439062 0.048336 0.698701
v 0.439432 0.048187 0.698692
v 0.439766 0.047996 0.698681
v 0.440079 0.047763 0.698666
v 0.440386 0.047488 0.698649
v 0.443357 0.044637 0.698475
v 0.443819 0.044051 0.698439
v 0.464706 0.037103 0.698014
v 0.468162 0.033932 0.697820
v 0.468394 0.033590 0.697799
v 0.468520 0.033146 0.697772
v 0.468532 0.032655 0.697742
v 0.468419 0.032175 0.697713
v 0.468172 0.031761 0.697687
v 0.467782 0.031471 0.697670
v 0.467239 0.031362 0.697663
v 0.443150 0.031362 0.697662
v 0.442770 0.031368 0.697662
v 0.442419 0.031394 0.697664
v 0.442093 0.031453 0.697668
v 0.441785 0.031559 0.697674
v 0.441493 0.031725 0.697684
v 0.441212 0.031962 0.697699
v 0.440936 0.032285 0.697719
v 0.438450 0.035658 0.697925
v 0.438262 0.036039 0.697948
v 0.438197 0.036485 0.697976
v 0.438263 0.036950 0.698004
v 0.438470 0.037389 0.698031
v 0.438825 0.037759 0.698054
v 0.439337 0.038013 0.698069
v 0.440016 0.038107 0.698075
v 0.461940 0.038100 0.698075
v 0.462423 0.038071 0.698073
v 0.462900 0.038005 0.698070
v 0.463370 0.037889 0.698062
v 0.463829 0.037710 0.698051
v 0.464275 0.037452 0.698036
v 0.461454 0.038107 0.698076
v 0.443996 0.042958 0.698372
v 0.444020 0.043483 0.698404
v 0.444020 0.043544 0.697406
v 0.443996 0.043019 0.697374
v 0.443784 0.042503 0.698344
v 0.443784 0.042564 0.697346
v 0.443819 0.044051 0.698439
v 0.443819 0.044112 0.697441
v 0.443422 0.042145 0.698322
v 0.443422 0.042206 0.697324
v 0.443357 0.044637 0.698475
v 0.443357 0.044698 0.697477
v 0.442946 0.041911 0.698308
v 0.442946 0.041972 0.697310
v 0.440386 0.047488 0.698649
v 0.440386 0.047549 0.697651
v 0.442393 0.041827 0.698303
v 0.442393 0.041888 0.697305
v 0.440079 0.047763 0.698666
v 0.440079 0.047824 0.697668
v 0.435447 0.041827 0.698303
v 0.435447 0.041888 0.697304
v 0.439766 0.047996 0.698681
v 0.439766 0.048057 0.697682
v 0.434972 0.041846 0.698304
v 0.434972 0.041908 0.697306
v 0.439432 0.048187 0.698692
v 0.439432 0.048248 0.697694
v 0.434527 0.041903 0.698307
v 0.434527 0.041964 0.697309
v 0.439062 0.048336 0.698701
v 0.439062 0.048397 0.697703
v 0.434112 0.041999 0.698313
v 0.434112 0.042060 0.697315
v 0.438639 0.048443 0.698708
v 0.438639 0.048504 0.697710
v 0.433725 0.042134 0.698321
v 0.433725 0.042195 0.697323
v 0.438149 0.048508 0.698712
v 0.438149 0.048569 0.697714
v 0.433364 0.042310 0.698332
v 0.433364 0.042371 0.697334
v 0.437575 0.048531 0.698713
v 0.437575 0.048593 0.697715
v 0.433029 0.042528 0.698345
v 0.433029 0.042589 0.697347
v 0.429606 0.048531 0.698713
v 0.429606 0.048593 0.697715
v 0.432717 0.042790 0.698362
v 0.432717 0.042851 0.697363
v 0.429247 0.048468 0.698709
v 0.429247 0.048529 0.697711
v 0.428903 0.046404 0.698583
v 0.428903 0.046465 0.697585
v 0.428907 0.048295 0.698699
v 0.428907 0.048356 0.697700
v 0.428544 0.046858 0.698610
v 0.428544 0.046919 0.697612
v 0.428626 0.048029 0.698682
v 0.428626 0.048090 0.697684
v 0.428405 0.047293 0.698637
v 0.428405 0.047354 0.697639
v 0.428446 0.047689 0.698661
v 0.428446 0.047750 0.697663
v 0.468419 0.032175 0.697713
v 0.468532 0.032655 0.697742
v 0.468532 0.032716 0.696744
v 0.468419 0.032236 0.696715
v 0.468172 0.031761 0.697687
v 0.468172 0.031822 0.696689
v 0.468520 0.033146 0.697772
v 0.468520 0.033207 0.696774
v 0.467782 0.031471 0.697670
v 0.467782 0.031533 0.696671
v 0.468394 0.033590 0.697799
v 0.468394 0.033652 0.696801
v 0.467239 0.031362 0.697663
v 0.467239 0.031423 0.696665
v 0.468162 0.033932 0.697820
v 0.468162 0.033993 0.696822
v 0.443150 0.031362 0.697662
v 0.443150 0.031423 0.696664
v 0.464706 0.037103 0.698014
v 0.464706 0.037164 0.697016
v 0.442770 0.031368 0.697662
v 0.442770 0.031429 0.696664
v 0.464275 0.037452 0.698036
v 0.464275 0.037513 0.697038
v 0.442419 0.031394 0.697664
v 0.442419 0.031455 0.696666
v 0.463829 0.037710 0.698051
v 0.463829 0.037771 0.697053
v 0.442093 0.031453 0.697668
v 0.442093 0.031515 0.696670
v 0.463370 0.037889 0.698062
v 0.463370 0.037951 0.697064
v 0.441785 0.031559 0.697674
v 0.441785 0.031620 0.696676
v 0.462900 0.038005 0.698070
v 0.462900 0.038066 0.697071
v 0.441493 0.031725 0.697684
v 0.441493 0.031786 0.696686
v 0.462423 0.038071 0.698073
v 0.462423 0.038132 0.697075
v 0.441212 0.031962 0.697699
v 0.441212 0.032023 0.696701
v 0.461940 0.038100 0.698075
v 0.461940 0.038161 0.697077
v 0.440936 0.032285 0.697719
v 0.440936 0.032347 0.696720
v 0.461454 0.038107 0.698076
v 0.461454 0.038168 0.697078
v 0.438450 0.035658 0.697925
v 0.438450 0.035719 0.696927
v 0.440016 0.038107 0.698075
v 0.440016 0.038168 0.697077
v 0.438262 0.036039 0.697948
v 0.438262 0.036100 0.696950
v 0.439337 0.038013 0.698069
v 0.439337 0.038074 0.697071
v 0.438197 0.036485 0.697976
v 0.438197 0.036546 0.696977
v 0.438825 0.037759 0.698054
v 0.438825 0.037820 0.697056
v 0.438263 0.036950 0.698004
v 0.438263 0.037011 0.697006
v 0.438470 0.037389 0.698031
v 0.438470 0.037451 0.697033
v 0.444413 0.003720 0.694468
v 0.445247 0.003720 0.694468
v 0.444965 -0.001667 0.694138
v 0.444135 -0.001580 0.694143
v 0.444121 -0.006995 0.693811
v 0.443305 -0.006822 0.693822
v 0.444135 0.009020 0.694792
v 0.444965 0.009107 0.694798
v 0.442725 -0.012206 0.693492
v 0.441931 -0.011949 0.693508
v 0.443305 0.014262 0.695113
v 0.444121 0.014435 0.695124
v 0.440792 -0.017241 0.693184
v 0.440029 -0.016903 0.693205
v 0.441931 0.019388 0.695427
v 0.442725 0.019645 0.695443
v 0.438343 -0.022048 0.692890
v 0.437620 -0.021632 0.692915
v 0.440029 0.024343 0.695730
v 0.440792 0.024681 0.695751
v 0.435405 -0.026572 0.692613
v 0.434729 -0.026083 0.692642
v 0.437620 0.029071 0.696020
v 0.438343 0.029487 0.696045
v 0.432010 -0.030764 0.692356
v 0.431390 -0.030207 0.692390
v 0.434729 0.033522 0.696292
v 0.435405 0.034011 0.696322
v 0.428196 -0.034578 0.692122
v 0.427637 -0.033959 0.692160
v 0.431390 0.037646 0.696545
v 0.432010 0.038203 0.696579
v 0.424004 -0.037972 0.691914
v 0.423513 -0.037299 0.691955
v 0.427637 0.041399 0.696774
v 0.428196 0.042017 0.696812
v 0.419480 -0.040910 0.691734
v 0.419063 -0.040189 0.691778
v 0.423513 0.044738 0.696979
v 0.424004 0.045412 0.697020
v 0.414674 -0.043359 0.691584
v 0.414334 -0.042598 0.691630
v 0.419063 0.047629 0.697155
v 0.419481 0.048350 0.697200
v 0.409639 -0.045292 0.691465
v 0.409380 -0.044500 0.691514
v 0.414334 0.050038 0.697303
v 0.414674 0.050798 0.697349
v 0.404429 -0.046688 0.691380
v 0.404255 -0.045873 0.691430
v 0.409380 0.051939 0.697419
v 0.409639 0.052731 0.697468
v 0.399101 -0.047532 0.691328
v 0.399014 -0.046703 0.691379
v 0.404255 0.053313 0.697503
v 0.404429 0.054127 0.697553
v 0.393715 -0.047814 0.691311
v 0.393715 -0.046981 0.691361
v 0.399014 0.054143 0.697554
v 0.399101 0.054971 0.697604
v 0.388328 -0.047531 0.691328
v 0.388416 -0.046703 0.691378
v 0.393715 0.054421 0.697571
v 0.393715 0.055254 0.697622
v 0.383001 -0.046688 0.691379
v 0.383174 -0.045873 0.691429
v 0.388416 0.054143 0.697554
v 0.388328 0.054971 0.697604
v 0.377791 -0.045292 0.691464
v 0.378049 -0.044500 0.691513
v 0.383175 0.053313 0.697502
v 0.383001 0.054127 0.697552
v 0.372755 -0.043359 0.691583
v 0.373095 -0.042598 0.691629
v 0.378049 0.051939 0.697418
v 0.377791 0.052731 0.697467
v 0.367949 -0.040910 0.691733
v 0.368367 -0.040189 0.691777
v 0.373095 0.050038 0.697302
v 0.372755 0.050798 0.697348
v 0.363425 -0.037972 0.691912
v 0.363916 -0.037299 0.691953
v 0.368367 0.047629 0.697154
v 0.367949 0.048350 0.697198
v 0.359233 -0.034578 0.692120
v 0.359792 -0.033959 0.692158
v 0.363916 0.044738 0.696977
v 0.363425 0.045412 0.697018
v 0.355419 -0.030763 0.692353
v 0.356040 -0.030207 0.692388
v 0.359792 0.041399 0.696772
v 0.359233 0.042017 0.696810
v 0.352024 -0.026571 0.692610
v 0.352700 -0.026082 0.692640
v 0.356040 0.037646 0.696542
v 0.355419 0.038203 0.696576
v 0.349087 -0.022047 0.692887
v 0.349810 -0.021632 0.692912
v 0.352700 0.033522 0.696290
v 0.352024 0.034011 0.696320
v 0.346638 -0.017241 0.693181
v 0.347400 -0.016903 0.693202
v 0.349810 0.029071 0.696017
v 0.349087 0.029487 0.696042
v 0.344705 -0.012205 0.693489
v 0.345498 -0.011948 0.693505
v 0.347400 0.024343 0.695727
v 0.346638 0.024681 0.695748
v 0.343308 -0.006995 0.693808
v 0.344125 -0.006822 0.693819
v 0.345498 0.019388 0.695424
v 0.344705 0.019645 0.695440
v 0.342465 -0.001667 0.694135
v 0.343295 -0.001580 0.694140
v 0.344125 0.014262 0.695110
v 0.343308 0.014435 0.695121
v 0.342182 0.003720 0.694465
v 0.343017 0.003720 0.694465
v 0.343295 0.009020 0.694789
v 0.342465 0.009107 0.694794
v 0.445247 0.003720 0.694468
v 0.445915 0.003720 0.694968
v 0.445629 -0.001737 0.694633
v 0.444965 -0.001667 0.694138
v 0.444774 -0.007133 0.694303
v 0.444121 -0.006995 0.693811
v 0.444965 0.009107 0.694798
v 0.445629 0.009176 0.695302
v 0.443360 -0.012411 0.693980
v 0.442725 -0.012206 0.693492
v 0.444121 0.014435 0.695124
v 0.444774 0.014573 0.695632
v 0.441402 -0.017512 0.693667
v 0.440792 -0.017241 0.693184
v 0.442725 0.019645 0.695443
v 0.443360 0.019851 0.695955
v 0.438921 -0.022380 0.693369
v 0.438343 -0.022048 0.692890
v 0.440792 0.024681 0.695751
v 0.441402 0.024952 0.696268
v 0.442725 0.019645 0.695443
v 0.435945 -0.026963 0.693089
v 0.435405 -0.026572 0.692613
v 0.438343 0.029487 0.696045
v 0.438921 0.029820 0.696566
v 0.441402 0.024952 0.696268
v 0.440792 0.024681 0.695751
v 0.432507 -0.031209 0.692828
v 0.432010 -0.030764 0.692356
v 0.435405 0.034011 0.696322
v 0.435945 0.034402 0.696846
v 0.438921 0.029820 0.696566
v 0.428643 -0.035072 0.692592
v 0.428196 -0.034578 0.692122
v 0.432010 0.038203 0.696579
v 0.432507 0.038648 0.697106
v 0.424397 -0.038511 0.692381
v 0.424004 -0.037972 0.691914
v 0.428196 0.042017 0.696812
v 0.428643 0.042512 0.697343
v 0.419815 -0.041487 0.692199
v 0.419480 -0.040910 0.691734
v 0.424004 0.045412 0.697020
v 0.424397 0.045951 0.697553
v 0.414946 -0.043967 0.692047
v 0.414674 -0.043359 0.691584
v 0.419481 0.048350 0.697200
v 0.419815 0.048926 0.697735
v 0.409845 -0.045925 0.691927
v 0.409639 -0.045292 0.691465
v 0.414674 0.050798 0.697349
v 0.414946 0.051407 0.697887
v 0.404568 -0.047340 0.691840
v 0.404429 -0.046688 0.691380
v 0.409639 0.052731 0.697468
v 0.409846 0.053365 0.698007
v 0.399171 -0.048194 0.691787
v 0.399101 -0.047532 0.691328
v 0.404429 0.054127 0.697553
v 0.404568 0.054779 0.698093
v 0.393715 -0.048480 0.691770
v 0.393715 -0.047814 0.691311
v 0.399101 0.054971 0.697604
v 0.399171 0.055634 0.698145
v 0.388258 -0.048194 0.691787
v 0.388328 -0.047531 0.691328
v 0.393715 0.055254 0.697622
v 0.393715 0.055920 0.698162
v 0.382862 -0.047339 0.691839
v 0.383001 -0.046688 0.691379
v 0.388328 0.054971 0.697604
v 0.388258 0.055634 0.698145
v 0.377584 -0.045925 0.691926
v 0.377791 -0.045292 0.691464
v 0.383001 0.054127 0.697552
v 0.382862 0.054779 0.698092
v 0.372483 -0.043967 0.692045
v 0.372755 -0.043359 0.691583
v 0.377791 0.052731 0.697467
v 0.377584 0.053365 0.698005
v 0.367615 -0.041487 0.692197
v 0.367949 -0.040910 0.691733
v 0.372755 0.050798 0.697348
v 0.372483 0.051407 0.697886
v 0.363425 -0.037972 0.691912
v 0.363032 -0.038511 0.692379
v 0.367949 0.048350 0.697198
v 0.367615 0.048926 0.697733
v 0.359233 -0.034578 0.692120
v 0.358786 -0.035072 0.692590
v 0.363425 0.045412 0.697018
v 0.363032 0.045951 0.697551
v 0.355419 -0.030763 0.692353
v 0.354923 -0.031209 0.692826
v 0.359233 0.042017 0.696810
v 0.358786 0.042512 0.697340
v 0.352024 -0.026571 0.692610
v 0.351484 -0.026963 0.693086
v 0.355419 0.038203 0.696576
v 0.354923 0.038648 0.697104
v 0.349087 -0.022047 0.692887
v 0.348508 -0.022380 0.693367
v 0.352024 0.034011 0.696320
v 0.351484 0.034402 0.696844
v 0.346638 -0.017241 0.693181
v 0.346028 -0.017512 0.693664
v 0.349087 0.029487 0.696042
v 0.348508 0.029820 0.696563
v 0.344705 -0.012205 0.693489
v 0.344070 -0.012411 0.693977
v 0.346638 0.024681 0.695748
v 0.346028 0.024952 0.696265
v 0.343308 -0.006995 0.693808
v 0.342655 -0.007133 0.694300
v 0.344705 0.019645 0.695440
v 0.344070 0.019851 0.695952
v 0.342465 -0.001667 0.694135
v 0.341801 -0.001737 0.694630
v 0.343308 0.014435 0.695121
v 0.342655 0.014573 0.695629
v 0.342182 0.003720 0.694465
v 0.341515 0.003720 0.694965
v 0.342465 0.009107 0.694794
v 0.341801 0.009176 0.695299
v 0.443139 -0.001659 0.697644
v 0.443411 0.003536 0.697962
v 0.444413 0.003720 0.694468
v 0.444135 -0.001580 0.694143
v 0.442325 -0.006798 0.697329
v 0.443305 -0.006822 0.693822
v 0.443139 0.008732 0.698280
v 0.444135 0.009020 0.694792
v 0.440978 -0.011824 0.697021
v 0.441931 -0.011949 0.693508
v 0.442325 0.013871 0.698595
v 0.443305 0.014262 0.695113
v 0.439114 -0.016681 0.696724
v 0.440029 -0.016903 0.693205
v 0.440978 0.018896 0.698902
v 0.441931 0.019388 0.695427
v 0.436752 -0.021316 0.696440
v 0.437620 -0.021632 0.692915
v 0.439114 0.023753 0.699200
v 0.440029 0.024343 0.695730
v 0.433919 -0.025679 0.696173
v 0.434729 -0.026083 0.692642
v 0.436752 0.028389 0.699484
v 0.437620 0.029071 0.696020
v 0.430645 -0.029722 0.695925
v 0.431390 -0.030207 0.692390
v 0.433919 0.032752 0.699751
v 0.434729 0.033522 0.696292
v 0.426966 -0.033400 0.695700
v 0.427637 -0.033959 0.692160
v 0.430645 0.036795 0.699998
v 0.431390 0.037646 0.696545
v 0.422924 -0.036674 0.695499
v 0.423513 -0.037299 0.691955
v 0.426966 0.040473 0.700223
v 0.427637 0.041399 0.696774
v 0.418561 -0.039507 0.695325
v 0.419063 -0.040189 0.691778
v 0.422924 0.043747 0.700423
v 0.423513 0.044738 0.696979
v 0.413926 -0.041869 0.695181
v 0.414334 -0.042598 0.691630
v 0.418561 0.046580 0.700597
v 0.419063 0.047629 0.697155
v 0.409070 -0.043733 0.695067
v 0.409380 -0.044500 0.691514
v 0.413926 0.048941 0.700741
v 0.414334 0.050038 0.697303
v 0.404046 -0.045079 0.694984
v 0.404255 -0.045873 0.691430
v 0.409070 0.050806 0.700855
v 0.409380 0.051939 0.697419
v 0.398909 -0.045893 0.694934
v 0.399014 -0.046703 0.691379
v 0.404046 0.052152 0.700938
v 0.404255 0.053313 0.697503
v 0.393714 -0.046165 0.694917
v 0.393715 -0.046981 0.691361
v 0.398909 0.052966 0.700987
v 0.399014 0.054143 0.697554
v 0.388520 -0.045892 0.694934
v 0.388416 -0.046703 0.691378
v 0.393715 0.053238 0.701004
v 0.393715 0.054421 0.697571
v 0.383383 -0.045079 0.694983
v 0.383174 -0.045873 0.691429
v 0.388520 0.052966 0.700987
v 0.388416 0.054143 0.697554
v 0.378359 -0.043733 0.695066
v 0.378049 -0.044500 0.691513
v 0.383383 0.052152 0.700937
v 0.383175 0.053313 0.697502
v 0.373503 -0.041869 0.695180
v 0.373095 -0.042598 0.691629
v 0.378359 0.050806 0.700854
v 0.378049 0.051939 0.697418
v 0.368868 -0.039507 0.695324
v 0.368367 -0.040189 0.691777
v 0.373503 0.048941 0.700740
v 0.373095 0.050038 0.697302
v 0.364505 -0.036674 0.695497
v 0.363916 -0.037299 0.691953
v 0.368868 0.046580 0.700595
v 0.368367 0.047629 0.697154
v 0.360463 -0.033400 0.695698
v 0.359792 -0.033959 0.692158
v 0.364506 0.043747 0.700422
v 0.363916 0.044738 0.696977
v 0.356040 -0.030207 0.692388
v 0.356784 -0.029722 0.695923
v 0.360463 0.040473 0.700221
v 0.359792 0.041399 0.696772
v 0.352700 -0.026082 0.692640
v 0.353511 -0.025679 0.696170
v 0.356784 0.036795 0.699996
v 0.356040 0.037646 0.696542
v 0.349810 -0.021632 0.692912
v 0.350677 -0.021316 0.696437
v 0.353511 0.032752 0.699748
v 0.352700 0.033522 0.696290
v 0.347400 -0.016903 0.693202
v 0.348315 -0.016680 0.696721
v 0.350677 0.028389 0.699481
v 0.349810 0.029071 0.696017
v 0.345498 -0.011948 0.693505
v 0.346451 -0.011823 0.697018
v 0.348315 0.023753 0.699197
v 0.347400 0.024343 0.695727
v 0.344125 -0.006822 0.693819
v 0.345104 -0.006798 0.697326
v 0.346451 0.018896 0.698900
v 0.345498 0.019388 0.695424
v 0.343295 -0.001580 0.694140
v 0.344290 -0.001659 0.697641
v 0.345104 0.013871 0.698592
v 0.344125 0.014262 0.695110
v 0.343017 0.003720 0.694465
v 0.344018 0.003536 0.697959
v 0.344290 0.008732 0.698277
v 0.343295 0.009020 0.694789
v 0.469332 0.024621 0.696148
v 0.469437 0.025619 0.696309
v 0.473158 0.024828 0.696261
v 0.472847 0.023874 0.696103
v 0.476634 0.023281 0.696166
v 0.476131 0.022412 0.696013
v 0.465737 0.024621 0.696148
v 0.465632 0.025619 0.696309
v 0.479713 0.021044 0.696029
v 0.479039 0.020299 0.695884
v 0.462222 0.023874 0.696102
v 0.461910 0.024828 0.696261
v 0.482258 0.018217 0.695857
v 0.481444 0.017627 0.695720
v 0.458938 0.022412 0.696013
v 0.458434 0.023281 0.696166
v 0.484161 0.014922 0.695655
v 0.483242 0.014514 0.695530
v 0.456030 0.020299 0.695883
v 0.455356 0.021044 0.696029
v 0.485337 0.011303 0.695433
v 0.484353 0.011095 0.695320
v 0.453624 0.017627 0.695719
v 0.452810 0.018217 0.695856
v 0.485734 0.007519 0.695202
v 0.484729 0.007519 0.695101
v 0.451827 0.014514 0.695529
v 0.450908 0.014922 0.695654
v 0.485337 0.003735 0.694970
v 0.484353 0.003943 0.694883
v 0.450716 0.011095 0.695319
v 0.449732 0.011303 0.695432
v 0.484161 0.000116 0.694748
v 0.483242 0.000524 0.694673
v 0.450340 0.007519 0.695100
v 0.449334 0.007519 0.695200
v 0.482258 -0.003179 0.694546
v 0.481444 -0.002590 0.694482
v 0.450716 0.003943 0.694881
v 0.449732 0.003735 0.694969
v 0.479713 -0.006006 0.694373
v 0.479039 -0.005261 0.694319
v 0.451827 0.000524 0.694672
v 0.450908 0.000116 0.694747
v 0.476634 -0.008243 0.694236
v 0.476131 -0.007374 0.694189
v 0.453624 -0.002590 0.694482
v 0.452810 -0.003179 0.694545
v 0.473158 -0.009790 0.694141
v 0.472847 -0.008836 0.694100
v 0.456030 -0.005261 0.694318
v 0.455356 -0.006006 0.694372
v 0.469437 -0.010581 0.694093
v 0.469332 -0.009583 0.694054
v 0.458938 -0.007374 0.694189
v 0.458434 -0.008243 0.694236
v 0.465632 -0.010581 0.694093
v 0.465737 -0.009583 0.694054
v 0.462222 -0.008836 0.694099
v 0.461910 -0.009790 0.694141
v 0.505774 -0.027016 0.692987
v 0.506780 -0.027016 0.693088
v 0.506382 -0.030800 0.692856
v 0.505398 -0.030592 0.692769
v 0.505206 -0.034419 0.692634
v 0.504288 -0.034011 0.692559
v 0.505398 -0.023440 0.693206
v 0.506382 -0.023232 0.693319
v 0.503304 -0.037714 0.692432
v 0.502490 -0.037125 0.692368
v 0.504288 -0.020021 0.693416
v 0.505206 -0.019613 0.693541
v 0.500758 -0.040541 0.692259
v 0.500084 -0.039796 0.692205
v 0.502490 -0.016908 0.693606
v 0.503304 -0.016318 0.693743
v 0.497680 -0.042778 0.692122
v 0.497176 -0.041909 0.692075
v 0.500084 -0.014236 0.693770
v 0.500758 -0.013491 0.693915
v 0.494204 -0.044325 0.692027
v 0.493893 -0.043371 0.691986
v 0.497176 -0.012123 0.693899
v 0.497680 -0.011254 0.694052
v 0.490482 -0.045116 0.691979
v 0.490377 -0.044118 0.691940
v 0.493893 -0.010661 0.693989
v 0.494204 -0.009707 0.694147
v 0.486677 -0.045116 0.691979
v 0.486783 -0.044118 0.691940
v 0.490377 -0.009914 0.694034
v 0.490482 -0.008916 0.694195
v 0.482956 -0.044325 0.692027
v 0.483267 -0.043371 0.691985
v 0.486783 -0.009914 0.694034
v 0.486677 -0.008916 0.694195
v 0.479480 -0.042778 0.692121
v 0.479983 -0.041909 0.692075
v 0.483267 -0.010661 0.693988
v 0.482956 -0.009707 0.694147
v 0.476402 -0.040541 0.692258
v 0.477075 -0.039796 0.692204
v 0.479983 -0.012123 0.693899
v 0.479480 -0.011254 0.694052
v 0.473856 -0.037714 0.692431
v 0.474670 -0.037125 0.692367
v 0.477075 -0.014236 0.693769
v 0.476402 -0.013491 0.693915
v 0.471953 -0.034419 0.692633
v 0.472872 -0.034011 0.692558
v 0.474670 -0.016908 0.693605
v 0.473856 -0.016318 0.693742
v 0.470777 -0.030800 0.692855
v 0.471761 -0.030592 0.692767
v 0.472872 -0.020021 0.693415
v 0.471953 -0.019613 0.693540
v 0.470380 -0.027016 0.693086
v 0.471385 -0.027016 0.692986
v 0.471761 -0.023440 0.693205
v 0.470777 -0.023232 0.693318
v 0.504907 -0.030610 0.694871
v 0.505271 -0.027138 0.695084
v 0.505774 -0.027016 0.692987
v 0.505398 -0.030592 0.692769
v 0.503828 -0.033930 0.694668
v 0.504288 -0.034011 0.692559
v 0.504907 -0.023667 0.695296
v 0.505398 -0.023440 0.693206
v 0.502083 -0.036952 0.694483
v 0.502490 -0.037125 0.692368
v 0.503828 -0.020347 0.695499
v 0.504288 -0.020021 0.693416
v 0.499748 -0.039546 0.694324
v 0.500084 -0.039796 0.692205
v 0.502083 -0.017324 0.695685
v 0.502490 -0.016908 0.693606
v 0.496924 -0.041597 0.694198
v 0.497176 -0.041909 0.692075
v 0.499748 -0.014731 0.695843
v 0.500084 -0.014236 0.693770
v 0.493737 -0.043016 0.694111
v 0.493893 -0.043371 0.691986
v 0.496924 -0.012680 0.695969
v 0.497176 -0.012123 0.693899
v 0.490324 -0.043741 0.694067
v 0.490377 -0.044118 0.691940
v 0.493737 -0.011261 0.696056
v 0.493893 -0.010661 0.693989
v 0.486835 -0.043741 0.694067
v 0.486783 -0.044118 0.691940
v 0.490324 -0.010535 0.696100
v 0.490377 -0.009914 0.694034
v 0.483422 -0.043016 0.694111
v 0.483267 -0.043371 0.691985
v 0.486835 -0.010535 0.696100
v 0.486783 -0.009914 0.694034
v 0.480235 -0.041597 0.694198
v 0.479983 -0.041909 0.692075
v 0.483422 -0.011261 0.696055
v 0.483267 -0.010661 0.693988
v 0.477412 -0.039546 0.694323
v 0.477075 -0.039796 0.692204
v 0.480235 -0.012680 0.695968
v 0.479983 -0.012123 0.693899
v 0.475077 -0.036952 0.694482
v 0.474670 -0.037125 0.692367
v 0.477412 -0.014731 0.695843
v 0.477075 -0.014236 0.693769
v 0.473331 -0.033930 0.694667
v 0.472872 -0.034011 0.692558
v 0.475076 -0.017324 0.695684
v 0.474670 -0.016908 0.693605
v 0.472253 -0.030610 0.694870
v 0.471761 -0.030592 0.692767
v 0.473331 -0.020347 0.695499
v 0.472872 -0.020021 0.693415
v 0.471888 -0.027138 0.695083
v 0.471385 -0.027016 0.692986
v 0.472253 -0.023667 0.695295
v 0.471761 -0.023440 0.693205
v 0.472692 0.023274 0.698170
v 0.469279 0.024000 0.698214
v 0.469332 0.024621 0.696148
v 0.472847 0.023874 0.696103
v 0.475879 0.021855 0.698083
v 0.472692 0.023274 0.698170
v 0.472847 0.023874 0.696103
v 0.476131 0.022412 0.696013
v 0.465790 0.024000 0.698214
v 0.465737 0.024621 0.696148
v 0.478702 0.019804 0.697957
v 0.479039 0.020299 0.695884
v 0.462377 0.023274 0.698169
v 0.462222 0.023874 0.696102
v 0.481037 0.017210 0.697799
v 0.481444 0.017627 0.695720
v 0.459189 0.021855 0.698082
v 0.458938 0.022412 0.696013
v 0.482783 0.014188 0.697613
v 0.481037 0.017210 0.697799
v 0.481444 0.017627 0.695720
v 0.483242 0.014514 0.695530
v 0.456366 0.019804 0.697957
v 0.456030 0.020299 0.695883
v 0.483861 0.010868 0.697410
v 0.484353 0.011095 0.695320
v 0.454031 0.017210 0.697798
v 0.453624 0.017627 0.695719
v 0.484226 0.007397 0.697198
v 0.484729 0.007519 0.695101
v 0.452286 0.014188 0.697613
v 0.451827 0.014514 0.695529
v 0.483861 0.003925 0.696985
v 0.484353 0.003943 0.694883
v 0.451207 0.010868 0.697409
v 0.450716 0.011095 0.695319
v 0.482783 0.000605 0.696782
v 0.483242 0.000524 0.694673
v 0.450843 0.007397 0.697197
v 0.450340 0.007519 0.695100
v 0.481037 -0.002417 0.696597
v 0.481444 -0.002590 0.694482
v 0.451207 0.003925 0.696984
v 0.450716 0.003943 0.694881
v 0.478702 -0.005011 0.696438
v 0.479039 -0.005261 0.694319
v 0.452286 0.000605 0.696781
v 0.451827 0.000524 0.694672
v 0.475879 -0.007062 0.696312
v 0.476131 -0.007374 0.694189
v 0.454031 -0.002417 0.696596
v 0.453624 -0.002590 0.694482
v 0.472692 -0.008481 0.696225
v 0.472847 -0.008836 0.694100
v 0.456366 -0.005011 0.696437
v 0.456030 -0.005261 0.694318
v 0.469279 -0.009206 0.696181
v 0.469332 -0.009583 0.694054
v 0.459189 -0.007062 0.696312
v 0.458938 -0.007374 0.694189
v 0.465790 -0.009206 0.696181
v 0.465737 -0.009583 0.694054
v 0.462377 -0.008481 0.696225
v 0.462222 -0.008836 0.694099
v 0.465790 -0.009206 0.696181
v 0.465737 -0.009583 0.694054
v 0.242651 -0.037207 0.692461
v 0.241811 -0.037130 0.692466
v 0.245071 -0.035072 0.692592
v 0.243339 -0.037436 0.692447
v 0.243874 -0.037818 0.692424
v 0.244255 -0.038353 0.692391
v 0.244485 -0.039040 0.692349
v 0.244485 -0.044230 0.692032
v 0.243874 -0.045452 0.691957
v 0.244255 -0.044917 0.691990
v 0.215747 -0.052534 0.691525
v 0.217422 -0.046139 0.691916
v 0.241811 -0.046139 0.691915
v 0.242651 -0.046063 0.691920
v 0.243339 -0.045834 0.691934
v 0.216582 -0.046063 0.691921
v 0.215895 -0.045834 0.691935
v 0.215360 -0.045452 0.691958
v 0.214978 -0.044917 0.691991
v 0.214749 -0.044230 0.692033
v 0.214749 -0.039040 0.692350
v 0.214978 -0.038353 0.692392
v 0.215360 -0.037818 0.692425
v 0.215895 -0.037436 0.692448
v 0.216582 -0.037207 0.692462
v 0.217422 -0.037130 0.692467
v 0.428643 -0.035072 0.692592
v 0.430759 -0.037495 0.692444
v 0.430224 -0.037877 0.692420
v 0.431446 -0.037266 0.692458
v 0.432287 -0.037189 0.692462
v 0.465059 -0.043448 0.692080
v 0.429842 -0.038411 0.692388
v 0.429613 -0.039099 0.692346
v 0.431446 -0.046122 0.691916
v 0.432287 -0.046198 0.691912
v 0.430759 -0.045892 0.691930
v 0.430224 -0.045510 0.691954
v 0.429613 -0.044288 0.692028
v 0.429842 -0.044976 0.691986
v 0.457967 -0.052534 0.691525
v 0.462309 -0.046198 0.691912
v 0.463149 -0.046122 0.691917
v 0.463837 -0.045892 0.691931
v 0.464372 -0.045510 0.691954
v 0.464754 -0.044976 0.691987
v 0.464983 -0.044288 0.692029
v 0.465059 -0.039939 0.692295
v 0.462309 -0.037189 0.692463
v 0.464983 -0.039099 0.692346
v 0.464754 -0.038411 0.692388
v 0.464372 -0.037877 0.692421
v 0.463837 -0.037495 0.692444
v 0.463149 -0.037266 0.692458
v 0.214749 -0.044230 0.692033
v 0.214672 -0.043389 0.692084
v 0.216619 -0.043765 0.694185
v 0.214672 -0.039881 0.692298
v 0.216618 -0.039749 0.694185
v 0.214749 -0.039040 0.692350
v 0.214978 -0.038353 0.692392
v 0.216647 -0.039488 0.694185
v 0.215360 -0.037818 0.692425
v 0.216760 -0.039330 0.694185
v 0.215895 -0.037436 0.692448
v 0.216909 -0.039222 0.694185
v 0.216582 -0.037207 0.692462
v 0.217169 -0.039195 0.694185
v 0.217422 -0.037130 0.692467
v 0.241811 -0.037130 0.692466
v 0.242064 -0.039195 0.694185
v 0.242651 -0.037207 0.692461
v 0.243339 -0.037436 0.692447
v 0.242324 -0.039223 0.694185
v 0.243874 -0.037818 0.692424
v 0.242474 -0.039330 0.694185
v 0.244255 -0.038353 0.692391
v 0.242586 -0.039488 0.694185
v 0.244485 -0.039040 0.692349
v 0.242615 -0.039749 0.694185
v 0.244561 -0.039881 0.692298
v 0.244561 -0.043389 0.692083
v 0.242615 -0.043765 0.694185
v 0.244485 -0.044230 0.692032
v 0.244255 -0.044917 0.691990
v 0.242587 -0.044026 0.694185
v 0.243874 -0.045452 0.691957
v 0.242475 -0.044184 0.694185
v 0.243339 -0.045834 0.691934
v 0.242323 -0.044291 0.694185
v 0.242651 -0.046063 0.691920
v 0.242064 -0.044319 0.694185
v 0.241811 -0.046139 0.691915
v 0.217422 -0.046139 0.691916
v 0.217169 -0.044319 0.694185
v 0.216582 -0.046063 0.691921
v 0.215895 -0.045834 0.691935
v 0.216911 -0.044292 0.694185
v 0.215360 -0.045452 0.691958
v 0.216759 -0.044184 0.694185
v 0.214978 -0.044917 0.691991
v 0.216647 -0.044026 0.694185
v 0.429613 -0.044288 0.692028
v 0.429537 -0.043448 0.692080
v 0.431483 -0.043823 0.694185
v 0.429537 -0.039939 0.692294
v 0.431483 -0.039808 0.694185
v 0.429613 -0.039099 0.692346
v 0.429842 -0.038411 0.692388
v 0.431511 -0.039546 0.694185
v 0.430224 -0.037877 0.692420
v 0.431624 -0.039389 0.694185
v 0.430759 -0.037495 0.692444
v 0.431774 -0.039282 0.694185
v 0.431446 -0.037266 0.692458
v 0.432033 -0.039254 0.694185
v 0.432287 -0.037189 0.692462
v 0.462309 -0.037189 0.692463
v 0.462562 -0.039254 0.694185
v 0.463149 -0.037266 0.692458
v 0.463837 -0.037495 0.692444
v 0.462822 -0.039281 0.694185
v 0.464372 -0.037877 0.692421
v 0.462972 -0.039389 0.694185
v 0.464754 -0.038411 0.692388
v 0.463084 -0.039546 0.694185
v 0.464983 -0.039099 0.692346
v 0.463113 -0.039808 0.694185
v 0.465059 -0.039939 0.692295
v 0.465059 -0.043448 0.692080
v 0.463113 -0.043824 0.694185
v 0.464983 -0.044288 0.692029
v 0.464754 -0.044976 0.691987
v 0.463085 -0.044085 0.694185
v 0.464372 -0.045510 0.691954
v 0.462973 -0.044242 0.694185
v 0.463837 -0.045892 0.691931
v 0.462821 -0.044350 0.694185
v 0.463149 -0.046122 0.691917
v 0.462562 -0.044378 0.694185
v 0.462309 -0.046198 0.691912
v 0.432287 -0.046198 0.691912
v 0.432034 -0.044378 0.694185
v 0.431446 -0.046122 0.691916
v 0.430759 -0.045892 0.691930
v 0.431775 -0.044350 0.694185
v 0.430224 -0.045510 0.691954
v 0.431623 -0.044242 0.694185
v 0.429842 -0.044976 0.691986
v 0.431511 -0.044085 0.694185
v 0.198873 -0.042882 0.694286
v 0.198157 -0.042585 0.694286
v 0.198098 -0.042882 0.694286
v 0.198325 -0.042333 0.694286
v 0.198576 -0.042165 0.694286
v 0.198873 -0.042106 0.694286
v 0.198576 -0.042165 0.694286
v 0.199169 -0.042165 0.694286
v 0.199421 -0.042333 0.694286
v 0.199589 -0.042585 0.694286
v 0.199648 -0.042882 0.694286
v 0.199589 -0.043178 0.694286
v 0.199421 -0.043430 0.694286
v 0.199169 -0.043598 0.694286
v 0.198873 -0.043657 0.694286
v 0.198576 -0.043598 0.694286
v 0.198325 -0.043430 0.694286
v 0.198157 -0.043178 0.694286
v 0.197441 -0.042288 0.694286
v 0.197323 -0.042882 0.694286
v 0.197777 -0.041785 0.694286
v 0.198280 -0.041449 0.694286
v 0.198873 -0.041331 0.694286
v 0.198280 -0.041449 0.694286
v 0.199466 -0.041449 0.694286
v 0.199969 -0.041785 0.694286
v 0.200305 -0.042288 0.694286
v 0.200423 -0.042882 0.694286
v 0.200305 -0.043475 0.694286
v 0.199969 -0.043978 0.694286
v 0.199466 -0.044314 0.694286
v 0.198873 -0.044432 0.694286
v 0.198280 -0.044314 0.694286
v 0.197777 -0.043978 0.694286
v 0.197441 -0.043475 0.694286
v 0.197323 -0.042882 0.694286
v 0.197441 -0.042288 0.694286
v 0.197441 -0.042288 0.684204
v 0.197323 -0.042882 0.684204
v 0.197777 -0.041785 0.694286
v 0.197777 -0.041785 0.684204
v 0.198280 -0.041449 0.694286
v 0.198280 -0.041449 0.684204
v 0.198280 -0.041449 0.694286
v 0.198873 -0.041331 0.694286
v 0.198873 -0.041331 0.684204
v 0.198280 -0.041449 0.684204
v 0.199466 -0.041449 0.694286
v 0.199466 -0.041449 0.684204
v 0.199969 -0.041785 0.694286
v 0.199969 -0.041785 0.684204
v 0.200305 -0.042288 0.694286
v 0.200305 -0.042288 0.684204
v 0.200423 -0.042882 0.694286
v 0.200423 -0.042882 0.684204
v 0.200305 -0.043475 0.694286
v 0.200305 -0.043475 0.684204
v 0.199969 -0.043978 0.694286
v 0.199969 -0.043978 0.684204
v 0.199466 -0.044314 0.694286
v 0.199466 -0.044314 0.684204
v 0.198873 -0.044432 0.694286
v 0.198873 -0.044432 0.684204
v 0.198280 -0.044314 0.694286
v 0.198280 -0.044314 0.684204
v 0.197777 -0.043978 0.694286
v 0.197777 -0.043978 0.684204
v 0.197441 -0.043475 0.694286
v 0.197441 -0.043475 0.684204
v 0.197323 -0.042882 0.684204
v 0.197441 -0.042288 0.684204
v 0.197025 -0.042116 0.683997
v 0.196873 -0.042882 0.683997
v 0.197777 -0.041785 0.684204
v 0.197459 -0.041467 0.683997
v 0.198280 -0.041449 0.684204
v 0.198107 -0.041034 0.683997
v 0.198280 -0.041449 0.684204
v 0.198873 -0.041331 0.684204
v 0.198873 -0.040882 0.683997
v 0.198107 -0.041034 0.683997
v 0.199466 -0.041449 0.684204
v 0.199638 -0.041034 0.683997
v 0.199969 -0.041785 0.684204
v 0.200287 -0.041467 0.683997
v 0.200305 -0.042288 0.684204
v 0.200720 -0.042116 0.683997
v 0.200423 -0.042882 0.684204
v 0.200873 -0.042882 0.683997
v 0.200305 -0.043475 0.684204
v 0.200720 -0.043647 0.683997
v 0.199969 -0.043978 0.684204
v 0.200287 -0.044296 0.683997
v 0.199466 -0.044314 0.684204
v 0.199638 -0.044729 0.683997
v 0.198873 -0.044432 0.684204
v 0.198873 -0.044881 0.683997
v 0.198280 -0.044314 0.684204
v 0.198107 -0.044729 0.683997
v 0.197777 -0.043978 0.684204
v 0.197459 -0.044296 0.683997
v 0.197441 -0.043475 0.684204
v 0.197025 -0.043647 0.683997
v 0.196873 -0.042882 0.683997
v 0.197025 -0.042116 0.683997
v 0.197025 -0.042116 0.675076
v 0.196873 -0.042882 0.675076
v 0.197459 -0.041467 0.683997
v 0.197459 -0.041467 0.675076
v 0.198107 -0.041034 0.683997
v 0.198107 -0.041034 0.675076
v 0.198107 -0.041034 0.683997
v 0.198873 -0.040882 0.683997
v 0.198873 -0.040882 0.675076
v 0.198107 -0.041034 0.675076
v 0.199638 -0.041034 0.683997
v 0.199638 -0.041034 0.675076
v 0.200287 -0.041467 0.683997
v 0.200287 -0.041467 0.675076
v 0.200720 -0.042116 0.683997
v 0.200720 -0.042116 0.675076
v 0.200873 -0.042882 0.683997
v 0.200873 -0.042882 0.675076
v 0.200720 -0.043647 0.683997
v 0.200720 -0.043647 0.675076
v 0.200287 -0.044296 0.683997
v 0.200287 -0.044296 0.675076
v 0.199638 -0.044729 0.683997
v 0.199638 -0.044729 0.675076
v 0.198873 -0.044881 0.683997
v 0.198873 -0.044881 0.675076
v 0.198107 -0.044729 0.683997
v 0.198107 -0.044729 0.675076
v 0.197459 -0.044296 0.683997
v 0.197459 -0.044296 0.675076
v 0.197025 -0.043647 0.683997
v 0.197025 -0.043647 0.675076
v 0.196873 -0.042882 0.675076
v 0.197025 -0.042116 0.675076
v 0.198873 -0.042882 0.675429
v 0.197459 -0.041467 0.675076
v 0.198107 -0.041034 0.675076
v 0.198107 -0.041034 0.675076
v 0.198873 -0.040882 0.675076
v 0.199638 -0.041034 0.675076
v 0.200287 -0.041467 0.675076
v 0.200720 -0.042116 0.675076
v 0.200873 -0.042882 0.675076
v 0.200720 -0.043647 0.675076
v 0.200287 -0.044296 0.675076
v 0.199638 -0.044729 0.675076
v 0.198873 -0.044881 0.675076
v 0.198107 -0.044729 0.675076
v 0.197459 -0.044296 0.675076
v 0.197025 -0.043647 0.675076
v 0.014228 -0.241617 0.254784
v 0.014228 -0.240906 0.267141
v 0.031235 -0.240906 0.267141
v 0.031235 -0.241617 0.254784
v 0.029131 -0.240834 0.269737
v 0.030192 -0.240842 0.269597
v 0.031181 -0.240866 0.269188
v 0.032030 -0.240903 0.268538
v 0.032681 -0.240952 0.267690
v 0.033091 -0.241009 0.266703
v 0.033231 -0.241069 0.265643
v 0.033231 -0.241607 0.256290
v 0.033091 -0.241668 0.255231
v 0.032681 -0.241725 0.254243
v 0.032030 -0.241773 0.253396
v 0.031181 -0.241811 0.252745
v 0.030192 -0.241834 0.252336
v 0.029131 -0.241842 0.252197
v 0.016333 -0.241842 0.252197
v 0.015271 -0.241834 0.252336
v 0.014283 -0.241811 0.252745
v 0.013433 -0.241773 0.253396
v 0.012782 -0.241725 0.254243
v 0.012372 -0.241668 0.255231
v 0.012232 -0.241607 0.256290
v 0.012232 -0.241069 0.265643
v 0.012372 -0.241009 0.266703
v 0.012782 -0.240952 0.267690
v 0.013433 -0.240903 0.268538
v 0.014283 -0.240866 0.269188
v 0.015271 -0.240842 0.269597
v 0.016333 -0.240834 0.269737
v 0.030430 -0.241065 0.270502
v 0.029131 -0.241055 0.270673
v 0.031641 -0.241094 0.270001
v 0.032681 -0.241139 0.269204
v 0.033479 -0.241199 0.268166
v 0.033981 -0.241269 0.266957
v 0.034152 -0.241343 0.265659
v 0.034152 -0.241881 0.256306
v 0.033981 -0.241955 0.255008
v 0.033479 -0.242025 0.253799
v 0.032681 -0.242084 0.252761
v 0.031641 -0.242130 0.251964
v 0.030430 -0.242159 0.251463
v 0.029131 -0.242169 0.251292
v 0.016333 -0.242169 0.251292
v 0.015033 -0.242159 0.251463
v 0.013822 -0.242130 0.251964
v 0.012782 -0.242084 0.252761
v 0.011984 -0.242025 0.253799
v 0.011482 -0.241955 0.255008
v 0.011311 -0.241881 0.256306
v 0.011311 -0.241343 0.265659
v 0.011482 -0.241269 0.266957
v 0.011984 -0.241199 0.268166
v 0.012782 -0.241139 0.269204
v 0.013822 -0.241094 0.270001
v 0.015033 -0.241065 0.270502
v 0.016333 -0.241055 0.270673
v 0.030580 -0.241351 0.271079
v 0.029131 -0.241340 0.271269
v 0.031931 -0.241384 0.270520
v 0.033091 -0.241435 0.269631
v 0.033981 -0.241501 0.268473
v 0.034541 -0.241579 0.267125
v 0.034732 -0.241662 0.265677
v 0.034732 -0.242199 0.256324
v 0.034541 -0.242283 0.254877
v 0.033981 -0.242360 0.253528
v 0.033091 -0.242427 0.252370
v 0.031931 -0.242478 0.251482
v 0.030580 -0.242510 0.250923
v 0.029131 -0.242521 0.250733
v 0.016333 -0.242521 0.250733
v 0.014883 -0.242510 0.250923
v 0.013532 -0.242478 0.251482
v 0.012372 -0.242427 0.252370
v 0.011482 -0.242360 0.253528
v 0.010923 -0.242283 0.254877
v 0.010732 -0.242199 0.256324
v 0.010732 -0.241662 0.265677
v 0.010923 -0.241579 0.267125
v 0.011482 -0.241501 0.268473
v 0.012372 -0.241435 0.269631
v 0.013532 -0.241384 0.270520
v 0.014883 -0.241351 0.271079
v 0.016333 -0.241340 0.271269
v 0.030631 -0.242397 0.271330
v 0.029131 -0.242385 0.271527
v 0.032030 -0.242430 0.270752
v 0.033231 -0.242483 0.269832
v 0.034152 -0.242552 0.268633
v 0.034732 -0.242632 0.267236
v 0.034929 -0.242718 0.265738
v 0.034929 -0.243255 0.256385
v 0.034732 -0.243342 0.254887
v 0.034152 -0.243422 0.253490
v 0.033231 -0.243491 0.252291
v 0.032030 -0.243544 0.251372
v 0.030631 -0.243577 0.250793
v 0.029131 -0.243588 0.250596
v 0.016333 -0.243588 0.250596
v 0.014832 -0.243577 0.250793
v 0.013433 -0.243544 0.251372
v 0.012232 -0.243491 0.252291
v 0.011311 -0.243422 0.253490
v 0.010732 -0.243342 0.254887
v 0.010534 -0.243255 0.256385
v 0.010534 -0.242718 0.265738
v 0.010732 -0.242632 0.267236
v 0.011311 -0.242552 0.268633
v 0.012232 -0.242483 0.269832
v 0.013433 -0.242430 0.270752
v 0.014832 -0.242397 0.271330
v 0.016333 -0.242385 0.271527
v 0.645315 -0.372852 0.269261
v 0.644664 -0.372852 0.269913
v 0.644240 -0.372852 0.270937
v 0.644240 -0.372852 0.280636
v 0.644664 -0.372852 0.281661
v 0.645315 -0.372852 0.282312
v 0.646340 -0.372852 0.282736
v 0.656039 -0.372852 0.282736
v 0.657063 -0.372852 0.282312
v 0.657715 -0.372852 0.281661
v 0.658139 -0.372852 0.280636
v 0.658139 -0.372852 0.270937
v 0.657715 -0.372852 0.269913
v 0.657063 -0.372852 0.269261
v 0.656039 -0.372852 0.268837
v 0.646340 -0.372852 0.268837
vn -0.0001 0.0612 -0.9981
vn -0.0003 0.0615 -0.9981
vn -0.0000 0.0612 -0.9981
vn -0.0001 0.0614 -0.9981
vn -0.0000 0.0611 -0.9981
vn 0.0001 0.0612 -0.9981
vn -0.0002 0.0608 -0.9981
vn -0.0002 0.0609 -0.9981
vn -0.0001 0.0611 -0.9981
vn 0.0001 0.0611 -0.9981
vn -0.0000 0.0610 -0.9981
vn 0.0003 0.0609 -0.9981
vn 0.0001 0.0604 -0.9982
vn -0.0000 0.0606 -0.9982
vn 0.0002 0.0615 -0.9981
vn -0.0002 0.0610 -0.9981
vn -0.0004 0.0610 -0.9981
vn 0.0004 0.0614 -0.9981
vn 0.0001 0.0613 -0.9981
vn 0.0006 0.0610 -0.9981
vn -0.0000 0.0614 -0.9981
vn 0.0001 0.0614 -0.9981
vn 0.0001 0.0615 -0.9981
vn -0.0002 0.0612 -0.9981
vn 0.0002 0.0610 -0.9981
vn -0.0000 0.0605 -0.9982
vn -0.0002 0.0613 -0.9981
vn -0.0001 0.0607 -0.9982
vn 0.0002 0.0612 -0.9981
vn -0.0002 0.0611 -0.9981
vn -0.0003 0.0614 -0.9981
vn -0.0003 0.0613 -0.9981
vn 0.0001 0.0610 -0.9981
vn -0.0000 0.0613 -0.9981
vn -0.0001 0.0608 -0.9981
vn -0.0001 0.0609 -0.9981
vn -0.0003 0.0610 -0.9981
vn 0.0008 0.0602 -0.9982
vn 0.0003 0.0611 -0.9981
vn -0.0001 0.0615 -0.9981
vn 0.0001 0.0609 -0.9981
vn -0.0006 0.0611 -0.9981
vn 0.0001 0.0607 -0.9982
vn 0.0001 0.0608 -0.9981
vn -0.0000 0.0607 -0.9982
vn -0.0000 0.0608 -0.9982
vn -0.0000 0.0609 -0.9981
vn 0.0003 0.0613 -0.9981
vn -0.0000 0.0617 -0.9981
vn 0.0002 0.0613 -0.9981
vn 0.0004 0.0611 -0.9981
vn -0.0001 0.0610 -0.9981
vn 0.0002 0.0607 -0.9982
vn -0.0002 0.0602 -0.9982
vn 0.0004 0.0612 -0.9981
vn -0.0004 0.0613 -0.9981
vn -0.0000 0.0623 -0.9981
vn -0.0000 0.0656 -0.9978
vn 0.0002 0.0619 -0.9981
vn -0.0002 0.0608 -0.9982
vn -0.0004 0.0607 -0.9982
vn 0.0004 0.0613 -0.9981
vn 0.0004 0.0609 -0.9981
vn -0.0004 0.0611 -0.9981
vn 0.0001 0.0606 -0.9982
vn 0.0003 0.0615 -0.9981
vn 0.0003 0.0612 -0.9981
vn 0.0003 0.0608 -0.9981
vn 0.0016 0.0591 -0.9983
vn -0.0001 0.0613 -0.9981
vn -0.0000 0.0618 -0.9981
vn 0.0039 0.0650 -0.9979
vn 0.0049 0.0562 -0.9984
vn 0.0001 0.0635 -0.9980
vn 0.0001 0.0620 -0.9981
vn -0.0003 0.0608 -0.9981
vn -0.0031 0.0590 -0.9983
vn -0.0005 0.0613 -0.9981
vn -0.0005 0.0611 -0.9981
vn 0.0001 0.0608 -0.9982
vn -0.0004 0.0604 -0.9982
vn -0.0002 0.0607 -0.9982
vn -0.0002 0.0615 -0.9981
vn -0.0001 0.0619 -0.9981
vn 0.0001 0.0737 -0.9973
vn -0.0001 0.0826 -0.9966
vn -0.0003 0.0612 -0.9981
vn 0.0002 0.0611 -0.9981
vn -0.0004 0.0612 -0.9981
vn -0.0006 0.0615 -0.9981
vn -0.0004 0.0614 -0.9981
vn 0.0002 0.0605 -0.9982
vn -0.0001 0.0606 -0.9982
vn -0.0008 0.0603 -0.9982
vn 0.0016 0.0625 -0.9980
vn 0.0012 0.0623 -0.9981
vn 0.0005 0.0612 -0.9981
vn -0.0016 0.0611 -0.9981
vn 0.0008 0.0609 -0.9981
vn 0.0003 0.0607 -0.9982
vn 0.0003 0.0606 -0.9982
vn 0.0004 0.0615 -0.9981
vn -0.0034 0.0633 -0.9980
vn -0.0002 0.0549 -0.9985
vn 0.0073 0.0665 -0.9978
vn -0.0003 0.0609 -0.9981
vn -0.0009 0.0602 -0.9982
vn 0.0213 0.0742 -0.9970
vn -0.0015 0.0602 -0.9982
vn -0.0000 0.0604 -0.9982
vn -0.0000 0.0601 -0.9982
vn -0.0000 0.0616 -0.9981
vn 0.0006 0.0612 -0.9981
vn 0.0002 0.0606 -0.9982
vn 0.0001 0.0600 -0.9982
vn -0.0000 0.0586 -0.9983
vn 0.0002 0.0608 -0.9981
vn -0.0006 0.0613 -0.9981
vn 0.0002 0.0609 -0.9981
vn -0.0002 0.0616 -0.9981
vn 0.0001 0.0605 -0.9982
vn 0.0006 0.0606 -0.9982
vn 0.0002 0.0614 -0.9981
vn 0.0003 0.0605 -0.9982
vn -0.0001 0.0608 -0.9982
vn 0.0006 0.0616 -0.9981
vn -0.0003 0.0607 -0.9982
vn -0.0004 0.0606 -0.9982
vn 0.0002 0.0608 -0.9982
vn 0.0008 -0.0603 0.9982
vn -0.0005 0.0609 -0.9981
vn -0.0003 0.0611 -0.9981
vn -0.0000 -0.0000 -1.0000
vn 0.0001 -0.0000 -1.0000
vn 0.0003 -0.0000 -1.0000
vn 0.0002 -0.0000 -1.0000
vn 0.0004 0.0610 -0.9981
vn 0.0025 -0.0638 0.9980
vn -0.0003 0.0606 -0.9982
vn 0.0002 0.0604 -0.9982
vn 0.0002 0.0616 -0.9981
vn 0.0005 0.0613 -0.9981
vn -0.0004 0.0609 -0.9981
vn 0.0003 0.0614 -0.9981
vn -0.0001 0.0616 -0.9981
vn -0.0000 0.0608 -0.9981
vn -0.0002 0.0606 -0.9982
vn -0.0001 0.0605 -0.9982
vn -0.0006 0.0606 -0.9982
vn -0.0002 0.0604 -0.9982
vn -0.0001 -0.0000 -1.0000
vn 0.0002 0.0002 -1.0000
vn 0.9892 -0.1461 -0.0089
vn 0.9892 -0.1462 -0.0089
vn 0.9712 0.2377 0.0145
vn 0.8181 0.5740 0.0351
vn 0.8761 -0.4812 -0.0294
vn 0.8759 -0.4815 -0.0297
vn 0.5800 0.8131 0.0497
vn 0.5801 0.8130 0.0497
vn 0.7409 -0.6703 -0.0412
vn 0.7408 -0.6704 -0.0417
vn 0.2997 0.9523 0.0583
vn 0.2998 0.9522 0.0583
vn 0.6812 -0.7307 -0.0447
vn 0.0756 0.9953 0.0608
vn 0.6342 -0.7718 -0.0472
vn 0.6342 -0.7717 -0.0472
vn -0.0200 0.9979 0.0609
vn -0.0208 0.9979 0.0613
vn 0.5489 -0.8343 -0.0511
vn 0.5485 -0.8346 -0.0510
vn -0.0842 0.9946 0.0611
vn -0.0843 0.9946 0.0609
vn 0.4365 -0.8980 -0.0550
vn 0.4362 -0.8982 -0.0549
vn -0.1759 0.9826 0.0602
vn -0.1757 0.9826 0.0601
vn 0.3105 -0.9488 -0.0580
vn -0.2775 0.9589 0.0587
vn -0.2774 0.9590 0.0587
vn 0.1893 -0.9801 -0.0599
vn 0.1892 -0.9801 -0.0599
vn -0.3856 0.9209 0.0564
vn -0.3851 0.9212 0.0563
vn 0.0868 -0.9944 -0.0608
vn 0.0862 -0.9944 -0.0612
vn -0.4941 0.8678 0.0531
vn -0.4935 0.8681 0.0531
vn 0.0205 -0.9979 -0.0614
vn 0.0203 -0.9979 -0.0613
vn -0.5966 0.8011 0.0491
vn -0.5963 0.8013 0.0490
vn -0.0872 -0.9943 -0.0610
vn -0.0871 -0.9943 -0.0611
vn -0.6665 0.7441 0.0455
vn -0.6664 0.7442 0.0454
vn -0.3182 -0.9462 -0.0582
vn -0.3177 -0.9464 -0.0579
vn -0.7386 0.6729 0.0411
vn -0.5777 -0.8147 -0.0498
vn -0.5777 -0.8148 -0.0499
vn -0.8830 0.4684 0.0286
vn -0.8831 0.4684 0.0286
vn -0.7967 -0.6033 -0.0369
vn -0.7966 -0.6033 -0.0369
vn -0.9947 0.1025 0.0063
vn -0.9568 -0.2901 -0.0178
vn -0.0000 -0.9981 -0.0609
vn 0.0458 -0.9971 -0.0609
vn 0.0457 -0.9971 -0.0609
vn 0.2049 -0.9770 -0.0597
vn 0.2048 -0.9770 -0.0597
vn -0.0458 -0.9971 -0.0609
vn -0.0457 -0.9971 -0.0609
vn 0.4540 -0.8893 -0.0544
vn 0.4540 -0.8894 -0.0544
vn -0.2049 -0.9770 -0.0597
vn -0.2053 -0.9769 -0.0598
vn 0.7077 -0.7052 -0.0431
vn 0.7078 -0.7051 -0.0431
vn -0.4540 -0.8894 -0.0544
vn 0.8914 -0.4524 -0.0277
vn 0.8915 -0.4522 -0.0277
vn -0.7077 -0.7052 -0.0431
vn -0.7078 -0.7051 -0.0431
vn 0.9789 -0.2038 -0.0125
vn 0.9789 -0.2037 -0.0125
vn -0.8916 -0.4519 -0.0276
vn -0.8917 -0.4518 -0.0276
vn 0.9990 -0.0452 -0.0028
vn 0.9990 -0.0456 -0.0028
vn -0.9789 -0.2038 -0.0125
vn 0.9990 0.0456 0.0028
vn 0.9990 0.0455 0.0028
vn -0.9990 -0.0452 -0.0028
vn -0.9990 -0.0455 -0.0028
vn 0.9789 0.2038 0.0125
vn -0.9990 0.0455 0.0028
vn 0.8915 0.4522 0.0277
vn 0.8916 0.4519 0.0276
vn -0.9789 0.2037 0.0125
vn -0.9789 0.2038 0.0125
vn 0.7078 0.7051 0.0431
vn 0.7077 0.7052 0.0431
vn -0.8917 0.4518 0.0276
vn -0.8915 0.4523 0.0277
vn 0.4544 0.8891 0.0544
vn 0.4545 0.8891 0.0544
vn -0.7077 0.7052 0.0431
vn -0.7074 0.7055 0.0434
vn 0.2048 0.9770 0.0597
vn 0.2055 0.9768 0.0599
vn -0.4543 0.8892 0.0544
vn -0.4544 0.8891 0.0544
vn 0.0457 0.9971 0.0610
vn -0.2049 0.9770 0.0597
vn -0.0000 0.9981 0.0610
vn -0.0457 0.9971 0.0610
vn -0.0457 0.9971 0.0609
vn -0.0000 -0.9981 -0.0610
vn 0.0862 -0.9944 -0.0611
vn 0.0861 -0.9944 -0.0608
vn 0.3534 -0.9337 -0.0571
vn -0.0862 -0.9944 -0.0608
vn -0.0861 -0.9944 -0.0608
vn 0.6732 -0.7380 -0.0451
vn 0.6729 -0.7384 -0.0454
vn -0.3534 -0.9337 -0.0571
vn -0.3539 -0.9335 -0.0572
vn 0.8912 -0.4527 -0.0278
vn 0.8914 -0.4524 -0.0280
vn -0.6733 -0.7380 -0.0451
vn -0.6729 -0.7384 -0.0454
vn 0.9909 -0.1343 -0.0083
vn 0.9910 -0.1339 -0.0082
vn -0.8912 -0.4528 -0.0279
vn -0.8912 -0.4528 -0.0278
vn 0.9829 0.1837 0.0114
vn 0.9829 0.1836 0.0113
vn -0.9909 -0.1342 -0.0083
vn -0.9909 -0.1340 -0.0082
vn 0.8768 0.4799 0.0293
vn -0.9829 0.1838 0.0112
vn 0.7453 0.6655 0.0407
vn -0.8768 0.4799 0.0293
vn 0.6959 0.7168 0.0438
vn -0.7453 0.6655 0.0407
vn -0.7456 0.6651 0.0407
vn 0.6778 0.7339 0.0449
vn -0.6958 0.7169 0.0438
vn -0.6959 0.7168 0.0438
vn 0.6165 0.7859 0.0481
vn 0.6166 0.7858 0.0481
vn -0.6778 0.7339 0.0449
vn 0.4919 0.8691 0.0531
vn 0.4919 0.8690 0.0531
vn -0.6163 0.7860 0.0482
vn -0.6167 0.7858 0.0481
vn 0.3235 0.9445 0.0579
vn 0.3236 0.9444 0.0579
vn -0.4918 0.8691 0.0531
vn -0.4920 0.8690 0.0531
vn 0.1673 0.9841 0.0603
vn 0.1676 0.9840 0.0601
vn -0.3237 0.9444 0.0579
vn -0.3236 0.9444 0.0579
vn 0.0620 0.9962 0.0609
vn -0.1676 0.9840 0.0601
vn 0.0114 0.9981 0.0610
vn 0.0120 0.9981 0.0611
vn -0.0620 0.9962 0.0609
vn -0.0615 0.9962 0.0612
vn -0.0114 0.9981 0.0610
vn 0.0788 -0.9950 -0.0608
vn 0.3318 -0.9416 -0.0579
vn 0.3321 -0.9415 -0.0577
vn -0.0793 -0.9950 -0.0609
vn -0.0790 -0.9950 -0.0609
vn 0.6472 -0.7609 -0.0465
vn -0.3321 -0.9415 -0.0576
vn -0.3318 -0.9416 -0.0575
vn 0.8727 -0.4874 -0.0298
vn -0.6475 -0.7606 -0.0465
vn -0.6476 -0.7605 -0.0465
vn 0.9817 -0.1901 -0.0116
vn 0.9817 -0.1902 -0.0116
vn -0.8727 -0.4874 -0.0298
vn 0.9958 0.0911 0.0056
vn 0.9958 0.0909 0.0060
vn -0.9817 -0.1901 -0.0116
vn -0.9817 -0.1902 -0.0116
vn 0.9388 0.3439 0.0212
vn 0.9387 0.3442 0.0213
vn -0.9958 0.0909 0.0056
vn -0.9958 0.0912 0.0056
vn 0.8572 0.5141 0.0317
vn 0.8573 0.5139 0.0319
vn -0.9388 0.3439 0.0211
vn -0.9385 0.3446 0.0214
vn 0.8200 0.5713 0.0350
vn 0.8200 0.5713 0.0349
vn -0.8572 0.5141 0.0316
vn 0.7722 0.6342 0.0389
vn 0.7722 0.6342 0.0388
vn -0.8200 0.5713 0.0351
vn -0.8200 0.5713 0.0354
vn 0.6450 0.7627 0.0466
vn 0.6448 0.7629 0.0468
vn -0.7721 0.6343 0.0391
vn -0.7722 0.6342 0.0389
vn 0.4556 0.8885 0.0543
vn 0.4561 0.8882 0.0545
vn -0.6445 0.7632 0.0469
vn -0.6451 0.7627 0.0466
vn 0.2591 0.9641 0.0589
vn 0.2592 0.9640 0.0589
vn -0.4560 0.8883 0.0543
vn -0.4562 0.8882 0.0544
vn 0.1141 0.9916 0.0606
vn -0.2593 0.9640 0.0590
vn -0.2590 0.9641 0.0591
vn 0.0355 0.9975 0.0610
vn -0.1140 0.9916 0.0607
vn -0.1142 0.9916 0.0606
vn 0.0060 0.9981 0.0610
vn -0.0355 0.9975 0.0610
vn -0.0060 0.9981 0.0610
vn 0.0353 0.9975 0.0613
vn 0.0354 0.9975 0.0616
vn -0.0000 0.9981 0.0615
vn -0.0000 0.9981 0.0614
vn -0.0354 0.9975 0.0616
vn -0.0353 0.9975 0.0612
vn 0.1527 0.9864 0.0605
vn 0.1533 0.9863 0.0603
vn -0.1533 0.9863 0.0603
vn -0.1530 0.9864 0.0604
vn 0.3309 0.9419 0.0577
vn 0.3309 0.9419 0.0579
vn -0.3309 0.9419 0.0574
vn -0.3308 0.9419 0.0577
vn 0.5302 0.8463 0.0519
vn 0.5306 0.8460 0.0522
vn -0.5306 0.8460 0.0522
vn -0.5303 0.8462 0.0520
vn 0.7270 0.6853 0.0422
vn 0.7270 0.6853 0.0420
vn -0.7272 0.6852 0.0420
vn -0.7270 0.6854 0.0422
vn 0.8840 0.4666 0.0285
vn 0.8839 0.4667 0.0285
vn -0.8839 0.4668 0.0285
vn -0.8838 0.4669 0.0287
vn 0.9740 0.2261 0.0138
vn 0.9739 0.2266 0.0139
vn -0.9740 0.2262 0.0138
vn -0.9740 0.2261 0.0138
vn 0.9986 0.0529 0.0032
vn 0.9986 0.0530 0.0032
vn -0.9986 0.0529 0.0032
vn -0.9986 0.0530 0.0032
vn 0.9997 -0.0229 -0.0014
vn 0.9997 -0.0230 -0.0014
vn -0.9997 -0.0230 -0.0014
vn 0.9920 -0.1263 -0.0077
vn 0.9920 -0.1258 -0.0074
vn -0.9920 -0.1258 -0.0076
vn -0.9920 -0.1258 -0.0077
vn 0.9504 -0.3105 -0.0188
vn 0.9503 -0.3109 -0.0190
vn -0.9503 -0.3107 -0.0190
vn -0.9504 -0.3104 -0.0190
vn 0.8576 -0.5133 -0.0310
vn 0.8575 -0.5136 -0.0315
vn -0.8573 -0.5139 -0.0314
vn -0.8575 -0.5135 -0.0314
vn 0.7433 -0.6677 -0.0408
vn 0.7439 -0.6670 -0.0408
vn -0.7439 -0.6671 -0.0408
vn -0.7439 -0.6670 -0.0408
vn 0.6740 -0.7374 -0.0450
vn 0.6735 -0.7378 -0.0453
vn -0.6736 -0.7377 -0.0453
vn -0.6736 -0.7377 -0.0452
vn 0.6758 -0.7357 -0.0451
vn 0.6759 -0.7356 -0.0452
vn -0.6758 -0.7357 -0.0450
vn -0.6756 -0.7358 -0.0454
vn 0.7107 -0.7022 -0.0432
vn 0.7106 -0.7023 -0.0429
vn -0.7109 -0.7019 -0.0429
vn -0.7107 -0.7022 -0.0432
vn 0.7349 -0.6769 -0.0414
vn 0.7349 -0.6770 -0.0414
vn -0.7349 -0.6769 -0.0414
vn 0.7593 -0.6496 -0.0397
vn 0.7592 -0.6496 -0.0398
vn -0.7592 -0.6496 -0.0398
vn -0.7593 -0.6496 -0.0397
vn 0.7859 -0.6172 -0.0383
vn 0.7859 -0.6172 -0.0378
vn -0.7859 -0.6172 -0.0383
vn 0.8045 -0.5928 -0.0368
vn -0.8045 -0.5928 -0.0368
vn 0.8314 -0.5546 -0.0340
vn 0.8314 -0.5546 -0.0344
vn -0.8314 -0.5546 -0.0344
vn -0.8314 -0.5545 -0.0345
vn 0.8526 -0.5216 -0.0319
vn -0.8526 -0.5215 -0.0319
vn -0.8526 -0.5216 -0.0319
vn 0.8445 -0.5346 -0.0327
vn -0.8445 -0.5346 -0.0327
vn 0.8031 -0.5947 -0.0364
vn -0.8031 -0.5947 -0.0364
vn 0.7231 -0.6895 -0.0421
vn -0.7227 -0.6898 -0.0423
vn -0.7231 -0.6895 -0.0421
vn 0.6019 -0.7970 -0.0487
vn 0.6019 -0.7971 -0.0487
vn -0.6019 -0.7971 -0.0487
vn -0.6020 -0.7970 -0.0487
vn 0.4448 -0.8940 -0.0546
vn 0.4447 -0.8940 -0.0546
vn -0.4451 -0.8938 -0.0548
vn -0.4448 -0.8940 -0.0546
vn 0.2755 -0.9595 -0.0588
vn 0.2762 -0.9593 -0.0586
vn -0.2762 -0.9593 -0.0586
vn -0.2759 -0.9594 -0.0587
vn 0.1031 -0.9928 -0.0607
vn 0.1028 -0.9928 -0.0609
vn -0.1232 -0.9905 -0.0605
vn 0.0065 -0.9981 -0.0610
vn -0.0268 -0.9978 -0.0610
vn 0.9947 0.1028 0.0063
vn 0.9947 0.1029 0.0063
vn 0.9274 0.3734 0.0228
vn 0.9272 0.3739 0.0229
vn 0.7426 0.6685 0.0409
vn 0.7422 0.6690 0.0412
vn 0.9887 -0.1495 -0.0091
vn 0.4070 0.9117 0.0560
vn 0.4069 0.9117 0.0563
vn 0.9063 -0.4217 -0.0261
vn 0.9064 -0.4216 -0.0258
vn 0.0992 0.9932 0.0610
vn 0.0994 0.9932 0.0608
vn 0.7576 -0.6515 -0.0399
vn 0.7574 -0.6517 -0.0399
vn -0.0079 0.9981 0.0610
vn 0.6537 -0.7553 -0.0462
vn -0.0449 0.9971 0.0609
vn 0.5670 -0.8222 -0.0503
vn 0.5674 -0.8219 -0.0502
vn -0.1270 0.9901 0.0606
vn -0.1273 0.9900 0.0609
vn 0.4344 -0.8991 -0.0550
vn 0.4338 -0.8993 -0.0553
vn -0.2537 0.9655 0.0592
vn -0.2534 0.9655 0.0596
vn 0.3033 -0.9511 -0.0582
vn 0.3031 -0.9512 -0.0582
vn -0.4116 0.9097 0.0558
vn -0.4113 0.9098 0.0556
vn 0.1883 -0.9803 -0.0602
vn 0.1886 -0.9802 -0.0599
vn -0.5719 0.8188 0.0500
vn 0.0987 -0.9933 -0.0606
vn 0.0982 -0.9933 -0.0607
vn -0.7056 0.7073 0.0432
vn -0.7059 0.7070 0.0434
vn 0.0374 -0.9974 -0.0609
vn 0.0373 -0.9974 -0.0610
vn -0.7840 0.6196 0.0380
vn -0.7839 0.6198 0.0379
vn 0.0073 -0.9981 -0.0610
vn 0.0069 -0.9981 -0.0611
vn -0.8546 0.5183 0.0317
vn -0.0690 -0.9958 -0.0609
vn -0.9550 0.2959 0.0181
vn -0.2951 -0.9537 -0.0583
vn -0.2952 -0.9537 -0.0583
vn -1.0000 0.0018 0.0001
vn -1.0000 0.0019 0.0001
vn -0.5919 -0.8045 -0.0492
vn -0.5920 -0.8044 -0.0493
vn -0.9582 -0.2857 -0.0175
vn -0.9583 -0.2854 -0.0176
vn -0.8242 -0.5652 -0.0349
vn -0.8245 -0.5648 -0.0346
vn -0.0005 0.0612 -0.9981
vn -0.0004 0.0619 -0.9981
vn -0.0004 0.0620 -0.9981
vn -0.0000 0.0603 -0.9982
vn 0.0005 0.0608 -0.9981
vn -0.5974 -0.0130 -0.8018
vn -0.5985 0.0497 -0.7996
vn -0.5985 0.0483 -0.7997
vn -0.5972 -0.0144 -0.8019
vn -0.5895 -0.0753 -0.8043
vn -0.5892 -0.0768 -0.8043
vn -0.5934 0.1118 -0.7971
vn -0.5936 0.1104 -0.7972
vn -0.5750 -0.1367 -0.8067
vn -0.5746 -0.1380 -0.8067
vn -0.5820 0.1731 -0.7945
vn -0.5824 0.1717 -0.7946
vn -0.5536 -0.1963 -0.8093
vn -0.5746 -0.1381 -0.8067
vn -0.5533 -0.1976 -0.8092
vn -0.5638 0.2324 -0.7926
vn -0.5645 0.2312 -0.7924
vn -0.5270 -0.2539 -0.8111
vn -0.5260 -0.2548 -0.8114
vn -0.5407 0.2898 -0.7897
vn -0.5412 0.2886 -0.7898
vn -0.4936 -0.3080 -0.8133
vn -0.4929 -0.3090 -0.8134
vn -0.5114 0.3442 -0.7874
vn -0.5118 0.3430 -0.7877
vn -0.4546 -0.3586 -0.8153
vn -0.4935 -0.3080 -0.8134
vn -0.4538 -0.3595 -0.8153
vn -0.4762 0.3947 -0.7858
vn -0.4769 0.3938 -0.7858
vn -0.4104 -0.4049 -0.8170
vn -0.4097 -0.4057 -0.8171
vn -0.4761 0.3947 -0.7858
vn -0.4363 0.4414 -0.7841
vn -0.4370 0.4407 -0.7841
vn -0.4768 0.3938 -0.7858
vn -0.3613 -0.4463 -0.8187
vn -0.3605 -0.4469 -0.8187
vn -0.3922 0.4840 -0.7823
vn -0.3929 0.4834 -0.7823
vn -0.3080 -0.4825 -0.8200
vn -0.3612 -0.4463 -0.8187
vn -0.3074 -0.4829 -0.8200
vn -0.3921 0.4841 -0.7823
vn -0.3439 0.5217 -0.7808
vn -0.3445 0.5212 -0.7808
vn -0.3928 0.4834 -0.7823
vn -0.2511 -0.5128 -0.8209
vn -0.2504 -0.5128 -0.8212
vn -0.3438 0.5217 -0.7808
vn -0.2920 0.5542 -0.7795
vn -0.2927 0.5538 -0.7795
vn -0.3445 0.5213 -0.7808
vn -0.1910 -0.5365 -0.8220
vn -0.1904 -0.5364 -0.8222
vn -0.2373 0.5812 -0.7784
vn -0.2378 0.5810 -0.7784
vn -0.1286 -0.5537 -0.8227
vn -0.1281 -0.5533 -0.8230
vn -0.1801 0.6025 -0.7775
vn -0.1805 0.6024 -0.7775
vn -0.0647 -0.5640 -0.8233
vn -0.0645 -0.5640 -0.8232
vn -0.1211 0.6176 -0.7771
vn -0.1214 0.6176 -0.7771
vn -0.0000 -0.5675 -0.8234
vn -0.0609 0.6271 -0.7765
vn -0.0610 0.6271 -0.7765
vn 0.0646 -0.5639 -0.8233
vn 0.0644 -0.5639 -0.8233
vn -0.0000 0.6298 -0.7767
vn 0.1285 -0.5535 -0.8229
vn 0.0645 -0.5639 -0.8233
vn 0.1282 -0.5536 -0.8229
vn 0.0609 0.6272 -0.7765
vn 0.0610 0.6271 -0.7765
vn 0.1908 -0.5363 -0.8221
vn 0.1903 -0.5363 -0.8223
vn 0.1210 0.6177 -0.7771
vn 0.1213 0.6177 -0.7770
vn 0.2508 -0.5124 -0.8213
vn 0.2502 -0.5127 -0.8213
vn 0.1799 0.6023 -0.7777
vn 0.1804 0.6023 -0.7776
vn 0.3078 -0.4823 -0.8202
vn 0.2503 -0.5126 -0.8213
vn 0.3071 -0.4827 -0.8202
vn 0.2373 0.5814 -0.7782
vn 0.2378 0.5812 -0.7783
vn 0.3605 -0.4467 -0.8189
vn 0.3612 -0.4462 -0.8188
vn 0.2920 0.5542 -0.7795
vn 0.2926 0.5539 -0.7795
vn 0.4096 -0.4057 -0.8171
vn 0.4104 -0.4051 -0.8169
vn 0.3438 0.5217 -0.7808
vn 0.3445 0.5212 -0.7808
vn 0.4537 -0.3594 -0.8155
vn 0.4544 -0.3585 -0.8155
vn 0.3920 0.4839 -0.7825
vn 0.3927 0.4833 -0.7825
vn 0.4929 -0.3090 -0.8133
vn 0.4934 -0.3080 -0.8135
vn 0.4367 0.4419 -0.7836
vn 0.4372 0.4408 -0.7839
vn 0.5261 -0.2548 -0.8114
vn 0.5267 -0.2537 -0.8113
vn 0.4761 0.3947 -0.7858
vn 0.4770 0.3940 -0.7856
vn 0.5538 -0.1979 -0.8088
vn 0.5540 -0.1964 -0.8090
vn 0.5110 0.3440 -0.7878
vn 0.5117 0.3429 -0.7878
vn 0.5749 -0.1383 -0.8065
vn 0.5748 -0.1367 -0.8068
vn 0.5406 0.2898 -0.7898
vn 0.5409 0.2884 -0.7901
vn 0.5896 -0.0768 -0.8040
vn 0.5898 -0.0753 -0.8040
vn 0.5642 0.2325 -0.7922
vn 0.5646 0.2312 -0.7923
vn 0.5972 -0.0144 -0.8020
vn 0.5973 -0.0130 -0.8019
vn 0.5820 0.1731 -0.7946
vn 0.5821 0.1716 -0.7948
vn 0.5987 0.0482 -0.7995
vn 0.5987 0.0497 -0.7994
vn 0.5936 0.1118 -0.7970
vn 0.5938 0.1104 -0.7970
vn 0.5987 0.0496 -0.7994
vn 0.9614 0.0170 -0.2748
vn 0.9614 0.0165 -0.2748
vn 0.9559 0.1167 -0.2694
vn 0.9559 0.1173 -0.2693
vn 0.9401 0.2158 -0.2639
vn 0.9400 0.2163 -0.2639
vn 0.9564 -0.0831 -0.2800
vn 0.9564 -0.0836 -0.2800
vn 0.9139 0.3125 -0.2590
vn 0.9138 0.3129 -0.2590
vn 0.9409 -0.1823 -0.2853
vn 0.9408 -0.1828 -0.2853
vn 0.8778 0.4062 -0.2539
vn 0.8776 0.4066 -0.2539
vn 0.9152 -0.2794 -0.2905
vn 0.9150 -0.2798 -0.2905
vn 0.8321 0.4955 -0.2493
vn 0.8319 0.4958 -0.2493
vn 0.8795 -0.3732 -0.2954
vn 0.8793 -0.3736 -0.2954
vn 0.7773 0.5795 -0.2449
vn 0.7771 0.5798 -0.2448
vn 0.8340 -0.4629 -0.3001
vn 0.8338 -0.4633 -0.3001
vn 0.7140 0.6575 -0.2405
vn 0.7138 0.6578 -0.2405
vn 0.7795 -0.5474 -0.3044
vn 0.7793 -0.5478 -0.3045
vn 0.6430 0.7283 -0.2369
vn 0.6427 0.7286 -0.2369
vn 0.7163 -0.6258 -0.3087
vn 0.7160 -0.6261 -0.3088
vn 0.5649 0.7915 -0.2335
vn 0.5646 0.7917 -0.2334
vn 0.6451 -0.6972 -0.3127
vn 0.6449 -0.6974 -0.3126
vn 0.4805 0.8461 -0.2306
vn 0.4803 0.8463 -0.2305
vn 0.5670 -0.7607 -0.3158
vn 0.5668 -0.7609 -0.3158
vn 0.3909 0.8917 -0.2280
vn 0.3907 0.8918 -0.2280
vn 0.4824 -0.8158 -0.3189
vn 0.4821 -0.8160 -0.3190
vn 0.2970 0.9277 -0.2262
vn 0.2969 0.9277 -0.2262
vn 0.3924 -0.8618 -0.3215
vn 0.3923 -0.8618 -0.3215
vn 0.1998 0.9537 -0.2248
vn 0.1997 0.9537 -0.2248
vn 0.2984 -0.8981 -0.3231
vn 0.2983 -0.8981 -0.3231
vn 0.1005 0.9694 -0.2239
vn 0.1004 0.9694 -0.2239
vn 0.2008 -0.9243 -0.3246
vn 0.2006 -0.9243 -0.3246
vn -0.0001 0.9747 -0.2236
vn -0.0000 0.9747 -0.2237
vn 0.1010 -0.9402 -0.3254
vn 0.1009 -0.9402 -0.3254
vn -0.1005 0.9694 -0.2240
vn -0.1004 0.9694 -0.2240
vn -0.0000 -0.9454 -0.3258
vn -0.1998 0.9537 -0.2248
vn -0.1997 0.9537 -0.2248
vn -0.1009 -0.9402 -0.3254
vn -0.2970 0.9277 -0.2262
vn -0.2968 0.9277 -0.2262
vn -0.2008 -0.9243 -0.3246
vn -0.2007 -0.9243 -0.3246
vn -0.3910 0.8917 -0.2280
vn -0.3908 0.8918 -0.2280
vn -0.2983 -0.8981 -0.3231
vn -0.2982 -0.8982 -0.3231
vn -0.4805 0.8461 -0.2305
vn -0.4803 0.8463 -0.2306
vn -0.3926 -0.8617 -0.3215
vn -0.3924 -0.8618 -0.3215
vn -0.5649 0.7915 -0.2335
vn -0.5646 0.7916 -0.2335
vn -0.4824 -0.8158 -0.3190
vn -0.4822 -0.8160 -0.3189
vn -0.6430 0.7283 -0.2368
vn -0.6427 0.7286 -0.2369
vn -0.5670 -0.7608 -0.3158
vn -0.5667 -0.7610 -0.3159
vn -0.7138 0.6577 -0.2405
vn -0.7141 0.6575 -0.2405
vn -0.6452 -0.6971 -0.3126
vn -0.6450 -0.6975 -0.3123
vn -0.7772 0.5798 -0.2445
vn -0.7773 0.5795 -0.2450
vn -0.7164 -0.6258 -0.3085
vn -0.7161 -0.6261 -0.3086
vn -0.8319 0.4959 -0.2491
vn -0.8322 0.4954 -0.2491
vn -0.7795 -0.5474 -0.3045
vn -0.7792 -0.5478 -0.3045
vn -0.8776 0.4066 -0.2539
vn -0.8778 0.4061 -0.2540
vn -0.8341 -0.4629 -0.3000
vn -0.8339 -0.4633 -0.2999
vn -0.9138 0.3130 -0.2589
vn -0.9139 0.3125 -0.2589
vn -0.8794 -0.3733 -0.2954
vn -0.8793 -0.3737 -0.2954
vn -0.9400 0.2163 -0.2639
vn -0.9401 0.2158 -0.2639
vn -0.9152 -0.2793 -0.2904
vn -0.9151 -0.2798 -0.2905
vn -0.9559 0.1172 -0.2693
vn -0.9560 0.1167 -0.2693
vn -0.9410 -0.1823 -0.2851
vn -0.9409 -0.1828 -0.2851
vn -0.9614 0.0171 -0.2746
vn -0.9614 0.0166 -0.2746
vn -0.9564 -0.0831 -0.2799
vn -0.9564 -0.0837 -0.2800
vn -0.0303 0.1537 -0.9876
vn -0.0103 0.1582 -0.9874
vn -0.0304 0.1542 -0.9876
vn -0.0490 0.1456 -0.9881
vn -0.0491 0.1455 -0.9881
vn 0.0103 0.1583 -0.9873
vn 0.0102 0.1582 -0.9874
vn -0.0657 0.1332 -0.9889
vn -0.0657 0.1333 -0.9889
vn 0.0306 0.1545 -0.9875
vn 0.0304 0.1541 -0.9876
vn -0.0802 0.1189 -0.9897
vn -0.0800 0.1187 -0.9897
vn 0.0490 0.1456 -0.9881
vn -0.0900 0.1008 -0.9908
vn -0.0900 0.1007 -0.9908
vn 0.0660 0.1340 -0.9888
vn -0.0968 0.0813 -0.9920
vn -0.0964 0.0812 -0.9920
vn 0.0798 0.1186 -0.9897
vn 0.0800 0.1186 -0.9897
vn -0.0988 0.0609 -0.9932
vn -0.0988 0.0608 -0.9932
vn 0.0900 0.1009 -0.9908
vn 0.0901 0.1008 -0.9908
vn -0.0969 0.0403 -0.9945
vn -0.0965 0.0403 -0.9945
vn 0.0967 0.0814 -0.9920
vn 0.0965 0.0812 -0.9920
vn -0.0905 0.0208 -0.9957
vn 0.0988 0.0609 -0.9932
vn 0.0987 0.0608 -0.9933
vn -0.0803 0.0027 -0.9968
vn 0.0968 0.0403 -0.9945
vn 0.0967 0.0403 -0.9945
vn -0.0661 -0.0125 -0.9977
vn -0.0661 -0.0126 -0.9977
vn 0.0905 0.0208 -0.9957
vn 0.0905 0.0207 -0.9957
vn -0.0499 -0.0250 -0.9984
vn 0.0803 0.0027 -0.9968
vn 0.0803 0.0026 -0.9968
vn -0.0308 -0.0335 -0.9990
vn -0.0307 -0.0334 -0.9990
vn 0.0662 -0.0125 -0.9977
vn -0.0104 -0.0379 -0.9992
vn 0.0498 -0.0251 -0.9984
vn 0.0497 -0.0251 -0.9984
vn 0.0104 -0.0379 -0.9992
vn 0.0103 -0.0380 -0.9992
vn 0.0308 -0.0339 -0.9990
vn -0.0966 0.0404 -0.9945
vn -0.0991 0.0609 -0.9932
vn -0.0993 0.0608 -0.9932
vn -0.0904 0.0208 -0.9957
vn -0.0967 0.0813 -0.9920
vn -0.0802 0.0027 -0.9968
vn -0.0901 0.1007 -0.9908
vn -0.0662 -0.0125 -0.9977
vn -0.0795 0.1183 -0.9898
vn -0.0798 0.1187 -0.9897
vn -0.0498 -0.0250 -0.9984
vn -0.0659 0.1338 -0.9888
vn -0.0655 0.1332 -0.9889
vn -0.0307 -0.0333 -0.9990
vn -0.0490 0.1455 -0.9881
vn -0.0303 0.1537 -0.9877
vn 0.0104 -0.0380 -0.9992
vn 0.0308 -0.0338 -0.9990
vn 0.0307 -0.0335 -0.9990
vn 0.0103 0.1582 -0.9874
vn 0.0497 -0.0248 -0.9985
vn 0.0303 0.1540 -0.9876
vn 0.0307 0.1545 -0.9875
vn 0.0661 -0.0125 -0.9977
vn 0.0490 0.1457 -0.9881
vn 0.0491 0.1457 -0.9881
vn 0.0802 0.0027 -0.9968
vn 0.0802 0.0026 -0.9968
vn 0.0661 0.1341 -0.9888
vn 0.0661 0.1340 -0.9888
vn 0.0906 0.0207 -0.9957
vn 0.0799 0.1187 -0.9897
vn 0.0800 0.1187 -0.9897
vn 0.0969 0.0403 -0.9945
vn 0.0969 0.0402 -0.9945
vn 0.0900 0.1008 -0.9908
vn 0.0989 0.0609 -0.9932
vn 0.0989 0.0608 -0.9932
vn 0.0966 0.0814 -0.9920
vn 0.0966 0.0813 -0.9920
vn 0.9725 0.0144 -0.2325
vn 0.9725 0.0140 -0.2325
vn 0.9512 0.2154 -0.2208
vn 0.9512 0.2158 -0.2207
vn 0.8886 0.4083 -0.2091
vn 0.8884 0.4086 -0.2091
vn 0.9515 -0.1872 -0.2443
vn 0.9514 -0.1875 -0.2443
vn 0.7871 0.5838 -0.1991
vn 0.7869 0.5841 -0.1992
vn 0.8890 -0.3800 -0.2554
vn 0.8888 -0.3804 -0.2556
vn 0.6511 0.7348 -0.1903
vn 0.6509 0.7349 -0.1902
vn 0.7878 -0.5558 -0.2655
vn 0.7875 -0.5561 -0.2655
vn 0.4867 0.8541 -0.1833
vn 0.4866 0.8542 -0.1833
vn 0.6517 -0.7070 -0.2747
vn 0.6515 -0.7072 -0.2748
vn 0.3009 0.9368 -0.1785
vn 0.3007 0.9369 -0.1785
vn 0.4873 -0.8266 -0.2817
vn 0.4871 -0.8267 -0.2817
vn 0.1017 0.9791 -0.1761
vn 0.3012 -0.9095 -0.2866
vn 0.3012 -0.9095 -0.2865
vn -0.1017 0.9791 -0.1761
vn -0.1017 0.9791 -0.1760
vn 0.1020 -0.9519 -0.2888
vn 0.1019 -0.9520 -0.2888
vn -0.3009 0.9368 -0.1784
vn -0.3008 0.9369 -0.1784
vn -0.1019 -0.9520 -0.2888
vn -0.1019 -0.9519 -0.2888
vn -0.4867 0.8541 -0.1833
vn -0.4865 0.8542 -0.1833
vn -0.3012 -0.9095 -0.2865
vn -0.3012 -0.9095 -0.2866
vn -0.6511 0.7347 -0.1903
vn -0.6510 0.7349 -0.1903
vn -0.4873 -0.8265 -0.2818
vn -0.4871 -0.8266 -0.2818
vn -0.7870 0.5839 -0.1992
vn -0.7868 0.5842 -0.1991
vn -0.6518 -0.7069 -0.2747
vn -0.6516 -0.7072 -0.2746
vn -0.8886 0.4081 -0.2092
vn -0.8883 0.4088 -0.2095
vn -0.7877 -0.5559 -0.2655
vn -0.7875 -0.5562 -0.2655
vn -0.9512 0.2155 -0.2206
vn -0.9512 0.2159 -0.2207
vn -0.8891 -0.3800 -0.2552
vn -0.8889 -0.3803 -0.2553
vn -0.9725 0.0140 -0.2324
vn -0.9725 0.0144 -0.2324
vn -0.9515 -0.1871 -0.2442
vn -0.9514 -0.1874 -0.2443
vn 0.1019 -0.9519 -0.2888
vn 0.1020 -0.9520 -0.2887
vn 0.3011 -0.9095 -0.2866
vn 0.3011 -0.9095 -0.2867
vn 0.4871 -0.8267 -0.2818
vn 0.4873 -0.8265 -0.2817
vn 0.6516 -0.7070 -0.2748
vn 0.6518 -0.7068 -0.2747
vn -0.3013 -0.9094 -0.2866
vn -0.3012 -0.9094 -0.2867
vn 0.7876 -0.5560 -0.2657
vn 0.7877 -0.5558 -0.2658
vn -0.4873 -0.8266 -0.2817
vn -0.4871 -0.8267 -0.2816
vn 0.8890 -0.3802 -0.2553
vn -0.6518 -0.7070 -0.2744
vn -0.6517 -0.7071 -0.2744
vn 0.9514 -0.1875 -0.2444
vn 0.9515 -0.1871 -0.2443
vn -0.7877 -0.5558 -0.2656
vn -0.7875 -0.5560 -0.2657
vn -0.8890 -0.3800 -0.2553
vn -0.8888 -0.3802 -0.2557
vn 0.9512 0.2156 -0.2208
vn 0.9512 0.2159 -0.2203
vn -0.9515 -0.1875 -0.2439
vn 0.8885 0.4083 -0.2095
vn 0.8884 0.4086 -0.2095
vn -0.9726 0.0144 -0.2320
vn -0.9726 0.0140 -0.2320
vn 0.7871 0.5838 -0.1992
vn -0.9511 0.2159 -0.2207
vn -0.9513 0.2155 -0.2203
vn 0.6512 0.7347 -0.1903
vn 0.6510 0.7349 -0.1902
vn -0.8885 0.4085 -0.2090
vn -0.8886 0.4082 -0.2091
vn 0.4865 0.8542 -0.1833
vn -0.7870 0.5839 -0.1991
vn 0.3008 0.9368 -0.1786
vn -0.6511 0.7349 -0.1900
vn -0.6513 0.7347 -0.1900
vn 0.1018 0.9791 -0.1760
vn 0.1017 0.9791 -0.1760
vn -0.4866 0.8542 -0.1831
vn -0.4868 0.8541 -0.1831
vn -0.3007 0.9369 -0.1785
vn -0.3008 0.9368 -0.1785
vn 0.0003 0.0610 -0.9981
vn 0.0003 0.0618 -0.9981
vn -0.0006 0.0610 -0.9981
vn -0.0000 0.0615 -0.9981
vn 0.0005 0.0614 -0.9981
vn -0.0005 0.0614 -0.9981
vn -0.0002 0.0617 -0.9981
vn 0.0001 0.0616 -0.9981
vn -0.0015 0.0595 -0.9982
vn 0.0006 0.0603 -0.9982
vn -0.0001 0.0598 -0.9982
vn -0.0003 0.0600 -0.9982
vn 0.0005 0.0620 -0.9981
vn -0.0007 0.0604 -0.9982
vn -0.0002 0.0614 -0.9981
vn 0.0004 0.0607 -0.9982
vn -0.0000 0.0638 -0.9980
vn 0.0004 0.0620 -0.9981
vn 0.0006 0.0640 -0.9979
vn -0.0000 0.0646 -0.9979
vn -0.9712 0.2377 0.0145
vn -0.9892 -0.1461 -0.0089
vn -0.9892 -0.1462 -0.0089
vn -0.8178 0.5744 0.0351
vn -0.8181 0.5740 0.0351
vn -0.8761 -0.4813 -0.0294
vn -0.8761 -0.4812 -0.0294
vn -0.5804 0.8128 0.0497
vn -0.7408 -0.6704 -0.0410
vn -0.7412 -0.6700 -0.0409
vn -0.2996 0.9523 0.0582
vn -0.2997 0.9523 0.0582
vn -0.6806 -0.7313 -0.0447
vn -0.6810 -0.7309 -0.0446
vn -0.0754 0.9953 0.0608
vn -0.6342 -0.7717 -0.0472
vn 0.0200 0.9979 0.0609
vn 0.0208 0.9979 0.0613
vn -0.5485 -0.8346 -0.0510
vn -0.5489 -0.8344 -0.0511
vn 0.0844 0.9946 0.0609
vn 0.0845 0.9946 0.0608
vn -0.4361 -0.8982 -0.0550
vn -0.4367 -0.8979 -0.0549
vn 0.1758 0.9826 0.0601
vn 0.1757 0.9826 0.0601
vn -0.3106 -0.9488 -0.0580
vn -0.3107 -0.9487 -0.0580
vn 0.2775 0.9589 0.0587
vn 0.2773 0.9590 0.0587
vn -0.1890 -0.9801 -0.0599
vn -0.1891 -0.9801 -0.0599
vn 0.3854 0.9210 0.0564
vn 0.3850 0.9212 0.0563
vn -0.0863 -0.9944 -0.0611
vn -0.0865 -0.9944 -0.0608
vn 0.4941 0.8678 0.0531
vn 0.4935 0.8681 0.0531
vn -0.0203 -0.9979 -0.0611
vn -0.0202 -0.9979 -0.0611
vn 0.5966 0.8011 0.0491
vn 0.5961 0.8014 0.0490
vn 0.0870 -0.9944 -0.0608
vn 0.0872 -0.9943 -0.0610
vn 0.6665 0.7441 0.0455
vn 0.6664 0.7442 0.0454
vn 0.3177 -0.9464 -0.0579
vn 0.3176 -0.9465 -0.0579
vn 0.7386 0.6729 0.0411
vn 0.5778 -0.8147 -0.0499
vn 0.5779 -0.8146 -0.0499
vn 0.8830 0.4685 0.0286
vn 0.8831 0.4684 0.0286
vn 0.7966 -0.6033 -0.0369
vn 0.7967 -0.6033 -0.0369
vn 0.9947 0.1031 0.0063
vn 0.9568 -0.2902 -0.0177
vn 0.9568 -0.2901 -0.0178
vn -0.9272 0.3738 0.0228
vn -0.9947 0.1029 0.0063
vn -0.9947 0.1028 0.0063
vn -0.9273 0.3735 0.0229
vn -0.7426 0.6685 0.0409
vn -0.7422 0.6690 0.0412
vn -0.9888 -0.1493 -0.0092
vn -0.9888 -0.1491 -0.0091
vn -0.4068 0.9118 0.0563
vn -0.4071 0.9117 0.0563
vn -0.9066 -0.4212 -0.0260
vn -0.9064 -0.4217 -0.0261
vn -0.0994 0.9932 0.0610
vn -0.1000 0.9931 0.0607
vn -0.7575 -0.6516 -0.0398
vn -0.7572 -0.6520 -0.0401
vn 0.0079 0.9981 0.0610
vn -0.6537 -0.7553 -0.0462
vn 0.0450 0.9971 0.0609
vn 0.0449 0.9971 0.0609
vn -0.5672 -0.8221 -0.0503
vn 0.1270 0.9901 0.0606
vn 0.1271 0.9900 0.0606
vn -0.4341 -0.8991 -0.0553
vn -0.4341 -0.8992 -0.0551
vn 0.2532 0.9656 0.0596
vn 0.2536 0.9655 0.0591
vn -0.3030 -0.9512 -0.0583
vn -0.3033 -0.9511 -0.0582
vn 0.4119 0.9095 0.0560
vn 0.4112 0.9098 0.0557
vn -0.1889 -0.9802 -0.0599
vn -0.1885 -0.9802 -0.0601
vn 0.5719 0.8188 0.0501
vn 0.5718 0.8189 0.0501
vn -0.0987 -0.9933 -0.0607
vn 0.7055 0.7074 0.0432
vn 0.7059 0.7070 0.0434
vn -0.0373 -0.9974 -0.0610
vn 0.7838 0.6198 0.0382
vn 0.7842 0.6194 0.0384
vn -0.0072 -0.9981 -0.0610
vn -0.0073 -0.9981 -0.0610
vn 0.8546 0.5184 0.0317
vn 0.8546 0.5183 0.0317
vn 0.0689 -0.9958 -0.0609
vn 0.9551 0.2959 0.0181
vn 0.2951 -0.9537 -0.0583
vn 0.2950 -0.9537 -0.0583
vn 1.0000 0.0018 0.0001
vn 1.0000 0.0019 0.0001
vn 0.5923 -0.8042 -0.0494
vn 0.5919 -0.8045 -0.0492
vn 0.9582 -0.2857 -0.0175
vn 0.9582 -0.2854 -0.0176
vn 0.8244 -0.5649 -0.0349
vn 0.8243 -0.5651 -0.0349
vn -0.0005 0.0608 -0.9982
vn 0.5989 0.0482 -0.7994
vn 0.5985 0.0497 -0.7996
vn 0.5972 -0.0130 -0.8020
vn 0.5971 -0.0144 -0.8020
vn 0.5894 -0.0753 -0.8043
vn 0.5936 0.1104 -0.7972
vn 0.5934 0.1118 -0.7971
vn 0.5754 -0.1368 -0.8063
vn 0.5750 -0.1382 -0.8064
vn 0.5818 0.1730 -0.7948
vn 0.5536 -0.1963 -0.8093
vn 0.5530 -0.1976 -0.8094
vn 0.5647 0.2313 -0.7922
vn 0.5266 -0.2537 -0.8114
vn 0.5260 -0.2549 -0.8114
vn 0.5410 0.2885 -0.7900
vn 0.5404 0.2897 -0.7899
vn 0.5642 0.2326 -0.7922
vn 0.5647 0.2312 -0.7922
vn 0.4936 -0.3081 -0.8133
vn 0.4929 -0.3091 -0.8133
vn 0.5116 0.3429 -0.7878
vn 0.5110 0.3439 -0.7878
vn 0.4546 -0.3586 -0.8154
vn 0.4771 0.3940 -0.7856
vn 0.4763 0.3949 -0.7856
vn 0.4107 -0.4053 -0.8167
vn 0.4098 -0.4059 -0.8169
vn 0.4372 0.4409 -0.7839
vn 0.4363 0.4414 -0.7841
vn 0.3611 -0.4462 -0.8188
vn 0.3606 -0.4469 -0.8187
vn 0.3931 0.4838 -0.7819
vn 0.3924 0.4844 -0.7819
vn 0.3078 -0.4822 -0.8202
vn 0.3072 -0.4827 -0.8202
vn 0.3445 0.5211 -0.7809
vn 0.3438 0.5215 -0.7809
vn 0.2511 -0.5128 -0.8209
vn 0.2504 -0.5128 -0.8212
vn 0.2927 0.5541 -0.7793
vn 0.2921 0.5544 -0.7793
vn 0.1909 -0.5362 -0.8222
vn 0.1904 -0.5364 -0.8222
vn 0.2379 0.5812 -0.7782
vn 0.1285 -0.5533 -0.8230
vn 0.1281 -0.5533 -0.8230
vn 0.1805 0.6022 -0.7776
vn 0.1801 0.6023 -0.7777
vn 0.0647 -0.5640 -0.8233
vn 0.0645 -0.5640 -0.8233
vn 0.1214 0.6177 -0.7770
vn 0.1211 0.6177 -0.7770
vn 0.0609 0.6271 -0.7765
vn -0.0646 -0.5639 -0.8233
vn -0.0645 -0.5640 -0.8233
vn -0.1285 -0.5538 -0.8227
vn -0.1282 -0.5539 -0.8226
vn -0.0609 0.6272 -0.7765
vn -0.1909 -0.5365 -0.8221
vn -0.1213 0.6177 -0.7770
vn -0.1210 0.6177 -0.7771
vn -0.2508 -0.5121 -0.8215
vn -0.2502 -0.5123 -0.8215
vn -0.1804 0.6022 -0.7777
vn -0.1800 0.6025 -0.7776
vn -0.3078 -0.4822 -0.8202
vn -0.3071 -0.4826 -0.8203
vn -0.2378 0.5812 -0.7783
vn -0.2373 0.5814 -0.7782
vn -0.3604 -0.4467 -0.8189
vn -0.3612 -0.4462 -0.8188
vn -0.2927 0.5541 -0.7793
vn -0.2920 0.5541 -0.7796
vn -0.4096 -0.4057 -0.8171
vn -0.4104 -0.4050 -0.8170
vn -0.3443 0.5211 -0.7809
vn -0.3437 0.5216 -0.7809
vn -0.4540 -0.3596 -0.8152
vn -0.4547 -0.3588 -0.8152
vn -0.3927 0.4832 -0.7825
vn -0.3920 0.4838 -0.7825
vn -0.4927 -0.3090 -0.8135
vn -0.4933 -0.3080 -0.8135
vn -0.4370 0.4408 -0.7841
vn -0.4364 0.4416 -0.7839
vn -0.5261 -0.2548 -0.8114
vn -0.5267 -0.2537 -0.8113
vn -0.4770 0.3940 -0.7856
vn -0.4764 0.3949 -0.7856
vn -0.5531 -0.1976 -0.8093
vn -0.5537 -0.1963 -0.8093
vn -0.5117 0.3429 -0.7878
vn -0.5110 0.3440 -0.7877
vn -0.5748 -0.1382 -0.8065
vn -0.5749 -0.1367 -0.8067
vn -0.5406 0.2898 -0.7898
vn -0.5896 -0.0768 -0.8040
vn -0.5898 -0.0754 -0.8040
vn -0.5643 0.2311 -0.7926
vn -0.5638 0.2324 -0.7925
vn -0.5967 -0.0144 -0.8023
vn -0.5968 -0.0129 -0.8023
vn -0.5821 0.1716 -0.7948
vn -0.5817 0.1730 -0.7948
vn -0.5991 0.0482 -0.7992
vn -0.5991 0.0497 -0.7991
vn -0.5943 0.1105 -0.7966
vn -0.5935 0.1119 -0.7970
vn -0.9559 0.1167 -0.2694
vn -0.9614 0.0165 -0.2748
vn -0.9614 0.0170 -0.2748
vn -0.9559 0.1173 -0.2693
vn -0.9400 0.2157 -0.2641
vn -0.9400 0.2162 -0.2638
vn -0.9563 -0.0836 -0.2800
vn -0.9564 -0.0831 -0.2800
vn -0.9139 0.3125 -0.2590
vn -0.9138 0.3130 -0.2590
vn -0.9408 -0.1828 -0.2853
vn -0.9409 -0.1823 -0.2853
vn -0.8778 0.4062 -0.2539
vn -0.9150 -0.2799 -0.2905
vn -0.9152 -0.2794 -0.2905
vn -0.8321 0.4954 -0.2493
vn -0.8319 0.4958 -0.2493
vn -0.8793 -0.3736 -0.2954
vn -0.8795 -0.3732 -0.2954
vn -0.7774 0.5795 -0.2447
vn -0.7771 0.5799 -0.2446
vn -0.8338 -0.4633 -0.3001
vn -0.8340 -0.4629 -0.3001
vn -0.7140 0.6574 -0.2406
vn -0.7138 0.6577 -0.2407
vn -0.7793 -0.5478 -0.3045
vn -0.7795 -0.5474 -0.3044
vn -0.6430 0.7283 -0.2369
vn -0.7160 -0.6261 -0.3088
vn -0.7163 -0.6258 -0.3087
vn -0.5648 0.7915 -0.2335
vn -0.5646 0.7917 -0.2335
vn -0.6449 -0.6974 -0.3127
vn -0.6451 -0.6972 -0.3127
vn -0.4805 0.8461 -0.2307
vn -0.4803 0.8462 -0.2306
vn -0.5668 -0.7609 -0.3159
vn -0.5670 -0.7607 -0.3159
vn -0.3909 0.8917 -0.2280
vn -0.3907 0.8918 -0.2280
vn -0.4821 -0.8160 -0.3190
vn -0.4824 -0.8158 -0.3189
vn -0.2969 0.9277 -0.2262
vn -0.3923 -0.8619 -0.3215
vn -0.2984 -0.8981 -0.3231
vn -0.1005 0.9694 -0.2239
vn -0.1004 0.9694 -0.2239
vn -0.2006 -0.9243 -0.3246
vn 0.0001 0.9747 -0.2236
vn -0.1010 -0.9402 -0.3254
vn 0.1005 0.9694 -0.2240
vn 0.1004 0.9694 -0.2240
vn 0.2969 0.9278 -0.2262
vn 0.2007 -0.9243 -0.3245
vn 0.3910 0.8917 -0.2280
vn 0.3908 0.8918 -0.2280
vn 0.2981 -0.8982 -0.3231
vn 0.4805 0.8461 -0.2305
vn 0.4802 0.8463 -0.2306
vn 0.3926 -0.8617 -0.3215
vn 0.5646 0.7916 -0.2335
vn 0.4822 -0.8159 -0.3189
vn 0.4824 -0.8158 -0.3190
vn 0.6430 0.7283 -0.2368
vn 0.5667 -0.7609 -0.3160
vn 0.5670 -0.7607 -0.3160
vn 0.7138 0.6577 -0.2405
vn 0.7141 0.6574 -0.2405
vn 0.6449 -0.6974 -0.3127
vn 0.6452 -0.6972 -0.3126
vn 0.7771 0.5798 -0.2447
vn 0.7774 0.5794 -0.2447
vn 0.7161 -0.6261 -0.3086
vn 0.7164 -0.6258 -0.3086
vn 0.8319 0.4959 -0.2491
vn 0.8321 0.4955 -0.2491
vn 0.7792 -0.5478 -0.3046
vn 0.7794 -0.5474 -0.3046
vn 0.8778 0.4061 -0.2540
vn 0.8339 -0.4633 -0.3000
vn 0.8341 -0.4629 -0.3000
vn 0.9138 0.3130 -0.2590
vn 0.8793 -0.3737 -0.2953
vn 0.8794 -0.3733 -0.2954
vn 0.9400 0.2162 -0.2639
vn 0.9152 -0.2793 -0.2904
vn 0.9560 0.1173 -0.2691
vn 0.9560 0.1167 -0.2691
vn 0.9409 -0.1828 -0.2851
vn 0.9410 -0.1823 -0.2850
vn 0.9614 0.0170 -0.2745
vn 0.9614 0.0165 -0.2745
vn 0.9564 -0.0836 -0.2797
vn 0.9565 -0.0831 -0.2797
vn 0.0303 0.1537 -0.9876
vn 0.0304 0.1537 -0.9877
vn 0.0491 0.1456 -0.9881
vn 0.0491 0.1455 -0.9881
vn -0.0102 0.1582 -0.9874
vn -0.0103 0.1583 -0.9873
vn 0.0658 0.1335 -0.9889
vn 0.0657 0.1332 -0.9889
vn -0.0306 0.1545 -0.9875
vn 0.0802 0.1189 -0.9897
vn 0.0803 0.1189 -0.9897
vn -0.0491 0.1456 -0.9881
vn 0.0901 0.1007 -0.9908
vn -0.0660 0.1340 -0.9888
vn 0.0968 0.0813 -0.9920
vn 0.0969 0.0813 -0.9920
vn -0.0799 0.1186 -0.9897
vn -0.0799 0.1187 -0.9897
vn 0.0990 0.0609 -0.9932
vn 0.0990 0.0608 -0.9932
vn -0.0901 0.1008 -0.9908
vn -0.0900 0.1009 -0.9908
vn 0.0966 0.0404 -0.9945
vn 0.0965 0.0403 -0.9945
vn -0.0967 0.0814 -0.9920
vn -0.0987 0.0608 -0.9933
vn 0.0803 0.0028 -0.9968
vn -0.0969 0.0402 -0.9945
vn -0.0967 0.0404 -0.9945
vn -0.0905 0.0206 -0.9957
vn 0.0499 -0.0250 -0.9984
vn -0.0798 0.0031 -0.9968
vn -0.0800 0.0030 -0.9968
vn 0.0309 -0.0335 -0.9990
vn 0.0307 -0.0334 -0.9990
vn -0.0664 -0.0130 -0.9977
vn -0.0497 -0.0251 -0.9984
vn -0.0498 -0.0251 -0.9984
vn -0.0103 -0.0380 -0.9992
vn -0.0308 -0.0339 -0.9990
vn -0.0308 -0.0338 -0.9990
vn 0.0969 0.0404 -0.9945
vn 0.0906 0.0208 -0.9957
vn 0.0964 0.0812 -0.9920
vn 0.0967 0.0813 -0.9920
vn 0.0902 0.1009 -0.9908
vn 0.0498 -0.0250 -0.9984
vn 0.0658 0.1332 -0.9889
vn 0.0308 -0.0334 -0.9990
vn 0.0490 0.1455 -0.9881
vn 0.0492 0.1458 -0.9881
vn 0.0304 0.1542 -0.9876
vn -0.0104 -0.0380 -0.9992
vn -0.0307 -0.0336 -0.9990
vn -0.0307 -0.0338 -0.9990
vn -0.0103 0.1582 -0.9873
vn -0.0494 -0.0244 -0.9985
vn -0.0495 -0.0246 -0.9985
vn -0.0307 0.1545 -0.9875
vn -0.0304 0.1541 -0.9876
vn -0.0663 -0.0128 -0.9977
vn -0.0491 0.1457 -0.9881
vn -0.0493 0.1457 -0.9881
vn -0.0802 0.0026 -0.9968
vn -0.0662 0.1340 -0.9888
vn -0.0662 0.1341 -0.9888
vn -0.0906 0.0207 -0.9957
vn -0.0798 0.1186 -0.9897
vn -0.0989 0.0609 -0.9932
vn -0.0989 0.0608 -0.9932
vn -0.0966 0.0813 -0.9920
vn -0.0966 0.0814 -0.9920
vn -0.9513 0.2155 -0.2204
vn -0.9725 0.0139 -0.2324
vn -0.9725 0.0143 -0.2324
vn -0.9511 0.2159 -0.2209
vn -0.8885 0.4082 -0.2094
vn -0.8884 0.4085 -0.2095
vn -0.9515 -0.1873 -0.2440
vn -0.9514 -0.1872 -0.2444
vn -0.7871 0.5838 -0.1992
vn -0.7869 0.5841 -0.1991
vn -0.8888 -0.3804 -0.2557
vn -0.8889 -0.3800 -0.2557
vn -0.6511 0.7348 -0.1900
vn -0.7876 -0.5561 -0.2655
vn -0.4867 0.8541 -0.1832
vn -0.4866 0.8542 -0.1833
vn -0.6516 -0.7072 -0.2745
vn -0.3008 0.9368 -0.1786
vn -0.4871 -0.8267 -0.2818
vn -0.3011 -0.9095 -0.2866
vn -0.3014 -0.9095 -0.2862
vn 0.3009 0.9368 -0.1784
vn 0.3007 0.9369 -0.1784
vn 0.1019 -0.9519 -0.2891
vn 0.6512 0.7347 -0.1902
vn 0.4871 -0.8266 -0.2818
vn 0.4873 -0.8265 -0.2818
vn 0.7870 0.5839 -0.1992
vn 0.7868 0.5842 -0.1991
vn 0.6516 -0.7071 -0.2745
vn 0.6519 -0.7068 -0.2747
vn 0.8886 0.4082 -0.2092
vn 0.8885 0.4085 -0.2091
vn 0.7875 -0.5561 -0.2656
vn 0.7877 -0.5559 -0.2655
vn 0.9513 0.2155 -0.2206
vn 0.8889 -0.3802 -0.2553
vn 0.8891 -0.3801 -0.2552
vn 0.9725 0.0144 -0.2324
vn 0.9514 -0.1873 -0.2443
vn -0.3010 -0.9096 -0.2864
vn -0.3011 -0.9095 -0.2864
vn -0.4871 -0.8266 -0.2817
vn -0.3013 -0.9095 -0.2864
vn -0.3014 -0.9095 -0.2864
vn -0.4873 -0.8265 -0.2817
vn -0.6516 -0.7070 -0.2748
vn -0.6518 -0.7068 -0.2747
vn 0.3013 -0.9095 -0.2865
vn -0.7874 -0.5562 -0.2658
vn -0.7876 -0.5559 -0.2658
vn 0.4871 -0.8267 -0.2816
vn 0.4873 -0.8266 -0.2816
vn -0.8889 -0.3804 -0.2554
vn -0.7875 -0.5560 -0.2658
vn -0.7877 -0.5557 -0.2658
vn -0.8890 -0.3801 -0.2554
vn 0.6517 -0.7071 -0.2744
vn 0.6518 -0.7070 -0.2744
vn -0.9515 -0.1871 -0.2443
vn 0.7875 -0.5560 -0.2657
vn 0.7877 -0.5558 -0.2656
vn -0.9725 0.0140 -0.2325
vn -0.9725 0.0144 -0.2325
vn 0.8889 -0.3804 -0.2553
vn 0.8890 -0.3800 -0.2553
vn -0.9512 0.2154 -0.2208
vn -0.9512 0.2158 -0.2207
vn 0.9515 -0.1875 -0.2440
vn 0.9515 -0.1871 -0.2442
vn -0.8885 0.4084 -0.2091
vn -0.8883 0.4085 -0.2097
vn 0.9725 0.0141 -0.2324
vn 0.9725 0.0145 -0.2324
vn -0.7871 0.5838 -0.1991
vn -0.7869 0.5841 -0.1992
vn 0.9514 0.2154 -0.2203
vn 0.9512 0.2158 -0.2203
vn -0.6512 0.7347 -0.1903
vn -0.6510 0.7349 -0.1902
vn 0.8885 0.4084 -0.2091
vn 0.7870 0.5840 -0.1988
vn -0.3009 0.9368 -0.1785
vn 0.6513 0.7347 -0.1900
vn 0.6509 0.7349 -0.1905
vn 0.4868 0.8541 -0.1831
vn 0.4866 0.8542 -0.1831
vn 0.3008 0.9368 -0.1784
vn 0.1019 0.9791 -0.1760
vn 0.7191 0.1948 -0.6670
vn 0.7290 0.0589 -0.6819
vn 0.7502 0.0631 -0.6582
vn 0.6956 0.0148 -0.7183
vn 0.6993 -0.0221 -0.7145
vn 0.6815 -0.0988 -0.7251
vn 0.6120 -0.2707 -0.7431
vn 0.6265 -0.2258 -0.7460
vn 0.4822 -0.4365 -0.7596
vn 0.4664 -0.4571 -0.7573
vn 0.3083 -0.5616 -0.7679
vn 0.2205 -0.6148 -0.7572
vn 0.1435 -0.6237 -0.7684
vn 0.0497 -0.6510 -0.7574
vn 0.0291 -0.6414 -0.7666
vn -0.0292 -0.6416 -0.7665
vn -0.0369 -0.6414 -0.7663
vn -0.1403 -0.6305 -0.7634
vn -0.3139 -0.5651 -0.7630
vn -0.2275 -0.5934 -0.7721
vn -0.4831 -0.4381 -0.7581
vn -0.4622 -0.4543 -0.7616
vn -0.6120 -0.2665 -0.7446
vn -0.6399 -0.2163 -0.7373
vn -0.6772 -0.1012 -0.7288
vn -0.6969 -0.0435 -0.7158
vn -0.7054 -0.0002 -0.7088
vn -0.7383 0.0718 -0.6707
vn -0.7333 0.0574 -0.6775
vn -0.7265 0.1905 -0.6602
vn -0.6576 0.3780 -0.6517
vn -0.6937 0.2714 -0.6672
vn -0.5209 0.5594 -0.6448
vn -0.5334 0.5432 -0.6484
vn -0.3338 0.6960 -0.6358
vn -0.2563 0.7384 -0.6238
vn -0.1545 0.7631 -0.6276
vn -0.0562 0.7877 -0.6135
vn -0.0310 0.7815 -0.6231
vn 0.0310 0.7814 -0.6233
vn 0.0429 0.7805 -0.6237
vn 0.1515 0.7681 -0.6221
vn 0.3393 0.6970 -0.6317
vn 0.2663 0.7217 -0.6389
vn 0.5200 0.5586 -0.6462
vn 0.5379 0.5434 -0.6445
vn 0.6539 0.3715 -0.6591
vn 0.7164 0.2621 -0.6466
vn 0.7199 0.1948 -0.6661
vn 0.7298 0.0589 -0.6811
vn 0.7510 0.0633 -0.6573
vn 0.6963 0.0150 -0.7176
vn 0.7001 -0.0217 -0.7137
vn 0.6824 -0.0989 -0.7242
vn 0.6127 -0.2715 -0.7422
vn 0.6267 -0.2267 -0.7456
vn 0.4825 -0.4374 -0.7588
vn 0.4665 -0.4585 -0.7564
vn 0.3092 -0.5619 -0.7672
vn 0.2213 -0.6155 -0.7564
vn 0.1436 -0.6245 -0.7677
vn 0.0503 -0.6516 -0.7569
vn 0.0287 -0.6425 -0.7658
vn -0.0287 -0.6424 -0.7658
vn -0.0358 -0.6423 -0.7656
vn -0.1407 -0.6312 -0.7628
vn -0.3143 -0.5658 -0.7623
vn -0.2273 -0.5940 -0.7717
vn -0.4834 -0.4386 -0.7576
vn -0.4630 -0.4546 -0.7609
vn -0.6123 -0.2669 -0.7443
vn -0.6404 -0.2166 -0.7369
vn -0.6779 -0.1008 -0.7282
vn -0.6975 -0.0434 -0.7153
vn -0.7060 -0.0002 -0.7082
vn -0.7388 0.0722 -0.6700
vn -0.7338 0.0579 -0.6769
vn -0.7272 0.1901 -0.6596
vn -0.6578 0.3783 -0.6513
vn -0.6942 0.2710 -0.6669
vn -0.5208 0.5603 -0.6441
vn -0.5342 0.5430 -0.6479
vn -0.3343 0.6962 -0.6352
vn -0.2562 0.7390 -0.6231
vn -0.1551 0.7633 -0.6271
vn -0.0563 0.7882 -0.6129
vn -0.0310 0.7819 -0.6226
vn 0.0313 0.7819 -0.6226
vn 0.0433 0.7812 -0.6228
vn 0.1521 0.7687 -0.6213
vn 0.3396 0.6976 -0.6309
vn 0.2678 0.7219 -0.6381
vn 0.5202 0.5593 -0.6455
vn 0.5372 0.5449 -0.6438
vn 0.6548 0.3714 -0.6583
vn 0.7164 0.2629 -0.6462
vn -0.0000 -0.0000 1.0000
vn 0.0001 -0.0000 1.0000
vn -0.0001 -0.0000 1.0000
vn 0.0001 -0.0001 1.0000
vn -1.0000 -0.0002 -0.0000
vn -0.9239 0.3825 -0.0000
vn -0.7071 0.7071 -0.0000
vn -0.3828 0.9238 -0.0000
vn -0.3828 0.9238 0.0001
vn -0.3825 0.9240 -0.0000
vn -0.0000 1.0000 -0.0000
vn -0.3825 0.9239 -0.0000
vn 0.3826 0.9239 -0.0000
vn 0.3827 0.9239 -0.0000
vn 0.7071 0.7071 -0.0000
vn 0.9239 0.3825 -0.0000
vn 0.9240 0.3825 -0.0000
vn 1.0000 -0.0001 -0.0000
vn 1.0000 -0.0002 -0.0000
vn 0.9239 -0.3826 -0.0000
vn 0.9239 -0.3827 -0.0000
vn 0.7071 -0.7071 -0.0000
vn 0.3824 -0.9240 -0.0000
vn 0.3826 -0.9239 -0.0000
vn -0.0000 -1.0000 -0.0000
vn -0.3827 -0.9239 -0.0000
vn -0.7071 -0.7071 -0.0000
vn -0.9239 -0.3827 -0.0000
vn -0.4172 -0.0000 0.9088
vn -0.3854 0.1597 0.9088
vn -0.3856 0.1597 0.9088
vn -0.4171 -0.0000 0.9088
vn -0.2952 0.2952 0.9087
vn -0.1596 0.3854 0.9088
vn -0.1597 0.3854 0.9088
vn -0.0000 0.4171 0.9089
vn 0.1596 0.3853 0.9089
vn 0.2950 0.2951 0.9088
vn 0.2950 0.2950 0.9088
vn 0.3855 0.1596 0.9088
vn 0.3854 0.1596 0.9088
vn 0.4171 -0.0000 0.9088
vn 0.4172 -0.0001 0.9088
vn 0.3854 -0.1596 0.9088
vn 0.3853 -0.1597 0.9089
vn 0.2950 -0.2949 0.9088
vn 0.2950 -0.2951 0.9088
vn 0.1596 -0.3854 0.9088
vn 0.1596 -0.3853 0.9089
vn -0.0000 -0.4171 0.9089
vn -0.1596 -0.3855 0.9088
vn -0.1596 -0.3854 0.9088
vn -0.2950 -0.2949 0.9088
vn -0.2951 -0.2950 0.9088
vn -0.3854 -0.1597 0.9088
vn -0.3853 -0.1596 0.9089
vn -1.0000 -0.0001 -0.0000
vn -0.9239 0.3826 -0.0000
vn -0.7070 0.7072 -0.0000
vn 0.0001 1.0000 -0.0000
vn 0.3823 0.9241 -0.0000
vn 0.9239 0.3827 -0.0000
vn 0.9238 -0.3829 -0.0000
vn 0.9238 -0.3828 -0.0000
vn 0.3823 -0.9241 -0.0000
vn 0.0001 -1.0000 -0.0000
vn -0.3825 -0.9240 -0.0000
vn -0.7070 -0.7072 -0.0000
vn -0.9238 -0.3828 -0.0000
vn 0.1738 -0.0000 -0.9848
vn 0.1605 -0.0665 -0.9848
vn 0.1229 -0.1229 -0.9848
vn 0.0665 -0.1605 -0.9848
vn -0.0000 -0.1738 -0.9848
vn -0.0664 -0.1606 -0.9848
vn -0.1229 -0.1229 -0.9848
vn -0.1606 -0.0665 -0.9848
vn -0.1738 -0.0000 -0.9848
vn -0.1606 0.0666 -0.9848
vn -0.1229 0.1229 -0.9848
vn -0.0664 0.1604 -0.9848
vn -0.0000 0.1734 -0.9848
vn 0.0664 0.1604 -0.9848
vn 0.1229 0.1229 -0.9848
vn 0.1606 0.0665 -0.9848
vn -0.0210 0.9970 -0.0741
vn -0.0212 0.9990 -0.0404
vn 0.0212 0.9990 -0.0404
vn 0.0210 0.9970 -0.0741
vn 0.0108 0.9941 0.1076
vn 0.0436 0.9931 0.1091
vn 0.0871 0.9916 0.0956
vn 0.1256 0.9896 0.0696
vn 0.1549 0.9874 0.0322
vn 0.1704 0.9853 -0.0116
vn 0.1686 0.9846 -0.0458
vn 0.1687 0.9833 -0.0675
vn 0.1700 0.9802 -0.1014
vn 0.1548 0.9772 -0.1452
vn 0.1255 0.9752 -0.1822
vn 0.0868 0.9742 -0.2083
vn 0.0438 0.9740 -0.2223
vn 0.0107 0.9753 -0.2206
vn -0.0107 0.9753 -0.2206
vn -0.0437 0.9740 -0.2222
vn -0.0869 0.9742 -0.2081
vn -0.1254 0.9752 -0.1823
vn -0.1547 0.9772 -0.1451
vn -0.1701 0.9802 -0.1013
vn -0.1688 0.9833 -0.0676
vn -0.1684 0.9846 -0.0459
vn -0.1705 0.9853 -0.0113
vn -0.1548 0.9874 0.0322
vn -0.1256 0.9896 0.0697
vn -0.0870 0.9916 0.0956
vn -0.0440 0.9930 0.1094
vn -0.0108 0.9941 0.1076
vn 0.1019 0.9396 0.3268
vn 0.0259 0.9414 0.3362
vn 0.1969 0.9372 0.2878
vn 0.2784 0.9336 0.2256
vn 0.3408 0.9291 0.1435
vn 0.3800 0.9237 0.0490
vn 0.3898 0.9205 -0.0268
vn 0.3894 0.9177 -0.0786
vn 0.3804 0.9118 -0.1544
vn 0.3406 0.9066 -0.2492
vn 0.2787 0.9017 -0.3307
vn 0.1969 0.8980 -0.3934
vn 0.1019 0.8960 -0.4322
vn 0.0259 0.8966 -0.4421
vn -0.0258 0.8964 -0.4424
vn -0.1019 0.8958 -0.4327
vn -0.1968 0.8982 -0.3931
vn -0.2784 0.9017 -0.3308
vn -0.3408 0.9066 -0.2490
vn -0.3806 0.9117 -0.1548
vn -0.3895 0.9177 -0.0784
vn -0.3899 0.9205 -0.0269
vn -0.3804 0.9235 0.0491
vn -0.3408 0.9291 0.1436
vn -0.2785 0.9336 0.2254
vn -0.1967 0.9373 0.2876
vn -0.1019 0.9397 0.3265
vn -0.0259 0.9414 0.3362
vn 0.2128 0.6143 0.7598
vn 0.0531 0.6229 0.7805
vn 0.4111 0.6096 0.6777
vn 0.5813 0.6019 0.5476
vn 0.7118 0.5923 0.3776
vn 0.7939 0.5808 0.1798
vn 0.8151 0.5790 0.0200
vn 0.8147 0.5735 -0.0863
vn 0.7941 0.5562 -0.2451
vn 0.7116 0.5453 -0.4430
vn 0.5812 0.5351 -0.6131
vn 0.4111 0.5274 -0.7435
vn 0.2128 0.5229 -0.8254
vn 0.0530 0.5292 -0.8469
vn -0.0530 0.5291 -0.8469
vn -0.2128 0.5228 -0.8255
vn -0.4110 0.5279 -0.7433
vn -0.5812 0.5350 -0.6131
vn -0.7119 0.5452 -0.4427
vn -0.7941 0.5562 -0.2451
vn -0.8147 0.5734 -0.0862
vn -0.8150 0.5791 0.0200
vn -0.7937 0.5811 0.1797
vn -0.7118 0.5923 0.3774
vn -0.5809 0.6022 0.5476
vn -0.4111 0.6094 0.6779
vn -0.2128 0.6143 0.7598
vn -0.0530 0.6230 0.7805
vn 0.2542 0.2374 0.9376
vn 0.0638 0.2392 0.9689
vn 0.4915 0.2325 0.8393
vn 0.6951 0.2232 0.6834
vn 0.8513 0.2114 0.4802
vn 0.9495 0.1979 0.2434
vn 0.9811 0.1862 0.0532
vn 0.9810 0.1791 -0.0741
vn 0.9495 0.1686 -0.2646
vn 0.8513 0.1550 -0.5012
vn 0.6949 0.1437 -0.7046
vn 0.4915 0.1345 -0.8604
vn 0.2545 0.1289 -0.9584
vn 0.0638 0.1267 -0.9899
vn -0.0638 0.1271 -0.9898
vn -0.2544 0.1290 -0.9585
vn -0.4914 0.1345 -0.8605
vn -0.6950 0.1437 -0.7045
vn -0.8514 0.1551 -0.5010
vn -0.9495 0.1687 -0.2645
vn -0.9809 0.1796 -0.0744
vn -0.9809 0.1870 0.0533
vn -0.9495 0.1978 0.2437
vn -0.8514 0.2116 0.4800
vn -0.6950 0.2238 0.6833
vn -0.4915 0.2322 0.8394
vn -0.2544 0.2376 0.9375
vn -0.0637 0.2391 0.9689
vn -0.0000 1.0000 0.0001
vt 0.972662 0.732328
vt 0.967722 0.740885
vt 0.961111 0.748226
vt 0.953120 0.754033
vt 0.944096 0.758050
vt 0.934435 0.760104
vt 0.924559 0.760104
vt 0.914898 0.758050
vt 0.905874 0.754033
vt 0.897883 0.748226
vt 0.891272 0.740885
vt 0.886332 0.732328
vt 0.883279 0.722931
vt 0.882246 0.713104
vt 0.883279 0.703276
vt 0.886332 0.693879
vt 0.891272 0.685323
vt 0.897883 0.677980
vt 0.905874 0.672175
vt 0.914898 0.668157
vt 0.924559 0.666104
vt 0.934435 0.666104
vt 0.944096 0.668157
vt 0.953120 0.672175
vt 0.961111 0.677981
vt 0.967722 0.685323
vt 0.972662 0.693879
vt 0.975715 0.703276
vt 0.976748 0.713104
vt 0.975715 0.722931
vt 0.864984 0.857866
vt 0.855323 0.855812
vt 0.846299 0.851795
vt 0.838308 0.845988
vt 0.831697 0.838646
vt 0.826757 0.830090
vt 0.823704 0.820692
vt 0.822671 0.810865
vt 0.823704 0.801038
vt 0.826757 0.791640
vt 0.831697 0.783084
vt 0.838308 0.775742
vt 0.846299 0.769936
vt 0.855323 0.765919
vt 0.864984 0.763865
vt 0.874860 0.763865
vt 0.884521 0.765919
vt 0.893544 0.769936
vt 0.901536 0.775742
vt 0.908147 0.783084
vt 0.913087 0.791640
vt 0.916140 0.801038
vt 0.917173 0.810865
vt 0.916140 0.820692
vt 0.913087 0.830090
vt 0.908147 0.838646
vt 0.901536 0.845988
vt 0.893544 0.851795
vt 0.884521 0.855812
vt 0.874860 0.857866
vt 0.617483 0.666129
vt 0.631706 0.662317
vt 0.646249 0.660014
vt 0.660952 0.659243
vt 0.675656 0.660014
vt 0.690199 0.662317
vt 0.704422 0.666128
vt 0.718168 0.671405
vt 0.731288 0.678090
vt 0.743638 0.686109
vt 0.755082 0.695377
vt 0.765495 0.705789
vt 0.774762 0.717234
vt 0.782783 0.729585
vt 0.789469 0.742707
vt 0.794747 0.756456
vt 0.798559 0.770683
vt 0.800863 0.785229
vt 0.801634 0.799938
vt 0.800863 0.814646
vt 0.798559 0.829193
vt 0.794748 0.843418
vt 0.789470 0.857168
vt 0.782784 0.870290
vt 0.774763 0.882641
vt 0.765495 0.894086
vt 0.755082 0.904499
vt 0.743638 0.913766
vt 0.731288 0.921786
vt 0.718168 0.928471
vt 0.704422 0.933747
vt 0.690199 0.937559
vt 0.675657 0.939862
vt 0.660953 0.940633
vt 0.646249 0.939862
vt 0.631706 0.937559
vt 0.617483 0.933747
vt 0.603737 0.928471
vt 0.590617 0.921786
vt 0.578268 0.913766
vt 0.566823 0.904499
vt 0.556411 0.894086
vt 0.547143 0.882641
vt 0.539122 0.870290
vt 0.532436 0.857168
vt 0.527158 0.843418
vt 0.523346 0.829193
vt 0.521042 0.814646
vt 0.520271 0.799938
vt 0.521042 0.785230
vt 0.523346 0.770683
vt 0.527158 0.756457
vt 0.532436 0.742708
vt 0.539122 0.729586
vt 0.547143 0.717235
vt 0.556410 0.705790
vt 0.566823 0.695377
vt 0.578267 0.686110
vt 0.590617 0.678090
vt 0.603737 0.671405
vt 0.635240 0.468571
vt 0.635071 0.468732
vt 0.635054 0.468748
vt 0.635036 0.468761
vt 0.635017 0.468772
vt 0.634996 0.468780
vt 0.634972 0.468786
vt 0.634944 0.468790
vt 0.634912 0.468791
vt 0.634460 0.468791
vt 0.634440 0.468788
vt 0.634421 0.468778
vt 0.634405 0.468763
vt 0.634395 0.468744
vt 0.634392 0.468721
vt 0.634400 0.468697
vt 0.634421 0.468671
vt 0.634637 0.468466
vt 0.634654 0.468451
vt 0.634673 0.468439
vt 0.634694 0.468429
vt 0.634716 0.468421
vt 0.634739 0.468416
vt 0.634764 0.468413
vt 0.634791 0.468412
vt 0.635185 0.468412
vt 0.635216 0.468416
vt 0.635243 0.468430
vt 0.635264 0.468450
vt 0.635276 0.468476
vt 0.635277 0.468505
vt 0.635266 0.468538
vt 0.629211 0.468958
vt 0.630682 0.468958
vt 0.630716 0.468961
vt 0.630745 0.468970
vt 0.630767 0.468986
vt 0.630782 0.469008
vt 0.630792 0.469036
vt 0.630795 0.469071
vt 0.630795 0.469272
vt 0.630792 0.469306
vt 0.630782 0.469335
vt 0.630767 0.469357
vt 0.630745 0.469372
vt 0.630716 0.469382
vt 0.630682 0.469385
vt 0.629211 0.469385
vt 0.627727 0.469385
vt 0.627693 0.469382
vt 0.627664 0.469372
vt 0.627642 0.469357
vt 0.627626 0.469335
vt 0.627617 0.469306
vt 0.627614 0.469272
vt 0.627614 0.469071
vt 0.627617 0.469036
vt 0.627626 0.469008
vt 0.627642 0.468986
vt 0.627664 0.468970
vt 0.627693 0.468961
vt 0.627727 0.468958
vt 0.629211 0.468383
vt 0.630052 0.468383
vt 0.630085 0.468384
vt 0.630110 0.468387
vt 0.630130 0.468392
vt 0.630146 0.468399
vt 0.630162 0.468410
vt 0.630179 0.468424
vt 0.630426 0.468665
vt 0.630444 0.468688
vt 0.630453 0.468714
vt 0.630454 0.468740
vt 0.630447 0.468764
vt 0.630432 0.468783
vt 0.630410 0.468797
vt 0.630381 0.468802
vt 0.629211 0.468802
vt 0.628028 0.468802
vt 0.627999 0.468797
vt 0.627977 0.468783
vt 0.627963 0.468764
vt 0.627955 0.468740
vt 0.627956 0.468714
vt 0.627965 0.468688
vt 0.627983 0.468665
vt 0.628231 0.468424
vt 0.628247 0.468410
vt 0.628263 0.468399
vt 0.628279 0.468392
vt 0.628299 0.468387
vt 0.628324 0.468384
vt 0.628357 0.468383
vt 0.630198 0.468443
vt 0.628211 0.468443
vt 0.629211 0.467792
vt 0.629615 0.467793
vt 0.629642 0.467794
vt 0.629664 0.467798
vt 0.629682 0.467805
vt 0.629698 0.467815
vt 0.629713 0.467831
vt 0.629728 0.467852
vt 0.629881 0.468073
vt 0.629894 0.468099
vt 0.629900 0.468126
vt 0.629899 0.468152
vt 0.629891 0.468175
vt 0.629876 0.468194
vt 0.629854 0.468206
vt 0.629825 0.468211
vt 0.629211 0.468211
vt 0.628583 0.468211
vt 0.628555 0.468206
vt 0.628533 0.468194
vt 0.628518 0.468175
vt 0.628510 0.468152
vt 0.628509 0.468126
vt 0.628515 0.468099
vt 0.628528 0.468073
vt 0.628681 0.467852
vt 0.628696 0.467831
vt 0.628711 0.467815
vt 0.628727 0.467805
vt 0.628745 0.467798
vt 0.628767 0.467794
vt 0.628794 0.467793
vt 0.629582 0.467792
vt 0.628827 0.467792
vt 0.630323 0.543081
vt 0.630323 0.463361
vt 0.677570 0.463361
vt 0.678640 0.463437
vt 0.679593 0.463666
vt 0.680412 0.464049
vt 0.681080 0.464587
vt 0.681579 0.465281
vt 0.681891 0.466131
vt 0.681998 0.467139
vt 0.681998 0.487491
vt 0.681902 0.489578
vt 0.681574 0.491132
vt 0.681045 0.492296
vt 0.680344 0.493209
vt 0.679499 0.494012
vt 0.678541 0.494845
vt 0.677498 0.495849
vt 0.672325 0.501312
vt 0.667996 0.506109
vt 0.663238 0.511932
vt 0.657510 0.519464
vt 0.653915 0.524461
vt 0.645017 0.538769
vt 0.643859 0.540168
vt 0.642640 0.541268
vt 0.641316 0.542091
vt 0.639844 0.542654
vt 0.638179 0.542978
vt 0.621766 0.542978
vt 0.620102 0.542654
vt 0.596708 0.511932
vt 0.591950 0.506109
vt 0.580446 0.494012
vt 0.579602 0.493209
vt 0.578901 0.492296
vt 0.581405 0.494845
vt 0.582448 0.495849
vt 0.578371 0.491132
vt 0.578044 0.489578
vt 0.577947 0.487491
vt 0.577947 0.467139
vt 0.578055 0.466131
vt 0.578367 0.465281
vt 0.578866 0.464587
vt 0.579533 0.464049
vt 0.587620 0.501312
vt 0.580352 0.463666
vt 0.581306 0.463437
vt 0.582375 0.463361
vt 0.648927 0.532485
vt 0.623667 0.543081
vt 0.602435 0.519464
vt 0.646156 0.537054
vt 0.618629 0.542091
vt 0.617305 0.541268
vt 0.616086 0.540168
vt 0.614929 0.538769
vt 0.606030 0.524461
vt 0.611019 0.532485
vt 0.613789 0.537054
vt 0.636450 0.468144
vt 0.636425 0.468164
vt 0.636400 0.468178
vt 0.636374 0.468188
vt 0.636347 0.468195
vt 0.636320 0.468199
vt 0.636293 0.468200
vt 0.636265 0.468201
vt 0.635050 0.468201
vt 0.635012 0.468195
vt 0.634983 0.468181
vt 0.634963 0.468160
vt 0.634951 0.468135
vt 0.634947 0.468109
vt 0.634951 0.468084
vt 0.634961 0.468062
vt 0.635102 0.467871
vt 0.635118 0.467852
vt 0.635134 0.467839
vt 0.635151 0.467830
vt 0.635168 0.467824
vt 0.635186 0.467820
vt 0.635206 0.467819
vt 0.635228 0.467818
vt 0.636593 0.467818
vt 0.636624 0.467825
vt 0.636646 0.467841
vt 0.636660 0.467865
vt 0.636666 0.467892
vt 0.636666 0.467920
vt 0.636658 0.467945
vt 0.636645 0.467964
vt 0.806692 0.929647
vt 0.793069 0.924528
vt 0.801480 0.916459
vt 0.834360 0.916951
vt 0.792201 0.925308
vt 0.802790 0.914801
vt 0.791316 0.925968
vt 0.803358 0.913190
vt 0.790371 0.926508
vt 0.803290 0.911704
vt 0.789321 0.926930
vt 0.802690 0.910417
vt 0.778832 0.939065
vt 0.788125 0.927233
vt 0.801664 0.909404
vt 0.852711 0.897973
vt 0.786737 0.927417
vt 0.800316 0.908741
vt 0.792022 0.897973
vt 0.861500 0.900842
vt 0.785114 0.927483
vt 0.798752 0.908503
vt 0.854085 0.897954
vt 0.762556 0.927483
vt 0.790102 0.897707
vt 0.779090 0.908503
vt 0.855452 0.897871
vt 0.751115 0.946815
vt 0.788651 0.896987
vt 0.856803 0.897685
vt 0.761538 0.927304
vt 0.787646 0.895942
vt 0.858132 0.897357
vt 0.760575 0.926813
vt 0.787062 0.894698
vt 0.859433 0.896848
vt 0.759781 0.926061
vt 0.770766 0.899333
vt 0.786874 0.893381
vt 0.860696 0.896119
vt 0.747809 0.920004
vt 0.759270 0.925098
vt 0.734837 0.928428
vt 0.777744 0.908559
vt 0.780500 0.887313
vt 0.861916 0.895132
vt 0.722590 0.953051
vt 0.721056 0.935450
vt 0.759154 0.923976
vt 0.776485 0.908720
vt 0.787058 0.892120
vt 0.871699 0.886154
vt 0.887779 0.881236
vt 0.706616 0.940993
vt 0.759548 0.922746
vt 0.775310 0.908989
vt 0.787589 0.891040
vt 0.872355 0.885188
vt 0.692311 0.957927
vt 0.691676 0.944996
vt 0.760565 0.921459
vt 0.774214 0.909372
vt 0.794626 0.881494
vt 0.788924 0.874341
vt 0.872712 0.883930
vt 0.676399 0.947415
vt 0.759829 0.910270
vt 0.773193 0.909870
vt 0.795407 0.880579
vt 0.872746 0.882541
vt 0.659327 0.961596
vt 0.660953 0.948225
vt 0.771362 0.911231
vt 0.772244 0.910489
vt 0.796205 0.879906
vt 0.872427 0.881181
vt 0.645507 0.947415
vt 0.797032 0.879438
vt 0.871728 0.880010
vt 0.622691 0.964214
vt 0.630230 0.944996
vt 0.797902 0.879138
vt 0.870624 0.879189
vt 0.615290 0.940993
vt 0.798827 0.878970
vt 0.875307 0.862450
vt 0.869085 0.878880
vt 0.583315 0.965913
vt 0.578826 0.954620
vt 0.799820 0.878896
vt 0.864537 0.862450
vt 0.885843 0.860210
vt 0.579298 0.953205
vt 0.578040 0.955721
vt 0.795946 0.860560
vt 0.800894 0.878880
vt 0.854001 0.860210
vt 0.912862 0.857601
vt 0.579455 0.951475
vt 0.576939 0.956508
vt 0.895682 0.855830
vt 0.600850 0.935450
vt 0.579455 0.941457
vt 0.575523 0.956979
vt 0.844162 0.855830
vt 0.904396 0.849499
vt 0.579298 0.939727
vt 0.573793 0.957137
vt 0.835448 0.849499
vt 0.911603 0.841494
vt 0.587069 0.928428
vt 0.542114 0.966825
vt 0.500350 0.967085
vt 0.500350 0.957137
vt 0.801489 0.846120
vt 0.828241 0.841494
vt 0.916988 0.832167
vt 0.578826 0.938312
vt 0.457886 0.966825
vt 0.426207 0.957137
vt 0.416685 0.965913
vt 0.822855 0.832167
vt 0.935861 0.828298
vt 0.578040 0.937211
vt 0.424477 0.956979
vt 0.805492 0.831180
vt 0.819527 0.821923
vt 0.920317 0.821923
vt 0.576939 0.936425
vt 0.423061 0.956508
vt 0.807912 0.815903
vt 0.818402 0.811211
vt 0.921443 0.811211
vt 0.574097 0.920004
vt 0.562377 0.923600
vt 0.421960 0.955721
vt 0.808721 0.800457
vt 0.819527 0.800500
vt 0.920317 0.800499
vt 0.561917 0.922316
vt 0.575523 0.935953
vt 0.562412 0.924894
vt 0.421174 0.954620
vt 0.822856 0.790256
vt 0.807912 0.785010
vt 0.955888 0.798105
vt 0.945418 0.762449
vt 0.561010 0.921150
vt 0.573793 0.935796
vt 0.562046 0.926090
vt 0.384710 0.940993
vt 0.377309 0.964214
vt 0.828241 0.780928
vt 0.805492 0.769733
vt 0.934883 0.764688
vt 0.916988 0.790256
vt 0.972055 0.770956
vt 0.562077 0.910270
vt 0.561301 0.927079
vt 0.369770 0.944996
vt 0.420702 0.953205
vt 0.835448 0.772924
vt 0.801489 0.754793
vt 0.924112 0.764688
vt 0.911603 0.780928
vt 0.955258 0.758068
vt 0.549625 0.910081
vt 0.560201 0.927753
vt 0.354493 0.947415
vt 0.340673 0.961596
vt 0.420545 0.951475
vt 0.844162 0.766593
vt 0.795946 0.740354
vt 0.913576 0.762449
vt 0.904396 0.772924
vt 0.963971 0.751737
vt 0.551140 0.899333
vt 0.547830 0.908422
vt 0.547052 0.907885
vt 0.546219 0.907510
vt 0.558768 0.928003
vt 0.339047 0.948225
vt 0.399150 0.935450
vt 0.420545 0.941457
vt 0.879103 0.724161
vt 0.854001 0.762212
vt 0.903737 0.758068
vt 0.895682 0.766593
vt 0.983476 0.749480
vt 0.534298 0.896690
vt 0.534706 0.895538
vt 0.548653 0.909146
vt 0.500350 0.935796
vt 0.500350 0.928003
vt 0.323601 0.947415
vt 0.307689 0.957927
vt 0.420702 0.939727
vt 0.788924 0.726572
vt 0.877977 0.713450
vt 0.882431 0.734405
vt 0.864537 0.759973
vt 0.895023 0.751737
vt 0.885843 0.762212
vt 0.971178 0.743733
vt 0.541406 0.887313
vt 0.534761 0.894251
vt 0.545226 0.907272
vt 0.533543 0.897621
vt 0.441232 0.928003
vt 0.426207 0.935796
vt 0.308324 0.944996
vt 0.412931 0.928428
vt 0.780500 0.713600
vt 0.879103 0.702738
vt 0.887816 0.743733
vt 0.875307 0.759973
vt 0.976564 0.734405
vt 0.534455 0.892916
vt 0.543971 0.907146
vt 0.532448 0.898244
vt 0.439799 0.927753
vt 0.293384 0.940993
vt 0.277410 0.953051
vt 0.421174 0.938312
vt 0.882431 0.692494
vt 0.770766 0.701580
vt 0.990771 0.732277
vt 0.979892 0.724161
vt 0.533781 0.891619
vt 0.542352 0.907108
vt 0.531021 0.898472
vt 0.438699 0.927079
vt 0.278944 0.935450
vt 0.421960 0.937211
vt 0.887816 0.683167
vt 0.845882 0.677033
vt 0.845882 0.667100
vt 0.981018 0.713450
vt 0.994563 0.717948
vt 0.526141 0.880551
vt 0.532982 0.874341
vt 0.500350 0.907108
vt 0.500350 0.898472
vt 0.437954 0.926090
vt 0.248886 0.946815
vt 0.265163 0.928428
vt 0.423061 0.936425
vt 0.747809 0.680910
vt 0.761272 0.667100
vt 0.761272 0.677033
vt 0.995474 0.705094
vt 0.979892 0.702738
vt 0.525396 0.879499
vt 0.468979 0.898472
vt 0.457648 0.907108
vt 0.424477 0.935953
vt 0.437588 0.924894
vt 0.240219 0.926061
vt 0.240730 0.925098
vt 0.252191 0.920004
vt 0.425903 0.920004
vt 0.437623 0.923600
vt 0.757450 0.519217
vt 0.757370 0.519956
vt 0.757051 0.520403
vt 0.756626 0.520709
vt 0.755891 0.520786
vt 0.685418 0.520786
vt 0.684682 0.520706
vt 0.684259 0.520403
vt 0.683941 0.519957
vt 0.683859 0.519216
vt 0.683859 0.507849
vt 0.683938 0.507109
vt 0.684257 0.506664
vt 0.684686 0.506359
vt 0.685419 0.506280
vt 0.755890 0.506281
vt 0.756623 0.506358
vt 0.757052 0.506663
vt 0.757370 0.507109
vt 0.757450 0.507849
vt 0.994126 0.692315
vt 0.976564 0.692494
vt 0.524661 0.878730
vt 0.456029 0.907146
vt 0.467552 0.898244
vt 0.239425 0.926813
vt 0.240846 0.923976
vt 0.438083 0.922316
vt 0.772158 0.641214
vt 0.734837 0.672486
vt 0.721055 0.665464
vt 0.883203 0.641214
vt 0.895023 0.675162
vt 0.990590 0.680180
vt 0.971178 0.683167
vt 0.523871 0.878200
vt 0.454774 0.907272
vt 0.466457 0.897621
vt 0.238462 0.927304
vt 0.240452 0.922746
vt 0.438990 0.921150
vt 0.701033 0.641214
vt 0.903737 0.668832
vt 0.984938 0.669259
vt 0.963971 0.675162
vt 0.522962 0.877863
vt 0.453781 0.907510
vt 0.465702 0.896690
vt 0.237445 0.927483
vt 0.239435 0.921459
vt 0.437923 0.910270
vt 0.706615 0.659921
vt 0.902268 0.641417
vt 0.913576 0.664451
vt 0.977239 0.660121
vt 0.955258 0.668832
vt 0.521868 0.877677
vt 0.525960 0.860560
vt 0.465293 0.895538
vt 0.448860 0.899333
vt 0.221168 0.939065
vt 0.240171 0.910270
vt 0.450375 0.910081
vt 0.691675 0.655918
vt 0.917604 0.642028
vt 0.924112 0.662211
vt 0.967566 0.653337
vt 0.520525 0.877596
vt 0.452948 0.907885
vt 0.452170 0.908422
vt 0.458594 0.887313
vt 0.465239 0.894251
vt 0.214886 0.927483
vt 0.228638 0.911231
vt 0.676399 0.653498
vt 0.930937 0.643249
vt 0.956342 0.648519
vt 0.945418 0.664451
vt 0.518868 0.877577
vt 0.451347 0.909146
vt 0.465545 0.892916
vt 0.213263 0.927417
vt 0.227756 0.910489
vt 0.229234 0.899333
vt 0.660952 0.652689
vt 0.943991 0.645285
vt 0.934883 0.662211
vt 0.500350 0.877577
vt 0.466219 0.891619
vt 0.211875 0.927233
vt 0.226807 0.909870
vt 0.638372 0.641214
vt 0.474040 0.860560
vt 0.520417 0.846120
vt 0.479583 0.846120
vt 0.479583 0.754794
vt 0.500350 0.729448
vt 0.520417 0.754794
vt 0.483586 0.769734
vt 0.516414 0.769734
vt 0.486006 0.785011
vt 0.513995 0.785011
vt 0.486815 0.800457
vt 0.513185 0.800457
vt 0.486006 0.815903
vt 0.513995 0.815903
vt 0.483586 0.831180
vt 0.516414 0.831180
vt 0.473859 0.880551
vt 0.467018 0.874341
vt 0.210679 0.926930
vt 0.193308 0.929647
vt 0.225786 0.909372
vt 0.645507 0.653498
vt 0.474604 0.879499
vt 0.209630 0.926508
vt 0.224690 0.908989
vt 0.630230 0.655918
vt 0.475339 0.878730
vt 0.208685 0.925968
vt 0.223515 0.908720
vt 0.615290 0.659921
vt 0.476129 0.878200
vt 0.207799 0.925308
vt 0.222256 0.908559
vt 0.600850 0.665464
vt 0.565687 0.641214
vt 0.477038 0.877863
vt 0.206931 0.924528
vt 0.220910 0.908503
vt 0.587069 0.672486
vt 0.552026 0.653505
vt 0.478132 0.877677
vt 0.198520 0.916459
vt 0.212939 0.894698
vt 0.213127 0.893381
vt 0.574097 0.680910
vt 0.552026 0.673858
vt 0.551918 0.652497
vt 0.479475 0.877596
vt 0.165640 0.916951
vt 0.212354 0.895942
vt 0.219500 0.887313
vt 0.551929 0.675944
vt 0.551606 0.651647
vt 0.508206 0.729344
vt 0.481132 0.877577
vt 0.197210 0.914801
vt 0.211349 0.896987
vt 0.212942 0.892120
vt 0.562077 0.690644
vt 0.551602 0.677498
vt 0.551107 0.650953
vt 0.493695 0.729448
vt 0.509871 0.729020
vt 0.196642 0.913190
vt 0.209898 0.897707
vt 0.212411 0.891040
vt 0.551072 0.678662
vt 0.550439 0.650415
vt 0.491794 0.729344
vt 0.511344 0.728457
vt 0.196710 0.911704
vt 0.201248 0.908503
vt 0.207978 0.897973
vt 0.205374 0.881494
vt 0.211076 0.874341
vt 0.550371 0.679575
vt 0.549620 0.650032
vt 0.490129 0.729020
vt 0.525960 0.740354
vt 0.197310 0.910417
vt 0.199684 0.908741
vt 0.204593 0.880579
vt 0.549526 0.680378
vt 0.548667 0.649803
vt 0.488656 0.728457
vt 0.512667 0.727635
vt 0.198336 0.909404
vt 0.147290 0.897973
vt 0.203795 0.879906
vt 0.548568 0.681211
vt 0.547597 0.649727
vt 0.474040 0.740354
vt 0.513886 0.726534
vt 0.138500 0.900842
vt 0.202968 0.879438
vt 0.547525 0.682216
vt 0.500350 0.649727
vt 0.500350 0.641214
vt 0.487333 0.727635
vt 0.515044 0.725136
vt 0.145915 0.897954
vt 0.202099 0.879138
vt 0.551140 0.701581
vt 0.542352 0.687679
vt 0.452403 0.649727
vt 0.434313 0.641214
vt 0.486114 0.726534
vt 0.516184 0.723421
vt 0.144549 0.897871
vt 0.201174 0.878970
vt 0.538023 0.692475
vt 0.451333 0.649803
vt 0.484956 0.725136
vt 0.518954 0.718852
vt 0.532982 0.726573
vt 0.143197 0.897685
vt 0.200180 0.878896
vt 0.533265 0.698298
vt 0.450380 0.650032
vt 0.483817 0.723421
vt 0.523942 0.710827
vt 0.541406 0.713601
vt 0.141868 0.897357
vt 0.199106 0.878880
vt 0.204054 0.860560
vt 0.527538 0.705831
vt 0.449561 0.650415
vt 0.467018 0.726573
vt 0.481046 0.718852
vt 0.140568 0.896848
vt 0.145999 0.860210
vt 0.130915 0.878880
vt 0.448893 0.650953
vt 0.476058 0.710827
vt 0.458594 0.713601
vt 0.139304 0.896119
vt 0.135464 0.862450
vt 0.155839 0.855830
vt 0.448394 0.651647
vt 0.472463 0.705831
vt 0.138084 0.895132
vt 0.124693 0.862450
vt 0.164552 0.849499
vt 0.448082 0.652497
vt 0.466735 0.698298
vt 0.448860 0.701581
vt 0.128301 0.886154
vt 0.112221 0.881236
vt 0.129377 0.879189
vt 0.171759 0.841494
vt 0.198511 0.846120
vt 0.447974 0.653505
vt 0.461977 0.692475
vt 0.127645 0.885188
vt 0.114157 0.860210
vt 0.128272 0.880010
vt 0.177145 0.832167
vt 0.412931 0.672486
vt 0.399150 0.665464
vt 0.457648 0.687679
vt 0.127288 0.883930
vt 0.087138 0.857601
vt 0.127574 0.881181
vt 0.180473 0.821923
vt 0.194508 0.831180
vt 0.384710 0.659921
vt 0.361628 0.641214
vt 0.447974 0.673858
vt 0.425903 0.680910
vt 0.452475 0.682216
vt 0.437923 0.690644
vt 0.127255 0.882541
vt 0.104318 0.855830
vt 0.181599 0.811211
vt 0.192089 0.815903
vt 0.369770 0.655918
vt 0.448071 0.675944
vt 0.451432 0.681211
vt 0.095604 0.849499
vt 0.180473 0.800500
vt 0.191279 0.800457
vt 0.354493 0.653498
vt 0.448399 0.677498
vt 0.450474 0.680378
vt 0.088397 0.841494
vt 0.177145 0.790256
vt 0.192089 0.785010
vt 0.339047 0.652689
vt 0.448928 0.678662
vt 0.449629 0.679575
vt 0.083012 0.832167
vt 0.171759 0.780928
vt 0.194508 0.769733
vt 0.298967 0.641214
vt 0.064140 0.828298
vt 0.164552 0.772924
vt 0.198511 0.754793
vt 0.323601 0.653498
vt 0.079683 0.821923
vt 0.155839 0.766593
vt 0.204055 0.740354
vt 0.308325 0.655918
vt 0.078557 0.811211
vt 0.145999 0.762212
vt 0.120898 0.724161
vt 0.293385 0.659921
vt 0.079683 0.800499
vt 0.122024 0.713450
vt 0.211076 0.726572
vt 0.135464 0.759973
vt 0.117569 0.734405
vt 0.278945 0.665464
vt 0.044112 0.798105
vt 0.054582 0.762449
vt 0.120898 0.702738
vt 0.219501 0.713600
vt 0.124693 0.759973
vt 0.112184 0.743733
vt 0.227842 0.641214
vt 0.027945 0.770956
vt 0.065118 0.764688
vt 0.083012 0.790256
vt 0.117569 0.692494
vt 0.229234 0.701580
vt 0.114157 0.762212
vt 0.104977 0.751737
vt 0.265164 0.672486
vt 0.044743 0.758068
vt 0.075888 0.764688
vt 0.088397 0.780928
vt 0.104318 0.766593
vt 0.096263 0.758068
vt 0.237642 0.676867
vt 0.237642 0.666934
vt 0.252192 0.680910
vt 0.036029 0.751737
vt 0.086424 0.762449
vt 0.095604 0.772924
vt 0.016524 0.749480
vt 0.028822 0.743733
vt 0.116797 0.641214
vt 0.112184 0.683167
vt 0.104977 0.675162
vt 0.023436 0.734405
vt 0.096263 0.668832
vt 0.009229 0.732277
vt 0.020108 0.724161
vt 0.086424 0.664451
vt 0.097732 0.641417
vt 0.005437 0.717948
vt 0.018982 0.713450
vt 0.075888 0.662211
vt 0.082396 0.642028
vt 0.004526 0.705094
vt 0.020108 0.702738
vt 0.069063 0.643249
vt 0.005874 0.692315
vt 0.023436 0.692494
vt 0.065118 0.662211
vt 0.056010 0.645285
vt 0.009410 0.680180
vt 0.028822 0.683167
vt 0.054582 0.664451
vt 0.043658 0.648519
vt 0.015062 0.669259
vt 0.036029 0.675162
vt 0.044743 0.668832
vt 0.032434 0.653337
vt 0.022761 0.660121
vt 0.772894 0.543586
vt 0.772814 0.544329
vt 0.772495 0.544773
vt 0.772071 0.545078
vt 0.771335 0.545156
vt 0.684914 0.545156
vt 0.684178 0.545079
vt 0.683754 0.544773
vt 0.683436 0.544328
vt 0.683355 0.543587
vt 0.683355 0.532220
vt 0.683435 0.531480
vt 0.683752 0.531034
vt 0.684181 0.530730
vt 0.684915 0.530651
vt 0.771335 0.530652
vt 0.772067 0.530730
vt 0.772496 0.531034
vt 0.772814 0.531480
vt 0.772894 0.532220
vt 0.803358 0.913018
vt 0.803290 0.911531
vt 0.802690 0.910244
vt 0.802790 0.914628
vt 0.801664 0.909231
vt 0.801479 0.916286
vt 0.800316 0.908568
vt 0.793069 0.924355
vt 0.798752 0.908330
vt 0.792201 0.925134
vt 0.779090 0.908330
vt 0.791316 0.925794
vt 0.777744 0.908386
vt 0.790371 0.926335
vt 0.776485 0.908547
vt 0.789321 0.926757
vt 0.775310 0.908817
vt 0.788125 0.927060
vt 0.774214 0.909199
vt 0.786737 0.927244
vt 0.773193 0.909697
vt 0.785114 0.927310
vt 0.772244 0.910316
vt 0.762556 0.927310
vt 0.771362 0.911058
vt 0.761538 0.927131
vt 0.760565 0.921286
vt 0.760575 0.926640
vt 0.759548 0.922573
vt 0.759781 0.925888
vt 0.759154 0.923803
vt 0.759270 0.924925
vt 0.500350 0.956964
vt 0.573793 0.956964
vt 0.575523 0.956806
vt 0.426207 0.956964
vt 0.576939 0.956334
vt 0.424477 0.956806
vt 0.578040 0.955548
vt 0.423061 0.956334
vt 0.578826 0.954448
vt 0.421960 0.955548
vt 0.579298 0.953032
vt 0.421174 0.954448
vt 0.579455 0.951302
vt 0.420702 0.953032
vt 0.579455 0.941284
vt 0.420545 0.951302
vt 0.579298 0.939554
vt 0.420545 0.941284
vt 0.578826 0.938139
vt 0.420702 0.939554
vt 0.578040 0.937038
vt 0.421174 0.938139
vt 0.576939 0.936252
vt 0.421960 0.937038
vt 0.575523 0.935780
vt 0.423061 0.936252
vt 0.573793 0.935623
vt 0.424477 0.935780
vt 0.500350 0.935623
vt 0.426207 0.935623
vt 0.500350 0.927829
vt 0.558768 0.927829
vt 0.560201 0.927580
vt 0.441232 0.927829
vt 0.561301 0.926906
vt 0.439799 0.927580
vt 0.562046 0.925917
vt 0.438699 0.926906
vt 0.562412 0.924721
vt 0.437954 0.925917
vt 0.562377 0.923427
vt 0.437588 0.924721
vt 0.561918 0.922143
vt 0.437623 0.923427
vt 0.561010 0.920977
vt 0.438082 0.922143
vt 0.549625 0.909908
vt 0.438990 0.920977
vt 0.548653 0.908973
vt 0.450375 0.909908
vt 0.547830 0.908249
vt 0.451347 0.908973
vt 0.547053 0.907712
vt 0.452170 0.908249
vt 0.546219 0.907336
vt 0.452947 0.907712
vt 0.545226 0.907098
vt 0.453781 0.907336
vt 0.543971 0.906973
vt 0.454774 0.907098
vt 0.542352 0.906935
vt 0.456029 0.906973
vt 0.500350 0.906935
vt 0.457648 0.906935
vt 0.500350 0.898299
vt 0.531021 0.898299
vt 0.532448 0.898071
vt 0.468979 0.898299
vt 0.533543 0.897448
vt 0.467552 0.898071
vt 0.534298 0.896517
vt 0.466457 0.897448
vt 0.534707 0.895365
vt 0.465702 0.896517
vt 0.534761 0.894078
vt 0.465293 0.895365
vt 0.534455 0.892743
vt 0.465239 0.894078
vt 0.533781 0.891446
vt 0.465545 0.892743
vt 0.526141 0.880378
vt 0.466219 0.891446
vt 0.525396 0.879326
vt 0.473859 0.880378
vt 0.524661 0.878557
vt 0.474604 0.879326
vt 0.523871 0.878027
vt 0.475339 0.878557
vt 0.522962 0.877690
vt 0.476128 0.878027
vt 0.521868 0.877504
vt 0.477038 0.877690
vt 0.520525 0.877423
vt 0.478132 0.877504
vt 0.518868 0.877404
vt 0.479475 0.877423
vt 0.500350 0.877404
vt 0.481132 0.877404
vt 0.547597 0.649554
vt 0.500350 0.649554
vt 0.452403 0.649554
vt 0.548667 0.649630
vt 0.451333 0.649630
vt 0.549620 0.649859
vt 0.450380 0.649859
vt 0.550440 0.650242
vt 0.449561 0.650242
vt 0.551107 0.650780
vt 0.448893 0.650780
vt 0.551606 0.651474
vt 0.448394 0.651474
vt 0.551918 0.652324
vt 0.448082 0.652324
vt 0.552026 0.653332
vt 0.447974 0.653332
vt 0.552026 0.673684
vt 0.447974 0.673684
vt 0.551929 0.675771
vt 0.448071 0.675771
vt 0.551602 0.677325
vt 0.448399 0.677325
vt 0.551072 0.678489
vt 0.448928 0.678489
vt 0.550371 0.679402
vt 0.449629 0.679402
vt 0.549527 0.680205
vt 0.450474 0.680205
vt 0.548568 0.681038
vt 0.451432 0.681038
vt 0.547525 0.682042
vt 0.452475 0.682042
vt 0.542353 0.687505
vt 0.457648 0.687505
vt 0.538023 0.692302
vt 0.461977 0.692302
vt 0.533265 0.698125
vt 0.466735 0.698125
vt 0.527538 0.705658
vt 0.472462 0.705658
vt 0.523942 0.710654
vt 0.476058 0.710654
vt 0.518954 0.718678
vt 0.481046 0.718678
vt 0.516184 0.723247
vt 0.483816 0.723247
vt 0.515044 0.724963
vt 0.484956 0.724963
vt 0.513886 0.726361
vt 0.486114 0.726361
vt 0.512668 0.727462
vt 0.487332 0.727462
vt 0.511344 0.728284
vt 0.488656 0.728284
vt 0.509871 0.728847
vt 0.490129 0.728847
vt 0.508206 0.729171
vt 0.491794 0.729171
vt 0.500350 0.729275
vt 0.493695 0.729275
vt 0.872746 0.882368
vt 0.872426 0.881007
vt 0.871728 0.879837
vt 0.872712 0.883757
vt 0.870624 0.879016
vt 0.872355 0.885015
vt 0.869085 0.878707
vt 0.871699 0.885980
vt 0.800894 0.878707
vt 0.861916 0.894959
vt 0.799820 0.878723
vt 0.860696 0.895947
vt 0.798827 0.878797
vt 0.859432 0.896676
vt 0.797902 0.878965
vt 0.858132 0.897184
vt 0.797032 0.879265
vt 0.856803 0.897512
vt 0.796205 0.879733
vt 0.855452 0.897698
vt 0.795407 0.880406
vt 0.854085 0.897781
vt 0.794626 0.881321
vt 0.852710 0.897800
vt 0.787589 0.890868
vt 0.792022 0.897800
vt 0.787058 0.891947
vt 0.790102 0.897534
vt 0.786874 0.893208
vt 0.788651 0.896814
vt 0.787062 0.894525
vt 0.787646 0.895769
vt 0.056816 0.973160
vt 0.055343 0.973055
vt 0.055351 0.973051
vt 0.055349 0.973052
vt 0.055345 0.973054
vt 0.056381 0.973164
vt 0.056381 0.973165
vt 0.056128 0.972609
vt 0.056172 0.972611
vt 0.055857 0.972966
vt 0.055905 0.972964
vt 0.055807 0.973095
vt 0.056237 0.972465
vt 0.056280 0.972469
vt 0.055737 0.973125
vt 0.056270 0.972421
vt 0.056313 0.972426
vt 0.055706 0.973166
vt 0.055756 0.973161
vt 0.057154 0.973816
vt 0.023252 0.713104
vt 0.024285 0.703276
vt 0.027338 0.693879
vt 0.032278 0.685323
vt 0.038889 0.677981
vt 0.046880 0.672175
vt 0.055904 0.668157
vt 0.065565 0.666104
vt 0.075441 0.666104
vt 0.085102 0.668157
vt 0.094126 0.672175
vt 0.102117 0.677980
vt 0.108728 0.685323
vt 0.113668 0.693879
vt 0.116721 0.703276
vt 0.117754 0.713104
vt 0.116721 0.722931
vt 0.113668 0.732328
vt 0.108728 0.740885
vt 0.102117 0.748226
vt 0.094126 0.754033
vt 0.085102 0.758050
vt 0.075441 0.760104
vt 0.065565 0.760104
vt 0.055904 0.758050
vt 0.046880 0.754033
vt 0.038889 0.748226
vt 0.032278 0.740885
vt 0.027338 0.732328
vt 0.024285 0.722931
vt 0.115479 0.855812
vt 0.106456 0.851795
vt 0.098464 0.845988
vt 0.091853 0.838646
vt 0.086913 0.830090
vt 0.083860 0.820692
vt 0.082827 0.810865
vt 0.083860 0.801038
vt 0.086913 0.791640
vt 0.091854 0.783084
vt 0.098464 0.775742
vt 0.106456 0.769936
vt 0.115479 0.765919
vt 0.125140 0.763865
vt 0.135017 0.763865
vt 0.144677 0.765919
vt 0.153701 0.769936
vt 0.161692 0.775742
vt 0.168303 0.783084
vt 0.173243 0.791640
vt 0.176297 0.801038
vt 0.177329 0.810865
vt 0.176297 0.820692
vt 0.173243 0.830090
vt 0.168303 0.838646
vt 0.161692 0.845988
vt 0.153701 0.851795
vt 0.144677 0.855812
vt 0.135017 0.857866
vt 0.125140 0.857866
vt 0.409383 0.678090
vt 0.421733 0.686110
vt 0.433177 0.695377
vt 0.443590 0.705790
vt 0.452857 0.717235
vt 0.460878 0.729586
vt 0.467564 0.742708
vt 0.472842 0.756457
vt 0.476654 0.770683
vt 0.478958 0.785230
vt 0.479729 0.799938
vt 0.478958 0.814646
vt 0.476654 0.829193
vt 0.472842 0.843418
vt 0.467564 0.857168
vt 0.460878 0.870290
vt 0.452857 0.882641
vt 0.443590 0.894086
vt 0.433177 0.904499
vt 0.421733 0.913766
vt 0.409383 0.921786
vt 0.396263 0.928471
vt 0.382517 0.933747
vt 0.368294 0.937559
vt 0.353751 0.939862
vt 0.339047 0.940633
vt 0.324344 0.939862
vt 0.309801 0.937559
vt 0.295578 0.933747
vt 0.281832 0.928471
vt 0.268712 0.921786
vt 0.256362 0.913766
vt 0.244918 0.904499
vt 0.234505 0.894086
vt 0.225237 0.882641
vt 0.217217 0.870290
vt 0.210531 0.857168
vt 0.205252 0.843418
vt 0.201441 0.829193
vt 0.199137 0.814646
vt 0.198366 0.799938
vt 0.199137 0.785229
vt 0.201441 0.770683
vt 0.205253 0.756456
vt 0.210531 0.742707
vt 0.217217 0.729585
vt 0.225238 0.717234
vt 0.234505 0.705789
vt 0.244918 0.695377
vt 0.256362 0.686109
vt 0.268712 0.678090
vt 0.281832 0.671405
vt 0.295579 0.666128
vt 0.309801 0.662317
vt 0.324344 0.660014
vt 0.339048 0.659243
vt 0.353752 0.660014
vt 0.368294 0.662317
vt 0.382517 0.666129
vt 0.396263 0.671405
vt 0.623132 0.468505
vt 0.623133 0.468476
vt 0.623145 0.468450
vt 0.623166 0.468430
vt 0.623193 0.468416
vt 0.623224 0.468412
vt 0.623618 0.468412
vt 0.623644 0.468413
vt 0.623670 0.468416
vt 0.623693 0.468421
vt 0.623715 0.468429
vt 0.623736 0.468439
vt 0.623755 0.468451
vt 0.623772 0.468466
vt 0.623988 0.468671
vt 0.624009 0.468697
vt 0.624017 0.468721
vt 0.624014 0.468744
vt 0.624004 0.468763
vt 0.623988 0.468778
vt 0.623969 0.468788
vt 0.623949 0.468791
vt 0.623497 0.468791
vt 0.623465 0.468790
vt 0.623437 0.468786
vt 0.623413 0.468780
vt 0.623392 0.468772
vt 0.623373 0.468761
vt 0.623355 0.468748
vt 0.623338 0.468732
vt 0.623169 0.468571
vt 0.623143 0.468538
vt 0.621960 0.468144
vt 0.621764 0.467964
vt 0.621751 0.467945
vt 0.621743 0.467920
vt 0.621743 0.467892
vt 0.621749 0.467865
vt 0.621763 0.467841
vt 0.621785 0.467825
vt 0.621816 0.467818
vt 0.623181 0.467818
vt 0.623203 0.467819
vt 0.623222 0.467820
vt 0.623241 0.467824
vt 0.623258 0.467830
vt 0.623275 0.467839
vt 0.623291 0.467852
vt 0.623307 0.467871
vt 0.623447 0.468062
vt 0.623458 0.468084
vt 0.623462 0.468109
vt 0.623458 0.468135
vt 0.623446 0.468160
vt 0.623426 0.468181
vt 0.623397 0.468195
vt 0.623359 0.468201
vt 0.622116 0.468200
vt 0.622089 0.468199
vt 0.622062 0.468195
vt 0.622035 0.468188
vt 0.622009 0.468178
vt 0.621984 0.468164
vt 0.622144 0.468201
vt 0.196710 0.911531
vt 0.196642 0.913018
vt 0.197310 0.910244
vt 0.197210 0.914628
vt 0.198336 0.909231
vt 0.198521 0.916286
vt 0.199684 0.908568
vt 0.206931 0.924355
vt 0.201248 0.908330
vt 0.207799 0.925134
vt 0.220910 0.908330
vt 0.208685 0.925794
vt 0.222256 0.908386
vt 0.209630 0.926335
vt 0.223515 0.908547
vt 0.210679 0.926757
vt 0.224690 0.908817
vt 0.211875 0.927060
vt 0.225786 0.909199
vt 0.213263 0.927244
vt 0.226807 0.909697
vt 0.214887 0.927310
vt 0.227756 0.910316
vt 0.237445 0.927310
vt 0.228638 0.911058
vt 0.238462 0.927131
vt 0.239435 0.921286
vt 0.239425 0.926640
vt 0.240452 0.922573
vt 0.240219 0.925888
vt 0.240846 0.923803
vt 0.240730 0.924925
vt 0.127574 0.881007
vt 0.127255 0.882368
vt 0.128272 0.879837
vt 0.127288 0.883757
vt 0.129377 0.879016
vt 0.127646 0.885015
vt 0.130915 0.878707
vt 0.128301 0.885980
vt 0.199106 0.878707
vt 0.138084 0.894959
vt 0.200180 0.878723
vt 0.139304 0.895947
vt 0.201174 0.878797
vt 0.140568 0.896676
vt 0.202099 0.878965
vt 0.141868 0.897184
vt 0.202968 0.879265
vt 0.143197 0.897512
vt 0.203795 0.879733
vt 0.144549 0.897698
vt 0.204593 0.880406
vt 0.145915 0.897781
vt 0.205374 0.881321
vt 0.147290 0.897800
vt 0.212411 0.890868
vt 0.207979 0.897800
vt 0.212942 0.891947
vt 0.209899 0.897534
vt 0.213127 0.893208
vt 0.211349 0.896814
vt 0.212939 0.894525
vt 0.212354 0.895769
vt 0.055094 0.971970
vt 0.055100 0.971971
vt 0.055094 0.971967
vt 0.055100 0.971968
vt 0.055095 0.971965
vt 0.055101 0.971965
vt 0.055098 0.971949
vt 0.055104 0.971949
vt 0.055098 0.971946
vt 0.055104 0.971946
vt 0.055099 0.971944
vt 0.055105 0.971944
vt 0.055099 0.971941
vt 0.055106 0.971941
vt 0.055099 0.971940
vt 0.055106 0.971940
vt 0.766678 0.684601
vt 0.769057 0.684818
vt 0.759829 0.690643
vt 0.764732 0.683953
vt 0.763218 0.682872
vt 0.762137 0.681358
vt 0.761488 0.679412
vt 0.761488 0.664721
vt 0.763218 0.661262
vt 0.762137 0.662775
vt 0.842838 0.641214
vt 0.838097 0.659316
vt 0.769057 0.659315
vt 0.766678 0.659531
vt 0.764732 0.660181
vt 0.840475 0.659531
vt 0.842421 0.660181
vt 0.843935 0.661262
vt 0.845016 0.662775
vt 0.845665 0.664721
vt 0.845665 0.679412
vt 0.845016 0.681358
vt 0.843935 0.682872
vt 0.842421 0.683953
vt 0.840475 0.684601
vt 0.838097 0.684818
vt 0.240171 0.690643
vt 0.234183 0.683787
vt 0.235696 0.682706
vt 0.232236 0.684435
vt 0.229858 0.684652
vt 0.137085 0.666934
vt 0.236777 0.681192
vt 0.237426 0.679245
vt 0.232236 0.659366
vt 0.229858 0.659150
vt 0.234183 0.660014
vt 0.235696 0.661096
vt 0.237426 0.664555
vt 0.236777 0.662609
vt 0.157162 0.641214
vt 0.144870 0.659149
vt 0.142491 0.659366
vt 0.140545 0.660014
vt 0.139031 0.661096
vt 0.137950 0.662609
vt 0.137301 0.664555
vt 0.137085 0.676867
vt 0.144870 0.684652
vt 0.137301 0.679245
vt 0.137950 0.681192
vt 0.139031 0.682706
vt 0.140545 0.683787
vt 0.142491 0.684435
vt 0.840372 0.666037
vt 0.840372 0.677405
vt 0.840292 0.678144
vt 0.839973 0.678591
vt 0.839549 0.678896
vt 0.838813 0.678974
vt 0.768340 0.678974
vt 0.767605 0.678894
vt 0.767181 0.678591
vt 0.766863 0.678144
vt 0.766781 0.677404
vt 0.766781 0.666036
vt 0.766860 0.665297
vt 0.767179 0.664852
vt 0.767608 0.664547
vt 0.768341 0.664468
vt 0.838813 0.664469
vt 0.839545 0.664546
vt 0.839975 0.664851
vt 0.840292 0.665297
vt 0.232133 0.665871
vt 0.232133 0.677237
vt 0.232053 0.677980
vt 0.231734 0.678424
vt 0.231310 0.678729
vt 0.230574 0.678807
vt 0.144153 0.678806
vt 0.143418 0.678729
vt 0.142993 0.678423
vt 0.142676 0.677979
vt 0.142594 0.677238
vt 0.142594 0.665871
vt 0.142674 0.665131
vt 0.142991 0.664685
vt 0.143420 0.664380
vt 0.144154 0.664302
vt 0.230574 0.664302
vt 0.231306 0.664381
vt 0.231735 0.664685
vt 0.232053 0.665131
vt 0.959011 0.977354
vt 0.963190 0.977354
vt 0.962354 0.977354
vt 0.964025 0.977354
vt 0.964861 0.977354
vt 0.952325 0.977354
vt 0.951490 0.977354
vt 0.953161 0.977354
vt 0.953997 0.977354
vt 0.954833 0.977354
vt 0.955668 0.977354
vt 0.956504 0.977354
vt 0.957340 0.977354
vt 0.958175 0.977354
vt 0.959847 0.977354
vt 0.960683 0.977354
vt 0.961518 0.977354
vt 0.963190 0.981811
vt 0.962354 0.981811
vt 0.964025 0.981811
vt 0.964861 0.981811
vt 0.952325 0.981811
vt 0.951490 0.981811
vt 0.953161 0.981811
vt 0.953997 0.981811
vt 0.954833 0.981811
vt 0.955668 0.981811
vt 0.956504 0.981811
vt 0.957340 0.981811
vt 0.958175 0.981811
vt 0.959011 0.981811
vt 0.959847 0.981811
vt 0.960683 0.981811
vt 0.961518 0.981811
vt 0.963190 0.986268
vt 0.962354 0.986268
vt 0.964025 0.986268
vt 0.964861 0.986268
vt 0.952325 0.986268
vt 0.951490 0.986268
vt 0.953161 0.986268
vt 0.953997 0.986268
vt 0.954833 0.986268
vt 0.955668 0.986268
vt 0.956504 0.986268
vt 0.957340 0.986268
vt 0.958175 0.986268
vt 0.959011 0.986268
vt 0.959847 0.986268
vt 0.960683 0.986268
vt 0.961518 0.986268
vt 0.963190 0.990725
vt 0.962354 0.990725
vt 0.964025 0.990725
vt 0.964861 0.990725
vt 0.952325 0.990725
vt 0.951490 0.990725
vt 0.953161 0.990725
vt 0.953997 0.990725
vt 0.954833 0.990725
vt 0.955668 0.990725
vt 0.956504 0.990725
vt 0.957340 0.990725
vt 0.958175 0.990725
vt 0.959011 0.990725
vt 0.959847 0.990725
vt 0.960683 0.990725
vt 0.961518 0.990725
vt 0.986454 0.016626
vt 0.986366 0.056734
vt 0.931361 0.056714
vt 0.931345 0.016626
vt 0.938065 0.065078
vt 0.934720 0.064664
vt 0.931533 0.063384
vt 0.928772 0.061297
vt 0.926703 0.058526
vt 0.925436 0.055370
vt 0.924988 0.051940
vt 0.924880 0.021502
vt 0.925332 0.018064
vt 0.926660 0.014859
vt 0.928771 0.012108
vt 0.931523 0.009997
vt 0.934727 0.008669
vt 0.938165 0.008217
vt 0.979634 0.008217
vt 0.983072 0.008669
vt 0.986277 0.009997
vt 0.989028 0.012108
vt 0.991139 0.014859
vt 0.992467 0.018064
vt 0.992919 0.021502
vt 0.992809 0.052019
vt 0.992367 0.055342
vt 0.991095 0.058517
vt 0.989011 0.061290
vt 0.986252 0.063357
vt 0.983087 0.064623
vt 0.979704 0.065056
vt 0.933961 0.067573
vt 0.938166 0.068125
vt 0.930040 0.065952
vt 0.926672 0.063373
vt 0.924083 0.060010
vt 0.922453 0.056089
vt 0.921918 0.051859
vt 0.921894 0.021502
vt 0.922448 0.017291
vt 0.924074 0.013366
vt 0.926660 0.009997
vt 0.930030 0.007411
vt 0.933954 0.005785
vt 0.938165 0.005231
vt 0.979634 0.005231
vt 0.983845 0.005785
vt 0.987769 0.007411
vt 0.991139 0.009997
vt 0.993725 0.013366
vt 0.995351 0.017291
vt 0.995905 0.021502
vt 0.995879 0.051879
vt 0.995342 0.056088
vt 0.993712 0.060007
vt 0.991125 0.063371
vt 0.987758 0.065950
vt 0.983838 0.067571
vt 0.979634 0.068125
vt 0.933434 0.069401
vt 0.938119 0.070008
vt 0.929065 0.067606
vt 0.925309 0.064729
vt 0.922428 0.060968
vt 0.920622 0.056580
vt 0.920037 0.051859
vt 0.920017 0.021502
vt 0.920635 0.016805
vt 0.922448 0.012428
vt 0.925332 0.008669
vt 0.929091 0.005785
vt 0.933468 0.003972
vt 0.938165 0.003354
vt 0.979634 0.003354
vt 0.984331 0.003972
vt 0.988708 0.005785
vt 0.992467 0.008669
vt 0.995351 0.012428
vt 0.997164 0.016805
vt 0.997782 0.021502
vt 0.997757 0.051867
vt 0.997169 0.056569
vt 0.995371 0.060948
vt 0.992504 0.064709
vt 0.988760 0.067594
vt 0.984395 0.069403
vt 0.979695 0.070012
vt 0.932593 0.070783
vt 0.937573 0.071430
vt 0.927988 0.068860
vt 0.924048 0.065799
vt 0.921040 0.061814
vt 0.919160 0.057181
vt 0.918526 0.052209
vt 0.918478 0.021165
vt 0.919133 0.016192
vt 0.921053 0.011557
vt 0.924106 0.007577
vt 0.928086 0.004524
vt 0.932721 0.002604
vt 0.937694 0.001949
vt 0.980105 0.001949
vt 0.985079 0.002604
vt 0.989713 0.004524
vt 0.993693 0.007577
vt 0.996747 0.011557
vt 0.998666 0.016192
vt 0.999321 0.021165
vt 0.999326 0.052213
vt 0.998737 0.057224
vt 0.996826 0.061890
vt 0.993770 0.065882
vt 0.989785 0.068920
vt 0.985154 0.070800
vt 0.980200 0.071421
vt 0.896052 0.773986
vt 0.897004 0.774939
vt 0.897625 0.776436
vt 0.897625 0.790615
vt 0.897004 0.792112
vt 0.896052 0.793064
vt 0.894555 0.793684
vt 0.880376 0.793684
vt 0.878879 0.793064
vt 0.877926 0.792112
vt 0.877306 0.790615
vt 0.877306 0.776436
vt 0.877926 0.774939
vt 0.878879 0.773986
vt 0.880376 0.773366
vt 0.894555 0.773366
s 1
usemtl nsx_cpit_main
f 1/1/1 2/2/2 3/3/1
f 3/3/1 4/4/3 5/5/4
f 5/5/4 6/6/5 7/7/5
f 3/3/1 5/5/4 7/7/5
f 7/7/5 8/8/6 9/9/7
f 9/9/7 10/10/8 11/11/3
f 7/7/5 9/9/7 11/11/3
f 3/3/1 7/7/5 11/11/3
f 11/11/3 12/12/6 13/13/9
f 13/13/9 14/14/10 15/15/5
f 11/11/3 13/13/9 15/15/5
f 15/15/5 16/16/11 17/17/1
f 17/17/1 18/18/12 19/19/5
f 15/15/5 17/17/1 19/19/5
f 11/11/3 15/15/5 19/19/5
f 19/19/5 20/20/13 21/21/11
f 21/21/11 22/22/14 23/23/9
f 19/19/5 21/21/11 23/23/9
f 23/23/9 24/24/15 25/25/16
f 25/25/16 26/26/17 27/27/5
f 23/23/9 25/25/16 27/27/5
f 19/19/5 23/23/9 27/27/5
f 11/11/3 19/19/5 27/27/5
f 3/3/1 11/11/3 27/27/5
f 27/27/5 28/28/11 29/29/5
f 3/3/1 27/27/5 29/29/5
f 1/1/1 3/3/1 29/29/5
f 30/30/10 1/1/1 29/29/5
f 31/31/1 32/32/9 33/33/3
f 33/33/3 34/34/7 35/35/18
f 35/35/18 36/36/19 37/37/5
f 33/33/3 35/35/18 37/37/5
f 37/37/5 38/38/5 39/39/9
f 39/39/9 40/40/20 41/41/5
f 37/37/5 39/39/9 41/41/5
f 33/33/3 37/37/5 41/41/5
f 41/41/5 42/42/1 43/43/5
f 43/43/5 44/44/21 45/45/5
f 41/41/5 43/43/5 45/45/5
f 45/45/5 46/46/14 47/47/22
f 47/47/22 48/48/23 49/49/5
f 45/45/5 47/47/22 49/49/5
f 41/41/5 45/45/5 49/49/5
f 49/49/5 50/50/11 51/51/5
f 51/51/5 52/52/5 53/53/5
f 49/49/5 51/51/5 53/53/5
f 53/53/5 54/54/24 55/55/25
f 55/55/25 56/56/24 57/57/1
f 53/53/5 55/55/25 57/57/1
f 49/49/5 53/53/5 57/57/1
f 41/41/5 49/49/5 57/57/1
f 33/33/3 41/41/5 57/57/1
f 57/57/1 58/58/2 59/59/11
f 33/33/3 57/57/1 59/59/11
f 31/31/1 33/33/3 59/59/11
f 60/60/26 31/31/1 59/59/11
f 61/61/27 62/62/24 63/63/3
f 63/63/3 64/64/3 65/65/21
f 65/65/21 66/66/6 67/67/5
f 63/63/3 65/65/21 67/67/5
f 67/67/5 68/68/5 69/69/11
f 69/69/11 70/70/28 71/71/3
f 67/67/5 69/69/11 71/71/3
f 71/71/3 72/72/16 73/73/5
f 73/73/5 74/74/3 75/75/5
f 71/71/3 73/73/5 75/75/5
f 67/67/5 71/71/3 75/75/5
f 75/75/5 76/76/10 77/77/29
f 77/77/29 78/78/30 79/79/5
f 75/75/5 77/77/29 79/79/5
f 79/79/5 80/80/30 81/81/5
f 81/81/5 82/82/9 83/83/5
f 79/79/5 81/81/5 83/83/5
f 75/75/5 79/79/5 83/83/5
f 67/67/5 75/75/5 83/83/5
f 83/83/5 84/84/31 85/85/32
f 85/85/32 86/86/33 87/87/9
f 83/83/5 85/85/32 87/87/9
f 87/87/9 88/88/3 89/89/5
f 89/89/5 90/90/1 91/91/5
f 87/87/9 89/89/5 91/91/5
f 83/83/5 87/87/9 91/91/5
f 91/91/5 92/92/34 93/93/5
f 93/93/5 94/94/21 95/95/3
f 91/91/5 93/93/5 95/95/3
f 95/95/3 96/96/35 97/97/36
f 97/97/36 98/98/21 99/99/3
f 95/95/3 97/97/36 99/99/3
f 91/91/5 95/95/3 99/99/3
f 83/83/5 91/91/5 99/99/3
f 99/99/3 100/100/10 101/101/36
f 101/101/36 102/102/34 103/103/5
f 99/99/3 101/101/36 103/103/5
f 103/103/5 104/104/9 105/105/5
f 105/105/5 106/106/24 107/107/5
f 103/103/5 105/105/5 107/107/5
f 99/99/3 103/103/5 107/107/5
f 107/107/5 108/108/3 109/109/37
f 109/109/37 110/110/9 111/111/5
f 107/107/5 109/109/37 111/111/5
f 111/111/5 112/112/33 113/113/9
f 113/113/9 114/114/6 115/115/5
f 111/111/5 113/113/9 115/115/5
f 107/107/5 111/111/5 115/115/5
f 99/99/3 107/107/5 115/115/5
f 83/83/5 99/99/3 115/115/5
f 67/67/5 83/83/5 115/115/5
f 115/115/5 116/116/9 117/117/5
f 117/117/5 118/118/9 119/119/5
f 115/115/5 117/117/5 119/119/5
f 67/67/5 115/115/5 119/119/5
f 63/63/3 67/67/5 119/119/5
f 61/61/27 63/63/3 119/119/5
f 120/120/10 61/61/27 119/119/5
f 121/121/27 122/122/38 123/123/39
f 123/123/39 124/124/33 125/125/10
f 125/125/10 126/126/40 127/127/41
f 123/123/39 125/125/10 127/127/41
f 127/127/41 128/128/35 129/129/34
f 129/129/34 130/130/3 131/131/23
f 127/127/41 129/129/34 131/131/23
f 131/131/23 132/132/9 133/133/22
f 133/133/22 134/134/21 135/135/42
f 131/131/23 133/133/22 135/135/42
f 127/127/41 131/131/23 135/135/42
f 135/135/42 136/136/33 137/137/5
f 137/137/5 138/138/31 139/139/43
f 135/135/42 137/137/5 139/139/43
f 139/139/43 140/140/31 141/141/44
f 141/141/44 142/142/43 143/143/45
f 139/139/43 141/141/44 143/143/45
f 135/135/42 139/139/43 143/143/45
f 127/127/41 135/135/42 143/143/45
f 143/143/45 144/144/46 145/145/47
f 145/145/47 146/146/5 147/147/11
f 143/143/45 145/145/47 147/147/11
f 147/147/11 148/148/3 149/149/48
f 149/149/48 150/150/29 151/151/1
f 147/147/11 149/149/48 151/151/1
f 143/143/45 147/147/11 151/151/1
f 127/127/41 143/143/45 151/151/1
f 123/123/39 127/127/41 151/151/1
f 121/121/27 123/123/39 151/151/1
f 152/152/5 121/121/27 151/151/1
f 153/153/5 154/154/49 155/155/10
f 155/155/10 156/156/19 157/157/8
f 157/157/8 158/158/6 159/159/50
f 155/155/10 157/157/8 159/159/50
f 159/159/50 160/160/51 161/161/52
f 161/161/52 162/162/11 163/163/6
f 159/159/50 161/161/52 163/163/6
f 163/163/6 164/164/1 165/165/11
f 165/165/11 166/166/5 167/167/24
f 163/163/6 165/165/11 167/167/24
f 159/159/50 163/163/6 167/167/24
f 155/155/10 159/159/50 167/167/24
f 153/153/5 155/155/10 167/167/24
f 168/168/3 153/153/5 167/167/24
f 169/169/53 170/170/54 171/171/10
f 171/171/10 172/172/7 173/173/9
f 173/173/9 174/174/55 175/175/9
f 171/171/10 173/173/9 175/175/9
f 175/175/9 176/176/5 177/177/39
f 177/177/39 178/178/56 179/179/3
f 175/175/9 177/177/39 179/179/3
f 171/171/10 175/175/9 179/179/3
f 179/179/3 180/180/53 181/181/5
f 181/181/5 182/182/57 153/153/5
f 179/179/3 181/181/5 153/153/5
f 171/171/10 179/179/3 153/153/5
f 169/169/53 171/171/10 153/153/5
f 168/168/3 169/169/53 153/153/5
f 183/183/5 184/184/58 185/185/3
f 185/185/3 186/186/34 187/187/59
f 183/183/5 185/185/3 187/187/59
f 187/187/59 188/188/60 189/189/3
f 189/189/3 190/190/61 191/191/62
f 187/187/59 189/189/3 191/191/62
f 191/191/62 192/192/5 193/193/9
f 193/193/9 194/194/10 195/195/63
f 191/191/62 193/193/9 195/195/63
f 187/187/59 191/191/62 195/195/63
f 183/183/5 187/187/59 195/195/63
f 195/195/63 196/196/64 197/197/65
f 183/183/5 195/195/63 197/197/65
f 183/183/5 197/197/65 198/198/34
f 199/199/5 183/183/5 198/198/34
f 200/200/19 201/201/16 202/202/10
f 202/202/10 203/203/66 204/204/67
f 200/200/19 202/202/10 204/204/67
f 204/204/67 205/205/25 206/206/34
f 206/206/34 207/207/68 208/208/10
f 204/204/67 206/206/34 208/208/10
f 200/200/19 204/204/67 208/208/10
f 208/208/10 209/209/69 210/210/36
f 210/210/36 211/211/70 212/212/5
f 208/208/10 210/210/36 212/212/5
f 200/200/19 208/208/10 212/212/5
f 212/212/5 213/213/71 214/214/52
f 200/200/19 212/212/5 214/214/52
f 200/200/19 214/214/52 183/183/5
f 199/199/5 200/200/19 183/183/5
f 190/190/61 215/215/72 191/191/62
f 207/207/68 216/216/73 208/208/10
f 217/217/3 218/218/74 219/219/75
f 219/219/75 220/220/28 221/221/35
f 217/217/3 219/219/75 221/221/35
f 221/221/35 222/222/76 223/223/21
f 223/223/21 224/224/77 225/225/9
f 221/221/35 223/223/21 225/225/9
f 225/225/9 226/226/78 227/227/79
f 227/227/79 228/228/33 229/229/5
f 225/225/9 227/227/79 229/229/5
f 221/221/35 225/225/9 229/229/5
f 217/217/3 221/221/35 229/229/5
f 229/229/5 230/230/70 231/231/34
f 217/217/3 229/229/5 231/231/34
f 217/217/3 231/231/34 232/232/80
f 233/233/5 217/217/3 232/232/80
f 234/234/33 235/235/81 236/236/82
f 236/236/82 237/237/9 238/238/76
f 234/234/33 236/236/82 238/238/76
f 238/238/76 239/239/79 240/240/27
f 240/240/27 241/241/32 242/242/56
f 238/238/76 240/240/27 242/242/56
f 234/234/33 238/238/76 242/242/56
f 242/242/56 243/243/2 244/244/34
f 244/244/34 245/245/83 246/246/6
f 242/242/56 244/244/34 246/246/6
f 234/234/33 242/242/56 246/246/6
f 246/246/6 247/247/84 248/248/47
f 234/234/33 246/246/6 248/248/47
f 234/234/33 248/248/47 217/217/3
f 233/233/5 234/234/33 217/217/3
f 217/217/3 249/249/85 218/218/74
f 248/248/47 250/250/86 217/217/3
f 251/251/47 252/252/5 253/253/87
f 253/253/87 254/254/52 255/255/52
f 251/251/47 253/253/87 255/255/52
f 255/255/52 256/256/50 257/257/82
f 257/257/82 258/258/30 259/259/47
f 255/255/52 257/257/82 259/259/47
f 259/259/47 260/260/88 261/261/51
f 261/261/51 262/262/89 263/263/39
f 259/259/47 261/261/51 263/263/39
f 255/255/52 259/259/47 263/263/39
f 263/263/39 264/264/25 265/265/30
f 263/263/39 265/265/30 266/266/10
f 263/263/39 266/266/10 267/267/24
f 255/255/52 263/263/39 267/267/24
f 255/255/52 267/267/24 268/268/30
f 255/255/52 268/268/30 269/269/5
f 255/255/52 269/269/5 270/270/5
f 255/255/52 270/270/5 271/271/10
f 255/255/52 271/271/10 272/272/24
f 255/255/52 272/272/24 273/273/24
f 273/273/24 274/274/3 275/275/90
f 275/275/90 276/276/91 277/277/53
f 273/273/24 275/275/90 277/277/53
f 255/255/52 273/273/24 277/277/53
f 251/251/47 255/255/52 277/277/53
f 251/251/47 277/277/53 278/278/13
f 251/251/47 278/278/13 279/279/92
f 251/251/47 280/280/93 281/281/8
f 251/251/47 281/281/8 282/282/1
f 251/251/47 282/282/1 283/283/5
f 284/284/94 285/285/95 286/286/29
f 287/287/96 284/284/94 286/286/29
f 288/288/11 287/287/96 286/286/29
f 286/286/29 289/289/10 290/290/97
f 290/290/97 291/291/98 292/292/9
f 286/286/29 290/290/97 292/292/9
f 292/292/9 293/293/99 294/294/9
f 294/294/9 295/295/31 296/296/100
f 292/292/9 294/294/9 296/296/100
f 286/286/29 292/292/9 296/296/100
f 288/288/11 286/286/29 296/296/100
f 297/297/9 288/288/11 296/296/100
f 283/283/5 297/297/9 296/296/100
f 251/251/47 283/283/5 296/296/100
f 296/296/100 298/298/101 299/299/88
f 251/251/47 296/296/100 299/299/88
f 251/251/47 299/299/88 300/300/102
f 251/251/47 300/300/102 252/252/5
f 273/273/24 301/301/103 274/274/3
f 251/251/47 302/302/104 280/280/93
f 281/281/8 303/303/105 282/282/1
f 301/301/103 304/304/63 274/274/3
f 281/281/8 305/305/5 306/306/106
f 306/306/106 307/307/107 308/308/8
f 281/281/8 306/306/106 308/308/8
f 281/281/8 308/308/8 309/309/30
f 281/281/8 309/309/30 303/303/105
f 308/308/8 310/310/108 309/309/30
f 308/308/8 311/311/109 310/310/108
f 312/312/70 313/313/2 314/314/4
f 314/314/4 315/315/47 316/316/52
f 316/316/52 317/317/110 318/318/5
f 314/314/4 316/316/52 318/318/5
f 318/318/5 319/319/111 320/320/112
f 320/320/112 321/321/11 322/322/16
f 318/318/5 320/320/112 322/322/16
f 322/322/16 323/323/9 324/324/19
f 324/324/19 325/325/64 326/326/113
f 322/322/16 324/324/19 326/326/113
f 318/318/5 322/322/16 326/326/113
f 326/326/113 327/327/33 328/328/11
f 328/328/11 329/329/1 330/330/10
f 326/326/113 328/328/11 330/330/10
f 330/330/10 331/331/114 332/332/3
f 332/332/3 333/333/115 334/334/46
f 330/330/10 332/332/3 334/334/46
f 326/326/113 330/330/10 334/334/46
f 334/334/46 335/335/116 336/336/34
f 336/336/34 337/337/3 338/338/30
f 334/334/46 336/336/34 338/338/30
f 338/338/30 339/339/30 340/340/39
f 340/340/39 341/341/89 342/342/1
f 338/338/30 340/340/39 342/342/1
f 334/334/46 338/338/30 342/342/1
f 326/326/113 334/334/46 342/342/1
f 318/318/5 326/326/113 342/342/1
f 314/314/4 318/318/5 342/342/1
f 312/312/70 314/314/4 342/342/1
f 312/312/70 342/342/1 343/343/16
f 344/344/41 345/345/67 346/346/33
f 346/346/33 347/347/47 344/344/41
f 348/348/26 345/345/67 344/344/41
f 347/347/47 346/346/33 349/349/11
f 344/344/41 350/350/15 348/348/26
f 347/347/47 349/349/11 351/351/3
f 344/344/41 352/352/43 350/350/15
f 347/347/47 351/351/3 353/353/19
f 344/344/41 354/354/9 352/352/43
f 347/347/47 353/353/19 355/355/33
f 356/356/11 357/357/41 354/354/9
f 354/354/9 344/344/41 356/356/11
f 347/347/47 355/355/33 358/358/6
f 358/358/6 359/359/80 347/347/47
f 356/356/11 360/360/52 357/357/41
f 358/358/6 361/361/10 362/362/37
f 362/362/37 359/359/80 358/358/6
f 363/363/117 347/347/47 359/359/80
f 356/356/11 364/364/118 360/360/52
f 361/361/10 365/365/16 362/362/37
f 363/363/117 359/359/80 366/366/26
f 356/356/11 367/367/9 364/364/118
f 368/368/44 362/362/37 365/365/16
f 365/365/16 369/369/18 368/368/44
f 363/363/117 366/366/26 370/370/119
f 356/356/11 371/371/5 367/367/9
f 372/372/8 368/368/44 369/369/18
f 363/363/117 370/370/119 373/373/92
f 371/371/5 374/374/87 367/367/9
f 375/375/24 372/372/8 369/369/18
f 363/363/117 373/373/92 376/376/41
f 371/371/5 377/377/1 374/374/87
f 378/378/120 375/375/24 369/369/18
f 363/363/117 376/376/41 379/379/121
f 371/371/5 380/380/39 377/377/1
f 381/381/5 382/382/6 378/378/120
f 378/378/120 369/369/18 381/381/5
f 363/363/117 379/379/121 383/383/122
f 384/384/5 385/385/123 380/380/39
f 386/386/5 384/384/5 380/380/39
f 371/371/5 386/386/5 380/380/39
f 381/381/5 369/369/18 387/387/9
f 381/381/5 388/388/5 382/382/6
f 363/363/117 383/383/122 389/389/124
f 386/386/5 371/371/5 390/390/34
f 390/390/34 391/391/33 386/386/5
f 384/384/5 392/392/5 385/385/123
f 381/381/5 387/387/9 393/393/5
f 388/388/5 394/394/3 382/382/6
f 363/363/117 389/389/124 395/395/33
f 395/395/33 396/396/5 363/363/117
f 397/397/34 391/391/33 390/390/34
f 384/384/5 398/398/11 392/392/5
f 381/381/5 393/393/5 399/399/9
f 388/388/5 400/400/1 394/394/3
f 396/396/5 395/395/33 401/401/10
f 402/402/11 403/403/11 397/397/34
f 397/397/34 390/390/34 402/402/11
f 384/384/5 404/404/93 398/398/11
f 399/399/9 405/405/9 381/381/5
f 406/406/6 400/400/1 388/388/5
f 388/388/5 407/407/11 406/406/6
f 396/396/5 401/401/10 408/408/33
f 409/409/5 403/403/11 402/402/11
f 384/384/5 410/410/10 404/404/93
f 381/381/5 405/405/9 411/411/52
f 407/407/11 412/412/6 406/406/6
f 408/408/33 413/413/33 396/396/5
f 414/414/3 415/415/34 409/409/5
f 409/409/5 402/402/11 414/414/3
f 410/410/10 416/416/10 404/404/93
f 381/381/5 411/411/52 417/417/37
f 407/407/11 418/418/6 412/412/6
f 396/396/5 413/413/33 419/419/33
f 414/414/3 420/420/3 415/415/34
f 381/381/5 417/417/37 416/416/10
f 416/416/10 410/410/10 381/381/5
f 407/407/11 421/421/5 418/418/6
f 396/396/5 419/419/33 422/422/10
f 423/423/3 424/424/1 420/420/3
f 420/420/3 414/414/3 423/423/3
f 407/407/11 425/425/5 421/421/5
f 396/396/5 422/422/10 426/426/5
f 427/427/5 424/424/1 423/423/3
f 407/407/11 428/428/47 425/425/5
f 429/429/5 396/396/5 426/426/5
f 426/426/5 430/430/5 429/429/5
f 427/427/5 423/423/3 431/431/70
f 431/431/70 432/432/40 427/427/5
f 407/407/11 433/433/36 428/428/47
f 434/434/19 429/429/5 430/430/5
f 396/396/5 429/429/5 435/435/11
f 427/427/5 432/432/40 436/436/52
f 431/431/70 437/437/34 432/432/40
f 407/407/11 438/438/5 439/439/125
f 439/439/125 433/433/36 407/407/11
f 440/440/3 434/434/19 430/430/5
f 441/441/11 396/396/5 435/435/11
f 427/427/5 436/436/52 442/442/43
f 431/431/70 443/443/9 437/437/34
f 440/440/3 430/430/5 439/439/125
f 439/439/125 438/438/5 440/440/3
f 441/441/11 435/435/11 444/444/3
f 445/445/11 427/427/5 442/442/43
f 442/442/43 446/446/47 445/445/11
f 431/431/70 447/447/16 443/443/9
f 438/438/5 448/448/43 440/440/3
f 441/441/11 444/444/3 449/449/52
f 445/445/11 446/446/47 450/450/16
f 431/431/70 451/451/24 447/447/16
f 452/452/5 448/448/43 438/438/5
f 441/441/11 449/449/52 453/453/12
f 450/450/16 454/454/41 445/445/11
f 455/455/34 456/456/21 457/457/34
f 455/455/34 457/457/34 451/451/24
f 431/431/70 455/455/34 451/451/24
f 458/458/1 459/459/9 452/452/5
f 452/452/5 438/438/5 458/458/1
f 441/441/11 453/453/12 460/460/33
f 454/454/41 450/450/16 461/461/27
f 457/457/34 456/456/21 462/462/34
f 463/463/29 457/457/34 462/462/34
f 464/464/19 463/463/29 462/462/34
f 458/458/1 465/465/9 459/459/9
f 466/466/5 441/441/11 460/460/33
f 454/454/41 461/461/27 467/467/1
f 464/464/19 468/468/29 463/463/29
f 469/469/9 470/470/5 465/465/9
f 465/465/9 458/458/1 469/469/9
f 466/466/5 460/460/33 471/471/67
f 454/454/41 467/467/1 472/472/10
f 464/464/19 473/473/10 468/468/29
f 474/474/10 475/475/10 470/470/5
f 470/470/5 469/469/9 474/474/10
f 466/466/5 471/471/67 476/476/29
f 477/477/5 454/454/41 472/472/10
f 472/472/10 478/478/34 477/477/5
f 464/464/19 479/479/34 473/473/10
f 480/480/5 481/481/5 475/475/10
f 475/475/10 474/474/10 480/480/5
f 466/466/5 476/476/29 482/482/5
f 477/477/5 478/478/34 483/483/11
f 478/478/34 472/472/10 484/484/126
f 484/484/126 485/485/6 478/478/34
f 464/464/19 486/486/3 479/479/34
f 487/487/1 481/481/5 480/480/5
f 480/480/5 488/488/3 487/487/1
f 489/489/5 466/466/5 482/482/5
f 482/482/5 490/490/5 489/489/5
f 477/477/5 483/483/11 491/491/5
f 485/485/6 484/484/126 492/492/19
f 492/492/19 493/493/37 485/485/6
f 494/494/5 486/486/3 464/464/19
f 464/464/19 495/495/3 494/494/5
f 496/496/5 487/487/1 488/488/3
f 488/488/3 497/497/5 496/496/5
f 498/498/1 490/490/5 482/482/5
f 482/482/5 499/499/1 498/498/1
f 500/500/5 489/489/5 490/490/5
f 501/501/3 477/477/5 491/491/5
f 502/502/37 493/493/37 492/492/19
f 494/494/5 495/495/3 503/503/6
f 494/494/5 504/504/15 486/486/3
f 505/505/36 496/496/5 497/497/5
f 497/497/5 506/506/3 505/505/36
f 507/507/5 498/498/1 499/499/1
f 499/499/1 508/508/5 507/507/5
f 500/500/5 490/490/5 509/509/3
f 501/501/3 491/491/5 510/510/3
f 511/511/127 502/502/37 492/492/19
f 512/512/3 503/503/6 495/495/3
f 495/495/3 513/513/45 512/512/3
f 494/494/5 514/514/28 504/504/15
f 515/515/5 505/505/36 506/506/3
f 506/506/3 516/516/5 515/515/5
f 517/517/11 507/507/5 508/508/5
f 508/508/5 518/518/52 517/517/11
f 500/500/5 509/509/3 519/519/5
f 520/520/5 501/501/3 510/510/3
f 520/520/5 510/510/3 521/521/9
f 520/520/5 521/521/9 522/522/10
f 520/520/5 522/522/10 523/523/128
f 524/524/9 511/511/127 492/492/19
f 513/513/45 525/525/34 512/512/3
f 526/526/11 527/527/34 514/514/28
f 514/514/28 494/494/5 526/526/11
f 528/528/1 529/529/5 515/515/5
f 515/515/5 516/516/5 528/528/1
f 530/530/52 517/517/11 518/518/52
f 518/518/52 531/531/52 530/530/52
f 532/532/11 500/500/5 519/519/5
f 523/523/128 533/533/30 534/534/129
f 534/534/129 520/520/5 523/523/128
f 510/510/3 535/535/130 521/521/9
f 536/536/34 537/537/34 524/524/9
f 524/524/9 492/492/19 536/536/34
f 538/538/5 525/525/34 513/513/45
f 513/513/45 539/539/11 538/538/5
f 526/526/11 540/540/25 527/527/34
f 516/516/5 541/541/5 542/542/11
f 542/542/11 528/528/1 516/516/5
f 528/528/1 543/543/1 544/544/1
f 544/544/1 529/529/5 528/528/1
f 545/545/52 530/530/52 531/531/52
f 531/531/52 546/546/11 545/545/52
f 532/532/11 519/519/5 547/547/11
f 548/548/52 520/520/5 534/534/129
f 534/534/129 549/549/3 548/548/52
f 533/533/30 523/523/128 550/550/52
f 550/550/52 551/551/19 533/533/30
f 552/552/10 537/537/34 536/536/34
f 536/536/34 553/553/47 552/552/10
f 538/538/5 539/539/11 554/554/4
f 540/540/25 526/526/11 555/555/19
f 541/541/5 556/556/5 557/557/5
f 557/557/5 542/542/11 541/541/5
f 543/543/1 558/558/9 559/559/5
f 559/559/5 544/544/1 543/543/1
f 558/558/9 545/545/52 546/546/11
f 546/546/11 559/559/5 558/558/9
f 532/532/11 547/547/11 560/560/11
f 548/548/52 549/549/3 561/561/1
f 551/551/19 550/550/52 562/562/22
f 562/562/22 563/563/3 551/551/19
f 552/552/10 553/553/47 564/564/10
f 565/565/47 554/554/4 539/539/11
f 539/539/11 566/566/11 565/565/47
f 555/555/19 567/567/123 540/540/25
f 568/568/3 557/557/5 556/556/5
f 556/556/5 569/569/11 568/568/3
f 570/570/5 532/532/11 560/560/11
f 560/560/11 571/571/5 570/570/5
f 561/561/1 572/572/5 548/548/52
f 563/563/3 562/562/22 573/573/131
f 573/573/131 574/574/3 563/563/3
f 564/564/10 553/553/47 575/575/41
f 565/565/47 566/566/11 576/576/52
f 555/555/19 577/577/6 567/567/123
f 578/578/5 568/568/3 579/579/3
f 579/579/3 580/580/82 578/578/5
f 571/571/5 581/581/5 582/582/5
f 582/582/5 570/570/5 571/571/5
f 548/548/52 572/572/5 583/583/32
f 583/583/32 584/584/9 548/548/52
f 585/585/3 586/586/3 574/574/3
f 574/574/3 573/573/131 585/585/3
f 575/575/41 553/553/47 587/587/25
f 566/566/11 588/588/5 589/589/5
f 589/589/5 576/576/52 566/566/11
f 555/555/19 590/590/9 577/577/6
f 591/591/52 592/592/16 593/593/36
f 594/594/5 582/582/5 581/581/5
f 581/581/5 595/595/1 594/594/5
f 584/584/9 583/583/32 596/596/124
f 597/597/1 586/586/3 585/585/3
f 585/585/3 598/598/3 597/597/1
f 553/553/47 599/599/11 600/600/24
f 600/600/24 587/587/25 553/553/47
f 601/601/132 602/602/31 603/603/5
f 601/601/132 603/603/5 589/589/5
f 588/588/5 601/601/132 589/589/5
f 604/604/5 605/605/70 590/590/9
f 590/590/9 555/555/19 604/604/5
f 606/606/133 607/607/133 608/608/134
f 608/608/134 609/609/135 610/610/133
f 608/608/134 610/610/133 611/611/133
f 612/612/133 613/613/133 614/614/133
f 611/611/133 612/612/133 614/614/133
f 614/614/133 615/615/133 616/616/133
f 611/611/133 614/614/133 616/616/133
f 616/616/133 617/617/133 618/618/133
f 618/618/133 619/619/136 620/620/133
f 616/616/133 618/618/133 620/620/133
f 620/620/133 621/621/133 622/622/133
f 616/616/133 620/620/133 622/622/133
f 611/611/133 616/616/133 622/622/133
f 622/622/133 623/623/133 624/624/133
f 622/622/133 624/624/133 625/625/133
f 611/611/133 622/622/133 625/625/133
f 608/608/134 611/611/133 625/625/133
f 606/606/133 608/608/134 625/625/133
f 626/626/9 594/594/5 595/595/1
f 595/595/1 627/627/1 626/626/9
f 584/584/9 596/596/124 628/628/3
f 598/598/3 629/629/10 630/630/6
f 630/630/6 597/597/1 598/598/3
f 599/599/11 590/590/9 605/605/70
f 605/605/70 600/600/24 599/599/11
f 588/588/5 631/631/6 601/601/132
f 603/603/5 602/602/31 632/632/5
f 604/604/5 633/633/11 605/605/70
f 634/634/47 635/635/52 636/636/9
f 637/637/11 638/638/11 578/578/5
f 639/639/9 626/626/9 627/627/1
f 627/627/1 640/640/9 639/639/9
f 584/584/9 628/628/3 641/641/65
f 629/629/10 642/642/3 643/643/4
f 643/643/4 630/630/6 629/629/10
f 588/588/5 644/644/29 631/631/6
f 603/603/5 632/632/5 645/645/65
f 604/604/5 646/646/5 633/633/11
f 647/647/3 634/634/47 636/636/9
f 637/637/11 648/648/52 638/638/11
f 649/649/9 639/639/9 640/640/9
f 640/640/9 650/650/5 649/649/9
f 584/584/9 641/641/65 651/651/11
f 642/642/3 652/652/11 653/653/88
f 653/653/88 643/643/4 642/642/3
f 588/588/5 654/654/10 644/644/29
f 603/603/5 645/645/65 655/655/65
f 656/656/3 646/646/5 604/604/5
f 647/647/3 636/636/9 657/657/34
f 658/658/11 659/659/11 648/648/52
f 648/648/52 637/637/11 658/658/11
f 660/660/9 649/649/9 650/650/5
f 650/650/5 661/661/9 660/660/9
f 584/584/9 651/651/11 662/662/64
f 662/662/64 663/663/3 584/584/9
f 664/664/10 653/653/88 652/652/11
f 652/652/11 665/665/5 664/664/10
f 666/666/11 654/654/10 588/588/5
f 603/603/5 655/655/65 667/667/9
f 656/656/3 668/668/3 646/646/5
f 647/647/3 657/657/34 669/669/70
f 670/670/11 671/671/11 659/659/11
f 659/659/11 658/658/11 670/670/11
f 672/672/5 660/660/9 661/661/9
f 663/663/3 662/662/64 673/673/25
f 665/665/5 652/652/11 674/674/5
f 665/665/5 674/674/5 675/675/37
f 665/665/5 675/675/37 668/668/3
f 665/665/5 668/668/3 656/656/3
f 676/676/33 677/677/10 664/664/10
f 664/664/10 665/665/5 676/676/33
f 666/666/11 678/678/39 654/654/10
f 667/667/9 655/655/65 679/679/5
f 647/647/3 669/669/70 680/680/10
f 670/670/11 681/681/5 671/671/11
f 682/682/11 672/672/5 661/661/9
f 661/661/9 683/683/11 682/682/11
f 663/663/3 673/673/25 684/684/137
f 675/675/37 685/685/138 668/668/3
f 676/676/33 686/686/6 677/677/10
f 666/666/11 687/687/33 678/678/39
f 679/679/5 688/688/10 689/689/5
f 689/689/5 667/667/9 679/679/5
f 647/647/3 680/680/10 690/690/80
f 681/681/5 691/691/5 692/692/5
f 692/692/5 671/671/11 681/681/5
f 691/691/5 682/682/11 683/683/11
f 683/683/11 692/692/5 691/691/5
f 684/684/137 693/693/3 663/663/3
f 686/686/6 676/676/33 694/694/5
f 666/666/11 695/695/3 687/687/33
f 689/689/5 688/688/10 696/696/33
f 697/697/14 647/647/3 690/690/80
f 663/663/3 693/693/3 698/698/3
f 699/699/3 663/663/3 698/698/3
f 699/699/3 698/698/3 700/700/3
f 701/701/5 702/702/3 703/703/5
f 704/704/5 701/701/5 703/703/5
f 704/704/5 703/703/5 705/705/5
f 706/706/3 704/704/5 705/705/5
f 706/706/3 705/705/5 707/707/3
f 708/708/3 706/706/3 707/707/3
f 708/708/3 707/707/3 709/709/3
f 710/710/5 708/708/3 709/709/3
f 710/710/5 709/709/3 711/711/5
f 712/712/5 710/710/5 711/711/5
f 712/712/5 711/711/5 713/713/5
f 700/700/3 712/712/5 713/713/5
f 699/699/3 700/700/3 713/713/5
f 714/714/5 694/694/5 676/676/33
f 676/676/33 715/715/10 714/714/5
f 716/716/139 695/695/3 666/666/11
f 666/666/11 717/717/36 716/716/139
f 689/689/5 696/696/33 718/718/10
f 697/697/14 690/690/80 719/719/26
f 715/715/10 720/720/3 714/714/5
f 717/717/36 721/721/11 716/716/139
f 722/722/10 689/689/5 718/718/10
f 697/697/14 719/719/26 723/723/140
f 715/715/10 724/724/141 720/720/3
f 717/717/36 725/725/83 721/721/11
f 689/689/5 722/722/10 726/726/10
f 697/697/14 723/723/140 727/727/45
f 715/715/10 728/728/52 724/724/141
f 717/717/36 729/729/26 725/725/83
f 689/689/5 726/726/10 730/730/4
f 697/697/14 727/727/45 731/731/36
f 731/731/36 732/732/52 697/697/14
f 715/715/10 733/733/47 728/728/52
f 729/729/26 717/717/36 734/734/87
f 689/689/5 730/730/4 735/735/1
f 736/736/5 737/737/24 732/732/52
f 732/732/52 731/731/36 736/736/5
f 738/738/51 733/733/47 715/715/10
f 715/715/10 698/698/3 738/738/51
f 717/717/36 739/739/52 734/734/87
f 740/740/141 741/741/50 689/689/5
f 689/689/5 735/735/1 740/740/141
f 742/742/9 743/743/52 737/737/24
f 737/737/24 736/736/5 742/742/9
f 732/732/52 737/737/24 744/744/9
f 698/698/3 745/745/10 738/738/51
f 739/739/52 717/717/36 746/746/47
f 740/740/141 735/735/1 747/747/142
f 689/689/5 741/741/50 748/748/5
f 742/742/9 749/749/6 743/743/52
f 732/732/52 744/744/9 750/750/65
f 703/703/5 702/702/3 751/751/6
f 698/698/3 752/752/10 745/745/10
f 746/746/47 753/753/70 739/739/52
f 747/747/142 735/735/1 754/754/119
f 748/748/5 741/741/50 755/755/3
f 756/756/1 757/757/9 749/749/6
f 749/749/6 742/742/9 756/756/1
f 732/732/52 750/750/65 758/758/27
f 752/752/10 698/698/3 693/693/3
f 701/701/5 759/759/27 702/702/3
f 703/703/5 751/751/6 760/760/30
f 746/746/47 761/761/3 753/753/70
f 754/754/119 735/735/1 762/762/35
f 748/748/5 755/755/3 763/763/12
f 756/756/1 764/764/87 757/757/9
f 732/732/52 758/758/27 765/765/114
f 701/701/5 766/766/39 759/759/27
f 703/703/5 760/760/30 767/767/3
f 746/746/47 768/768/70 761/761/3
f 762/762/35 735/735/1 769/769/70
f 769/769/70 770/770/3 762/762/35
f 771/771/5 772/772/11 748/748/5
f 748/748/5 763/763/12 771/771/5
f 756/756/1 773/773/9 764/764/87
f 732/732/52 765/765/114 774/774/32
f 701/701/5 775/775/88 766/766/39
f 776/776/9 703/703/5 767/767/3
f 746/746/47 777/777/4 768/768/70
f 778/778/4 770/770/3 769/769/70
f 772/772/11 771/771/5 779/779/5
f 756/756/1 780/780/143 773/773/9
f 732/732/52 774/774/32 781/781/16
f 701/701/5 782/782/3 775/775/88
f 776/776/9 767/767/3 783/783/37
f 784/784/24 777/777/4 746/746/47
f 746/746/47 785/785/46 784/784/24
f 784/784/24 785/785/46 770/770/3
f 770/770/3 778/778/4 784/784/24
f 772/772/11 779/779/5 786/786/1
f 756/756/1 787/787/52 780/780/143
f 732/732/52 781/781/16 788/788/30
f 789/789/5 782/782/3 701/701/5
f 776/776/9 783/783/37 790/790/9
f 791/791/7 785/785/46 746/746/47
f 772/772/11 786/786/1 792/792/88
f 756/756/1 793/793/22 787/787/52
f 788/788/30 794/794/5 795/795/11
f 795/795/11 732/732/52 788/788/30
f 789/789/5 796/796/33 782/782/3
f 776/776/9 790/790/9 797/797/144
f 791/791/7 798/798/26 785/785/46
f 772/772/11 792/792/88 799/799/145
f 800/800/5 801/801/5 793/793/22
f 793/793/22 756/756/1 800/800/5
f 802/802/88 803/803/33 795/795/11
f 795/795/11 794/794/5 802/802/88
f 789/789/5 804/804/5 796/796/33
f 776/776/9 797/797/144 805/805/1
f 791/791/7 806/806/26 798/798/26
f 772/772/11 799/799/145 807/807/5
f 800/800/5 808/808/3 801/801/5
f 803/803/33 802/802/88 809/809/10
f 789/789/5 810/810/25 804/804/5
f 805/805/1 811/811/24 812/812/1
f 812/812/1 776/776/9 805/805/1
f 791/791/7 813/813/146 806/806/26
f 772/772/11 807/807/5 814/814/3
f 800/800/5 815/815/5 808/808/3
f 803/803/33 809/809/10 816/816/5
f 789/789/5 817/817/10 810/810/25
f 812/812/1 811/811/24 818/818/9
f 818/818/9 819/819/3 812/812/1
f 791/791/7 820/820/36 813/813/146
f 772/772/11 814/814/3 821/821/5
f 821/821/5 822/822/5 772/772/11
f 819/819/3 823/823/5 815/815/5
f 815/815/5 800/800/5 819/819/3
f 803/803/33 816/816/5 824/824/147
f 817/817/10 789/789/5 825/825/10
f 825/825/10 826/826/29 817/817/10
f 819/819/3 818/818/9 823/823/5
f 791/791/7 827/827/148 820/820/36
f 828/828/3 822/822/5 821/821/5
f 821/821/5 829/829/10 828/828/3
f 803/803/33 824/824/147 830/830/50
f 831/831/10 826/826/29 825/825/10
f 825/825/10 832/832/3 831/831/10
f 791/791/7 833/833/149 827/827/148
f 828/828/3 829/829/10 834/834/70
f 822/822/5 828/828/3 835/835/3
f 803/803/33 830/830/50 836/836/93
f 832/832/3 837/837/5 831/831/10
f 791/791/7 838/838/128 833/833/149
f 834/834/70 829/829/10 839/839/5
f 840/840/5 822/822/5 835/835/3
f 803/803/33 836/836/93 841/841/10
f 842/842/5 837/837/5 832/832/3
f 832/832/3 843/843/5 842/842/5
f 844/844/16 838/838/128 791/791/7
f 791/791/7 845/845/9 844/844/16
f 839/839/5 829/829/10 846/846/16
f 846/846/16 845/845/9 839/839/5
f 840/840/5 847/847/10 848/848/6
f 848/848/6 822/822/5 840/840/5
f 803/803/33 841/841/10 849/849/29
f 843/843/5 850/850/3 842/842/5
f 845/845/9 851/851/9 844/844/16
f 845/845/9 852/852/11 839/839/5
f 845/845/9 846/846/16 853/853/52
f 848/848/6 847/847/10 854/854/10
f 803/803/33 849/849/29 855/855/5
f 855/855/5 856/856/41 803/803/33
f 843/843/5 857/857/5 850/850/3
f 845/845/9 858/858/82 851/851/9
f 859/859/11 852/852/11 845/845/9
f 845/845/9 853/853/52 860/860/4
f 854/854/10 861/861/5 862/862/10
f 862/862/10 848/848/6 854/854/10
f 856/856/41 863/863/45 864/864/14
f 864/864/14 803/803/33 856/856/41
f 849/849/29 865/865/33 866/866/5
f 866/866/5 855/855/5 849/849/29
f 867/867/4 857/857/5 843/843/5
f 843/843/5 868/868/6 867/867/4
f 858/858/82 845/845/9 869/869/9
f 859/859/11 870/870/3 852/852/11
f 845/845/9 860/860/4 869/869/9
f 861/861/5 871/871/9 872/872/9
f 872/872/9 862/862/10 861/861/5
f 864/864/14 863/863/45 873/873/150
f 866/866/5 865/865/33 874/874/1
f 868/868/6 875/875/33 867/867/4
f 859/859/11 876/876/33 870/870/3
f 871/871/9 877/877/5 878/878/5
f 878/878/5 872/872/9 871/871/9
f 864/864/14 873/873/150 879/879/26
f 874/874/1 880/880/2 868/868/6
f 868/868/6 866/866/5 874/874/1
f 868/868/6 881/881/63 875/875/33
f 859/859/11 882/882/106 876/876/33
f 883/883/6 884/884/3 878/878/5
f 878/878/5 877/877/5 883/883/6
f 864/864/14 879/879/26 885/885/125
f 868/868/6 880/880/2 886/886/67
f 868/868/6 887/887/10 881/881/63
f 859/859/11 888/888/52 882/882/106
f 889/889/5 890/890/5 884/884/3
f 884/884/3 883/883/6 889/889/5
f 864/864/14 885/885/125 891/891/3
f 868/868/6 886/886/67 887/887/10
f 892/892/5 888/888/52 859/859/11
f 893/893/41 894/894/3 890/890/5
f 890/890/5 889/889/5 893/893/41
f 891/891/3 885/885/125 895/895/9
f 892/892/5 896/896/5 888/888/52
f 897/897/5 898/898/5 894/894/3
f 894/894/3 893/893/41 897/897/5
f 891/891/3 895/895/9 899/899/19
f 892/892/5 900/900/24 896/896/5
f 897/897/5 901/901/9 902/902/6
f 902/902/6 898/898/5 897/897/5
f 891/891/3 899/899/19 903/903/34
f 892/892/5 904/904/5 900/900/24
f 898/898/5 902/902/6 905/905/11
f 905/905/11 906/906/11 898/898/5
f 902/902/6 901/901/9 907/907/6
f 907/907/6 908/908/6 902/902/6
f 891/891/3 903/903/34 909/909/10
f 904/904/5 892/892/5 910/910/5
f 910/910/5 911/911/5 904/904/5
f 906/906/11 905/905/11 912/912/5
f 912/912/5 913/913/3 906/906/11
f 908/908/6 907/907/6 914/914/5
f 914/914/5 915/915/10 908/908/6
f 891/891/3 909/909/10 916/916/11
f 917/917/5 911/911/5 910/910/5
f 918/918/6 919/919/6 904/904/5
f 904/904/5 911/911/5 918/918/6
f 920/920/3 921/921/5 913/913/3
f 913/913/3 912/912/5 920/920/3
f 915/915/10 914/914/5 922/922/11
f 922/922/11 923/923/33 915/915/10
f 916/916/11 909/909/10 924/924/33
f 917/917/5 925/925/3 911/911/5
f 926/926/5 927/927/5 919/919/6
f 919/919/6 918/918/6 926/926/5
f 923/923/33 922/922/11 928/928/33
f 928/928/33 929/929/33 923/923/33
f 930/930/6 931/931/10 932/932/33
f 917/917/5 933/933/5 925/925/3
f 934/934/11 935/935/33 927/927/5
f 927/927/5 926/926/5 934/934/11
f 929/929/33 928/928/33 935/935/33
f 935/935/33 934/934/11 929/929/33
f 936/936/52 933/933/5 917/917/5
f 936/936/52 937/937/5 933/933/5
f 938/938/11 939/939/5 940/940/52
f 936/936/52 941/941/9 937/937/5
f 938/938/11 940/940/52 942/942/11
f 943/943/5 944/944/5 941/941/9
f 941/941/9 936/936/52 943/943/5
f 942/942/11 945/945/33 946/946/47
f 946/946/47 938/938/11 942/942/11
f 944/944/5 943/943/5 947/947/5
f 947/947/5 948/948/5 944/944/5
f 945/945/33 949/949/11 950/950/11
f 950/950/11 946/946/47 945/945/33
f 951/951/5 952/952/6 948/948/5
f 948/948/5 947/947/5 951/951/5
f 950/950/11 949/949/11 953/953/5
f 954/954/10 955/955/6 952/952/6
f 952/952/6 951/951/5 954/954/10
f 953/953/5 949/949/11 956/956/5
f 956/956/5 957/957/5 953/953/5
f 958/958/10 959/959/10 955/955/6
f 955/955/6 954/954/10 958/958/10
f 957/957/5 956/956/5 960/960/11
f 960/960/11 961/961/11 957/957/5
f 962/962/10 963/963/10 959/959/10
f 959/959/10 958/958/10 962/962/10
f 961/961/11 960/960/11 964/964/10
f 964/964/10 965/965/5 961/961/11
f 966/966/10 964/964/10 963/963/10
f 963/963/10 962/962/10 966/966/10
f 965/965/5 964/964/10 966/966/10
f 967/967/133 968/968/134 969/969/134
f 969/969/134 970/970/133 971/971/133
f 969/969/134 971/971/133 972/972/133
f 973/973/151 974/974/133 975/975/152
f 972/972/133 973/973/151 975/975/152
f 975/975/152 976/976/133 977/977/133
f 972/972/133 975/975/152 977/977/133
f 977/977/133 978/978/133 979/979/134
f 979/979/134 980/980/136 981/981/133
f 977/977/133 979/979/134 981/981/133
f 981/981/133 982/982/133 983/983/133
f 977/977/133 981/981/133 983/983/133
f 972/972/133 977/977/133 983/983/133
f 983/983/133 984/984/133 985/985/133
f 983/983/133 985/985/133 986/986/133
f 972/972/133 983/983/133 986/986/133
f 969/969/134 972/972/133 986/986/133
f 967/967/133 969/969/134 986/986/133
f 987/351/153 988/987/154 989/988/155
f 989/988/155 990/353/155 987/351/153
f 990/353/155 989/988/155 991/989/156
f 991/989/156 992/355/156 990/353/155
f 993/349/157 994/990/158 988/987/154
f 988/987/154 987/351/153 993/349/157
f 992/355/156 991/989/156 995/991/159
f 995/991/159 996/358/160 992/355/156
f 997/346/161 998/992/162 994/990/158
f 994/990/158 993/349/157 997/346/161
f 996/358/160 995/991/159 999/993/163
f 999/993/163 1000/361/164 996/358/160
f 1001/345/165 1002/994/165 998/992/162
f 998/992/162 997/346/161 1001/345/165
f 1000/361/164 999/993/163 1003/995/166
f 1003/995/166 1004/365/166 1000/361/164
f 1005/348/167 1006/996/168 1002/994/165
f 1002/994/165 1001/345/165 1005/348/167
f 1004/365/166 1003/995/166 1007/997/169
f 1007/997/169 1008/369/170 1004/365/166
f 1009/350/171 1010/998/172 1006/996/168
f 1006/996/168 1005/348/167 1009/350/171
f 1008/369/170 1007/997/169 1011/999/173
f 1011/999/173 1012/387/174 1008/369/170
f 1013/352/175 1014/1000/176 1010/998/172
f 1010/998/172 1009/350/171 1013/352/175
f 1012/387/174 1011/999/173 1015/1001/177
f 1015/1001/177 1016/393/178 1012/387/174
f 1017/354/179 1018/1002/179 1014/1000/176
f 1014/1000/176 1013/352/175 1017/354/179
f 1016/393/178 1015/1001/177 1019/1003/180
f 1019/1003/180 1020/399/181 1016/393/178
f 1021/357/182 1022/1004/183 1018/1002/179
f 1018/1002/179 1017/354/179 1021/357/182
f 1020/399/181 1019/1003/180 1023/1005/184
f 1023/1005/184 1024/405/185 1020/399/181
f 1025/360/186 1026/1006/187 1022/1004/183
f 1022/1004/183 1021/357/182 1025/360/186
f 1024/405/185 1023/1005/184 1027/1007/188
f 1027/1007/188 1028/411/189 1024/405/185
f 1029/364/190 1030/1008/191 1026/1006/187
f 1026/1006/187 1025/360/186 1029/364/190
f 1028/411/189 1027/1007/188 1031/1009/192
f 1031/1009/192 1032/417/193 1028/411/189
f 1033/367/194 1034/1010/195 1030/1008/191
f 1030/1008/191 1029/364/190 1033/367/194
f 1032/417/193 1031/1009/192 1035/1011/196
f 1035/1011/196 1036/416/197 1032/417/193
f 1037/374/198 1038/1012/199 1034/1010/195
f 1034/1010/195 1033/367/194 1037/374/198
f 1036/416/197 1035/1011/196 1039/1013/200
f 1039/1013/200 1040/404/200 1036/416/197
f 1041/377/201 1042/1014/202 1038/1012/199
f 1038/1012/199 1037/374/198 1041/377/201
f 1040/404/200 1039/1013/200 1043/1015/203
f 1043/1015/203 1044/398/204 1040/404/200
f 1045/380/205 1046/1016/206 1042/1014/202
f 1042/1014/202 1041/377/201 1045/380/205
f 1044/398/204 1043/1015/203 1047/1017/207
f 1047/1017/207 1048/392/207 1044/398/204
f 1049/385/208 1050/1018/208 1046/1016/206
f 1046/1016/206 1045/380/205 1049/385/208
f 1048/392/207 1047/1017/207 1050/1018/208
f 1050/1018/208 1049/385/208 1048/392/207
f 1051/457/209 1052/1019/209 1053/1020/210
f 1053/1020/210 1054/451/211 1051/457/209
f 1054/451/211 1053/1020/210 1055/1021/212
f 1055/1021/212 1056/447/213 1054/451/211
f 1057/1022/214 1052/1019/209 1051/457/209
f 1051/457/209 1058/463/215 1057/1022/214
f 1056/447/213 1055/1021/212 1059/1023/216
f 1059/1023/216 1060/443/217 1056/447/213
f 1061/1024/218 1057/1022/214 1058/463/215
f 1058/463/215 1062/468/219 1061/1024/218
f 1060/443/217 1059/1023/216 1063/1025/220
f 1063/1025/220 1064/437/221 1060/443/217
f 1065/1026/222 1061/1024/218 1062/468/219
f 1062/468/219 1066/473/222 1065/1026/222
f 1064/437/221 1063/1025/220 1067/1027/223
f 1067/1027/223 1068/432/224 1064/437/221
f 1069/1028/225 1065/1026/222 1066/473/222
f 1066/473/222 1070/479/226 1069/1028/225
f 1068/432/224 1067/1027/223 1071/1029/227
f 1071/1029/227 1072/436/228 1068/432/224
f 1073/1030/229 1069/1028/225 1070/479/226
f 1070/479/226 1074/486/230 1073/1030/229
f 1072/436/228 1071/1029/227 1075/1031/231
f 1075/1031/231 1076/442/232 1072/436/228
f 1077/1032/233 1073/1030/229 1074/486/230
f 1074/486/230 1078/504/233 1077/1032/233
f 1076/442/232 1075/1031/231 1079/1033/234
f 1079/1033/234 1080/446/235 1076/442/232
f 1081/1034/236 1077/1032/233 1078/504/233
f 1078/504/233 1082/514/237 1081/1034/236
f 1080/446/235 1079/1033/234 1083/1035/238
f 1083/1035/238 1084/450/238 1080/446/235
f 1085/1036/239 1081/1034/236 1082/514/237
f 1082/514/237 1086/527/239 1085/1036/239
f 1084/450/238 1083/1035/238 1087/1037/240
f 1087/1037/240 1088/461/241 1084/450/238
f 1089/1038/242 1085/1036/239 1086/527/239
f 1086/527/239 1090/540/243 1089/1038/242
f 1088/461/241 1087/1037/240 1091/1039/244
f 1091/1039/244 1092/467/245 1088/461/241
f 1093/1040/246 1089/1038/242 1090/540/243
f 1090/540/243 1094/567/247 1093/1040/246
f 1092/467/245 1091/1039/244 1095/1041/248
f 1095/1041/248 1096/472/249 1092/467/245
f 1097/1042/250 1093/1040/246 1094/567/247
f 1094/567/247 1098/577/251 1097/1042/250
f 1096/472/249 1095/1041/248 1099/1043/252
f 1099/1043/252 1100/484/253 1096/472/249
f 1101/1044/254 1097/1042/250 1098/577/251
f 1098/577/251 1102/590/255 1101/1044/254
f 1100/484/253 1099/1043/252 1103/1045/256
f 1103/1045/256 1104/492/256 1100/484/253
f 1105/1046/257 1101/1044/254 1102/590/255
f 1102/590/255 1106/599/257 1105/1046/257
f 1104/492/256 1103/1045/256 1107/1047/258
f 1107/1047/258 1108/536/258 1104/492/256
f 1109/1048/259 1105/1046/257 1106/599/257
f 1106/599/257 1110/553/260 1109/1048/259
f 1107/1047/258 1109/1048/259 1110/553/260
f 1110/553/260 1108/536/258 1107/1047/258
f 1111/537/261 1112/1049/261 1113/1050/262
f 1113/1050/262 1114/524/263 1111/537/261
f 1114/524/263 1113/1050/262 1115/1051/264
f 1115/1051/264 1116/511/264 1114/524/263
f 1117/1052/265 1112/1049/261 1111/537/261
f 1111/537/261 1118/552/266 1117/1052/265
f 1116/511/264 1115/1051/264 1119/1053/267
f 1119/1053/267 1120/502/268 1116/511/264
f 1121/1054/269 1117/1052/265 1118/552/266
f 1118/552/266 1122/564/270 1121/1054/269
f 1120/502/268 1119/1053/267 1123/1055/271
f 1123/1055/271 1124/493/272 1120/502/268
f 1125/1056/273 1121/1054/269 1122/564/270
f 1122/564/270 1126/575/274 1125/1056/273
f 1124/493/272 1123/1055/271 1127/1057/275
f 1127/1057/275 1128/485/276 1124/493/272
f 1129/1058/277 1125/1056/273 1126/575/274
f 1126/575/274 1130/587/278 1129/1058/277
f 1128/485/276 1127/1057/275 1131/1059/279
f 1131/1059/279 1132/478/280 1128/485/276
f 1133/1060/281 1129/1058/277 1130/587/278
f 1130/587/278 1134/600/282 1133/1060/281
f 1132/478/280 1131/1059/279 1135/1061/283
f 1135/1061/283 1136/483/283 1132/478/280
f 1137/1062/284 1133/1060/281 1134/600/282
f 1134/600/282 1138/605/284 1137/1062/284
f 1136/483/283 1135/1061/283 1139/1063/285
f 1139/1063/285 1140/491/285 1136/483/283
f 1141/1064/286 1137/1062/284 1138/605/284
f 1138/605/284 1142/633/286 1141/1064/286
f 1140/491/285 1139/1063/285 1143/1065/287
f 1143/1065/287 1144/510/287 1140/491/285
f 1145/1066/288 1141/1064/286 1142/633/286
f 1142/633/286 1146/646/289 1145/1066/288
f 1144/510/287 1143/1065/287 1147/1067/290
f 1147/1067/290 1148/535/290 1144/510/287
f 1149/1068/291 1145/1066/288 1146/646/289
f 1146/646/289 1150/668/292 1149/1068/291
f 1148/535/290 1147/1067/290 1151/1069/293
f 1151/1069/293 1152/521/294 1148/535/290
f 1153/1070/295 1149/1068/291 1150/668/292
f 1150/668/292 1154/685/295 1153/1070/295
f 1152/521/294 1151/1069/293 1155/1071/296
f 1155/1071/296 1156/522/297 1152/521/294
f 1157/1072/298 1153/1070/295 1154/685/295
f 1154/685/295 1158/675/299 1157/1072/298
f 1156/522/297 1155/1071/296 1159/1073/300
f 1159/1073/300 1160/523/301 1156/522/297
f 1161/1074/302 1157/1072/298 1158/675/299
f 1158/675/299 1162/674/303 1161/1074/302
f 1160/523/301 1159/1073/300 1163/1075/304
f 1163/1075/304 1164/550/305 1160/523/301
f 1165/1076/306 1161/1074/302 1162/674/303
f 1162/674/303 1166/652/307 1165/1076/306
f 1164/550/305 1163/1075/304 1167/1077/308
f 1167/1077/308 1168/562/308 1164/550/305
f 1169/1078/309 1165/1076/306 1166/652/307
f 1166/652/307 1170/642/309 1169/1078/309
f 1168/562/308 1167/1077/308 1171/1079/310
f 1171/1079/310 1172/573/311 1168/562/308
f 1173/1080/312 1169/1078/309 1170/642/309
f 1170/642/309 1174/629/313 1173/1080/312
f 1172/573/311 1171/1079/310 1175/1081/258
f 1175/1081/258 1176/585/258 1172/573/311
f 1177/1082/314 1173/1080/312 1174/629/313
f 1174/629/313 1178/598/314 1177/1082/314
f 1175/1081/258 1177/1082/314 1178/598/314
f 1178/598/314 1176/585/258 1175/1081/258
f 1179/586/209 1180/1083/209 1181/1084/315
f 1181/1084/315 1182/574/315 1179/586/209
f 1182/574/315 1181/1084/315 1183/1085/316
f 1183/1085/316 1184/563/317 1182/574/315
f 1185/1086/318 1180/1083/209 1179/586/209
f 1179/586/209 1186/597/319 1185/1086/318
f 1184/563/317 1183/1085/316 1187/1087/320
f 1187/1087/320 1188/551/320 1184/563/317
f 1189/1088/321 1185/1086/318 1186/597/319
f 1186/597/319 1190/630/322 1189/1088/321
f 1188/551/320 1187/1087/320 1191/1089/323
f 1191/1089/323 1192/533/323 1188/551/320
f 1193/1090/324 1189/1088/321 1190/630/322
f 1190/630/322 1194/643/325 1193/1090/324
f 1192/533/323 1191/1089/323 1195/1091/326
f 1195/1091/326 1196/534/327 1192/533/323
f 1197/1092/328 1193/1090/324 1194/643/325
f 1194/643/325 1198/653/328 1197/1092/328
f 1196/534/327 1195/1091/326 1199/1093/329
f 1199/1093/329 1200/549/330 1196/534/327
f 1201/1094/331 1197/1092/328 1198/653/328
f 1198/653/328 1202/664/332 1201/1094/331
f 1200/549/330 1199/1093/329 1203/1095/333
f 1203/1095/333 1204/561/334 1200/549/330
f 1205/1096/335 1201/1094/331 1202/664/332
f 1202/664/332 1206/677/336 1205/1096/335
f 1204/561/334 1203/1095/333 1207/1097/337
f 1207/1097/337 1208/572/338 1204/561/334
f 1209/1098/339 1205/1096/335 1206/677/336
f 1206/677/336 1210/686/340 1209/1098/339
f 1208/572/338 1207/1097/337 1211/1099/341
f 1211/1099/341 1212/583/342 1208/572/338
f 1213/1100/343 1209/1098/339 1210/686/340
f 1210/686/340 1214/694/343 1213/1100/343
f 1212/583/342 1211/1099/341 1215/1101/344
f 1215/1101/344 1216/596/345 1212/583/342
f 1217/1102/346 1213/1100/343 1214/694/343
f 1214/694/343 1218/714/347 1217/1102/346
f 1216/596/345 1215/1101/344 1219/1103/348
f 1219/1103/348 1220/628/349 1216/596/345
f 1221/1104/350 1217/1102/346 1218/714/347
f 1218/714/347 1222/720/351 1221/1104/350
f 1220/628/349 1219/1103/348 1223/1105/352
f 1223/1105/352 1224/641/353 1220/628/349
f 1225/1106/354 1221/1104/350 1222/720/351
f 1222/720/351 1226/724/355 1225/1106/354
f 1224/641/353 1223/1105/352 1227/1107/356
f 1227/1107/356 1228/651/357 1224/641/353
f 1229/1108/358 1225/1106/354 1226/724/355
f 1226/724/355 1230/728/359 1229/1108/358
f 1228/651/357 1227/1107/356 1231/1109/360
f 1231/1109/360 1232/662/360 1228/651/357
f 1233/1110/361 1229/1108/358 1230/728/359
f 1230/728/359 1234/733/362 1233/1110/361
f 1232/662/360 1231/1109/360 1235/1111/363
f 1235/1111/363 1236/673/363 1232/662/360
f 1237/1112/364 1233/1110/361 1234/733/362
f 1234/733/362 1238/738/365 1237/1112/364
f 1236/673/363 1235/1111/363 1239/1113/366
f 1239/1113/366 1240/684/366 1236/673/363
f 1241/1114/367 1237/1112/364 1238/738/365
f 1238/738/365 1242/745/367 1241/1114/367
f 1240/684/366 1239/1113/366 1243/1115/258
f 1243/1115/258 1244/693/258 1240/684/366
f 1245/1116/368 1241/1114/367 1242/745/367
f 1242/745/367 1246/752/368 1245/1116/368
f 1243/1115/258 1245/1116/368 1246/752/368
f 1246/752/368 1244/693/258 1243/1115/258
f 1247/788/369 1248/1117/370 1249/1118/371
f 1249/1118/371 1250/794/372 1247/788/369
f 1249/1118/371 1251/1119/373 1252/802/374
f 1252/802/374 1250/794/372 1249/1118/371
f 1253/781/375 1254/1120/376 1248/1117/370
f 1248/1117/370 1247/788/369 1253/781/375
f 1251/1119/373 1255/1121/377 1256/809/378
f 1256/809/378 1252/802/374 1251/1119/373
f 1257/774/379 1258/1122/380 1254/1120/376
f 1254/1120/376 1253/781/375 1257/774/379
f 1255/1121/377 1259/1123/381 1260/816/382
f 1260/816/382 1256/809/378 1255/1121/377
f 1261/765/383 1262/1124/384 1258/1122/380
f 1258/1122/380 1257/774/379 1261/765/383
f 1259/1123/381 1263/1125/385 1264/824/386
f 1264/824/386 1260/816/382 1259/1123/381
f 1265/758/387 1266/1126/388 1262/1124/384
f 1262/1124/384 1261/765/383 1265/758/387
f 1263/1125/385 1267/1127/389 1268/830/390
f 1268/830/390 1264/824/386 1263/1125/385
f 1269/750/391 1270/1128/392 1266/1126/388
f 1266/1126/388 1265/758/387 1269/750/391
f 1267/1127/389 1271/1129/393 1272/836/394
f 1272/836/394 1268/830/390 1267/1127/389
f 1273/744/395 1274/1130/396 1270/1128/392
f 1270/1128/392 1269/750/391 1273/744/395
f 1271/1129/393 1275/1131/397 1276/841/398
f 1276/841/398 1272/836/394 1271/1129/393
f 1277/737/399 1278/1132/400 1274/1130/396
f 1274/1130/396 1273/744/395 1277/737/399
f 1275/1131/397 1279/1133/401 1280/849/402
f 1280/849/402 1276/841/398 1275/1131/397
f 1281/743/403 1282/1134/404 1278/1132/400
f 1278/1132/400 1277/737/399 1281/743/403
f 1279/1133/401 1283/1135/405 1284/865/405
f 1284/865/405 1280/849/402 1279/1133/401
f 1285/749/406 1286/1136/407 1282/1134/404
f 1282/1134/404 1281/743/403 1285/749/406
f 1283/1135/405 1287/1137/408 1288/874/409
f 1288/874/409 1284/865/405 1283/1135/405
f 1289/757/410 1290/1138/411 1286/1136/407
f 1286/1136/407 1285/749/406 1289/757/410
f 1287/1137/408 1291/1139/412 1292/880/413
f 1292/880/413 1288/874/409 1287/1137/408
f 1293/764/414 1294/1140/415 1290/1138/411
f 1290/1138/411 1289/757/410 1293/764/414
f 1291/1139/412 1295/1141/416 1296/886/417
f 1296/886/417 1292/880/413 1291/1139/412
f 1297/773/418 1298/1142/419 1294/1140/415
f 1294/1140/415 1293/764/414 1297/773/418
f 1295/1141/416 1299/1143/420 1300/887/421
f 1300/887/421 1296/886/417 1295/1141/416
f 1301/780/422 1302/1144/423 1298/1142/419
f 1298/1142/419 1297/773/418 1301/780/422
f 1299/1143/420 1303/1145/424 1304/881/425
f 1304/881/425 1300/887/421 1299/1143/420
f 1305/787/426 1306/1146/427 1302/1144/423
f 1302/1144/423 1301/780/422 1305/787/426
f 1303/1145/424 1307/1147/428 1308/875/429
f 1308/875/429 1304/881/425 1303/1145/424
f 1309/793/430 1310/1148/431 1306/1146/427
f 1306/1146/427 1305/787/426 1309/793/430
f 1307/1147/428 1311/1149/432 1312/867/433
f 1312/867/433 1308/875/429 1307/1147/428
f 1313/801/434 1314/1150/435 1310/1148/431
f 1310/1148/431 1309/793/430 1313/801/434
f 1311/1149/432 1315/1151/436 1316/857/436
f 1316/857/436 1312/867/433 1311/1149/432
f 1317/808/437 1318/1152/438 1314/1150/435
f 1314/1150/435 1313/801/434 1317/808/437
f 1315/1151/436 1319/1153/439 1320/850/440
f 1320/850/440 1316/857/436 1315/1151/436
f 1321/815/441 1322/1154/442 1318/1152/438
f 1318/1152/438 1317/808/437 1321/815/441
f 1319/1153/439 1323/1155/443 1324/842/443
f 1324/842/443 1320/850/440 1319/1153/439
f 1325/823/444 1326/1156/444 1322/1154/442
f 1322/1154/442 1321/815/441 1325/823/444
f 1323/1155/443 1327/1157/445 1328/837/445
f 1328/837/445 1324/842/443 1323/1155/443
f 1329/818/446 1330/1158/447 1326/1156/444
f 1326/1156/444 1325/823/444 1329/818/446
f 1327/1157/445 1331/1159/448 1332/831/449
f 1332/831/449 1328/837/445 1327/1157/445
f 1333/811/450 1334/1160/450 1330/1158/447
f 1330/1158/447 1329/818/446 1333/811/450
f 1331/1159/448 1335/1161/451 1336/826/452
f 1336/826/452 1332/831/449 1331/1159/448
f 1337/805/453 1338/1162/453 1334/1160/450
f 1334/1160/450 1333/811/450 1337/805/453
f 1335/1161/451 1339/1163/454 1340/817/454
f 1340/817/454 1336/826/452 1335/1161/451
f 1341/797/455 1342/1164/455 1338/1162/453
f 1338/1162/453 1337/805/453 1341/797/455
f 1339/1163/454 1343/1165/456 1344/810/456
f 1344/810/456 1340/817/454 1339/1163/454
f 1345/790/457 1346/1166/457 1342/1164/455
f 1342/1164/455 1341/797/455 1345/790/457
f 1343/1165/456 1347/1167/458 1348/804/459
f 1348/804/459 1344/810/456 1343/1165/456
f 1349/783/460 1350/1168/461 1346/1166/457
f 1346/1166/457 1345/790/457 1349/783/460
f 1347/1167/458 1351/1169/462 1352/796/463
f 1352/796/463 1348/804/459 1347/1167/458
f 1353/767/464 1354/1170/465 1350/1168/461
f 1350/1168/461 1349/783/460 1353/767/464
f 1351/1169/462 1355/1171/466 1356/782/467
f 1356/782/467 1352/796/463 1351/1169/462
f 1357/760/468 1358/1172/469 1354/1170/465
f 1354/1170/465 1353/767/464 1357/760/468
f 1355/1171/466 1359/1173/470 1360/775/471
f 1360/775/471 1356/782/467 1355/1171/466
f 1361/751/472 1362/1174/473 1358/1172/469
f 1358/1172/469 1357/760/468 1361/751/472
f 1359/1173/470 1363/1175/474 1364/766/474
f 1364/766/474 1360/775/471 1359/1173/470
f 1365/702/475 1366/1176/475 1362/1174/473
f 1362/1174/473 1361/751/472 1365/702/475
f 1363/1175/474 1367/1177/476 1368/759/476
f 1368/759/476 1364/766/474 1363/1175/474
f 1367/1177/476 1366/1176/475 1365/702/475
f 1365/702/475 1368/759/476 1367/1177/476
f 1369/413/477 1370/1178/478 1371/1179/479
f 1371/1179/479 1372/419/480 1369/413/477
f 1372/419/480 1371/1179/479 1373/1180/481
f 1373/1180/481 1374/422/482 1372/419/480
f 1375/408/483 1376/1181/483 1370/1178/478
f 1370/1178/478 1369/413/477 1375/408/483
f 1374/422/482 1373/1180/481 1377/1182/484
f 1377/1182/484 1378/426/485 1374/422/482
f 1379/401/486 1380/1183/487 1376/1181/483
f 1376/1181/483 1375/408/483 1379/401/486
f 1378/426/485 1377/1182/484 1381/1184/488
f 1381/1184/488 1382/430/489 1378/426/485
f 1383/395/490 1384/1185/491 1380/1183/487
f 1380/1183/487 1379/401/486 1383/395/490
f 1382/430/489 1381/1184/488 1385/1186/492
f 1385/1186/492 1386/439/492 1382/430/489
f 1387/389/493 1388/1187/493 1384/1185/491
f 1384/1185/491 1383/395/490 1387/389/493
f 1386/439/492 1385/1186/492 1389/1188/494
f 1389/1188/494 1390/433/494 1386/439/492
f 1391/383/495 1392/1189/496 1388/1187/493
f 1388/1187/493 1387/389/493 1391/383/495
f 1390/433/494 1389/1188/494 1393/1190/497
f 1393/1190/497 1394/428/498 1390/433/494
f 1395/379/499 1396/1191/500 1392/1189/496
f 1392/1189/496 1391/383/495 1395/379/499
f 1394/428/498 1393/1190/497 1397/1192/501
f 1397/1192/501 1398/425/502 1394/428/498
f 1399/376/503 1400/1193/504 1396/1191/500
f 1396/1191/500 1395/379/499 1399/376/503
f 1398/425/502 1397/1192/501 1401/1194/505
f 1401/1194/505 1402/421/506 1398/425/502
f 1403/373/507 1404/1195/508 1400/1193/504
f 1400/1193/504 1399/376/503 1403/373/507
f 1402/421/506 1401/1194/505 1405/1196/509
f 1405/1196/509 1406/418/509 1402/421/506
f 1407/370/510 1408/1197/511 1404/1195/508
f 1404/1195/508 1403/373/507 1407/370/510
f 1406/418/509 1405/1196/509 1409/1198/512
f 1409/1198/512 1410/412/513 1406/418/509
f 1411/366/514 1412/1199/515 1408/1197/511
f 1408/1197/511 1407/370/510 1411/366/514
f 1410/412/513 1409/1198/512 1413/1200/516
f 1413/1200/516 1414/406/517 1410/412/513
f 1415/359/518 1416/1201/519 1412/1199/515
f 1412/1199/515 1411/366/514 1415/359/518
f 1414/406/517 1413/1200/516 1417/1202/520
f 1417/1202/520 1418/400/520 1414/406/517
f 1419/362/521 1420/1203/521 1416/1201/519
f 1416/1201/519 1415/359/518 1419/362/521
f 1418/400/520 1417/1202/520 1421/1204/522
f 1421/1204/522 1422/394/522 1418/400/520
f 1423/368/523 1424/1205/524 1420/1203/521
f 1420/1203/521 1419/362/521 1423/368/523
f 1422/394/522 1421/1204/522 1425/1206/525
f 1425/1206/525 1426/382/526 1422/394/522
f 1427/372/527 1428/1207/528 1424/1205/524
f 1424/1205/524 1423/368/523 1427/372/527
f 1426/382/526 1425/1206/525 1429/1208/529
f 1429/1208/529 1430/378/530 1426/382/526
f 1431/375/531 1432/1209/532 1428/1207/528
f 1428/1207/528 1427/372/527 1431/375/531
f 1430/378/530 1429/1208/529 1432/1209/532
f 1432/1209/532 1431/375/531 1430/378/530
f 1433/1210/89 1434/1210/5 1435/1210/5
f 1435/1210/5 1436/1210/89 1433/1210/89
f 1437/1210/10 1433/1210/89 1436/1210/89
f 1436/1210/89 1438/1210/97 1437/1210/10
f 1434/1210/5 1439/1210/9 1440/1210/10
f 1440/1210/10 1435/1210/5 1434/1210/5
f 1441/1210/67 1437/1210/10 1438/1210/97
f 1438/1210/97 1442/1210/67 1441/1210/67
f 1439/1210/9 1443/1210/533 1444/1210/533
f 1444/1210/533 1440/1210/10 1439/1210/9
f 1445/1210/30 1441/1210/67 1442/1210/67
f 1442/1210/67 1446/1210/29 1445/1210/30
f 1443/1210/533 1447/1210/87 1448/1210/87
f 1448/1210/87 1444/1210/533 1443/1210/533
f 1449/1210/9 1445/1210/30 1446/1210/29
f 1446/1210/29 1450/1210/9 1449/1210/9
f 1447/1210/87 1451/1210/5 1452/1210/78
f 1452/1210/78 1448/1210/87 1447/1210/87
f 1453/1210/5 1449/1210/9 1450/1210/9
f 1450/1210/9 1454/1210/5 1453/1210/5
f 1451/1210/5 1455/1210/25 1456/1210/25
f 1456/1210/25 1452/1210/78 1451/1210/5
f 1457/1210/30 1453/1210/5 1454/1210/5
f 1454/1210/5 1458/1210/30 1457/1210/30
f 1455/1210/25 1459/1210/3 1460/1210/3
f 1460/1210/3 1456/1210/25 1455/1210/25
f 1461/1210/6 1457/1210/30 1458/1210/30
f 1458/1210/30 1462/1210/6 1461/1210/6
f 1459/1210/3 1463/1210/33 1464/1210/33
f 1464/1210/33 1460/1210/3 1459/1210/3
f 1465/1210/5 1461/1210/6 1462/1210/6
f 1462/1210/6 1466/1210/6 1465/1210/5
f 1463/1210/33 1467/1210/3 1468/1210/3
f 1468/1210/3 1464/1210/33 1463/1210/33
f 1469/1210/11 1465/1210/5 1466/1210/6
f 1466/1210/6 1470/1210/47 1469/1210/11
f 1467/1210/3 1471/1210/41 1472/1210/44
f 1472/1210/44 1468/1210/3 1467/1210/3
f 1473/1210/5 1469/1210/11 1470/1210/47
f 1470/1210/47 1474/1210/8 1473/1210/5
f 1471/1210/41 1475/1210/534 1476/1210/535
f 1476/1210/535 1472/1210/44 1471/1210/41
f 1477/1210/141 1473/1210/5 1474/1210/8
f 1474/1210/8 1478/1210/3 1477/1210/141
f 1475/1210/534 1479/1210/41 1480/1210/65
f 1480/1210/65 1476/1210/535 1475/1210/534
f 1481/1210/3 1477/1210/141 1478/1210/3
f 1478/1210/3 1482/1210/3 1481/1210/3
f 1479/1210/41 1483/1210/3 1484/1210/34
f 1484/1210/34 1480/1210/65 1479/1210/41
f 1485/1210/21 1481/1210/3 1482/1210/3
f 1482/1210/3 1486/1210/21 1485/1210/21
f 1483/1210/3 1487/1210/70 1488/1210/70
f 1488/1210/70 1484/1210/34 1483/1210/3
f 1489/1210/5 1485/1210/21 1486/1210/21
f 1486/1210/21 1490/1210/11 1489/1210/5
f 1487/1210/70 1491/1210/3 1492/1210/5
f 1492/1210/5 1488/1210/70 1487/1210/70
f 1493/1210/536 1489/1210/5 1490/1210/11
f 1490/1210/11 1494/1210/3 1493/1210/536
f 1491/1210/3 1495/1210/10 1496/1210/10
f 1496/1210/10 1492/1210/5 1491/1210/3
f 1497/1210/3 1493/1210/536 1494/1210/3
f 1494/1210/3 1498/1210/70 1497/1210/3
f 1495/1210/10 1499/1210/150 1500/1210/28
f 1500/1210/28 1496/1210/10 1495/1210/10
f 1501/1210/5 1497/1210/3 1498/1210/70
f 1498/1210/70 1502/1210/70 1501/1210/5
f 1499/1210/150 1503/1210/11 1504/1210/34
f 1504/1210/34 1500/1210/28 1499/1210/150
f 1505/1210/92 1501/1210/5 1502/1210/70
f 1502/1210/70 1506/1210/44 1505/1210/92
f 1503/1210/11 1507/1210/22 1508/1210/5
f 1508/1210/5 1504/1210/34 1503/1210/11
f 1509/1210/5 1505/1210/92 1506/1210/44
f 1506/1210/44 1510/1210/3 1509/1210/5
f 1507/1210/22 1511/1210/139 1512/1210/36
f 1512/1210/36 1508/1210/5 1507/1210/22
f 1513/1210/41 1509/1210/5 1510/1210/3
f 1510/1210/3 1514/1210/41 1513/1210/41
f 1511/1210/139 1515/1210/11 1516/1210/47
f 1516/1210/47 1512/1210/36 1511/1210/139
f 1517/1210/3 1513/1210/41 1514/1210/41
f 1514/1210/41 1518/1210/3 1517/1210/3
f 1515/1210/11 1519/1210/8 1520/1210/8
f 1520/1210/8 1516/1210/47 1515/1210/11
f 1521/1210/5 1517/1210/3 1518/1210/3
f 1518/1210/3 1522/1210/5 1521/1210/5
f 1519/1210/8 1523/1210/19 1524/1211/19
f 1524/1211/19 1520/1210/8 1519/1210/8
f 1525/1212/5 1521/1210/5 1522/1210/5
f 1522/1210/5 1526/1212/145 1525/1212/5
f 1523/1210/19 1527/1211/52 1528/1210/52
f 1528/1210/52 1524/1211/19 1523/1210/19
f 1529/1210/537 1525/1212/5 1526/1212/145
f 1526/1212/145 1530/1210/537 1529/1210/537
f 1527/1211/52 1531/1210/10 1532/1210/10
f 1532/1210/10 1528/1210/52 1527/1211/52
f 1533/1210/56 1529/1210/537 1530/1210/537
f 1530/1210/537 1534/1210/56 1533/1210/56
f 1531/1210/10 1535/1210/9 1536/1210/9
f 1536/1210/9 1532/1210/10 1531/1210/10
f 1537/1210/87 1533/1210/56 1534/1210/56
f 1534/1210/56 1538/1210/87 1537/1210/87
f 1535/1210/9 1539/1210/5 1540/1210/5
f 1540/1210/5 1536/1210/9 1535/1210/9
f 1541/1213/78 1537/1210/87 1538/1210/87
f 1538/1210/87 1542/1213/5 1541/1213/78
f 1539/1210/10 1543/1214/67 1544/1210/67
f 1544/1210/67 1545/1214/10 1539/1210/10
f 1546/1210/51 1541/1213/78 1542/1213/5
f 1542/1213/5 1547/1210/51 1546/1210/51
f 1543/1214/67 1548/1210/5 1549/1210/10
f 1549/1210/10 1544/1210/67 1543/1214/67
f 1550/1210/89 1546/1210/51 1547/1210/51
f 1547/1210/51 1551/1210/5 1550/1210/89
f 1548/1210/5 1552/1210/64 1553/1210/64
f 1553/1210/64 1549/1210/10 1548/1210/5
f 1552/1210/64 1550/1210/89 1551/1210/5
f 1551/1210/5 1553/1210/64 1552/1210/64
f 1554/1215/538 1555/1215/539 1556/1215/540
f 1556/1215/540 1557/1215/541 1554/1215/538
f 1558/1215/542 1554/1215/538 1557/1215/541
f 1557/1215/541 1559/1215/543 1558/1215/542
f 1555/1215/539 1560/1215/544 1561/1215/545
f 1561/1215/545 1556/1215/540 1555/1215/539
f 1562/1216/546 1563/1215/542 1559/1215/543
f 1559/1215/543 1564/1215/547 1562/1216/546
f 1560/1215/544 1565/1215/548 1566/1216/549
f 1566/1216/549 1561/1215/545 1560/1215/544
f 1567/1216/550 1568/1215/546 1564/1215/551
f 1564/1215/551 1569/1215/552 1567/1216/550
f 1570/1215/548 1571/1215/553 1572/1215/554
f 1572/1215/554 1573/1215/549 1570/1215/548
f 1574/1217/555 1567/1216/550 1569/1215/552
f 1569/1215/552 1575/1218/556 1574/1217/555
f 1571/1215/553 1576/1219/557 1577/1220/558
f 1577/1220/558 1572/1215/554 1571/1215/553
f 1578/1215/559 1574/1217/555 1575/1218/556
f 1575/1218/556 1579/1216/560 1578/1215/559
f 1576/1219/557 1580/1215/561 1581/1216/562
f 1581/1216/562 1577/1220/558 1576/1219/557
f 1582/1215/563 1583/1216/564 1584/1215/560
f 1584/1215/560 1585/1215/565 1582/1215/563
f 1580/1215/561 1586/1215/566 1587/1215/567
f 1587/1215/567 1581/1216/562 1580/1215/561
f 1588/1215/568 1582/1215/563 1589/1216/565
f 1589/1216/565 1590/1215/569 1588/1215/568
f 1591/1215/570 1592/1215/571 1593/1216/572
f 1593/1216/572 1594/1216/573 1591/1215/570
f 1595/1215/574 1588/1215/568 1590/1215/569
f 1590/1215/569 1596/1215/575 1595/1215/574
f 1592/1215/571 1597/1215/576 1598/1221/577
f 1598/1221/577 1593/1216/572 1592/1215/571
f 1599/1222/578 1595/1215/579 1600/1215/575
f 1600/1215/575 1601/1223/580 1599/1222/578
f 1602/1215/581 1603/1216/582 1604/1215/583
f 1604/1215/583 1605/1216/584 1602/1215/581
f 1606/1216/585 1599/1222/578 1601/1223/580
f 1601/1223/580 1607/1216/586 1606/1216/585
f 1608/1224/587 1609/1216/588 1610/1216/589
f 1610/1216/589 1611/1215/590 1608/1224/587
f 1612/1216/591 1606/1216/585 1607/1216/586
f 1607/1216/586 1613/1216/592 1612/1216/591
f 1614/1215/588 1615/1215/593 1616/1215/594
f 1616/1215/594 1617/1215/589 1614/1215/588
f 1618/1225/595 1612/1216/591 1613/1216/592
f 1613/1216/592 1619/1226/596 1618/1225/595
f 1620/1227/593 1621/1216/597 1622/1216/598
f 1622/1216/598 1623/1228/594 1620/1227/593
f 1624/1215/599 1618/1225/595 1619/1226/596
f 1619/1226/596 1625/1215/600 1624/1215/599
f 1621/1216/597 1626/1216/601 1627/1216/602
f 1627/1216/602 1622/1216/598 1621/1216/597
f 1628/1215/603 1624/1215/599 1625/1215/600
f 1625/1215/600 1629/1215/603 1628/1215/603
f 1626/1216/601 1630/1215/604 1631/1215/605
f 1631/1215/605 1627/1216/602 1626/1216/601
f 1632/1215/606 1628/1215/603 1629/1215/603
f 1629/1215/603 1633/1215/607 1632/1215/606
f 1630/1215/604 1634/1215/608 1635/1215/608
f 1635/1215/608 1631/1215/605 1630/1215/604
f 1636/1215/609 1637/1216/606 1638/1216/610
f 1638/1216/610 1639/1216/611 1636/1215/609
f 1634/1215/608 1640/1215/612 1641/1215/613
f 1641/1215/613 1635/1215/608 1634/1215/608
f 1642/1215/614 1643/1215/609 1644/1215/611
f 1644/1215/611 1645/1215/615 1642/1215/614
f 1640/1215/612 1646/1215/616 1647/1215/617
f 1647/1215/617 1641/1215/613 1640/1215/612
f 1648/1215/618 1642/1215/614 1645/1215/615
f 1645/1215/615 1649/1215/619 1648/1215/618
f 1646/1215/616 1650/1215/620 1651/1215/621
f 1651/1215/621 1647/1215/617 1646/1215/616
f 1652/1215/622 1653/1215/618 1654/1215/623
f 1654/1215/623 1655/1215/624 1652/1215/622
f 1650/1215/620 1656/1215/625 1657/1215/626
f 1657/1215/626 1651/1215/621 1650/1215/620
f 1658/1215/627 1659/1215/628 1652/1215/622
f 1652/1215/622 1655/1215/624 1658/1215/627
f 1656/1215/625 1660/1215/629 1661/1215/630
f 1661/1215/630 1657/1215/626 1656/1215/625
f 1662/1215/631 1663/1215/632 1659/1215/628
f 1659/1215/628 1658/1215/627 1662/1215/631
f 1664/1216/630 1665/1216/629 1666/1215/633
f 1666/1215/633 1667/1216/634 1664/1216/630
f 1668/1215/635 1669/1215/636 1663/1215/632
f 1663/1215/632 1662/1215/631 1668/1215/635
f 1670/1215/634 1666/1215/633 1671/1215/637
f 1671/1215/637 1672/1215/638 1670/1215/634
f 1673/1215/639 1674/1215/640 1669/1215/636
f 1669/1215/636 1668/1215/635 1673/1215/639
f 1672/1215/638 1671/1215/637 1675/1215/641
f 1675/1215/641 1676/1216/642 1672/1215/638
f 1677/1216/643 1678/1216/644 1674/1215/640
f 1674/1215/640 1673/1215/639 1677/1216/643
f 1676/1216/642 1675/1215/641 1679/1215/645
f 1679/1215/645 1680/1215/646 1676/1216/642
f 1681/1215/647 1682/1215/648 1678/1216/644
f 1678/1216/644 1677/1216/643 1681/1215/647
f 1680/1215/646 1679/1215/645 1683/1215/649
f 1683/1215/649 1684/1215/650 1680/1215/646
f 1685/1215/651 1686/1216/652 1682/1215/648
f 1682/1215/648 1681/1215/647 1685/1215/651
f 1684/1215/650 1683/1215/649 1687/1215/653
f 1687/1215/653 1688/1215/654 1684/1215/650
f 1689/1216/655 1690/1215/656 1686/1216/652
f 1686/1216/652 1685/1215/651 1689/1216/655
f 1688/1215/654 1687/1215/653 1691/1215/657
f 1691/1215/657 1692/1215/658 1688/1215/654
f 1693/1215/659 1694/1215/660 1690/1215/656
f 1690/1215/656 1689/1216/655 1693/1215/659
f 1695/1216/658 1691/1215/657 1696/1215/661
f 1696/1215/661 1697/1215/662 1695/1216/658
f 1698/1215/663 1699/1216/664 1700/1216/660
f 1700/1216/660 1701/1216/659 1698/1215/663
f 1697/1215/662 1696/1215/661 1702/1215/665
f 1702/1215/665 1703/1215/666 1697/1215/662
f 1703/1215/666 1702/1215/665 1704/1215/667
f 1704/1215/667 1698/1215/663 1703/1215/666
f 1705/1210/668 1706/1210/669 1707/1210/670
f 1707/1210/670 1708/1210/671 1705/1210/668
f 1708/1210/671 1707/1210/670 1709/1210/672
f 1709/1210/672 1710/1210/673 1708/1210/671
f 1711/1210/674 1712/1210/675 1706/1210/669
f 1706/1210/669 1705/1210/668 1711/1210/674
f 1710/1210/673 1709/1210/672 1713/1210/676
f 1713/1210/676 1714/1210/677 1710/1210/673
f 1715/1210/678 1716/1210/679 1712/1210/675
f 1712/1210/675 1711/1210/674 1715/1210/678
f 1714/1210/677 1713/1210/676 1717/1210/680
f 1717/1210/680 1718/1210/681 1714/1210/677
f 1719/1210/682 1720/1210/683 1716/1210/679
f 1716/1210/679 1715/1210/678 1719/1210/682
f 1718/1210/681 1717/1210/680 1721/1210/684
f 1721/1210/684 1722/1210/685 1718/1210/681
f 1723/1210/686 1724/1210/687 1720/1210/683
f 1720/1210/683 1719/1210/682 1723/1210/686
f 1722/1210/685 1721/1210/684 1725/1210/688
f 1725/1210/688 1726/1210/689 1722/1210/685
f 1727/1210/690 1728/1210/691 1724/1210/687
f 1724/1210/687 1723/1210/686 1727/1210/690
f 1726/1210/689 1725/1210/688 1729/1210/692
f 1729/1210/692 1730/1210/693 1726/1210/689
f 1731/1210/694 1732/1210/695 1728/1210/691
f 1728/1210/691 1727/1210/690 1731/1210/694
f 1730/1210/693 1729/1210/692 1733/1210/696
f 1733/1210/696 1734/1210/697 1730/1210/693
f 1735/1210/698 1736/1210/699 1732/1210/695
f 1732/1210/695 1731/1210/694 1735/1210/698
f 1734/1210/697 1733/1210/696 1737/1210/700
f 1737/1210/700 1738/1210/701 1734/1210/697
f 1739/1210/702 1740/1210/703 1736/1210/699
f 1736/1210/699 1735/1210/698 1739/1210/702
f 1738/1210/701 1737/1210/700 1741/1210/704
f 1741/1210/704 1742/1210/705 1738/1210/701
f 1743/1210/706 1744/1210/707 1740/1210/703
f 1740/1210/703 1739/1210/702 1743/1210/706
f 1742/1210/705 1741/1210/704 1745/1210/708
f 1745/1210/708 1746/1210/709 1742/1210/705
f 1747/1210/710 1748/1210/711 1744/1210/707
f 1744/1210/707 1743/1210/706 1747/1210/710
f 1746/1210/709 1745/1210/708 1749/1210/712
f 1749/1210/712 1750/1210/713 1746/1210/709
f 1751/1210/714 1752/1210/715 1748/1210/711
f 1748/1210/711 1747/1210/710 1751/1210/714
f 1750/1210/713 1749/1210/712 1753/1210/716
f 1753/1210/716 1754/1210/717 1750/1210/713
f 1755/1210/718 1756/1210/719 1752/1210/715
f 1752/1210/715 1751/1210/714 1755/1210/718
f 1754/1210/717 1753/1210/716 1757/1210/720
f 1757/1210/720 1758/1210/721 1754/1210/717
f 1759/1210/722 1760/1210/723 1756/1210/719
f 1756/1210/719 1755/1210/718 1759/1210/722
f 1758/1210/721 1757/1210/720 1761/1210/724
f 1761/1210/724 1762/1210/725 1758/1210/721
f 1763/1210/726 1764/1210/727 1760/1210/723
f 1760/1210/723 1759/1210/722 1763/1210/726
f 1762/1210/725 1761/1210/724 1765/1210/728
f 1765/1210/728 1766/1210/729 1762/1210/725
f 1767/1210/730 1768/1210/730 1764/1210/727
f 1764/1210/727 1763/1210/726 1767/1210/730
f 1766/1210/729 1765/1210/728 1769/1210/731
f 1769/1210/731 1770/1210/732 1766/1210/729
f 1771/1210/733 1772/1210/733 1768/1210/730
f 1768/1210/730 1767/1210/730 1771/1210/733
f 1770/1210/732 1769/1210/731 1773/1210/734
f 1773/1210/734 1774/1210/735 1770/1210/732
f 1775/1210/736 1776/1210/737 1772/1210/733
f 1772/1210/733 1771/1210/733 1775/1210/736
f 1774/1210/735 1773/1210/734 1777/1210/738
f 1777/1210/738 1778/1210/739 1774/1210/735
f 1779/1210/740 1780/1210/741 1776/1210/737
f 1776/1210/737 1775/1210/736 1779/1210/740
f 1778/1210/739 1777/1210/738 1781/1210/742
f 1781/1210/742 1782/1210/743 1778/1210/739
f 1783/1210/744 1784/1210/745 1780/1210/741
f 1780/1210/741 1779/1210/740 1783/1210/744
f 1782/1210/743 1781/1210/742 1785/1210/746
f 1785/1210/746 1786/1210/747 1782/1210/743
f 1787/1210/748 1788/1210/749 1784/1210/745
f 1784/1210/745 1783/1210/744 1787/1210/748
f 1786/1210/747 1785/1210/746 1789/1210/750
f 1789/1210/750 1790/1210/751 1786/1210/747
f 1791/1210/752 1792/1210/753 1788/1210/749
f 1788/1210/749 1787/1210/748 1791/1210/752
f 1793/1210/754 1790/1210/751 1789/1210/750
f 1789/1210/750 1794/1210/755 1793/1210/754
f 1795/1210/756 1796/1210/757 1792/1210/753
f 1792/1210/753 1791/1210/752 1795/1210/756
f 1797/1210/758 1793/1210/754 1794/1210/755
f 1794/1210/755 1798/1210/759 1797/1210/758
f 1795/1210/756 1799/1210/760 1800/1210/761
f 1800/1210/761 1796/1210/757 1795/1210/756
f 1801/1210/762 1797/1210/758 1798/1210/759
f 1798/1210/759 1802/1210/763 1801/1210/762
f 1799/1210/760 1803/1210/764 1804/1210/765
f 1804/1210/765 1800/1210/761 1799/1210/760
f 1805/1210/766 1801/1210/762 1802/1210/763
f 1802/1210/763 1806/1210/767 1805/1210/766
f 1803/1210/764 1807/1210/768 1808/1210/769
f 1808/1210/769 1804/1210/765 1803/1210/764
f 1809/1210/770 1805/1210/766 1806/1210/767
f 1806/1210/767 1810/1210/771 1809/1210/770
f 1807/1210/768 1811/1210/772 1812/1210/773
f 1812/1210/773 1808/1210/769 1807/1210/768
f 1813/1210/774 1809/1210/770 1810/1210/771
f 1810/1210/771 1814/1210/775 1813/1210/774
f 1811/1210/772 1815/1210/776 1816/1210/777
f 1816/1210/777 1812/1210/773 1811/1210/772
f 1817/1210/778 1813/1210/774 1814/1210/775
f 1814/1210/775 1818/1210/779 1817/1210/778
f 1815/1210/776 1819/1210/780 1820/1210/781
f 1820/1210/781 1816/1210/777 1815/1210/776
f 1821/1210/782 1817/1210/778 1818/1210/779
f 1818/1210/779 1822/1210/783 1821/1210/782
f 1819/1210/780 1823/1210/784 1824/1210/785
f 1824/1210/785 1820/1210/781 1819/1210/780
f 1823/1210/784 1821/1210/782 1822/1210/783
f 1822/1210/783 1824/1210/785 1823/1210/784
f 1825/1229/786 1826/1229/787 1827/1229/787
f 1827/1229/787 1828/1229/788 1825/1229/786
f 1829/1229/789 1825/1229/786 1828/1229/788
f 1828/1229/788 1830/1229/790 1829/1229/789
f 1826/1229/787 1831/1229/791 1832/1229/792
f 1832/1229/792 1827/1229/787 1826/1229/787
f 1833/1229/793 1829/1229/789 1830/1229/790
f 1830/1229/790 1834/1229/794 1833/1229/793
f 1831/1229/791 1835/1229/795 1836/1229/796
f 1836/1229/796 1832/1229/792 1831/1229/791
f 1837/1229/797 1833/1229/793 1834/1229/794
f 1834/1229/794 1838/1229/798 1837/1229/797
f 1835/1229/795 1839/1229/799 1840/1229/799
f 1840/1229/799 1836/1229/796 1835/1229/795
f 1841/1229/800 1837/1229/797 1838/1229/798
f 1838/1229/798 1842/1229/801 1841/1229/800
f 1839/1229/799 1843/1229/802 1844/1229/802
f 1844/1229/802 1840/1229/799 1839/1229/799
f 1845/1229/803 1841/1229/800 1842/1229/801
f 1842/1229/801 1846/1229/804 1845/1229/803
f 1843/1229/802 1847/1229/805 1848/1229/806
f 1848/1229/806 1844/1229/802 1843/1229/802
f 1849/1229/807 1845/1229/803 1846/1229/804
f 1846/1229/804 1850/1229/808 1849/1229/807
f 1847/1229/805 1851/1229/809 1852/1229/810
f 1852/1229/810 1848/1229/806 1847/1229/805
f 1853/1229/811 1849/1229/807 1850/1229/808
f 1850/1229/808 1854/1229/812 1853/1229/811
f 1851/1229/809 1855/1229/813 1856/1229/814
f 1856/1229/814 1852/1229/810 1851/1229/809
f 1857/1229/815 1853/1229/811 1854/1229/812
f 1854/1229/812 1858/1229/815 1857/1229/815
f 1855/1229/813 1859/1229/816 1860/1229/817
f 1860/1229/817 1856/1229/814 1855/1229/813
f 1861/1229/818 1857/1229/815 1858/1229/815
f 1858/1229/815 1862/1229/818 1861/1229/818
f 1859/1229/816 1863/1229/819 1864/1229/820
f 1864/1229/820 1860/1229/817 1859/1229/816
f 1865/1229/821 1861/1229/818 1862/1229/818
f 1862/1229/818 1866/1229/822 1865/1229/821
f 1863/1229/819 1867/1229/823 1868/1229/824
f 1868/1229/824 1864/1229/820 1863/1229/819
f 1869/1229/825 1865/1229/821 1866/1229/822
f 1866/1229/822 1870/1229/825 1869/1229/825
f 1867/1229/823 1871/1229/826 1872/1229/827
f 1872/1229/827 1868/1229/824 1867/1229/823
f 1873/1229/828 1869/1229/825 1870/1229/825
f 1870/1229/825 1874/1229/829 1873/1229/828
f 1871/1229/826 1875/1229/830 1876/1229/830
f 1876/1229/830 1872/1229/827 1871/1229/826
f 1877/1229/831 1873/1229/828 1874/1229/829
f 1874/1229/829 1878/1229/831 1877/1229/831
f 1875/1229/830 1879/1229/832 1880/1229/833
f 1880/1229/833 1876/1229/830 1875/1229/830
f 1881/1229/834 1877/1229/831 1878/1229/831
f 1878/1229/831 1882/1229/835 1881/1229/834
f 1879/1229/832 1883/1229/836 1884/1229/836
f 1884/1229/836 1880/1229/833 1879/1229/832
f 1883/1229/836 1881/1229/834 1882/1229/835
f 1882/1229/835 1884/1229/836 1883/1229/836
f 1885/1229/837 1886/1229/838 1887/1229/839
f 1887/1229/839 1888/1229/812 1885/1229/837
f 1889/1229/815 1885/1229/837 1888/1229/812
f 1888/1229/812 1890/1229/840 1889/1229/815
f 1886/1229/838 1891/1229/841 1892/1229/841
f 1892/1229/841 1887/1229/839 1886/1229/838
f 1893/1229/842 1889/1229/815 1890/1229/840
f 1890/1229/840 1894/1229/842 1893/1229/842
f 1891/1229/841 1895/1229/801 1896/1229/843
f 1896/1229/843 1892/1229/841 1891/1229/841
f 1897/1229/844 1893/1229/842 1894/1229/842
f 1894/1229/842 1898/1229/844 1897/1229/844
f 1895/1229/801 1899/1229/845 1900/1229/846
f 1900/1229/846 1896/1229/843 1895/1229/801
f 1901/1229/825 1897/1229/844 1898/1229/844
f 1898/1229/844 1902/1229/847 1901/1229/825
f 1899/1229/845 1903/1229/848 1904/1229/849
f 1904/1229/849 1900/1229/846 1899/1229/845
f 1905/1229/850 1901/1229/825 1902/1229/847
f 1902/1229/847 1906/1229/828 1905/1229/850
f 1903/1229/848 1907/1229/851 1908/1229/851
f 1908/1229/851 1904/1229/849 1903/1229/848
f 1909/1229/831 1905/1229/850 1906/1229/828
f 1906/1229/828 1910/1229/831 1909/1229/831
f 1907/1229/851 1911/1229/852 1912/1229/852
f 1912/1229/852 1908/1229/851 1907/1229/851
f 1913/1229/834 1909/1229/831 1910/1229/831
f 1910/1229/831 1914/1229/853 1913/1229/834
f 1911/1229/852 1915/1229/787 1916/1229/787
f 1916/1229/787 1912/1229/852 1911/1229/852
f 1917/1229/854 1913/1229/834 1914/1229/853
f 1914/1229/853 1918/1229/855 1917/1229/854
f 1915/1229/787 1919/1229/791 1920/1229/856
f 1920/1229/856 1916/1229/787 1915/1229/787
f 1921/1229/857 1917/1229/854 1918/1229/855
f 1918/1229/855 1922/1229/833 1921/1229/857
f 1919/1229/791 1923/1229/858 1924/1229/859
f 1924/1229/859 1920/1229/856 1919/1229/791
f 1925/1229/830 1921/1229/857 1922/1229/833
f 1922/1229/833 1926/1229/860 1925/1229/830
f 1923/1229/858 1927/1229/861 1928/1229/862
f 1928/1229/862 1924/1229/859 1923/1229/858
f 1929/1229/863 1925/1229/830 1926/1229/860
f 1926/1229/860 1930/1229/864 1929/1229/863
f 1927/1229/861 1931/1229/865 1932/1229/866
f 1932/1229/866 1928/1229/862 1927/1229/861
f 1933/1229/823 1929/1229/863 1930/1229/864
f 1930/1229/864 1934/1229/867 1933/1229/823
f 1931/1229/865 1935/1229/868 1936/1229/869
f 1936/1229/869 1932/1229/866 1931/1229/865
f 1937/1229/870 1933/1229/823 1934/1229/867
f 1934/1229/867 1938/1229/871 1937/1229/870
f 1935/1229/868 1939/1229/809 1940/1229/872
f 1940/1229/872 1936/1229/869 1935/1229/868
f 1941/1229/873 1937/1229/870 1938/1229/871
f 1938/1229/871 1942/1229/874 1941/1229/873
f 1939/1229/809 1943/1229/875 1944/1229/876
f 1944/1229/876 1940/1229/872 1939/1229/809
f 1943/1229/875 1941/1229/873 1942/1229/874
f 1942/1229/874 1944/1229/876 1943/1229/875
f 1945/1229/877 1946/1229/878 1947/1229/879
f 1947/1229/879 1948/1229/880 1945/1229/877
f 1948/1229/880 1947/1229/879 1949/1229/881
f 1949/1229/881 1950/1229/882 1948/1229/880
f 1951/1229/883 1952/1229/884 1946/1229/878
f 1946/1229/878 1945/1229/877 1951/1229/883
f 1950/1229/882 1949/1229/881 1953/1229/885
f 1953/1229/885 1954/1229/886 1950/1229/882
f 1955/1229/887 1956/1229/888 1952/1229/884
f 1952/1229/884 1951/1229/883 1955/1229/887
f 1954/1229/886 1953/1229/885 1957/1229/889
f 1957/1229/889 1958/1229/890 1954/1229/886
f 1959/1229/891 1960/1229/892 1956/1229/888
f 1956/1229/888 1955/1229/887 1959/1229/891
f 1958/1229/890 1957/1229/889 1961/1229/893
f 1961/1229/893 1962/1229/894 1958/1229/890
f 1963/1229/895 1964/1229/896 1960/1229/892
f 1960/1229/892 1959/1229/891 1963/1229/895
f 1962/1229/894 1961/1229/893 1965/1229/897
f 1965/1229/897 1966/1229/898 1962/1229/894
f 1967/1229/899 1968/1229/900 1964/1229/896
f 1964/1229/896 1963/1229/895 1967/1229/899
f 1966/1229/898 1965/1229/897 1969/1229/901
f 1969/1229/901 1970/1229/901 1966/1229/898
f 1971/1229/902 1972/1229/903 1968/1229/900
f 1968/1229/900 1967/1229/899 1971/1229/902
f 1970/1229/901 1969/1229/901 1973/1229/904
f 1973/1229/904 1974/1229/905 1970/1229/901
f 1975/1229/906 1976/1229/907 1972/1229/903
f 1972/1229/903 1971/1229/902 1975/1229/906
f 1974/1229/905 1973/1229/904 1977/1229/908
f 1977/1229/908 1978/1229/909 1974/1229/905
f 1979/1229/910 1980/1229/911 1976/1229/907
f 1976/1229/907 1975/1229/906 1979/1229/910
f 1978/1229/909 1977/1229/908 1981/1229/912
f 1981/1229/912 1982/1229/913 1978/1229/909
f 1983/1229/914 1984/1229/915 1980/1229/911
f 1980/1229/911 1979/1229/910 1983/1229/914
f 1982/1229/913 1981/1229/912 1985/1229/916
f 1985/1229/916 1986/1229/917 1982/1229/913
f 1987/1229/918 1988/1229/919 1984/1229/915
f 1984/1229/915 1983/1229/914 1987/1229/918
f 1986/1229/917 1985/1229/916 1989/1229/920
f 1989/1229/920 1990/1229/921 1986/1229/917
f 1991/1229/922 1992/1229/923 1988/1229/919
f 1988/1229/919 1987/1229/918 1991/1229/922
f 1990/1229/921 1989/1229/920 1993/1229/924
f 1993/1229/924 1994/1229/925 1990/1229/921
f 1995/1229/926 1996/1229/927 1992/1229/923
f 1992/1229/923 1991/1229/922 1995/1229/926
f 1994/1229/925 1993/1229/924 1997/1229/928
f 1997/1229/928 1998/1229/929 1994/1229/925
f 1999/1229/930 2000/1229/931 1996/1229/927
f 1996/1229/927 1995/1229/926 1999/1229/930
f 1998/1229/929 1997/1229/928 2001/1229/932
f 2001/1229/932 2002/1229/933 1998/1229/929
f 2003/1229/934 2004/1229/935 2000/1229/931
f 2000/1229/931 1999/1229/930 2003/1229/934
f 2002/1229/933 2001/1229/932 2004/1229/935
f 2004/1229/935 2003/1229/934 2002/1229/933
f 2005/1229/936 2006/1229/937 2007/1229/938
f 2007/1229/938 2008/1229/939 2005/1229/936
f 2008/1229/939 2007/1229/938 2009/1229/940
f 2009/1229/940 2010/1229/941 2008/1229/939
f 2011/1229/910 2012/1229/911 2006/1229/937
f 2006/1229/937 2005/1229/936 2011/1229/910
f 2010/1229/941 2009/1229/940 2013/1229/942
f 2013/1229/942 2014/1229/943 2010/1229/941
f 2015/1229/944 2016/1229/945 2012/1229/911
f 2012/1229/911 2011/1229/910 2015/1229/944
f 2014/1229/943 2013/1229/942 2017/1229/946
f 2017/1229/946 2018/1229/947 2014/1229/943
f 2019/1229/948 2020/1229/949 2016/1229/945
f 2016/1229/945 2015/1229/944 2019/1229/948
f 2018/1229/947 2017/1229/946 2021/1229/950
f 2021/1229/950 2022/1229/887 2018/1229/947
f 2023/1229/951 2024/1229/952 2020/1229/949
f 2020/1229/949 2019/1229/948 2023/1229/951
f 2022/1229/887 2021/1229/950 2025/1229/953
f 2025/1229/953 2026/1229/954 2022/1229/887
f 2027/1229/955 2028/1229/956 2024/1229/952
f 2024/1229/952 2023/1229/951 2027/1229/955
f 2026/1229/954 2025/1229/953 2029/1229/878
f 2029/1229/878 2030/1229/877 2026/1229/954
f 2031/1229/957 2032/1229/958 2028/1229/956
f 2028/1229/956 2027/1229/955 2031/1229/957
f 2030/1229/877 2029/1229/878 2033/1229/959
f 2033/1229/959 2034/1229/960 2030/1229/877
f 2035/1229/934 2036/1229/961 2032/1229/958
f 2032/1229/958 2031/1229/957 2035/1229/934
f 2034/1229/960 2033/1229/959 2037/1229/962
f 2037/1229/962 2038/1229/963 2034/1229/960
f 2039/1229/964 2040/1229/965 2036/1229/961
f 2036/1229/961 2035/1229/934 2039/1229/964
f 2038/1229/963 2037/1229/962 2041/1229/966
f 2041/1229/966 2042/1229/886 2038/1229/963
f 2043/1229/967 2044/1229/968 2040/1229/965
f 2040/1229/965 2039/1229/964 2043/1229/967
f 2042/1229/886 2041/1229/966 2045/1229/969
f 2045/1229/969 2046/1229/970 2042/1229/886
f 2047/1229/971 2048/1229/972 2044/1229/968
f 2044/1229/968 2043/1229/967 2047/1229/971
f 2046/1229/970 2045/1229/969 2049/1229/893
f 2049/1229/893 2050/1229/973 2046/1229/970
f 2051/1229/921 2052/1229/974 2048/1229/972
f 2048/1229/972 2047/1229/971 2051/1229/921
f 2050/1229/973 2049/1229/893 2053/1229/975
f 2053/1229/975 2054/1229/975 2050/1229/973
f 2055/1229/976 2056/1229/977 2052/1229/974
f 2052/1229/974 2051/1229/921 2055/1229/976
f 2054/1229/975 2053/1229/975 2057/1229/978
f 2057/1229/978 2058/1229/979 2054/1229/975
f 2059/1229/980 2060/1229/981 2056/1229/977
f 2056/1229/977 2055/1229/976 2059/1229/980
f 2058/1229/979 2057/1229/978 2061/1229/904
f 2061/1229/904 2062/1229/904 2058/1229/979
f 2063/1229/982 2064/1229/983 2060/1229/981
f 2060/1229/981 2059/1229/980 2063/1229/982
f 2062/1229/904 2061/1229/904 2064/1229/983
f 2064/1229/983 2063/1229/982 2062/1229/904
f 2065/1230/9 2066/1231/41 2067/1232/5
f 2067/1232/5 2068/1233/984 2069/1234/9
f 2069/1234/9 2070/1235/1 2071/1236/5
f 2067/1232/5 2069/1234/9 2071/1236/5
f 2071/1236/5 2072/1237/11 2073/1238/47
f 2073/1238/47 2074/1239/6 2075/1240/6
f 2071/1236/5 2073/1238/47 2075/1240/6
f 2067/1232/5 2071/1236/5 2075/1240/6
f 2075/1240/6 2076/1241/50 2077/1242/10
f 2077/1242/10 2078/1243/11 2079/1244/10
f 2075/1240/6 2077/1242/10 2079/1244/10
f 2079/1244/10 2080/1245/9 2081/1246/10
f 2081/1246/10 2082/1247/119 2083/1248/5
f 2079/1244/10 2081/1246/10 2083/1248/5
f 2075/1240/6 2079/1244/10 2083/1248/5
f 2083/1248/5 2084/1249/70 2085/1250/6
f 2085/1250/6 2086/1251/33 2087/1252/5
f 2083/1248/5 2085/1250/6 2087/1252/5
f 2087/1252/5 2088/1253/26 2089/1254/5
f 2089/1254/5 2090/1255/3 2091/1256/6
f 2087/1252/5 2089/1254/5 2091/1256/6
f 2083/1248/5 2087/1252/5 2091/1256/6
f 2075/1240/6 2083/1248/5 2091/1256/6
f 2067/1232/5 2075/1240/6 2091/1256/6
f 2091/1256/6 2092/1257/50 2093/1258/5
f 2067/1232/5 2091/1256/6 2093/1258/5
f 2065/1230/9 2067/1232/5 2093/1258/5
f 2094/1259/143 2065/1230/9 2093/1258/5
f 2095/1260/5 2096/1261/66 2097/1262/6
f 2097/1262/6 2098/1263/29 2099/1264/29
f 2099/1264/29 2100/1265/47 2101/1266/5
f 2097/1262/6 2099/1264/29 2101/1266/5
f 2101/1266/5 2102/1267/51 2103/1268/5
f 2103/1268/5 2104/1269/11 2105/1270/5
f 2101/1266/5 2103/1268/5 2105/1270/5
f 2097/1262/6 2101/1266/5 2105/1270/5
f 2105/1270/5 2106/1271/3 2107/1272/4
f 2107/1272/4 2108/1273/14 2109/1274/5
f 2105/1270/5 2107/1272/4 2109/1274/5
f 2109/1274/5 2110/1275/985 2111/1276/5
f 2111/1276/5 2112/1277/29 2113/1278/10
f 2109/1274/5 2111/1276/5 2113/1278/10
f 2105/1270/5 2109/1274/5 2113/1278/10
f 2113/1278/10 2114/1279/986 2115/1280/10
f 2115/1280/10 2116/1281/30 2117/1282/5
f 2113/1278/10 2115/1280/10 2117/1282/5
f 2117/1282/5 2118/1283/4 2119/1284/33
f 2119/1284/33 2120/1285/19 2121/1286/3
f 2117/1282/5 2119/1284/33 2121/1286/3
f 2113/1278/10 2117/1282/5 2121/1286/3
f 2105/1270/5 2113/1278/10 2121/1286/3
f 2097/1262/6 2105/1270/5 2121/1286/3
f 2121/1286/3 2122/1287/987 2123/1288/6
f 2097/1262/6 2121/1286/3 2123/1288/6
f 2095/1260/5 2097/1262/6 2123/1288/6
f 2124/1289/10 2095/1260/5 2123/1288/6
f 2125/1290/10 2126/1291/6 2127/1292/10
f 2127/1292/10 2128/1293/82 2129/1294/62
f 2129/1294/62 2130/1295/988 2131/1296/10
f 2127/1292/10 2129/1294/62 2131/1296/10
f 2131/1296/10 2132/1297/48 2133/1298/6
f 2133/1298/6 2134/1299/1 2135/1300/5
f 2131/1296/10 2133/1298/6 2135/1300/5
f 2135/1300/5 2136/1301/6 2137/1302/9
f 2137/1302/9 2138/1303/87 2139/1304/5
f 2135/1300/5 2137/1302/9 2139/1304/5
f 2131/1296/10 2135/1300/5 2139/1304/5
f 2139/1304/5 2140/1305/989 2141/1306/10
f 2141/1306/10 2142/1307/21 2143/1308/3
f 2139/1304/5 2141/1306/10 2143/1308/3
f 2143/1308/3 2144/1309/9 2145/1310/10
f 2145/1310/10 2146/1311/990 2147/1312/3
f 2143/1308/3 2145/1310/10 2147/1312/3
f 2139/1304/5 2143/1308/3 2147/1312/3
f 2131/1296/10 2139/1304/5 2147/1312/3
f 2147/1312/3 2148/1313/80 2149/1314/987
f 2149/1314/987 2150/1315/5 2151/1316/3
f 2147/1312/3 2149/1314/987 2151/1316/3
f 2151/1316/3 2152/1317/991 2153/1318/47
f 2153/1318/47 2154/1319/5 2155/1320/5
f 2151/1316/3 2153/1318/47 2155/1320/5
f 2147/1312/3 2151/1316/3 2155/1320/5
f 2155/1320/5 2156/1321/61 2157/1322/7
f 2157/1322/7 2158/1323/9 2159/1324/5
f 2155/1320/5 2157/1322/7 2159/1324/5
f 2159/1324/5 2160/1325/144 2161/1326/5
f 2161/1326/5 2162/1327/11 2163/1328/5
f 2159/1324/5 2161/1326/5 2163/1328/5
f 2155/1320/5 2159/1324/5 2163/1328/5
f 2147/1312/3 2155/1320/5 2163/1328/5
f 2163/1328/5 2164/1329/5 2165/1330/5
f 2165/1330/5 2166/1331/10 2167/1332/9
f 2163/1328/5 2165/1330/5 2167/1332/9
f 2167/1332/9 2168/1333/119 2169/1334/5
f 2169/1334/5 2170/1335/31 2171/1336/5
f 2167/1332/9 2169/1334/5 2171/1336/5
f 2163/1328/5 2167/1332/9 2171/1336/5
f 2171/1336/5 2172/1337/41 2173/1338/119
f 2173/1338/119 2174/1339/41 2175/1340/3
f 2171/1336/5 2173/1338/119 2175/1340/3
f 2175/1340/3 2176/1341/34 2177/1342/3
f 2177/1342/3 2178/1343/26 2179/1344/5
f 2175/1340/3 2177/1342/3 2179/1344/5
f 2171/1336/5 2175/1340/3 2179/1344/5
f 2163/1328/5 2171/1336/5 2179/1344/5
f 2147/1312/3 2163/1328/5 2179/1344/5
f 2131/1296/10 2147/1312/3 2179/1344/5
f 2179/1344/5 2180/1345/34 2181/1346/5
f 2181/1346/5 2182/1347/10 2183/1348/5
f 2179/1344/5 2181/1346/5 2183/1348/5
f 2131/1296/10 2179/1344/5 2183/1348/5
f 2127/1292/10 2131/1296/10 2183/1348/5
f 2125/1290/10 2127/1292/10 2183/1348/5
f 2184/1349/22 2125/1290/10 2183/1348/5
f 2185/1350/1 2186/1351/30 2187/1352/1
f 2187/1352/1 2188/1353/3 2189/1354/10
f 2189/1354/10 2190/1355/49 2191/1356/10
f 2187/1352/1 2189/1354/10 2191/1356/10
f 2191/1356/10 2192/1357/46 2193/1358/23
f 2193/1358/23 2194/1359/34 2195/1360/47
f 2191/1356/10 2193/1358/23 2195/1360/47
f 2195/1360/47 2196/1361/66 2197/1362/34
f 2197/1362/34 2198/1363/992 2199/1364/39
f 2195/1360/47 2197/1362/34 2199/1364/39
f 2191/1356/10 2195/1360/47 2199/1364/39
f 2199/1364/39 2200/1365/33 2201/1366/29
f 2201/1366/29 2202/1367/21 2203/1368/4
f 2199/1364/39 2201/1366/29 2203/1368/4
f 2203/1368/4 2204/1369/993 2205/1370/5
f 2205/1370/5 2206/1371/34 2207/1372/34
f 2203/1368/4 2205/1370/5 2207/1372/34
f 2199/1364/39 2203/1368/4 2207/1372/34
f 2191/1356/10 2199/1364/39 2207/1372/34
f 2207/1372/34 2208/1373/994 2209/1374/33
f 2209/1374/33 2210/1375/995 2211/1376/36
f 2207/1372/34 2209/1374/33 2211/1376/36
f 2211/1376/36 2212/1377/996 2213/1378/106
f 2213/1378/106 2214/1379/997 2215/1380/3
f 2211/1376/36 2213/1378/106 2215/1380/3
f 2207/1372/34 2211/1376/36 2215/1380/3
f 2191/1356/10 2207/1372/34 2215/1380/3
f 2187/1352/1 2191/1356/10 2215/1380/3
f 2185/1350/1 2187/1352/1 2215/1380/3
f 2216/1381/144 2185/1350/1 2215/1380/3
f 2217/1382/33 2218/1383/66 2219/1384/8
f 2219/1384/8 2220/1385/19 2221/1386/984
f 2217/1382/33 2219/1384/8 2221/1386/984
f 2221/1386/984 2222/1387/998 2223/1388/132
f 2223/1388/132 2224/1389/999 2225/1390/45
f 2221/1386/984 2223/1388/132 2225/1390/45
f 2225/1390/45 2226/1391/1000 2227/1392/21
f 2227/1392/21 2228/1393/47 2229/1394/10
f 2225/1390/45 2227/1392/21 2229/1394/10
f 2221/1386/984 2225/1390/45 2229/1394/10
f 2229/1394/10 2230/1395/1001 2231/1396/102
f 2231/1396/102 2232/1397/6 2233/1398/5
f 2229/1394/10 2231/1396/102 2233/1398/5
f 2233/1398/5 2234/1399/128 2235/1400/3
f 2235/1400/3 2236/1401/51 2237/1402/27
f 2233/1398/5 2235/1400/3 2237/1402/27
f 2229/1394/10 2233/1398/5 2237/1402/27
f 2237/1402/27 2238/1403/88 2239/1404/990
f 2239/1404/990 2240/1405/47 2241/1406/5
f 2237/1402/27 2239/1404/990 2241/1406/5
f 2241/1406/5 2242/1407/21 2243/1408/19
f 2243/1408/19 2244/1409/1002 2245/1410/991
f 2241/1406/5 2243/1408/19 2245/1410/991
f 2237/1402/27 2241/1406/5 2245/1410/991
f 2229/1394/10 2237/1402/27 2245/1410/991
f 2221/1386/984 2229/1394/10 2245/1410/991
f 2217/1382/33 2221/1386/984 2245/1410/991
f 2217/1382/33 2245/1410/991 2246/1411/83
f 2217/1382/33 2246/1411/83 2247/1412/6
f 2241/1406/5 2248/1413/1003 2242/1407/21
f 2249/1414/1004 2250/1415/1005 2251/761/1006
f 2251/761/1006 2252/768/1004 2249/1414/1004
f 2253/1416/1007 2249/1414/1004 2252/768/1004
f 2252/768/1004 2254/777/1008 2253/1416/1007
f 2250/1415/1005 2255/1417/1009 2256/753/1010
f 2256/753/1010 2251/761/1006 2250/1415/1005
f 2257/1418/1011 2253/1416/1007 2254/777/1008
f 2254/777/1008 2258/784/1011 2257/1418/1011
f 2255/1417/1009 2259/1419/1012 2260/739/1013
f 2260/739/1013 2256/753/1010 2255/1417/1009
f 2261/1420/1014 2257/1418/1011 2258/784/1011
f 2258/784/1011 2262/778/1015 2261/1420/1014
f 2259/1419/1012 2263/1421/1016 2264/734/1017
f 2264/734/1017 2260/739/1013 2259/1419/1012
f 2265/1422/1018 2261/1420/1014 2262/778/1015
f 2262/778/1015 2266/769/1018 2265/1422/1018
f 2263/1421/1016 2267/1423/1019 2268/729/1019
f 2268/729/1019 2264/734/1017 2263/1421/1016
f 2269/1424/1020 2265/1422/1018 2266/769/1018
f 2266/769/1018 2270/735/1021 2269/1424/1020
f 2267/1423/1019 2271/1425/1022 2272/725/1023
f 2272/725/1023 2268/729/1019 2267/1423/1019
f 2273/1426/1024 2269/1424/1020 2270/735/1021
f 2270/735/1021 2274/730/1025 2273/1426/1024
f 2271/1425/1022 2275/1427/1026 2276/721/1027
f 2276/721/1027 2272/725/1023 2271/1425/1022
f 2277/1428/1028 2273/1426/1024 2274/730/1025
f 2274/730/1025 2278/726/1029 2277/1428/1028
f 2275/1427/1026 2279/1429/1030 2280/716/1031
f 2280/716/1031 2276/721/1027 2275/1427/1026
f 2281/1430/1032 2277/1428/1028 2278/726/1029
f 2278/726/1029 2282/722/1033 2281/1430/1032
f 2279/1429/1030 2283/1431/1034 2284/695/1035
f 2284/695/1035 2280/716/1031 2279/1429/1030
f 2285/1432/1036 2281/1430/1032 2282/722/1033
f 2282/722/1033 2286/718/1037 2285/1432/1036
f 2283/1431/1034 2287/1433/1038 2288/687/1039
f 2288/687/1039 2284/695/1035 2283/1431/1034
f 2289/1434/1040 2285/1432/1036 2286/718/1037
f 2286/718/1037 2290/696/1041 2289/1434/1040
f 2287/1433/1038 2291/1435/1042 2292/678/1043
f 2292/678/1043 2288/687/1039 2287/1433/1038
f 2293/1436/1044 2289/1434/1040 2290/696/1041
f 2290/696/1041 2294/688/1045 2293/1436/1044
f 2291/1435/1042 2295/1437/1046 2296/654/1047
f 2296/654/1047 2292/678/1043 2291/1435/1042
f 2297/1438/1048 2293/1436/1044 2294/688/1045
f 2294/688/1045 2298/679/1049 2297/1438/1048
f 2295/1437/1046 2299/1439/1050 2300/644/1051
f 2300/644/1051 2296/654/1047 2295/1437/1046
f 2301/1440/1052 2297/1438/1048 2298/679/1049
f 2298/679/1049 2302/655/1052 2301/1440/1052
f 2299/1439/1050 2303/1441/1053 2304/631/1054
f 2304/631/1054 2300/644/1051 2299/1439/1050
f 2305/1442/1055 2301/1440/1052 2302/655/1052
f 2302/655/1052 2306/645/1056 2305/1442/1055
f 2303/1441/1053 2307/1443/1057 2308/601/1058
f 2308/601/1058 2304/631/1054 2303/1441/1053
f 2309/1444/1059 2305/1442/1055 2306/645/1056
f 2306/645/1056 2310/632/478 2309/1444/1059
f 2307/1443/1057 2311/1445/1060 2312/602/1061
f 2312/602/1061 2308/601/1058 2307/1443/1057
f 2311/1445/1060 2309/1444/1059 2310/632/478
f 2310/632/478 2312/602/1061 2311/1445/1060
f 2313/1446/1062 2314/1447/1063 2315/869/1064
f 2315/869/1064 2316/860/1065 2313/1446/1062
f 2317/1448/1066 2313/1446/1062 2316/860/1065
f 2316/860/1065 2318/853/1067 2317/1448/1066
f 2314/1447/1063 2319/1449/1068 2320/858/1069
f 2320/858/1069 2315/869/1064 2314/1447/1063
f 2321/1450/1070 2317/1448/1066 2318/853/1067
f 2318/853/1067 2322/846/1071 2321/1450/1070
f 2319/1449/1068 2323/1451/1072 2324/851/1073
f 2324/851/1073 2320/858/1069 2319/1449/1068
f 2325/1452/1074 2321/1450/1070 2322/846/1071
f 2322/846/1071 2326/829/1075 2325/1452/1074
f 2323/1451/1072 2327/1453/1076 2328/844/1077
f 2328/844/1077 2324/851/1073 2323/1451/1072
f 2329/1454/1078 2325/1452/1074 2326/829/1075
f 2326/829/1075 2330/821/1078 2329/1454/1078
f 2327/1453/1076 2331/1455/1079 2332/838/1079
f 2332/838/1079 2328/844/1077 2327/1453/1076
f 2333/1456/1080 2329/1454/1078 2330/821/1078
f 2330/821/1078 2334/814/1081 2333/1456/1080
f 2331/1455/1079 2335/1457/1082 2336/833/1082
f 2336/833/1082 2332/838/1079 2331/1455/1079
f 2337/1458/1083 2333/1456/1080 2334/814/1081
f 2334/814/1081 2338/807/1084 2337/1458/1083
f 2335/1457/1082 2339/1459/1085 2340/827/1086
f 2340/827/1086 2336/833/1082 2335/1457/1082
f 2341/1460/1087 2337/1458/1083 2338/807/1084
f 2338/807/1084 2342/799/1088 2341/1460/1087
f 2339/1459/1085 2343/1461/1089 2344/820/1090
f 2344/820/1090 2340/827/1086 2339/1459/1085
f 2345/1462/1091 2341/1460/1087 2342/799/1088
f 2342/799/1088 2346/792/1092 2345/1462/1091
f 2343/1461/1089 2347/1463/1093 2348/813/1094
f 2348/813/1094 2344/820/1090 2343/1461/1089
f 2349/1464/1095 2345/1462/1091 2346/792/1092
f 2346/792/1092 2350/786/1096 2349/1464/1095
f 2347/1463/1093 2351/1465/1097 2352/806/1097
f 2352/806/1097 2348/813/1094 2347/1463/1093
f 2353/1466/1098 2349/1464/1095 2350/786/1096
f 2350/786/1096 2354/779/1099 2353/1466/1098
f 2351/1465/1097 2355/1467/1100 2356/798/1100
f 2356/798/1100 2352/806/1097 2351/1465/1097
f 2357/1468/1101 2353/1466/1098 2354/779/1099
f 2354/779/1099 2358/771/1102 2357/1468/1101
f 2355/1467/1100 2359/1469/1103 2360/785/1104
f 2360/785/1104 2356/798/1100 2355/1467/1100
f 2361/1470/1105 2357/1468/1101 2358/771/1102
f 2358/771/1102 2362/763/1106 2361/1470/1105
f 2359/1469/1103 2363/1471/1107 2364/770/1107
f 2364/770/1107 2360/785/1104 2359/1469/1103
f 2365/1472/1108 2361/1470/1105 2362/763/1106
f 2362/763/1106 2366/755/1108 2365/1472/1108
f 2363/1471/1107 2367/1473/1109 2368/762/1110
f 2368/762/1110 2364/770/1107 2363/1471/1107
f 2369/1474/1111 2365/1472/1108 2366/755/1108
f 2366/755/1108 2370/741/1112 2369/1474/1111
f 2367/1473/1109 2371/1475/1113 2372/754/1114
f 2372/754/1114 2368/762/1110 2367/1473/1109
f 2373/1476/1115 2369/1474/1111 2370/741/1112
f 2370/741/1112 2374/740/1116 2373/1476/1115
f 2371/1475/1113 2375/1477/1117 2376/747/1118
f 2376/747/1118 2372/754/1114 2371/1475/1113
f 2375/1477/1117 2373/1476/1115 2374/740/1116
f 2374/740/1116 2376/747/1118 2375/1477/1117
f 2377/1210/5 2378/1210/5 2379/1210/55
f 2379/1210/55 2380/1210/55 2377/1210/5
f 2380/1210/55 2379/1210/55 2381/1210/9
f 2381/1210/9 2382/1210/5 2380/1210/55
f 2383/1210/9 2384/1210/5 2378/1210/5
f 2378/1210/5 2377/1210/5 2383/1210/9
f 2382/1210/5 2381/1210/9 2385/1210/5
f 2385/1210/5 2386/1210/87 2382/1210/5
f 2387/1210/88 2388/1210/97 2384/1210/5
f 2384/1210/5 2383/1210/9 2387/1210/88
f 2386/1210/87 2385/1210/5 2389/1210/87
f 2389/1210/87 2390/1210/24 2386/1210/87
f 2391/1210/67 2392/1210/67 2388/1210/97
f 2388/1210/97 2387/1210/88 2391/1210/67
f 2390/1210/24 2389/1210/87 2393/1210/10
f 2393/1210/10 2394/1210/5 2390/1210/24
f 2395/1210/5 2396/1210/62 2392/1210/67
f 2392/1210/67 2391/1210/67 2395/1210/5
f 2394/1210/5 2393/1210/10 2397/1210/25
f 2397/1210/25 2398/1210/119 2394/1210/5
f 2399/1210/1119 2400/1210/1119 2396/1210/62
f 2396/1210/62 2395/1210/5 2399/1210/1119
f 2398/1210/119 2397/1210/25 2401/1210/9
f 2401/1210/9 2402/1210/24 2398/1210/119
f 2403/1210/3 2404/1210/3 2400/1210/1119
f 2400/1210/1119 2399/1210/1119 2403/1210/3
f 2402/1210/24 2401/1210/9 2405/1210/1
f 2405/1210/1 2406/1210/1 2402/1210/24
f 2407/1210/52 2408/1210/52 2404/1210/3
f 2404/1210/3 2403/1210/3 2407/1210/52
f 2406/1210/1 2405/1210/1 2409/1210/70
f 2409/1210/70 2410/1210/119 2406/1210/1
f 2411/1210/3 2412/1210/3 2408/1210/52
f 2408/1210/52 2407/1210/52 2411/1210/3
f 2410/1210/119 2409/1210/70 2413/1210/11
f 2413/1210/11 2414/1210/47 2410/1210/119
f 2415/1210/35 2416/1210/36 2412/1210/3
f 2412/1210/3 2411/1210/3 2415/1210/35
f 2414/1210/47 2413/1210/11 2417/1210/124
f 2417/1210/124 2418/1210/5 2414/1210/47
f 2419/1210/15 2420/1210/123 2416/1210/36
f 2416/1210/36 2415/1210/35 2419/1210/15
f 2418/1210/5 2417/1210/124 2421/1210/120
f 2421/1210/120 2422/1210/120 2418/1210/5
f 2423/1210/93 2424/1210/93 2420/1210/123
f 2420/1210/123 2419/1210/15 2423/1210/93
f 2422/1210/120 2421/1210/120 2425/1210/3
f 2425/1210/3 2426/1210/3 2422/1210/120
f 2427/1210/3 2428/1210/19 2424/1210/93
f 2424/1210/93 2423/1210/93 2427/1210/3
f 2426/1210/3 2425/1210/3 2429/1210/21
f 2429/1210/21 2430/1210/21 2426/1210/3
f 2431/1210/19 2432/1210/19 2428/1210/19
f 2428/1210/19 2427/1210/3 2431/1210/19
f 2430/1210/21 2429/1210/21 2433/1210/5
f 2433/1210/5 2434/1210/5 2430/1210/21
f 2435/1210/536 2436/1210/47 2432/1210/19
f 2432/1210/19 2431/1210/19 2435/1210/536
f 2434/1210/5 2433/1210/5 2437/1210/11
f 2437/1210/11 2438/1210/3 2434/1210/5
f 2439/1210/9 2440/1210/5 2436/1210/47
f 2436/1210/47 2435/1210/536 2439/1210/9
f 2438/1210/3 2437/1210/11 2441/1210/3
f 2441/1210/3 2442/1210/19 2438/1210/3
f 2443/1210/43 2444/1210/3 2440/1210/5
f 2440/1210/5 2439/1210/9 2443/1210/43
f 2442/1210/19 2441/1210/3 2445/1210/22
f 2445/1210/22 2446/1210/34 2442/1210/19
f 2447/1210/34 2448/1210/34 2444/1210/3
f 2444/1210/3 2443/1210/43 2447/1210/34
f 2446/1210/34 2445/1210/22 2449/1210/5
f 2449/1210/5 2450/1210/11 2446/1210/34
f 2451/1210/70 2452/1210/9 2448/1210/34
f 2448/1210/34 2447/1210/34 2451/1210/70
f 2450/1210/11 2449/1210/5 2453/1210/36
f 2453/1210/36 2454/1210/36 2450/1210/11
f 2455/1210/41 2456/1210/33 2452/1210/9
f 2452/1210/9 2451/1210/70 2455/1210/41
f 2454/1210/36 2453/1210/36 2457/1210/36
f 2457/1210/36 2458/1210/50 2454/1210/36
f 2459/1210/47 2460/1210/50 2456/1210/33
f 2456/1210/33 2455/1210/41 2459/1210/47
f 2458/1210/50 2457/1210/36 2461/1210/1
f 2461/1210/1 2462/1210/3 2458/1210/50
f 2463/1210/119 2464/1210/119 2460/1210/50
f 2460/1210/50 2459/1210/47 2463/1210/119
f 2462/1210/3 2461/1210/1 2465/1210/11
f 2465/1210/11 2466/1210/10 2462/1210/3
f 2467/1210/70 2468/1210/70 2464/1210/119
f 2464/1210/119 2463/1210/119 2467/1210/70
f 2466/1210/10 2465/1210/11 2469/1210/5
f 2469/1210/5 2470/1210/5 2466/1210/10
f 2471/1210/33 2472/1210/33 2468/1210/70
f 2468/1210/70 2467/1210/70 2471/1210/33
f 2470/1210/5 2469/1210/5 2473/1210/16
f 2473/1210/16 2474/1210/11 2470/1210/5
f 2475/1210/9 2476/1210/9 2472/1210/33
f 2472/1210/33 2471/1210/33 2475/1210/9
f 2474/1210/11 2473/1210/16 2477/1210/62
f 2477/1210/62 2478/1210/62 2474/1210/11
f 2479/1210/10 2480/1210/10 2476/1210/9
f 2476/1210/9 2475/1210/9 2479/1210/10
f 2478/1210/62 2477/1210/62 2481/1210/67
f 2481/1210/67 2482/1210/67 2478/1210/62
f 2483/1210/24 2484/1210/87 2480/1210/10
f 2480/1210/10 2479/1210/10 2483/1210/24
f 2482/1210/67 2481/1210/67 2485/1210/142
f 2485/1210/142 2486/1210/62 2482/1210/67
f 2487/1210/87 2488/1210/87 2484/1210/87
f 2484/1210/87 2483/1210/24 2487/1210/87
f 2486/1210/62 2485/1210/142 2489/1210/64
f 2489/1210/64 2490/1210/64 2486/1210/62
f 2491/1210/9 2492/1210/5 2488/1210/87
f 2488/1210/87 2487/1210/87 2491/1210/9
f 2490/1210/64 2489/1210/64 2493/1210/5
f 2493/1210/5 2494/1210/5 2490/1210/64
f 2495/1210/51 2496/1210/51 2492/1210/5
f 2492/1210/5 2491/1210/9 2495/1210/51
f 2494/1210/5 2493/1210/5 2496/1210/51
f 2496/1210/51 2495/1210/51 2494/1210/5
f 2497/1215/1120 2498/1215/1121 2499/1215/1122
f 2499/1215/1122 2500/1215/1123 2497/1215/1120
f 2500/1215/1123 2499/1215/1122 2501/1215/1124
f 2501/1215/1124 2502/1215/655 2500/1215/1123
f 2503/1215/1125 2504/1215/1126 2498/1215/1121
f 2498/1215/1121 2497/1215/1120 2503/1215/1125
f 2502/1215/655 2501/1215/1124 2505/1216/1127
f 2505/1216/1127 2506/1216/1128 2502/1215/655
f 2507/1215/662 2508/1215/1129 2504/1215/1126
f 2504/1215/1126 2503/1215/1125 2507/1215/662
f 2506/1216/1128 2505/1216/1127 2509/1215/1130
f 2509/1215/1130 2510/1215/1131 2506/1216/1128
f 2511/1215/1132 2512/1215/657 2508/1215/1129
f 2508/1215/1129 2507/1215/662 2511/1215/1132
f 2510/1215/1131 2509/1215/1130 2513/1215/1133
f 2513/1215/1133 2514/1215/1134 2510/1215/1131
f 2515/1216/1135 2516/1215/1136 2512/1215/1137
f 2512/1215/1137 2517/1216/1138 2515/1216/1135
f 2514/1215/1134 2513/1215/1133 2518/1215/1139
f 2518/1215/1139 2519/1215/1140 2514/1215/1134
f 2520/1215/1141 2521/1216/1142 2522/1216/1136
f 2522/1216/1136 2523/1215/1135 2520/1215/1141
f 2519/1215/1140 2518/1215/1139 2524/1215/1143
f 2524/1215/1143 2525/1215/635 2519/1215/1140
f 2526/1215/1144 2527/1215/1145 2528/1215/1142
f 2528/1215/1142 2520/1215/1141 2526/1215/1144
f 2525/1215/635 2524/1215/1143 2529/1215/1146
f 2529/1215/1146 2530/1215/1147 2525/1215/635
f 2531/1215/1148 2532/1215/1149 2527/1215/1145
f 2527/1215/1145 2526/1215/1144 2531/1215/1148
f 2530/1215/1147 2529/1215/1146 2533/1216/1150
f 2533/1216/1150 2534/1216/1151 2530/1215/1147
f 2535/1215/1152 2536/1215/1153 2532/1215/1149
f 2532/1215/1149 2531/1215/1148 2535/1215/1152
f 2534/1216/1151 2533/1216/1150 2537/1216/1154
f 2537/1216/1154 2538/1216/1155 2534/1216/1151
f 2539/1215/1156 2540/1215/1157 2536/1215/1153
f 2536/1215/1153 2535/1215/1152 2539/1215/1156
f 2538/1216/1155 2537/1216/1154 2541/1215/1158
f 2541/1215/1158 2542/1215/1159 2538/1216/1155
f 2543/1215/1160 2544/1215/1161 2540/1215/1157
f 2540/1215/1157 2539/1215/1156 2543/1215/1160
f 2542/1215/1159 2541/1215/1158 2545/1216/1162
f 2545/1216/1162 2546/1216/1163 2542/1215/1159
f 2547/1215/1164 2548/1215/625 2544/1215/1161
f 2544/1215/1161 2543/1215/1160 2547/1215/1164
f 2546/1216/1163 2545/1216/1162 2549/1216/1165
f 2549/1216/1165 2550/1216/1166 2546/1216/1163
f 2551/1215/1167 2552/1215/1168 2548/1215/625
f 2548/1215/625 2547/1215/1164 2551/1215/1167
f 2550/1216/1166 2549/1216/1165 2553/1216/1169
f 2553/1216/1169 2554/1216/1170 2550/1216/1166
f 2555/1215/1171 2556/1215/1172 2552/1215/1168
f 2552/1215/1168 2551/1215/1167 2555/1215/1171
f 2554/1216/1170 2553/1216/1169 2557/1215/603
f 2557/1215/603 2558/1215/603 2554/1216/1170
f 2559/1215/613 2560/1215/1173 2556/1215/1172
f 2556/1215/1172 2555/1215/1171 2559/1215/613
f 2558/1215/603 2557/1215/603 2561/1215/1174
f 2561/1215/1174 2562/1215/1175 2558/1215/603
f 2563/1215/608 2564/1215/608 2560/1215/1173
f 2560/1215/1173 2559/1215/613 2563/1215/608
f 2562/1215/1175 2561/1215/1174 2565/1215/1176
f 2565/1215/1176 2566/1215/1177 2562/1215/1175
f 2567/1215/605 2568/1215/1178 2564/1215/608
f 2564/1215/608 2563/1215/608 2567/1215/605
f 2566/1215/1177 2565/1215/1176 2569/1215/1179
f 2569/1215/1179 2570/1215/592 2566/1215/1177
f 2571/1215/1180 2572/1215/1181 2568/1215/1178
f 2568/1215/1178 2567/1215/605 2571/1215/1180
f 2570/1215/592 2569/1215/1179 2573/1216/1182
f 2573/1216/1182 2574/1216/1183 2570/1215/592
f 2575/1215/1184 2576/1215/1185 2572/1215/1181
f 2572/1215/1181 2571/1215/1180 2575/1215/1184
f 2574/1216/1183 2573/1216/1182 2577/1215/1186
f 2577/1215/1186 2578/1215/1187 2574/1216/1183
f 2579/1215/1188 2580/1215/1189 2576/1215/1185
f 2576/1215/1185 2575/1215/1184 2579/1215/1188
f 2581/1216/1190 2578/1215/1187 2577/1215/1186
f 2577/1215/1186 2582/1216/1191 2581/1216/1190
f 2583/1215/1192 2584/1215/1193 2580/1215/1189
f 2580/1215/1189 2579/1215/1188 2583/1215/1192
f 2585/1215/1194 2581/1216/1190 2582/1216/1191
f 2582/1216/1191 2586/1215/1195 2585/1215/1194
f 2583/1215/1192 2587/1215/1196 2588/1215/1197
f 2588/1215/1197 2584/1215/1193 2583/1215/1192
f 2589/1216/1198 2585/1215/1194 2586/1215/1195
f 2586/1215/1195 2590/1216/1199 2589/1216/1198
f 2587/1215/1196 2591/1215/1200 2592/1215/1201
f 2592/1215/1201 2588/1215/1197 2587/1215/1196
f 2593/1216/1202 2589/1216/1198 2590/1216/1199
f 2590/1216/1199 2594/1216/1203 2593/1216/1202
f 2591/1215/1200 2595/1216/1204 2596/1216/1205
f 2596/1216/1205 2592/1215/1201 2591/1215/1200
f 2597/1215/1206 2593/1216/1202 2594/1216/1203
f 2594/1216/1203 2598/1215/1207 2597/1215/1206
f 2595/1216/1204 2599/1215/1208 2600/1215/1209
f 2600/1215/1209 2596/1216/1205 2595/1216/1204
f 2601/1215/1210 2597/1215/1206 2598/1215/1207
f 2598/1215/1207 2602/1215/1211 2601/1215/1210
f 2599/1215/1208 2603/1215/1212 2604/1215/1213
f 2604/1215/1213 2600/1215/1209 2599/1215/1208
f 2605/1215/1214 2601/1215/1210 2602/1215/1211
f 2602/1215/1211 2606/1215/1215 2605/1215/1214
f 2603/1215/1212 2607/1215/558 2608/1215/1216
f 2608/1215/1216 2604/1215/1213 2603/1215/1212
f 2609/1215/1217 2605/1215/1214 2606/1215/1215
f 2606/1215/1215 2610/1215/1218 2609/1215/1217
f 2607/1215/558 2611/1215/1219 2612/1215/1220
f 2612/1215/1220 2608/1215/1216 2607/1215/558
f 2613/1215/1221 2609/1215/1217 2610/1215/1218
f 2610/1215/1218 2614/1215/1222 2613/1215/1221
f 2611/1215/1219 2615/1215/1223 2616/1215/1224
f 2616/1215/1224 2612/1215/1220 2611/1215/1219
f 2617/1215/1225 2613/1215/1221 2614/1215/1222
f 2614/1215/1222 2618/1215/1226 2617/1215/1225
f 2615/1215/1223 2619/1215/1227 2620/1215/1228
f 2620/1215/1228 2616/1215/1224 2615/1215/1223
f 2619/1215/1227 2617/1215/1225 2618/1215/1226
f 2618/1215/1226 2620/1215/1228 2619/1215/1227
f 2621/1210/1229 2622/1210/1230 2623/1210/1231
f 2623/1210/1231 2624/1210/1232 2621/1210/1229
f 2625/1210/1233 2621/1210/1229 2624/1210/1232
f 2624/1210/1232 2626/1210/1234 2625/1210/1233
f 2622/1210/1230 2627/1210/1235 2628/1210/1236
f 2628/1210/1236 2623/1210/1231 2622/1210/1230
f 2629/1210/1237 2625/1210/1233 2626/1210/1234
f 2626/1210/1234 2630/1210/1238 2629/1210/1237
f 2627/1210/1235 2631/1210/1239 2632/1210/1240
f 2632/1210/1240 2628/1210/1236 2627/1210/1235
f 2633/1210/1241 2629/1210/1237 2630/1210/1238
f 2630/1210/1238 2634/1210/766 2633/1210/1241
f 2631/1210/1239 2635/1210/1242 2636/1210/1243
f 2636/1210/1243 2632/1210/1240 2631/1210/1239
f 2637/1210/1244 2633/1210/1241 2634/1210/766
f 2634/1210/766 2638/1210/1245 2637/1210/1244
f 2635/1210/1242 2639/1210/1246 2640/1210/1247
f 2640/1210/1247 2636/1210/1243 2635/1210/1242
f 2641/1210/1248 2637/1210/1244 2638/1210/1245
f 2638/1210/1245 2642/1210/1249 2641/1210/1248
f 2639/1210/1246 2643/1210/1250 2644/1210/1251
f 2644/1210/1251 2640/1210/1247 2639/1210/1246
f 2645/1210/1252 2641/1210/1248 2642/1210/1249
f 2642/1210/1249 2646/1210/1253 2645/1210/1252
f 2643/1210/1250 2647/1210/1254 2648/1210/1255
f 2648/1210/1255 2644/1210/1251 2643/1210/1250
f 2649/1210/1256 2645/1210/1252 2646/1210/1253
f 2646/1210/1253 2650/1210/751 2649/1210/1256
f 2647/1210/1254 2651/1210/1257 2652/1210/1258
f 2652/1210/1258 2648/1210/1255 2647/1210/1254
f 2653/1210/1259 2649/1210/1256 2650/1210/751
f 2650/1210/751 2654/1210/1260 2653/1210/1259
f 2651/1210/1257 2655/1210/1261 2656/1210/1262
f 2656/1210/1262 2652/1210/1258 2651/1210/1257
f 2657/1210/1263 2653/1210/1259 2654/1210/1260
f 2654/1210/1260 2658/1210/1264 2657/1210/1263
f 2655/1210/1261 2659/1210/1265 2660/1210/1266
f 2660/1210/1266 2656/1210/1262 2655/1210/1261
f 2661/1210/1267 2657/1210/1263 2658/1210/1264
f 2658/1210/1264 2662/1210/1268 2661/1210/1267
f 2659/1210/1265 2663/1210/1269 2664/1210/1270
f 2664/1210/1270 2660/1210/1266 2659/1210/1265
f 2665/1210/734 2661/1210/1267 2662/1210/1268
f 2662/1210/1268 2666/1210/1271 2665/1210/734
f 2663/1210/1269 2667/1210/1272 2668/1210/745
f 2668/1210/745 2664/1210/1270 2663/1210/1269
f 2669/1210/731 2665/1210/734 2666/1210/1271
f 2666/1210/1271 2670/1210/732 2669/1210/731
f 2667/1210/1272 2671/1210/740 2672/1210/1273
f 2672/1210/1273 2668/1210/745 2667/1210/1272
f 2673/1210/1274 2669/1210/731 2670/1210/732
f 2670/1210/732 2674/1210/1275 2673/1210/1274
f 2671/1210/740 2675/1210/1276 2676/1210/736
f 2676/1210/736 2672/1210/1273 2671/1210/740
f 2677/1210/1277 2673/1210/1274 2674/1210/1275
f 2674/1210/1275 2678/1210/725 2677/1210/1277
f 2675/1210/1276 2679/1210/733 2680/1210/1278
f 2680/1210/1278 2676/1210/736 2675/1210/1276
f 2681/1210/1279 2677/1210/1277 2678/1210/725
f 2678/1210/725 2682/1210/1280 2681/1210/1279
f 2679/1210/733 2683/1210/730 2684/1210/730
f 2684/1210/730 2680/1210/1278 2679/1210/733
f 2685/1210/716 2681/1210/1279 2682/1210/1280
f 2682/1210/1280 2686/1210/717 2685/1210/716
f 2683/1210/730 2687/1210/727 2688/1210/726
f 2688/1210/726 2684/1210/730 2683/1210/730
f 2689/1210/712 2685/1210/716 2686/1210/717
f 2686/1210/717 2690/1210/1281 2689/1210/712
f 2687/1210/727 2691/1210/1282 2692/1210/722
f 2692/1210/722 2688/1210/726 2687/1210/727
f 2693/1210/1283 2689/1210/712 2690/1210/1281
f 2690/1210/1281 2694/1210/1284 2693/1210/1283
f 2691/1210/1282 2695/1210/1285 2696/1210/719
f 2696/1210/719 2692/1210/722 2691/1210/1282
f 2697/1210/1286 2693/1210/1283 2694/1210/1284
f 2694/1210/1284 2698/1210/1287 2697/1210/1286
f 2695/1210/1285 2699/1210/714 2700/1210/1288
f 2700/1210/1288 2696/1210/719 2695/1210/1285
f 2701/1210/700 2697/1210/1286 2698/1210/1287
f 2698/1210/1287 2702/1210/1289 2701/1210/700
f 2699/1210/714 2703/1210/1290 2704/1210/1291
f 2704/1210/1291 2700/1210/1288 2699/1210/714
f 2705/1210/1292 2701/1210/700 2702/1210/1289
f 2702/1210/1289 2706/1210/697 2705/1210/1292
f 2703/1210/1290 2707/1210/1293 2708/1210/1294
f 2708/1210/1294 2704/1210/1291 2703/1210/1290
f 2709/1210/1295 2710/1210/1296 2705/1210/1292
f 2705/1210/1292 2706/1210/697 2709/1210/1295
f 2707/1210/1293 2711/1210/1297 2712/1210/1298
f 2712/1210/1298 2708/1210/1294 2707/1210/1293
f 2713/1210/1299 2714/1210/1300 2710/1210/1296
f 2710/1210/1296 2709/1210/1295 2713/1210/1299
f 2712/1210/1298 2711/1210/1297 2715/1210/1301
f 2715/1210/1301 2716/1210/1302 2712/1210/1298
f 2717/1210/1303 2718/1210/1304 2714/1210/1300
f 2714/1210/1300 2713/1210/1299 2717/1210/1303
f 2716/1210/1302 2715/1210/1301 2719/1210/1305
f 2719/1210/1305 2720/1210/1306 2716/1210/1302
f 2721/1210/681 2722/1210/1307 2718/1210/1304
f 2718/1210/1304 2717/1210/1303 2721/1210/681
f 2720/1210/1306 2719/1210/1305 2723/1210/1308
f 2723/1210/1308 2724/1210/1309 2720/1210/1306
f 2725/1210/1310 2726/1210/676 2722/1210/1307
f 2722/1210/1307 2721/1210/681 2725/1210/1310
f 2724/1210/1309 2723/1210/1308 2727/1210/1311
f 2727/1210/1311 2728/1210/1312 2724/1210/1309
f 2729/1210/1313 2730/1210/672 2726/1210/676
f 2726/1210/676 2725/1210/1310 2729/1210/1313
f 2728/1210/1312 2727/1210/1311 2731/1210/683
f 2731/1210/683 2732/1210/1314 2728/1210/1312
f 2733/1210/1315 2734/1210/1316 2730/1210/672
f 2730/1210/672 2729/1210/1313 2733/1210/1315
f 2732/1210/1314 2731/1210/683 2735/1210/1317
f 2735/1210/1317 2736/1210/1318 2732/1210/1314
f 2737/1210/1319 2738/1210/1320 2734/1210/1316
f 2734/1210/1316 2733/1210/1315 2737/1210/1319
f 2736/1210/1318 2735/1210/1317 2739/1210/1321
f 2739/1210/1321 2740/1210/1322 2736/1210/1318
f 2740/1210/1322 2739/1210/1321 2738/1210/1320
f 2738/1210/1320 2737/1210/1319 2740/1210/1322
f 2741/1229/856 2742/1229/856 2743/1229/1323
f 2743/1229/1323 2744/1229/1324 2741/1229/856
f 2744/1229/1324 2743/1229/1323 2745/1229/1325
f 2745/1229/1325 2746/1229/1326 2744/1229/1324
f 2747/1229/1327 2748/1229/1328 2742/1229/856
f 2742/1229/856 2741/1229/856 2747/1229/1327
f 2746/1229/1326 2745/1229/1325 2749/1229/1329
f 2749/1229/1329 2750/1229/1330 2746/1229/1326
f 2751/1229/1331 2752/1229/1331 2748/1229/1328
f 2748/1229/1328 2747/1229/1327 2751/1229/1331
f 2750/1229/1330 2749/1229/1329 2753/1229/1332
f 2753/1229/1332 2754/1229/1333 2750/1229/1330
f 2755/1229/1334 2756/1229/789 2752/1229/1331
f 2752/1229/1331 2751/1229/1331 2755/1229/1334
f 2754/1229/1333 2753/1229/1332 2757/1229/810
f 2757/1229/810 2758/1229/1335 2754/1229/1333
f 2759/1229/1336 2760/1229/1336 2756/1229/789
f 2756/1229/789 2755/1229/1334 2759/1229/1336
f 2758/1229/1335 2757/1229/810 2761/1229/1337
f 2761/1229/1337 2762/1229/1338 2758/1229/1335
f 2763/1229/1339 2764/1229/1340 2760/1229/1336
f 2760/1229/1336 2759/1229/1336 2763/1229/1339
f 2762/1229/1338 2761/1229/1337 2765/1229/1341
f 2765/1229/1341 2766/1229/1342 2762/1229/1338
f 2767/1229/1343 2768/1229/1344 2764/1229/1340
f 2764/1229/1340 2763/1229/1339 2767/1229/1343
f 2766/1229/1342 2765/1229/1341 2769/1229/1345
f 2769/1229/1345 2770/1229/1346 2766/1229/1342
f 2771/1229/803 2772/1229/1347 2768/1229/1344
f 2768/1229/1344 2767/1229/1343 2771/1229/803
f 2770/1229/1346 2769/1229/1345 2773/1229/823
f 2773/1229/823 2774/1229/823 2770/1229/1346
f 2775/1229/1348 2776/1229/807 2772/1229/1347
f 2772/1229/1347 2771/1229/803 2775/1229/1348
f 2774/1229/823 2773/1229/823 2777/1229/1349
f 2777/1229/1349 2778/1229/826 2774/1229/823
f 2779/1229/1350 2780/1229/1351 2776/1229/807
f 2776/1229/807 2775/1229/1348 2779/1229/1350
f 2778/1229/826 2777/1229/1349 2781/1229/860
f 2781/1229/860 2782/1229/860 2778/1229/826
f 2783/1229/1352 2784/1229/840 2780/1229/1351
f 2780/1229/1351 2779/1229/1350 2783/1229/1352
f 2782/1229/860 2781/1229/860 2785/1229/1353
f 2785/1229/1353 2786/1229/1353 2782/1229/860
f 2787/1229/1354 2788/1229/1355 2784/1229/840
f 2784/1229/840 2783/1229/1352 2787/1229/1354
f 2786/1229/1353 2785/1229/1353 2789/1229/1356
f 2789/1229/1356 2790/1229/1357 2786/1229/1353
f 2791/1229/1358 2792/1229/844 2788/1229/1355
f 2788/1229/1355 2787/1229/1354 2791/1229/1358
f 2790/1229/1357 2789/1229/1356 2793/1229/834
f 2793/1229/834 2794/1229/834 2790/1229/1357
f 2795/1229/1359 2796/1229/1360 2792/1229/844
f 2792/1229/844 2791/1229/1358 2795/1229/1359
f 2794/1229/834 2793/1229/834 2797/1229/831
f 2797/1229/831 2798/1229/1361 2794/1229/834
f 2799/1229/1362 2800/1229/1363 2796/1229/1360
f 2796/1229/1360 2795/1229/1359 2799/1229/1362
f 2798/1229/1361 2797/1229/831 2800/1229/1363
f 2800/1229/1363 2799/1229/1362 2798/1229/1361
f 2801/1229/1342 2802/1229/1341 2803/1229/1364
f 2803/1229/1364 2804/1229/1346 2801/1229/1342
f 2804/1229/1346 2803/1229/1364 2805/1229/1365
f 2805/1229/1365 2806/1229/823 2804/1229/1346
f 2807/1229/1366 2808/1229/1367 2802/1229/1341
f 2802/1229/1341 2801/1229/1342 2807/1229/1366
f 2806/1229/823 2805/1229/1365 2809/1229/863
f 2809/1229/863 2810/1229/863 2806/1229/823
f 2811/1229/1335 2812/1229/1368 2808/1229/1367
f 2808/1229/1367 2807/1229/1366 2811/1229/1335
f 2810/1229/863 2809/1229/863 2813/1229/830
f 2813/1229/830 2814/1229/830 2810/1229/863
f 2815/1229/869 2816/1229/1332 2812/1229/1368
f 2812/1229/1368 2811/1229/1335 2815/1229/869
f 2814/1229/830 2813/1229/830 2817/1229/1353
f 2817/1229/1353 2818/1229/1369 2814/1229/830
f 2819/1229/1370 2820/1229/1330 2816/1229/1332
f 2816/1229/1332 2815/1229/869 2819/1229/1370
f 2818/1229/1369 2817/1229/1353 2821/1229/1371
f 2821/1229/1371 2822/1229/1371 2818/1229/1369
f 2823/1229/1372 2824/1229/1373 2820/1229/1330
f 2820/1229/1330 2819/1229/1370 2823/1229/1372
f 2822/1229/1371 2821/1229/1371 2825/1229/834
f 2825/1229/834 2826/1229/834 2822/1229/1371
f 2827/1229/1324 2828/1229/1374 2824/1229/1373
f 2824/1229/1373 2823/1229/1372 2827/1229/1324
f 2826/1229/834 2825/1229/834 2829/1229/831
f 2829/1229/831 2830/1229/1375 2826/1229/834
f 2831/1229/856 2832/1229/856 2828/1229/1374
f 2828/1229/1374 2827/1229/1324 2831/1229/856
f 2830/1229/1375 2829/1229/831 2833/1229/1376
f 2833/1229/1376 2834/1229/1377 2830/1229/1375
f 2835/1229/787 2836/1229/1378 2832/1229/856
f 2832/1229/856 2831/1229/856 2835/1229/787
f 2834/1229/1377 2833/1229/1376 2837/1229/1379
f 2837/1229/1379 2838/1229/1380 2834/1229/1377
f 2839/1229/1381 2840/1229/1382 2836/1229/1378
f 2836/1229/1378 2835/1229/787 2839/1229/1381
f 2838/1229/1380 2837/1229/1379 2841/1229/821
f 2841/1229/821 2842/1229/1383 2838/1229/1380
f 2843/1229/1384 2844/1229/1385 2840/1229/1382
f 2840/1229/1382 2839/1229/1381 2843/1229/1384
f 2842/1229/1383 2841/1229/821 2845/1229/842
f 2845/1229/842 2846/1229/1386 2842/1229/1383
f 2847/1229/1387 2848/1229/1388 2844/1229/1385
f 2844/1229/1385 2843/1229/1384 2847/1229/1387
f 2846/1229/1386 2845/1229/842 2849/1229/815
f 2849/1229/815 2850/1229/1389 2846/1229/1386
f 2851/1229/1339 2852/1229/1390 2848/1229/1388
f 2848/1229/1388 2847/1229/1387 2851/1229/1339
f 2850/1229/1389 2849/1229/815 2853/1229/837
f 2853/1229/837 2854/1229/1350 2850/1229/1389
f 2855/1229/1344 2856/1229/1344 2852/1229/1390
f 2852/1229/1390 2851/1229/1339 2855/1229/1344
f 2854/1229/1350 2853/1229/837 2857/1229/1391
f 2857/1229/1391 2858/1229/1392 2854/1229/1350
f 2859/1229/1393 2860/1229/1394 2856/1229/1344
f 2856/1229/1344 2855/1229/1344 2859/1229/1393
f 2858/1229/1392 2857/1229/1391 2860/1229/1394
f 2860/1229/1394 2859/1229/1393 2858/1229/1392
f 2861/1229/1395 2862/1229/1396 2863/1229/1397
f 2863/1229/1397 2864/1229/1398 2861/1229/1395
f 2865/1229/1399 2861/1229/1395 2864/1229/1398
f 2864/1229/1398 2866/1229/1400 2865/1229/1399
f 2862/1229/1396 2867/1229/1401 2868/1229/1402
f 2868/1229/1402 2863/1229/1397 2862/1229/1396
f 2869/1229/1403 2865/1229/1399 2866/1229/1400
f 2866/1229/1400 2870/1229/1404 2869/1229/1403
f 2867/1229/1401 2871/1229/1405 2872/1229/1406
f 2872/1229/1406 2868/1229/1402 2867/1229/1401
f 2873/1229/1407 2869/1229/1403 2870/1229/1404
f 2870/1229/1404 2874/1229/917 2873/1229/1407
f 2871/1229/1405 2875/1229/1408 2876/1229/926
f 2876/1229/926 2872/1229/1406 2871/1229/1405
f 2877/1229/1409 2873/1229/1407 2874/1229/917
f 2874/1229/917 2878/1229/1410 2877/1229/1409
f 2875/1229/1408 2879/1229/1411 2880/1229/951
f 2880/1229/951 2876/1229/926 2875/1229/1408
f 2881/1229/1412 2877/1229/1409 2878/1229/1410
f 2878/1229/1410 2882/1229/1412 2881/1229/1412
f 2879/1229/1411 2883/1229/1413 2884/1229/948
f 2884/1229/948 2880/1229/951 2879/1229/1411
f 2885/1229/904 2881/1229/1412 2882/1229/1412
f 2882/1229/1412 2886/1229/904 2885/1229/904
f 2883/1229/1413 2887/1229/1414 2888/1229/1415
f 2888/1229/1415 2884/1229/948 2883/1229/1413
f 2889/1229/978 2885/1229/904 2886/1229/904
f 2886/1229/904 2890/1229/979 2889/1229/978
f 2887/1229/1414 2891/1229/910 2892/1229/911
f 2892/1229/911 2888/1229/1415 2887/1229/1414
f 2893/1229/1416 2889/1229/978 2890/1229/979
f 2890/1229/979 2894/1229/1417 2893/1229/1416
f 2891/1229/910 2895/1229/907 2896/1229/1418
f 2896/1229/1418 2892/1229/911 2891/1229/910
f 2897/1229/893 2893/1229/1416 2894/1229/1417
f 2894/1229/1417 2898/1229/894 2897/1229/893
f 2895/1229/907 2899/1229/902 2900/1229/903
f 2900/1229/903 2896/1229/1418 2895/1229/907
f 2901/1229/1419 2897/1229/893 2898/1229/894
f 2898/1229/894 2902/1229/889 2901/1229/1419
f 2899/1229/902 2903/1229/1420 2904/1229/1421
f 2904/1229/1421 2900/1229/903 2899/1229/902
f 2905/1229/1422 2901/1229/1419 2902/1229/889
f 2902/1229/889 2906/1229/1423 2905/1229/1422
f 2903/1229/1420 2907/1229/1424 2908/1229/1425
f 2908/1229/1425 2904/1229/1421 2903/1229/1420
f 2909/1229/1426 2905/1229/1422 2906/1229/1423
f 2906/1229/1423 2910/1229/1427 2909/1229/1426
f 2907/1229/1424 2911/1229/1428 2912/1229/1429
f 2912/1229/1429 2908/1229/1425 2907/1229/1424
f 2913/1229/1430 2909/1229/1426 2910/1229/1427
f 2910/1229/1427 2914/1229/960 2913/1229/1430
f 2911/1229/1428 2915/1229/1431 2916/1229/1432
f 2916/1229/1432 2912/1229/1429 2911/1229/1428
f 2917/1229/878 2913/1229/1430 2914/1229/960
f 2914/1229/960 2918/1229/1433 2917/1229/878
f 2915/1229/1431 2919/1229/1434 2920/1229/954
f 2920/1229/954 2916/1229/1432 2915/1229/1431
f 2919/1229/1434 2917/1229/878 2918/1229/1433
f 2918/1229/1433 2920/1229/954 2919/1229/1434
f 2921/1229/1435 2922/1229/910 2923/1229/911
f 2923/1229/911 2924/1229/1436 2921/1229/1435
f 2925/1229/1437 2926/1478/1438 2927/1479/1439
f 2927/1479/1439 2928/1229/1440 2925/1229/1437
f 2922/1229/910 2929/1229/936 2930/1229/907
f 2930/1229/907 2923/1229/911 2922/1229/910
f 2931/1480/1441 2925/1229/1437 2928/1229/1440
f 2928/1229/1440 2932/1481/1442 2931/1480/1441
f 2929/1229/936 2933/1229/902 2934/1229/1443
f 2934/1229/1443 2930/1229/907 2929/1229/936
f 2935/1482/1444 2931/1480/1441 2932/1481/1442
f 2932/1481/1442 2936/1483/1445 2935/1482/1444
f 2933/1229/902 2937/1229/1446 2938/1229/1447
f 2938/1229/1447 2934/1229/1443 2933/1229/902
f 2939/1229/1448 2940/1229/1449 2941/1229/1450
f 2941/1229/1450 2942/1229/1451 2939/1229/1448
f 2937/1229/1446 2943/1229/1452 2944/1229/1453
f 2944/1229/1453 2938/1229/1447 2937/1229/1446
f 2945/1229/935 2939/1229/1448 2942/1229/1451
f 2942/1229/1451 2946/1229/1454 2945/1229/935
f 2943/1229/1452 2947/1229/1455 2948/1229/1456
f 2948/1229/1456 2944/1229/1453 2943/1229/1452
f 2949/1229/1457 2945/1229/935 2946/1229/1454
f 2946/1229/1454 2950/1229/1458 2949/1229/1457
f 2947/1229/1455 2951/1229/1459 2952/1229/1460
f 2952/1229/1460 2948/1229/1456 2947/1229/1455
f 2953/1229/1461 2949/1229/1457 2950/1229/1458
f 2950/1229/1458 2954/1229/1462 2953/1229/1461
f 2951/1229/1459 2955/1229/1463 2956/1229/1464
f 2956/1229/1464 2952/1229/1460 2951/1229/1459
f 2957/1484/1465 2953/1229/1461 2954/1229/1462
f 2954/1229/1462 2958/1485/1466 2957/1484/1465
f 2955/1229/1463 2959/1229/1467 2960/1229/1468
f 2960/1229/1468 2956/1229/1464 2955/1229/1463
f 2961/1486/1469 2957/1484/1465 2958/1485/1466
f 2958/1485/1466 2962/1487/1470 2961/1486/1469
f 2959/1229/1467 2963/1229/1471 2964/1229/1472
f 2964/1229/1472 2960/1229/1468 2959/1229/1467
f 2965/1488/1473 2961/1486/1469 2962/1487/1470
f 2962/1487/1470 2966/1489/1474 2965/1488/1473
f 2963/1229/1471 2967/1229/1426 2968/1229/1475
f 2968/1229/1475 2964/1229/1472 2963/1229/1471
f 2969/1229/912 2965/1488/1473 2966/1489/1474
f 2966/1489/1474 2970/1229/1410 2969/1229/912
f 2967/1229/1426 2971/1229/1422 2972/1229/1476
f 2972/1229/1476 2968/1229/1475 2967/1229/1426
f 2973/1490/1477 2969/1229/912 2970/1229/1410
f 2970/1229/1410 2974/1491/982 2973/1490/1477
f 2971/1229/1422 2975/1229/1478 2976/1229/1479
f 2976/1229/1479 2972/1229/1476 2971/1229/1422
f 2977/1492/904 2973/1490/1477 2974/1491/982
f 2974/1491/982 2978/1493/904 2977/1492/904
f 2975/1229/1478 2979/1229/1480 2980/1229/1481
f 2980/1229/1481 2976/1229/1479 2975/1229/1478
f 2981/1492/979 2977/1492/904 2978/1493/904
f 2978/1493/904 2982/1493/979 2981/1492/979
f 2979/1229/1480 2983/1229/1482 2984/1229/1417
f 2984/1229/1417 2980/1229/1481 2979/1229/1480
f 2983/1229/1482 2985/1229/1483 2986/1229/1483
f 2986/1229/1483 2984/1229/1417 2983/1229/1482
f 2987/1494/11 2988/1495/5 2989/1496/5
f 2990/1497/25 2987/1494/11 2989/1496/5
f 2991/1498/10 2990/1497/25 2989/1496/5
f 2992/1499/9 2991/1498/10 2989/1496/5
f 2992/1499/9 2989/1496/5 591/591/52
f 2993/1500/46 2992/1499/9 591/591/52
f 593/593/36 2993/1500/46 591/591/52
f 591/591/52 2994/1501/47 592/592/16
f 635/635/52 634/634/47 2995/1502/30
f 2996/1503/24 2994/1501/47 635/635/52
f 2995/1502/30 2996/1503/24 635/635/52
f 2994/1501/47 591/591/52 635/635/52
f 634/634/47 2997/1504/11 2998/1505/9
f 2998/1505/9 2999/1506/68 634/634/47
f 634/634/47 2999/1506/68 3000/1507/41
f 634/634/47 3000/1507/41 3001/1508/30
f 634/634/47 3001/1508/30 2995/1502/30
f 2997/1504/11 3002/1509/33 2998/1505/9
f 2997/1504/11 3003/1510/984 3002/1509/33
f 2997/1504/11 3004/1511/29 3003/1510/984
f 2997/1504/11 637/637/11 3004/1511/29
f 637/637/11 3005/1512/1 3004/1511/29
f 578/578/5 580/580/82 3006/1513/47
f 3006/1513/47 3005/1512/1 578/578/5
f 3005/1512/1 637/637/11 578/578/5
f 568/568/3 3007/1514/5 579/579/3
f 568/568/3 3008/1515/34 3007/1514/5
f 568/568/3 3009/1516/46 3008/1515/34
f 568/568/3 3010/1517/6 3009/1516/46
f 568/568/3 3011/1518/21 3010/1517/6
f 568/568/3 3012/1519/5 3011/1518/21
f 569/569/11 2989/1496/5 2988/1495/5
f 569/569/11 2988/1495/5 3012/1519/5
f 568/568/3 569/569/11 3012/1519/5
f 3013/1520/11 3014/1521/67 3015/1522/37
f 3013/1520/11 3016/1523/82 3014/1521/67
f 3013/1520/11 3017/1524/9 3016/1523/82
f 939/939/5 938/938/11 3018/1525/52
f 3013/1520/11 3015/1522/37 3019/1526/8
f 932/932/33 3020/1527/50 930/930/6
f 932/932/33 3019/1526/8 3020/1527/50
f 932/932/33 3013/1520/11 3019/1526/8
f 924/924/33 932/932/33 931/931/10
f 916/916/11 3021/1528/119 3022/1529/137
f 916/916/11 3023/1530/52 3021/1528/119
f 916/916/11 3024/1531/139 3023/1530/52
f 916/916/11 924/924/33 3024/1531/139
f 924/924/33 931/931/10 3025/1532/6
f 924/924/33 3025/1532/6 3026/1533/41
f 924/924/33 3026/1533/41 3024/1531/139
f 938/938/11 3027/1534/11 3028/1535/10
f 3027/1534/11 916/916/11 3022/1529/137
f 3022/1529/137 3028/1535/10 3027/1534/11
f 938/938/11 3028/1535/10 3029/1536/52
f 938/938/11 3029/1536/52 3030/1537/35
f 938/938/11 3030/1537/35 3031/1538/11
f 938/938/11 3031/1538/11 3032/1539/10
f 938/938/11 3032/1539/10 3033/1540/60
f 938/938/11 3033/1540/60 3018/1525/52
f 3018/1525/52 3034/1541/47 939/939/5
f 3035/1542/3 3017/1524/9 3013/1520/11
f 3035/1542/3 3013/1520/11 921/921/5
f 3035/1542/3 921/921/5 920/920/3
f 939/939/5 3034/1541/47 3036/1543/80
f 939/939/5 3036/1543/80 3037/1544/70
f 920/920/3 939/939/5 3037/1544/70
f 920/920/3 3037/1544/70 3038/1545/33
f 920/920/3 3038/1545/33 3039/1546/41
f 920/920/3 3039/1546/41 3040/1547/33
f 920/920/3 3040/1547/33 3035/1542/3
f 3041/1513/1484 3042/580/1485 3043/1548/1486
f 3042/580/1485 3044/579/1487 3045/1549/1488
f 3045/1549/1488 3043/1548/1486 3042/580/1485
f 3044/579/1487 3046/1514/1489 3045/1549/1488
f 3046/1514/1489 3047/1515/1490 3048/1550/1491
f 3048/1550/1491 3045/1549/1488 3046/1514/1489
f 3047/1515/1490 3049/1516/1492 3050/1551/1493
f 3050/1551/1493 3048/1550/1491 3047/1515/1490
f 3049/1516/1492 3051/1517/1494 3052/1552/1495
f 3052/1552/1495 3050/1551/1493 3049/1516/1492
f 3051/1517/1494 3053/1518/1496 3054/1553/1497
f 3054/1553/1497 3052/1552/1495 3051/1517/1494
f 3053/1518/1496 3055/1519/1498 3054/1553/1497
f 3055/1519/1498 3056/1495/1499 3057/1554/1500
f 3057/1554/1500 3054/1553/1497 3055/1519/1498
f 3056/1495/1499 3058/1494/1501 3057/1554/1500
f 3058/1494/1501 3059/1497/1502 3060/1555/1503
f 3060/1555/1503 3057/1554/1500 3058/1494/1501
f 3059/1497/1502 3061/1498/1504 3062/1556/1505
f 3062/1556/1505 3060/1555/1503 3059/1497/1502
f 3061/1498/1504 3063/1499/1506 3064/1557/1507
f 3064/1557/1507 3062/1556/1505 3061/1498/1504
f 3063/1499/1506 3065/1500/1508 3066/1558/1509
f 3066/1558/1509 3064/1557/1507 3063/1499/1506
f 3065/1500/1508 3067/593/1510 3066/1558/1509
f 3067/593/1510 3068/592/1511 3069/1559/1512
f 3069/1559/1512 3066/1558/1509 3067/593/1510
f 3068/592/1511 3070/1501/1513 3069/1559/1512
f 3070/1501/1513 3071/1503/1514 3072/1560/1515
f 3072/1560/1515 3069/1559/1512 3070/1501/1513
f 3071/1503/1514 3073/1502/1516 3074/1561/1517
f 3074/1561/1517 3072/1560/1515 3071/1503/1514
f 3073/1502/1516 3075/1508/1518 3076/1562/1519
f 3076/1562/1519 3074/1561/1517 3073/1502/1516
f 3075/1508/1518 3077/1507/1520 3078/1563/1521
f 3078/1563/1521 3076/1562/1519 3075/1508/1518
f 3077/1507/1520 3079/1506/1522 3078/1563/1521
f 3079/1506/1522 3080/1505/1523 3081/1564/1524
f 3081/1564/1524 3078/1563/1521 3079/1506/1522
f 3080/1505/1523 3082/1509/1525 3081/1564/1524
f 3082/1509/1525 3083/1510/1526 3084/1565/1527
f 3084/1565/1527 3081/1564/1524 3082/1509/1525
f 3083/1510/1526 3085/1511/1528 3086/1566/1529
f 3086/1566/1529 3084/1565/1527 3083/1510/1526
f 3085/1511/1528 3087/1512/1530 3088/1567/1531
f 3088/1567/1531 3086/1566/1529 3085/1511/1528
f 3087/1512/1530 3041/1513/1484 3043/1548/1486
f 3043/1548/1486 3088/1567/1531 3087/1512/1530
f 3089/1532/1532 3090/931/1533 3091/1568/1534
f 3090/931/1533 3092/930/1535 3093/1569/1536
f 3093/1569/1536 3091/1568/1534 3090/931/1533
f 3092/930/1535 3094/1527/1537 3093/1569/1536
f 3094/1527/1537 3095/1526/1538 3096/1570/1539
f 3096/1570/1539 3093/1569/1536 3094/1527/1537
f 3095/1526/1538 3097/1522/1540 3098/1571/1541
f 3098/1571/1541 3096/1570/1539 3095/1526/1538
f 3097/1522/1540 3099/1521/1542 3100/1572/1543
f 3100/1572/1543 3098/1571/1541 3097/1522/1540
f 3099/1521/1542 3101/1523/1544 3102/1573/1545
f 3102/1573/1545 3100/1572/1543 3099/1521/1542
f 3101/1523/1544 3103/1524/1546 3102/1573/1545
f 3103/1524/1546 3104/1542/1547 3105/1574/1548
f 3105/1574/1548 3102/1573/1545 3103/1524/1546
f 3104/1542/1547 3106/1547/1549 3105/1574/1548
f 3106/1547/1549 3107/1546/1550 3108/1575/1551
f 3108/1575/1551 3105/1574/1548 3106/1547/1549
f 3107/1546/1550 3109/1545/1552 3110/1576/1553
f 3110/1576/1553 3108/1575/1551 3107/1546/1550
f 3109/1545/1552 3111/1544/1554 3112/1577/1555
f 3112/1577/1555 3110/1576/1553 3109/1545/1552
f 3111/1544/1554 3113/1543/1556 3114/1578/1557
f 3114/1578/1557 3112/1577/1555 3111/1544/1554
f 3113/1543/1556 3115/1541/1558 3114/1578/1557
f 3115/1541/1558 3116/1525/1559 3117/1579/1560
f 3117/1579/1560 3114/1578/1557 3115/1541/1558
f 3116/1525/1559 3118/1540/1561 3117/1579/1560
f 3118/1540/1561 3119/1539/1562 3120/1580/1563
f 3120/1580/1563 3117/1579/1560 3118/1540/1561
f 3119/1539/1562 3121/1538/1564 3122/1581/1565
f 3122/1581/1565 3120/1580/1563 3119/1539/1562
f 3121/1538/1564 3123/1537/1566 3124/1582/1567
f 3124/1582/1567 3122/1581/1565 3121/1538/1564
f 3123/1537/1566 3125/1536/1568 3126/1583/1569
f 3126/1583/1569 3124/1582/1567 3123/1537/1566
f 3125/1536/1568 3127/1535/1570 3126/1583/1569
f 3127/1535/1570 3128/1529/1571 3129/1584/1572
f 3129/1584/1572 3126/1583/1569 3127/1535/1570
f 3128/1529/1571 3130/1528/1573 3129/1584/1572
f 3130/1528/1573 3131/1530/1574 3132/1585/1575
f 3132/1585/1575 3129/1584/1572 3130/1528/1573
f 3131/1530/1574 3133/1531/1576 3134/1586/1577
f 3134/1586/1577 3132/1585/1575 3131/1530/1574
f 3133/1531/1576 3135/1533/1578 3136/1587/1579
f 3136/1587/1579 3134/1586/1577 3133/1531/1576
f 3135/1533/1578 3089/1532/1532 3091/1568/1534
f 3091/1568/1534 3136/1587/1579 3135/1533/1578
f 3137/1588/1580 3138/1589/1580 3139/1590/1580
f 3137/1588/1580 3140/1591/1581 3138/1589/1580
f 3137/1588/1580 3141/1592/1581 3140/1591/1581
f 3137/1588/1580 3142/1593/1581 3143/1594/1580
f 3137/1588/1580 3144/1595/1580 3142/1593/1581
f 3137/1588/1580 3145/1596/1580 3144/1595/1580
f 3137/1588/1580 3146/1597/1580 3145/1596/1580
f 3137/1588/1580 3147/1598/1580 3146/1597/1580
f 3137/1588/1580 3148/1599/1580 3147/1598/1580
f 3137/1588/1580 3149/1600/1580 3148/1599/1580
f 3137/1588/1580 3150/1601/1580 3149/1600/1580
f 3137/1588/1580 3151/1588/1582 3150/1601/1580
f 3137/1588/1580 3152/1602/1580 3151/1588/1582
f 3137/1588/1580 3153/1603/1580 3152/1602/1580
f 3137/1588/1580 3154/1604/1580 3153/1603/1580
f 3137/1588/1580 3139/1590/1580 3154/1604/1580
f 3139/1590/1580 3138/1589/1580 3155/1589/1580
f 3155/1589/1580 3156/1590/1580 3139/1590/1580
f 3138/1589/1580 3140/1591/1581 3157/1591/1580
f 3157/1591/1580 3155/1589/1580 3138/1589/1580
f 3140/1591/1581 3141/1592/1581 3158/1592/1580
f 3158/1592/1580 3157/1591/1580 3140/1591/1581
f 3143/1594/1580 3142/1593/1581 3159/1593/1580
f 3159/1593/1580 3160/1594/1583 3143/1594/1580
f 3142/1593/1581 3144/1595/1580 3161/1595/1580
f 3161/1595/1580 3159/1593/1580 3142/1593/1581
f 3144/1595/1580 3145/1596/1580 3162/1596/1580
f 3162/1596/1580 3161/1595/1580 3144/1595/1580
f 3145/1596/1580 3146/1597/1580 3163/1597/1580
f 3163/1597/1580 3162/1596/1580 3145/1596/1580
f 3146/1597/1580 3147/1598/1580 3164/1598/1580
f 3164/1598/1580 3163/1597/1580 3146/1597/1580
f 3147/1598/1580 3148/1599/1580 3165/1599/1580
f 3165/1599/1580 3164/1598/1580 3147/1598/1580
f 3148/1599/1580 3149/1600/1580 3166/1600/1580
f 3166/1600/1580 3165/1599/1580 3148/1599/1580
f 3149/1600/1580 3150/1601/1580 3167/1601/1581
f 3167/1601/1581 3166/1600/1580 3149/1600/1580
f 3150/1601/1580 3151/1588/1582 3168/1588/1580
f 3168/1588/1580 3167/1601/1581 3150/1601/1580
f 3151/1588/1582 3152/1602/1580 3169/1602/1580
f 3169/1602/1580 3168/1588/1580 3151/1588/1582
f 3152/1602/1580 3153/1603/1580 3170/1603/1580
f 3170/1603/1580 3169/1602/1580 3152/1602/1580
f 3153/1603/1580 3154/1604/1580 3171/1604/1580
f 3171/1604/1580 3170/1603/1580 3153/1603/1580
f 3154/1604/1580 3139/1590/1580 3156/1590/1580
f 3156/1590/1580 3171/1604/1580 3154/1604/1580
f 3172/1590/1584 3173/1589/1585 3174/1605/1585
f 3174/1605/1585 3175/1606/1584 3172/1590/1584
f 3173/1589/1585 3176/1591/1586 3177/1607/1586
f 3177/1607/1586 3174/1605/1585 3173/1589/1585
f 3176/1591/1586 3178/1592/1587 3179/1608/1588
f 3179/1608/1588 3177/1607/1586 3176/1591/1586
f 3180/1594/1589 3181/1593/1590 3182/1609/1590
f 3182/1609/1590 3183/1610/1591 3180/1594/1589
f 3181/1593/1590 3184/1595/1592 3185/1611/1593
f 3185/1611/1593 3182/1609/1590 3181/1593/1590
f 3184/1595/1592 3186/1596/1594 3187/1612/1594
f 3187/1612/1594 3185/1611/1593 3184/1595/1592
f 3186/1596/1594 3188/1597/1595 3189/1613/1596
f 3189/1613/1596 3187/1612/1594 3186/1596/1594
f 3188/1597/1595 3190/1598/1597 3191/1614/1598
f 3191/1614/1598 3189/1613/1596 3188/1597/1595
f 3190/1598/1597 3192/1599/1599 3193/1615/1600
f 3193/1615/1600 3191/1614/1598 3190/1598/1597
f 3192/1599/1599 3194/1600/1601 3195/1616/1601
f 3195/1616/1601 3193/1615/1600 3192/1599/1599
f 3194/1600/1601 3196/1601/1602 3197/1617/1603
f 3197/1617/1603 3195/1616/1601 3194/1600/1601
f 3196/1601/1602 3198/1588/1604 3199/1618/1604
f 3199/1618/1604 3197/1617/1603 3196/1601/1602
f 3198/1588/1604 3200/1602/1605 3201/1619/1605
f 3201/1619/1605 3199/1618/1604 3198/1588/1604
f 3200/1602/1605 3202/1603/1606 3203/1620/1606
f 3203/1620/1606 3201/1619/1605 3200/1602/1605
f 3202/1603/1606 3204/1604/1607 3205/1621/1607
f 3205/1621/1607 3203/1620/1606 3202/1603/1606
f 3204/1604/1607 3172/1590/1584 3175/1606/1584
f 3175/1606/1584 3205/1621/1607 3204/1604/1607
f 3206/1606/1608 3207/1605/1609 3208/1622/1610
f 3208/1622/1610 3209/1623/1611 3206/1606/1608
f 3207/1605/1609 3210/1607/1612 3211/1624/1612
f 3211/1624/1612 3208/1622/1610 3207/1605/1609
f 3210/1607/1612 3212/1608/1613 3213/1625/1614
f 3213/1625/1614 3211/1624/1612 3210/1607/1612
f 3214/1610/1613 3215/1609/1615 3216/1626/1615
f 3216/1626/1615 3217/1627/1613 3214/1610/1613
f 3215/1609/1615 3218/1611/1616 3219/1628/1616
f 3219/1628/1616 3216/1626/1615 3215/1609/1615
f 3218/1611/1616 3220/1612/1617 3221/1629/1618
f 3221/1629/1618 3219/1628/1616 3218/1611/1616
f 3220/1612/1617 3222/1613/1619 3223/1630/1620
f 3223/1630/1620 3221/1629/1618 3220/1612/1617
f 3222/1613/1619 3224/1614/1621 3225/1631/1622
f 3225/1631/1622 3223/1630/1620 3222/1613/1619
f 3224/1614/1621 3226/1615/1623 3227/1632/1624
f 3227/1632/1624 3225/1631/1622 3224/1614/1621
f 3226/1615/1623 3228/1616/1625 3229/1633/1626
f 3229/1633/1626 3227/1632/1624 3226/1615/1623
f 3228/1616/1625 3230/1617/1627 3231/1634/1628
f 3231/1634/1628 3229/1633/1626 3228/1616/1625
f 3230/1617/1627 3232/1618/1629 3233/1635/1629
f 3233/1635/1629 3231/1634/1628 3230/1617/1627
f 3232/1618/1629 3234/1619/1630 3235/1636/1631
f 3235/1636/1631 3233/1635/1629 3232/1618/1629
f 3234/1619/1630 3236/1620/1632 3237/1637/1633
f 3237/1637/1633 3235/1636/1631 3234/1619/1630
f 3236/1620/1632 3238/1621/1634 3239/1638/1635
f 3239/1638/1635 3237/1637/1633 3236/1620/1632
f 3238/1621/1634 3206/1606/1608 3209/1623/1611
f 3209/1623/1611 3239/1638/1635 3238/1621/1634
f 3240/1623/1636 3241/1622/1637 3242/1639/1637
f 3242/1639/1637 3243/1640/1636 3240/1623/1636
f 3241/1622/1637 3244/1624/1638 3245/1641/1638
f 3245/1641/1638 3242/1639/1637 3241/1622/1637
f 3244/1624/1638 3246/1625/1587 3247/1642/1587
f 3247/1642/1587 3245/1641/1638 3244/1624/1638
f 3248/1627/1591 3249/1626/1639 3250/1643/1639
f 3250/1643/1639 3251/1644/1591 3248/1627/1591
f 3249/1626/1639 3252/1628/1640 3253/1645/1593
f 3253/1645/1593 3250/1643/1639 3249/1626/1639
f 3252/1628/1640 3254/1629/1594 3255/1646/1594
f 3255/1646/1594 3253/1645/1593 3252/1628/1640
f 3254/1629/1594 3256/1630/1641 3257/1647/1641
f 3257/1647/1641 3255/1646/1594 3254/1629/1594
f 3256/1630/1641 3258/1631/1597 3259/1648/1597
f 3259/1648/1597 3257/1647/1641 3256/1630/1641
f 3258/1631/1597 3260/1632/1642 3261/1649/1643
f 3261/1649/1643 3259/1648/1597 3258/1631/1597
f 3260/1632/1642 3262/1633/1601 3263/1650/1601
f 3263/1650/1601 3261/1649/1643 3260/1632/1642
f 3262/1633/1601 3264/1634/1644 3265/1651/1644
f 3265/1651/1644 3263/1650/1601 3262/1633/1601
f 3264/1634/1644 3266/1635/1645 3267/1652/1645
f 3267/1652/1645 3265/1651/1644 3264/1634/1644
f 3266/1635/1645 3268/1636/1646 3269/1653/1646
f 3269/1653/1646 3267/1652/1645 3266/1635/1645
f 3268/1636/1646 3270/1637/1647 3271/1654/1647
f 3271/1654/1647 3269/1653/1646 3268/1636/1646
f 3270/1637/1647 3272/1638/1607 3273/1655/1648
f 3273/1655/1648 3271/1654/1647 3270/1637/1647
f 3272/1638/1607 3240/1623/1636 3243/1640/1636
f 3243/1640/1636 3273/1655/1648 3272/1638/1607
f 3274/1640/1649 3275/1639/1650 3276/1652/133
f 3275/1639/1650 3277/1641/1651 3276/1652/133
f 3277/1641/1651 3278/1642/1652 3276/1652/133
f 3279/1644/1652 3280/1643/1653 3276/1652/133
f 3280/1643/1653 3281/1645/1654 3276/1652/133
f 3281/1645/1654 3282/1646/1655 3276/1652/133
f 3282/1646/1655 3283/1647/1656 3276/1652/133
f 3283/1647/1656 3284/1648/1657 3276/1652/133
f 3284/1648/1657 3285/1649/1658 3276/1652/133
f 3285/1649/1658 3286/1650/1659 3276/1652/133
f 3286/1650/1659 3287/1651/1660 3276/1652/133
f 3287/1651/1660 3288/1652/1661 3276/1652/133
f 3288/1652/1661 3289/1653/1662 3276/1652/133
f 3289/1653/1662 3290/1654/1663 3276/1652/133
f 3290/1654/1663 3291/1655/1664 3276/1652/133
f 3291/1655/1664 3274/1640/1649 3276/1652/133
f 3292/1656/1665 3293/1657/1666 3294/1658/1667
f 3294/1658/1667 3295/1659/1668 3292/1656/1665
f 3294/1658/1667 3296/1660/1669 3297/1661/1670
f 3294/1658/1667 3297/1661/1670 3298/1662/1671
f 3294/1658/1667 3298/1662/1671 3299/1663/1672
f 3294/1658/1667 3299/1663/1672 3300/1664/1673
f 3294/1658/1667 3300/1664/1673 3301/1665/1674
f 3294/1658/1667 3301/1665/1674 3302/1666/1675
f 3294/1658/1667 3302/1666/1675 3303/1667/1676
f 3303/1667/1676 3295/1659/1668 3294/1658/1667
f 3295/1659/1668 3303/1667/1676 3304/1668/1677
f 3295/1659/1668 3304/1668/1677 3305/1669/1678
f 3295/1659/1668 3305/1669/1678 3306/1670/1679
f 3295/1659/1668 3306/1670/1679 3307/1671/1680
f 3295/1659/1668 3307/1671/1680 3308/1672/1681
f 3295/1659/1668 3308/1672/1681 3309/1673/1682
f 3295/1659/1668 3309/1673/1682 3310/1674/1683
f 3310/1674/1683 3292/1656/1665 3295/1659/1668
f 3292/1656/1665 3310/1674/1683 3311/1675/1684
f 3292/1656/1665 3311/1675/1684 3312/1676/1685
f 3292/1656/1665 3312/1676/1685 3313/1677/1686
f 3292/1656/1665 3313/1677/1686 3314/1678/1687
f 3292/1656/1665 3314/1678/1687 3315/1679/1688
f 3292/1656/1665 3315/1679/1688 3316/1680/1689
f 3292/1656/1665 3316/1680/1689 3317/1681/1690
f 3317/1681/1690 3293/1657/1666 3292/1656/1665
f 3293/1657/1666 3317/1681/1690 3318/1682/1691
f 3293/1657/1666 3318/1682/1691 3319/1683/1692
f 3293/1657/1666 3319/1683/1692 3320/1684/1693
f 3293/1657/1666 3320/1684/1693 3321/1685/1694
f 3293/1657/1666 3321/1685/1694 3322/1686/1695
f 3293/1657/1666 3322/1686/1695 3323/1687/1696
f 3293/1657/1666 3323/1687/1696 3296/1660/1669
f 3296/1660/1669 3294/1658/1667 3293/1657/1666
f 3324/1688/1697 3297/1661/1670 3296/1660/1669
f 3296/1660/1669 3325/1689/1698 3324/1688/1697
f 3326/1690/1699 3298/1662/1671 3297/1661/1670
f 3297/1661/1670 3324/1688/1697 3326/1690/1699
f 3327/1691/1700 3299/1663/1672 3298/1662/1671
f 3298/1662/1671 3326/1690/1699 3327/1691/1700
f 3328/1692/1701 3300/1664/1673 3299/1663/1672
f 3299/1663/1672 3327/1691/1700 3328/1692/1701
f 3329/1693/1702 3301/1665/1674 3300/1664/1673
f 3300/1664/1673 3328/1692/1701 3329/1693/1702
f 3330/1694/1703 3302/1666/1675 3301/1665/1674
f 3301/1665/1674 3329/1693/1702 3330/1694/1703
f 3331/1695/1704 3303/1667/1676 3302/1666/1675
f 3302/1666/1675 3330/1694/1703 3331/1695/1704
f 3332/1696/1705 3304/1668/1677 3303/1667/1676
f 3303/1667/1676 3331/1695/1704 3332/1696/1705
f 3333/1697/1706 3305/1669/1678 3304/1668/1677
f 3304/1668/1677 3332/1696/1705 3333/1697/1706
f 3334/1698/1707 3306/1670/1679 3305/1669/1678
f 3305/1669/1678 3333/1697/1706 3334/1698/1707
f 3335/1699/1708 3307/1671/1680 3306/1670/1679
f 3306/1670/1679 3334/1698/1707 3335/1699/1708
f 3336/1700/1709 3308/1672/1681 3307/1671/1680
f 3307/1671/1680 3335/1699/1708 3336/1700/1709
f 3337/1701/1710 3309/1673/1682 3308/1672/1681
f 3308/1672/1681 3336/1700/1709 3337/1701/1710
f 3338/1702/1711 3310/1674/1683 3309/1673/1682
f 3309/1673/1682 3337/1701/1710 3338/1702/1711
f 3339/1703/1712 3311/1675/1684 3310/1674/1683
f 3310/1674/1683 3338/1702/1711 3339/1703/1712
f 3340/1704/1713 3312/1676/1685 3311/1675/1684
f 3311/1675/1684 3339/1703/1712 3340/1704/1713
f 3341/1705/1714 3313/1677/1686 3312/1676/1685
f 3312/1676/1685 3340/1704/1713 3341/1705/1714
f 3342/1706/1715 3314/1678/1687 3313/1677/1686
f 3313/1677/1686 3341/1705/1714 3342/1706/1715
f 3343/1707/1716 3315/1679/1688 3314/1678/1687
f 3314/1678/1687 3342/1706/1715 3343/1707/1716
f 3344/1708/1717 3316/1680/1689 3315/1679/1688
f 3315/1679/1688 3343/1707/1716 3344/1708/1717
f 3345/1709/1718 3317/1681/1690 3316/1680/1689
f 3316/1680/1689 3344/1708/1717 3345/1709/1718
f 3346/1710/1719 3318/1682/1691 3317/1681/1690
f 3317/1681/1690 3345/1709/1718 3346/1710/1719
f 3347/1711/1720 3319/1683/1692 3318/1682/1691
f 3318/1682/1691 3346/1710/1719 3347/1711/1720
f 3348/1712/1721 3320/1684/1693 3319/1683/1692
f 3319/1683/1692 3347/1711/1720 3348/1712/1721
f 3349/1713/1722 3321/1685/1694 3320/1684/1693
f 3320/1684/1693 3348/1712/1721 3349/1713/1722
f 3350/1714/1723 3322/1686/1695 3321/1685/1694
f 3321/1685/1694 3349/1713/1722 3350/1714/1723
f 3351/1715/1724 3323/1687/1696 3322/1686/1695
f 3322/1686/1695 3350/1714/1723 3351/1715/1724
f 3325/1689/1698 3296/1660/1669 3323/1687/1696
f 3323/1687/1696 3351/1715/1724 3325/1689/1698
f 3352/1716/1725 3324/1688/1697 3325/1689/1698
f 3325/1689/1698 3353/1717/1726 3352/1716/1725
f 3354/1718/1727 3326/1690/1699 3324/1688/1697
f 3324/1688/1697 3352/1716/1725 3354/1718/1727
f 3355/1719/1728 3327/1691/1700 3326/1690/1699
f 3326/1690/1699 3354/1718/1727 3355/1719/1728
f 3356/1720/1729 3328/1692/1701 3327/1691/1700
f 3327/1691/1700 3355/1719/1728 3356/1720/1729
f 3357/1721/1730 3329/1693/1702 3328/1692/1701
f 3328/1692/1701 3356/1720/1729 3357/1721/1730
f 3358/1722/1731 3330/1694/1703 3329/1693/1702
f 3329/1693/1702 3357/1721/1730 3358/1722/1731
f 3359/1723/1732 3331/1695/1704 3330/1694/1703
f 3330/1694/1703 3358/1722/1731 3359/1723/1732
f 3360/1724/1733 3332/1696/1705 3331/1695/1704
f 3331/1695/1704 3359/1723/1732 3360/1724/1733
f 3361/1725/1734 3333/1697/1706 3332/1696/1705
f 3332/1696/1705 3360/1724/1733 3361/1725/1734
f 3362/1726/1735 3334/1698/1707 3333/1697/1706
f 3333/1697/1706 3361/1725/1734 3362/1726/1735
f 3363/1727/1736 3335/1699/1708 3334/1698/1707
f 3334/1698/1707 3362/1726/1735 3363/1727/1736
f 3364/1728/1737 3336/1700/1709 3335/1699/1708
f 3335/1699/1708 3363/1727/1736 3364/1728/1737
f 3365/1729/1738 3337/1701/1710 3336/1700/1709
f 3336/1700/1709 3364/1728/1737 3365/1729/1738
f 3366/1730/1739 3338/1702/1711 3337/1701/1710
f 3337/1701/1710 3365/1729/1738 3366/1730/1739
f 3367/1731/1740 3339/1703/1712 3338/1702/1711
f 3338/1702/1711 3366/1730/1739 3367/1731/1740
f 3368/1732/1741 3340/1704/1713 3339/1703/1712
f 3339/1703/1712 3367/1731/1740 3368/1732/1741
f 3369/1733/1742 3341/1705/1714 3340/1704/1713
f 3340/1704/1713 3368/1732/1741 3369/1733/1742
f 3370/1734/1743 3342/1706/1715 3341/1705/1714
f 3341/1705/1714 3369/1733/1742 3370/1734/1743
f 3371/1735/1744 3343/1707/1716 3342/1706/1715
f 3342/1706/1715 3370/1734/1743 3371/1735/1744
f 3372/1736/1745 3344/1708/1717 3343/1707/1716
f 3343/1707/1716 3371/1735/1744 3372/1736/1745
f 3373/1737/1746 3345/1709/1718 3344/1708/1717
f 3344/1708/1717 3372/1736/1745 3373/1737/1746
f 3374/1738/1747 3346/1710/1719 3345/1709/1718
f 3345/1709/1718 3373/1737/1746 3374/1738/1747
f 3375/1739/1748 3347/1711/1720 3346/1710/1719
f 3346/1710/1719 3374/1738/1747 3375/1739/1748
f 3376/1740/1749 3348/1712/1721 3347/1711/1720
f 3347/1711/1720 3375/1739/1748 3376/1740/1749
f 3377/1741/1750 3349/1713/1722 3348/1712/1721
f 3348/1712/1721 3376/1740/1749 3377/1741/1750
f 3378/1742/1751 3350/1714/1723 3349/1713/1722
f 3349/1713/1722 3377/1741/1750 3378/1742/1751
f 3379/1743/1752 3351/1715/1724 3350/1714/1723
f 3350/1714/1723 3378/1742/1751 3379/1743/1752
f 3353/1717/1726 3325/1689/1698 3351/1715/1724
f 3351/1715/1724 3379/1743/1752 3353/1717/1726
f 3380/1744/1753 3352/1716/1725 3353/1717/1726
f 3353/1717/1726 3381/1745/1754 3380/1744/1753
f 3382/1746/1755 3354/1718/1727 3352/1716/1725
f 3352/1716/1725 3380/1744/1753 3382/1746/1755
f 3383/1747/1756 3355/1719/1728 3354/1718/1727
f 3354/1718/1727 3382/1746/1755 3383/1747/1756
f 3384/1748/1757 3356/1720/1729 3355/1719/1728
f 3355/1719/1728 3383/1747/1756 3384/1748/1757
f 3385/1749/1758 3357/1721/1730 3356/1720/1729
f 3356/1720/1729 3384/1748/1757 3385/1749/1758
f 3386/1750/1759 3358/1722/1731 3357/1721/1730
f 3357/1721/1730 3385/1749/1758 3386/1750/1759
f 3387/1751/1760 3359/1723/1732 3358/1722/1731
f 3358/1722/1731 3386/1750/1759 3387/1751/1760
f 3388/1752/1761 3360/1724/1733 3359/1723/1732
f 3359/1723/1732 3387/1751/1760 3388/1752/1761
f 3389/1753/1762 3361/1725/1734 3360/1724/1733
f 3360/1724/1733 3388/1752/1761 3389/1753/1762
f 3390/1754/1763 3362/1726/1735 3361/1725/1734
f 3361/1725/1734 3389/1753/1762 3390/1754/1763
f 3391/1755/1764 3363/1727/1736 3362/1726/1735
f 3362/1726/1735 3390/1754/1763 3391/1755/1764
f 3392/1756/1765 3364/1728/1737 3363/1727/1736
f 3363/1727/1736 3391/1755/1764 3392/1756/1765
f 3393/1757/1766 3365/1729/1738 3364/1728/1737
f 3364/1728/1737 3392/1756/1765 3393/1757/1766
f 3394/1758/1767 3366/1730/1739 3365/1729/1738
f 3365/1729/1738 3393/1757/1766 3394/1758/1767
f 3395/1759/1768 3367/1731/1740 3366/1730/1739
f 3366/1730/1739 3394/1758/1767 3395/1759/1768
f 3396/1760/1769 3368/1732/1741 3367/1731/1740
f 3367/1731/1740 3395/1759/1768 3396/1760/1769
f 3397/1761/1770 3369/1733/1742 3368/1732/1741
f 3368/1732/1741 3396/1760/1769 3397/1761/1770
f 3398/1762/1771 3370/1734/1743 3369/1733/1742
f 3369/1733/1742 3397/1761/1770 3398/1762/1771
f 3399/1763/1772 3371/1735/1744 3370/1734/1743
f 3370/1734/1743 3398/1762/1771 3399/1763/1772
f 3400/1764/1773 3372/1736/1745 3371/1735/1744
f 3371/1735/1744 3399/1763/1772 3400/1764/1773
f 3401/1765/1774 3373/1737/1746 3372/1736/1745
f 3372/1736/1745 3400/1764/1773 3401/1765/1774
f 3402/1766/1775 3374/1738/1747 3373/1737/1746
f 3373/1737/1746 3401/1765/1774 3402/1766/1775
f 3403/1767/1776 3375/1739/1748 3374/1738/1747
f 3374/1738/1747 3402/1766/1775 3403/1767/1776
f 3404/1768/1777 3376/1740/1749 3375/1739/1748
f 3375/1739/1748 3403/1767/1776 3404/1768/1777
f 3405/1769/1778 3377/1741/1750 3376/1740/1749
f 3376/1740/1749 3404/1768/1777 3405/1769/1778
f 3406/1770/1779 3378/1742/1751 3377/1741/1750
f 3377/1741/1750 3405/1769/1778 3406/1770/1779
f 3407/1771/1780 3379/1743/1752 3378/1742/1751
f 3378/1742/1751 3406/1770/1779 3407/1771/1780
f 3381/1745/1754 3353/1717/1726 3379/1743/1752
f 3379/1743/1752 3407/1771/1780 3381/1745/1754
f 3408/1772/1590 3409/1773/1590 3410/1774/1590
f 3410/1774/1590 3411/1775/1590 3412/1776/1590
f 3412/1776/1590 3413/1777/1590 3414/1778/1590
f 3410/1774/1590 3412/1776/1590 3414/1778/1590
f 3414/1778/1590 3415/1779/1590 3416/1780/1590
f 3416/1780/1590 3417/1781/1590 3418/1782/1590
f 3414/1778/1590 3416/1780/1590 3418/1782/1590
f 3418/1782/1590 3419/1783/1590 3420/1784/1590
f 3420/1784/1590 3421/1785/1781 3422/1786/1590
f 3418/1782/1590 3420/1784/1590 3422/1786/1590
f 3414/1778/1590 3418/1782/1590 3422/1786/1590
f 3410/1774/1590 3414/1778/1590 3422/1786/1590
f 3408/1772/1590 3410/1774/1590 3422/1786/1590
f 3423/1787/1590 3408/1772/1590 3422/1786/1590
