# Blender 5.0.1
# www.blender.org
mtllib 1.mtl
o Cylinder.007_Head_bend_Material_0
v -0.160233 0.033554 -2.053852
v -0.160233 0.476606 -1.993397
v -0.097101 0.033554 -2.055867
v -0.097101 0.476606 -1.995412
v -0.160233 0.859438 -1.876516
v -0.097101 0.859438 -1.878532
v -0.160233 1.205707 -1.689105
v -0.097101 1.207858 -1.691120
v -0.191898 0.472305 -1.973245
v -0.191898 0.031403 -2.033700
v -0.191898 0.850835 -1.856365
v -0.191898 1.194953 -1.672983
v -0.191898 1.496057 -1.423101
v -0.160233 1.511112 -1.439223
v -0.191898 1.745543 -1.120824
v -0.160233 1.760598 -1.132915
v -0.191898 1.930506 -0.776228
v -0.160233 1.947712 -0.784289
v -0.097101 1.764899 -1.134930
v -0.097101 1.949863 -0.784289
v -0.097101 1.513263 -1.441238
v -0.191898 1.930506 -0.776228
v -0.191898 2.042345 -0.401405
v -0.160233 2.063852 -0.405435
v -0.191898 2.081058 -0.012475
v -0.160233 2.102566 -0.012475
v -0.097101 2.066003 -0.405435
v -0.097101 2.104716 -0.012475
v -0.097101 1.949863 -0.784289
v 0.000101 2.104716 -0.012475
v -0.097101 2.066003 -0.405435
v 0.000101 2.066003 -0.405435
v 0.000101 1.949863 -0.784289
v 0.097103 2.066003 -0.405435
v 0.097103 1.949863 -0.784289
v 0.097103 2.104716 -0.012475
v 0.097103 1.949863 -0.784289
v 0.160234 1.947712 -0.784289
v 0.097103 2.066003 -0.405435
v 0.160234 2.063852 -0.405435
v 0.160234 2.102566 -0.012475
v 0.191900 2.042345 -0.401405
v 0.191900 2.081058 -0.012475
v 0.191900 1.930506 -0.776228
v 0.203524 2.031591 -0.012475
v 0.191900 2.042345 -0.401405
v 0.203524 1.995028 -0.391329
v 0.191900 1.930506 -0.776228
v 0.203524 1.883190 -0.756077
v 0.205128 1.930506 -0.379238
v 0.205128 1.822969 -0.731894
v 0.203524 1.704679 -1.094627
v 0.205128 1.648759 -1.056338
v 0.203524 1.461645 -1.388843
v 0.205128 1.414329 -1.342494
v 0.203524 1.166994 -1.630664
v 0.205128 1.130431 -1.576254
v 0.205128 1.964918 -0.012475
v 0.191900 1.745543 -1.120824
v 0.191900 1.496057 -1.423101
v 0.191900 1.194953 -1.672983
v 0.191900 0.850835 -1.856365
v 0.203524 0.831478 -1.812031
v 0.191900 0.472305 -1.973245
v 0.203524 0.459400 -1.924881
v 0.205128 0.803519 -1.749560
v 0.205128 0.442194 -1.860395
v 0.203524 0.024951 -1.983321
v 0.205128 0.016348 -1.916820
v 0.203524 -0.495528 -1.999442
v 0.205128 -0.499830 -1.932941
v 0.203524 -1.065475 -1.979290
v 0.205128 -1.067625 -1.912789
v 0.191900 0.031403 -2.033700
v 0.191900 -0.491227 -2.049822
v 0.191900 -1.061173 -2.029670
v 0.191900 -1.618214 -1.977275
v 0.203524 -1.620365 -1.928911
v 0.191900 -2.039759 -1.926895
v 0.203524 -2.039759 -1.880546
v 0.205128 -1.620365 -1.862410
v 0.205128 -2.039759 -1.816061
v 0.201921 -2.235477 -1.858379
v 0.203524 -2.235477 -1.793893
v 0.190698 -2.284944 -1.852334
v 0.191900 -2.284944 -1.791878
v 0.160034 -2.295697 -1.854349
v 0.160234 -2.295697 -1.791878
v 0.190698 -2.233326 -1.902713
v 0.185286 -2.278492 -1.890622
v 0.159433 -2.284944 -1.898683
v 0.097103 -2.284944 -1.900698
v 0.097103 -2.295697 -1.854349
v 0.097103 -2.297848 -1.791878
v 0.097103 -2.295697 -1.854349
v 0.000101 -2.297848 -1.791878
v 0.000101 -2.295697 -1.854349
v -0.097101 -2.297848 -1.791878
v -0.097101 -2.295697 -1.854349
v 0.000101 -2.284944 -1.900698
v -0.097101 -2.284944 -1.900698
v 0.097103 -2.284944 -1.900698
v 0.000101 -2.284944 -1.900698
v 0.097103 -2.235477 -1.924880
v 0.000101 -2.235477 -1.924880
v 0.097103 -2.039759 -1.949062
v 0.000101 -2.039759 -1.949062
v -0.097101 -2.235477 -1.924880
v -0.097101 -2.039759 -1.949062
v -0.160233 -2.039759 -1.947047
v -0.160032 -2.235477 -1.920850
v -0.191898 -2.039759 -1.926895
v -0.190696 -2.233326 -1.902713
v -0.159431 -2.284944 -1.898683
v -0.185285 -2.278492 -1.890622
v -0.097101 -2.284944 -1.900698
v -0.097101 -2.284944 -1.900698
v -0.159431 -2.284944 -1.898683
v -0.097101 -2.295697 -1.854349
v -0.160032 -2.295697 -1.854349
v -0.160233 -2.295697 -1.791878
v -0.190696 -2.284944 -1.852334
v -0.191898 -2.284944 -1.791878
v -0.201919 -2.235477 -1.858379
v -0.190696 -2.233326 -1.902713
v -0.191898 -2.039759 -1.926895
v -0.203523 -2.039759 -1.880546
v -0.191898 -1.618214 -1.977275
v -0.203523 -1.620365 -1.928911
v -0.191898 -1.061173 -2.029670
v -0.203523 -1.065475 -1.979290
v -0.191898 -0.491227 -2.049822
v -0.203523 -0.495528 -1.999442
v -0.191898 0.031403 -2.033700
v -0.203523 0.024951 -1.983321
v -0.191898 0.472305 -1.973245
v -0.203523 0.459400 -1.924881
v -0.191898 0.850835 -1.856365
v -0.203523 0.831478 -1.812031
v -0.191898 1.194953 -1.672983
v -0.203523 1.166994 -1.630664
v -0.191898 1.496057 -1.423101
v -0.203523 1.461645 -1.388843
v -0.191898 1.745543 -1.120824
v -0.203523 1.704679 -1.094627
v -0.191898 1.930506 -0.776228
v -0.203523 1.883190 -0.756077
v -0.191898 2.042345 -0.401405
v -0.203523 1.995028 -0.391329
v -0.203523 2.031591 -0.012475
v -0.205126 1.930506 -0.379238
v -0.205126 1.964918 -0.012475
v -0.205126 1.822969 -0.731894
v -0.205126 1.648759 -1.056338
v -0.205126 1.414329 -1.342494
v -0.205126 1.130431 -1.576254
v -0.205126 0.803519 -1.749560
v -0.205126 0.442194 -1.860395
v -0.205126 0.016348 -1.916820
v -0.205126 -0.499830 -1.932941
v -0.205126 -1.067625 -1.912789
v -0.205126 -1.620365 -1.862410
v -0.205126 -2.039759 -1.816061
v -0.203523 -2.235477 -1.793893
v 0.097103 0.033554 -2.055867
v 0.160234 0.033554 -2.053852
v 0.097103 0.476606 -1.995412
v 0.160234 0.476606 -1.993397
v 0.097103 0.859438 -1.878532
v 0.160234 0.859438 -1.876516
v 0.191900 0.472305 -1.973245
v 0.191900 0.850835 -1.856365
v 0.160234 1.205707 -1.689105
v 0.191900 1.194953 -1.672983
v 0.191900 0.031403 -2.033700
v 0.097103 1.207858 -1.691120
v 0.000101 0.859438 -1.878532
v 0.000101 0.476606 -1.995412
v -0.097101 0.476606 -1.995412
v -0.097101 0.033554 -2.055867
v 0.000101 0.033554 -2.055867
v 0.097103 0.476606 -1.995412
v 0.097103 0.033554 -2.055867
v -0.097101 0.859438 -1.878532
v 0.000101 1.207858 -1.691120
v 0.097103 1.513263 -1.441238
v 0.160234 1.511112 -1.439223
v 0.160234 1.760598 -1.132915
v 0.191900 1.745543 -1.120824
v 0.160234 1.947712 -0.784289
v 0.191900 1.930506 -0.776228
v -0.097101 1.207858 -1.691120
v 0.000101 1.513263 -1.441238
v -0.097101 1.513263 -1.441238
v 0.000101 1.764899 -1.134930
v -0.097101 1.764899 -1.134930
v 0.000101 1.949863 -0.784289
v -0.097101 1.949863 -0.784289
v 0.097103 1.764899 -1.134930
v 0.097103 1.764899 -1.134930
v 0.097103 -2.235477 -1.924880
v 0.159433 -2.284944 -1.898683
v 0.160034 -2.235477 -1.920850
v 0.160234 -2.039759 -1.947047
v 0.191900 -2.039759 -1.926895
v 0.097103 -2.039759 -1.949062
v -0.191898 -2.039759 1.903961
v -0.191898 -1.618214 1.954341
v -0.160233 -2.039759 1.924113
v -0.160233 -1.618214 1.974493
v -0.097101 -2.039759 1.926128
v -0.097101 -1.618214 1.978523
v -0.160233 -1.061172 2.026887
v -0.191898 -1.061172 2.006735
v -0.191898 -0.491226 2.026887
v -0.160233 -0.489076 2.049054
v -0.191898 0.031403 2.010765
v -0.160233 0.033554 2.030917
v -0.191898 0.472305 1.950310
v -0.160233 0.476606 1.970462
v -0.097101 0.033554 2.032932
v -0.097101 0.476606 1.972477
v -0.160233 0.859438 1.853581
v -0.097101 0.859438 1.855597
v -0.097101 -0.489076 2.051069
v -0.097101 -1.061172 2.028902
v -0.191898 0.850835 1.833430
v -0.191898 1.194954 1.650048
v -0.160233 1.205707 1.666170
v -0.191898 1.496057 1.400166
v -0.160233 1.511112 1.416287
v -0.191898 1.745543 1.097889
v -0.160233 1.760598 1.109980
v -0.191898 1.930506 0.753293
v -0.160233 1.947712 0.761354
v -0.097101 1.764900 1.111995
v -0.097101 1.949863 0.761354
v -0.097101 1.513263 1.418302
v -0.097101 1.207858 1.668185
v -0.097101 1.949863 0.761354
v 0.000101 1.764900 1.111995
v -0.097101 1.764900 1.111995
v 0.000101 1.513263 1.418302
v 0.000101 1.207858 1.668185
v -0.097101 1.207858 1.668185
v 0.000101 0.859438 1.855597
v 0.000101 1.949863 0.761354
v 0.097103 1.764900 1.111995
v 0.097103 1.949863 0.761354
v 0.097103 1.513263 1.418302
v 0.097103 1.207858 1.668185
v 0.097103 0.859438 1.855597
v 0.097103 0.476606 1.972477
v 0.000101 0.476606 1.972477
v 0.097103 0.033554 2.032932
v 0.000101 0.033554 2.032932
v 0.097103 -0.489076 2.051069
v 0.000101 -0.489076 2.051069
v 0.097103 -1.061172 2.028902
v 0.000101 -1.061172 2.028902
v -0.097101 -0.489076 2.051069
v -0.097101 -1.061172 2.028902
v 0.000101 -1.618214 1.978523
v -0.097101 -1.618214 1.978523
v 0.000101 -2.039759 1.926128
v -0.097101 -2.039759 1.926128
v -0.097101 0.476606 1.972477
v -0.097101 0.033554 2.032932
v 0.097103 -2.039759 1.926128
v 0.097103 -1.618214 1.978523
v 0.097103 -2.039759 1.926128
v 0.160234 -2.039759 1.924113
v 0.160234 -1.618214 1.974493
v 0.097103 -1.061172 2.028902
v 0.160234 -1.061172 2.026887
v 0.097103 -0.489076 2.051069
v 0.160234 -0.489076 2.049054
v 0.160234 0.033554 2.030917
v 0.097103 0.476606 1.972477
v 0.160234 0.476606 1.970462
v 0.097103 0.859438 1.855597
v 0.160234 0.859438 1.853581
v 0.097103 1.207858 1.668185
v 0.160234 1.205707 1.666170
v 0.097103 1.513263 1.418302
v 0.160234 1.511112 1.416287
v 0.097103 1.764900 1.111995
v 0.160234 1.760598 1.109980
v 0.160234 1.947712 0.761354
v 0.191900 1.745543 1.097889
v 0.191900 1.930506 0.753293
v 0.191900 -2.039759 1.903961
v 0.191900 -1.618214 1.954341
v 0.191900 1.496057 1.400166
v 0.191900 1.194954 1.650048
v 0.191900 0.850835 1.833430
v 0.191900 0.472305 1.950310
v 0.191900 0.031403 2.010765
v 0.191900 -0.491226 2.026887
v 0.191900 -1.061172 2.006735
v 0.191900 -2.039759 1.903961
v 0.203524 -2.039759 1.857612
v 0.203524 -1.620365 1.905976
v 0.191900 -1.061172 2.006735
v 0.203524 -1.065474 1.956356
v 0.191900 -0.491226 2.026887
v 0.203524 -0.495528 1.976508
v 0.191900 0.031403 2.010765
v 0.203524 0.024951 1.960386
v 0.191900 0.472305 1.950310
v 0.203524 0.459401 1.901946
v 0.191900 0.850835 1.833430
v 0.203524 0.831479 1.789096
v 0.191900 1.194954 1.650048
v 0.203524 1.166994 1.607729
v 0.191900 1.496057 1.400166
v 0.203524 1.461645 1.365908
v 0.203524 1.704679 1.071692
v 0.191900 1.930506 0.753293
v 0.203524 1.883190 0.733141
v 0.191900 2.042345 0.378470
v 0.203524 1.995029 0.368394
v 0.205128 1.822970 0.708959
v 0.205128 1.648760 1.033403
v 0.205128 1.414329 1.319559
v 0.205128 1.130431 1.553320
v 0.205128 0.803519 1.726625
v 0.205128 0.442195 1.837460
v 0.205128 0.016348 1.893885
v 0.205128 -0.499829 1.910007
v 0.205128 -1.067625 1.889855
v 0.205128 -1.620365 1.839475
v 0.205128 -2.039759 1.793126
v 0.203524 -2.235476 1.770959
v 0.201921 -2.235476 1.835445
v 0.191900 -2.284943 1.768944
v 0.190698 -2.284943 1.829400
v 0.160234 -2.295696 1.768944
v 0.160034 -2.295696 1.831415
v 0.097103 -2.297848 1.768944
v 0.190698 -2.233325 1.879779
v 0.185286 -2.278491 1.867688
v 0.159433 -2.284943 1.875749
v 0.190698 -2.233325 1.879779
v 0.160034 -2.235476 1.897916
v 0.191900 -2.039759 1.903961
v 0.160234 -2.039759 1.924113
v 0.097103 -2.235476 1.901946
v 0.097103 -2.039759 1.926128
v 0.097103 -2.284943 1.877764
v 0.097103 -2.295696 1.831415
v 0.000101 -2.295696 1.831415
v 0.000101 -2.297848 1.768944
v -0.097101 -2.295696 1.831415
v -0.097101 -2.297848 1.768944
v 0.097103 -2.284943 1.877764
v 0.000101 -2.284943 1.877764
v -0.097101 -2.284943 1.877764
v -0.160233 -2.295696 1.768944
v -0.097101 -2.295696 1.831415
v -0.160032 -2.295696 1.831415
v -0.097101 -2.284943 1.877764
v -0.159431 -2.284943 1.875749
v -0.097101 -2.235476 1.901946
v -0.160032 -2.235476 1.897916
v -0.097101 -2.039759 1.926128
v -0.160233 -2.039759 1.924113
v -0.190696 -2.233325 1.879779
v -0.191898 -2.039759 1.903961
v -0.191898 -2.284943 1.768944
v -0.190696 -2.284943 1.829400
v -0.203523 -2.235476 1.770959
v -0.201919 -2.235476 1.835445
v -0.205126 -2.039759 1.793126
v -0.185285 -2.278491 1.867688
v -0.190696 -2.233325 1.879779
v -0.203523 -2.039759 1.857612
v -0.191898 -2.039759 1.903961
v -0.203523 -1.620365 1.905976
v -0.191898 -1.618214 1.954341
v -0.203523 -1.065474 1.956356
v -0.191898 -1.061172 2.006735
v -0.203523 -0.495528 1.976508
v -0.205126 -0.499829 1.910007
v -0.205126 -1.067625 1.889855
v -0.205126 -1.620365 1.839475
v -0.191898 -0.491226 2.026887
v -0.203523 0.024951 1.960386
v -0.191898 0.031403 2.010765
v -0.203523 0.459401 1.901946
v -0.203523 0.831479 1.789096
v -0.191898 0.850835 1.833430
v -0.205126 0.016348 1.893885
v -0.205126 0.442195 1.837460
v -0.205126 0.803519 1.726625
v -0.205126 1.130431 1.553320
v -0.203523 1.166994 1.607729
v -0.205126 1.414329 1.319559
v -0.203523 1.461645 1.365908
v -0.205126 1.648760 1.033403
v -0.203523 1.704679 1.071692
v -0.205126 1.822970 0.708959
v -0.191898 1.194954 1.650048
v -0.191898 1.496057 1.400166
v -0.191898 1.745543 1.097889
v -0.203523 1.883190 0.733141
v -0.191898 1.930506 0.753293
v -0.203523 1.995029 0.368394
v -0.191898 2.042345 0.378470
v -0.203523 2.031591 -0.012475
v -0.191898 2.081058 -0.012475
v -0.205126 1.930506 0.356303
v -0.205126 1.964918 -0.012475
v -0.191898 2.042345 0.378470
v -0.160233 2.102566 -0.012475
v -0.160233 2.063852 0.382500
v -0.097101 2.104716 -0.012475
v -0.097101 2.066003 0.382500
v 0.000101 2.066003 0.382500
v 0.000101 1.949863 0.761354
v 0.097103 1.949863 0.761354
v 0.097103 2.066003 0.382500
v 0.000101 2.104716 -0.012475
v 0.097103 2.104716 -0.012475
v 0.160234 2.102566 -0.012475
v 0.160234 2.063852 0.382500
v 0.097103 1.949863 0.761354
v 0.160234 1.947712 0.761354
v 0.191900 1.930506 0.753293
v -0.191898 1.930506 0.753293
v -0.160233 1.947712 0.761354
v -0.097101 1.949863 0.761354
v -0.097101 1.949863 0.761354
v 0.191900 2.081058 -0.012475
v 0.203524 2.031591 -0.012475
v 0.205128 1.930506 0.356303
v 0.205128 1.964918 -0.012475
v 0.097103 -0.489076 -2.074004
v 0.160234 -0.489076 -2.071989
v 0.097103 -1.061173 -2.051837
v 0.160234 -1.061173 -2.049822
v 0.097103 -1.618214 -2.001457
v 0.160234 -1.618214 -1.997427
v 0.191900 -1.061173 -2.029670
v 0.191900 -1.618214 -1.977275
v 0.160234 -2.039759 -1.947047
v 0.191900 -2.039759 -1.926895
v 0.000101 -2.039759 -1.949062
v 0.000101 -1.618214 -2.001457
v -0.097101 -2.039759 -1.949062
v -0.097101 -1.618214 -2.001457
v 0.000101 -1.061173 -2.051837
v 0.097103 -1.061173 -2.051837
v 0.097103 -0.489076 -2.074004
v 0.000101 -0.489076 -2.074004
v 0.097103 0.033554 -2.055867
v 0.000101 0.033554 -2.055867
v -0.097101 -0.489076 -2.074004
v -0.097101 0.033554 -2.055867
v -0.097101 -1.061173 -2.051837
v -0.160233 -2.039759 -1.947047
v -0.160233 -1.618214 -1.997427
v -0.191898 -2.039759 -1.926895
v -0.191898 -1.618214 -1.977275
v -0.160233 -1.061173 -2.049822
v -0.191898 -1.061173 -2.029670
v -0.160233 -0.489076 -2.071989
v -0.191898 -0.491227 -2.049822
v -0.160233 0.033554 -2.053852
v -0.097101 -0.489076 -2.074004
v -0.097101 -1.061173 -2.051837
v -0.191898 -0.000858 1.777005
v -0.191898 0.414235 1.724610
v -0.160233 0.407783 1.704458
v -0.160233 0.749750 1.601684
v -0.191898 0.758353 1.619820
v -0.160233 1.053005 1.440470
v -0.191898 1.065909 1.456591
v -0.160233 -0.003008 1.756853
v -0.097101 0.407783 1.700428
v -0.097101 -0.003008 1.752823
v -0.097101 0.749750 1.599669
v -0.097101 1.053005 1.438454
v -0.097101 1.317546 1.220815
v -0.160233 1.319696 1.222830
v -0.191898 1.332601 1.236936
v -0.160233 1.534770 0.958841
v -0.191898 1.551976 0.968917
v -0.160233 1.696076 0.656564
v -0.191898 1.715433 0.664625
v -0.097101 1.693925 0.656564
v -0.097101 1.532620 0.956826
v -0.097101 1.532620 0.956826
v 0.000101 1.532620 0.956826
v 0.000101 1.317546 1.220815
v -0.097101 1.053005 1.438454
v 0.000101 1.053005 1.438454
v 0.000101 0.749750 1.599669
v -0.097101 0.407783 1.700428
v 0.000101 0.407783 1.700428
v -0.097101 -0.003008 1.752823
v 0.000101 -0.003008 1.752823
v 0.097103 0.407783 1.700428
v 0.097103 -0.003008 1.752823
v 0.097103 0.749750 1.599669
v 0.097103 1.053005 1.438454
v 0.097103 1.317546 1.220815
v 0.097103 1.532620 0.956826
v 0.097103 1.693925 0.656564
v 0.000101 1.693925 0.656564
v -0.097101 1.693925 0.656564
v 0.000101 1.792859 0.328090
v -0.097101 1.792859 0.328090
v 0.000101 1.827271 -0.012475
v -0.097101 1.827271 -0.012475
v 0.097103 1.693925 0.656564
v 0.097103 1.792859 0.328090
v 0.097103 1.827271 -0.012475
v -0.160233 1.696076 0.656564
v -0.097101 1.792859 0.328090
v -0.160233 1.797161 0.330105
v -0.160233 1.829422 -0.012475
v -0.191898 1.816517 0.332120
v -0.191898 1.850929 -0.012475
v -0.203523 1.863834 0.342196
v -0.203523 1.900396 -0.012475
v -0.205126 1.930506 0.356303
v -0.205126 1.964918 -0.012475
v -0.191898 1.715433 0.664625
v -0.203523 1.760598 0.682762
v -0.205126 1.822970 0.708959
v -0.205126 1.648760 1.033403
v -0.203523 1.592840 0.997130
v -0.191898 1.551976 0.968917
v -0.203523 1.367013 1.271194
v -0.191898 1.332601 1.236936
v -0.203523 1.091718 1.496894
v -0.191898 1.065909 1.456591
v -0.203523 0.777710 1.666170
v -0.191898 0.758353 1.619820
v -0.205126 1.414329 1.319559
v -0.205126 1.130431 1.553320
v -0.205126 0.803519 1.726625
v -0.205126 0.442195 1.837460
v -0.203523 0.424989 1.770959
v -0.205126 0.016348 1.893885
v -0.203523 0.005595 1.827384
v -0.191898 0.414235 1.724610
v -0.191898 -0.000858 1.777005
v -0.203523 -0.506282 1.841491
v -0.191898 -0.508432 1.791111
v -0.203523 -1.069775 1.821339
v -0.205126 -1.067625 1.889855
v -0.205126 -1.620365 1.839475
v -0.203523 -1.622515 1.774990
v -0.191898 -1.071926 1.772974
v -0.205126 -0.499829 1.910007
v -0.205126 -2.039759 1.793126
v -0.203523 -2.039759 1.728641
v -0.191898 -1.622515 1.726625
v -0.203523 -2.235476 1.770959
v -0.201919 -2.233326 1.708489
v -0.191898 -2.284943 1.768944
v -0.190696 -2.282793 1.706474
v -0.160233 -2.295696 1.768944
v -0.160032 -2.293546 1.704458
v -0.097101 -2.297848 1.768944
v -0.097101 -2.295697 1.704458
v -0.159431 -2.282793 1.660125
v -0.097101 -2.284943 1.658109
v -0.185285 -2.278491 1.668185
v -0.190696 -2.233326 1.662140
v -0.191898 -2.039759 1.680276
v -0.160233 -2.039759 1.662140
v -0.160032 -2.233326 1.644003
v -0.097101 -2.039759 1.658109
v -0.097101 -2.233326 1.641988
v -0.159431 -2.282793 1.660125
v -0.097101 -2.284943 1.658109
v 0.000101 -2.284943 1.658109
v -0.097101 -2.295697 1.704458
v 0.000101 -2.295697 1.704458
v 0.000101 -2.297848 1.768944
v 0.097103 -2.295697 1.704458
v 0.097103 -2.297848 1.768944
v 0.160234 -2.295696 1.768944
v 0.160034 -2.293546 1.704458
v 0.191900 -2.284943 1.768944
v 0.190698 -2.282793 1.706474
v 0.203524 -2.235476 1.770959
v 0.201921 -2.233326 1.708489
v 0.205128 -2.039759 1.793126
v 0.203524 -2.039759 1.728641
v 0.190698 -2.233326 1.662140
v 0.191900 -2.039759 1.680276
v 0.203524 -1.622515 1.774990
v 0.205128 -1.620365 1.839475
v 0.185286 -2.278491 1.668185
v 0.159433 -2.282793 1.660125
v 0.097103 -2.284943 1.658109
v 0.205128 -1.067625 1.889855
v 0.203524 -1.069775 1.821339
v 0.205128 -0.499829 1.910007
v 0.203524 -0.506282 1.841491
v 0.205128 0.016348 1.893885
v 0.203524 0.005595 1.827384
v 0.205128 0.442195 1.837460
v 0.203524 0.424989 1.770959
v 0.205128 0.803519 1.726625
v 0.203524 0.777710 1.666170
v 0.205128 1.130431 1.553320
v 0.203524 1.091718 1.496894
v 0.205128 1.414329 1.319559
v 0.203524 1.367013 1.271194
v 0.205128 1.648760 1.033403
v 0.203524 1.592840 0.997130
v 0.205128 1.822970 0.708959
v 0.203524 1.760598 0.682762
v 0.205128 1.930506 0.356303
v 0.203524 1.863834 0.342196
v 0.205128 1.964918 -0.012475
v 0.203524 1.900396 -0.012475
v 0.191900 1.816517 0.332120
v 0.191900 1.850929 -0.012475
v 0.191900 1.715433 0.664625
v 0.191900 1.551976 0.968917
v 0.191900 1.332601 1.236936
v 0.191900 1.065909 1.456591
v 0.191900 0.758353 1.619820
v 0.191900 0.414235 1.724610
v 0.191900 -0.000858 1.777005
v 0.191900 -0.508432 1.791111
v 0.191900 -1.071926 1.772974
v 0.191900 -1.622515 1.726625
v 0.097103 -2.039759 1.658109
v 0.160234 -2.039759 1.662140
v 0.097103 -1.624666 1.702443
v 0.160234 -1.624666 1.706474
v 0.097103 -1.074077 1.748792
v 0.160234 -1.074077 1.750807
v 0.191900 -1.622515 1.726625
v 0.160234 -0.510583 1.770959
v 0.191900 -0.508432 1.791111
v 0.160234 -0.003008 1.756853
v 0.191900 -0.000858 1.777005
v 0.097103 -0.003008 1.752823
v 0.097103 -0.510583 1.768944
v 0.097103 -2.039759 1.658109
v 0.097103 -1.624666 1.702443
v 0.000101 -2.039759 1.658109
v 0.000101 -1.624666 1.702443
v -0.097101 -2.039759 1.658109
v -0.097101 -1.624666 1.702443
v 0.000101 -1.074077 1.748792
v -0.097101 -1.074077 1.748792
v 0.000101 -0.510583 1.768944
v 0.097103 -0.510583 1.768944
v 0.000101 -0.003008 1.752823
v -0.097101 -0.510583 1.768944
v -0.160233 -0.003008 1.756853
v -0.160233 -0.510583 1.770959
v -0.191898 -0.000858 1.777005
v -0.191898 -0.508432 1.791111
v -0.160233 -1.074077 1.750807
v -0.097101 -1.074077 1.748792
v -0.097101 -1.624666 1.702443
v -0.160233 -1.624666 1.706474
v -0.191898 -1.071926 1.772974
v -0.097101 -2.039759 1.658109
v -0.160233 -2.039759 1.662140
v -0.191898 -2.039759 1.680276
v -0.097101 -2.233326 1.641988
v 0.000101 -2.039759 1.658109
v 0.000101 -2.233326 1.641988
v 0.097103 -2.039759 1.658109
v 0.097103 -2.233326 1.641988
v 0.000101 -2.284943 1.658109
v 0.097103 -2.284943 1.658109
v -0.097101 -2.284943 1.658109
v 0.191900 -2.039759 -1.703210
v 0.191900 -1.622516 -1.749560
v 0.160234 -2.039759 -1.685074
v 0.160234 -1.624666 -1.729408
v 0.097103 -2.039759 -1.681044
v 0.097103 -1.624666 -1.725378
v 0.160234 -1.074077 -1.773742
v 0.097103 -1.074077 -1.771727
v 0.160234 -0.510583 -1.793894
v 0.191900 -0.508433 -1.814046
v 0.191900 -0.000858 -1.799939
v 0.160234 -0.003009 -1.779788
v 0.191900 0.414235 -1.747545
v 0.160234 0.407782 -1.727393
v 0.191900 0.758353 -1.642756
v 0.160234 0.749750 -1.624619
v 0.191900 1.065909 -1.479526
v 0.160234 1.053005 -1.463405
v 0.191900 1.332601 -1.259871
v 0.160234 1.319696 -1.245765
v 0.191900 1.551976 -0.991853
v 0.160234 1.534770 -0.981777
v 0.191900 1.715432 -0.687560
v 0.160234 1.696076 -0.679500
v 0.097103 1.532619 -0.979761
v 0.097103 1.317545 -1.243750
v 0.097103 1.053005 -1.461389
v 0.097103 0.749750 -1.622604
v 0.097103 0.407782 -1.723363
v 0.097103 -0.003009 -1.775757
v 0.097103 -0.510583 -1.791879
v 0.191900 -1.071927 -1.795909
v 0.097103 1.693925 -0.679500
v 0.000101 1.693925 -0.679500
v 0.097103 1.532619 -0.979761
v 0.000101 1.532619 -0.979761
v 0.097103 1.317545 -1.243750
v 0.000101 1.317545 -1.243750
v 0.097103 1.053005 -1.461389
v 0.000101 1.053005 -1.461389
v 0.097103 0.749750 -1.622604
v 0.000101 0.749750 -1.622604
v 0.097103 0.407782 -1.723363
v -0.097101 1.693925 -0.679500
v -0.097101 1.532619 -0.979761
v -0.097101 1.317545 -1.243750
v -0.097101 1.053005 -1.461389
v -0.097101 0.749750 -1.622604
v 0.000101 0.407782 -1.723363
v -0.097101 0.407782 -1.723363
v 0.000101 -0.003009 -1.775757
v -0.097101 -0.003009 -1.775757
v 0.000101 -0.510583 -1.791879
v -0.097101 -0.510583 -1.791879
v 0.000101 -1.074077 -1.771727
v 0.097103 -1.074077 -1.771727
v 0.097103 -1.624666 -1.725378
v 0.000101 -1.624666 -1.725378
v 0.097103 -2.039759 -1.681044
v 0.000101 -2.039759 -1.681044
v -0.097101 -1.624666 -1.725378
v -0.097101 -2.039759 -1.681044
v 0.097103 -0.003009 -1.775757
v 0.097103 -0.510583 -1.791879
v -0.097101 -1.074077 -1.771727
v -0.097101 -2.039759 -1.681044
v -0.160233 -2.039759 -1.685074
v -0.097101 -1.624666 -1.725378
v -0.160233 -1.624666 -1.729408
v -0.160233 -1.074077 -1.773742
v -0.097101 -0.510583 -1.791879
v -0.160233 -0.510583 -1.793894
v -0.097101 -0.003009 -1.775757
v -0.160233 -0.003009 -1.779788
v -0.097101 0.407782 -1.723363
v -0.160233 0.407782 -1.727393
v -0.097101 0.749750 -1.622604
v -0.160233 0.749750 -1.624619
v -0.097101 1.053005 -1.461389
v -0.160233 1.053005 -1.463405
v -0.160233 1.319696 -1.245765
v -0.097101 1.532619 -0.979761
v -0.160233 1.534770 -0.981777
v -0.097101 1.693925 -0.679500
v -0.160233 1.696076 -0.679500
v -0.191898 1.551976 -0.991853
v -0.191898 1.715432 -0.687560
v -0.191898 -2.039759 -1.703210
v -0.191898 -1.622516 -1.749560
v -0.191898 1.332601 -1.259871
v -0.191898 1.065909 -1.479526
v -0.191898 0.758353 -1.642756
v -0.191898 0.414235 -1.747545
v -0.191898 -0.000858 -1.799939
v -0.191898 -0.508433 -1.814046
v -0.191898 -1.071927 -1.795909
v -0.191898 -0.000858 -1.799939
v -0.203523 0.005594 -1.850319
v -0.203523 -0.506282 -1.864425
v -0.191898 -1.071927 -1.795909
v -0.203523 -1.069776 -1.844273
v -0.191898 -1.622516 -1.749560
v -0.203523 -1.622516 -1.797924
v -0.191898 -2.039759 -1.703210
v -0.203523 0.424988 -1.793894
v -0.205126 0.442194 -1.860395
v -0.205126 0.803519 -1.749560
v -0.205126 0.016348 -1.916820
v -0.205126 -0.499830 -1.932941
v -0.205126 -1.067625 -1.912789
v -0.191898 0.414235 -1.747545
v -0.203523 0.777710 -1.689105
v -0.191898 0.758353 -1.642756
v -0.203523 1.091718 -1.519830
v -0.191898 1.065909 -1.479526
v -0.203523 1.367013 -1.294129
v -0.191898 1.332601 -1.259871
v -0.205126 1.130431 -1.576254
v -0.205126 1.414329 -1.342494
v -0.205126 1.648759 -1.056338
v -0.203523 1.592840 -1.020065
v -0.205126 1.822969 -0.731894
v -0.203523 1.760598 -0.705697
v -0.205126 1.930506 -0.379238
v -0.203523 1.863833 -0.365132
v -0.205126 1.964918 -0.012475
v -0.203523 1.900396 -0.012475
v -0.191898 1.816517 -0.355056
v -0.191898 1.850929 -0.012475
v -0.191898 1.551976 -0.991853
v -0.191898 1.816517 -0.355056
v -0.160233 1.829422 -0.012475
v -0.160233 1.797161 -0.353041
v -0.097101 1.827271 -0.012475
v -0.097101 1.792859 -0.351025
v -0.160233 1.696076 -0.679500
v -0.097101 1.693925 -0.679500
v -0.191898 1.715432 -0.687560
v -0.097101 1.693925 -0.679500
v -0.097101 1.792859 -0.351025
v 0.000101 1.693925 -0.679500
v 0.000101 1.792859 -0.351025
v 0.097103 1.693925 -0.679500
v 0.097103 1.792859 -0.351025
v 0.000101 1.827271 -0.012475
v 0.097103 1.827271 -0.012475
v 0.097103 1.792859 -0.351025
v 0.160234 1.829422 -0.012475
v 0.160234 1.797161 -0.353041
v 0.191900 1.850929 -0.012475
v 0.191900 1.816517 -0.355056
v 0.191900 1.715432 -0.687560
v 0.205128 1.964918 -0.012475
v 0.205128 1.930506 -0.379238
v 0.203524 1.900396 -0.012475
v 0.203524 1.863833 -0.365132
v 0.191900 1.816517 -0.355056
v 0.203524 1.760598 -0.705697
v 0.203524 1.592840 -1.020065
v 0.191900 1.551976 -0.991853
v 0.203524 1.367013 -1.294129
v 0.205128 1.414329 -1.342494
v 0.205128 1.130431 -1.576254
v 0.203524 1.091718 -1.519830
v 0.191900 1.332601 -1.259871
v 0.191900 1.065909 -1.479526
v 0.203524 0.777710 -1.689105
v 0.191900 0.758353 -1.642756
v 0.205128 1.822969 -0.731894
v 0.205128 1.648759 -1.056338
v 0.205128 0.803519 -1.749560
v 0.205128 0.442194 -1.860395
v 0.203524 0.424988 -1.793894
v 0.205128 0.016348 -1.916820
v 0.203524 0.005594 -1.850319
v 0.191900 0.414235 -1.747545
v 0.191900 -0.000858 -1.799939
v 0.203524 -0.506282 -1.864425
v 0.191900 -0.508433 -1.814046
v 0.203524 -1.069776 -1.844273
v 0.205128 -1.067625 -1.912789
v 0.205128 -1.620365 -1.862410
v 0.203524 -1.622516 -1.797924
v 0.191900 -1.071927 -1.795909
v 0.191900 -1.622516 -1.749560
v 0.203524 -2.039759 -1.751575
v 0.191900 -2.039759 -1.703210
v 0.205128 -0.499830 -1.932941
v 0.205128 -2.039759 -1.816061
v 0.203524 -2.235477 -1.793893
v 0.201921 -2.233326 -1.731423
v 0.191900 -2.284944 -1.791878
v 0.190698 -2.282793 -1.729408
v 0.160234 -2.295697 -1.791878
v 0.160034 -2.293546 -1.727393
v 0.097103 -2.297848 -1.791878
v 0.097103 -2.295697 -1.727393
v 0.159433 -2.282793 -1.683059
v 0.097103 -2.284943 -1.681043
v 0.190698 -2.233326 -1.685074
v 0.185286 -2.278491 -1.691119
v 0.160034 -2.233326 -1.666937
v 0.097103 -2.233326 -1.664922
v 0.097103 -2.039759 -1.681044
v 0.160234 -2.039759 -1.685074
v 0.190698 -2.233326 -1.685074
v 0.191900 -2.039759 -1.703210
v 0.097103 -2.284943 -1.681043
v 0.097103 -2.233326 -1.664922
v 0.000101 -2.039759 -1.681044
v 0.000101 -2.233326 -1.664922
v -0.097101 -2.233326 -1.664922
v 0.000101 -2.284943 -1.681043
v -0.097101 -2.284943 -1.681043
v -0.097101 -2.039759 -1.681044
v -0.160233 -2.039759 -1.685074
v -0.097101 -2.233326 -1.664922
v -0.160032 -2.233326 -1.666937
v -0.097101 -2.284943 -1.681043
v -0.159431 -2.282793 -1.683059
v -0.190696 -2.233326 -1.685074
v -0.203523 -2.039759 -1.751575
v -0.205126 -1.620365 -1.862410
v -0.205126 -2.039759 -1.816061
v -0.201919 -2.233326 -1.731423
v -0.203523 -2.235477 -1.793893
v -0.190696 -2.282793 -1.729408
v -0.191898 -2.284944 -1.791878
v -0.160032 -2.293546 -1.727393
v -0.160233 -2.295697 -1.791878
v -0.185285 -2.278491 -1.691119
v -0.097101 -2.284943 -1.681043
v -0.097101 -2.295697 -1.727393
v 0.000101 -2.295697 -1.727393
v 0.000101 -2.297848 -1.791878
v 0.097103 -2.295697 -1.727393
v 0.000101 -2.284943 -1.681043
v 0.097103 -2.284943 -1.681043
v -0.097101 -2.297848 -1.791878
v 0.191900 -0.000858 1.777005
v 0.160234 -0.003008 1.756853
v 0.191900 0.414235 1.724610
v 0.160234 0.407783 1.704458
v 0.191900 0.758353 1.619820
v 0.160234 0.749750 1.601684
v 0.097103 0.407783 1.700428
v 0.097103 0.749750 1.599669
v 0.160234 1.053005 1.440470
v 0.097103 1.053005 1.438454
v 0.160234 1.319696 1.222830
v 0.097103 1.317546 1.220815
v 0.160234 1.534770 0.958841
v 0.097103 1.532620 0.956826
v 0.160234 1.696076 0.656564
v 0.097103 1.693925 0.656564
v 0.191900 1.715433 0.664625
v 0.191900 1.551976 0.968917
v 0.191900 1.065909 1.456591
v 0.160234 1.829422 -0.012475
v 0.097103 1.792859 0.328090
v 0.160234 1.797161 0.330105
v 0.097103 1.693925 0.656564
v 0.160234 1.696076 0.656564
v 0.191900 1.816517 0.332120
v 0.191900 1.715433 0.664625
v 0.097103 -2.233326 1.641988
v 0.160234 -2.039759 1.662140
v 0.160034 -2.233326 1.644003
v 0.191900 -2.039759 1.680276
v 0.190698 -2.233326 1.662140
v 0.159433 -2.282793 1.660125
v 0.097103 -2.284943 1.658109
v 0.000101 -2.284943 1.877764
v -0.097101 -2.235476 1.901946
v 0.000101 -2.235476 1.901946
v 0.000101 -2.039759 1.926128
v 0.097103 -2.235476 1.901946
v 0.097103 -2.284943 1.877764
vn -0.3008 0.0807 -0.9503
vn -0.2988 0.2061 -0.9318
vn -0.0208 0.0851 -0.9962
vn -0.0207 0.2146 -0.9765
vn -0.3001 0.3690 -0.8796
vn -0.0226 0.3852 -0.9226
vn -0.3007 0.5324 -0.7913
vn -0.0245 0.5581 -0.8294
vn -0.8067 0.1286 -0.5768
vn -0.8150 0.0503 -0.5773
vn -0.8077 0.2274 -0.5440
vn -0.8069 0.3281 -0.4913
vn -0.8051 0.4212 -0.4177
vn -0.2950 0.6747 -0.6765
vn -0.8035 0.4950 -0.3308
vn -0.2960 0.7928 -0.5328
vn -0.8056 0.5471 -0.2273
vn -0.2989 0.8826 -0.3628
vn -0.0226 0.8310 -0.5558
vn -0.0226 0.9237 -0.3825
vn -0.0264 0.7063 -0.7074
vn -0.8056 0.5472 -0.2273
vn -0.8039 0.5832 -0.1165
vn -0.2956 0.9365 -0.1887
vn -0.8046 0.5938 -0.0000
vn -0.2969 0.9549 -0.0000
vn -0.0224 0.9807 -0.1941
vn -0.0218 0.9998 -0.0000
vn -0.0000 1.0000 -0.0000
vn -0.0000 0.9807 -0.1954
vn -0.0000 0.9237 -0.3832
vn 0.0224 0.9807 -0.1941
vn 0.0226 0.9237 -0.3825
vn 0.0218 0.9998 -0.0000
vn 0.2989 0.8826 -0.3627
vn 0.2975 0.9365 -0.1855
vn 0.2969 0.9549 -0.0000
vn 0.8045 0.5832 -0.1127
vn 0.8046 0.5938 -0.0000
vn 0.8046 0.5472 -0.2309
vn 0.8047 0.5937 -0.0000
vn 0.9911 0.1329 -0.0000
vn 0.9909 0.1329 -0.0227
vn 0.8046 0.5471 -0.2309
vn 0.9909 0.1242 -0.0528
vn 1.0000 0.0022 -0.0000
vn 0.9909 0.1112 -0.0754
vn 0.9908 0.0938 -0.0980
vn 0.9907 0.0764 -0.1130
vn 0.8035 0.4950 -0.3308
vn 0.8034 0.4212 -0.4210
vn 0.8049 0.3281 -0.4944
vn 0.8056 0.2274 -0.5470
vn 0.9914 0.0502 -0.1205
vn 0.8089 0.1286 -0.5737
vn 0.9914 0.0285 -0.1280
vn 0.9917 0.0109 -0.1279
vn 0.9918 -0.0021 -0.1280
vn 1.0000 -0.0022 -0.0000
vn 0.9917 -0.0066 -0.1280
vn 0.8129 0.0502 -0.5803
vn 0.8143 -0.0022 -0.5804
vn 0.8138 -0.0371 -0.5800
vn 0.8123 -0.0633 -0.5798
vn 0.9917 -0.0153 -0.1280
vn 0.8069 -0.0720 -0.5862
vn 0.9916 -0.0197 -0.1280
vn 0.9854 -0.1199 -0.1206
vn 0.9933 -0.1155 -0.0000
vn 0.7400 -0.6617 -0.1203
vn 0.7497 -0.6617 0.0076
vn 0.1745 -0.9772 -0.1212
vn 0.1866 -0.9824 0.0076
vn 0.7897 -0.1846 -0.5850
vn 0.6642 -0.5832 -0.4677
vn 0.2170 -0.7425 -0.6337
vn 0.0152 -0.7682 -0.6400
vn 0.0094 -0.9920 -0.1260
vn 0.0106 -0.9999 0.0077
vn -0.0022 -1.0000 0.0038
vn 0.0019 -0.9920 -0.1264
vn -0.0106 -0.9999 0.0077
vn -0.0132 -0.9920 -0.1257
vn 0.0019 -0.7710 -0.6368
vn -0.0151 -0.7682 -0.6400
vn 0.0151 -0.7682 -0.6400
vn 0.0170 -0.2697 -0.9628
vn -0.0000 -0.2739 -0.9618
vn 0.0189 -0.1242 -0.9921
vn 0.0038 -0.1242 -0.9923
vn -0.0208 -0.2697 -0.9627
vn -0.0189 -0.1242 -0.9921
vn -0.2938 -0.1199 -0.9483
vn -0.2646 -0.2486 -0.9318
vn -0.8069 -0.0720 -0.5863
vn -0.7897 -0.1847 -0.5850
vn -0.2206 -0.7425 -0.6325
vn -0.6642 -0.5832 -0.4676
vn -0.1745 -0.9772 -0.1212
vn -0.1867 -0.9824 0.0038
vn -0.7400 -0.6617 -0.1203
vn -0.7497 -0.6617 0.0076
vn -0.9854 -0.1199 -0.1205
vn -0.7898 -0.1846 -0.5850
vn -0.8069 -0.0720 -0.5862
vn -0.9916 -0.0197 -0.1280
vn -0.8101 -0.0633 -0.5829
vn -0.9917 -0.0153 -0.1280
vn -0.8138 -0.0371 -0.5800
vn -0.9917 -0.0065 -0.1280
vn -0.8143 -0.0022 -0.5804
vn -0.9918 -0.0021 -0.1280
vn -0.8151 0.0502 -0.5772
vn -0.9917 0.0109 -0.1281
vn -0.8067 0.1285 -0.5768
vn -0.9914 0.0285 -0.1279
vn -0.8077 0.2274 -0.5439
vn -0.9910 0.0502 -0.1243
vn -0.8069 0.3280 -0.4912
vn -0.9907 0.0764 -0.1130
vn -0.8051 0.4212 -0.4176
vn -0.9911 0.0938 -0.0942
vn -0.8035 0.4949 -0.3308
vn -0.9912 0.1112 -0.0717
vn -0.9908 0.1242 -0.0528
vn -0.8040 0.5831 -0.1165
vn -0.9908 0.1329 -0.0264
vn -0.9911 0.1329 0.0037
vn -1.0000 0.0022 -0.0000
vn -1.0000 -0.0022 -0.0000
vn -0.9933 -0.1155 0.0038
vn 0.0245 0.0851 -0.9961
vn 0.0245 0.2146 -0.9764
vn 0.3008 0.0807 -0.9503
vn 0.3024 0.2061 -0.9306
vn 0.0226 0.3852 -0.9226
vn 0.3001 0.3690 -0.8796
vn 0.8056 0.2274 -0.5471
vn 0.2972 0.5324 -0.7926
vn 0.8049 0.3281 -0.4945
vn 0.8128 0.0502 -0.5803
vn 0.0207 0.5581 -0.8295
vn -0.0000 0.3852 -0.9228
vn 0.0019 0.2146 -0.9767
vn 0.0019 0.0851 -0.9964
vn -0.0019 0.5580 -0.8298
vn 0.0263 0.7063 -0.7074
vn 0.2985 0.6747 -0.6750
vn 0.8033 0.4212 -0.4210
vn 0.2960 0.7928 -0.5328
vn 0.2989 0.8826 -0.3628
vn 0.0037 0.7063 -0.7079
vn -0.0000 0.8310 -0.5562
vn 0.0226 0.8310 -0.5558
vn 0.0225 0.9237 -0.3825
vn 0.2170 -0.7425 -0.6338
vn 0.2647 -0.2486 -0.9317
vn 0.2938 -0.1199 -0.9483
vn 0.8069 -0.0720 -0.5863
vn -0.8069 -0.0720 0.5863
vn -0.2938 -0.1199 0.9483
vn -0.8100 -0.0633 0.5830
vn -0.2973 -0.1025 0.9493
vn -0.0189 -0.1242 0.9921
vn -0.0246 -0.1068 0.9940
vn -0.2990 -0.0633 0.9521
vn -0.8137 -0.0371 0.5800
vn -0.8143 -0.0022 0.5805
vn -0.3047 -0.0022 0.9524
vn -0.8150 0.0503 0.5773
vn -0.3008 0.0807 0.9503
vn -0.8067 0.1286 0.5768
vn -0.2987 0.2060 0.9318
vn -0.0208 0.0851 0.9962
vn -0.0207 0.2146 0.9765
vn -0.3001 0.3690 0.8796
vn -0.0226 0.3852 0.9226
vn -0.0227 -0.0022 0.9997
vn -0.0245 -0.0633 0.9977
vn -0.8077 0.2274 0.5440
vn -0.8069 0.3281 0.4913
vn -0.3007 0.5324 0.7913
vn -0.8051 0.4212 0.4177
vn -0.2950 0.6747 0.6765
vn -0.8035 0.4950 0.3308
vn -0.2960 0.7928 0.5328
vn -0.8056 0.5471 0.2273
vn -0.2989 0.8826 0.3628
vn -0.0226 0.8310 0.5558
vn -0.0226 0.9237 0.3825
vn -0.0264 0.7063 0.7074
vn -0.0245 0.5581 0.8294
vn -0.0225 0.9237 0.3825
vn -0.0000 0.8310 0.5562
vn 0.0037 0.7063 0.7079
vn -0.0019 0.5581 0.8298
vn -0.0000 0.3852 0.9228
vn -0.0000 0.9237 0.3832
vn 0.0226 0.8310 0.5558
vn 0.0226 0.9237 0.3825
vn 0.0264 0.7063 0.7074
vn 0.0207 0.5581 0.8295
vn 0.0227 0.3852 0.9226
vn 0.0245 0.2146 0.9764
vn 0.0019 0.2146 0.9767
vn 0.0245 0.0851 0.9961
vn 0.0019 0.0851 0.9964
vn 0.0226 -0.0022 0.9997
vn -0.0000 -0.0020 1.0000
vn 0.0207 -0.0633 0.9978
vn -0.0018 -0.0633 0.9980
vn -0.0226 -0.0022 0.9997
vn -0.0019 -0.1068 0.9943
vn -0.0245 -0.1068 0.9940
vn -0.0038 -0.1242 0.9922
vn 0.0189 -0.1242 0.9921
vn 0.0208 -0.1068 0.9941
vn 0.2938 -0.1199 0.9483
vn 0.2973 -0.1025 0.9493
vn 0.0208 -0.0633 0.9978
vn 0.3026 -0.0633 0.9510
vn 0.0227 -0.0022 0.9997
vn 0.3047 -0.0022 0.9525
vn 0.3008 0.0807 0.9502
vn 0.3024 0.2061 0.9306
vn 0.0226 0.3852 0.9226
vn 0.3001 0.3690 0.8796
vn 0.2972 0.5324 0.7926
vn 0.2985 0.6747 0.6750
vn 0.2960 0.7928 0.5328
vn 0.2989 0.8826 0.3628
vn 0.8035 0.4950 0.3308
vn 0.8046 0.5472 0.2309
vn 0.8069 -0.0720 0.5863
vn 0.8122 -0.0633 0.5799
vn 0.8033 0.4212 0.4210
vn 0.8049 0.3281 0.4945
vn 0.8056 0.2274 0.5471
vn 0.8089 0.1285 0.5737
vn 0.8128 0.0502 0.5803
vn 0.8143 -0.0022 0.5804
vn 0.8137 -0.0372 0.5801
vn 0.8069 -0.0720 0.5862
vn 0.9916 -0.0197 0.1280
vn 0.8123 -0.0633 0.5799
vn 0.9917 -0.0153 0.1280
vn 0.8138 -0.0371 0.5800
vn 0.9917 -0.0065 0.1280
vn 0.9918 -0.0021 0.1280
vn 0.8129 0.0502 0.5803
vn 0.9917 0.0109 0.1281
vn 0.9914 0.0284 0.1280
vn 0.9914 0.0502 0.1205
vn 0.8049 0.3280 0.4945
vn 0.9907 0.0764 0.1130
vn 0.8034 0.4212 0.4210
vn 0.9908 0.0938 0.0979
vn 0.8035 0.4949 0.3308
vn 0.9909 0.1112 0.0754
vn 0.8046 0.5471 0.2309
vn 0.9908 0.1242 0.0528
vn 0.8045 0.5832 0.1127
vn 0.9909 0.1329 0.0227
vn 0.9854 -0.1199 0.1206
vn 0.7497 -0.6617 -0.0076
vn 0.7400 -0.6617 0.1203
vn 0.1866 -0.9824 -0.0076
vn 0.1745 -0.9772 0.1212
vn 0.0106 -0.9999 -0.0077
vn 0.7898 -0.1846 0.5850
vn 0.6642 -0.5832 0.4677
vn 0.2170 -0.7425 0.6338
vn 0.7897 -0.1847 0.5850
vn 0.2646 -0.2486 0.9318
vn 0.0170 -0.2697 0.9628
vn 0.0151 -0.7682 0.6400
vn 0.0094 -0.9920 0.1260
vn 0.0019 -0.9920 0.1264
vn -0.0022 -1.0000 -0.0038
vn -0.0132 -0.9920 0.1257
vn -0.0106 -0.9999 -0.0077
vn 0.0019 -0.7710 0.6368
vn -0.0151 -0.7682 0.6400
vn -0.1867 -0.9824 -0.0038
vn -0.1745 -0.9772 0.1212
vn -0.2206 -0.7425 0.6325
vn -0.0208 -0.2697 0.9627
vn -0.2647 -0.2486 0.9317
vn -0.7897 -0.1846 0.5850
vn -0.7497 -0.6617 -0.0076
vn -0.7400 -0.6617 0.1203
vn -0.9933 -0.1155 -0.0038
vn -0.9854 -0.1199 0.1206
vn -0.6642 -0.5832 0.4677
vn -0.7898 -0.1846 0.5850
vn -0.9916 -0.0197 0.1280
vn -0.8069 -0.0720 0.5862
vn -0.9917 -0.0153 0.1280
vn -0.8101 -0.0633 0.5829
vn -0.9917 -0.0066 0.1280
vn -0.8138 -0.0371 0.5800
vn -0.9918 -0.0022 0.1280
vn -0.8143 -0.0022 0.5804
vn -0.9917 0.0109 0.1280
vn -0.8151 0.0502 0.5772
vn -0.9914 0.0284 0.1280
vn -0.8067 0.1286 0.5767
vn -0.9910 0.0502 0.1243
vn -0.8078 0.2274 0.5439
vn -0.9907 0.0764 0.1130
vn -0.9911 0.0939 0.0942
vn -0.9912 0.1112 0.0717
vn -0.8069 0.3281 0.4912
vn -0.8051 0.4212 0.4176
vn -0.9909 0.1242 0.0528
vn -0.8056 0.5471 0.2272
vn -0.9908 0.1328 0.0265
vn -0.8040 0.5832 0.1164
vn -0.9911 0.1329 0.0038
vn -0.8039 0.5832 0.1164
vn -0.2970 0.9549 -0.0000
vn -0.2956 0.9365 0.1887
vn -0.0224 0.9807 0.1941
vn -0.0000 0.9807 0.1953
vn 0.0224 0.9807 0.1941
vn 0.2976 0.9365 0.1855
vn -0.8056 0.5472 0.2272
vn -0.2989 0.8826 0.3627
vn 0.0227 -0.0022 -0.9997
vn 0.3047 -0.0022 -0.9524
vn 0.0207 -0.0633 -0.9978
vn 0.3026 -0.0633 -0.9510
vn 0.0208 -0.1068 -0.9941
vn 0.2973 -0.1025 -0.9493
vn 0.8137 -0.0371 -0.5800
vn 0.8122 -0.0633 -0.5799
vn 0.8143 -0.0022 -0.5805
vn 0.0038 -0.1242 -0.9922
vn -0.0019 -0.1068 -0.9943
vn -0.0245 -0.1068 -0.9940
vn -0.0018 -0.0633 -0.9980
vn 0.0226 -0.0022 -0.9997
vn -0.0000 -0.0020 -1.0000
vn -0.0226 -0.0022 -0.9997
vn -0.0245 -0.0633 -0.9977
vn -0.0246 -0.1068 -0.9940
vn -0.2973 -0.1025 -0.9493
vn -0.8100 -0.0633 -0.5830
vn -0.2991 -0.0633 -0.9521
vn -0.8137 -0.0372 -0.5801
vn -0.3047 -0.0022 -0.9525
vn -0.8143 -0.0022 -0.5805
vn -0.8150 0.0502 -0.5773
vn -0.0227 -0.0022 -0.9997
vn -0.8238 -0.0459 -0.5650
vn -0.8260 -0.1155 -0.5517
vn -0.3115 -0.1975 -0.9295
vn -0.3111 -0.3609 -0.8792
vn -0.8273 -0.2146 -0.5191
vn -0.3064 -0.5287 -0.7916
vn -0.8282 -0.3115 -0.4659
vn -0.3082 -0.0720 -0.9486
vn -0.0265 -0.2061 -0.9782
vn -0.0264 -0.0764 -0.9967
vn -0.0208 -0.3812 -0.9243
vn -0.0227 -0.5544 -0.8319
vn -0.0208 -0.7063 -0.7076
vn -0.3078 -0.6715 -0.6740
vn -0.8268 -0.3973 -0.3982
vn -0.3064 -0.7901 -0.5308
vn -0.8260 -0.4682 -0.3140
vn -0.3108 -0.8785 -0.3629
vn -0.8278 -0.5176 -0.2166
vn -0.0265 -0.9237 -0.3823
vn -0.0265 -0.8310 -0.5556
vn -0.0264 -0.8310 -0.5556
vn 0.0038 -0.8310 -0.5562
vn 0.0019 -0.7063 -0.7079
vn -0.0226 -0.5544 -0.8319
vn -0.0000 -0.5544 -0.8322
vn 0.0019 -0.3812 -0.9245
vn -0.0264 -0.2061 -0.9782
vn -0.0038 -0.2061 -0.9785
vn 0.0038 -0.0764 -0.9971
vn 0.0264 -0.2061 -0.9782
vn 0.0264 -0.0764 -0.9967
vn 0.0245 -0.3812 -0.9242
vn 0.0226 -0.5544 -0.8319
vn 0.0245 -0.7063 -0.7075
vn 0.0264 -0.8310 -0.5556
vn 0.0265 -0.9237 -0.3823
vn 0.0038 -0.9237 -0.3832
vn 0.0038 -0.9807 -0.1953
vn -0.0264 -0.9807 -0.1936
vn -0.0000 -1.0000 -0.0000
vn -0.0218 -0.9998 -0.0000
vn 0.0265 -0.9237 -0.3822
vn 0.0264 -0.9807 -0.1936
vn 0.0218 -0.9998 -0.0000
vn -0.0265 -0.9237 -0.3822
vn -0.3108 -0.8785 -0.3628
vn -0.0265 -0.9807 -0.1936
vn -0.3063 -0.9334 -0.1870
vn -0.0219 -0.9998 -0.0000
vn -0.3053 -0.9523 -0.0000
vn -0.8270 -0.5508 -0.1130
vn -0.8274 -0.5617 -0.0000
vn -0.9925 -0.1199 -0.0227
vn -0.9928 -0.1199 -0.0000
vn -0.8278 -0.5175 -0.2166
vn -0.9926 -0.1112 -0.0490
vn -0.9924 -0.1025 -0.0679
vn -0.8260 -0.4681 -0.3140
vn -0.9926 -0.0851 -0.0867
vn -0.8268 -0.3972 -0.3982
vn -0.9929 -0.0677 -0.0980
vn -0.8283 -0.3115 -0.4658
vn -0.9929 -0.0459 -0.1093
vn -0.8274 -0.2146 -0.5190
vn -0.9924 -0.0240 -0.1205
vn -0.9926 -0.0109 -0.1205
vn -0.8261 -0.1155 -0.5516
vn -0.8239 -0.0458 -0.5649
vn -0.9927 0.0021 -0.1206
vn -0.8230 0.0022 -0.5680
vn -0.9917 0.0065 -0.1280
vn -0.9917 0.0110 -0.1280
vn -0.8182 0.0328 -0.5739
vn -0.9917 0.0109 -0.1280
vn -0.8149 0.0546 -0.5771
vn -0.9869 -0.0982 -0.1280
vn -0.7497 -0.6617 -0.0075
vn -0.7433 -0.6552 -0.1353
vn -0.1779 -0.9753 -0.1311
vn -0.0151 -0.9902 -0.1385
vn -0.2264 -0.7001 -0.6772
vn -0.0151 -0.7306 -0.6826
vn -0.6709 -0.5471 -0.5005
vn -0.7898 -0.0851 -0.6074
vn -0.8061 0.0546 -0.5893
vn -0.2954 0.0938 -0.9507
vn -0.2685 -0.0982 -0.9583
vn -0.0227 0.0982 -0.9949
vn -0.0170 -0.1112 -0.9937
vn -0.0151 -0.7307 -0.6826
vn -0.0000 -0.7306 -0.6828
vn -0.0000 -0.9902 -0.1393
vn 0.0151 -0.9902 -0.1385
vn 0.1756 -0.9753 -0.1342
vn 0.7497 -0.6617 -0.0075
vn 0.7433 -0.6552 -0.1353
vn 0.9869 -0.0981 -0.1280
vn 0.9917 0.0109 -0.1280
vn 0.7921 -0.0851 -0.6044
vn 0.8083 0.0546 -0.5863
vn 0.6709 -0.5472 -0.5005
vn 0.2264 -0.7001 -0.6772
vn 0.0152 -0.7307 -0.6826
vn 0.9917 0.0065 -0.1280
vn 0.9927 0.0021 -0.1206
vn 0.9926 -0.0109 -0.1205
vn 0.9924 -0.0240 -0.1205
vn 0.9925 -0.0459 -0.1130
vn 0.9929 -0.0677 -0.0980
vn 0.9929 -0.0851 -0.0830
vn 0.9924 -0.1025 -0.0679
vn 0.9928 -0.1112 -0.0453
vn 0.9925 -0.1199 -0.0227
vn 0.9928 -0.1199 -0.0000
vn 0.8270 -0.5508 -0.1130
vn 0.8274 -0.5616 -0.0000
vn 0.8278 -0.5175 -0.2166
vn 0.8273 -0.4681 -0.3105
vn 0.8285 -0.3973 -0.3947
vn 0.8264 -0.3115 -0.4691
vn 0.8294 -0.2146 -0.5158
vn 0.8281 -0.1156 -0.5485
vn 0.8260 -0.0459 -0.5618
vn 0.8230 0.0022 -0.5680
vn 0.8182 0.0327 -0.5739
vn 0.8127 0.0546 -0.5802
vn 0.0227 0.0982 -0.9949
vn 0.0245 0.0938 -0.9953
vn 0.2918 0.0938 -0.9519
vn 0.2992 0.0895 -0.9500
vn 0.0208 0.0590 -0.9980
vn 0.3028 0.0546 -0.9515
vn 0.8182 0.0328 -0.5740
vn 0.3047 0.0022 -0.9524
vn 0.8230 0.0022 -0.5681
vn 0.3082 -0.0720 -0.9486
vn 0.8082 0.0546 -0.5863
vn 0.0227 0.0022 -0.9997
vn 0.0226 0.0982 -0.9949
vn -0.0000 0.0981 -0.9952
vn 0.0019 0.0938 -0.9956
vn -0.0226 0.0982 -0.9949
vn -0.0208 0.0938 -0.9954
vn -0.0019 0.0589 -0.9983
vn -0.0245 0.0590 -0.9980
vn -0.0000 0.0020 -1.0000
vn 0.0226 0.0022 -0.9997
vn -0.0226 0.0022 -0.9997
vn -0.3047 0.0022 -0.9524
vn -0.8238 -0.0458 -0.5650
vn -0.8230 0.0022 -0.5681
vn -0.3064 0.0546 -0.9503
vn -0.0246 0.0590 -0.9980
vn -0.2956 0.0895 -0.9511
vn -0.8182 0.0328 -0.5740
vn 0.0207 0.0590 -0.9980
vn -0.2954 0.0938 -0.9508
vn -0.8148 0.0546 -0.5771
vn -0.8060 0.0546 -0.5894
vn -0.0226 0.0981 -0.9949
vn -0.0019 -0.1155 -0.9933
vn 0.0226 0.0981 -0.9949
vn 0.0207 -0.1112 -0.9936
vn 0.0151 -0.7306 -0.6826
vn 0.8082 0.0546 0.5863
vn 0.8127 0.0546 0.5802
vn 0.2918 0.0938 0.9519
vn 0.2991 0.0895 0.9500
vn 0.0227 0.0982 0.9949
vn 0.0245 0.0938 0.9953
vn 0.3028 0.0546 0.9515
vn 0.0208 0.0590 0.9980
vn 0.3047 0.0022 0.9524
vn 0.8230 0.0022 0.5681
vn 0.8260 -0.0459 0.5619
vn 0.3082 -0.0720 0.9486
vn 0.8281 -0.1155 0.5485
vn 0.3115 -0.1975 0.9295
vn 0.8293 -0.2146 0.5159
vn 0.3111 -0.3609 0.8792
vn 0.8263 -0.3115 0.4692
vn 0.3064 -0.5287 0.7916
vn 0.8284 -0.3973 0.3948
vn 0.3078 -0.6715 0.6740
vn 0.8273 -0.4682 0.3105
vn 0.3065 -0.7901 0.5308
vn 0.8278 -0.5176 0.2166
vn 0.3079 -0.8785 0.3654
vn 0.0265 -0.8310 0.5556
vn 0.0245 -0.7063 0.7075
vn 0.0227 -0.5544 0.8319
vn 0.0246 -0.3812 0.9242
vn 0.0265 -0.2061 0.9782
vn 0.0264 -0.0764 0.9967
vn 0.0227 0.0022 0.9997
vn 0.8182 0.0328 0.5740
vn 0.0265 -0.9237 0.3823
vn 0.0038 -0.9237 0.3832
vn 0.0264 -0.8310 0.5556
vn 0.0038 -0.8310 0.5562
vn 0.0019 -0.7063 0.7079
vn 0.0226 -0.5544 0.8319
vn -0.0000 -0.5545 0.8322
vn 0.0245 -0.3812 0.9242
vn 0.0019 -0.3812 0.9245
vn 0.0264 -0.2061 0.9782
vn -0.0265 -0.9237 0.3823
vn -0.0264 -0.8310 0.5556
vn -0.0208 -0.7063 0.7076
vn -0.0226 -0.5544 0.8319
vn -0.0208 -0.3812 0.9243
vn -0.0038 -0.2061 0.9785
vn -0.0264 -0.2061 0.9782
vn -0.0038 -0.0764 0.9971
vn -0.0264 -0.0764 0.9967
vn -0.0000 0.0020 1.0000
vn -0.0226 0.0022 0.9997
vn -0.0019 0.0589 0.9983
vn 0.0207 0.0590 0.9980
vn 0.0019 0.0938 0.9956
vn 0.0226 0.0982 0.9949
vn -0.0000 0.0981 0.9952
vn -0.0208 0.0938 0.9954
vn -0.0226 0.0982 0.9949
vn 0.0226 0.0022 0.9997
vn -0.0245 0.0590 0.9980
vn -0.0227 0.0982 0.9949
vn -0.2954 0.0938 0.9507
vn -0.2955 0.0895 0.9511
vn -0.0246 0.0589 0.9980
vn -0.3064 0.0546 0.9503
vn -0.0227 0.0022 0.9997
vn -0.3047 0.0022 0.9524
vn -0.3082 -0.0720 0.9486
vn -0.0265 -0.2061 0.9782
vn -0.3115 -0.1975 0.9295
vn -0.3111 -0.3609 0.8792
vn -0.0227 -0.5544 0.8319
vn -0.3064 -0.5287 0.7916
vn -0.3078 -0.6715 0.6740
vn -0.0265 -0.8310 0.5556
vn -0.3065 -0.7901 0.5308
vn -0.3108 -0.8785 0.3629
vn -0.8260 -0.4682 0.3140
vn -0.8278 -0.5176 0.2166
vn -0.8060 0.0546 0.5894
vn -0.8148 0.0546 0.5771
vn -0.8268 -0.3973 0.3982
vn -0.8282 -0.3115 0.4658
vn -0.8273 -0.2146 0.5191
vn -0.8260 -0.1155 0.5517
vn -0.8238 -0.0459 0.5650
vn -0.8230 0.0022 0.5681
vn -0.8182 0.0328 0.5740
vn -0.8239 -0.0459 0.5649
vn -0.9926 -0.0109 0.1205
vn -0.8230 0.0022 0.5680
vn -0.9927 0.0021 0.1206
vn -0.8182 0.0327 0.5739
vn -0.9917 0.0065 0.1280
vn -0.8149 0.0546 0.5771
vn -0.9917 0.0110 0.1280
vn -0.8060 0.0546 0.5893
vn -0.9924 -0.0240 0.1205
vn -0.8260 -0.1155 0.5516
vn -0.9929 -0.0459 0.1093
vn -0.8274 -0.2146 0.5190
vn -0.9929 -0.0677 0.0980
vn -0.9926 -0.0851 0.0867
vn -0.9924 -0.1025 0.0679
vn -0.9926 -0.1112 0.0491
vn -0.9925 -0.1199 0.0227
vn -0.8270 -0.5508 0.1130
vn -0.8260 -0.4681 0.3140
vn -0.8278 -0.5175 0.2166
vn -0.8273 -0.5617 -0.0000
vn -0.8269 -0.5508 0.1130
vn -0.3063 -0.9334 0.1870
vn -0.0264 -0.9807 0.1936
vn -0.3108 -0.8785 0.3628
vn -0.0265 -0.9237 0.3822
vn 0.0038 -0.9237 0.3831
vn 0.0038 -0.9807 0.1953
vn 0.0265 -0.9237 0.3822
vn 0.0264 -0.9807 0.1936
vn 0.0219 -0.9998 -0.0000
vn 0.3053 -0.9523 -0.0000
vn 0.3063 -0.9334 0.1870
vn 0.8273 -0.5617 -0.0000
vn 0.8269 -0.5508 0.1130
vn 0.3079 -0.8785 0.3653
vn 0.9925 -0.1199 0.0227
vn 0.8270 -0.5508 0.1130
vn 0.9928 -0.1112 0.0453
vn 0.8278 -0.5175 0.2166
vn 0.9924 -0.1025 0.0679
vn 0.8273 -0.4681 0.3105
vn 0.9929 -0.0851 0.0830
vn 0.9929 -0.0677 0.0980
vn 0.8285 -0.3972 0.3947
vn 0.8264 -0.3115 0.4691
vn 0.9925 -0.0459 0.1130
vn 0.8294 -0.2146 0.5158
vn 0.9924 -0.0240 0.1205
vn 0.9926 -0.0109 0.1205
vn 0.8260 -0.0458 0.5618
vn 0.9927 0.0022 0.1206
vn 0.8230 0.0022 0.5680
vn 0.9917 0.0066 0.1280
vn 0.9917 0.0109 0.1280
vn 0.8182 0.0328 0.5739
vn 0.8083 0.0546 0.5863
vn 0.9869 -0.0982 0.1280
vn 0.7497 -0.6617 0.0075
vn 0.7433 -0.6552 0.1353
vn 0.1756 -0.9753 0.1341
vn 0.0151 -0.9902 0.1385
vn 0.2264 -0.7001 0.6772
vn 0.0151 -0.7306 0.6826
vn 0.7921 -0.0851 0.6044
vn 0.6709 -0.5472 0.5005
vn 0.2685 -0.0982 0.9583
vn 0.0208 -0.1112 0.9936
vn 0.7921 -0.0851 0.6045
vn 0.0152 -0.7307 0.6826
vn 0.0226 0.0981 0.9949
vn -0.0019 -0.1155 0.9933
vn -0.0226 0.0981 0.9949
vn -0.0170 -0.1112 0.9937
vn -0.0000 -0.7306 0.6828
vn -0.0151 -0.7306 0.6826
vn -0.2685 -0.0981 0.9583
vn -0.0151 -0.7307 0.6826
vn -0.2264 -0.7001 0.6772
vn -0.7898 -0.0851 0.6074
vn -0.9869 -0.0981 0.1280
vn -0.7433 -0.6552 0.1353
vn -0.7497 -0.6617 0.0075
vn -0.1779 -0.9753 0.1311
vn -0.6709 -0.5472 0.5005
vn -0.0151 -0.9902 0.1386
vn -0.0000 -0.9902 0.1393
vn -0.0000 -0.7307 0.6827
vn 0.8259 -0.0459 -0.5619
vn 0.3082 -0.0721 -0.9486
vn 0.3115 -0.1975 -0.9295
vn 0.8293 -0.2146 -0.5159
vn 0.3111 -0.3609 -0.8792
vn 0.0265 -0.2061 -0.9782
vn 0.0246 -0.3812 -0.9242
vn 0.3064 -0.5287 -0.7915
vn 0.0227 -0.5544 -0.8319
vn 0.3078 -0.6715 -0.6740
vn 0.0246 -0.7063 -0.7075
vn 0.3065 -0.7901 -0.5308
vn 0.0265 -0.8310 -0.5556
vn 0.3079 -0.8785 -0.3654
vn 0.8278 -0.5176 -0.2166
vn 0.8273 -0.4682 -0.3105
vn 0.8284 -0.3973 -0.3948
vn 0.8263 -0.3115 -0.4691
vn 0.3063 -0.9334 -0.1870
vn 0.3079 -0.8785 -0.3653
vn 0.8269 -0.5508 -0.1130
vn 0.0208 -0.1112 -0.9936
vn 0.2685 -0.0981 -0.9583
vn 0.7921 -0.0851 -0.6045
vn -0.0000 -0.2739 0.9617
vt 0.504272 0.573083
vt 0.504208 0.501972
vt 0.514873 0.573083
vt 0.514746 0.501972
vt 0.504018 0.437938
vt 0.514556 0.437824
vt 0.503510 0.374474
vt 0.514048 0.374360
vt 0.495765 0.502086
vt 0.495892 0.573311
vt 0.495575 0.437938
vt 0.495003 0.374588
vt 0.494051 0.310668
vt 0.502685 0.310554
vt 0.492972 0.245949
vt 0.501732 0.245835
vt 0.491575 0.180089
vt 0.500526 0.179746
vt 0.512524 0.245607
vt 0.511572 0.179632
vt 0.513350 0.310440
vt 0.489988 0.112516
vt 0.499003 0.112059
vt 0.489734 0.043345
vt 0.497035 0.043231
vt 0.510049 0.111831
vt 0.504335 0.043003
vt 0.526744 0.043345
vt 0.527062 0.111831
vt 0.527506 0.179404
vt 0.544011 0.111945
vt 0.543440 0.179290
vt 0.549090 0.043688
vt 0.554296 0.179290
vt 0.554803 0.111945
vt 0.555946 0.043802
vt 0.563374 0.112402
vt 0.562739 0.043916
vt 0.562993 0.179404
vt 0.574864 0.046541
vt 0.573911 0.113429
vt 0.573277 0.179746
vt 0.585592 0.114913
vt 0.584196 0.180545
vt 0.573594 0.245150
vt 0.585402 0.245264
vt 0.574165 0.309755
vt 0.586608 0.309983
vt 0.574356 0.373903
vt 0.586100 0.373903
vt 0.586989 0.049167
vt 0.563120 0.245150
vt 0.563627 0.309869
vt 0.564008 0.374018
vt 0.564389 0.437595
vt 0.574483 0.437595
vt 0.564897 0.501744
vt 0.574927 0.501515
vt 0.585592 0.437938
vt 0.586291 0.500488
vt 0.575372 0.572512
vt 0.586989 0.563038
vt 0.575308 0.657777
vt 0.586608 0.658119
vt 0.574991 0.750233
vt 0.586227 0.753201
vt 0.565278 0.573083
vt 0.565278 0.656864
vt 0.565024 0.748064
vt 0.564707 0.836867
vt 0.574610 0.840748
vt 0.563945 0.903984
vt 0.573531 0.910718
vt 0.585846 0.848282
vt 0.585529 0.943363
vt 0.571055 0.940623
vt 0.580895 0.950668
vt 0.567182 0.949070
vt 0.576324 0.957973
vt 0.560580 0.952723
vt 0.567436 0.963794
vt 0.562675 0.934916
vt 0.561850 0.943249
vt 0.556327 0.943591
vt 0.546297 0.943934
vt 0.549217 0.954777
vt 0.558549 0.969730
vt 0.530299 0.967105
vt 0.530553 0.954435
vt 0.502050 0.964365
vt 0.512143 0.952723
vt 0.530807 0.943705
vt 0.515445 0.942906
vt 0.545599 0.932633
vt 0.530998 0.932291
vt 0.545852 0.901472
vt 0.531125 0.901016
vt 0.516397 0.931834
vt 0.516333 0.900673
vt 0.506303 0.900902
vt 0.506811 0.931606
vt 0.498368 0.902728
vt 0.499764 0.933204
vt 0.505732 0.941765
vt 0.500526 0.941422
vt 0.501415 0.950211
vt 0.494622 0.960256
vt 0.495511 0.946901
vt 0.487258 0.956147
vt 0.491766 0.938911
vt 0.489099 0.909577
vt 0.497416 0.835954
vt 0.487766 0.839949
vt 0.496781 0.747494
vt 0.487005 0.749776
vt 0.496209 0.656750
vt 0.486370 0.657663
vt 0.485925 0.572741
vt 0.485798 0.501858
vt 0.485608 0.438052
vt 0.484846 0.374702
vt 0.483767 0.310782
vt 0.482561 0.246292
vt 0.480974 0.180659
vt 0.479006 0.113886
vt 0.476911 0.046313
vt 0.466690 0.115598
vt 0.464024 0.049281
vt 0.469420 0.181915
vt 0.470817 0.246634
vt 0.472213 0.311467
vt 0.473419 0.374931
vt 0.474625 0.438394
vt 0.474499 0.500830
vt 0.474372 0.563381
vt 0.475197 0.658119
vt 0.476022 0.752858
vt 0.476784 0.847597
vt 0.477609 0.942336
vt 0.482434 0.949184
vt 0.546043 0.572969
vt 0.545725 0.501858
vt 0.556771 0.572969
vt 0.556390 0.501858
vt 0.545281 0.437709
vt 0.555819 0.437595
vt 0.555375 0.374018
vt 0.544773 0.374132
vt 0.529855 0.437709
vt 0.530172 0.501858
vt 0.530426 0.572969
vt 0.529411 0.374246
vt 0.544265 0.309983
vt 0.554930 0.309869
vt 0.554486 0.245150
vt 0.528776 0.310212
vt 0.528141 0.245378
vt 0.543757 0.245264
vt 0.555375 0.932976
vt 0.555883 0.902043
vt 0.687925 0.903070
vt 0.679990 0.901244
vt 0.688497 0.836068
vt 0.680244 0.834585
vt 0.669896 0.900902
vt 0.669960 0.834242
vt 0.680244 0.746466
vt 0.688624 0.747494
vt 0.688624 0.656407
vt 0.680244 0.655951
vt 0.688433 0.572855
vt 0.679990 0.572741
vt 0.687989 0.501515
vt 0.679609 0.501515
vt 0.669452 0.572741
vt 0.669008 0.501629
vt 0.679101 0.437367
vt 0.668627 0.437367
vt 0.669643 0.655837
vt 0.669833 0.746238
vt 0.687608 0.437253
vt 0.687418 0.373675
vt 0.678784 0.373789
vt 0.687227 0.309641
vt 0.678530 0.309641
vt 0.686973 0.244808
vt 0.678213 0.244808
vt 0.686846 0.179061
vt 0.678022 0.178947
vt 0.667421 0.244922
vt 0.667103 0.178947
vt 0.667865 0.309755
vt 0.668246 0.373903
vt 0.651804 0.245150
vt 0.652375 0.309869
vt 0.652883 0.373903
vt 0.653264 0.437481
vt 0.651106 0.179175
vt 0.636187 0.245264
vt 0.635172 0.179290
vt 0.636949 0.309983
vt 0.637521 0.374018
vt 0.637901 0.437481
vt 0.638028 0.501629
vt 0.653582 0.501629
vt 0.638219 0.572741
vt 0.653835 0.572741
vt 0.638663 0.655951
vt 0.654153 0.655837
vt 0.639235 0.746352
vt 0.654534 0.746238
vt 0.654915 0.834242
vt 0.655169 0.900902
vt 0.640441 0.901016
vt 0.639869 0.834470
vt 0.630347 0.901358
vt 0.629522 0.834813
vt 0.628760 0.746580
vt 0.627998 0.656065
vt 0.627554 0.572855
vt 0.627363 0.501744
vt 0.627300 0.437595
vt 0.626919 0.374132
vt 0.626284 0.310098
vt 0.625459 0.245493
vt 0.624253 0.179518
vt 0.616762 0.245607
vt 0.615429 0.179860
vt 0.622348 0.903299
vt 0.621206 0.836297
vt 0.617714 0.310212
vt 0.618412 0.374246
vt 0.618793 0.437595
vt 0.618857 0.501744
vt 0.618984 0.573083
vt 0.619555 0.656636
vt 0.620317 0.747722
vt 0.613016 0.910376
vt 0.611429 0.840520
vt 0.610477 0.750119
vt 0.609588 0.657663
vt 0.608954 0.572512
vt 0.608827 0.501629
vt 0.608763 0.437709
vt 0.608255 0.374246
vt 0.607430 0.310440
vt 0.606414 0.245949
vt 0.604954 0.180431
vt 0.613651 0.112516
vt 0.602669 0.113772
vt 0.593591 0.181687
vt 0.594734 0.246292
vt 0.595876 0.310897
vt 0.596829 0.374474
vt 0.597781 0.438052
vt 0.597527 0.500602
vt 0.597273 0.563153
vt 0.598289 0.658234
vt 0.599368 0.753315
vt 0.600384 0.848510
vt 0.601399 0.943591
vt 0.606478 0.950668
vt 0.615810 0.940053
vt 0.611620 0.957745
vt 0.619746 0.948271
vt 0.619428 0.961740
vt 0.625967 0.951353
vt 0.627236 0.965621
vt 0.623808 0.934117
vt 0.624697 0.942450
vt 0.630030 0.942678
vt 0.630982 0.932291
vt 0.640758 0.932177
vt 0.639996 0.943363
vt 0.636949 0.953407
vt 0.655423 0.954206
vt 0.655486 0.966876
vt 0.673959 0.953750
vt 0.683672 0.968018
vt 0.655423 0.943591
vt 0.670785 0.943249
vt 0.692115 0.961968
vt 0.685069 0.951239
vt 0.680625 0.942336
vt 0.669896 0.931949
vt 0.679546 0.931949
vt 0.686719 0.933661
vt 0.700495 0.955919
vt 0.691353 0.947472
vt 0.704875 0.948842
vt 0.695035 0.939140
vt 0.709192 0.941879
vt 0.686021 0.941879
vt 0.697384 0.909577
vt 0.698273 0.839835
vt 0.698463 0.749548
vt 0.698527 0.657206
vt 0.709763 0.657549
vt 0.709573 0.752288
vt 0.709382 0.847026
vt 0.698400 0.572170
vt 0.698019 0.501287
vt 0.697702 0.437253
vt 0.709954 0.562696
vt 0.709319 0.500146
vt 0.708748 0.437595
vt 0.709509 0.373789
vt 0.697765 0.373675
vt 0.710271 0.309869
vt 0.697829 0.309527
vt 0.709319 0.244922
vt 0.697448 0.244808
vt 0.708303 0.179974
vt 0.697194 0.179290
vt 0.697575 0.112858
vt 0.686973 0.111831
vt 0.698083 0.045742
vt 0.685957 0.043231
vt 0.709319 0.114228
vt 0.710271 0.048368
vt 0.679101 0.043117
vt 0.678340 0.111489
vt 0.672309 0.043117
vt 0.667421 0.111489
vt 0.650534 0.111603
vt 0.633521 0.111717
vt 0.649900 0.043003
vt 0.627554 0.043003
vt 0.620317 0.043231
vt 0.622539 0.111945
vt 0.613016 0.043459
vt 0.600193 0.046427
vt 0.590480 0.115598
vt 0.587433 0.049509
vt 0.546170 0.656179
vt 0.556771 0.656293
vt 0.546106 0.746695
vt 0.556644 0.747037
vt 0.546043 0.834813
vt 0.556390 0.835269
vt 0.531061 0.834470
vt 0.516016 0.834242
vt 0.530871 0.746466
vt 0.530680 0.656065
vt 0.515191 0.656065
vt 0.515571 0.746352
vt 0.505668 0.834470
vt 0.505097 0.746466
vt 0.504589 0.656179
vt 0.740235 0.569316
vt 0.739092 0.497749
vt 0.747979 0.497634
vt 0.747027 0.433030
vt 0.737886 0.433258
vt 0.746265 0.368653
vt 0.736934 0.368881
vt 0.748932 0.568974
vt 0.759470 0.497520
vt 0.760041 0.568860
vt 0.758898 0.433030
vt 0.758390 0.368653
vt 0.758010 0.303249
vt 0.745694 0.303249
vt 0.736172 0.303363
vt 0.745313 0.236932
vt 0.735664 0.236932
vt 0.745440 0.170729
vt 0.735791 0.170501
vt 0.757883 0.170729
vt 0.757819 0.236932
vt 0.776229 0.236932
vt 0.776292 0.303135
vt 0.776419 0.368539
vt 0.776483 0.432915
vt 0.776610 0.497520
vt 0.776546 0.568746
vt 0.793750 0.497406
vt 0.793115 0.568746
vt 0.794131 0.432915
vt 0.794385 0.368539
vt 0.794575 0.303135
vt 0.794639 0.236932
vt 0.794512 0.170843
vt 0.776229 0.170843
vt 0.776292 0.105553
vt 0.758073 0.105553
vt 0.776419 0.040834
vt 0.754391 0.040834
vt 0.794448 0.105553
vt 0.798384 0.040834
vt 0.746265 0.105325
vt 0.747154 0.040720
vt 0.736870 0.104868
vt 0.739981 0.040492
vt 0.725634 0.103841
vt 0.727538 0.037638
vt 0.713001 0.102357
vt 0.715096 0.034785
vt 0.724428 0.170272
vt 0.710906 0.169930
vt 0.711858 0.237274
vt 0.724491 0.237046
vt 0.725189 0.303706
vt 0.726142 0.369224
vt 0.727348 0.433600
vt 0.712810 0.304619
vt 0.714080 0.369680
vt 0.715350 0.434742
vt 0.717191 0.497292
vt 0.728744 0.497863
vt 0.718968 0.559728
vt 0.730078 0.568974
vt 0.731093 0.654239
vt 0.741187 0.653097
vt 0.731918 0.746809
vt 0.720555 0.749891
vt 0.721380 0.844857
vt 0.732807 0.837438
vt 0.741949 0.744526
vt 0.719793 0.654809
vt 0.722142 0.939939
vt 0.734267 0.907408
vt 0.742710 0.833443
vt 0.727919 0.947015
vt 0.737124 0.937085
vt 0.733633 0.954206
vt 0.741187 0.945303
vt 0.741631 0.958658
vt 0.747408 0.948499
vt 0.749630 0.962995
vt 0.758137 0.950326
vt 0.751090 0.939939
vt 0.760739 0.940509
vt 0.745885 0.939710
vt 0.745059 0.931606
vt 0.743726 0.900673
vt 0.751534 0.898847
vt 0.752042 0.929780
vt 0.761311 0.898391
vt 0.761501 0.929552
vt 0.775721 0.940509
vt 0.775721 0.950668
vt 0.775658 0.962653
vt 0.793179 0.949983
vt 0.801685 0.962196
vt 0.809113 0.958772
vt 0.803526 0.948157
vt 0.816477 0.955348
vt 0.809621 0.945189
vt 0.823015 0.948157
vt 0.814001 0.937085
vt 0.829554 0.940966
vt 0.817365 0.907522
vt 0.806193 0.930921
vt 0.807843 0.900217
vt 0.819333 0.837552
vt 0.830824 0.845656
vt 0.805177 0.939140
vt 0.800098 0.939368
vt 0.790576 0.940053
vt 0.832157 0.750347
vt 0.820730 0.746923
vt 0.833426 0.655038
vt 0.822063 0.654239
vt 0.834696 0.559728
vt 0.823333 0.568860
vt 0.836283 0.497064
vt 0.824666 0.497749
vt 0.837870 0.434513
vt 0.825808 0.433372
vt 0.838759 0.369452
vt 0.826697 0.368995
vt 0.839648 0.304390
vt 0.827332 0.303477
vt 0.840409 0.237274
vt 0.827776 0.237046
vt 0.841108 0.170158
vt 0.827649 0.170386
vt 0.839013 0.102471
vt 0.826443 0.103841
vt 0.836981 0.034785
vt 0.824475 0.037638
vt 0.815207 0.104983
vt 0.812033 0.040492
vt 0.816413 0.170615
vt 0.816604 0.236932
vt 0.816350 0.303249
vt 0.815905 0.368653
vt 0.815207 0.433030
vt 0.814255 0.497634
vt 0.813112 0.569202
vt 0.811906 0.652983
vt 0.810636 0.744298
vt 0.809367 0.833215
vt 0.790132 0.898048
vt 0.790766 0.831274
vt 0.799971 0.898276
vt 0.801050 0.831503
vt 0.791592 0.742928
vt 0.802130 0.743156
vt 0.803272 0.652298
vt 0.804352 0.568860
vt 0.792417 0.652184
vt 0.775721 0.898162
vt 0.775912 0.831389
vt 0.761057 0.831617
vt 0.776165 0.742928
vt 0.760739 0.743156
vt 0.776419 0.652184
vt 0.760422 0.652298
vt 0.749630 0.652526
vt 0.750265 0.743499
vt 0.750900 0.831959
vt 0.775721 0.929323
vt 0.789878 0.929095
vt 0.882244 0.900559
vt 0.881292 0.833329
vt 0.890179 0.898619
vt 0.889608 0.831731
vt 0.900019 0.898391
vt 0.899829 0.831503
vt 0.889100 0.743270
vt 0.899702 0.743042
vt 0.888656 0.652298
vt 0.880022 0.652983
vt 0.879324 0.569088
vt 0.888084 0.568746
vt 0.878626 0.497520
vt 0.887577 0.497406
vt 0.877991 0.432801
vt 0.887196 0.432687
vt 0.877673 0.368425
vt 0.887005 0.368310
vt 0.877610 0.302907
vt 0.887132 0.302907
vt 0.877800 0.236589
vt 0.887386 0.236704
vt 0.878435 0.170386
vt 0.888021 0.170501
vt 0.899765 0.236704
vt 0.899384 0.302907
vt 0.899194 0.368310
vt 0.899067 0.432687
vt 0.899194 0.497292
vt 0.899321 0.568746
vt 0.899511 0.652184
vt 0.880657 0.744298
vt 0.900273 0.170615
vt 0.918556 0.170729
vt 0.918175 0.236932
vt 0.917731 0.303135
vt 0.917223 0.368539
vt 0.916715 0.432915
vt 0.936902 0.170843
vt 0.936648 0.237046
vt 0.936013 0.303249
vt 0.935252 0.368653
vt 0.934363 0.433030
vt 0.916334 0.497406
vt 0.933411 0.497520
vt 0.915890 0.568746
vt 0.932458 0.568860
vt 0.915509 0.652184
vt 0.931506 0.652298
vt 0.915128 0.743042
vt 0.914747 0.831389
vt 0.914429 0.898276
vt 0.929602 0.831503
vt 0.928840 0.898276
vt 0.930554 0.743042
vt 0.938680 0.898733
vt 0.939759 0.831845
vt 0.941028 0.743384
vt 0.942298 0.652526
vt 0.943568 0.568974
vt 0.944901 0.497749
vt 0.946171 0.433144
vt 0.947313 0.368881
vt 0.948329 0.303477
vt 0.949091 0.237160
vt 0.949345 0.170843
vt 0.958740 0.237274
vt 0.959057 0.170729
vt 0.946488 0.900559
vt 0.948012 0.833443
vt 0.957851 0.303591
vt 0.956645 0.368995
vt 0.955312 0.433372
vt 0.953788 0.497863
vt 0.952265 0.569316
vt 0.950805 0.653211
vt 0.949408 0.744526
vt 0.962358 0.569088
vt 0.960835 0.654353
vt 0.959375 0.746809
vt 0.957851 0.837438
vt 0.964136 0.498091
vt 0.975690 0.497520
vt 0.977848 0.434970
vt 0.973595 0.559957
vt 0.972135 0.654923
vt 0.970611 0.749891
vt 0.965913 0.433829
vt 0.967437 0.369452
vt 0.968834 0.303934
vt 0.979499 0.370023
vt 0.981149 0.305075
vt 0.982609 0.237731
vt 0.969976 0.237388
vt 0.984006 0.170386
vt 0.970421 0.170615
vt 0.982292 0.102586
vt 0.969595 0.103955
vt 0.980578 0.034785
vt 0.968008 0.037638
vt 0.958296 0.104983
vt 0.955502 0.040378
vt 0.948329 0.040606
vt 0.948900 0.105439
vt 0.941092 0.040720
vt 0.937093 0.105553
vt 0.918873 0.105553
vt 0.900717 0.105553
vt 0.919064 0.040834
vt 0.897099 0.041062
vt 0.890306 0.040834
vt 0.889100 0.105325
vt 0.883577 0.040720
vt 0.880022 0.104868
vt 0.858756 0.034785
vt 0.871135 0.037752
vt 0.856280 0.102243
vt 0.868849 0.103727
vt 0.867199 0.170044
vt 0.866627 0.236704
vt 0.866627 0.303135
vt 0.854312 0.303934
vt 0.854820 0.368995
vt 0.866881 0.368653
vt 0.867389 0.433144
vt 0.853804 0.169587
vt 0.854058 0.236818
vt 0.855264 0.434057
vt 0.856534 0.496835
vt 0.868215 0.497520
vt 0.857867 0.559500
vt 0.869103 0.568746
vt 0.869865 0.654124
vt 0.870500 0.746923
vt 0.859073 0.750233
vt 0.859708 0.845656
vt 0.871262 0.837666
vt 0.872722 0.907750
vt 0.858438 0.654809
vt 0.860343 0.941080
vt 0.866818 0.948157
vt 0.875832 0.937427
vt 0.873357 0.955234
vt 0.880086 0.945417
vt 0.880720 0.958430
vt 0.886243 0.948271
vt 0.888084 0.961740
vt 0.896718 0.949983
vt 0.889735 0.939710
vt 0.899321 0.940395
vt 0.883577 0.931378
vt 0.884593 0.939596
vt 0.890560 0.929552
vt 0.900083 0.929437
vt 0.914303 0.929552
vt 0.928523 0.929437
vt 0.914303 0.940623
vt 0.929157 0.940395
vt 0.937918 0.929552
vt 0.938743 0.939710
vt 0.944901 0.931264
vt 0.955883 0.907294
vt 0.969151 0.844857
vt 0.967691 0.939824
vt 0.952773 0.936857
vt 0.962041 0.946901
vt 0.948646 0.945075
vt 0.956391 0.954092
vt 0.942425 0.948499
vt 0.948329 0.958886
vt 0.943949 0.939482
vt 0.931760 0.950554
vt 0.914239 0.950782
vt 0.914176 0.962767
vt 0.940267 0.963794
vt 0.805304 0.497520
vt 0.806066 0.432915
vt 0.806573 0.368539
vt 0.806891 0.303135
vt 0.807081 0.236932
vt 0.806827 0.170729
vt 0.805240 0.040720
vt 0.806066 0.105439
vt 0.799273 0.928981
vt 0.655359 0.932177
s 1
usemtl Head_bend_Material
f 1/1/1 2/2/2 3/3/3
f 3/3/3 2/2/2 4/4/4
f 2/2/2 5/5/5 4/4/4
f 4/4/4 5/5/5 6/6/6
f 5/5/5 7/7/7 6/6/6
f 6/6/6 7/7/7 8/8/8
f 2/2/2 1/1/1 9/9/9
f 9/9/9 1/1/1 10/10/10
f 9/9/9 11/11/11 2/2/2
f 2/2/2 11/11/11 5/5/5
f 11/11/11 12/12/12 5/5/5
f 5/5/5 12/12/12 7/7/7
f 12/12/12 13/13/13 7/7/7
f 7/7/7 13/13/13 14/14/14
f 13/13/13 15/15/15 14/14/14
f 14/14/14 15/15/15 16/16/16
f 15/15/15 17/17/17 16/16/16
f 17/17/17 18/18/18 16/16/16
f 16/16/16 18/18/18 19/19/19
f 18/18/18 20/20/20 19/19/19
f 7/7/7 14/14/14 8/8/8
f 8/8/8 14/14/14 21/21/21
f 14/14/14 16/16/16 21/21/21
f 21/21/21 16/16/16 19/19/19
f 22/17/22 23/22/23 18/18/18
f 18/18/18 23/22/23 24/23/24
f 23/22/23 25/24/25 24/23/24
f 25/24/25 26/25/26 24/23/24
f 24/23/24 26/25/26 27/26/27
f 26/25/26 28/27/28 27/26/27
f 18/18/18 24/23/24 29/20/20
f 24/23/24 27/26/27 29/20/20
f 28/27/28 30/28/29 31/26/27
f 30/28/29 32/29/30 31/26/27
f 31/26/27 32/29/30 29/20/20
f 29/20/20 32/29/30 33/30/31
f 32/29/30 34/31/32 33/30/31
f 33/30/31 34/31/32 35/32/33
f 34/31/32 32/29/30 36/33/34
f 36/33/34 32/29/30 30/28/29
f 37/32/33 39/31/32 38/34/35
f 38/34/35 39/31/32 40/35/36
f 39/31/32 36/33/34 40/35/36
f 36/33/34 41/36/37 40/35/36
f 40/35/36 41/36/37 42/37/38
f 41/36/37 43/38/39 42/37/38
f 38/34/35 40/35/36 44/39/40
f 40/35/36 42/37/38 44/39/40
f 43/38/41 45/40/42 46/37/38
f 45/40/42 47/41/43 46/37/38
f 46/37/38 47/41/43 48/39/44
f 48/39/44 47/41/43 49/42/45
f 47/41/43 50/43/46 49/42/45
f 50/43/46 51/44/46 49/42/45
f 49/42/45 51/44/46 52/45/47
f 51/44/46 53/46/46 52/45/47
f 52/45/47 53/46/46 54/47/48
f 53/46/46 55/48/46 54/47/48
f 54/47/48 55/48/46 56/49/49
f 55/48/46 57/50/46 56/49/49
f 45/40/42 58/51/46 47/41/43
f 58/51/46 50/43/46 47/41/43
f 48/39/44 49/42/45 59/52/50
f 49/42/45 52/45/47 59/52/50
f 59/52/50 52/45/47 60/53/51
f 52/45/47 54/47/48 60/53/51
f 60/53/51 54/47/48 61/54/52
f 54/47/48 56/49/49 61/54/52
f 61/54/52 56/49/49 62/55/53
f 56/49/49 63/56/54 62/55/53
f 62/55/53 63/56/54 64/57/55
f 64/57/55 63/56/54 65/58/56
f 63/56/54 66/59/46 65/58/56
f 66/59/46 67/60/46 65/58/56
f 65/58/56 67/60/46 68/61/57
f 67/60/46 69/62/46 68/61/57
f 68/61/57 69/62/46 70/63/58
f 69/62/46 71/64/59 70/63/58
f 70/63/58 71/64/59 72/65/60
f 71/64/59 73/66/59 72/65/60
f 56/49/49 57/50/46 63/56/54
f 57/50/46 66/59/46 63/56/54
f 64/57/55 65/58/56 74/67/61
f 65/58/56 68/61/57 74/67/61
f 74/67/61 68/61/57 75/68/62
f 68/61/57 70/63/58 75/68/62
f 75/68/62 70/63/58 76/69/63
f 70/63/58 72/65/60 76/69/63
f 76/69/63 72/65/60 77/70/64
f 72/65/60 78/71/65 77/70/64
f 77/70/64 78/71/65 79/72/66
f 79/72/66 78/71/65 80/73/67
f 78/71/65 81/74/59 80/73/67
f 81/74/59 82/75/59 80/73/67
f 80/73/67 82/75/59 83/76/68
f 82/75/59 84/77/69 83/76/68
f 83/76/68 84/77/69 85/78/70
f 84/77/69 86/79/71 85/78/70
f 85/78/70 86/79/71 87/80/72
f 86/79/71 88/81/73 87/80/72
f 72/65/60 73/66/59 78/71/65
f 73/66/59 81/74/59 78/71/65
f 79/72/66 80/73/67 89/82/74
f 80/73/67 83/76/68 89/82/74
f 89/82/74 83/76/68 90/83/75
f 83/76/68 85/78/70 90/83/75
f 90/83/75 85/78/70 91/84/76
f 85/78/70 87/80/72 91/84/76
f 91/84/76 87/80/72 92/85/77
f 92/85/77 87/80/72 93/86/78
f 87/80/72 88/81/73 93/86/78
f 93/86/78 88/81/73 94/87/79
f 94/87/79 96/88/80 95/86/78
f 95/86/78 96/88/80 97/89/81
f 96/88/80 98/90/82 97/89/81
f 98/90/82 99/91/83 97/89/81
f 97/89/81 99/91/83 100/92/84
f 99/91/83 101/93/85 100/92/84
f 95/86/78 97/89/81 92/85/86
f 97/89/81 100/92/84 92/85/86
f 102/85/86 103/92/84 104/94/87
f 103/92/84 105/95/88 104/94/87
f 104/94/87 105/95/88 106/96/89
f 106/96/89 105/95/88 107/97/90
f 105/95/88 108/98/91 107/97/90
f 107/97/90 108/98/91 109/99/92
f 109/99/92 108/98/91 110/100/93
f 108/98/91 111/101/94 110/100/93
f 110/100/93 111/101/94 112/102/95
f 112/102/95 111/101/94 113/103/96
f 111/101/94 114/104/97 113/103/96
f 113/103/96 114/104/97 115/105/98
f 103/92/84 101/93/85 105/95/88
f 105/95/88 101/93/85 108/98/91
f 108/98/91 116/93/85 111/101/94
f 111/101/94 116/93/85 114/104/97
f 117/93/85 119/91/83 118/104/97
f 118/104/97 119/91/83 120/106/99
f 119/91/83 98/90/82 120/106/99
f 98/90/82 121/107/100 120/106/99
f 120/106/99 121/107/100 122/108/101
f 121/107/100 123/109/102 122/108/101
f 123/109/102 124/110/103 122/108/101
f 122/108/101 124/110/103 125/103/104
f 125/103/104 124/110/103 126/102/105
f 124/110/103 127/111/106 126/102/105
f 126/102/105 127/111/106 128/112/107
f 127/111/106 129/113/108 128/112/107
f 128/112/107 129/113/108 130/114/109
f 129/113/108 131/115/110 130/114/109
f 130/114/109 131/115/110 132/116/111
f 131/115/110 133/117/112 132/116/111
f 132/116/111 133/117/112 134/10/113
f 133/117/112 135/118/114 134/10/113
f 134/10/113 135/118/114 136/9/115
f 135/118/114 137/119/116 136/9/115
f 136/9/115 137/119/116 138/11/117
f 137/119/116 139/120/118 138/11/117
f 138/11/117 139/120/118 140/12/119
f 139/120/118 141/121/120 140/12/119
f 140/12/119 141/121/120 142/13/121
f 141/121/120 143/122/122 142/13/121
f 142/13/121 143/122/122 144/15/123
f 143/122/122 145/123/124 144/15/123
f 144/15/123 145/123/124 146/17/17
f 145/123/124 147/124/125 146/17/17
f 146/17/17 147/124/125 148/22/126
f 147/124/125 149/125/127 148/22/126
f 148/22/126 149/125/127 25/24/25
f 25/24/25 149/125/127 150/126/128
f 149/125/127 151/127/129 150/126/128
f 150/126/128 151/127/129 152/128/129
f 125/103/104 115/105/98 122/108/101
f 122/108/101 115/105/98 120/106/99
f 115/105/98 118/104/97 120/106/99
f 151/127/129 149/125/127 153/129/129
f 149/125/127 147/124/125 153/129/129
f 153/129/129 147/124/125 154/130/129
f 147/124/125 145/123/124 154/130/129
f 154/130/129 145/123/124 155/131/129
f 145/123/124 143/122/122 155/131/129
f 155/131/129 143/122/122 156/132/129
f 143/122/122 141/121/120 156/132/129
f 156/132/129 141/121/120 157/133/129
f 141/121/120 139/120/118 157/133/129
f 157/133/129 139/120/118 158/134/129
f 139/120/118 137/119/116 158/134/129
f 158/134/129 137/119/116 159/135/129
f 137/119/116 135/118/114 159/135/129
f 159/135/129 135/118/114 160/136/130
f 135/118/114 133/117/112 160/136/130
f 160/136/130 133/117/112 161/137/130
f 133/117/112 131/115/110 161/137/130
f 161/137/130 131/115/110 162/138/130
f 131/115/110 129/113/108 162/138/130
f 162/138/130 129/113/108 163/139/130
f 129/113/108 127/111/106 163/139/130
f 163/139/130 127/111/106 164/140/131
f 127/111/106 124/110/103 164/140/131
f 164/140/131 124/110/103 123/109/102
f 165/141/132 167/142/133 166/143/134
f 166/143/134 167/142/133 168/144/135
f 167/142/133 169/145/136 168/144/135
f 169/145/136 170/146/137 168/144/135
f 168/144/135 170/146/137 171/57/55
f 171/57/55 170/146/137 172/55/138
f 170/146/137 173/147/139 172/55/138
f 172/55/138 173/147/139 174/54/140
f 171/57/55 175/67/141 168/144/135
f 168/144/135 175/67/141 166/143/134
f 173/147/139 170/146/137 176/148/142
f 170/146/137 169/145/136 176/148/142
f 176/148/142 169/145/136 177/149/143
f 169/145/136 178/150/144 177/149/143
f 177/149/143 178/150/144 179/4/4
f 179/4/4 178/150/144 180/3/3
f 180/3/3 178/150/144 181/151/145
f 178/150/144 182/142/133 181/151/145
f 181/151/145 182/142/133 183/141/132
f 178/150/144 169/145/136 182/142/133
f 179/4/4 184/6/6 177/149/143
f 184/6/6 185/152/146 177/149/143
f 177/149/143 185/152/146 176/148/142
f 185/152/146 186/153/147 176/148/142
f 176/148/142 186/153/147 173/147/139
f 186/153/147 187/154/148 173/147/139
f 173/147/139 187/154/148 174/54/140
f 174/54/140 187/154/148 60/53/149
f 187/154/148 188/155/150 60/53/149
f 60/53/149 188/155/150 189/52/50
f 188/155/150 190/34/151 189/52/50
f 189/52/50 190/34/151 191/39/40
f 184/6/6 192/8/8 185/152/146
f 185/152/146 192/8/8 193/156/152
f 192/8/8 194/21/21 193/156/152
f 193/156/152 194/21/21 195/157/153
f 194/21/21 196/19/19 195/157/153
f 195/157/153 196/19/19 197/30/31
f 196/19/19 198/20/20 197/30/31
f 190/34/151 188/155/150 35/32/33
f 35/32/33 188/155/150 199/158/154
f 188/155/150 187/154/148 199/158/154
f 199/158/154 187/154/148 186/153/147
f 185/152/146 193/156/152 186/153/147
f 186/153/147 193/156/152 200/158/154
f 193/156/152 195/157/153 200/158/154
f 200/158/154 195/157/153 35/32/155
f 195/157/153 197/30/31 35/32/155
f 92/85/86 201/94/87 202/84/156
f 201/94/87 203/159/157 202/84/156
f 202/84/156 203/159/157 90/83/75
f 90/83/75 203/159/157 89/82/74
f 203/159/157 204/160/158 89/82/74
f 89/82/74 204/160/158 205/72/159
f 201/94/87 206/96/89 203/159/157
f 203/159/157 206/96/89 204/160/158
f 207/161/160 209/162/161 208/163/162
f 208/163/162 209/162/161 210/164/163
f 209/162/161 211/165/164 210/164/163
f 211/165/164 212/166/165 210/164/163
f 212/166/165 213/167/166 210/164/163
f 210/164/163 213/167/166 214/168/167
f 214/168/167 213/167/166 215/169/168
f 213/167/166 216/170/169 215/169/168
f 215/169/168 216/170/169 217/171/170
f 216/170/169 218/172/171 217/171/170
f 217/171/170 218/172/171 219/173/172
f 219/173/172 218/172/171 220/174/173
f 218/172/171 221/175/174 220/174/173
f 221/175/174 222/176/175 220/174/173
f 220/174/173 222/176/175 223/177/176
f 222/176/175 224/178/177 223/177/176
f 214/168/167 208/163/162 210/164/163
f 221/175/174 218/172/171 225/179/178
f 218/172/171 216/170/169 225/179/178
f 225/179/178 216/170/169 226/180/179
f 216/170/169 213/167/166 226/180/179
f 226/180/179 213/167/166 212/166/165
f 223/177/176 227/181/180 220/174/173
f 220/174/173 227/181/180 219/173/172
f 227/181/180 223/177/176 228/182/181
f 228/182/181 223/177/176 229/183/182
f 223/177/176 224/178/177 229/183/182
f 228/182/181 229/183/182 230/184/183
f 229/183/182 231/185/184 230/184/183
f 230/184/183 231/185/184 232/186/185
f 231/185/184 233/187/186 232/186/185
f 232/186/185 233/187/186 234/188/187
f 234/188/187 233/187/186 235/189/188
f 233/187/186 236/190/189 235/189/188
f 235/189/188 236/190/189 237/191/190
f 236/190/189 233/187/186 238/192/191
f 233/187/186 231/185/184 238/192/191
f 238/192/191 231/185/184 239/193/192
f 231/185/184 229/183/182 239/193/192
f 239/193/192 229/183/182 224/178/177
f 240/191/193 242/190/189 241/194/194
f 241/194/194 242/190/189 243/195/195
f 242/190/189 238/192/191 243/195/195
f 243/195/195 238/192/191 244/196/196
f 238/192/191 245/193/192 244/196/196
f 244/196/196 245/193/192 246/197/197
f 245/193/192 224/178/177 246/197/197
f 240/191/193 241/194/194 247/198/198
f 241/194/194 248/199/199 247/198/198
f 247/198/198 248/199/199 249/200/200
f 248/199/199 241/194/194 250/201/201
f 241/194/194 243/195/195 250/201/201
f 250/201/201 243/195/195 251/202/202
f 243/195/195 244/196/196 251/202/202
f 251/202/202 244/196/196 252/203/203
f 244/196/196 246/197/197 252/203/203
f 252/203/203 246/197/197 253/204/204
f 246/197/197 254/205/205 253/204/204
f 253/204/204 254/205/205 255/206/206
f 254/205/205 256/207/207 255/206/206
f 255/206/206 256/207/207 257/208/208
f 256/207/207 258/209/209 257/208/208
f 257/208/208 258/209/209 259/210/210
f 259/210/210 258/209/209 260/211/211
f 258/209/209 261/179/212 260/211/211
f 261/179/212 262/180/179 260/211/211
f 260/211/211 262/180/179 263/212/213
f 262/180/179 264/166/214 263/212/213
f 263/212/213 264/166/214 265/213/215
f 264/166/214 266/165/164 265/213/215
f 246/197/197 224/178/177 254/205/205
f 224/178/177 267/176/175 254/205/205
f 254/205/205 267/176/175 256/207/207
f 267/176/175 268/175/174 256/207/207
f 256/207/207 268/175/174 258/209/209
f 268/175/174 261/179/212 258/209/209
f 265/213/215 269/214/216 263/212/213
f 269/214/216 270/215/217 263/212/213
f 263/212/213 270/215/217 260/211/211
f 270/215/217 259/210/210 260/211/211
f 271/214/216 272/216/218 270/215/217
f 272/216/218 273/217/219 270/215/217
f 270/215/217 273/217/219 274/210/220
f 273/217/219 275/218/221 274/210/220
f 274/210/220 275/218/221 276/208/222
f 275/218/221 277/219/223 276/208/222
f 276/208/222 277/219/223 255/206/206
f 277/219/223 278/220/224 255/206/206
f 255/206/206 278/220/224 279/204/204
f 278/220/224 280/221/225 279/204/204
f 279/204/204 280/221/225 281/203/226
f 280/221/225 282/222/227 281/203/226
f 281/203/226 282/222/227 283/202/202
f 282/222/227 284/223/228 283/202/202
f 283/202/202 284/223/228 285/201/201
f 284/223/228 286/224/229 285/201/201
f 285/201/201 286/224/229 287/199/199
f 286/224/229 288/225/230 287/199/199
f 287/199/199 288/225/230 249/200/200
f 249/200/200 288/225/230 289/226/231
f 288/225/230 290/227/232 289/226/231
f 289/226/231 290/227/232 291/228/233
f 272/216/218 292/229/234 273/217/219
f 292/229/234 293/230/235 273/217/219
f 273/217/219 293/230/235 275/218/221
f 290/227/232 288/225/230 294/231/236
f 288/225/230 286/224/229 294/231/236
f 294/231/236 286/224/229 295/232/237
f 286/224/229 284/223/228 295/232/237
f 295/232/237 284/223/228 296/233/238
f 284/223/228 282/222/227 296/233/238
f 296/233/238 282/222/227 297/234/239
f 282/222/227 280/221/225 297/234/239
f 297/234/239 280/221/225 298/235/240
f 280/221/225 278/220/224 298/235/240
f 298/235/240 278/220/224 299/236/241
f 278/220/224 277/219/223 299/236/241
f 299/236/241 277/219/223 300/237/242
f 277/219/223 275/218/221 300/237/242
f 300/237/242 275/218/221 293/230/235
f 301/229/243 302/238/244 293/230/245
f 302/238/244 303/239/246 293/230/245
f 293/230/245 303/239/246 304/237/247
f 303/239/246 305/240/248 304/237/247
f 304/237/247 305/240/248 306/236/241
f 305/240/248 307/241/249 306/236/241
f 306/236/241 307/241/249 308/235/250
f 307/241/249 309/242/251 308/235/250
f 308/235/250 309/242/251 310/234/239
f 309/242/251 311/243/252 310/234/239
f 310/234/239 311/243/252 312/233/238
f 311/243/252 313/244/253 312/233/238
f 312/233/238 313/244/253 314/232/254
f 313/244/253 315/245/255 314/232/254
f 314/232/254 315/245/255 316/231/256
f 315/245/255 317/246/257 316/231/256
f 316/231/256 317/246/257 290/227/258
f 317/246/257 318/247/259 290/227/258
f 290/227/258 318/247/259 319/228/260
f 318/247/259 320/248/261 319/228/260
f 319/228/260 320/248/261 321/249/262
f 321/249/262 320/248/261 322/250/263
f 322/250/263 320/248/261 323/251/46
f 323/251/46 320/248/261 324/252/46
f 320/248/261 318/247/259 324/252/46
f 324/252/46 318/247/259 325/253/46
f 318/247/259 317/246/257 325/253/46
f 325/253/46 317/246/257 326/254/46
f 317/246/257 315/245/255 326/254/46
f 326/254/46 315/245/255 327/255/46
f 315/245/255 313/244/253 327/255/46
f 327/255/46 313/244/253 328/256/46
f 313/244/253 311/243/252 328/256/46
f 328/256/46 311/243/252 329/257/46
f 311/243/252 309/242/251 329/257/46
f 329/257/46 309/242/251 330/258/59
f 309/242/251 307/241/249 330/258/59
f 330/258/59 307/241/249 331/259/59
f 307/241/249 305/240/248 331/259/59
f 331/259/59 305/240/248 332/260/59
f 305/240/248 303/239/246 332/260/59
f 332/260/59 303/239/246 333/261/59
f 303/239/246 302/238/244 333/261/59
f 333/261/59 302/238/244 334/262/69
f 302/238/244 335/263/264 334/262/69
f 334/262/69 335/263/264 336/264/265
f 335/263/264 337/265/266 336/264/265
f 336/264/265 337/265/266 338/266/267
f 337/265/266 339/267/268 338/266/267
f 338/266/267 339/267/268 340/268/269
f 302/238/244 301/229/243 335/263/264
f 301/229/243 341/269/270 335/263/264
f 335/263/264 341/269/270 337/265/266
f 341/269/270 342/270/271 337/265/266
f 337/265/266 342/270/271 339/267/268
f 339/267/268 342/270/271 343/271/272
f 342/270/271 344/269/273 343/271/272
f 343/271/272 344/269/273 345/272/274
f 344/269/273 346/229/234 345/272/274
f 346/229/234 347/216/218 345/272/274
f 345/272/274 347/216/218 348/273/275
f 347/216/218 349/214/216 348/273/275
f 348/273/275 350/274/276 345/272/274
f 345/272/274 350/274/276 343/271/272
f 350/274/276 351/275/277 343/271/272
f 343/271/272 351/275/277 339/267/268
f 339/267/268 351/275/277 340/268/269
f 351/275/277 352/276/278 340/268/269
f 340/268/269 352/276/278 353/277/279
f 352/276/278 354/278/280 353/277/279
f 353/277/279 354/278/280 355/279/281
f 356/274/276 357/280/282 351/275/277
f 351/275/277 357/280/282 352/276/278
f 357/280/282 358/281/283 352/276/278
f 352/276/278 358/281/283 354/278/280
f 355/279/281 360/278/280 359/282/284
f 359/282/284 360/278/280 361/283/285
f 360/278/280 362/281/283 361/283/285
f 361/283/285 362/281/283 363/284/286
f 362/281/283 364/285/287 363/284/286
f 363/284/286 364/285/287 365/286/288
f 364/285/287 366/165/164 365/286/288
f 366/165/164 367/162/161 365/286/288
f 365/286/288 367/162/161 368/287/289
f 367/162/161 369/161/160 368/287/289
f 359/282/284 361/283/285 370/288/290
f 361/283/285 371/289/291 370/288/290
f 370/288/290 371/289/291 372/290/292
f 371/289/291 373/291/293 372/290/292
f 372/290/292 373/291/293 374/292/130
f 361/283/285 363/284/286 371/289/291
f 371/289/291 363/284/286 375/293/294
f 363/284/286 365/286/288 375/293/294
f 375/293/294 365/286/288 368/287/289
f 371/289/291 375/293/294 373/291/293
f 375/293/294 376/287/295 373/291/293
f 373/291/293 376/287/295 377/294/296
f 376/287/295 378/161/297 377/294/296
f 377/294/296 378/161/297 379/295/298
f 378/161/297 380/163/299 379/295/298
f 379/295/298 380/163/299 381/296/300
f 380/163/299 382/168/301 381/296/300
f 382/168/301 383/297/302 381/296/300
f 383/297/302 384/298/130 381/296/300
f 384/298/130 385/299/130 381/296/300
f 381/296/300 385/299/130 379/295/298
f 385/299/130 386/300/130 379/295/298
f 379/295/298 386/300/130 377/294/296
f 386/300/130 374/292/130 377/294/296
f 377/294/296 374/292/130 373/291/293
f 382/168/301 387/169/303 383/297/302
f 383/297/302 387/169/303 388/301/304
f 387/169/303 389/171/305 388/301/304
f 388/301/304 389/171/305 390/302/306
f 389/171/305 219/173/307 390/302/306
f 390/302/306 219/173/307 391/303/308
f 219/173/307 392/181/309 391/303/308
f 384/298/130 383/297/302 393/304/129
f 383/297/302 388/301/304 393/304/129
f 393/304/129 388/301/304 394/305/129
f 388/301/304 390/302/306 394/305/129
f 394/305/129 390/302/306 395/306/129
f 390/302/306 391/303/308 395/306/129
f 395/306/129 391/303/308 396/307/129
f 391/303/308 397/308/310 396/307/129
f 396/307/129 397/308/310 398/309/129
f 397/308/310 399/310/311 398/309/129
f 398/309/129 399/310/311 400/311/129
f 399/310/311 401/312/312 400/311/129
f 400/311/129 401/312/312 402/313/129
f 391/303/308 392/181/309 397/308/310
f 392/181/309 403/182/313 397/308/310
f 397/308/310 403/182/313 399/310/311
f 403/182/313 404/184/314 399/310/311
f 399/310/311 404/184/314 401/312/312
f 404/184/314 405/186/185 401/312/312
f 401/312/312 405/186/185 406/314/315
f 405/186/185 407/188/316 406/314/315
f 406/314/315 407/188/316 408/315/317
f 407/188/316 409/316/318 408/315/317
f 408/315/317 409/316/318 410/317/319
f 409/316/318 411/318/25 410/317/319
f 401/312/312 406/314/315 402/313/129
f 402/313/129 406/314/315 412/319/129
f 406/314/315 408/315/317 412/319/129
f 412/319/129 408/315/317 413/320/129
f 408/315/317 410/317/319 413/320/129
f 411/318/25 414/316/320 415/321/321
f 414/316/320 416/322/322 415/321/321
f 415/321/321 416/322/322 417/323/28
f 416/322/322 418/324/323 417/323/28
f 417/323/28 418/324/323 419/325/324
f 418/324/323 420/198/198 419/325/324
f 420/198/198 421/200/200 419/325/324
f 421/200/200 422/326/325 419/325/324
f 419/325/324 422/326/325 423/327/29
f 423/327/29 422/326/325 424/328/34
f 424/328/34 422/326/325 425/329/37
f 425/329/37 422/326/325 426/330/326
f 422/326/325 427/200/200 426/330/326
f 427/200/200 428/226/231 426/330/326
f 426/330/326 428/226/231 321/249/262
f 428/226/231 429/228/233 321/249/262
f 414/316/320 430/188/327 416/322/322
f 430/188/327 431/189/328 416/322/322
f 416/322/322 431/189/328 418/324/323
f 431/189/328 432/191/190 418/324/323
f 417/323/28 419/325/324 423/327/29
f 418/324/323 433/191/190 420/198/198
f 425/329/37 426/330/326 434/331/39
f 426/330/326 321/249/262 434/331/39
f 321/249/262 322/250/263 434/331/39
f 434/331/39 322/250/263 435/332/42
f 322/250/263 436/333/46 435/332/42
f 435/332/42 436/333/46 437/334/46
f 322/250/263 323/251/46 436/333/46
f 183/141/132 166/143/134 438/335/329
f 166/143/134 439/336/330 438/335/329
f 438/335/329 439/336/330 440/337/331
f 439/336/330 441/338/332 440/337/331
f 440/337/331 441/338/332 442/339/333
f 442/339/333 441/338/332 443/340/334
f 441/338/332 444/69/335 443/340/334
f 444/69/335 445/70/336 443/340/334
f 443/340/334 445/70/336 446/160/158
f 445/70/336 447/72/159 446/160/158
f 166/143/134 175/67/141 439/336/330
f 175/67/141 75/68/337 439/336/330
f 439/336/330 75/68/337 441/338/332
f 75/68/337 444/69/335 441/338/332
f 446/160/158 106/96/89 443/340/334
f 443/340/334 106/96/89 442/339/333
f 106/96/89 448/97/338 442/339/333
f 442/339/333 448/97/338 449/341/339
f 448/97/338 450/99/92 449/341/339
f 450/99/92 451/342/340 449/341/339
f 451/342/340 452/343/341 449/341/339
f 449/341/339 452/343/341 453/337/331
f 453/337/331 452/343/341 454/335/342
f 452/343/341 455/344/343 454/335/342
f 454/335/342 455/344/343 456/141/132
f 456/141/132 455/344/343 457/151/145
f 455/344/343 458/345/344 457/151/145
f 457/151/145 458/345/344 459/3/3
f 453/337/331 442/339/333 449/341/339
f 458/345/344 455/344/343 460/346/345
f 455/344/343 452/343/341 460/346/345
f 460/346/345 452/343/341 451/342/340
f 109/99/92 461/100/93 451/342/346
f 451/342/346 461/100/93 462/347/347
f 461/100/93 463/102/95 462/347/347
f 463/102/95 464/112/348 462/347/347
f 462/347/347 464/112/348 465/348/349
f 464/112/348 466/114/350 465/348/349
f 465/348/349 466/114/350 467/349/351
f 466/114/350 468/116/352 467/349/351
f 467/349/351 468/116/352 469/1/1
f 468/116/352 10/10/353 469/1/1
f 469/1/1 180/3/3 467/349/351
f 180/3/3 470/345/354 467/349/351
f 467/349/351 470/345/354 465/348/349
f 470/345/354 471/346/345 465/348/349
f 465/348/349 471/346/345 462/347/347
f 471/346/345 451/342/346 462/347/347
f 472/350/355 473/351/356 474/352/357
f 474/352/357 473/351/356 475/353/358
f 473/351/356 476/354/359 475/353/358
f 475/353/358 476/354/359 477/355/360
f 476/354/359 478/356/361 477/355/360
f 472/350/355 474/352/357 479/357/362
f 474/352/357 480/358/363 479/357/362
f 479/357/362 480/358/363 481/359/364
f 480/358/363 474/352/357 482/360/365
f 474/352/357 475/353/358 482/360/365
f 482/360/365 475/353/358 483/361/366
f 475/353/358 477/355/360 483/361/366
f 483/361/366 477/355/360 484/362/367
f 484/362/367 477/355/360 485/363/368
f 477/355/360 478/356/361 485/363/368
f 478/356/361 486/364/369 485/363/368
f 485/363/368 486/364/369 487/365/370
f 486/364/369 488/366/371 487/365/370
f 487/365/370 488/366/371 489/367/372
f 488/366/371 490/368/373 489/367/372
f 489/367/372 491/369/374 487/365/370
f 491/369/374 492/370/375 487/365/370
f 487/365/370 492/370/375 485/363/368
f 492/370/375 484/362/367 485/363/368
f 493/370/376 494/371/377 484/362/367
f 494/371/377 495/372/378 484/362/367
f 484/362/367 495/372/378 496/361/379
f 495/372/378 497/373/380 496/361/379
f 496/361/379 497/373/380 482/360/365
f 497/373/380 498/374/381 482/360/365
f 482/360/365 498/374/381 499/358/382
f 498/374/381 500/375/383 499/358/382
f 499/358/382 500/375/383 501/359/364
f 501/359/364 500/375/383 502/376/384
f 500/375/383 503/377/385 502/376/384
f 502/376/384 503/377/385 504/378/386
f 503/377/385 500/375/383 505/379/387
f 500/375/383 498/374/381 505/379/387
f 505/379/387 498/374/381 506/380/388
f 498/374/381 497/373/380 506/380/388
f 506/380/388 497/373/380 507/381/389
f 497/373/380 495/372/378 507/381/389
f 507/381/389 495/372/378 508/382/390
f 495/372/378 494/371/377 508/382/390
f 508/382/390 494/371/377 509/383/391
f 509/383/391 494/371/377 510/384/392
f 494/371/377 493/370/376 510/384/392
f 493/370/376 511/369/374 510/384/392
f 510/384/392 511/369/374 512/385/393
f 511/369/374 513/386/394 512/385/393
f 512/385/393 513/386/394 514/387/395
f 513/386/394 515/388/396 514/387/395
f 516/383/397 510/384/392 517/389/398
f 510/384/392 512/385/393 517/389/398
f 517/389/398 512/385/393 518/390/399
f 512/385/393 514/387/395 518/390/399
f 491/369/400 519/367/401 520/386/402
f 519/367/401 521/391/403 520/386/402
f 520/386/402 521/391/403 515/388/404
f 515/388/404 521/391/403 522/392/405
f 521/391/403 523/393/406 522/392/405
f 522/392/405 523/393/406 524/394/407
f 523/393/406 525/395/408 524/394/407
f 524/394/407 525/395/408 526/396/409
f 525/395/408 527/397/129 526/396/409
f 526/396/409 527/397/129 528/398/129
f 519/367/401 529/368/410 521/391/403
f 521/391/403 529/368/410 523/393/406
f 529/368/410 530/399/411 523/393/406
f 523/393/406 530/399/411 525/395/408
f 530/399/411 531/400/129 525/395/408
f 525/395/408 531/400/129 527/397/129
f 531/400/129 530/399/411 532/401/129
f 532/401/129 530/399/411 533/402/412
f 530/399/411 529/368/410 533/402/412
f 529/368/410 534/366/413 533/402/412
f 533/402/412 534/366/413 535/403/414
f 534/366/413 536/364/415 535/403/414
f 535/403/414 536/364/415 537/404/416
f 536/364/415 538/356/417 537/404/416
f 537/404/416 538/356/417 539/405/418
f 538/356/417 540/354/419 539/405/418
f 532/401/129 533/402/412 541/406/129
f 533/402/412 535/403/414 541/406/129
f 541/406/129 535/403/414 542/407/129
f 535/403/414 537/404/416 542/407/129
f 542/407/129 537/404/416 543/408/129
f 537/404/416 539/405/418 543/408/129
f 543/408/129 539/405/418 544/409/129
f 539/405/418 545/410/420 544/409/129
f 544/409/129 545/410/420 546/411/129
f 546/411/129 545/410/420 547/412/421
f 545/410/420 548/351/422 547/412/421
f 548/351/422 549/350/423 547/412/421
f 547/412/421 549/350/423 550/413/424
f 549/350/423 551/414/425 550/413/424
f 551/414/425 552/415/426 550/413/424
f 550/413/424 552/415/426 553/416/130
f 553/416/130 552/415/426 554/417/130
f 554/417/130 552/415/426 555/418/427
f 555/418/427 552/415/426 556/419/428
f 552/415/426 551/414/425 556/419/428
f 539/405/418 540/354/419 545/410/420
f 540/354/419 548/351/422 545/410/420
f 546/411/129 547/412/421 557/420/130
f 547/412/421 550/413/424 557/420/130
f 557/420/130 550/413/424 553/416/130
f 554/417/130 555/418/427 558/421/130
f 558/421/130 555/418/427 559/422/429
f 559/422/429 555/418/427 560/423/430
f 555/418/427 556/419/428 560/423/430
f 558/421/130 559/422/429 561/424/292
f 559/422/429 562/425/431 561/424/292
f 561/424/292 562/425/431 563/426/432
f 562/425/431 564/427/433 563/426/432
f 563/426/432 564/427/433 565/428/284
f 564/427/433 566/429/434 565/428/284
f 565/428/284 566/429/434 567/430/281
f 567/430/281 566/429/434 568/431/435
f 566/429/434 569/432/436 568/431/435
f 568/431/435 569/432/436 570/433/437
f 569/432/436 566/429/434 571/434/438
f 566/429/434 564/427/433 571/434/438
f 571/434/438 564/427/433 572/435/439
f 564/427/433 562/425/431 572/435/439
f 572/435/439 562/425/431 573/436/440
f 562/425/431 559/422/429 573/436/440
f 573/436/440 559/422/429 560/423/430
f 573/436/440 574/437/441 572/435/439
f 572/435/439 574/437/441 575/438/442
f 574/437/441 576/439/443 575/438/442
f 576/439/443 577/440/444 575/438/442
f 575/438/442 577/440/444 578/432/436
f 577/440/444 579/433/445 578/432/436
f 572/435/439 575/438/442 571/434/438
f 575/438/442 578/432/436 571/434/438
f 579/433/437 580/441/446 581/431/435
f 580/441/446 582/442/447 581/431/435
f 581/431/435 582/442/447 567/430/281
f 567/430/281 582/442/447 583/443/279
f 582/442/447 584/444/448 583/443/279
f 583/443/279 584/444/448 585/445/269
f 585/445/269 584/444/448 586/446/267
f 584/444/448 587/447/449 586/446/267
f 586/446/267 587/447/449 588/448/450
f 587/447/449 589/449/451 588/448/450
f 588/448/450 589/449/451 590/450/69
f 589/449/451 591/451/452 590/450/69
f 590/450/69 591/451/452 592/452/59
f 592/452/59 591/451/452 593/453/453
f 591/451/452 594/454/454 593/453/453
f 594/454/454 595/455/455 593/453/453
f 595/455/455 596/456/453 593/453/453
f 596/456/453 597/457/59 593/453/453
f 593/453/453 597/457/59 592/452/59
f 594/454/454 591/451/452 598/458/456
f 591/451/452 589/449/451 598/458/456
f 598/458/456 589/449/451 599/459/457
f 589/449/451 587/447/449 599/459/457
f 599/459/457 587/447/449 600/460/458
f 587/447/449 584/444/448 600/460/458
f 597/457/59 596/456/453 601/461/59
f 596/456/453 602/462/459 601/461/59
f 601/461/59 602/462/459 603/463/59
f 602/462/459 604/464/460 603/463/59
f 603/463/59 604/464/460 605/465/46
f 604/464/460 606/466/461 605/465/46
f 605/465/46 606/466/461 607/467/46
f 606/466/461 608/468/462 607/467/46
f 607/467/46 608/468/462 609/469/46
f 608/468/462 610/470/463 609/469/46
f 609/469/46 610/470/463 611/471/46
f 610/470/463 612/472/464 611/471/46
f 611/471/46 612/472/464 613/473/46
f 612/472/464 614/474/465 613/473/46
f 613/473/46 614/474/465 615/475/46
f 614/474/465 616/476/466 615/475/46
f 615/475/46 616/476/466 617/477/46
f 616/476/466 618/478/467 617/477/46
f 617/477/46 618/478/467 619/479/46
f 618/478/467 620/480/468 619/479/46
f 619/479/46 620/480/468 621/481/46
f 621/481/46 620/480/468 622/482/469
f 620/480/468 623/483/470 622/482/469
f 622/482/469 623/483/470 624/484/471
f 623/483/470 620/480/468 625/485/472
f 620/480/468 618/478/467 625/485/472
f 625/485/472 618/478/467 626/486/473
f 618/478/467 616/476/466 626/486/473
f 626/486/473 616/476/466 627/487/474
f 616/476/466 614/474/465 627/487/474
f 627/487/474 614/474/465 628/488/475
f 614/474/465 612/472/464 628/488/475
f 628/488/475 612/472/464 629/489/476
f 612/472/464 610/470/463 629/489/476
f 629/489/476 610/470/463 630/490/477
f 610/470/463 608/468/462 630/490/477
f 630/490/477 608/468/462 631/491/478
f 608/468/462 606/466/461 631/491/478
f 631/491/478 606/466/461 632/492/479
f 606/466/461 604/464/460 632/492/479
f 632/492/479 604/464/460 633/493/480
f 604/464/460 602/462/459 633/493/480
f 633/493/480 602/462/459 634/494/481
f 602/462/459 596/456/453 634/494/481
f 634/494/481 596/456/453 595/455/455
f 635/495/482 637/496/483 636/497/484
f 636/497/484 637/496/483 638/498/485
f 637/496/483 639/499/486 638/498/485
f 639/499/486 640/500/487 638/498/485
f 638/498/485 640/500/487 641/494/481
f 641/494/481 640/500/487 633/493/488
f 640/500/487 642/501/489 633/493/488
f 633/493/488 642/501/489 643/492/490
f 642/501/489 644/502/491 643/492/490
f 643/492/490 644/502/491 645/491/478
f 636/497/484 638/498/485 595/455/492
f 595/455/492 638/498/485 641/494/481
f 644/502/491 642/501/489 646/378/386
f 646/378/386 642/501/489 647/503/493
f 642/501/489 640/500/487 647/503/493
f 647/503/493 640/500/487 639/499/486
f 648/495/494 650/504/495 649/496/483
f 649/496/483 650/504/495 651/505/496
f 650/504/495 652/439/497 651/505/496
f 652/439/497 653/506/498 651/505/496
f 651/505/496 653/506/498 654/507/499
f 653/506/498 655/508/500 654/507/499
f 655/508/500 656/509/501 654/507/499
f 654/507/499 656/509/501 657/503/502
f 657/503/502 656/509/501 504/378/386
f 504/378/386 656/509/501 658/376/384
f 656/509/501 659/510/503 658/376/384
f 658/376/384 659/510/503 481/359/364
f 481/359/364 659/510/503 660/357/362
f 659/510/503 661/511/504 660/357/362
f 660/357/362 661/511/504 662/350/505
f 662/350/505 661/511/504 663/414/506
f 663/414/506 661/511/504 664/512/507
f 661/511/504 665/508/508 664/512/507
f 665/508/508 666/506/498 664/512/507
f 666/506/498 667/513/509 664/512/507
f 667/513/509 668/419/510 664/512/507
f 664/512/507 668/419/510 663/414/506
f 649/496/483 651/505/496 639/499/511
f 651/505/496 654/507/499 639/499/511
f 639/499/511 654/507/499 657/503/502
f 655/508/500 659/510/503 656/509/501
f 665/508/508 661/511/504 659/510/503
f 666/506/498 669/439/443 667/513/509
f 669/439/443 670/437/512 667/513/509
f 667/513/509 670/437/512 560/423/513
f 670/437/512 671/436/514 560/423/513
f 667/513/509 560/423/513 668/419/510
f 669/439/515 673/504/495 672/440/444
f 672/440/444 673/504/495 674/514/516
f 673/504/495 675/495/517 674/514/516
f 675/495/517 676/515/518 674/514/516
f 674/514/516 676/515/518 677/441/446
f 676/515/518 678/460/519 677/441/446
f 672/440/444 674/514/516 679/433/437
f 674/514/516 677/441/446 679/433/437
f 680/516/520 681/517/521 682/518/522
f 681/517/521 683/519/523 682/518/522
f 682/518/522 683/519/523 684/520/524
f 684/520/524 683/519/523 685/521/525
f 683/519/523 686/522/526 685/521/525
f 685/521/525 686/522/526 687/523/527
f 687/523/527 686/522/526 688/524/528
f 686/522/526 689/525/529 688/524/528
f 689/525/529 690/526/530 688/524/528
f 688/524/528 690/526/530 691/527/531
f 690/526/530 692/528/532 691/527/531
f 691/527/531 692/528/532 693/529/533
f 692/528/532 694/530/534 693/529/533
f 693/529/533 694/530/534 695/531/535
f 694/530/534 696/532/536 695/531/535
f 695/531/535 696/532/536 697/533/537
f 696/532/536 698/534/538 697/533/537
f 697/533/537 698/534/538 699/535/539
f 698/534/538 700/536/540 699/535/539
f 699/535/539 700/536/540 701/537/541
f 700/536/540 702/538/542 701/537/541
f 702/538/542 703/539/543 701/537/541
f 703/539/543 704/540/544 701/537/541
f 704/540/544 705/541/545 701/537/541
f 701/537/541 705/541/545 699/535/539
f 705/541/545 706/542/546 699/535/539
f 699/535/539 706/542/546 697/533/537
f 706/542/546 707/543/547 697/533/537
f 697/533/537 707/543/547 695/531/535
f 707/543/547 708/544/548 695/531/535
f 695/531/535 708/544/548 693/529/533
f 708/544/548 709/545/549 693/529/533
f 693/529/533 709/545/549 691/527/531
f 709/545/549 710/546/550 691/527/531
f 691/527/531 710/546/550 688/524/528
f 710/546/550 687/523/527 688/524/528
f 689/525/529 686/522/526 711/547/551
f 686/522/526 683/519/523 711/547/551
f 711/547/551 683/519/523 681/517/521
f 703/539/543 712/548/552 704/540/544
f 712/548/552 713/549/553 714/540/554
f 713/549/553 715/550/555 714/540/554
f 714/540/554 715/550/555 716/541/545
f 715/550/555 717/551/556 716/541/545
f 716/541/545 717/551/556 718/542/557
f 717/551/556 719/552/558 718/542/557
f 718/542/557 719/552/558 720/543/559
f 719/552/558 721/553/560 720/543/559
f 720/543/559 721/553/560 722/544/561
f 713/549/553 723/554/562 715/550/555
f 723/554/562 724/555/563 715/550/555
f 715/550/555 724/555/563 717/551/556
f 724/555/563 725/556/564 717/551/556
f 717/551/556 725/556/564 719/552/558
f 725/556/564 726/557/565 719/552/558
f 719/552/558 726/557/565 721/553/560
f 726/557/565 727/558/566 721/553/560
f 721/553/560 727/558/566 728/559/567
f 727/558/566 729/560/568 728/559/567
f 728/559/567 729/560/568 730/561/569
f 729/560/568 731/562/570 730/561/569
f 730/561/569 731/562/570 732/563/571
f 731/562/570 733/564/572 732/563/571
f 733/564/572 734/565/573 732/563/571
f 732/563/571 734/565/573 735/523/574
f 735/523/574 734/565/573 736/521/525
f 734/565/573 737/566/575 736/521/525
f 736/521/525 737/566/575 738/520/576
f 738/520/576 737/566/575 739/567/577
f 737/566/575 740/568/578 739/567/577
f 739/567/577 740/568/578 741/569/579
f 721/553/560 728/559/567 722/544/561
f 722/544/561 728/559/567 742/545/549
f 728/559/567 730/561/569 742/545/549
f 742/545/549 730/561/569 743/546/580
f 730/561/569 732/563/571 743/546/580
f 743/546/580 732/563/571 735/523/574
f 740/568/578 737/566/575 744/570/581
f 737/566/575 734/565/573 744/570/581
f 744/570/581 734/565/573 733/564/572
f 745/569/582 747/568/578 746/571/583
f 746/571/583 747/568/578 748/572/584
f 747/568/578 744/570/585 748/572/584
f 748/572/584 744/570/585 749/573/586
f 744/570/585 750/564/587 749/573/586
f 749/573/586 750/564/587 751/574/588
f 750/564/587 752/562/570 751/574/588
f 751/574/588 752/562/570 753/575/589
f 752/562/570 754/560/590 753/575/589
f 753/575/589 754/560/590 755/576/591
f 754/560/590 756/558/566 755/576/591
f 755/576/591 756/558/566 757/577/592
f 756/558/566 758/557/593 757/577/592
f 757/577/592 758/557/593 759/578/594
f 758/557/593 725/556/564 759/578/594
f 759/578/594 725/556/564 760/579/595
f 725/556/564 761/555/596 760/579/595
f 760/579/595 761/555/596 762/580/597
f 761/555/596 763/554/562 762/580/597
f 763/554/562 764/581/598 762/580/597
f 762/580/597 764/581/598 765/582/599
f 764/581/598 766/583/600 765/582/599
f 746/571/583 748/572/584 767/584/601
f 767/584/601 748/572/584 768/585/602
f 748/572/584 749/573/586 768/585/602
f 765/582/599 769/586/603 762/580/597
f 762/580/597 769/586/603 760/579/595
f 769/586/603 770/587/604 760/579/595
f 760/579/595 770/587/604 759/578/594
f 770/587/604 771/588/605 759/578/594
f 759/578/594 771/588/605 757/577/592
f 771/588/605 772/589/606 757/577/592
f 757/577/592 772/589/606 755/576/591
f 772/589/606 773/590/607 755/576/591
f 755/576/591 773/590/607 753/575/589
f 773/590/607 774/591/608 753/575/589
f 753/575/589 774/591/608 751/574/588
f 774/591/608 775/592/609 751/574/588
f 751/574/588 775/592/609 749/573/586
f 775/592/609 768/585/602 749/573/586
f 776/590/610 777/593/611 774/591/612
f 777/593/611 778/594/613 774/591/612
f 774/591/612 778/594/613 779/592/614
f 778/594/613 780/595/615 779/592/614
f 779/592/614 780/595/615 781/585/616
f 780/595/615 782/596/617 781/585/616
f 781/585/616 782/596/617 783/584/618
f 776/590/610 784/597/619 777/593/611
f 777/593/611 784/597/619 785/598/129
f 784/597/619 786/599/129 785/598/129
f 785/598/129 787/600/129 777/593/611
f 777/593/611 787/600/129 778/594/613
f 787/600/129 788/601/130 778/594/613
f 778/594/613 788/601/130 780/595/615
f 788/601/130 789/602/130 780/595/615
f 780/595/615 789/602/130 782/596/617
f 776/590/610 790/589/620 784/597/619
f 784/597/619 790/589/620 791/603/621
f 790/589/620 792/588/622 791/603/621
f 791/603/621 792/588/622 793/604/623
f 792/588/622 794/587/604 793/604/623
f 793/604/623 794/587/604 795/605/624
f 794/587/604 796/586/603 795/605/624
f 784/597/619 791/603/621 786/599/129
f 786/599/129 791/603/621 797/606/129
f 791/603/621 793/604/623 797/606/129
f 797/606/129 793/604/623 798/607/129
f 793/604/623 795/605/624 798/607/129
f 798/607/129 795/605/624 799/608/129
f 795/605/624 800/609/625 799/608/129
f 799/608/129 800/609/625 801/610/129
f 800/609/625 802/611/626 801/610/129
f 801/610/129 802/611/626 803/612/129
f 802/611/626 804/613/627 803/612/129
f 803/612/129 804/613/627 805/614/129
f 805/614/129 804/613/627 806/615/409
f 804/613/627 807/616/628 806/615/409
f 806/615/409 807/616/628 808/617/407
f 795/605/624 796/586/603 800/609/625
f 796/586/603 809/582/629 800/609/625
f 800/609/625 809/582/629 802/611/626
f 809/582/629 766/583/630 802/611/626
f 802/611/626 766/583/630 804/613/627
f 766/583/630 807/616/628 804/613/627
f 808/617/631 810/616/632 811/618/405
f 810/616/632 812/619/633 811/618/405
f 811/618/405 812/619/633 813/620/404
f 813/620/404 812/619/633 814/621/634
f 812/619/633 815/581/635 814/621/634
f 814/621/634 815/581/635 816/554/636
f 810/616/632 817/583/600 812/619/633
f 812/619/633 817/583/600 815/581/635
f 818/554/636 820/549/637 819/621/634
f 819/621/634 820/549/637 821/622/638
f 820/549/637 822/548/639 821/622/638
f 822/548/639 823/623/640 821/622/638
f 821/622/638 823/623/640 824/624/395
f 823/623/640 825/625/399 824/624/395
f 819/621/634 821/622/638 813/620/396
f 821/622/638 824/624/395 813/620/396
f 825/625/641 826/623/640 827/626/642
f 826/623/640 828/627/643 827/626/642
f 827/626/642 828/627/643 829/628/644
f 829/628/644 828/627/643 830/629/645
f 828/627/643 703/539/646 830/629/645
f 830/629/645 703/539/646 831/538/542
f 826/623/640 822/548/639 828/627/643
f 828/627/643 822/548/639 703/539/646
f 832/630/46 834/631/469 833/632/46
f 833/632/46 834/631/469 835/633/647
f 834/631/469 829/628/471 835/633/647
f 829/628/471 836/629/648 835/633/647
f 835/633/647 836/629/648 837/634/649
f 836/629/648 831/538/650 837/634/649
f 837/634/649 831/538/650 838/635/651
f 831/538/650 839/536/652 838/635/651
f 839/536/652 840/636/653 838/635/651
f 838/635/651 840/636/653 841/637/46
f 841/637/46 840/636/653 842/638/46
f 842/638/46 840/636/653 843/639/654
f 840/636/653 844/534/655 843/639/654
f 844/534/655 845/532/656 843/639/654
f 843/639/654 845/532/656 846/640/657
f 845/532/656 847/530/658 846/640/657
f 833/632/46 835/633/647 848/641/46
f 835/633/647 837/634/649 848/641/46
f 848/641/46 837/634/649 849/642/46
f 837/634/649 838/635/651 849/642/46
f 849/642/46 838/635/651 841/637/46
f 840/636/653 839/536/652 844/534/655
f 842/638/46 843/639/654 850/643/46
f 843/639/654 846/640/657 850/643/46
f 850/643/46 846/640/657 851/644/46
f 846/640/657 852/645/659 851/644/46
f 851/644/46 852/645/659 853/646/46
f 853/646/46 852/645/659 854/647/660
f 852/645/659 855/528/532 854/647/660
f 855/528/532 856/526/661 854/647/660
f 854/647/660 856/526/661 857/648/662
f 856/526/661 858/525/663 857/648/662
f 858/525/663 859/649/664 857/648/662
f 857/648/662 859/649/664 860/650/59
f 860/650/59 859/649/664 861/651/59
f 861/651/59 859/649/664 862/652/665
f 859/649/664 863/547/666 862/652/665
f 863/547/666 864/517/521 862/652/665
f 862/652/665 864/517/521 865/653/665
f 864/517/521 866/516/667 865/653/665
f 846/640/657 847/530/658 852/645/659
f 847/530/658 855/528/532 852/645/659
f 853/646/46 854/647/660 867/654/59
f 854/647/660 857/648/662 867/654/59
f 867/654/59 857/648/662 860/650/59
f 859/649/664 858/525/663 863/547/666
f 861/651/59 862/652/665 868/655/59
f 862/652/665 865/653/665 868/655/59
f 868/655/59 865/653/665 869/656/69
f 865/653/665 870/657/668 869/656/69
f 869/656/69 870/657/668 871/658/669
f 870/657/668 872/659/670 871/658/669
f 871/658/669 872/659/670 873/660/73
f 872/659/670 874/661/671 873/660/73
f 873/660/73 874/661/671 875/662/79
f 875/662/79 874/661/671 876/663/672
f 874/661/671 877/664/673 876/663/672
f 876/663/672 877/664/673 878/665/674
f 865/653/665 866/516/667 870/657/668
f 866/516/667 879/666/675 870/657/668
f 870/657/668 879/666/675 872/659/670
f 879/666/675 880/667/676 872/659/670
f 872/659/670 880/667/676 874/661/671
f 874/661/671 880/667/676 877/664/673
f 880/667/676 881/668/677 877/664/673
f 877/664/673 881/668/677 882/669/678
f 882/669/678 881/668/677 883/520/576
f 883/520/576 881/668/677 884/518/522
f 881/668/677 885/666/679 884/518/522
f 884/518/522 885/666/679 886/516/520
f 881/668/677 880/667/676 885/666/679
f 882/669/678 887/665/680 877/664/673
f 883/520/681 889/567/577 888/669/678
f 888/669/678 889/567/577 890/670/682
f 889/567/577 741/569/683 890/670/682
f 741/569/683 891/671/684 890/670/682
f 890/670/682 891/671/684 892/672/685
f 891/671/684 893/673/686 892/672/685
f 888/669/678 890/670/682 878/665/674
f 890/670/682 892/672/685 878/665/674
f 894/569/579 895/571/583 896/671/684
f 895/571/583 897/674/687 896/671/684
f 896/671/684 897/674/687 898/673/688
f 898/673/688 897/674/687 899/675/689
f 899/675/689 897/674/687 900/676/690
f 897/674/687 783/584/618 900/676/690
f 900/676/690 783/584/618 901/677/304
f 783/584/618 782/596/617 901/677/304
f 901/677/304 782/596/617 902/678/130
f 782/596/617 789/602/130 902/678/130
f 783/584/618 897/674/687 895/571/583
f 902/678/130 903/679/130 901/677/304
f 901/677/304 903/679/130 904/680/691
f 903/679/130 905/681/131 904/680/691
f 904/680/691 905/681/131 906/682/692
f 905/681/131 907/683/693 906/682/692
f 906/682/692 907/683/693 908/684/694
f 907/683/693 909/685/100 908/684/694
f 901/677/304 904/680/691 900/676/690
f 904/680/691 910/686/695 900/676/690
f 900/676/690 910/686/695 899/675/689
f 910/686/695 906/682/692 899/675/689
f 906/682/692 908/684/694 899/675/689
f 899/675/689 908/684/694 911/673/686
f 908/684/694 912/687/696 911/673/686
f 911/673/686 912/687/696 913/688/697
f 912/687/696 914/689/80 913/688/697
f 914/689/80 875/662/79 913/688/697
f 875/662/79 915/663/672 913/688/697
f 913/688/697 915/663/672 916/672/698
f 915/663/672 917/665/674 916/672/698
f 904/680/691 906/682/692 910/686/695
f 908/684/694 909/685/100 912/687/696
f 909/685/100 918/690/82 912/687/696
f 912/687/696 918/690/82 914/689/80
f 913/688/697 916/672/698 911/673/686
f 919/491/699 920/502/700 921/490/477
f 920/502/700 922/691/701 921/490/477
f 921/490/477 922/691/701 923/489/702
f 923/489/702 922/691/701 924/692/703
f 922/691/701 925/377/704 924/692/703
f 925/377/704 926/379/705 924/692/703
f 924/692/703 926/379/705 927/693/706
f 926/379/705 928/380/707 927/693/706
f 927/693/706 928/380/707 929/694/708
f 928/380/707 930/381/709 929/694/708
f 929/694/708 930/381/709 931/695/710
f 930/381/709 932/382/711 931/695/710
f 931/695/710 932/382/711 933/696/712
f 932/382/711 934/383/391 933/696/712
f 925/377/704 922/691/701 504/378/386
f 922/691/701 920/502/700 504/378/386
f 933/696/712 935/485/713 931/695/710
f 935/485/713 936/486/714 931/695/710
f 931/695/710 936/486/714 929/694/708
f 936/486/714 627/487/715 929/694/708
f 929/694/708 627/487/715 927/693/706
f 627/487/715 937/488/716 927/693/706
f 927/693/706 937/488/716 924/692/703
f 937/488/716 923/489/702 924/692/703
f 518/390/641 938/697/642 939/389/398
f 938/697/642 940/698/717 939/389/398
f 939/389/398 940/698/717 941/383/397
f 941/383/397 940/698/717 942/696/718
f 940/698/717 943/483/719 942/696/718
f 942/696/718 943/483/719 944/485/713
f 938/697/642 624/484/644 940/698/717
f 940/698/717 624/484/644 943/483/719
f 648/495/482 946/497/484 945/515/720
f 945/515/720 946/497/484 947/699/721
f 946/497/484 948/455/492 947/699/721
f 948/455/492 949/454/722 947/699/721
f 947/699/721 949/454/722 950/459/457
f 949/454/722 598/458/456 950/459/457
f 945/515/720 947/699/721 951/460/519
f 947/699/721 950/459/457 951/460/519
f 584/444/448 582/442/447 951/460/519
f 582/442/447 580/441/446 951/460/519
f 362/281/283 952/280/282 953/285/287
f 952/280/282 954/700/723 953/285/287
f 953/285/287 954/700/723 211/165/164
f 211/165/164 954/700/723 955/213/215
f 954/700/723 956/273/275 955/213/215
f 955/213/215 956/273/275 271/214/216
f 952/280/282 957/274/276 954/700/723
f 954/700/723 957/274/276 956/273/275
