# Blender 5.0.1
# www.blender.org
mtllib 2.mtl
o Cylinder.001_Head_bend_Material_0
v 0.039560 3.173445 2.857327
v 0.038885 3.132044 2.856622
v 0.046486 3.156274 2.827738
v 0.045532 3.115416 2.828619
v 0.047474 3.102317 2.734041
v 0.046486 3.063359 2.738444
v 0.038885 3.093358 2.828795
v 0.039560 3.041912 2.740910
v 0.022621 3.085417 2.829323
v 0.022748 3.033836 2.741790
v 0.039560 2.944314 2.571127
v 0.022748 2.937052 2.573416
v 0.039560 2.849024 2.405571
v 0.022748 2.842509 2.409094
v 0.000001 2.935966 2.573769
v -0.000001 3.032682 2.741790
v 0.000001 3.084332 2.829499
v -0.000001 3.108968 2.857327
v 0.022235 3.109375 2.856622
v 0.035605 3.111344 2.852924
v 0.022621 3.135981 2.864196
v 0.022748 3.178196 2.865781
v 0.039560 3.173445 2.857327
v 0.022748 3.238533 2.863491
v 0.039560 3.233443 2.854685
v 0.022748 3.300228 2.844118
v 0.039560 3.295002 2.835135
v 0.022748 3.346447 2.797797
v 0.039560 3.341289 2.788815
v 0.022748 3.377736 2.743904
v -0.000001 3.378482 2.745136
v -0.000001 3.347194 2.799030
v -0.000001 3.300974 2.845351
v -0.000001 3.239212 2.864724
v -0.000001 3.178875 2.866838
v 0.000001 3.136456 2.865428
v -0.000001 3.398368 2.704452
v 0.022621 3.397554 2.703395
v 0.039560 3.372713 2.735097
v 0.038885 3.392531 2.695822
v 0.022235 3.404205 2.673807
v -0.000001 3.405155 2.673807
v -0.000001 3.392192 2.635764
v 0.022621 3.391513 2.636821
v -0.000001 3.338031 2.541538
v 0.022748 3.337353 2.542595
v 0.038885 3.386830 2.644218
v 0.039560 3.332534 2.550344
v 0.022748 3.232153 2.364182
v -0.000001 3.232900 2.363126
v -0.000001 3.130008 2.188588
v 0.022748 3.129194 2.189468
v -0.000001 3.081616 2.105282
v 0.035605 3.399793 2.673807
v 0.039560 3.226860 2.371051
v 0.039560 3.123425 2.195457
v 0.022806 3.080666 2.105986
v 0.039798 3.074151 2.110565
v 0.022986 3.072725 2.083442
v -0.000001 3.073947 2.083795
v -0.000001 3.080531 2.074988
v 0.022806 3.079648 2.074108
v -0.000001 3.089693 2.069353
v 0.022748 3.088946 2.068296
v -0.000001 3.099466 2.064773
v 0.022748 3.098855 2.063540
v -0.000001 3.132384 2.051740
v 0.041777 3.062341 2.081681
v 0.039798 3.073676 2.067415
v 0.039560 3.083924 2.060899
v 0.047474 3.046256 2.006653
v 0.047474 3.032478 2.014402
v 0.046486 3.070554 2.041701
v 0.046544 3.058744 2.048394
v 0.046885 3.043541 2.058961
v 0.047474 3.016257 2.024970
v 0.039560 3.094580 2.055967
v 0.022748 3.131841 2.050507
v 0.022748 3.207652 2.021976
v -0.000001 3.208127 2.023208
v 0.022748 3.310883 1.988512
v -0.000001 3.311358 1.989745
v 0.039560 3.128243 2.042406
v 0.039560 3.204258 2.013521
v 0.039560 3.307489 1.979706
v 0.039560 3.414589 1.952935
v 0.022748 3.417915 1.962094
v 0.039560 3.504246 1.935851
v 0.022748 3.506893 1.945362
v -0.000001 3.418390 1.963503
v -0.000001 3.507232 1.946771
v 0.022748 3.506893 1.945362
v -0.000001 3.563090 1.939022
v 0.022748 3.562954 1.937613
v -0.000001 3.597975 1.936204
v 0.022748 3.598111 1.934619
v -0.000001 3.627024 1.932681
v 0.022621 3.627160 1.931272
v -0.000001 3.650032 1.920529
v 0.022235 3.649421 1.919472
v -0.000001 3.665099 1.891468
v 0.039560 3.562004 1.927574
v 0.039560 3.598993 1.924403
v 0.038885 3.628517 1.921057
v 0.047474 3.605373 1.847438
v 0.046486 3.601233 1.896928
v 0.045532 3.633879 1.893934
v 0.035605 3.646435 1.914717
v 0.022621 3.663877 1.891292
v -0.000001 3.678266 1.839512
v 0.046486 3.643245 1.843387
v 0.038885 3.655461 1.891468
v 0.039560 3.667339 1.840745
v 0.038885 3.655461 1.891468
v 0.022748 3.676908 1.839688
v 0.039560 3.667339 1.840745
v 0.022748 3.690754 1.764484
v 0.039560 3.680370 1.765893
v 0.022748 3.685189 1.684348
v 0.039560 3.674262 1.685933
v 0.022748 3.644127 1.618126
v -0.000001 3.645688 1.617949
v -0.000001 3.686750 1.684172
v -0.000001 3.692247 1.764308
v 0.039560 3.633539 1.619711
v 0.022748 3.590577 1.569339
v 0.039560 3.580668 1.570572
v 0.022621 3.550194 1.537109
v -0.000001 3.551348 1.536933
v -0.000001 3.520331 1.519673
v 0.022235 3.520263 1.520377
v -0.000001 3.489789 1.515094
v -0.000001 3.592002 1.569163
v 0.038885 3.541643 1.538518
v 0.035605 3.519856 1.524252
v 0.022621 3.490740 1.515974
v 0.038885 3.497798 1.522843
v 0.022748 3.456669 1.518616
v 0.039560 3.463659 1.525837
v 0.022748 3.413978 1.523724
v 0.039560 3.419408 1.531297
v 0.022748 3.351198 1.534291
v -0.000001 3.350655 1.533234
v -0.000001 3.413232 1.522667
v -0.000001 3.455651 1.517559
v 0.039560 3.355202 1.542217
v 0.022748 3.260048 1.554369
v -0.000001 3.259573 1.553136
v 0.022748 3.153695 1.583958
v -0.000001 3.153220 1.582725
v 0.022748 3.049310 1.621472
v 0.039560 3.052704 1.629926
v 0.039560 2.963115 1.668497
v 0.022748 2.959450 1.660043
v -0.000001 3.048835 1.620239
v -0.000001 2.958907 1.658986
v 0.039560 3.156953 1.592412
v 0.039560 3.263442 1.562471
v 0.039560 3.355202 1.542217
v 0.022748 2.959450 1.660043
v -0.000001 2.891918 1.692097
v 0.022748 2.892529 1.693154
v -0.000001 2.846174 1.717107
v 0.022748 2.846920 1.718163
v -0.000001 2.816989 1.732782
v 0.039560 2.963115 1.668497
v 0.039560 2.896941 1.701256
v 0.046486 2.972820 1.690512
v 0.046486 2.908682 1.722214
v 0.047474 2.990195 1.729964
v 0.047474 2.929519 1.759729
v 0.047474 3.015579 1.787380
v 0.047474 2.959925 1.814327
v 0.047474 3.045509 1.855187
v 0.047474 2.995828 1.878788
v 0.047474 3.075712 1.923523
v 0.039560 2.852078 1.725737
v 0.046486 2.865788 1.745639
v 0.047474 2.890290 1.781039
v 0.047474 2.925989 1.832643
v 0.047474 2.864159 1.795834
v 0.047474 2.902710 1.845853
v 0.047474 2.843866 1.808867
v 0.047474 2.883299 1.858181
v 0.047474 2.948115 1.904854
v 0.047474 2.929858 1.916654
v 0.047474 2.968069 1.893582
v 0.047474 3.031868 1.943425
v 0.047474 3.101299 1.981467
v 0.047474 3.062477 1.998375
v 0.047474 3.010353 1.954697
v 0.047474 2.993792 1.964031
v 0.047474 2.976621 1.975127
v 0.047474 3.046256 2.006653
v 0.046486 3.083110 2.035361
v 0.046486 3.118674 2.020743
v 0.039560 3.128243 2.042406
v 0.039560 3.094580 2.055967
v 0.046486 3.070554 2.041701
v 0.039560 3.083924 2.060899
v 0.047474 3.016257 2.024970
v 0.047474 3.016257 2.024970
v 0.047474 2.995896 2.040468
v 0.047474 2.955988 1.990802
v 0.047474 2.966847 2.064069
v 0.047474 2.926872 2.014402
v 0.047474 2.925718 2.097532
v 0.047474 2.885742 2.048042
v 0.047474 2.879702 1.956106
v 0.047474 2.908886 1.932505
v 0.047474 2.861988 1.874385
v 0.047474 2.883299 1.858181
v 0.047474 2.843866 1.808867
v 0.047474 2.822283 1.825070
v 0.047474 2.832803 1.897985
v 0.047474 2.793031 1.848671
v 0.047474 2.929858 1.916654
v 0.047474 2.838640 1.989745
v 0.047474 2.837351 2.087669
v 0.047474 2.877326 2.137160
v 0.047474 2.828527 2.176964
v 0.047474 2.788552 2.127473
v 0.047474 2.790248 2.029197
v 0.047474 2.741450 2.069177
v 0.047474 2.743350 1.971076
v 0.047474 2.791742 1.931625
v 0.047474 2.751969 1.882310
v 0.047474 2.765340 1.814503
v 0.047474 2.724278 1.848142
v 0.047474 2.747015 1.792487
v 0.047474 2.706157 1.826303
v 0.047474 2.675955 1.887770
v 0.047474 2.658105 1.866107
v 0.047474 2.703578 1.921762
v 0.047474 2.694551 2.011056
v 0.047474 2.654779 1.961742
v 0.047474 2.627223 1.927574
v 0.047474 2.613310 1.995557
v 0.047474 2.653082 2.044872
v 0.047474 2.699981 2.102992
v 0.047474 2.747083 2.161465
v 0.047474 2.787059 2.210955
v 0.047474 2.758757 2.234028
v 0.047474 2.718781 2.184537
v 0.047474 2.671679 2.126240
v 0.047474 2.741721 2.248646
v 0.047474 2.701678 2.199155
v 0.047474 2.691158 2.209194
v 0.047474 2.731608 2.258157
v 0.047474 2.681452 2.219938
v 0.047474 2.723396 2.267315
v 0.047474 2.665638 2.238607
v 0.047474 2.710772 2.282638
v 0.046486 2.751834 2.299369
v 0.046486 2.741314 2.312402
v 0.039560 2.767444 2.316982
v 0.039560 2.758078 2.328782
v 0.046486 2.716066 2.347099
v 0.039560 2.734052 2.362245
v 0.047474 2.683352 2.319623
v 0.047474 2.635029 2.278763
v 0.047474 2.578017 2.230681
v 0.047474 2.612428 2.186827
v 0.047474 2.521278 2.182952
v 0.047474 2.631907 2.164107
v 0.047474 2.643445 2.151426
v 0.047474 2.654440 2.140859
v 0.047474 2.595935 2.093834
v 0.047474 2.607405 2.082914
v 0.047474 2.582633 2.108628
v 0.047474 2.559421 2.135223
v 0.047474 2.473158 2.142268
v 0.047474 2.514423 2.091368
v 0.047474 2.540824 2.061427
v 0.047474 2.555688 2.045048
v 0.047474 2.567497 2.033776
v 0.047474 2.540824 2.061427
v 0.046486 2.512115 2.029021
v 0.046544 2.527997 2.011585
v 0.047474 2.567497 2.033776
v 0.046885 2.539739 1.999608
v 0.039798 2.511980 1.992739
v 0.041777 2.520328 1.977945
v 0.022806 2.505735 1.986047
v 0.022986 2.510622 1.976360
v 0.000001 2.504785 1.985166
v 0.000001 2.489039 2.003130
v 0.022748 2.489922 2.004011
v 0.000001 2.458769 2.037122
v 0.022748 2.459719 2.038179
v 0.039560 2.496030 2.011056
v 0.039560 2.466303 2.044519
v 0.022748 2.414585 2.092953
v 0.039560 2.421644 2.098765
v 0.000001 2.413567 2.092073
v 0.022748 2.414585 2.092953
v 0.039560 2.363750 2.175907
v 0.022748 2.356488 2.170095
v 0.039560 2.301717 2.268019
v 0.022748 2.294387 2.262208
v 0.039560 2.245045 2.364887
v 0.022748 2.237715 2.359075
v 0.039560 2.197943 2.456471
v 0.022748 2.190748 2.450307
v 0.000001 2.236697 2.358195
v 0.000001 2.189730 2.449426
v 0.000001 2.355402 2.169391
v 0.000001 2.293369 2.261327
v 0.000001 2.154438 2.526392
v 0.022748 2.190748 2.450307
v 0.022748 2.155388 2.527449
v 0.039560 2.197943 2.456471
v 0.039560 2.162311 2.534494
v 0.022748 2.129801 2.588387
v 0.039560 2.136452 2.596313
v 0.022621 2.112494 2.633651
v 0.000001 2.111544 2.632594
v 0.000001 2.106725 2.668523
v 0.022235 2.107811 2.668171
v 0.000001 2.119009 2.701987
v 0.000001 2.128851 2.587154
v 0.038885 2.118942 2.641224
v 0.046486 2.153827 2.617095
v 0.045532 2.135095 2.663416
v 0.047474 2.184844 2.654433
v 0.046486 2.165026 2.703043
v 0.038885 2.124371 2.690891
v 0.039560 2.153284 2.731927
v 0.035605 2.112901 2.667290
v 0.022621 2.119756 2.700754
v 0.000001 2.148058 2.744784
v 0.022748 2.148737 2.743199
v 0.000001 2.192852 2.801848
v 0.022748 2.193463 2.800087
v 0.000001 2.254140 2.850987
v 0.022748 2.254818 2.849401
v 0.000001 2.329476 2.871593
v 0.022748 2.330087 2.870008
v 0.000001 2.400604 2.874059
v 0.038885 2.124371 2.690891
v 0.039560 2.153284 2.731927
v 0.039560 2.198146 2.788463
v 0.039560 2.259434 2.837601
v 0.039560 2.334363 2.859088
v 0.022748 2.401147 2.872650
v 0.039560 2.404880 2.862435
v 0.022621 2.450353 2.871065
v 0.038885 2.453068 2.861906
v 0.022235 2.479537 2.862258
v 0.000001 2.480216 2.863139
v 0.000001 2.497998 2.841124
v 0.022621 2.496641 2.840948
v 0.000001 2.510215 2.809774
v 0.000001 2.450082 2.872298
v 0.035605 2.476280 2.857855
v 0.038885 2.487343 2.839891
v 0.022748 2.508857 2.809598
v 0.039560 2.499424 2.808013
v 0.022748 2.522703 2.771027
v 0.039560 2.514016 2.767680
v 0.022748 2.546118 2.713963
v 0.039560 2.538177 2.709032
v 0.000001 2.523925 2.771379
v 0.000001 2.547272 2.714667
v 0.022748 2.585212 2.629424
v 0.039560 2.577746 2.623788
v 0.039560 2.629803 2.525159
v 0.022748 2.637065 2.530795
v 0.000001 2.586298 2.630128
v 0.000001 2.638083 2.531500
v 0.022748 2.694212 2.437450
v 0.000001 2.695230 2.438154
v 0.022748 2.740839 2.368057
v 0.000001 2.741857 2.368938
v 0.039560 2.538177 2.709032
v 0.039560 2.687085 2.431814
v 0.039560 2.734052 2.362245
v 0.046486 2.716066 2.347099
v 0.046486 2.668353 2.417020
v 0.039560 2.629803 2.525159
v 0.047474 2.634418 2.390249
v 0.047474 2.635029 2.278763
v 0.047474 2.584262 2.350445
v 0.047474 2.578017 2.230681
v 0.047474 2.525214 2.303772
v 0.047474 2.521278 2.182952
v 0.047474 2.466574 2.257452
v 0.047474 2.416893 2.218001
v 0.046486 2.440105 2.114440
v 0.046486 2.483610 2.061251
v 0.046486 2.512115 2.029021
v 0.039560 2.466303 2.044519
v 0.039560 2.496030 2.011056
v 0.039560 2.421644 2.098765
v 0.039560 2.421644 2.098765
v 0.046486 2.382822 2.191054
v 0.047474 2.355334 2.310113
v 0.047474 2.405491 2.349565
v 0.047474 2.464877 2.396061
v 0.047474 2.524807 2.443086
v 0.047474 2.575913 2.483066
v 0.046486 2.610595 2.510189
v 0.039560 2.577746 2.623788
v 0.046486 2.557996 2.608818
v 0.046486 2.517206 2.695822
v 0.047474 2.522364 2.581695
v 0.047474 2.470104 2.541715
v 0.047474 2.409088 2.494690
v 0.047474 2.349158 2.447665
v 0.047474 2.298798 2.407685
v 0.046486 2.320992 2.283166
v 0.046486 2.264320 2.380386
v 0.039560 2.301717 2.268019
v 0.039560 2.245045 2.364887
v 0.046486 2.216947 2.473027
v 0.039560 2.363750 2.175907
v 0.047474 2.250950 2.502263
v 0.047474 2.300766 2.544357
v 0.047474 2.361171 2.591910
v 0.047474 2.424427 2.636117
v 0.047474 2.479537 2.671870
v 0.046486 1.661969 1.242632
v 0.047474 1.683688 1.213395
v 0.045532 1.602379 1.208464
v 0.046486 1.623351 1.178875
v 0.038885 1.578828 1.194374
v 0.039560 1.598714 1.164609
v 0.035605 1.573263 1.209873
v 0.038885 1.591520 1.224491
v 0.039560 1.650092 1.258659
v 0.046486 1.765404 1.301809
v 0.039560 1.753052 1.317484
v 0.046486 1.867821 1.360282
v 0.039560 1.854993 1.375605
v 0.047474 1.891032 1.332278
v 0.047474 1.787869 1.273101
v 0.047474 1.683688 1.213395
v 0.047474 1.821126 1.230655
v 0.047474 1.925510 1.290713
v 0.047474 1.984626 1.325057
v 0.047474 1.949537 1.366094
v 0.047474 2.013471 1.343726
v 0.047474 1.978178 1.384587
v 0.047474 2.002951 1.404489
v 0.047474 2.038311 1.363804
v 0.047474 2.036072 1.433901
v 0.047474 2.071432 1.393041
v 0.047474 2.083445 1.476347
v 0.047474 2.059012 1.504526
v 0.047474 2.011570 1.462081
v 0.047474 2.042112 1.524428
v 0.047474 1.994603 1.482159
v 0.047474 2.055007 1.295821
v 0.047474 2.079984 1.315899
v 0.047474 2.096205 1.248091
v 0.047474 2.098173 1.574271
v 0.047474 2.114937 1.554545
v 0.047474 2.139302 1.526366
v 0.047474 2.118806 1.435486
v 0.047474 2.113105 1.345135
v 0.047474 2.121249 1.268346
v 0.047474 2.131226 1.207759
v 0.047474 2.156270 1.228013
v 0.047474 2.154438 1.297758
v 0.047474 2.160478 1.387581
v 0.047474 2.174731 1.485505
v 0.047474 2.195228 1.576385
v 0.047474 2.170794 1.604388
v 0.047474 2.218168 1.646834
v 0.047474 2.201675 1.666384
v 0.047474 2.154234 1.624114
v 0.047474 2.242534 1.618654
v 0.047474 2.230588 1.535524
v 0.047474 2.216336 1.437600
v 0.047474 2.201743 1.340204
v 0.047474 2.189459 1.257426
v 0.047474 2.236832 1.299872
v 0.047474 2.214707 1.228894
v 0.047474 2.257668 1.390223
v 0.047474 2.272193 1.487619
v 0.047474 2.277894 1.577970
v 0.047474 2.274976 1.647714
v 0.047474 2.310404 1.607030
v 0.047474 2.294862 1.665679
v 0.047474 2.330426 1.625171
v 0.047474 2.352077 1.559301
v 0.047474 2.372370 1.577617
v 0.047474 2.319566 1.530064
v 0.047474 2.313526 1.440242
v 0.047474 2.292690 1.349891
v 0.047474 2.262012 1.271340
v 0.047474 2.234796 1.208992
v 0.047474 2.281898 1.251614
v 0.047474 2.317870 1.321358
v 0.047474 2.337552 1.301809
v 0.047474 2.348547 1.399909
v 0.047474 2.360832 1.482511
v 0.047474 2.393342 1.511747
v 0.047474 2.413907 1.530416
v 0.047474 2.428431 1.471591
v 0.047474 2.449131 1.490436
v 0.047474 2.395853 1.442355
v 0.047474 2.373659 1.371377
v 0.047474 2.393070 1.352180
v 0.047474 2.420897 1.413823
v 0.047474 2.440172 1.394626
v 0.047474 2.462230 1.378598
v 0.047474 2.393070 1.352180
v 0.047474 2.415875 1.335272
v 0.047474 2.361171 1.284373
v 0.047474 2.281898 1.251614
v 0.047474 2.306400 1.233297
v 0.047474 2.234796 1.208992
v 0.047474 2.260044 1.190147
v 0.047474 2.358185 1.200186
v 0.047474 2.314340 1.154922
v 0.047474 2.505396 1.352180
v 0.047474 2.461619 1.306916
v 0.047474 2.583719 1.305860
v 0.047474 2.544964 1.256721
v 0.047474 2.409970 1.253551
v 0.047474 2.499152 1.198777
v 0.047474 2.453339 1.140832
v 0.047474 2.414517 1.091694
v 0.046486 2.284613 1.124277
v 0.046486 2.388184 1.058231
v 0.039560 2.268121 1.107193
v 0.039560 2.373591 1.039738
v 0.046486 2.511844 0.983731
v 0.039560 2.499016 0.963829
v 0.047474 2.534987 1.019836
v 0.047474 2.569058 1.072849
v 0.047474 2.609238 1.135549
v 0.047474 2.649417 1.198072
v 0.047474 2.683420 1.251085
v 0.046486 2.706564 1.287191
v 0.046486 2.610052 1.339147
v 0.039560 2.719324 1.307269
v 0.039560 2.624644 1.357640
v 0.046486 2.535191 1.382825
v 0.039560 2.551752 1.399909
v 0.022748 2.630210 1.364685
v 0.022748 2.724210 1.314842
v -0.000001 2.724889 1.315899
v -0.000001 2.630956 1.365565
v 0.022748 2.557996 1.406426
v -0.000001 2.558878 1.407307
v 0.022806 2.518970 1.430202
v -0.000001 2.520056 1.430907
v 0.039560 2.719324 1.307269
v 0.039798 2.511844 1.424390
v 0.047474 2.505396 1.352180
v 0.046486 2.535191 1.382825
v 0.047474 2.462230 1.378598
v 0.046544 2.493858 1.408011
v 0.047474 2.440172 1.394626
v 0.046885 2.472682 1.424038
v 0.041777 2.494672 1.443236
v 0.022986 2.505939 1.443412
v -0.000001 2.507296 1.443412
v 0.022806 2.513540 1.459791
v -0.000001 2.514423 1.459087
v 0.022748 2.556978 1.505055
v 0.039560 2.551480 1.510867
v 0.039560 2.639372 1.599985
v 0.022748 2.645073 1.594525
v -0.000001 2.557792 1.504174
v -0.000001 2.645888 1.593644
v 0.022748 2.733373 1.683996
v -0.000001 2.734255 1.683291
v 0.039798 2.507432 1.465251
v 0.039560 2.727468 1.689455
v 0.039798 2.773213 1.734719
v 0.022806 2.778914 1.728907
v -0.000001 2.779661 1.728202
v 0.022986 2.798189 1.739298
v -0.000001 2.798325 1.738065
v 0.022806 2.817600 1.733838
v 0.039560 2.852078 1.725737
v 0.039798 2.822690 1.741588
v 0.041777 2.797239 1.750218
v 0.047474 2.684778 1.728026
v 0.046486 2.711994 1.703369
v 0.047474 2.729029 1.772938
v 0.046544 2.757060 1.748985
v 0.047474 2.747015 1.792487
v 0.046885 2.775928 1.768535
v 0.039798 2.773213 1.734719
v 0.039560 2.727468 1.689455
v 0.047474 2.747015 1.792487
v 0.047474 2.765340 1.814503
v 0.046885 2.775928 1.768535
v 0.047369 2.794592 1.790726
v 0.046885 2.816311 1.774347
v 0.047474 2.822283 1.825070
v 0.039560 2.852078 1.725737
v 0.046486 2.865788 1.745639
v 0.039798 2.822690 1.741588
v 0.046544 2.837690 1.761490
v 0.046885 2.816311 1.774347
v 0.047474 2.843866 1.808867
v 0.047474 2.890290 1.781039
v 0.047474 2.234796 1.208992
v 0.046885 2.201879 1.179403
v 0.047369 2.181518 1.199305
v 0.047474 2.189459 1.257426
v 0.046885 2.156202 1.179051
v 0.047474 2.131226 1.207759
v 0.041777 2.176496 1.157916
v 0.046544 2.125728 1.160030
v 0.047474 2.101499 1.188386
v 0.047474 2.040212 1.152281
v 0.046486 2.063898 1.123749
v 0.039798 2.139845 1.143474
v 0.039560 2.077269 1.107721
v 0.047474 2.131226 1.207759
v 0.022806 2.144596 1.136782
v 0.022748 2.082427 1.101381
v 0.039560 2.077269 1.107721
v 0.022748 1.972748 1.037272
v 0.039560 1.967794 1.043613
v 0.022748 1.861984 0.972459
v 0.039560 1.857233 0.978799
v 0.022621 1.797439 0.935825
v 0.000001 1.797914 0.934945
v 0.000001 1.862730 0.971402
v 0.000001 1.973495 1.036392
v 0.000001 2.083174 1.100500
v 0.000001 2.145207 1.135725
v 0.022986 2.175138 1.146469
v 0.000001 2.175002 1.145236
v 0.022806 2.204051 1.136958
v 0.000001 2.203237 1.135901
v 0.022748 2.261877 1.100853
v 0.000001 2.260994 1.099796
v 0.022748 2.368026 1.032693
v -0.000001 2.367212 1.031812
v 0.039798 2.210363 1.143651
v 0.039560 2.268121 1.107193
v 0.039560 2.373591 1.039738
v 0.039560 2.499016 0.963829
v 0.022748 2.494129 0.956255
v -0.000001 2.493451 0.955023
v 0.022748 2.494129 0.956255
v -0.000001 2.607948 0.894436
v 0.022748 2.608627 0.895493
v -0.000001 2.714437 0.849525
v 0.022748 2.715116 0.850582
v -0.000001 2.826355 0.814476
v 0.022748 2.827102 0.815533
v 0.039560 2.719799 0.858507
v 0.039560 2.831853 0.823635
v 0.022748 2.961010 0.786297
v 0.039560 2.966101 0.794398
v 0.039560 2.613242 0.903419
v -0.000001 2.960264 0.785064
v 0.022748 3.122678 0.759878
v 0.039560 3.128108 0.767980
v 0.039560 3.276269 0.747197
v 0.022748 3.270432 0.738920
v -0.000001 3.121864 0.758645
v -0.000001 3.269550 0.737687
v 0.022621 3.363550 0.727472
v -0.000001 3.363008 0.726239
v 0.022235 3.413231 0.729409
v -0.000001 3.414182 0.728352
v 0.022621 3.444791 0.748606
v -0.000001 3.446895 0.748254
v 0.039560 2.966101 0.794398
v 0.038885 3.368437 0.735573
v 0.035605 3.408413 0.734340
v 0.038885 3.429452 0.751248
v 0.039560 3.460130 0.789995
v 0.022748 3.476690 0.787882
v 0.039560 3.500377 0.849349
v 0.022748 3.517073 0.847235
v 0.039560 3.527933 0.923320
v 0.022748 3.544425 0.921559
v -0.000001 3.519449 0.846883
v -0.000001 3.546801 0.921207
v 0.022748 3.538860 1.002576
v -0.000001 3.541032 1.002400
v -0.000001 3.479066 0.787706
v 0.039560 3.523385 1.004161
v 0.039560 3.502549 1.076019
v 0.022748 3.516870 1.074786
v 0.038885 3.485106 1.124629
v 0.022621 3.497798 1.124453
v 0.035605 3.471668 1.147349
v 0.022235 3.476283 1.151752
v -0.000001 3.499631 1.124453
v -0.000001 3.477166 1.152809
v 0.022621 3.439633 1.163728
v -0.000001 3.439497 1.165137
v -0.000001 3.518906 1.074610
v 0.039560 3.502549 1.076019
v 0.046486 3.463659 1.079189
v 0.045532 3.449746 1.127799
v 0.047474 3.387237 1.085706
v 0.046486 3.380586 1.132731
v 0.038885 3.441669 1.153865
v 0.039560 3.376785 1.158797
v 0.022748 3.375360 1.168836
v -0.000001 3.375156 1.170245
v 0.022748 3.278034 1.175000
v 0.039560 3.276947 1.165666
v 0.039560 3.159328 1.177114
v 0.022748 3.162789 1.186096
v -0.000001 3.278101 1.176409
v -0.000001 3.163197 1.187329
v 0.022748 3.162789 1.186096
v -0.000001 3.047274 1.205646
v 0.022748 3.046663 1.204413
v -0.000001 2.934813 1.232945
v 0.022748 2.934202 1.231712
v -0.000001 2.827170 1.270283
v 0.022748 2.826491 1.269050
v 0.022748 2.724210 1.314842
v 0.039560 2.821944 1.261124
v 0.039560 3.159328 1.177114
v 0.039560 3.042184 1.195959
v 0.039560 2.929586 1.223610
v 0.047474 2.350855 1.720981
v 0.047474 2.311015 1.681178
v 0.046486 2.325811 1.747224
v 0.046544 2.286514 1.708301
v 0.039560 2.312033 1.761666
v 0.039798 2.273007 1.723800
v 0.022748 2.306807 1.767126
v 0.022806 2.268460 1.729964
v 0.041777 2.254954 1.714817
v 0.046885 2.270496 1.693683
v 0.047474 2.294862 1.665679
v 0.022748 2.386147 1.846381
v 0.039560 2.391577 1.841097
v 0.022748 2.465692 1.925812
v 0.039560 2.471257 1.920705
v 0.022806 2.503496 1.964207
v 0.039798 2.509604 1.959980
v 0.046486 2.485985 1.907496
v 0.046544 2.525282 1.947123
v 0.047474 2.512794 1.883191
v 0.047474 2.552837 1.923523
v 0.046885 2.540010 1.963679
v 0.047474 2.568380 1.940431
v -0.000001 2.509468 1.976184
v 0.000001 2.502613 1.964912
v -0.000001 2.464877 1.926517
v 0.000001 2.385401 1.847262
v -0.000001 2.306060 1.768006
v -0.000001 2.267849 1.730844
v 0.022986 2.255836 1.725209
v 0.000001 2.255972 1.726441
v 0.022806 2.244637 1.735600
v 0.000001 2.245452 1.736480
v 0.022748 2.226380 1.759552
v 0.039560 2.219322 1.753917
v 0.039560 2.189052 1.795482
v 0.022748 2.196382 1.800765
v 0.000001 2.227398 1.760433
v 0.039798 2.238326 1.729259
v 0.039560 2.146497 1.857477
v 0.022748 2.154234 1.862408
v 0.000001 2.197468 1.801646
v 0.000001 2.155320 1.863113
v 0.000001 2.102924 1.946243
v 0.022748 2.101838 1.945538
v 0.000001 2.047678 2.042934
v 0.022748 2.046524 2.042230
v 0.000001 1.996910 2.143853
v 0.022748 1.995757 2.143148
v 0.039560 2.038311 2.037298
v 0.039560 1.987273 2.138217
v 0.022748 1.951573 2.242658
v 0.039560 1.942546 2.238255
v 0.039560 2.146497 1.857477
v 0.039560 2.093829 1.940783
v 0.000001 1.952862 2.243186
v 0.039560 1.942546 2.238255
v 0.039560 1.905014 2.331424
v 0.022748 1.951573 2.242658
v 0.022748 1.914991 2.334242
v 0.000001 1.916416 2.334770
v 0.022748 1.887503 2.408037
v 0.000001 1.889064 2.408213
v 0.022621 1.868635 2.455062
v 0.000001 1.870128 2.455414
v 0.022235 1.848545 2.479191
v 0.000001 1.849360 2.480248
v 0.022621 1.815289 2.488525
v 0.000001 1.814950 2.489758
v 0.039560 1.876644 2.406804
v 0.038885 1.857844 2.454358
v 0.035605 1.844677 2.474788
v 0.038885 1.818139 2.479367
v 0.039560 1.763232 2.480424
v 0.022748 1.759228 2.490463
v 0.039560 1.684027 2.477782
v 0.022748 1.679548 2.488349
v 0.039560 1.603804 2.456295
v 0.022748 1.599054 2.467215
v 0.039560 1.545097 2.405043
v 0.022748 1.540413 2.415963
v 0.000001 1.598375 2.468800
v 0.000001 1.539803 2.417372
v 0.022748 1.502270 2.356609
v 0.000001 1.501659 2.358018
v 0.000001 1.758685 2.491872
v 0.000001 1.678869 2.489934
v 0.039560 1.506614 2.346218
v 0.038885 1.482791 2.303949
v 0.022621 1.478583 2.312931
v 0.035605 1.473493 2.280524
v 0.022235 1.469217 2.281053
v 0.000001 1.477973 2.314164
v 0.000001 1.468335 2.281053
v 0.022621 1.474375 2.247237
v 0.000001 1.473629 2.246180
v 0.039560 1.506614 2.346218
v 0.038885 1.482791 2.303949
v 0.046486 1.518423 2.318038
v 0.045532 1.493176 2.277178
v 0.047474 1.542382 2.260622
v 0.046486 1.514962 2.223460
v 0.038885 1.479737 2.254810
v 0.039560 1.499759 2.202678
v 0.022748 1.494058 2.194928
v 0.000001 1.493176 2.193872
v 0.022748 1.526636 2.114088
v 0.000001 1.525753 2.113207
v 0.022748 1.568648 2.015987
v 0.000001 1.567629 2.015283
v 0.039560 1.575842 2.021271
v 0.039560 1.533151 2.120605
v 0.039560 1.575842 2.021271
v 0.046486 1.594913 2.035009
v 0.046486 1.550323 2.137688
v 0.039560 1.499759 2.202678
v 0.046486 1.514962 2.223460
v 0.047474 1.581339 2.168510
v 0.047474 1.542382 2.260622
v 0.047474 1.628374 2.212893
v 0.047474 1.584665 2.313283
v 0.047474 1.690679 2.257452
v 0.047474 1.745314 2.137512
v 0.047474 1.814746 2.175555
v 0.047474 1.763911 2.289683
v 0.047474 1.876372 2.206024
v 0.047474 1.831714 2.310641
v 0.046486 1.918859 2.226631
v 0.046486 1.878816 2.324027
v 0.039560 1.905014 2.331424
v 0.046486 1.847935 2.403810
v 0.039560 1.876644 2.406804
v 0.046486 1.518423 2.318038
v 0.047474 1.796217 2.398174
v 0.047474 1.722035 2.387607
v 0.047474 1.629527 2.060018
v 0.047474 1.681109 2.096476
v 0.039560 1.763232 2.480424
v 0.046486 1.774227 2.453125
v 0.046486 1.696448 2.448370
v 0.046486 1.617107 2.425650
v 0.047474 1.645002 2.361541
v 0.046486 1.557992 2.375102
v 0.039560 1.545097 2.405043
v 0.039560 1.603804 2.456295
v 0.039560 1.506614 2.346218
v 0.047474 2.568380 1.940431
v 0.047474 2.585755 1.961565
v 0.047474 2.609577 1.906263
v 0.047474 2.641340 1.847966
v 0.047474 2.688714 1.807282
v 0.047474 2.645481 1.763427
v 0.047474 2.684778 1.728026
v 0.047474 2.729029 1.772938
v 0.047474 2.706157 1.826303
v 0.047474 2.599193 1.805344
v 0.047474 2.593492 1.888827
v 0.047474 2.552498 1.847438
v 0.047474 2.552837 1.923523
v 0.047474 2.512794 1.883191
v 0.047474 2.568380 1.940431
v 0.039560 2.312033 1.761666
v 0.039560 2.391577 1.841097
v 0.046486 2.325811 1.747224
v 0.046486 2.405830 1.827360
v 0.047474 2.350855 1.720981
v 0.047474 2.431756 1.801998
v 0.047474 2.387912 1.682234
v 0.047474 2.470171 1.764660
v 0.047474 2.431553 1.636442
v 0.047474 2.515305 1.720805
v 0.047474 2.599193 1.805344
v 0.047474 2.560032 1.677303
v 0.047474 2.645481 1.763427
v 0.047474 2.512794 1.883191
v 0.046486 2.485985 1.907496
v 0.039560 2.471257 1.920705
v 0.047474 2.474786 1.591179
v 0.047474 2.511504 1.552608
v 0.047474 2.598039 1.640317
v 0.046486 2.537024 1.526013
v 0.046486 2.624441 1.614603
v 0.039560 2.551480 1.510867
v 0.039560 2.639372 1.599985
v 0.046486 2.711994 1.703369
v 0.039560 2.727468 1.689455
v 0.047474 2.684778 1.728026
v 0.047474 2.511504 1.552608
v 0.047474 2.467660 1.508401
v 0.047474 2.431824 1.547853
v 0.047474 2.431553 1.636442
v 0.047474 2.389677 1.594349
v 0.047474 2.387912 1.682234
v 0.047474 2.347122 1.641374
v 0.047474 2.350855 1.720981
v 0.047474 2.311015 1.681178
v 0.047474 2.330426 1.625171
v 0.047474 2.294862 1.665679
v 0.047474 2.449131 1.490436
v 0.047474 2.413907 1.530416
v 0.047474 2.372370 1.577617
v 0.039560 1.702760 1.017194
v 0.039560 1.666449 1.068622
v 0.046486 1.728347 1.032165
v 0.046486 1.691697 1.083240
v 0.047474 1.790923 1.068446
v 0.047474 1.822687 1.025472
v 0.046486 1.759431 0.988662
v 0.039560 1.733573 0.973516
v 0.047474 1.822687 1.025472
v 0.046486 1.844745 0.995707
v 0.046486 1.759431 0.988662
v 0.045532 1.781082 0.958721
v 0.038885 1.755427 0.944279
v 0.022748 1.725021 0.968584
v 0.022748 1.694276 1.012263
v 0.039560 1.702760 1.017194
v 0.022748 1.658033 1.063867
v 0.022748 1.621586 1.115823
v 0.039560 1.629867 1.120578
v 0.022748 1.590502 1.160030
v 0.022621 1.570751 1.190323
v 0.022235 1.567358 1.210753
v 0.022621 1.586837 1.230127
v 0.038885 1.591520 1.224491
v 0.022748 1.645545 1.264823
v 0.039560 1.650092 1.258659
v 0.022748 1.748369 1.323472
v 0.039560 1.753052 1.317484
v 0.022748 1.850174 1.381593
v 0.039560 1.854993 1.375605
v 0.022806 1.906507 1.414704
v 0.039798 1.912140 1.409420
v 0.022986 1.924628 1.432845
v 0.041777 1.936370 1.432668
v 0.022806 1.919742 1.452394
v 0.000001 1.918656 1.451690
v 0.000001 1.923271 1.432845
v 0.000001 1.905624 1.415408
v 0.000001 1.849496 1.382297
v 0.000001 1.747690 1.324353
v 0.000001 1.644934 1.265704
v 0.000001 1.586090 1.230831
v 0.000001 1.566136 1.210753
v 0.000001 1.569530 1.189795
v 0.000001 1.589348 1.159325
v 0.000001 1.620365 1.115119
v 0.000001 1.656879 1.063162
v 0.000001 1.693054 1.011558
v 0.000001 1.723731 0.967880
v 0.022621 1.747418 0.938996
v 0.000001 1.746332 0.938291
v 0.022235 1.767508 0.927195
v 0.035605 1.769408 0.932831
v 0.000001 1.767101 0.926139
v 0.038885 1.793434 0.942518
v 0.039560 1.857233 0.978799
v 0.039560 1.967794 1.043613
v 0.046486 1.954830 1.060168
v 0.047474 1.932026 1.089229
v 0.047474 1.899041 1.131322
v 0.047474 1.753527 1.118993
v 0.046486 2.063898 1.123749
v 0.047474 2.040212 1.152281
v 0.047474 2.006140 1.193493
v 0.047474 2.101499 1.188386
v 0.047474 2.066817 1.228894
v 0.047474 2.131226 1.207759
v 0.047474 2.096205 1.248091
v 0.047474 2.025891 1.276799
v 0.047474 2.055007 1.295821
v 0.047474 1.965961 1.241927
v 0.047474 1.860287 1.180812
v 0.047474 1.715791 1.170069
v 0.046486 1.654775 1.134844
v 0.046486 1.623351 1.178875
v 0.039560 1.598714 1.164609
v 0.039560 1.629867 1.120578
v 0.046486 3.354592 2.704276
v 0.046486 3.322693 2.756937
v 0.047474 3.297716 2.606880
v 0.047474 3.264392 2.656547
v 0.046486 3.276337 2.802905
v 0.047474 3.217697 2.701634
v 0.046486 3.215389 2.823511
v 0.047474 3.158718 2.725235
v 0.039560 3.372713 2.735097
v 0.039560 3.295002 2.835135
v 0.039560 3.233443 2.854685
v 0.039560 3.173445 2.857327
v 0.046486 3.156274 2.827738
v 0.047474 3.102317 2.734041
v 0.047474 2.998815 2.554395
v 0.047474 3.158718 2.725235
v 0.047474 3.050057 2.536959
v 0.047474 3.217697 2.701634
v 0.047474 3.105507 2.507723
v 0.047474 3.264392 2.656547
v 0.047474 3.152745 2.464572
v 0.047474 3.297716 2.606880
v 0.046486 2.963658 2.565315
v 0.046486 2.866196 2.395885
v 0.039560 2.849024 2.405571
v 0.039560 2.944314 2.571127
v 0.047474 2.897552 2.378624
v 0.047474 2.943500 2.352206
v 0.047474 2.995353 2.317334
v 0.047474 3.043134 2.276297
v 0.047474 3.188716 2.420542
v 0.047474 3.081820 2.237902
v 0.046486 3.213014 2.389016
v 0.046486 3.319910 2.570951
v 0.039560 3.332534 2.550344
v 0.046486 3.108357 2.210779
v 0.039560 3.123425 2.195457
v 0.039560 3.041912 2.740910
v 0.046486 3.354592 2.704276
v 0.046486 3.319910 2.570951
v 0.045532 3.375496 2.665881
v 0.039560 3.332534 2.550344
v 0.038885 3.386830 2.644218
v 0.038885 3.392531 2.695822
v 0.039560 3.123425 2.195457
v 0.046486 3.108357 2.210779
v 0.039798 3.074151 2.110565
v 0.046544 3.057726 2.124655
v 0.046885 3.040690 2.097180
v 0.047474 3.029763 2.149312
v 0.047474 3.011710 2.120957
v 0.046885 3.043541 2.058961
v 0.046885 3.040690 2.097180
v 0.047369 3.023316 2.074460
v 0.047474 3.011710 2.120957
v 0.047474 2.994199 2.098061
v 0.047474 2.995896 2.040468
v 0.047474 3.011710 2.120957
v 0.047474 2.970852 2.155124
v 0.047474 2.994199 2.098061
v 0.047474 2.953138 2.131700
v 0.047474 2.904746 2.171328
v 0.047474 2.855947 2.211132
v 0.047474 2.814410 2.244947
v 0.047474 2.922528 2.194752
v 0.047474 2.873458 2.234204
v 0.047474 2.831582 2.267315
v 0.047474 2.848549 2.293909
v 0.047474 2.873458 2.234204
v 0.047474 2.891511 2.262736
v 0.047474 2.922528 2.194752
v 0.047474 2.941396 2.224517
v 0.047474 2.970852 2.155124
v 0.047474 2.989516 2.184361
v 0.047474 3.011710 2.120957
v 0.047474 3.029763 2.149312
v 0.047474 3.043134 2.276297
v 0.047474 3.081820 2.237902
v 0.047474 2.897552 2.378624
v 0.047474 2.943500 2.352206
v 0.047474 2.261334 2.633122
v 0.047474 2.322078 2.681204
v 0.047474 2.361171 2.591910
v 0.047474 2.424427 2.636117
v 0.047474 2.300766 2.544357
v 0.047474 2.213146 2.586098
v 0.047474 2.250950 2.502263
v 0.046486 2.180568 2.552987
v 0.046486 2.216947 2.473027
v 0.039560 2.162311 2.534494
v 0.039560 2.197943 2.456471
v 0.039560 2.136452 2.596313
v 0.046486 2.153827 2.617095
v 0.047474 2.184844 2.654433
v 0.047474 2.231199 2.706566
v 0.046486 2.165026 2.703043
v 0.046486 2.210363 2.758346
v 0.039560 2.198146 2.788463
v 0.046486 2.271446 2.807308
v 0.047474 2.292147 2.755176
v 0.047474 2.389270 2.717838
v 0.047474 2.479537 2.671870
v 0.047474 2.449674 2.742847
v 0.046486 2.517206 2.695822
v 0.046486 2.491076 2.758874
v 0.039560 2.538177 2.709032
v 0.039560 2.514016 2.767680
v 0.046486 2.474447 2.803962
v 0.047474 2.429178 2.796565
v 0.047474 2.363479 2.783355
v 0.046486 2.345222 2.830556
v 0.039560 2.334363 2.859088
v 0.046486 2.414314 2.836897
v 0.039560 2.404880 2.862435
v 0.047474 2.429178 2.796565
v 0.046486 2.414314 2.836897
v 0.045532 2.461755 2.839186
v 0.039560 2.499424 2.808013
v 0.038885 2.487343 2.839891
v 0.038885 2.453068 2.861906
v 0.039560 2.404880 2.862435
v 0.047474 3.546122 1.784914
v 0.047474 3.439430 1.725384
v 0.047474 3.527390 1.708653
v 0.047474 3.410517 1.656520
v 0.047474 3.464677 1.799708
v 0.047474 3.554606 1.853778
v 0.047474 3.484088 1.865402
v 0.046486 3.559357 1.901331
v 0.046486 3.497052 1.910666
v 0.039560 3.562004 1.927574
v 0.039560 3.504246 1.935851
v 0.046486 3.601233 1.896928
v 0.047474 3.605373 1.847438
v 0.047474 3.608834 1.775579
v 0.046486 3.643245 1.843387
v 0.046486 3.653561 1.769591
v 0.039560 3.680370 1.765893
v 0.046486 3.645892 1.690160
v 0.039560 3.674262 1.685933
v 0.047474 3.597161 1.697557
v 0.047474 3.494473 1.640669
v 0.047474 3.383979 1.600865
v 0.047474 3.458976 1.587304
v 0.046486 3.365519 1.563175
v 0.046486 3.433661 1.551375
v 0.039560 3.419408 1.531297
v 0.046486 3.482052 1.545034
v 0.039560 3.463659 1.525837
v 0.047474 3.514834 1.579378
v 0.047474 3.559900 1.630454
v 0.046486 3.606187 1.623761
v 0.039560 3.633539 1.619711
v 0.046486 3.555488 1.573919
v 0.039560 3.580668 1.570572
v 0.047474 3.514834 1.579378
v 0.046486 3.555488 1.573919
v 0.045532 3.518431 1.540984
v 0.038885 3.497798 1.522843
v 0.038885 3.541643 1.538518
v 0.047474 3.258351 1.031636
v 0.047474 3.073879 0.980560
v 0.047474 3.238126 0.957488
v 0.047474 3.036551 0.911872
v 0.047474 3.107000 1.051186
v 0.047474 3.268192 1.096273
v 0.047474 3.132723 1.111948
v 0.046486 3.273826 1.140832
v 0.046486 3.149894 1.153866
v 0.039560 3.276947 1.165666
v 0.039560 3.159328 1.177114
v 0.039560 3.376785 1.158797
v 0.047474 3.387237 1.085706
v 0.047474 3.394499 1.017194
v 0.046486 3.463659 1.079189
v 0.046486 3.480695 1.008388
v 0.039560 3.502549 1.076019
v 0.046486 3.482256 0.928604
v 0.039560 3.527933 0.923320
v 0.047474 3.388187 0.939524
v 0.047474 3.204055 0.886863
v 0.047474 3.002615 0.854456
v 0.047474 3.167948 0.828742
v 0.047474 3.357849 0.867137
v 0.046486 3.453954 0.855161
v 0.039560 3.500377 0.849349
v 0.046486 3.414249 0.795983
v 0.047474 3.319435 0.808488
v 0.046486 3.142360 0.789643
v 0.046486 2.979132 0.815709
v 0.039560 2.966101 0.794398
v 0.039560 3.128108 0.767980
v 0.046486 3.291676 0.769037
v 0.039560 3.276269 0.747197
v 0.047474 3.036551 0.911872
v 0.047474 2.899452 0.939876
v 0.047474 2.937934 1.007155
v 0.047474 3.073879 0.980560
v 0.047474 2.976078 1.075315
v 0.047474 3.107000 1.051186
v 0.047474 3.008316 1.133611
v 0.047474 3.132723 1.111948
v 0.046486 3.030170 1.173591
v 0.046486 3.149894 1.153866
v 0.039560 3.042184 1.195959
v 0.039560 2.929586 1.223610
v 0.046486 2.917370 1.201947
v 0.039560 2.821944 1.261124
v 0.046486 2.809795 1.240166
v 0.039560 2.719324 1.307269
v 0.046486 2.706564 1.287191
v 0.047474 2.787873 1.202475
v 0.047474 2.683420 1.251085
v 0.047474 2.755634 1.147173
v 0.047474 2.649417 1.198072
v 0.047474 2.717559 1.081831
v 0.047474 2.609238 1.135549
v 0.047474 2.679484 1.016666
v 0.047474 2.569058 1.072849
v 0.047474 2.647245 0.961539
v 0.047474 2.534987 1.019836
v 0.046486 2.625391 0.924025
v 0.046486 2.511844 0.983731
v 0.039560 2.613242 0.903419
v 0.039560 2.499016 0.963829
v 0.039560 2.719799 0.858507
v 0.046486 2.732015 0.879642
v 0.047474 2.753938 0.917508
v 0.047474 2.786244 0.973516
v 0.047474 2.824387 1.039914
v 0.047474 2.862734 1.106488
v 0.047474 2.895244 1.163200
v 0.047474 2.866671 0.883164
v 0.046486 2.844341 0.844946
v 0.039560 2.831853 0.823635
v 0.046486 2.979132 0.815709
v 0.039560 2.966101 0.794398
v 0.047474 1.953066 1.535524
v 0.046486 1.919674 1.508225
v 0.047474 1.978653 1.502237
v 0.046544 1.945940 1.473705
v 0.047474 1.994603 1.482159
v 0.046885 1.961550 1.452922
v 0.039798 1.927139 1.457854
v 0.039560 1.901213 1.492902
v 0.047474 2.011570 1.462081
v 0.047474 2.002951 1.404489
v 0.047369 1.978449 1.432845
v 0.047474 1.978178 1.384587
v 0.046885 1.953812 1.412766
v 0.046544 1.925714 1.393921
v 0.039798 1.912140 1.409420
v 0.046486 1.867821 1.360282
v 0.047474 1.949537 1.366094
v 0.047474 1.891032 1.332278
v 0.047474 1.994603 1.482159
v 0.000001 1.893204 1.486386
v 0.022748 1.894154 1.487266
v 0.022748 1.847867 1.547853
v 0.039560 1.855197 1.553136
v 0.022748 1.789362 1.627989
v 0.039560 1.797099 1.632920
v 0.000001 1.846781 1.547148
v 0.000001 1.788276 1.627284
v 0.022748 1.728550 1.718340
v 0.039560 1.736355 1.722919
v 0.039560 1.677783 1.819434
v 0.022748 1.670046 1.814679
v 0.039560 1.624233 1.919472
v 0.022748 1.616632 1.914717
v 0.039560 1.575842 2.021271
v 0.022748 1.568648 2.015987
v 0.000001 1.615546 1.914012
v 0.000001 1.727464 1.717635
v 0.000001 1.668960 1.814151
v 0.039560 1.855197 1.553136
v 0.046486 1.874608 1.567226
v 0.046486 1.817325 1.645777
v 0.047474 1.909629 1.592588
v 0.047474 1.853907 1.669378
v 0.047474 1.961210 1.630102
v 0.047474 1.907796 1.704074
v 0.047474 1.953066 1.535524
v 0.047474 2.002204 1.575856
v 0.047474 1.994603 1.482159
v 0.047474 1.978653 1.502237
v 0.047474 2.026570 1.543978
v 0.047474 2.083106 1.593469
v 0.047474 2.154234 1.624114
v 0.047474 2.139574 1.642783
v 0.047474 2.187491 1.684524
v 0.047474 2.118263 1.670963
v 0.047474 2.167401 1.711295
v 0.047474 2.060233 1.623409
v 0.047474 2.022090 1.674309
v 0.047474 2.082970 1.718516
v 0.047474 1.971459 1.744934
v 0.047474 2.134552 1.755854
v 0.046486 2.200793 1.738594
v 0.046486 2.169573 1.781392
v 0.039560 2.219322 1.753917
v 0.039560 2.189052 1.795482
v 0.046486 2.126068 1.844444
v 0.039560 2.146497 1.857477
v 0.047474 2.089282 1.820667
v 0.047474 2.035257 1.785971
v 0.047474 1.979264 1.871038
v 0.047474 1.913905 1.831059
v 0.047474 1.907796 1.704074
v 0.047474 1.848885 1.791607
v 0.047474 1.853907 1.669378
v 0.047474 1.794113 1.758144
v 0.046486 1.817325 1.645777
v 0.046486 1.756920 1.735600
v 0.039560 1.797099 1.632920
v 0.039560 1.736355 1.722919
v 0.046486 1.698280 1.831763
v 0.039560 1.677783 1.819434
v 0.047474 1.735270 1.854131
v 0.047474 1.789973 1.887242
v 0.047474 1.855197 1.926693
v 0.047474 1.921370 1.966673
v 0.047474 1.978042 2.001017
v 0.047474 2.034850 1.904854
v 0.046486 2.072789 1.927926
v 0.046486 2.126068 1.844444
v 0.039560 2.093829 1.940783
v 0.039560 2.146497 1.857477
v 0.039560 2.038311 2.037298
v 0.046486 2.016796 2.024265
v 0.046486 1.965011 2.125184
v 0.047474 1.925171 2.101759
v 0.046486 1.918859 2.226631
v 0.039560 1.942546 2.238255
v 0.039560 1.987273 2.138217
v 0.047474 1.866938 2.067415
v 0.047474 1.799747 2.027436
v 0.047474 1.734659 1.987808
v 0.047474 1.680702 1.954345
v 0.046486 1.644323 1.931977
v 0.039560 1.624233 1.919472
v 0.047474 1.629527 2.060018
v 0.047474 1.681109 2.096476
v 0.047474 1.814746 2.175555
v 0.047474 1.876372 2.206024
v 0.047474 2.897552 2.378624
v 0.047474 2.848549 2.293909
v 0.046486 2.866196 2.395885
v 0.046544 2.819297 2.315044
v 0.039798 2.803280 2.327197
v 0.022806 2.797714 2.331952
v -0.000001 2.841558 2.409622
v 0.000001 2.796968 2.332833
v 0.022986 2.785633 2.316277
v 0.041777 2.785701 2.306238
v 0.046885 2.803008 2.290211
v 0.047474 2.831582 2.267315
v -0.000001 2.785633 2.317334
v 0.022806 2.779389 2.317686
v 0.039798 2.774163 2.310289
v 0.039560 2.767444 2.316982
v 0.022748 2.773417 2.323674
v 0.039560 2.758078 2.328782
v 0.022748 2.764458 2.334946
v 0.039560 2.734052 2.362245
v 0.022748 2.740839 2.368057
v 0.000001 2.765340 2.335827
v 0.000001 2.780068 2.318743
v -0.000001 2.774231 2.324731
v 0.047474 2.831582 2.267315
v 0.047474 2.814410 2.244947
v 0.046885 2.803008 2.290211
v 0.047369 2.786108 2.268195
v 0.046885 2.769005 2.282637
v 0.047474 2.758757 2.234028
v 0.047474 2.741721 2.248646
v 0.047474 2.787059 2.210955
v 0.039560 2.767444 2.316982
v 0.046486 2.751834 2.299369
v 0.039798 2.774163 2.310289
v 0.046544 2.759028 2.291444
v 0.046885 2.769005 2.282637
v 0.047474 2.731608 2.258157
v 0.047474 2.723396 2.267315
v -0.000001 3.350655 1.533234
v -0.000001 3.413232 1.522667
v -0.022748 3.351198 1.534291
v -0.022748 3.413978 1.523724
v -0.039560 3.355202 1.542217
v -0.039560 3.419408 1.531297
v -0.022748 3.456669 1.518616
v -0.039560 3.463659 1.525837
v -0.022620 3.490740 1.515974
v -0.038885 3.497798 1.522843
v -0.022235 3.520263 1.520377
v -0.000001 3.520331 1.519673
v -0.000001 3.551348 1.536933
v -0.022620 3.550194 1.537109
v -0.000001 3.592002 1.569163
v -0.022748 3.590577 1.569339
v -0.000001 3.645688 1.617949
v -0.022748 3.644127 1.618126
v -0.000001 3.686750 1.684172
v -0.022748 3.685189 1.684348
v -0.000001 3.692247 1.764308
v -0.022748 3.690754 1.764484
v -0.000001 3.678266 1.839512
v -0.022748 3.676908 1.839688
v -0.000001 3.665099 1.891468
v -0.022620 3.663877 1.891292
v -0.000001 3.650032 1.920529
v -0.022235 3.649421 1.919472
v -0.000001 3.627024 1.932681
v -0.022620 3.627160 1.931272
v -0.000001 3.597975 1.936204
v -0.022748 3.598111 1.934619
v -0.000001 3.563090 1.939022
v -0.022748 3.562954 1.937613
v -0.000001 3.507232 1.946771
v -0.022748 3.506893 1.945362
v -0.039560 3.562004 1.927574
v -0.039560 3.504246 1.935851
v -0.000001 3.455651 1.517559
v -0.000001 3.489789 1.515094
v -0.039560 3.598993 1.924403
v -0.038885 3.628517 1.921057
v -0.035605 3.646435 1.914717
v -0.046486 3.601233 1.896928
v -0.045532 3.633879 1.893934
v -0.047474 3.605373 1.847438
v -0.046486 3.643245 1.843387
v -0.038885 3.655461 1.891468
v -0.039560 3.667339 1.840745
v -0.039560 3.680370 1.765893
v -0.039560 3.674262 1.685933
v -0.039560 3.633539 1.619711
v -0.039560 3.580668 1.570572
v -0.038885 3.541643 1.538518
v -0.035605 3.519856 1.524252
v -0.038885 3.497798 1.522843
v -0.038885 3.541643 1.538518
v -0.045532 3.518431 1.540984
v -0.046486 3.555488 1.573919
v -0.046486 3.482052 1.545034
v -0.047474 3.514834 1.579378
v -0.039560 3.580668 1.570572
v -0.039560 3.633539 1.619711
v -0.046486 3.606187 1.623761
v -0.047474 3.514834 1.579378
v -0.047474 3.559900 1.630454
v -0.047474 3.458976 1.587304
v -0.046486 3.433661 1.551375
v -0.046486 3.482052 1.545034
v -0.039560 3.463659 1.525837
v -0.039560 3.674262 1.685933
v -0.046486 3.645892 1.690160
v -0.039560 3.680370 1.765893
v -0.039560 3.355202 1.542217
v -0.046486 3.365519 1.563175
v -0.047474 3.383979 1.600865
v -0.047474 3.494473 1.640669
v -0.047474 3.597161 1.697557
v -0.046486 3.653561 1.769591
v -0.039560 3.667339 1.840745
v -0.046486 3.643245 1.843387
v -0.047474 3.608834 1.775579
v -0.047474 3.527390 1.708653
v -0.047474 3.410517 1.656520
v -0.047474 3.439430 1.725384
v -0.047474 3.546122 1.784914
v -0.047474 3.554606 1.853778
v -0.046486 3.601233 1.896928
v -0.046486 3.559357 1.901331
v -0.039560 3.598993 1.924403
v -0.039560 3.562004 1.927574
v -0.046486 3.497052 1.910666
v -0.039560 3.504246 1.935851
v -0.047474 3.464677 1.799708
v -0.047474 3.484088 1.865402
v -0.039560 3.414589 1.952935
v -0.022748 3.506893 1.945362
v -0.022748 3.417915 1.962094
v -0.000001 3.418390 1.963503
v -0.022748 3.310883 1.988512
v -0.000001 3.311358 1.989745
v -0.022748 3.207652 2.021976
v -0.000001 3.208127 2.023208
v -0.022748 3.131841 2.050507
v -0.000001 3.132384 2.051740
v -0.000001 3.099466 2.064773
v -0.022748 3.098855 2.063540
v -0.000001 3.089693 2.069353
v -0.022748 3.088946 2.068296
v -0.000001 3.080531 2.074988
v -0.022806 3.079648 2.074108
v -0.000001 3.073947 2.083795
v -0.022986 3.072725 2.083442
v -0.000001 3.081616 2.105282
v -0.022806 3.080666 2.105986
v -0.000001 3.130008 2.188588
v -0.022748 3.129194 2.189468
v -0.000001 3.232900 2.363126
v -0.022748 3.232153 2.364182
v -0.000001 3.338031 2.541538
v -0.022748 3.337353 2.542595
v -0.000001 3.392192 2.635764
v -0.022620 3.391513 2.636821
v -0.000001 3.405155 2.673807
v -0.022235 3.404205 2.673807
v -0.000001 3.398368 2.704452
v -0.022620 3.397554 2.703395
v -0.000001 3.378482 2.745136
v -0.022748 3.377736 2.743904
v -0.000001 3.347194 2.799030
v -0.022748 3.346447 2.797797
v -0.000001 3.300974 2.845351
v -0.022748 3.300228 2.844118
v -0.000001 3.239212 2.864724
v -0.022748 3.238533 2.863491
v -0.000001 3.178875 2.866838
v -0.022748 3.178196 2.865781
v 0.000001 3.136456 2.865428
v -0.022620 3.135981 2.864196
v -0.000001 3.108968 2.857327
v -0.022235 3.109375 2.856622
v 0.000001 3.084332 2.829499
v -0.022620 3.085417 2.829323
v -0.000001 3.032682 2.741790
v -0.022748 3.033836 2.741790
v 0.000001 2.935966 2.573769
v -0.022748 2.937052 2.573416
v -0.000001 2.841558 2.409622
v -0.022748 2.842509 2.409094
v 0.000001 2.796968 2.332833
v -0.022806 2.797714 2.331952
v -0.000001 2.785633 2.317334
v -0.022986 2.785633 2.316277
v 0.000001 2.780068 2.318743
v -0.022806 2.779389 2.317686
v -0.000001 2.774231 2.324731
v -0.022748 2.773417 2.323674
v 0.000001 2.765340 2.335827
v -0.022748 2.764458 2.334946
v 0.000001 2.741857 2.368938
v -0.022748 2.740839 2.368057
v -0.022748 2.694212 2.437450
v 0.000001 2.695230 2.438154
v -0.022748 2.637065 2.530795
v 0.000001 2.638083 2.531500
v -0.022748 2.585212 2.629424
v 0.000001 2.586298 2.630128
v -0.022748 2.546118 2.713963
v 0.000001 2.547272 2.714667
v -0.039560 2.538177 2.709032
v -0.039560 2.577746 2.623788
v -0.039560 2.629803 2.525159
v -0.039560 2.687085 2.431814
v -0.039560 2.734052 2.362245
v -0.039560 2.758078 2.328782
v -0.039560 2.767444 2.316982
v -0.039798 2.774163 2.310289
v -0.041777 2.785701 2.306238
v -0.039798 2.803280 2.327197
v -0.039560 2.849024 2.405571
v -0.039560 2.944314 2.571127
v -0.039560 3.041912 2.740910
v -0.038885 3.093358 2.828795
v -0.035605 3.111344 2.852924
v -0.038885 3.132044 2.856622
v -0.039560 3.173445 2.857327
v -0.039560 3.233443 2.854685
v -0.039560 3.295002 2.835135
v -0.039560 3.341289 2.788815
v -0.039560 3.372713 2.735097
v -0.038885 3.392531 2.695822
v -0.035605 3.399793 2.673807
v -0.038885 3.386830 2.644218
v -0.039560 3.332534 2.550344
v -0.039560 3.226860 2.371051
v -0.039560 3.123425 2.195457
v -0.039798 3.074151 2.110565
v -0.041777 3.062341 2.081681
v -0.039798 3.073676 2.067415
v -0.039560 3.083924 2.060899
v -0.039560 3.094580 2.055967
v -0.039560 3.128243 2.042406
v -0.039560 3.128243 2.042406
v -0.039560 3.204258 2.013521
v -0.039560 3.307489 1.979706
v -0.046486 3.118674 2.020743
v -0.039560 3.204258 2.013521
v -0.046486 3.195367 1.990978
v -0.039560 3.307489 1.979706
v -0.046486 3.298531 1.956458
v -0.046486 3.405630 1.928806
v -0.039560 3.504246 1.935851
v -0.046486 3.497052 1.910666
v -0.047474 3.389477 1.885480
v -0.047474 3.365722 1.822252
v -0.047474 3.464677 1.799708
v -0.047474 3.337963 1.749689
v -0.047474 3.439430 1.725384
v -0.047474 3.310679 1.680297
v -0.047474 3.410517 1.656520
v -0.047474 3.287807 1.623057
v -0.046486 3.272197 1.584134
v -0.046486 3.365519 1.563175
v -0.039560 3.263442 1.562471
v -0.047474 3.101299 1.981467
v -0.039560 3.156953 1.592412
v -0.046486 3.165640 1.614427
v -0.039560 3.052704 1.629926
v -0.047474 3.181047 1.654055
v -0.047474 3.203648 1.712175
v -0.047474 3.230728 1.781744
v -0.047474 3.258419 1.853074
v -0.047474 3.282310 1.914541
v -0.047474 3.179350 1.950294
v -0.047474 3.075712 1.923523
v -0.047474 3.155595 1.890236
v -0.047474 3.127836 1.819963
v -0.047474 3.100417 1.750746
v -0.047474 3.077341 1.692273
v -0.046486 3.061527 1.652293
v -0.039560 2.963115 1.668497
v -0.046486 2.972820 1.690512
v -0.047474 2.990195 1.729964
v -0.047474 3.015579 1.787380
v -0.047474 3.045509 1.855187
v -0.039560 2.963115 1.668497
v -0.039560 2.896941 1.701256
v -0.046486 2.972820 1.690512
v -0.046486 2.908682 1.722214
v -0.047474 2.990195 1.729964
v -0.047474 2.929519 1.759729
v -0.047474 2.959925 1.814327
v -0.047474 3.045509 1.855187
v -0.039560 2.852078 1.725737
v -0.046486 2.865788 1.745639
v -0.047474 2.890290 1.781039
v -0.047474 2.925989 1.832643
v -0.047474 2.995828 1.878788
v -0.047474 2.968069 1.893582
v -0.047474 3.031868 1.943425
v -0.047474 3.075712 1.923523
v -0.047474 3.101299 1.981467
v -0.047474 2.864159 1.795834
v -0.047474 2.902710 1.845853
v -0.047474 2.948115 1.904854
v -0.047474 3.010353 1.954697
v -0.047474 2.843866 1.808867
v -0.047474 2.883299 1.858181
v -0.047474 2.929858 1.916654
v -0.047474 2.993792 1.964031
v -0.047474 2.976621 1.975127
v -0.047474 3.032478 2.014402
v -0.047474 3.016257 2.024970
v -0.047474 3.046256 2.006653
v -0.047474 3.062477 1.998375
v -0.046486 3.083110 2.035361
v -0.046486 3.118674 2.020743
v -0.039560 3.094580 2.055967
v -0.046486 3.070554 2.041701
v -0.039560 3.083924 2.060899
v -0.047474 3.016257 2.024970
v -0.047474 2.995896 2.040468
v -0.047474 2.955988 1.990802
v -0.047474 2.929858 1.916654
v -0.047474 2.908886 1.932505
v -0.047474 2.883299 1.858181
v -0.047474 2.966847 2.064069
v -0.047474 2.926872 2.014402
v -0.047474 2.925718 2.097532
v -0.047474 2.953138 2.131700
v -0.047474 2.904746 2.171328
v -0.047474 2.922528 2.194752
v -0.047474 2.873458 2.234204
v -0.047474 2.855947 2.211132
v -0.047474 2.831582 2.267315
v -0.047474 2.994199 2.098061
v -0.047474 2.970852 2.155124
v -0.047474 3.011710 2.120957
v -0.047474 2.877326 2.137160
v -0.047474 2.885742 2.048042
v -0.047474 2.879702 1.956106
v -0.047474 2.861988 1.874385
v -0.047474 2.843866 1.808867
v -0.047474 2.822283 1.825070
v -0.047474 2.832803 1.897985
v -0.047474 2.793031 1.848671
v -0.047474 2.838640 1.989745
v -0.047474 2.837351 2.087669
v -0.047474 2.828527 2.176964
v -0.047474 2.814410 2.244947
v -0.047474 2.787059 2.210955
v -0.047474 2.788552 2.127473
v -0.047474 2.790248 2.029197
v -0.047474 2.791742 1.931625
v -0.047474 2.751969 1.882310
v -0.047474 2.765340 1.814503
v -0.047474 2.743350 1.971076
v -0.047474 2.741450 2.069177
v -0.047474 2.747083 2.161465
v -0.047474 2.758757 2.234028
v -0.047474 2.718781 2.184537
v -0.047474 2.741721 2.248646
v -0.047474 2.701678 2.199155
v -0.047474 2.671679 2.126240
v -0.047474 2.654440 2.140859
v -0.047474 2.699981 2.102992
v -0.047474 2.694551 2.011056
v -0.047474 2.703578 1.921762
v -0.047474 2.724278 1.848142
v -0.047474 2.747015 1.792487
v -0.047474 2.706157 1.826303
v -0.047474 2.675955 1.887770
v -0.047474 2.658105 1.866107
v -0.047474 2.654779 1.961742
v -0.047474 2.653082 2.044872
v -0.047474 2.624780 2.068120
v -0.047474 2.607405 2.082914
v -0.047474 2.585008 2.018806
v -0.047474 2.567497 2.033776
v -0.047474 2.613310 1.995557
v -0.047474 2.627223 1.927574
v -0.047474 2.609577 1.906263
v -0.047474 2.585755 1.961565
v -0.047474 2.568380 1.940431
v -0.047474 2.613310 1.995557
v -0.047474 2.585008 2.018806
v -0.047369 2.557385 1.984814
v -0.047474 2.568380 1.940431
v -0.046885 2.540010 1.963679
v -0.046885 2.539739 1.999608
v -0.041777 2.520328 1.977945
v -0.039798 2.511980 1.992739
v -0.046543 2.527997 2.011585
v -0.039560 2.496030 2.011056
v -0.046486 2.512115 2.029021
v -0.047474 2.555688 2.045048
v -0.047474 2.540824 2.061427
v -0.047474 2.567497 2.033776
v -0.047474 2.567497 2.033776
v -0.047474 2.555688 2.045048
v -0.047474 2.607405 2.082914
v -0.047474 2.595935 2.093834
v -0.047474 2.654440 2.140859
v -0.047474 2.643445 2.151426
v -0.047474 2.701678 2.199155
v -0.047474 2.691158 2.209194
v -0.047474 2.741721 2.248646
v -0.047474 2.731608 2.258157
v -0.047474 2.681452 2.219938
v -0.047474 2.723396 2.267315
v -0.047474 2.540824 2.061427
v -0.047474 2.582633 2.108628
v -0.047474 2.514423 2.091368
v -0.046486 2.483610 2.061251
v -0.046486 2.512115 2.029021
v -0.039560 2.466303 2.044519
v -0.039560 2.496030 2.011056
v -0.047474 2.631907 2.164107
v -0.039560 2.421644 2.098765
v -0.046486 2.440105 2.114440
v -0.047474 2.473158 2.142268
v -0.047474 2.559421 2.135223
v -0.047474 2.612428 2.186827
v -0.047474 2.665638 2.238607
v -0.047474 2.710772 2.282638
v -0.046486 2.751834 2.299369
v -0.046486 2.741314 2.312402
v -0.039560 2.758078 2.328782
v -0.046486 2.716066 2.347099
v -0.039560 2.734052 2.362245
v -0.047474 2.683352 2.319623
v -0.047474 2.635029 2.278763
v -0.047474 2.578017 2.230681
v -0.047474 2.521278 2.182952
v -0.046486 2.751834 2.299369
v -0.039798 2.774163 2.310289
v -0.046543 2.759028 2.291444
v -0.046885 2.769005 2.282637
v -0.047474 2.731608 2.258157
v -0.047474 2.723396 2.267315
v -0.047474 2.897552 2.378624
v -0.047474 2.848549 2.293909
v -0.046486 2.866196 2.395885
v -0.046543 2.819297 2.315044
v -0.046885 2.803008 2.290211
v -0.046885 2.803008 2.290211
v -0.047474 2.814410 2.244947
v -0.047369 2.786108 2.268195
v -0.047474 2.787059 2.210955
v -0.047474 2.758757 2.234028
v -0.046885 2.769005 2.282637
v 0.046486 2.284613 1.124277
v 0.039798 2.210363 1.143651
v 0.046544 2.228348 1.160558
v 0.046885 2.201879 1.179403
v 0.047474 2.260044 1.190147
v 0.047474 2.234796 1.208992
v 0.047474 2.314340 1.154922
v 0.038885 3.429452 0.751248
v 0.045532 3.384997 0.756708
v 0.039560 3.460130 0.789995
v 0.046486 3.414249 0.795983
v 0.046486 3.291676 0.769037
v 0.047474 3.319435 0.808488
v 0.039560 3.276269 0.747197
v 0.039560 2.219322 1.753917
v 0.046486 2.200793 1.738594
v 0.039798 2.238326 1.729259
v 0.046544 2.220068 1.713056
v 0.046885 2.234321 1.695444
v 0.047474 2.187491 1.684524
v 0.047474 2.201675 1.666384
v 0.047474 2.167401 1.711295
v 0.047474 2.201675 1.666384
v 0.046885 2.234321 1.695444
v 0.047474 2.218168 1.646834
v 0.047369 2.250678 1.675894
v 0.047474 2.242534 1.618654
v 0.047474 2.274976 1.647714
v 0.046885 2.270496 1.693683
v 0.047474 2.395853 1.442355
v 0.047474 2.420897 1.413823
v 0.047369 2.453543 1.443059
v 0.047474 2.449131 1.490436
v 0.046885 2.474379 1.462257
v 0.046885 2.472682 1.424038
v 0.047474 2.440172 1.394626
v 0.039560 2.551480 1.510867
v 0.046486 2.537024 1.526013
v 0.046544 2.492636 1.480926
v 0.047474 2.511504 1.552608
v 0.047474 2.467660 1.508401
v 0.046885 2.474379 1.462257
v 0.047474 2.449131 1.490436
v 0.038885 1.818139 2.479367
v 0.045532 1.828388 2.454181
v 0.039560 1.876644 2.406804
v 0.046486 1.847935 2.403810
v 0.046486 1.774227 2.453125
v 0.047474 1.796217 2.398174
v 0.047474 2.654440 2.140859
v 0.047474 2.624780 2.068120
v 0.047474 2.585008 2.018806
v 0.046885 2.540010 1.963679
v 0.046885 2.539739 1.999608
v 0.047369 2.557385 1.984814
v 0.047474 2.585008 2.018806
v 0.047474 2.585755 1.961565
v 0.047474 2.613310 1.995557
v 0.047474 2.568380 1.940431
v -0.039560 3.041912 2.740910
v -0.046486 3.063359 2.738444
v -0.045532 3.115416 2.828619
v -0.038885 3.132044 2.856622
v -0.046486 3.156274 2.827738
v -0.039560 3.173445 2.857327
v -0.047474 3.102317 2.734041
v -0.039560 1.598714 1.164609
v -0.038885 1.578828 1.194374
v -0.046486 1.623351 1.178875
v -0.045532 1.602379 1.208464
v -0.047474 1.683688 1.213395
v -0.046486 1.661969 1.242632
v -0.038885 1.591520 1.224491
v -0.039560 1.650092 1.258659
v -0.046486 1.765404 1.301809
v -0.039560 1.753052 1.317484
v -0.046486 1.867821 1.360282
v -0.039560 1.854993 1.375605
v -0.035605 1.573263 1.209873
v -0.047474 1.891032 1.332278
v -0.047474 1.787869 1.273101
v -0.047474 1.683688 1.213395
v -0.047474 1.821126 1.230655
v -0.047474 1.715791 1.170069
v -0.046486 1.623351 1.178875
v -0.046486 1.654775 1.134844
v -0.039560 1.598714 1.164609
v -0.039560 1.629867 1.120578
v -0.046486 1.691697 1.083240
v -0.039560 1.666449 1.068622
v -0.047474 1.753527 1.118993
v -0.047474 1.860287 1.180812
v -0.047474 1.965961 1.241927
v -0.047474 1.925510 1.290713
v -0.047474 1.984626 1.325057
v -0.047474 1.949537 1.366094
v -0.047474 2.013471 1.343726
v -0.047474 1.978178 1.384587
v -0.047474 2.055007 1.295821
v -0.047474 2.025891 1.276799
v -0.047474 2.066817 1.228894
v -0.047474 2.006140 1.193493
v -0.047474 2.101499 1.188386
v -0.047474 2.131226 1.207759
v -0.047474 2.096205 1.248091
v -0.047474 1.899041 1.131322
v -0.047474 2.040212 1.152281
v -0.047474 1.932026 1.089229
v -0.046486 2.063898 1.123749
v -0.046486 1.954830 1.060168
v -0.039560 2.077269 1.107721
v -0.039560 1.967794 1.043613
v -0.046486 1.844745 0.995707
v -0.039560 1.857233 0.978799
v -0.047474 1.790923 1.068446
v -0.046486 1.728347 1.032165
v -0.047474 1.822687 1.025472
v -0.046486 1.759431 0.988662
v -0.039560 1.702760 1.017194
v -0.039560 1.733573 0.973516
v -0.039560 1.702760 1.017194
v -0.022748 1.694276 1.012263
v -0.022748 1.658033 1.063867
v -0.039560 1.629867 1.120578
v -0.022748 1.621586 1.115823
v -0.039560 1.598714 1.164609
v -0.022748 1.590502 1.160030
v -0.038885 1.578828 1.194374
v -0.022620 1.570751 1.190323
v -0.022235 1.567358 1.210753
v -0.038885 1.591520 1.224491
v -0.022620 1.586837 1.230127
v -0.039560 1.650092 1.258659
v -0.022748 1.645545 1.264823
v -0.039560 1.753052 1.317484
v -0.022748 1.748369 1.323472
v -0.039560 1.854993 1.375605
v -0.022748 1.850174 1.381593
v -0.039798 1.912140 1.409420
v -0.022806 1.906507 1.414704
v -0.041777 1.936370 1.432668
v -0.046885 1.953812 1.412766
v -0.046543 1.925714 1.393921
v -0.047474 1.978178 1.384587
v -0.047474 1.949537 1.366094
v -0.046486 1.867821 1.360282
v -0.047474 1.891032 1.332278
v -0.039560 1.854993 1.375605
v 0.000001 1.905624 1.415408
v -0.022986 1.924628 1.432845
v 0.000001 1.849496 1.382297
v 0.000001 1.747690 1.324353
v 0.000001 1.644934 1.265704
v 0.000001 1.586090 1.230831
v 0.000001 1.566136 1.210753
v 0.000001 1.569530 1.189795
v 0.000001 1.589348 1.159325
v 0.000001 1.620365 1.115119
v 0.000001 1.656879 1.063162
v 0.000001 1.693054 1.011558
v 0.000001 1.723731 0.967880
v -0.022748 1.725021 0.968584
v 0.000001 1.746332 0.938291
v -0.022620 1.747418 0.938996
v -0.039560 1.733573 0.973516
v -0.038885 1.755427 0.944279
v -0.022235 1.767508 0.927195
v -0.035605 1.769408 0.932831
v -0.022620 1.797439 0.935825
v 0.000001 1.797914 0.934945
v 0.000001 1.862730 0.971402
v -0.022748 1.861984 0.972459
v 0.000001 1.973495 1.036392
v -0.022748 1.972748 1.037272
v 0.000001 2.083174 1.100500
v -0.022748 2.082427 1.101381
v 0.000001 2.145207 1.135725
v -0.022806 2.144596 1.136782
v 0.000001 2.175002 1.145236
v -0.022986 2.175138 1.146469
v 0.000001 2.203237 1.135901
v -0.022806 2.204051 1.136958
v 0.000001 2.260994 1.099796
v -0.022748 2.261877 1.100853
v -0.000001 2.367212 1.031812
v -0.022748 2.368026 1.032693
v -0.000001 2.493451 0.955023
v -0.022748 2.494129 0.956255
v -0.022748 2.608627 0.895493
v -0.000001 2.607948 0.894436
v -0.022748 2.715116 0.850582
v -0.000001 2.714437 0.849525
v -0.022748 2.827102 0.815533
v -0.000001 2.826355 0.814476
v -0.022748 2.961010 0.786297
v -0.000001 2.960264 0.785064
v 0.000001 1.767101 0.926139
v -0.039560 2.966101 0.794398
v -0.039560 2.831853 0.823635
v -0.039560 2.719799 0.858507
v -0.039560 2.613242 0.903419
v -0.039560 2.499016 0.963829
v -0.039560 2.499016 0.963829
v -0.039560 2.373591 1.039738
v -0.039560 2.268121 1.107193
v -0.039798 2.210363 1.143651
v -0.041777 2.176496 1.157916
v -0.039798 2.139845 1.143474
v -0.039560 2.077269 1.107721
v -0.039560 1.967794 1.043613
v -0.039560 1.857233 0.978799
v -0.038885 1.793434 0.942518
v -0.038885 1.755427 0.944279
v -0.045532 1.781082 0.958721
v -0.039560 1.733573 0.973516
v -0.046486 1.759431 0.988662
v -0.046486 1.844745 0.995707
v -0.047474 1.822687 1.025472
v -0.046486 2.063898 1.123749
v -0.046543 2.125728 1.160030
v -0.046885 2.156202 1.179051
v -0.047474 2.101499 1.188386
v -0.047474 2.131226 1.207759
v -0.047474 2.040212 1.152281
v -0.039560 2.268121 1.107193
v -0.046486 2.284613 1.124277
v -0.046543 2.228348 1.160558
v -0.046885 2.201879 1.179403
v -0.047369 2.181518 1.199305
v -0.046885 2.156202 1.179051
v -0.047474 2.156270 1.228013
v -0.047474 2.131226 1.207759
v -0.047474 2.314340 1.154922
v -0.047474 2.260044 1.190147
v -0.047474 2.234796 1.208992
v -0.047474 2.306400 1.233297
v -0.047474 2.358185 1.200186
v -0.047474 2.314340 1.154922
v -0.047474 2.453339 1.140832
v -0.047474 2.414517 1.091694
v -0.046486 2.284613 1.124277
v -0.046486 2.388184 1.058231
v -0.039560 2.268121 1.107193
v -0.039560 2.373591 1.039738
v -0.046486 2.511844 0.983731
v -0.039560 2.499016 0.963829
v -0.047474 2.189459 1.257426
v -0.047474 2.214707 1.228894
v -0.047474 2.234796 1.208992
v -0.047474 2.534987 1.019836
v -0.047474 2.569058 1.072849
v -0.047474 2.609238 1.135549
v -0.047474 2.499152 1.198777
v -0.047474 2.649417 1.198072
v -0.047474 2.544964 1.256721
v -0.047474 2.683420 1.251085
v -0.047474 2.583719 1.305860
v -0.047474 2.461619 1.306916
v -0.047474 2.409970 1.253551
v -0.047474 2.361171 1.284373
v -0.047474 2.281898 1.251614
v -0.047474 2.337552 1.301809
v -0.047474 2.415875 1.335272
v -0.047474 2.505396 1.352180
v -0.047474 2.393070 1.352180
v -0.047474 2.462230 1.378598
v -0.047474 2.440172 1.394626
v -0.047474 2.420897 1.413823
v -0.047474 2.393070 1.352180
v -0.047474 2.373659 1.371377
v -0.047474 2.337552 1.301809
v -0.047474 2.317870 1.321358
v -0.047474 2.281898 1.251614
v -0.047474 2.395853 1.442355
v -0.047474 2.348547 1.399909
v -0.047474 2.360832 1.482511
v -0.047474 2.393342 1.511747
v -0.047474 2.352077 1.559301
v -0.047474 2.372370 1.577617
v -0.047474 2.330426 1.625171
v -0.047474 2.310404 1.607030
v -0.047474 2.294862 1.665679
v -0.047474 2.274976 1.647714
v -0.047474 2.277894 1.577970
v -0.047474 2.242534 1.618654
v -0.047474 2.428431 1.471591
v -0.047474 2.413907 1.530416
v -0.047474 2.449131 1.490436
v -0.047474 2.319566 1.530064
v -0.047474 2.313526 1.440242
v -0.047474 2.292690 1.349891
v -0.047474 2.262012 1.271340
v -0.047474 2.214707 1.228894
v -0.047474 2.236832 1.299872
v -0.047474 2.189459 1.257426
v -0.047474 2.257668 1.390223
v -0.047474 2.272193 1.487619
v -0.047474 2.230588 1.535524
v -0.047474 2.195228 1.576385
v -0.047474 2.218168 1.646834
v -0.047474 2.170794 1.604388
v -0.047474 2.201675 1.666384
v -0.047474 2.154234 1.624114
v -0.047474 2.114937 1.554545
v -0.047474 2.098173 1.574271
v -0.047474 2.139302 1.526366
v -0.047474 2.174731 1.485505
v -0.047474 2.216336 1.437600
v -0.047474 2.201743 1.340204
v -0.047474 2.154438 1.297758
v -0.047474 2.156270 1.228013
v -0.047474 2.160478 1.387581
v -0.047474 2.118806 1.435486
v -0.047474 2.083445 1.476347
v -0.047474 2.059012 1.504526
v -0.047474 2.042112 1.524428
v -0.047474 2.011570 1.462081
v -0.047474 2.036072 1.433901
v -0.047474 2.071432 1.393041
v -0.047474 2.113105 1.345135
v -0.047474 2.121249 1.268346
v -0.047474 2.096205 1.248091
v -0.047474 2.079984 1.315899
v -0.047474 2.038311 1.363804
v -0.047474 2.002951 1.404489
v -0.047474 2.013471 1.343726
v -0.047474 1.978178 1.384587
v -0.047474 2.055007 1.295821
v -0.047474 2.036072 1.433901
v -0.047474 2.011570 1.462081
v -0.047369 1.978449 1.432845
v -0.047474 1.978178 1.384587
v -0.046885 1.953812 1.412766
v -0.046885 1.961550 1.452922
v -0.047474 1.994603 1.482159
v -0.046885 1.961550 1.452922
v -0.046543 1.945940 1.473705
v -0.047474 1.978653 1.502237
v -0.046486 1.919674 1.508225
v -0.047474 1.953066 1.535524
v -0.039560 1.901213 1.492902
v -0.039798 1.927139 1.457854
v -0.039560 1.901213 1.492902
v -0.046486 1.919674 1.508225
v -0.039560 1.855197 1.553136
v -0.046486 1.874608 1.567226
v -0.039560 1.797099 1.632920
v -0.046486 1.817325 1.645777
v -0.047474 1.909629 1.592588
v -0.047474 1.853907 1.669378
v -0.047474 1.961210 1.630102
v -0.047474 2.002204 1.575856
v -0.047474 2.026570 1.543978
v -0.047474 1.978653 1.502237
v -0.047474 1.994603 1.482159
v -0.047474 2.098173 1.574271
v -0.047474 2.083106 1.593469
v -0.047474 2.154234 1.624114
v -0.047474 2.139574 1.642783
v -0.047474 2.201675 1.666384
v -0.047474 2.187491 1.684524
v -0.047474 2.118263 1.670963
v -0.047474 2.060233 1.623409
v -0.047474 2.022090 1.674309
v -0.047474 1.907796 1.704074
v -0.047474 1.971459 1.744934
v -0.047474 2.082970 1.718516
v -0.047474 2.167401 1.711295
v -0.047474 2.035257 1.785971
v -0.047474 2.134552 1.755854
v -0.047474 2.089282 1.820667
v -0.046486 2.169573 1.781392
v -0.046486 2.126068 1.844444
v -0.039560 2.189052 1.795482
v -0.039560 2.146497 1.857477
v -0.022748 2.154234 1.862408
v -0.022748 2.196382 1.800765
v 0.000001 2.155320 1.863113
v -0.046486 2.200793 1.738594
v -0.039560 2.219322 1.753917
v -0.039560 2.219322 1.753917
v -0.022748 2.226380 1.759552
v -0.039798 2.238326 1.729259
v -0.022806 2.244637 1.735600
v -0.041777 2.254954 1.714817
v -0.022986 2.255836 1.725209
v 0.000001 2.245452 1.736480
v 0.000001 2.255972 1.726441
v -0.022806 2.268460 1.729964
v -0.000001 2.267849 1.730844
v -0.022748 2.306807 1.767126
v -0.000001 2.306060 1.768006
v -0.022748 2.386147 1.846381
v 0.000001 2.385401 1.847262
v -0.022748 2.465692 1.925812
v -0.000001 2.464877 1.926517
v -0.022806 2.503496 1.964207
v 0.000001 2.502613 1.964912
v -0.022986 2.510622 1.976360
v -0.000001 2.509468 1.976184
v -0.022806 2.505735 1.986047
v 0.000001 2.504785 1.985166
v -0.022748 2.489922 2.004011
v 0.000001 2.489039 2.003130
v -0.022748 2.459719 2.038179
v 0.000001 2.458769 2.037122
v -0.022748 2.414585 2.092953
v 0.000001 2.413567 2.092073
v 0.000001 2.355402 2.169391
v -0.022748 2.356488 2.170095
v 0.000001 2.293369 2.261327
v -0.022748 2.294387 2.262208
v 0.000001 2.236697 2.358195
v -0.022748 2.237715 2.359075
v 0.000001 2.189730 2.449426
v -0.022748 2.190748 2.450307
v -0.039560 2.245045 2.364887
v -0.039560 2.197943 2.456471
v 0.000001 2.227398 1.760433
v 0.000001 2.197468 1.801646
v -0.039560 2.301717 2.268019
v -0.039560 2.363750 2.175907
v -0.039560 2.421644 2.098765
v -0.039560 2.421644 2.098765
v -0.039560 2.466303 2.044519
v -0.039560 2.496030 2.011056
v -0.039798 2.511980 1.992739
v -0.039798 2.509604 1.959980
v -0.039560 2.471257 1.920705
v -0.039560 2.391577 1.841097
v -0.039560 2.312033 1.761666
v -0.039798 2.273007 1.723800
v -0.047474 2.350855 1.720981
v -0.047474 2.311015 1.681178
v -0.046486 2.325811 1.747224
v -0.046543 2.286514 1.708301
v -0.039798 2.273007 1.723800
v -0.046885 2.270496 1.693683
v -0.047474 2.294862 1.665679
v -0.039560 2.219322 1.753917
v -0.046486 2.200793 1.738594
v -0.039798 2.238326 1.729259
v -0.046543 2.220068 1.713056
v -0.046885 2.234321 1.695444
v -0.047369 2.250678 1.675894
v -0.046885 2.270496 1.693683
v -0.047474 2.274976 1.647714
v -0.047474 2.294862 1.665679
v -0.047474 2.167401 1.711295
v -0.047474 2.201675 1.666384
v -0.047474 2.242534 1.618654
v -0.047474 2.218168 1.646834
v -0.047474 2.311015 1.681178
v -0.047474 2.330426 1.625171
v -0.047474 2.347122 1.641374
v -0.047474 2.372370 1.577617
v -0.047474 2.389677 1.594349
v -0.047474 2.387912 1.682234
v -0.047474 2.431553 1.636442
v -0.047474 2.431824 1.547853
v -0.047474 2.474786 1.591179
v -0.047474 2.467660 1.508401
v -0.047474 2.511504 1.552608
v -0.047474 2.350855 1.720981
v -0.047474 2.413907 1.530416
v -0.047474 2.449131 1.490436
v -0.047474 2.449131 1.490436
v -0.047474 2.467660 1.508401
v -0.046885 2.474379 1.462257
v -0.046543 2.492636 1.480926
v -0.041777 2.494672 1.443236
v -0.039798 2.507432 1.465251
v -0.046486 2.537024 1.526013
v -0.039560 2.551480 1.510867
v -0.039560 2.551480 1.510867
v -0.046486 2.624441 1.614603
v -0.039560 2.639372 1.599985
v -0.047474 2.598039 1.640317
v -0.047474 2.511504 1.552608
v -0.047474 2.560032 1.677303
v -0.047474 2.474786 1.591179
v -0.047474 2.515305 1.720805
v -0.047474 2.431553 1.636442
v -0.047474 2.470171 1.764660
v -0.047474 2.387912 1.682234
v -0.047474 2.431756 1.801998
v -0.047474 2.350855 1.720981
v -0.046486 2.405830 1.827360
v -0.046486 2.325811 1.747224
v -0.039560 2.391577 1.841097
v -0.039560 2.312033 1.761666
v -0.046486 2.485985 1.907496
v -0.047474 2.512794 1.883191
v -0.047474 2.552498 1.847438
v -0.047474 2.599193 1.805344
v -0.047474 2.645481 1.763427
v -0.047474 2.684778 1.728026
v -0.046486 2.711994 1.703369
v -0.039560 2.727468 1.689455
v -0.047474 2.747015 1.792487
v -0.047474 2.706157 1.826303
v -0.047474 2.729029 1.772938
v -0.047474 2.688714 1.807282
v -0.047474 2.641340 1.847966
v -0.047474 2.599193 1.805344
v -0.047474 2.593492 1.888827
v -0.047474 2.552498 1.847438
v -0.047474 2.552837 1.923523
v -0.047474 2.512794 1.883191
v -0.047474 2.658105 1.866107
v -0.047474 2.609577 1.906263
v -0.047474 2.568380 1.940431
v -0.047474 2.552837 1.923523
v -0.046885 2.540010 1.963679
v -0.046543 2.525282 1.947123
v -0.047474 2.512794 1.883191
v -0.047474 2.843866 1.808867
v -0.046885 2.816311 1.774347
v -0.047474 2.822283 1.825070
v -0.047369 2.794592 1.790726
v -0.047474 2.793031 1.848671
v -0.047474 2.765340 1.814503
v -0.046885 2.775928 1.768535
v -0.047474 2.747015 1.792487
v -0.041777 2.797239 1.750218
v -0.047474 2.684778 1.728026
v -0.046486 2.711994 1.703369
v -0.047474 2.729029 1.772938
v -0.046543 2.757060 1.748985
v -0.047474 2.747015 1.792487
v -0.046885 2.775928 1.768535
v -0.039798 2.773213 1.734719
v -0.039560 2.727468 1.689455
v -0.022986 2.798189 1.739298
v -0.039798 2.773213 1.734719
v -0.022806 2.778914 1.728907
v -0.039560 2.727468 1.689455
v -0.022748 2.733373 1.683996
v -0.022748 2.645073 1.594525
v -0.022748 2.556978 1.505055
v -0.039798 2.507432 1.465251
v -0.022806 2.513540 1.459791
v -0.000001 2.557792 1.504174
v -0.000001 2.645888 1.593644
v -0.000001 2.734255 1.683291
v -0.000001 2.779661 1.728202
v -0.000001 2.798325 1.738065
v -0.000001 2.816989 1.732782
v -0.022806 2.817600 1.733838
v -0.000001 2.846174 1.717107
v -0.022748 2.846920 1.718163
v -0.000001 2.891918 1.692097
v -0.022748 2.892529 1.693154
v -0.000001 2.958907 1.658986
v -0.022748 2.959450 1.660043
v -0.039560 2.896941 1.701256
v -0.039560 2.963115 1.668497
v -0.039798 2.822690 1.741588
v -0.047474 2.843866 1.808867
v -0.046885 2.816311 1.774347
v -0.046543 2.837690 1.761490
v -0.039798 2.822690 1.741588
v -0.046486 2.865788 1.745639
v -0.039560 2.852078 1.725737
v -0.047474 2.890290 1.781039
v -0.039560 2.136452 2.596313
v -0.038885 2.118942 2.641224
v -0.046486 2.153827 2.617095
v -0.045532 2.135095 2.663416
v -0.047474 2.184844 2.654433
v -0.046486 2.165026 2.703043
v -0.038885 2.124371 2.690891
v -0.039560 2.153284 2.731927
v -0.035605 2.112901 2.667290
v -0.022620 2.112494 2.633651
v -0.022235 2.107811 2.668171
v -0.038885 2.124371 2.690891
v -0.022620 2.119756 2.700754
v -0.039560 2.153284 2.731927
v -0.022748 2.148737 2.743199
v -0.039560 2.198146 2.788463
v -0.022748 2.193463 2.800087
v -0.039560 2.259434 2.837601
v -0.022748 2.254818 2.849401
v -0.039560 2.334363 2.859088
v -0.022748 2.330087 2.870008
v -0.039560 2.404880 2.862435
v -0.022748 2.401147 2.872650
v -0.038885 2.453068 2.861906
v -0.022620 2.450353 2.871065
v -0.035605 2.476280 2.857855
v 0.000001 2.400604 2.874059
v 0.000001 2.329476 2.871593
v 0.000001 2.254140 2.850987
v 0.000001 2.192852 2.801848
v 0.000001 2.148058 2.744784
v 0.000001 2.119009 2.701987
v 0.000001 2.106725 2.668523
v 0.000001 2.111544 2.632594
v 0.000001 2.128851 2.587154
v -0.022748 2.129801 2.588387
v 0.000001 2.154438 2.526392
v -0.022748 2.155388 2.527449
v -0.022748 2.190748 2.450307
v -0.039560 2.162311 2.534494
v -0.039560 2.136452 2.596313
v -0.039560 2.197943 2.456471
v -0.046486 2.216947 2.473027
v -0.046486 2.180568 2.552987
v -0.047474 2.250950 2.502263
v -0.047474 2.213146 2.586098
v -0.047474 2.300766 2.544357
v -0.047474 2.261334 2.633122
v -0.047474 2.361171 2.591910
v -0.039560 2.136452 2.596313
v -0.046486 2.153827 2.617095
v -0.047474 2.231199 2.706566
v -0.047474 2.322078 2.681204
v -0.047474 2.424427 2.636117
v -0.047474 2.389270 2.717838
v -0.047474 2.479537 2.671870
v -0.047474 2.449674 2.742847
v -0.046486 2.517273 2.695822
v -0.046486 2.491076 2.758874
v -0.039560 2.538177 2.709032
v -0.039560 2.514016 2.767680
v -0.046486 2.474447 2.803962
v -0.039560 2.499424 2.808013
v -0.046486 2.165026 2.703043
v -0.047474 2.429178 2.796565
v -0.047474 2.363479 2.783355
v -0.047474 2.292147 2.755176
v -0.046486 2.210363 2.758346
v -0.039560 2.153284 2.731927
v -0.039560 2.198146 2.788463
v -0.046486 2.271446 2.807308
v -0.046486 2.345222 2.830556
v -0.046486 2.414314 2.836897
v -0.039560 2.334363 2.859088
v -0.039560 2.404880 2.862435
v -0.039560 2.259434 2.837601
v -0.047474 2.429178 2.796565
v -0.046486 2.474447 2.803962
v -0.046486 2.414314 2.836897
v -0.045532 2.461755 2.839186
v -0.038885 2.453068 2.861906
v -0.038885 2.487343 2.839891
v -0.039560 2.499424 2.808013
v -0.022748 2.546118 2.713963
v 0.000001 2.523925 2.771379
v -0.022748 2.522703 2.771027
v 0.000001 2.510215 2.809774
v -0.022748 2.508857 2.809598
v 0.000001 2.497998 2.841124
v -0.022620 2.496641 2.840948
v 0.000001 2.480216 2.863139
v -0.022235 2.479537 2.862258
v -0.038885 2.487343 2.839891
v 0.000001 2.450082 2.872298
v -0.039560 2.514016 2.767680
v -0.039560 3.376785 1.158797
v -0.046486 3.380586 1.132731
v -0.038885 3.441669 1.153865
v -0.045532 3.449746 1.127799
v -0.035605 3.471668 1.147349
v -0.038885 3.485106 1.124629
v -0.046486 3.463659 1.079189
v -0.039560 3.502549 1.076019
v -0.047474 3.387237 1.085706
v -0.038885 3.485106 1.124629
v -0.022235 3.476283 1.151752
v -0.022620 3.439633 1.163728
v -0.038885 3.441669 1.153865
v -0.022748 3.375360 1.168836
v -0.039560 3.376785 1.158797
v -0.022748 3.278034 1.175000
v -0.039560 3.276947 1.165666
v -0.022748 3.162789 1.186096
v -0.039560 3.159328 1.177114
v -0.000001 3.163197 1.187329
v -0.000001 3.278101 1.176409
v -0.000001 3.375156 1.170245
v -0.000001 3.439497 1.165137
v -0.000001 3.477166 1.152809
v -0.022620 3.497798 1.124453
v -0.000001 3.499631 1.124453
v -0.022748 3.516870 1.074786
v -0.000001 3.518906 1.074610
v -0.022748 3.538860 1.002576
v -0.000001 3.541032 1.002400
v -0.022748 3.544425 0.921559
v -0.039560 3.527933 0.923320
v -0.039560 3.523385 1.004161
v -0.039560 3.502549 1.076019
v -0.000001 3.546801 0.921207
v -0.022748 3.517073 0.847235
v -0.000001 3.519449 0.846883
v -0.022748 3.476690 0.787882
v -0.000001 3.479066 0.787706
v -0.022620 3.444791 0.748606
v -0.000001 3.446895 0.748254
v -0.022235 3.413231 0.729409
v -0.000001 3.414182 0.728352
v -0.022620 3.363550 0.727472
v -0.000001 3.363008 0.726239
v -0.022748 3.270432 0.738920
v -0.000001 3.269550 0.737687
v -0.022748 3.122678 0.759878
v -0.000001 3.121864 0.758645
v -0.022748 2.961010 0.786297
v -0.039560 3.500377 0.849349
v -0.039560 3.460130 0.789995
v -0.039560 3.128108 0.767980
v -0.039560 3.276269 0.747197
v -0.038885 3.368437 0.735573
v -0.035605 3.408413 0.734340
v -0.038885 3.429452 0.751248
v -0.045532 3.384997 0.756708
v -0.039560 3.460130 0.789995
v -0.046486 3.414249 0.795983
v -0.046486 3.291676 0.769037
v -0.047474 3.319435 0.808488
v -0.039560 3.276269 0.747197
v -0.039560 3.276269 0.747197
v -0.039560 3.128108 0.767980
v -0.046486 3.142360 0.789643
v -0.039560 2.966101 0.794398
v -0.046486 2.979132 0.815709
v -0.047474 3.167948 0.828742
v -0.047474 3.002615 0.854456
v -0.047474 3.204055 0.886863
v -0.047474 3.036551 0.911872
v -0.047474 3.238126 0.957488
v -0.047474 3.073879 0.980560
v -0.047474 3.258351 1.031636
v -0.047474 3.107000 1.051186
v -0.047474 3.268192 1.096273
v -0.047474 3.132723 1.111948
v -0.046486 3.273826 1.140832
v -0.046486 3.149894 1.153866
v -0.039560 3.276947 1.165666
v -0.039560 3.159328 1.177114
v -0.047474 3.319435 0.808488
v -0.039560 3.376785 1.158797
v -0.046486 3.380586 1.132731
v -0.047474 3.387237 1.085706
v -0.047474 3.394499 1.017194
v -0.047474 3.388187 0.939524
v -0.047474 3.357849 0.867137
v -0.046486 3.453954 0.855161
v -0.046486 3.414249 0.795983
v -0.039560 3.500377 0.849349
v -0.046486 3.463659 1.079189
v -0.046486 3.480695 1.008388
v -0.039560 3.502549 1.076019
v -0.039560 3.523385 1.004161
v -0.046486 3.482256 0.928604
v -0.039560 3.527933 0.923320
v -0.039560 1.499759 2.202678
v -0.038885 1.479737 2.254810
v -0.046486 1.514962 2.223460
v -0.045532 1.493176 2.277178
v -0.047474 1.542382 2.260622
v -0.046486 1.518423 2.318038
v -0.038885 1.482791 2.303949
v -0.039560 1.506614 2.346218
v -0.035605 1.473493 2.280524
v -0.022235 1.469217 2.281053
v -0.022620 1.474375 2.247237
v -0.038885 1.479737 2.254810
v -0.022748 1.494058 2.194928
v -0.039560 1.499759 2.202678
v -0.022748 1.526636 2.114088
v -0.039560 1.533151 2.120605
v -0.022748 1.568648 2.015987
v -0.039560 1.575842 2.021271
v 0.000001 1.567629 2.015283
v 0.000001 1.525753 2.113207
v 0.000001 1.493176 2.193872
v 0.000001 1.473629 2.246180
v 0.000001 1.468335 2.281053
v -0.022620 1.478583 2.312931
v 0.000001 1.477973 2.314164
v -0.022748 1.502270 2.356609
v 0.000001 1.501659 2.358018
v -0.022748 1.540413 2.415963
v 0.000001 1.539803 2.417372
v -0.022748 1.599054 2.467215
v 0.000001 1.598375 2.468800
v -0.022748 1.679548 2.488349
v 0.000001 1.678869 2.489934
v -0.022748 1.759228 2.490463
v 0.000001 1.758685 2.491872
v -0.022620 1.815289 2.488525
v 0.000001 1.814950 2.489758
v -0.022235 1.848545 2.479191
v 0.000001 1.849360 2.480248
v -0.022620 1.868635 2.455062
v 0.000001 1.870128 2.455414
v -0.022748 1.887503 2.408037
v 0.000001 1.889064 2.408213
v -0.022748 1.914991 2.334242
v 0.000001 1.916416 2.334770
v -0.022748 1.951573 2.242658
v 0.000001 1.952862 2.243186
v -0.039560 1.506614 2.346218
v -0.039560 1.942546 2.238255
v -0.039560 1.905014 2.331424
v -0.039560 1.876644 2.406804
v -0.038885 1.857844 2.454358
v -0.035605 1.844677 2.474788
v -0.038885 1.818139 2.479367
v -0.039560 1.763232 2.480424
v -0.039560 1.684027 2.477782
v -0.039560 1.603804 2.456295
v -0.039560 1.545097 2.405043
v -0.046486 1.518423 2.318038
v -0.046486 1.557992 2.375102
v -0.039560 1.545097 2.405043
v -0.047474 1.584665 2.313283
v -0.047474 1.542382 2.260622
v -0.047474 1.628374 2.212893
v -0.047474 1.581339 2.168510
v -0.046486 1.514962 2.223460
v -0.046486 1.550323 2.137688
v -0.039560 1.499759 2.202678
v -0.039560 1.533151 2.120605
v -0.046486 1.594913 2.035009
v -0.039560 1.575842 2.021271
v -0.047474 1.629527 2.060018
v -0.047474 1.681109 2.096476
v -0.047474 1.745314 2.137512
v -0.047474 1.690679 2.257452
v -0.047474 1.645002 2.361541
v -0.046486 1.617107 2.425650
v -0.046486 1.696448 2.448370
v -0.046486 1.774227 2.453125
v -0.039560 1.763232 2.480424
v -0.047474 1.796217 2.398174
v -0.047474 1.722035 2.387607
v -0.047474 1.763911 2.289683
v -0.047474 1.814746 2.175555
v -0.047474 1.876372 2.206024
v -0.047474 1.831714 2.310641
v -0.046486 1.878816 2.324027
v -0.046486 1.847935 2.403810
v -0.039560 1.905014 2.331424
v -0.039560 1.876644 2.406804
v -0.039560 1.942546 2.238255
v -0.046486 1.918859 2.226631
v -0.039560 1.987273 2.138217
v -0.046486 1.965011 2.125184
v -0.047474 1.876372 2.206024
v -0.047474 1.925171 2.101759
v -0.047474 1.814746 2.175555
v -0.047474 1.866938 2.067415
v -0.047474 1.799747 2.027436
v -0.047474 1.734659 1.987808
v -0.047474 1.680702 1.954345
v -0.046486 1.594913 2.035009
v -0.046486 1.644323 1.931977
v -0.039560 1.575842 2.021271
v -0.039560 1.624233 1.919472
v -0.046486 1.698280 1.831763
v -0.047474 1.735270 1.854131
v -0.047474 1.789973 1.887242
v -0.047474 1.855197 1.926693
v -0.047474 1.921370 1.966673
v -0.047474 1.978042 2.001017
v -0.046486 2.016796 2.024265
v -0.039560 2.038311 2.037298
v -0.039560 2.093829 1.940783
v -0.046486 2.072789 1.927926
v -0.047474 2.034850 1.904854
v -0.047474 1.979264 1.871038
v -0.047474 1.913905 1.831059
v -0.047474 1.848885 1.791607
v -0.047474 1.794113 1.758144
v -0.046486 1.756920 1.735600
v -0.039560 1.677783 1.819434
v -0.039560 1.736355 1.722919
v -0.046486 1.817325 1.645777
v -0.039560 1.797099 1.632920
v -0.039560 2.146497 1.857477
v -0.046486 2.126068 1.844444
v -0.047474 1.907796 1.704074
v -0.047474 1.971459 1.744934
v -0.047474 2.035257 1.785971
v -0.047474 2.089282 1.820667
v -0.039560 1.575842 2.021271
v -0.022748 1.568648 2.015987
v -0.022748 1.616632 1.914717
v -0.039560 1.677783 1.819434
v -0.022748 1.670046 1.814679
v -0.039560 1.736355 1.722919
v -0.022748 1.728550 1.718340
v 0.000001 1.668960 1.814151
v 0.000001 1.727464 1.717635
v -0.022748 1.789362 1.627989
v 0.000001 1.788276 1.627284
v 0.000001 1.615546 1.914012
v -0.039560 1.797099 1.632920
v 0.000001 1.846781 1.547148
v -0.022748 1.789362 1.627989
v -0.022748 1.847867 1.547853
v -0.039560 1.855197 1.553136
v -0.022748 1.894154 1.487266
v -0.039560 1.901213 1.492902
v -0.022806 1.919742 1.452394
v -0.039798 1.927139 1.457854
v 0.000001 1.893204 1.486386
v 0.000001 1.918656 1.451690
v 0.000001 1.923271 1.432845
v -0.039560 3.372713 2.735097
v -0.039560 3.341289 2.788815
v -0.046486 3.354592 2.704276
v -0.046486 3.322693 2.756937
v -0.047474 3.297716 2.606880
v -0.047474 3.264392 2.656547
v -0.046486 3.276337 2.802905
v -0.047474 3.217697 2.701634
v -0.046486 3.215389 2.823511
v -0.047474 3.158718 2.725235
v -0.046486 3.156274 2.827738
v -0.047474 3.102317 2.734041
v -0.039560 3.295002 2.835135
v -0.039560 3.173445 2.857327
v -0.046486 3.354592 2.704276
v -0.046486 3.319910 2.570951
v -0.045532 3.375496 2.665881
v -0.039560 3.332534 2.550344
v -0.038885 3.386830 2.644218
v -0.038885 3.392531 2.695822
v -0.039560 3.372713 2.735097
v -0.039560 3.123425 2.195457
v -0.039560 3.226860 2.371051
v -0.046486 3.108357 2.210779
v -0.046486 3.213014 2.389016
v -0.047474 3.081820 2.237902
v -0.047474 3.188716 2.420542
v -0.047474 3.043134 2.276297
v -0.047474 3.152745 2.464572
v -0.047474 3.297716 2.606880
v -0.047474 3.264392 2.656547
v -0.047474 3.105507 2.507723
v -0.047474 3.217697 2.701634
v -0.046486 3.319910 2.570951
v -0.047474 2.995353 2.317334
v -0.047474 2.943500 2.352206
v -0.047474 3.050057 2.536959
v -0.047474 2.897552 2.378624
v -0.047474 2.998815 2.554395
v -0.046486 2.866196 2.395885
v -0.046486 2.963658 2.565315
v -0.039560 2.849024 2.405571
v -0.039560 2.944314 2.571127
v -0.046486 3.063359 2.738444
v -0.039560 3.041912 2.740910
v -0.047474 3.158718 2.725235
v -0.047474 3.102317 2.734041
v -0.047474 2.831582 2.267315
v -0.047474 2.873458 2.234204
v -0.047474 2.848549 2.293909
v -0.047474 2.891511 2.262736
v -0.047474 2.897552 2.378624
v -0.047474 2.941396 2.224517
v -0.047474 2.989516 2.184361
v -0.047474 3.043134 2.276297
v -0.047474 3.029763 2.149312
v -0.047474 3.081820 2.237902
v -0.047474 2.922528 2.194752
v -0.047474 2.970852 2.155124
v -0.047474 3.011710 2.120957
v -0.039560 2.551752 1.399909
v -0.039560 2.624644 1.357640
v -0.046486 2.535191 1.382825
v -0.046486 2.610052 1.339147
v -0.046486 2.706564 1.287191
v -0.039560 2.719324 1.307269
v -0.047474 2.649417 1.198072
v -0.047474 2.787873 1.202475
v -0.047474 2.755634 1.147173
v -0.047474 2.609238 1.135549
v -0.047474 2.717559 1.081831
v -0.047474 2.679484 1.016666
v -0.047474 2.534987 1.019836
v -0.047474 2.647245 0.961539
v -0.046486 2.511844 0.983731
v -0.046486 2.625391 0.924025
v -0.039560 2.499016 0.963829
v -0.039560 2.613242 0.903419
v -0.046486 2.732015 0.879642
v -0.039560 2.719799 0.858507
v -0.047474 2.753938 0.917508
v -0.047474 2.786244 0.973516
v -0.047474 2.824387 1.039914
v -0.047474 2.862734 1.106488
v -0.047474 2.895244 1.163200
v -0.046486 2.917370 1.201947
v -0.046486 2.809795 1.240166
v -0.039560 2.929586 1.223610
v -0.039560 2.821944 1.261124
v -0.046486 2.706564 1.287191
v -0.039560 2.719324 1.307269
v -0.039560 3.042184 1.195959
v -0.046486 3.030170 1.173591
v -0.039560 3.159328 1.177114
v -0.046486 3.149894 1.153866
v -0.047474 3.008316 1.133611
v -0.047474 3.132723 1.111948
v -0.047474 2.976078 1.075315
v -0.047474 3.107000 1.051186
v -0.047474 2.937934 1.007155
v -0.047474 3.073879 0.980560
v -0.047474 2.899452 0.939876
v -0.047474 2.866671 0.883164
v -0.046486 2.844341 0.844946
v -0.046486 2.979132 0.815709
v -0.047474 3.036551 0.911872
v -0.047474 3.002615 0.854456
v -0.047474 2.505396 1.352180
v -0.047474 2.462230 1.378598
v -0.046486 2.535191 1.382825
v -0.046543 2.493858 1.408011
v -0.039560 2.551752 1.399909
v -0.039798 2.511844 1.424390
v -0.046885 2.472682 1.424038
v -0.047474 2.440172 1.394626
v -0.047474 2.395853 1.442355
v -0.047474 2.420897 1.413823
v -0.047474 2.428431 1.471591
v -0.047369 2.453543 1.443059
v -0.046885 2.474379 1.462257
v -0.046885 2.472682 1.424038
v -0.000001 2.514423 1.459087
v -0.022986 2.505939 1.443412
v -0.039798 2.511844 1.424390
v -0.022806 2.518970 1.430202
v -0.022748 2.557996 1.406426
v -0.000001 2.520056 1.430907
v -0.000001 2.558878 1.407307
v -0.022748 2.630210 1.364685
v -0.000001 2.630956 1.365565
v -0.022748 2.724210 1.314842
v -0.000001 2.724889 1.315899
v -0.000001 2.827170 1.270283
v -0.022748 2.826491 1.269050
v -0.000001 2.934813 1.232945
v -0.022748 2.934202 1.231712
v -0.000001 3.047274 1.205646
v -0.000001 2.507296 1.443412
v -0.039560 2.719324 1.307269
v -0.039560 2.821944 1.261124
v -0.039560 2.929586 1.223610
v -0.022748 3.046663 1.204413
v -0.039560 3.042184 1.195959
v -0.022748 3.162789 1.186096
v -0.039560 3.159328 1.177114
v -0.039560 2.719324 1.307269
v -0.039560 2.624644 1.357640
v -0.047474 3.046256 2.006653
v -0.047474 3.032478 2.014402
v -0.046486 3.070554 2.041701
v -0.046543 3.058744 2.048394
v -0.039798 3.073676 2.067415
v -0.046885 3.043541 2.058961
v -0.046885 3.040690 2.097180
v -0.046543 3.057726 2.124655
v -0.039798 3.074151 2.110565
v -0.046486 3.108357 2.210779
v -0.039560 3.123425 2.195457
v -0.047474 3.016257 2.024970
v -0.047369 3.023316 2.074460
v -0.047474 3.011710 2.120957
v -0.047474 2.994199 2.098061
v -0.047474 2.995896 2.040468
v -0.047474 2.966847 2.064069
v -0.047474 3.081820 2.237902
v -0.047474 3.029763 2.149312
v -0.047474 3.011710 2.120957
v -0.047474 1.796217 2.398174
v -0.046486 1.774227 2.453125
v -0.046486 1.847935 2.403810
v -0.045532 1.828388 2.454181
v -0.038885 1.857844 2.454358
v -0.038885 1.818139 2.479367
v 0.046486 2.972820 1.690512
v 0.039560 3.052704 1.629926
v 0.046486 3.061527 1.652293
v 0.039560 3.156953 1.592412
v 0.046486 3.165640 1.614427
v 0.039560 3.263442 1.562471
v 0.047474 2.990195 1.729964
v 0.047474 3.077341 1.692273
v 0.047474 3.015579 1.787380
v 0.047474 3.100417 1.750746
v 0.047474 3.045509 1.855187
v 0.047474 3.127836 1.819963
v 0.047474 3.075712 1.923523
v 0.047474 3.155595 1.890236
v 0.047474 3.179350 1.950294
v 0.046486 3.118674 2.020743
v 0.046486 3.195367 1.990978
v 0.039560 3.204258 2.013521
v 0.046486 3.298531 1.956458
v 0.039560 3.307489 1.979706
v 0.047474 3.282310 1.914541
v 0.047474 3.258419 1.853074
v 0.047474 3.230728 1.781744
v 0.047474 3.203648 1.712175
v 0.047474 3.181047 1.654055
v 0.046486 3.272197 1.584134
v 0.046486 3.365519 1.563175
v 0.047474 3.287807 1.623057
v 0.047474 3.310679 1.680297
v 0.047474 3.337963 1.749689
v 0.047474 3.365722 1.822252
v 0.047474 3.389477 1.885480
v 0.046486 3.405630 1.928806
v 0.039560 3.414589 1.952935
v 0.039560 3.504246 1.935851
v 0.047474 3.484088 1.865402
v 0.047474 3.464677 1.799708
v 0.047474 3.439430 1.725384
v 0.047474 3.410517 1.656520
v 0.047474 3.383979 1.600865
v -0.039560 2.538177 2.709032
v -0.046486 2.517273 2.695822
v -0.039560 2.577746 2.623788
v -0.046486 2.557996 2.608818
v -0.039560 2.629803 2.525159
v -0.046486 2.610595 2.510189
v -0.039560 2.687085 2.431814
v -0.047474 2.479537 2.671870
v -0.047474 2.522364 2.581695
v -0.047474 2.424427 2.636117
v -0.047474 2.470104 2.541715
v -0.047474 2.361171 2.591910
v -0.047474 2.409088 2.494690
v -0.047474 2.300766 2.544357
v -0.047474 2.349158 2.447665
v -0.047474 2.250950 2.502263
v -0.047474 2.298798 2.407685
v -0.046486 2.216947 2.473027
v -0.046486 2.264320 2.380386
v -0.039560 2.197943 2.456471
v -0.039560 2.245045 2.364887
v -0.046486 2.320992 2.283166
v -0.046486 2.382822 2.191054
v -0.039560 2.363750 2.175907
v -0.046486 2.440105 2.114440
v -0.047474 2.473158 2.142268
v -0.047474 2.416893 2.218001
v -0.047474 2.521278 2.182952
v -0.047474 2.355334 2.310113
v -0.047474 2.405491 2.349565
v -0.047474 2.464877 2.396061
v -0.047474 2.524807 2.443086
v -0.047474 2.575913 2.483066
v -0.046486 2.668353 2.417020
v -0.039560 2.734052 2.362245
v -0.046486 2.716066 2.347099
v -0.047474 2.634418 2.390249
v -0.047474 2.584262 2.350445
v -0.047474 2.525214 2.303772
v -0.047474 2.466574 2.257452
v -0.047474 2.578017 2.230681
v -0.047474 2.635029 2.278763
v -0.047474 2.683352 2.319623
v -0.039560 2.963115 1.668497
v -0.022748 2.959450 1.660043
v -0.039560 3.052704 1.629926
v -0.022748 3.049310 1.621472
v -0.039560 3.156953 1.592412
v -0.022748 3.153695 1.583958
v -0.000001 3.048835 1.620239
v -0.000001 3.153220 1.582725
v -0.022748 3.260048 1.554369
v -0.000001 3.259573 1.553136
v -0.022748 3.351198 1.534291
v -0.039560 3.263442 1.562471
v -0.039560 3.355202 1.542217
v -0.022748 2.154234 1.862408
v -0.039560 2.093829 1.940783
v -0.022748 2.101838 1.945538
v -0.039560 2.038311 2.037298
v -0.022748 2.046524 2.042230
v 0.000001 2.102924 1.946243
v 0.000001 2.047678 2.042934
v -0.022748 1.995757 2.143148
v 0.000001 1.996910 2.143853
v -0.022748 1.951573 2.242658
v -0.039560 1.987273 2.138217
v 0.039560 3.173445 -2.880232
v 0.038885 3.132044 -2.879527
v 0.046486 3.156273 -2.850643
v 0.045532 3.115416 -2.851524
v 0.047474 3.102316 -2.756946
v 0.046486 3.063359 -2.761349
v 0.038885 3.093358 -2.851700
v 0.039560 3.041912 -2.763814
v 0.022621 3.085417 -2.852228
v 0.022748 3.033835 -2.764695
v 0.039560 2.944314 -2.594032
v 0.022748 2.937052 -2.596321
v 0.039560 2.849024 -2.428476
v 0.022748 2.842508 -2.431999
v 0.000001 2.935966 -2.596674
v -0.000001 3.032681 -2.764871
v 0.000001 3.084331 -2.852404
v -0.000001 3.108968 -2.880232
v 0.022235 3.109375 -2.879527
v 0.035605 3.111343 -2.875829
v 0.022621 3.135980 -2.887100
v 0.022748 3.178195 -2.888685
v -0.000001 3.178874 -2.889742
v 0.000001 3.136455 -2.888333
v 0.039560 3.173445 -2.880232
v 0.022748 3.238533 -2.886396
v 0.039560 3.233442 -2.877590
v 0.022748 3.300227 -2.867023
v 0.039560 3.295001 -2.858040
v 0.022748 3.346447 -2.820702
v 0.039560 3.341289 -2.811720
v -0.000001 3.239211 -2.887629
v -0.000001 3.300973 -2.868255
v -0.000001 3.347193 -2.821935
v -0.000001 3.378481 -2.768041
v 0.022748 3.377735 -2.766809
v -0.000001 3.398367 -2.727357
v 0.022621 3.397553 -2.726300
v -0.000001 3.405154 -2.696712
v 0.022235 3.404204 -2.696712
v -0.000001 3.392191 -2.658669
v 0.022621 3.391512 -2.659726
v -0.000001 3.338031 -2.564443
v 0.039560 3.372712 -2.758002
v 0.038885 3.392530 -2.718727
v 0.035605 3.399793 -2.696712
v 0.038885 3.386829 -2.667123
v 0.022748 3.337352 -2.565500
v 0.039560 3.332533 -2.573249
v 0.022748 3.232153 -2.387087
v 0.039560 3.226859 -2.393956
v 0.022748 3.129193 -2.212373
v -0.000001 3.130008 -2.211493
v -0.000001 3.081616 -2.128186
v 0.022806 3.080666 -2.128891
v -0.000001 3.073946 -2.106699
v -0.000001 3.232899 -2.386030
v 0.039560 3.123424 -2.218361
v 0.039798 3.074150 -2.133470
v 0.022986 3.072725 -2.106347
v -0.000001 3.080530 -2.097893
v 0.022806 3.079648 -2.097013
v -0.000001 3.089693 -2.092257
v 0.022748 3.088946 -2.091201
v -0.000001 3.099466 -2.087678
v 0.022748 3.098855 -2.086445
v -0.000001 3.132383 -2.074645
v 0.041777 3.062341 -2.104586
v 0.039798 3.073675 -2.090320
v 0.039560 3.083924 -2.083803
v 0.047474 3.046256 -2.029557
v 0.047474 3.032478 -2.037307
v 0.046486 3.070553 -2.064606
v 0.046544 3.058743 -2.071299
v 0.046885 3.043541 -2.081866
v 0.047474 3.016257 -2.047874
v 0.039560 3.094579 -2.078872
v 0.022748 3.131840 -2.073412
v 0.022748 3.207652 -2.044880
v -0.000001 3.208127 -2.046113
v 0.022748 3.310883 -2.011417
v -0.000001 3.311357 -2.012650
v 0.039560 3.128243 -2.065310
v 0.039560 3.204258 -2.036426
v 0.039560 3.307489 -2.002611
v 0.039560 3.414588 -1.975840
v 0.022748 3.417914 -1.984998
v 0.039560 3.504246 -1.958756
v 0.022748 3.506892 -1.968267
v -0.000001 3.418389 -1.986407
v -0.000001 3.507232 -1.969676
v 0.022748 3.506892 -1.968267
v -0.000001 3.563089 -1.961926
v 0.022748 3.562953 -1.960517
v -0.000001 3.597975 -1.959108
v 0.022748 3.598110 -1.957523
v -0.000001 3.627023 -1.955586
v 0.022621 3.627159 -1.954177
v -0.000001 3.650031 -1.943433
v 0.022235 3.649420 -1.942377
v -0.000001 3.665099 -1.914373
v 0.039560 3.562003 -1.950478
v 0.039560 3.598993 -1.947308
v 0.038885 3.628516 -1.943962
v 0.047474 3.605372 -1.870342
v 0.046486 3.601233 -1.919833
v 0.045532 3.633878 -1.916839
v 0.035605 3.646434 -1.937621
v 0.022621 3.663877 -1.914197
v -0.000001 3.678266 -1.862417
v 0.022748 3.676908 -1.862593
v -0.000001 3.692247 -1.787212
v 0.046486 3.643244 -1.866291
v 0.038885 3.655461 -1.914373
v 0.039560 3.667338 -1.863650
v 0.038885 3.655461 -1.914373
v 0.039560 3.667338 -1.863650
v 0.022748 3.690753 -1.787388
v 0.039560 3.680369 -1.788797
v 0.022748 3.685188 -1.707252
v 0.039560 3.674261 -1.708838
v 0.022748 3.644127 -1.641030
v -0.000001 3.645688 -1.640854
v -0.000001 3.592002 -1.592068
v 0.022748 3.590577 -1.592244
v -0.000001 3.551348 -1.559837
v -0.000001 3.686749 -1.707076
v 0.039560 3.633539 -1.642615
v 0.039560 3.580668 -1.593477
v 0.022621 3.550194 -1.560014
v 0.038885 3.541642 -1.561423
v 0.022235 3.520263 -1.543282
v 0.035605 3.519856 -1.547157
v 0.022621 3.490739 -1.538879
v -0.000001 3.489789 -1.537998
v -0.000001 3.455650 -1.540464
v 0.022748 3.456668 -1.541521
v -0.000001 3.413231 -1.545571
v -0.000001 3.520331 -1.542577
v 0.038885 3.497798 -1.545748
v 0.039560 3.463659 -1.548742
v 0.022748 3.413978 -1.546628
v 0.039560 3.419407 -1.554201
v 0.022748 3.351198 -1.557196
v 0.039560 3.355202 -1.565121
v -0.000001 3.350655 -1.556139
v 0.022748 3.260047 -1.577274
v 0.039560 3.263441 -1.585375
v 0.039560 3.156952 -1.615316
v 0.022748 3.153695 -1.606862
v 0.039560 3.052703 -1.652830
v 0.022748 3.049310 -1.644376
v 0.039560 2.963114 -1.691401
v 0.022748 2.959449 -1.682947
v -0.000001 3.048835 -1.643144
v -0.000001 2.958906 -1.681890
v -0.000001 3.259573 -1.576041
v -0.000001 3.153219 -1.605629
v 0.039560 3.355202 -1.565121
v 0.022748 2.959449 -1.682947
v -0.000001 2.891918 -1.715002
v 0.022748 2.892529 -1.716058
v -0.000001 2.846173 -1.740011
v 0.022748 2.846920 -1.741068
v -0.000001 2.816989 -1.755686
v 0.039560 2.963114 -1.691401
v 0.039560 2.896940 -1.724160
v 0.046486 2.972820 -1.713417
v 0.046486 2.908682 -1.745119
v 0.047474 2.990194 -1.752868
v 0.047474 2.929518 -1.782633
v 0.047474 3.015578 -1.810284
v 0.047474 2.959924 -1.837231
v 0.047474 3.045509 -1.878092
v 0.047474 2.995828 -1.901692
v 0.047474 3.075711 -1.946427
v 0.039560 2.852078 -1.748641
v 0.046486 2.865788 -1.768543
v 0.047474 2.890289 -1.803944
v 0.047474 2.925989 -1.855548
v 0.047474 2.864159 -1.818738
v 0.047474 2.902709 -1.868757
v 0.047474 2.843866 -1.831771
v 0.047474 2.883298 -1.881086
v 0.047474 2.948115 -1.927758
v 0.047474 2.929858 -1.939559
v 0.047474 2.993792 -1.986936
v 0.047474 2.976620 -1.998031
v 0.047474 3.016257 -2.047874
v 0.047474 3.046256 -2.029557
v 0.047474 3.010352 -1.977601
v 0.047474 2.968069 -1.916486
v 0.047474 3.031867 -1.966329
v 0.047474 3.101298 -2.004372
v 0.047474 3.062477 -2.021280
v 0.046486 3.083109 -2.058266
v 0.046486 3.070553 -2.064606
v 0.039560 3.094579 -2.078872
v 0.039560 3.083924 -2.083803
v 0.039560 3.128243 -2.065310
v 0.046486 3.118673 -2.043648
v 0.046486 3.195367 -2.013883
v 0.046486 3.118673 -2.043648
v 0.047474 3.179349 -1.973198
v 0.047474 3.155595 -1.913140
v 0.047474 3.075711 -1.946427
v 0.039560 3.204258 -2.036426
v 0.046486 3.298530 -1.979362
v 0.039560 3.307489 -2.002611
v 0.046486 3.405630 -1.951711
v 0.039560 3.414588 -1.975840
v 0.046486 3.497051 -1.933570
v 0.039560 3.504246 -1.958756
v 0.047474 3.282309 -1.937445
v 0.047474 3.389477 -1.908385
v 0.047474 3.484088 -1.888307
v 0.047474 3.464677 -1.822613
v 0.047474 3.365722 -1.845157
v 0.047474 3.258419 -1.875978
v 0.047474 3.230728 -1.804648
v 0.047474 3.127836 -1.842867
v 0.047474 3.045509 -1.878092
v 0.047474 3.100416 -1.773651
v 0.047474 3.015578 -1.810284
v 0.047474 3.439429 -1.748289
v 0.047474 3.337963 -1.772594
v 0.047474 3.310679 -1.703202
v 0.047474 3.203647 -1.735080
v 0.047474 3.287807 -1.645962
v 0.047474 3.383979 -1.623770
v 0.046486 3.365518 -1.586080
v 0.047474 3.410516 -1.679425
v 0.047474 3.181046 -1.676959
v 0.047474 3.077340 -1.715178
v 0.047474 2.990194 -1.752868
v 0.046486 3.061526 -1.675198
v 0.046486 2.972820 -1.713417
v 0.039560 3.052703 -1.652830
v 0.046486 3.272196 -1.607038
v 0.039560 3.263441 -1.585375
v 0.046486 3.165640 -1.637331
v 0.039560 3.156952 -1.615316
v 0.046486 3.365518 -1.586080
v 0.046486 3.433660 -1.574280
v 0.039560 3.419407 -1.554201
v 0.047474 3.458976 -1.610209
v 0.047474 3.383979 -1.623770
v 0.047474 3.494472 -1.663574
v 0.047474 3.410516 -1.679425
v 0.047474 3.527389 -1.731557
v 0.047474 3.439429 -1.748289
v 0.047474 3.546122 -1.807819
v 0.047474 3.464677 -1.822613
v 0.047474 3.554605 -1.876683
v 0.047474 3.484088 -1.888307
v 0.046486 3.559356 -1.924236
v 0.039560 3.562003 -1.950478
v 0.039560 3.504246 -1.958756
v 0.046486 3.601233 -1.919833
v 0.047474 3.605372 -1.870342
v 0.047474 3.608834 -1.798660
v 0.047474 3.597160 -1.720462
v 0.047474 3.559899 -1.653359
v 0.047474 3.514833 -1.602283
v 0.046486 3.482052 -1.567939
v 0.039560 3.463659 -1.548742
v 0.045532 3.518430 -1.563888
v 0.038885 3.497798 -1.545748
v 0.038885 3.541642 -1.561423
v 0.046486 3.643244 -1.866291
v 0.047474 3.514833 -1.602283
v 0.046486 3.555488 -1.596823
v 0.039560 3.580668 -1.593477
v 0.039560 3.633539 -1.642615
v 0.046486 3.555488 -1.596823
v 0.046486 3.606187 -1.646666
v 0.046486 3.645891 -1.713064
v 0.046486 3.653561 -1.792496
v 0.039560 3.680369 -1.788797
v 0.039560 3.674261 -1.708838
v 0.046486 1.623351 -1.201779
v 0.045532 1.602379 -1.231368
v 0.047474 1.683688 -1.236299
v 0.046486 1.661969 -1.265536
v 0.038885 1.591519 -1.247395
v 0.039560 1.650092 -1.281563
v 0.046486 1.765404 -1.324713
v 0.039560 1.753051 -1.340388
v 0.046486 1.867820 -1.383186
v 0.039560 1.854993 -1.398509
v 0.035605 1.573262 -1.232777
v 0.038885 1.578828 -1.217278
v 0.039560 1.598714 -1.187513
v 0.047474 1.891032 -1.355182
v 0.047474 1.787869 -1.296005
v 0.047474 1.683688 -1.236299
v 0.047474 1.821125 -1.253559
v 0.047474 1.715790 -1.192973
v 0.046486 1.623351 -1.201779
v 0.046486 1.654775 -1.157748
v 0.039560 1.598714 -1.187513
v 0.039560 1.629866 -1.143483
v 0.046486 1.691696 -1.106144
v 0.039560 1.666448 -1.091526
v 0.047474 1.753526 -1.141897
v 0.047474 1.860287 -1.203717
v 0.047474 1.965961 -1.264831
v 0.047474 1.925510 -1.313617
v 0.047474 2.025891 -1.299704
v 0.047474 1.984625 -1.347961
v 0.047474 2.055007 -1.318725
v 0.047474 2.013470 -1.366630
v 0.047474 1.949536 -1.388998
v 0.047474 1.978178 -1.407491
v 0.047474 2.002950 -1.427393
v 0.047474 2.038311 -1.386708
v 0.047474 2.036071 -1.456805
v 0.047474 2.055007 -1.318725
v 0.047474 2.079983 -1.338803
v 0.047474 2.096204 -1.271172
v 0.047474 2.071432 -1.415945
v 0.047474 2.083445 -1.499251
v 0.047474 2.118805 -1.458390
v 0.047474 2.113104 -1.368039
v 0.047474 2.121248 -1.291250
v 0.047474 2.131226 -1.230663
v 0.047474 2.156270 -1.250918
v 0.047474 2.154437 -1.320662
v 0.047474 2.160478 -1.410485
v 0.047474 2.174731 -1.508409
v 0.047474 2.139302 -1.549270
v 0.047474 2.114937 -1.577449
v 0.047474 2.059011 -1.527431
v 0.047474 2.098173 -1.597175
v 0.047474 2.042112 -1.547332
v 0.047474 2.011570 -1.484985
v 0.047474 1.994602 -1.505063
v 0.047474 2.154234 -1.647018
v 0.047474 2.170794 -1.627292
v 0.047474 2.201675 -1.689288
v 0.047474 2.218168 -1.669738
v 0.047474 2.195227 -1.599289
v 0.047474 2.242533 -1.641558
v 0.047474 2.230588 -1.558428
v 0.047474 2.216335 -1.460504
v 0.047474 2.201743 -1.363108
v 0.047474 2.189458 -1.280330
v 0.047474 2.236832 -1.322776
v 0.047474 2.214706 -1.251798
v 0.047474 2.257668 -1.413127
v 0.047474 2.272192 -1.510523
v 0.047474 2.277894 -1.600874
v 0.047474 2.274975 -1.670619
v 0.047474 2.310404 -1.629934
v 0.047474 2.294861 -1.688583
v 0.047474 2.330426 -1.648075
v 0.047474 2.352076 -1.582205
v 0.047474 2.372369 -1.600522
v 0.047474 2.393341 -1.534652
v 0.047474 2.413906 -1.553321
v 0.047474 2.428431 -1.494496
v 0.047474 2.449131 -1.513341
v 0.047474 2.319566 -1.552969
v 0.047474 2.360831 -1.505415
v 0.047474 2.313526 -1.463146
v 0.047474 2.395853 -1.465259
v 0.047474 2.348547 -1.422814
v 0.047474 2.373659 -1.394282
v 0.047474 2.420897 -1.436727
v 0.047474 2.393070 -1.375084
v 0.047474 2.440172 -1.417530
v 0.047474 2.292689 -1.372795
v 0.047474 2.317869 -1.344263
v 0.047474 2.262012 -1.294244
v 0.047474 2.337552 -1.324713
v 0.047474 2.234796 -1.231896
v 0.046885 2.201879 -1.202308
v 0.047369 2.181518 -1.222210
v 0.047474 2.189458 -1.280330
v 0.046885 2.156202 -1.201955
v 0.047474 2.131226 -1.230663
v 0.047474 2.234796 -1.231896
v 0.047474 2.281898 -1.274518
v 0.041777 2.176495 -1.180821
v 0.046544 2.125728 -1.182934
v 0.047474 2.101498 -1.211290
v 0.047474 2.040211 -1.175185
v 0.046486 2.063898 -1.146653
v 0.039798 2.139845 -1.166378
v 0.039560 2.077269 -1.130626
v 0.047474 2.131226 -1.230663
v 0.022806 2.144596 -1.159686
v 0.022748 2.082427 -1.124285
v 0.039560 2.077269 -1.130626
v 0.022748 1.972748 -1.060176
v 0.039560 1.967793 -1.066517
v 0.022748 1.861983 -0.995363
v 0.039560 1.857232 -1.001704
v 0.000001 1.862730 -0.994306
v 0.000001 1.973495 -1.059296
v 0.000001 2.083173 -1.123405
v 0.000001 2.145207 -1.158629
v 0.022986 2.175138 -1.169373
v 0.000001 2.175002 -1.168140
v 0.022806 2.204051 -1.159862
v 0.000001 2.203236 -1.158805
v 0.022748 2.261876 -1.123757
v 0.000001 2.260994 -1.122700
v 0.022748 2.368026 -1.055597
v -0.000001 2.367211 -1.054717
v 0.039798 2.210363 -1.166555
v 0.039560 2.268120 -1.130097
v 0.039560 2.373591 -1.062642
v 0.039560 2.499016 -0.986733
v 0.022748 2.494129 -0.979160
v -0.000001 2.493450 -0.977927
v 0.022748 2.494129 -0.979160
v -0.000001 2.607948 -0.917341
v 0.022748 2.608627 -0.918398
v -0.000001 2.714437 -0.872429
v 0.022748 2.715116 -0.873486
v -0.000001 2.826355 -0.837381
v 0.022748 2.827102 -0.838438
v -0.000001 2.960264 -0.807968
v 0.039560 2.499016 -0.986733
v 0.039560 2.613242 -0.926323
v 0.039560 2.719799 -0.881412
v 0.039560 2.831853 -0.846539
v 0.022748 2.961010 -0.809201
v 0.039560 2.966101 -0.817303
v 0.022748 3.122678 -0.782783
v -0.000001 3.121863 -0.781550
v 0.022748 3.270432 -0.761824
v -0.000001 3.269549 -0.760591
v 0.022621 3.363550 -0.750376
v -0.000001 3.363007 -0.749143
v 0.039560 2.966101 -0.817303
v 0.039560 3.128108 -0.790885
v 0.039560 3.276269 -0.770102
v 0.038885 3.368437 -0.758478
v 0.035605 3.408412 -0.757245
v 0.022235 3.413231 -0.752314
v 0.038885 3.429452 -0.774153
v 0.022621 3.444791 -0.771511
v 0.039560 3.460130 -0.812900
v 0.022748 3.476690 -0.810786
v -0.000001 3.446895 -0.771159
v -0.000001 3.479066 -0.810610
v 0.022748 3.517073 -0.870140
v -0.000001 3.519449 -0.869788
v -0.000001 3.414181 -0.751257
v 0.039560 3.500377 -0.872253
v 0.039560 3.527932 -0.946225
v 0.022748 3.544425 -0.944464
v 0.039560 3.523385 -1.027066
v 0.022748 3.538860 -1.025480
v 0.039560 3.502549 -1.098924
v 0.022748 3.516870 -1.097691
v -0.000001 3.541031 -1.025304
v -0.000001 3.518906 -1.097515
v 0.022621 3.497798 -1.147357
v -0.000001 3.499630 -1.147357
v -0.000001 3.546800 -0.944112
v 0.038885 3.485106 -1.147534
v 0.035605 3.471668 -1.170254
v 0.022235 3.476283 -1.174657
v 0.038885 3.441669 -1.176770
v 0.022621 3.439633 -1.186633
v -0.000001 3.477165 -1.175713
v -0.000001 3.439497 -1.188042
v 0.039560 3.502549 -1.098924
v 0.046486 3.463659 -1.102094
v 0.045532 3.449746 -1.150704
v 0.046486 3.380586 -1.155635
v 0.039560 3.376785 -1.181701
v 0.022748 3.375360 -1.191741
v -0.000001 3.375156 -1.193149
v 0.022748 3.278033 -1.197905
v 0.039560 3.276947 -1.188570
v 0.039560 3.159328 -1.200018
v 0.022748 3.162789 -1.209000
v -0.000001 3.278101 -1.199314
v -0.000001 3.163197 -1.210233
v 0.047474 3.387237 -1.108610
v 0.022748 3.162789 -1.209000
v -0.000001 3.047274 -1.228550
v 0.022748 3.046663 -1.227317
v 0.039560 3.159328 -1.200018
v 0.039560 3.042183 -1.218863
v 0.022748 2.934201 -1.254616
v 0.039560 2.929586 -1.246515
v 0.022748 2.826491 -1.291954
v 0.039560 2.821944 -1.284029
v 0.022748 2.724210 -1.337746
v 0.039560 2.719323 -1.330173
v -0.000001 2.724889 -1.338803
v -0.000001 2.827169 -1.293187
v -0.000001 2.934812 -1.255849
v -0.000001 2.630956 -1.388470
v 0.022748 2.630209 -1.387589
v 0.022748 2.724210 -1.337746
v 0.022748 2.557995 -1.429330
v -0.000001 2.558877 -1.430211
v 0.022806 2.518970 -1.453107
v -0.000001 2.520056 -1.453811
v 0.022986 2.505939 -1.466316
v -0.000001 2.507296 -1.466316
v 0.022806 2.513540 -1.482696
v -0.000001 2.514422 -1.481991
v 0.022748 2.556977 -1.527959
v -0.000001 2.557792 -1.527078
v 0.022748 2.645073 -1.617429
v -0.000001 2.645887 -1.616549
v 0.022748 2.733372 -1.706900
v -0.000001 2.734255 -1.706195
v 0.022806 2.778913 -1.751811
v -0.000001 2.779660 -1.751107
v 0.022986 2.798189 -1.762203
v -0.000001 2.798325 -1.760970
v 0.022806 2.817600 -1.756743
v 0.039560 2.852078 -1.748641
v 0.039798 2.822690 -1.764492
v 0.041777 2.797239 -1.773122
v 0.039798 2.773212 -1.757623
v 0.039560 2.727468 -1.712360
v 0.039560 2.639372 -1.622889
v 0.039560 2.551480 -1.533771
v 0.039798 2.507432 -1.488155
v 0.041777 2.494672 -1.466140
v 0.039798 2.511843 -1.447295
v 0.039560 2.551751 -1.422814
v 0.039560 2.624644 -1.380544
v 0.039560 2.719323 -1.330173
v 0.046486 2.610052 -1.362051
v 0.046486 2.535191 -1.405730
v 0.047474 2.505396 -1.375084
v 0.047474 2.583718 -1.328764
v 0.046486 2.706564 -1.310095
v 0.047474 2.683420 -1.273990
v 0.047474 2.544964 -1.279626
v 0.047474 2.649417 -1.220977
v 0.047474 2.462230 -1.401503
v 0.047474 2.393070 -1.375084
v 0.047474 2.415874 -1.358177
v 0.047474 2.361171 -1.307277
v 0.047474 2.281898 -1.274518
v 0.047474 2.461619 -1.329821
v 0.047474 2.409970 -1.276456
v 0.047474 2.306399 -1.256201
v 0.047474 2.234796 -1.231896
v 0.047474 2.260044 -1.213051
v 0.047474 2.358185 -1.223090
v 0.047474 2.314340 -1.177827
v 0.047474 2.499151 -1.221681
v 0.047474 2.453339 -1.163737
v 0.047474 2.609237 -1.158453
v 0.047474 2.414517 -1.114599
v 0.046486 2.284613 -1.147181
v 0.046486 2.388183 -1.081135
v 0.039560 2.268120 -1.130097
v 0.039560 2.373591 -1.062642
v 0.046486 2.511843 -1.006635
v 0.047474 2.534987 -1.042740
v 0.047474 2.569058 -1.095753
v 0.047474 2.747015 -1.815392
v 0.046885 2.775927 -1.791439
v 0.047474 2.765339 -1.837407
v 0.047369 2.794592 -1.813631
v 0.047474 2.793031 -1.871575
v 0.047474 2.822283 -1.847975
v 0.046885 2.816310 -1.797251
v 0.047474 2.843866 -1.831771
v 0.047474 2.822283 -1.847975
v 0.047474 2.861987 -1.897289
v 0.047474 2.883298 -1.881086
v 0.047474 2.832803 -1.920889
v 0.047474 2.791741 -1.954529
v 0.047474 2.751969 -1.905215
v 0.047474 2.765339 -1.837407
v 0.047474 2.724278 -1.871047
v 0.047474 2.747015 -1.815392
v 0.047474 2.706156 -1.849207
v 0.047474 2.675954 -1.910674
v 0.047474 2.658104 -1.889011
v 0.047474 2.703577 -1.944666
v 0.047474 2.743350 -1.993981
v 0.047474 2.790248 -2.052101
v 0.047474 2.838639 -2.012650
v 0.047474 2.879701 -1.979010
v 0.047474 2.908885 -1.955410
v 0.047474 2.929858 -1.939559
v 0.047474 2.955988 -2.013706
v 0.047474 2.995896 -2.063373
v 0.047474 3.016257 -2.047874
v 0.047474 2.966847 -2.086974
v 0.047474 2.926871 -2.037307
v 0.047474 2.885742 -2.070946
v 0.047474 2.837350 -2.110574
v 0.047474 2.788551 -2.150378
v 0.047474 2.828527 -2.199868
v 0.047474 2.877326 -2.160065
v 0.047474 2.855947 -2.234036
v 0.047474 2.904746 -2.194233
v 0.047474 2.925717 -2.120437
v 0.047474 2.953137 -2.154605
v 0.047474 2.994199 -2.120965
v 0.047474 2.970851 -2.178029
v 0.047474 3.011709 -2.143861
v 0.047474 2.922528 -2.217657
v 0.047474 2.873457 -2.257108
v 0.047474 2.831581 -2.290220
v 0.047474 2.814410 -2.267852
v 0.047474 2.787058 -2.233860
v 0.047474 2.747082 -2.184370
v 0.047474 2.758756 -2.256932
v 0.047474 2.718780 -2.207442
v 0.047474 2.741720 -2.271550
v 0.047474 2.701677 -2.222060
v 0.047474 2.691157 -2.232099
v 0.047474 2.643444 -2.174330
v 0.047474 2.631906 -2.187011
v 0.047474 2.681452 -2.242842
v 0.047474 2.731608 -2.281061
v 0.047474 2.723395 -2.290219
v 0.047474 2.654439 -2.163763
v 0.047474 2.595935 -2.116738
v 0.047474 2.607405 -2.105819
v 0.047474 2.555687 -2.067952
v 0.047474 2.567497 -2.056680
v 0.047474 2.540824 -2.084332
v 0.046486 2.512115 -2.051925
v 0.046544 2.527996 -2.034489
v 0.039560 2.496029 -2.033960
v 0.047474 2.582632 -2.131533
v 0.047474 2.540824 -2.084332
v 0.047474 2.567497 -2.056680
v 0.046885 2.539738 -2.022512
v 0.039798 2.511979 -2.015644
v 0.041777 2.520327 -2.000849
v 0.022806 2.505735 -2.008951
v 0.022986 2.510622 -1.999264
v 0.000001 2.504785 -2.008070
v 0.000001 2.489039 -2.026035
v 0.022748 2.489921 -2.026916
v 0.000001 2.458768 -2.060027
v 0.022748 2.459719 -2.061083
v 0.039560 2.466302 -2.067424
v 0.022748 2.414585 -2.115858
v 0.039560 2.421643 -2.121670
v 0.000001 2.413567 -2.114977
v 0.022748 2.414585 -2.115858
v 0.039560 2.363750 -2.198812
v 0.022748 2.356488 -2.193000
v 0.039560 2.301716 -2.290924
v 0.022748 2.294386 -2.285112
v 0.039560 2.245044 -2.387792
v 0.022748 2.237714 -2.381979
v 0.000001 2.293368 -2.284231
v 0.000001 2.236696 -2.381099
v 0.022748 2.190748 -2.473211
v 0.000001 2.189730 -2.472331
v 0.000001 2.355402 -2.192295
v 0.039560 2.197942 -2.479376
v 0.046486 2.216946 -2.495931
v 0.039560 2.245044 -2.387792
v 0.046486 2.264319 -2.403290
v 0.039560 2.301716 -2.290924
v 0.046486 2.320991 -2.306071
v 0.039560 2.363750 -2.198812
v 0.046486 2.382821 -2.213958
v 0.039560 2.421643 -2.121670
v 0.046486 2.440104 -2.137345
v 0.047474 2.416892 -2.240905
v 0.047474 2.355334 -2.333017
v 0.047474 2.298798 -2.430589
v 0.047474 2.250949 -2.525167
v 0.047474 2.300766 -2.567261
v 0.047474 2.349158 -2.470569
v 0.047474 2.405490 -2.372469
v 0.047474 2.361171 -2.614814
v 0.047474 2.409087 -2.517594
v 0.047474 2.424426 -2.659021
v 0.047474 2.470103 -2.564619
v 0.047474 2.479537 -2.694774
v 0.047474 2.464877 -2.418965
v 0.047474 2.466573 -2.280356
v 0.047474 2.473157 -2.165172
v 0.047474 2.514422 -2.114273
v 0.046486 2.483609 -2.084156
v 0.046486 2.512115 -2.051925
v 0.039560 2.466302 -2.067424
v 0.039560 2.496029 -2.033960
v 0.039560 2.421643 -2.121670
v 0.047474 2.559420 -2.158127
v 0.047474 2.521277 -2.205857
v 0.047474 2.612427 -2.209731
v 0.047474 2.578017 -2.253586
v 0.047474 2.665638 -2.261511
v 0.047474 2.635028 -2.301667
v 0.047474 2.710772 -2.305542
v 0.046486 2.751833 -2.322274
v 0.046486 2.741313 -2.335307
v 0.047474 2.683352 -2.342528
v 0.039560 2.767443 -2.339886
v 0.039560 2.758077 -2.351686
v 0.046486 2.716065 -2.370003
v 0.039560 2.734051 -2.385150
v 0.022748 2.740838 -2.390962
v 0.022748 2.694211 -2.460354
v 0.039560 2.687085 -2.454718
v 0.022748 2.637064 -2.553699
v 0.000001 2.638082 -2.554404
v 0.000001 2.586297 -2.653033
v 0.022748 2.585211 -2.652328
v 0.000001 2.547271 -2.737572
v 0.000001 2.695229 -2.461059
v 0.000001 2.741856 -2.391842
v 0.039560 2.538177 -2.731936
v 0.022748 2.546118 -2.736867
v 0.039560 2.577745 -2.646692
v 0.039560 2.629802 -2.548064
v 0.022748 2.522702 -2.793931
v 0.039560 2.514015 -2.790585
v 0.039560 2.499423 -2.830917
v 0.022748 2.508857 -2.832502
v 0.000001 2.523924 -2.794283
v 0.000001 2.510214 -2.832678
v 0.022621 2.496640 -2.863852
v 0.000001 2.497998 -2.864028
v 0.022235 2.479537 -2.885163
v 0.000001 2.480216 -2.886044
v 0.022621 2.450352 -2.893969
v 0.000001 2.450081 -2.895202
v 0.039560 2.538177 -2.731936
v 0.038885 2.487342 -2.862795
v 0.035605 2.476279 -2.880760
v 0.038885 2.453067 -2.884811
v 0.039560 2.404879 -2.885339
v 0.022748 2.401146 -2.895554
v 0.039560 2.334362 -2.881993
v 0.022748 2.330086 -2.892912
v 0.000001 2.400603 -2.896963
v 0.000001 2.329475 -2.894497
v 0.022748 2.254817 -2.872306
v 0.000001 2.254139 -2.873891
v 0.022748 2.193463 -2.822991
v 0.039560 2.198146 -2.811367
v 0.039560 2.153283 -2.754832
v 0.022748 2.148736 -2.766104
v 0.000001 2.192852 -2.824753
v 0.039560 2.259433 -2.860506
v 0.038885 2.124371 -2.713795
v 0.022621 2.119755 -2.723658
v 0.000001 2.148057 -2.767689
v 0.000001 2.119009 -2.724891
v 0.022235 2.107810 -2.691075
v 0.000001 2.106724 -2.691427
v 0.022621 2.112493 -2.656555
v 0.000001 2.111543 -2.655499
v 0.035605 2.112900 -2.690195
v 0.038885 2.118941 -2.664129
v 0.045532 2.135094 -2.686320
v 0.038885 2.124371 -2.713795
v 0.046486 2.165025 -2.725948
v 0.039560 2.153283 -2.754832
v 0.047474 2.184843 -2.677338
v 0.046486 2.153826 -2.640000
v 0.039560 2.136451 -2.619217
v 0.022748 2.129800 -2.611292
v 0.000001 2.128850 -2.610059
v 0.022748 2.155387 -2.550353
v 0.000001 2.154437 -2.549296
v 0.022748 2.190748 -2.473211
v 0.039560 2.162310 -2.557398
v 0.039560 2.197942 -2.479376
v 0.047474 2.350854 -1.743886
v 0.046486 2.325810 -1.770128
v 0.047474 2.311014 -1.704082
v 0.046544 2.286513 -1.731205
v 0.047474 2.294861 -1.688583
v 0.046885 2.270496 -1.716587
v 0.039798 2.273007 -1.746704
v 0.041777 2.254953 -1.737721
v 0.022806 2.268460 -1.752868
v 0.022748 2.306807 -1.790030
v 0.039560 2.312032 -1.784570
v 0.022748 2.386147 -1.869285
v 0.039560 2.391577 -1.864002
v 0.022748 2.465691 -1.948717
v 0.039560 2.471257 -1.943609
v -0.000001 2.464877 -1.949421
v 0.000001 2.385401 -1.870166
v -0.000001 2.306060 -1.790911
v -0.000001 2.267849 -1.753749
v 0.022986 2.255836 -1.748113
v 0.000001 2.255971 -1.749346
v 0.022806 2.244637 -1.758504
v 0.000001 2.245451 -1.759385
v 0.022748 2.226380 -1.782457
v 0.000001 2.227398 -1.783337
v 0.039798 2.238325 -1.752164
v 0.039560 2.219321 -1.776821
v 0.039560 2.189051 -1.818386
v 0.022748 2.196381 -1.823669
v 0.039560 2.146496 -1.880381
v 0.022748 2.154233 -1.885312
v 0.000001 2.197467 -1.824550
v 0.000001 2.155319 -1.886017
v 0.000001 2.102923 -1.969147
v 0.022748 2.101838 -1.968443
v 0.039560 2.146496 -1.880381
v 0.039560 2.093829 -1.963687
v 0.022748 2.046523 -2.065134
v 0.039560 2.038311 -2.060203
v 0.022748 1.995756 -2.166053
v 0.039560 1.987272 -2.161121
v 0.022748 1.951572 -2.265562
v 0.039560 1.942545 -2.261159
v 0.000001 1.952862 -2.266091
v 0.000001 1.996910 -2.166757
v 0.000001 2.047677 -2.065839
v 0.039560 1.942545 -2.261159
v 0.039560 1.905013 -2.354328
v 0.022748 1.951572 -2.265562
v 0.022748 1.914990 -2.357146
v 0.000001 1.916415 -2.357675
v 0.022748 1.887502 -2.430942
v 0.000001 1.889063 -2.431118
v 0.022621 1.868634 -2.477967
v 0.000001 1.870128 -2.478319
v 0.022235 1.848545 -2.502095
v 0.000001 1.849359 -2.503152
v 0.022621 1.815288 -2.511430
v 0.000001 1.814949 -2.512663
v 0.039560 1.876643 -2.429709
v 0.038885 1.857843 -2.477262
v 0.035605 1.844676 -2.497692
v 0.038885 1.818139 -2.502271
v 0.039560 1.763232 -2.503328
v 0.022748 1.759227 -2.513367
v 0.039560 1.684027 -2.500686
v 0.022748 1.679547 -2.511254
v 0.039560 1.603804 -2.479199
v 0.022748 1.599053 -2.490119
v 0.039560 1.545096 -2.427948
v 0.022748 1.540413 -2.438867
v 0.000001 1.598374 -2.491704
v 0.000001 1.678869 -2.512839
v 0.000001 1.758684 -2.514776
v 0.039560 1.506613 -2.369123
v 0.022748 1.502270 -2.379514
v 0.038885 1.482791 -2.326853
v 0.022621 1.478583 -2.335835
v 0.035605 1.473493 -2.303429
v 0.022235 1.469217 -2.303957
v 0.000001 1.477972 -2.337068
v 0.000001 1.468334 -2.303957
v 0.022621 1.474375 -2.270141
v 0.000001 1.473628 -2.269085
v 0.000001 1.539802 -2.440276
v 0.000001 1.501659 -2.380923
v 0.039560 1.506613 -2.369123
v 0.038885 1.482791 -2.326853
v 0.046486 1.518423 -2.340943
v 0.045532 1.493175 -2.300082
v 0.047474 1.542381 -2.283527
v 0.046486 1.514961 -2.246365
v 0.038885 1.479737 -2.277715
v 0.039560 1.499758 -2.225582
v 0.022748 1.494057 -2.217833
v 0.000001 1.493175 -2.216776
v 0.022748 1.526635 -2.136992
v 0.000001 1.525753 -2.136112
v 0.022748 1.568647 -2.038892
v 0.000001 1.567629 -2.038187
v 0.039560 1.575841 -2.044176
v 0.039560 1.533151 -2.143509
v 0.039560 1.575841 -2.044176
v 0.046486 1.594913 -2.057913
v 0.046486 1.550322 -2.160593
v 0.039560 1.499758 -2.225582
v 0.046486 1.514961 -2.246365
v 0.047474 1.581339 -2.191414
v 0.047474 1.542381 -2.283527
v 0.047474 1.628373 -2.235797
v 0.047474 1.584664 -2.336188
v 0.047474 1.690678 -2.280356
v 0.047474 1.745314 -2.160417
v 0.047474 1.814745 -2.198459
v 0.047474 1.763910 -2.312587
v 0.047474 1.876372 -2.228929
v 0.047474 1.831713 -2.333546
v 0.046486 1.918859 -2.249535
v 0.046486 1.878815 -2.346931
v 0.039560 1.905013 -2.354328
v 0.046486 1.847934 -2.426715
v 0.039560 1.876643 -2.429709
v 0.046486 1.518423 -2.340943
v 0.047474 1.796217 -2.421079
v 0.047474 1.722034 -2.410511
v 0.047474 1.645001 -2.384445
v 0.046486 1.557991 -2.398007
v 0.039560 1.506613 -2.369123
v 0.039560 1.545096 -2.427948
v 0.046486 1.617106 -2.448554
v 0.046486 1.696447 -2.471274
v 0.046486 1.774227 -2.476029
v 0.039560 1.763232 -2.503328
v 0.039560 1.603804 -2.479199
v 0.047474 1.629527 -2.082923
v 0.047474 1.681108 -2.119380
v 0.047474 2.568379 -1.963335
v 0.046885 2.540009 -1.986583
v 0.047474 2.552837 -1.946427
v 0.046544 2.525282 -1.970028
v 0.047474 2.512794 -1.906095
v 0.046486 2.485985 -1.930400
v 0.039798 2.509604 -1.982885
v 0.022806 2.503495 -1.987112
v 0.000001 2.502613 -1.987816
v -0.000001 2.509468 -1.999088
v 0.046885 2.540009 -1.986583
v 0.046885 2.539738 -2.022512
v 0.047369 2.557384 -2.007718
v 0.047474 2.585008 -2.041710
v 0.047474 2.585754 -1.984470
v 0.047474 2.613310 -2.018462
v 0.047474 2.568379 -1.963335
v 0.047474 2.627223 -1.950478
v 0.047474 2.654778 -1.984646
v 0.047474 2.613310 -2.018462
v 0.047474 2.653082 -2.067776
v 0.047474 2.694551 -2.033960
v 0.047474 2.699980 -2.125897
v 0.047474 2.741449 -2.092081
v 0.047474 2.671678 -2.149145
v 0.047474 2.654439 -2.163763
v 0.047474 2.624780 -2.091024
v 0.047474 2.585008 -2.041710
v 0.047474 2.609577 -1.929167
v 0.047474 2.585754 -1.984470
v 0.047474 2.568379 -1.963335
v 0.047474 2.512794 -1.906095
v 0.047474 2.552498 -1.870342
v 0.047474 2.552837 -1.946427
v 0.047474 2.593492 -1.911731
v 0.047474 2.568379 -1.963335
v 0.047474 2.641340 -1.870870
v 0.047474 2.688714 -1.830186
v 0.047474 2.645480 -1.786332
v 0.047474 2.684777 -1.750931
v 0.047474 2.729029 -1.795842
v 0.047474 2.706156 -1.849207
v 0.047474 2.599193 -1.828249
v 0.047474 2.512794 -1.906095
v 0.047474 2.470171 -1.787564
v 0.047474 2.515305 -1.743710
v 0.047474 2.599193 -1.828249
v 0.047474 2.560031 -1.700207
v 0.047474 2.645480 -1.786332
v 0.047474 2.598039 -1.663221
v 0.047474 2.684777 -1.750931
v 0.046486 2.624440 -1.637508
v 0.046486 2.711993 -1.726274
v 0.039560 2.639372 -1.622889
v 0.039560 2.727468 -1.712360
v 0.039560 2.551480 -1.533771
v 0.046486 2.537023 -1.548918
v 0.047474 2.511504 -1.575512
v 0.047474 2.474786 -1.614083
v 0.047474 2.431552 -1.659347
v 0.047474 2.387912 -1.705139
v 0.047474 2.431756 -1.824902
v 0.046486 2.485985 -1.930400
v 0.046486 2.405829 -1.850264
v 0.039560 2.471257 -1.943609
v 0.039560 2.391577 -1.864002
v 0.046486 2.325810 -1.770128
v 0.039560 2.312032 -1.784570
v 0.047474 2.350854 -1.743886
v 0.047474 2.511504 -1.575512
v 0.047474 2.467659 -1.531305
v 0.047474 2.431824 -1.570757
v 0.047474 2.449131 -1.513341
v 0.047474 2.413906 -1.553321
v 0.047474 2.389676 -1.617253
v 0.047474 2.372369 -1.600522
v 0.047474 2.347121 -1.664278
v 0.047474 2.330426 -1.648075
v 0.047474 2.311014 -1.704082
v 0.047474 2.294861 -1.688583
v 0.047474 2.350854 -1.743886
v 0.047474 2.387912 -1.705139
v 0.047474 2.431552 -1.659347
v 0.047474 1.822686 -1.048376
v 0.046486 1.759431 -1.011566
v 0.046486 1.728346 -1.055069
v 0.039560 1.702759 -1.040098
v 0.047474 1.790923 -1.091350
v 0.047474 1.899041 -1.154226
v 0.039560 1.733572 -0.996420
v 0.047474 1.932026 -1.112133
v 0.039560 1.857232 -1.001704
v 0.046486 1.844744 -1.018611
v 0.039560 1.967793 -1.066517
v 0.046486 1.954830 -1.083072
v 0.046486 2.063898 -1.146653
v 0.047474 2.040211 -1.175185
v 0.047474 2.006140 -1.216397
v 0.047474 2.066817 -1.251798
v 0.047474 2.101498 -1.211290
v 0.047474 2.131226 -1.230663
v 0.047474 2.096204 -1.271172
v 0.047474 3.264391 -2.679451
v 0.047474 3.297716 -2.629785
v 0.046486 3.322692 -2.779842
v 0.046486 3.354591 -2.727181
v 0.039560 3.372712 -2.758002
v 0.039560 3.295001 -2.858040
v 0.046486 3.276336 -2.825810
v 0.047474 3.217696 -2.724539
v 0.046486 3.215389 -2.846416
v 0.047474 3.158717 -2.748139
v 0.046486 3.156273 -2.850643
v 0.047474 3.102316 -2.756946
v 0.039560 3.173445 -2.880232
v 0.039560 3.233442 -2.877590
v 0.038885 3.386829 -2.667123
v 0.038885 3.392530 -2.718727
v 0.045532 3.375495 -2.688786
v 0.046486 3.354591 -2.727181
v 0.046486 3.319909 -2.593856
v 0.047474 3.297716 -2.629785
v 0.039560 3.332533 -2.573249
v 0.046486 3.319909 -2.593856
v 0.047474 3.188715 -2.443447
v 0.047474 3.152744 -2.487477
v 0.047474 3.264391 -2.679451
v 0.047474 3.105506 -2.530627
v 0.047474 3.217696 -2.724539
v 0.047474 3.050056 -2.559864
v 0.047474 3.158717 -2.748139
v 0.047474 2.998814 -2.577300
v 0.046486 2.963657 -2.588220
v 0.039560 2.944314 -2.594032
v 0.039560 3.041912 -2.763814
v 0.039560 2.849024 -2.428476
v 0.046486 2.866195 -2.418789
v 0.047474 2.897551 -2.401529
v 0.047474 2.943500 -2.375111
v 0.047474 2.995353 -2.340239
v 0.047474 3.043133 -2.299202
v 0.047474 3.081820 -2.260807
v 0.046486 3.213013 -2.411921
v 0.046486 3.108357 -2.233684
v 0.039560 3.123424 -2.218361
v 0.039560 3.332533 -2.573249
v 0.039560 3.123424 -2.218361
v 0.046486 3.108357 -2.233684
v 0.039798 3.074150 -2.133470
v 0.046544 3.057725 -2.147560
v 0.046885 3.040690 -2.120085
v 0.047474 3.029763 -2.172217
v 0.047474 3.011709 -2.143861
v 0.046885 3.043541 -2.081866
v 0.046885 3.040690 -2.120085
v 0.047369 3.023315 -2.097365
v 0.047474 3.011709 -2.143861
v 0.047474 2.994199 -2.120965
v 0.047474 2.995896 -2.063373
v 0.039560 2.197942 -2.479376
v 0.046486 2.216946 -2.495931
v 0.039560 2.162310 -2.557398
v 0.046486 2.180567 -2.576067
v 0.039560 2.136451 -2.619217
v 0.046486 2.153826 -2.640000
v 0.047474 2.213145 -2.609002
v 0.047474 2.184843 -2.677338
v 0.047474 2.261333 -2.656027
v 0.047474 2.231199 -2.729470
v 0.047474 2.322077 -2.704108
v 0.047474 2.361171 -2.614814
v 0.047474 2.424426 -2.659021
v 0.047474 2.389269 -2.740742
v 0.047474 2.479537 -2.694774
v 0.047474 2.449674 -2.765752
v 0.046486 2.517205 -2.718727
v 0.046486 2.491075 -2.781779
v 0.039560 2.538177 -2.731936
v 0.039560 2.514015 -2.790585
v 0.046486 2.474447 -2.826866
v 0.047474 2.300766 -2.567261
v 0.047474 2.250949 -2.525167
v 0.046486 2.165025 -2.725948
v 0.047474 2.429177 -2.819469
v 0.047474 2.363478 -2.806260
v 0.047474 2.292146 -2.778080
v 0.046486 2.210362 -2.781250
v 0.039560 2.198146 -2.811367
v 0.046486 2.271446 -2.830213
v 0.046486 2.345221 -2.853461
v 0.046486 2.414313 -2.859801
v 0.039560 2.334362 -2.881993
v 0.039560 2.404879 -2.885339
v 0.039560 3.159328 -1.200018
v 0.046486 3.149894 -1.176770
v 0.039560 3.276947 -1.188570
v 0.046486 3.273825 -1.163737
v 0.039560 3.376785 -1.181701
v 0.047474 3.268192 -1.119178
v 0.047474 3.387237 -1.108610
v 0.047474 3.258351 -1.054541
v 0.047474 3.394499 -1.040099
v 0.047474 3.238126 -0.980393
v 0.047474 3.073879 -1.003465
v 0.047474 3.036550 -0.934777
v 0.047474 3.204054 -0.909768
v 0.047474 3.002615 -0.877361
v 0.047474 3.107000 -1.074090
v 0.047474 3.132723 -1.134853
v 0.046486 3.463659 -1.102094
v 0.046486 3.480695 -1.031292
v 0.047474 3.388187 -0.962428
v 0.046486 3.482255 -0.951509
v 0.047474 3.357849 -0.890042
v 0.047474 3.167947 -0.851647
v 0.039560 3.502549 -1.098924
v 0.039560 3.527932 -0.946225
v 0.046486 3.453954 -0.878065
v 0.039560 3.500377 -0.872253
v 0.046486 3.414249 -0.818888
v 0.047474 3.319434 -0.831393
v 0.046486 3.142360 -0.812548
v 0.046486 2.979132 -0.838614
v 0.039560 2.966101 -0.817303
v 0.039560 3.128108 -0.790885
v 0.046486 3.291675 -0.791941
v 0.039560 3.276269 -0.770102
v 0.039560 2.966101 -0.817303
v 0.046486 2.844341 -0.867850
v 0.046486 2.979132 -0.838614
v 0.047474 2.866670 -0.906069
v 0.047474 2.899452 -0.962781
v 0.047474 3.036550 -0.934777
v 0.039560 2.831853 -0.846539
v 0.046486 2.732015 -0.902546
v 0.039560 2.719799 -0.881412
v 0.047474 2.753937 -0.940413
v 0.047474 2.786244 -0.996420
v 0.047474 2.824387 -1.062818
v 0.047474 2.937934 -1.030059
v 0.047474 2.862734 -1.129393
v 0.047474 2.976078 -1.098219
v 0.047474 2.895244 -1.186104
v 0.047474 3.008316 -1.156516
v 0.047474 3.107000 -1.074090
v 0.047474 3.132723 -1.134853
v 0.046486 3.030170 -1.196496
v 0.046486 3.149894 -1.176770
v 0.039560 3.042183 -1.218863
v 0.047474 3.073879 -1.003465
v 0.039560 2.929586 -1.246515
v 0.046486 2.917369 -1.224851
v 0.046486 2.809795 -1.263070
v 0.047474 2.787873 -1.225380
v 0.046486 2.706564 -1.310095
v 0.039560 2.719323 -1.330173
v 0.039560 2.821944 -1.284029
v 0.047474 2.755634 -1.170077
v 0.047474 2.683420 -1.273990
v 0.047474 2.649417 -1.220977
v 0.047474 2.717559 -1.104736
v 0.047474 2.679483 -1.039570
v 0.047474 2.647245 -0.984444
v 0.046486 2.625391 -0.946929
v 0.039560 2.613242 -0.926323
v 0.046486 2.511843 -1.006635
v 0.039560 2.499016 -0.986733
v 0.047474 2.609237 -1.158453
v 0.047474 2.569058 -1.095753
v 0.047474 2.534987 -1.042740
v 0.047474 1.953066 -1.558428
v 0.046486 1.919673 -1.531129
v 0.047474 1.978653 -1.525141
v 0.046544 1.945939 -1.496609
v 0.047474 1.994602 -1.505063
v 0.046885 1.961549 -1.475827
v 0.039798 1.927139 -1.480758
v 0.041777 1.936369 -1.455572
v 0.046885 1.953812 -1.435671
v 0.047369 1.978449 -1.455749
v 0.047474 1.994602 -1.505063
v 0.047474 2.011570 -1.484985
v 0.047474 2.002950 -1.427393
v 0.047474 1.978178 -1.407491
v 0.046544 1.925714 -1.416825
v 0.047474 1.949536 -1.388998
v 0.046486 1.867820 -1.383186
v 0.047474 1.891032 -1.355182
v 0.039798 1.912140 -1.432324
v 0.039560 1.901212 -1.515806
v 0.022806 1.919741 -1.475298
v 0.022986 1.924628 -1.455749
v 0.039798 1.912140 -1.432324
v 0.022806 1.906506 -1.437608
v 0.039560 1.854993 -1.398509
v 0.022748 1.850174 -1.404497
v 0.039560 1.753051 -1.340388
v 0.022748 1.748368 -1.346376
v 0.039560 1.650092 -1.281563
v 0.022748 1.645544 -1.287727
v 0.038885 1.591519 -1.247395
v 0.022621 1.586836 -1.253031
v 0.022235 1.567358 -1.233657
v 0.022621 1.570751 -1.213227
v 0.022748 1.590501 -1.182934
v 0.039560 1.629866 -1.143483
v 0.022748 1.621586 -1.138727
v 0.022748 1.658033 -1.086771
v 0.039560 1.702759 -1.040098
v 0.022748 1.694275 -1.035167
v 0.022748 1.725021 -0.991488
v 0.000001 1.693054 -1.034462
v 0.000001 1.656879 -1.086066
v 0.000001 1.620364 -1.138023
v 0.000001 1.589348 -1.182230
v 0.000001 1.569529 -1.212699
v 0.000001 1.566136 -1.233657
v 0.000001 1.586090 -1.253736
v 0.000001 1.644933 -1.288608
v 0.000001 1.747689 -1.347257
v 0.000001 1.849495 -1.405201
v 0.000001 1.905624 -1.438312
v 0.000001 1.923270 -1.455749
v 0.000001 1.918655 -1.474594
v 0.000001 1.893204 -1.509290
v 0.022748 1.894154 -1.510171
v 0.000001 1.846780 -1.570052
v 0.022748 1.847866 -1.570757
v 0.000001 1.788276 -1.650188
v 0.022748 1.789362 -1.650893
v 0.039560 1.855196 -1.576041
v 0.039560 1.797099 -1.655824
v 0.039560 1.736355 -1.745823
v 0.022748 1.728550 -1.741244
v 0.039560 1.677783 -1.842338
v 0.022748 1.670045 -1.837583
v 0.000001 1.727464 -1.740539
v 0.000001 1.668960 -1.837055
v 0.022748 1.616631 -1.937621
v 0.000001 1.615546 -1.936916
v 0.039560 1.624233 -1.942376
v 0.039560 1.575841 -2.044176
v 0.022748 1.568647 -2.038892
v 0.039560 1.855196 -1.576041
v 0.046486 1.874607 -1.590130
v 0.046486 1.817325 -1.668681
v 0.047474 1.909628 -1.615492
v 0.047474 1.853907 -1.692282
v 0.047474 1.961210 -1.653006
v 0.047474 1.907796 -1.726978
v 0.047474 1.953066 -1.558428
v 0.047474 2.002204 -1.598760
v 0.047474 1.994602 -1.505063
v 0.047474 1.978653 -1.525141
v 0.047474 2.026569 -1.566882
v 0.047474 2.083105 -1.616373
v 0.047474 2.154234 -1.647018
v 0.047474 2.139574 -1.665687
v 0.047474 2.187490 -1.707428
v 0.047474 2.118262 -1.693867
v 0.047474 2.060233 -1.646314
v 0.047474 2.022090 -1.697213
v 0.047474 2.082970 -1.741420
v 0.047474 2.167400 -1.734199
v 0.047474 2.134551 -1.778758
v 0.046486 2.200793 -1.761498
v 0.046486 2.169572 -1.804296
v 0.039560 2.219321 -1.776821
v 0.039560 2.189051 -1.818386
v 0.046486 2.126067 -1.867348
v 0.039560 2.146496 -1.880381
v 0.047474 1.971458 -1.767838
v 0.047474 2.035257 -1.808875
v 0.047474 2.089282 -1.843571
v 0.047474 1.979263 -1.893942
v 0.047474 1.913904 -1.853963
v 0.047474 1.907796 -1.726978
v 0.047474 1.848884 -1.814511
v 0.047474 1.853907 -1.692282
v 0.047474 1.794113 -1.781048
v 0.046486 1.817325 -1.668681
v 0.046486 1.756920 -1.758504
v 0.039560 1.797099 -1.655824
v 0.039560 1.736355 -1.745823
v 0.046486 1.698280 -1.854667
v 0.039560 1.677783 -1.842338
v 0.046486 1.644323 -1.954881
v 0.039560 1.624233 -1.942376
v 0.047474 1.629527 -2.082923
v 0.047474 1.680701 -1.977249
v 0.047474 1.735269 -1.877035
v 0.047474 1.789973 -1.910146
v 0.047474 1.681108 -2.119380
v 0.047474 1.734658 -2.010712
v 0.047474 1.799746 -2.050340
v 0.047474 1.814745 -2.198459
v 0.047474 1.855196 -1.949597
v 0.047474 1.866938 -2.090320
v 0.047474 1.921370 -1.989577
v 0.047474 1.876372 -2.228929
v 0.047474 1.925171 -2.124664
v 0.046486 1.918859 -2.249535
v 0.047474 1.978042 -2.023921
v 0.047474 2.034849 -1.927758
v 0.046486 2.072789 -1.950830
v 0.046486 2.126067 -1.867348
v 0.039560 2.093829 -1.963687
v 0.039560 2.146496 -1.880381
v 0.039560 2.038311 -2.060203
v 0.046486 2.016796 -2.047170
v 0.046486 1.965011 -2.148088
v 0.039560 1.942545 -2.261159
v 0.039560 1.987272 -2.161121
v 0.047474 2.897551 -2.401529
v 0.047474 2.848549 -2.316814
v 0.046486 2.866195 -2.418789
v 0.046544 2.819296 -2.337949
v 0.039798 2.803279 -2.350101
v 0.022806 2.797714 -2.354857
v -0.000001 2.841558 -2.432527
v 0.000001 2.796967 -2.355737
v 0.022986 2.785633 -2.339182
v 0.041777 2.785701 -2.329143
v 0.046885 2.803008 -2.313116
v 0.047474 2.831581 -2.290220
v -0.000001 2.785633 -2.340239
v 0.022806 2.779389 -2.340591
v 0.039798 2.774163 -2.333194
v 0.039560 2.767443 -2.339886
v 0.022748 2.773416 -2.346579
v 0.039560 2.758077 -2.351686
v 0.022748 2.764457 -2.357851
v 0.039560 2.734051 -2.385150
v 0.022748 2.740838 -2.390962
v 0.000001 2.765339 -2.358732
v 0.000001 2.780067 -2.341648
v -0.000001 2.774230 -2.347636
v 0.047474 2.741720 -2.271550
v 0.046885 2.769004 -2.305542
v 0.047474 2.758756 -2.256932
v 0.047369 2.786108 -2.291100
v 0.047474 2.787058 -2.233860
v 0.047474 2.814410 -2.267852
v 0.046885 2.803008 -2.313116
v 0.047474 2.831581 -2.290220
v 0.046885 2.769004 -2.305542
v 0.047474 2.731608 -2.281061
v 0.046544 2.759027 -2.314348
v 0.047474 2.723395 -2.290219
v 0.046486 2.751833 -2.322274
v 0.039798 2.774163 -2.333194
v 0.039560 2.767443 -2.339886
v -0.000001 3.350655 -1.556139
v -0.000001 3.413231 -1.545571
v -0.022748 3.351198 -1.557196
v -0.022748 3.413978 -1.546628
v -0.039560 3.355202 -1.565121
v -0.039560 3.419407 -1.554201
v -0.022748 3.456668 -1.541521
v -0.039560 3.463659 -1.548742
v -0.022620 3.490739 -1.538879
v -0.000001 3.489789 -1.537998
v -0.000001 3.520331 -1.542577
v -0.022235 3.520263 -1.543282
v -0.000001 3.551348 -1.559837
v -0.022620 3.550194 -1.560014
v -0.000001 3.592002 -1.592068
v -0.022748 3.590577 -1.592244
v -0.000001 3.645688 -1.640854
v -0.022748 3.644127 -1.641030
v -0.000001 3.686749 -1.707076
v -0.022748 3.685188 -1.707252
v -0.000001 3.692247 -1.787212
v -0.022748 3.690753 -1.787388
v -0.000001 3.678266 -1.862417
v -0.022748 3.676908 -1.862593
v -0.000001 3.665099 -1.914373
v -0.022620 3.663877 -1.914197
v -0.000001 3.650031 -1.943433
v -0.022235 3.649420 -1.942377
v -0.000001 3.627023 -1.955586
v -0.022620 3.627159 -1.954177
v -0.000001 3.597975 -1.959108
v -0.022748 3.598110 -1.957523
v -0.000001 3.563089 -1.961926
v -0.022748 3.562953 -1.960517
v -0.000001 3.507232 -1.969676
v -0.022748 3.506892 -1.968267
v -0.039560 3.562003 -1.950478
v -0.039560 3.504246 -1.958756
v -0.000001 3.455650 -1.540464
v -0.039560 3.598993 -1.947308
v -0.038885 3.628516 -1.943962
v -0.035605 3.646434 -1.937621
v -0.046486 3.601233 -1.919833
v -0.045532 3.633878 -1.916839
v -0.047474 3.605372 -1.870342
v -0.046486 3.643244 -1.866291
v -0.038885 3.655461 -1.914373
v -0.039560 3.667338 -1.863650
v -0.039560 3.680369 -1.788797
v -0.039560 3.674261 -1.708838
v -0.039560 3.633539 -1.642615
v -0.039560 3.580668 -1.593477
v -0.038885 3.541642 -1.561423
v -0.035605 3.519856 -1.547157
v -0.038885 3.497798 -1.545748
v -0.038885 3.497798 -1.545748
v -0.038885 3.541642 -1.561423
v -0.045532 3.518430 -1.563888
v -0.046486 3.555488 -1.596823
v -0.046486 3.482052 -1.567939
v -0.047474 3.514833 -1.602283
v -0.039560 3.580668 -1.593477
v -0.039560 3.633539 -1.642615
v -0.046486 3.606187 -1.646666
v -0.047474 3.514833 -1.602283
v -0.047474 3.559899 -1.653359
v -0.047474 3.458976 -1.610209
v -0.046486 3.433660 -1.574280
v -0.046486 3.482052 -1.567939
v -0.039560 3.463659 -1.548742
v -0.039560 3.674261 -1.708838
v -0.046486 3.645891 -1.713064
v -0.039560 3.680369 -1.788797
v -0.039560 3.355202 -1.565121
v -0.046486 3.365518 -1.586080
v -0.047474 3.383979 -1.623770
v -0.047474 3.494472 -1.663574
v -0.047474 3.597160 -1.720462
v -0.046486 3.653561 -1.792496
v -0.039560 3.667338 -1.863650
v -0.046486 3.643244 -1.866291
v -0.047474 3.608834 -1.798660
v -0.047474 3.527389 -1.731557
v -0.047474 3.410516 -1.679425
v -0.047474 3.439429 -1.748289
v -0.047474 3.546122 -1.807819
v -0.047474 3.554605 -1.876683
v -0.046486 3.601233 -1.919833
v -0.046486 3.559356 -1.924236
v -0.039560 3.598993 -1.947308
v -0.039560 3.562003 -1.950478
v -0.046486 3.497051 -1.933570
v -0.039560 3.504246 -1.958756
v -0.047474 3.464677 -1.822613
v -0.047474 3.484088 -1.888307
v -0.039560 3.414588 -1.975840
v -0.022748 3.506892 -1.968267
v -0.022748 3.417914 -1.984998
v -0.000001 3.418389 -1.986407
v -0.022748 3.310883 -2.011417
v -0.000001 3.311357 -2.012650
v -0.022748 3.207652 -2.044880
v -0.000001 3.208127 -2.046113
v -0.022748 3.131840 -2.073412
v -0.000001 3.132383 -2.074645
v -0.000001 3.099466 -2.087678
v -0.022748 3.098855 -2.086445
v -0.000001 3.089693 -2.092257
v -0.022748 3.088946 -2.091201
v -0.000001 3.080530 -2.097893
v -0.022806 3.079648 -2.097013
v -0.000001 3.073946 -2.106699
v -0.022986 3.072725 -2.106347
v -0.000001 3.081616 -2.128186
v -0.022806 3.080666 -2.128891
v -0.000001 3.130008 -2.211493
v -0.022748 3.129193 -2.212373
v -0.000001 3.232899 -2.386030
v -0.022748 3.232153 -2.387087
v -0.000001 3.338031 -2.564443
v -0.022748 3.337352 -2.565500
v -0.000001 3.392191 -2.658669
v -0.022620 3.391512 -2.659726
v -0.000001 3.405154 -2.696712
v -0.022235 3.404204 -2.696712
v -0.000001 3.398367 -2.727357
v -0.022620 3.397553 -2.726300
v -0.000001 3.378481 -2.768041
v -0.022748 3.377735 -2.766809
v -0.000001 3.347193 -2.821935
v -0.022748 3.346447 -2.820702
v -0.000001 3.300973 -2.868255
v -0.022748 3.300227 -2.867023
v -0.000001 3.239211 -2.887629
v -0.022748 3.238533 -2.886396
v -0.000001 3.178874 -2.889742
v -0.022748 3.178195 -2.888685
v 0.000001 3.136455 -2.888333
v -0.022620 3.135980 -2.887100
v -0.000001 3.108968 -2.880232
v -0.022235 3.109375 -2.879527
v 0.000001 3.084331 -2.852404
v -0.022620 3.085417 -2.852228
v -0.000001 3.032681 -2.764871
v -0.022748 3.033835 -2.764695
v 0.000001 2.935966 -2.596674
v -0.022748 2.937052 -2.596321
v -0.000001 2.841558 -2.432527
v -0.022748 2.842508 -2.431999
v 0.000001 2.796967 -2.355737
v -0.022806 2.797714 -2.354857
v -0.000001 2.785633 -2.340239
v -0.022986 2.785633 -2.339182
v 0.000001 2.780067 -2.341648
v -0.022806 2.779389 -2.340591
v -0.000001 2.774230 -2.347636
v -0.022748 2.773416 -2.346579
v 0.000001 2.765339 -2.358732
v -0.022748 2.764457 -2.357851
v 0.000001 2.741856 -2.391842
v -0.022748 2.740838 -2.390962
v -0.022748 2.694211 -2.460354
v 0.000001 2.695229 -2.461059
v -0.022748 2.637064 -2.553699
v 0.000001 2.638082 -2.554404
v -0.022748 2.585211 -2.652328
v 0.000001 2.586297 -2.653033
v -0.022748 2.546118 -2.736867
v 0.000001 2.547271 -2.737572
v -0.039560 2.538177 -2.731936
v -0.039560 2.577745 -2.646692
v -0.039560 2.629802 -2.548064
v -0.039560 2.687085 -2.454718
v -0.039560 2.734051 -2.385150
v -0.039560 2.758077 -2.351686
v -0.039560 2.767443 -2.339886
v -0.039798 2.774163 -2.333194
v -0.041777 2.785701 -2.329143
v -0.039798 2.803279 -2.350101
v -0.039560 2.849024 -2.428476
v -0.039560 2.944314 -2.594032
v -0.039560 3.041912 -2.763814
v -0.038885 3.093358 -2.851700
v -0.035605 3.111343 -2.875829
v -0.038885 3.132044 -2.879527
v -0.039560 3.173445 -2.880232
v -0.039560 3.233442 -2.877590
v -0.039560 3.295001 -2.858040
v -0.039560 3.341289 -2.811720
v -0.039560 3.372712 -2.758002
v -0.038885 3.392530 -2.718727
v -0.035605 3.399793 -2.696712
v -0.038885 3.386829 -2.667123
v -0.039560 3.332533 -2.573249
v -0.039560 3.226859 -2.393956
v -0.039560 3.123424 -2.218361
v -0.039798 3.074150 -2.133470
v -0.041777 3.062341 -2.104586
v -0.039798 3.073675 -2.090320
v -0.039560 3.083924 -2.083803
v -0.039560 3.094579 -2.078872
v -0.039560 3.128243 -2.065310
v -0.039560 3.128243 -2.065310
v -0.039560 3.204258 -2.036426
v -0.039560 3.307489 -2.002611
v -0.046486 3.118673 -2.043648
v -0.039560 3.204258 -2.036426
v -0.046486 3.195367 -2.013883
v -0.039560 3.307489 -2.002611
v -0.046486 3.298530 -1.979362
v -0.046486 3.405630 -1.951711
v -0.039560 3.504246 -1.958756
v -0.046486 3.497051 -1.933570
v -0.047474 3.101298 -2.004372
v -0.047474 3.179349 -1.973198
v -0.047474 3.282309 -1.937445
v -0.047474 3.389477 -1.908385
v -0.047474 3.365722 -1.845157
v -0.047474 3.464677 -1.822613
v -0.047474 3.075711 -1.946427
v -0.047474 3.155595 -1.913140
v -0.047474 3.045509 -1.878092
v -0.047474 3.127836 -1.842867
v -0.047474 3.015578 -1.810284
v -0.047474 3.258419 -1.875978
v -0.047474 3.230728 -1.804648
v -0.047474 3.337963 -1.772594
v -0.047474 3.439429 -1.748289
v -0.047474 3.310679 -1.703202
v -0.047474 3.410516 -1.679425
v -0.047474 3.100416 -1.773651
v -0.047474 3.203647 -1.735080
v -0.047474 3.077340 -1.715178
v -0.047474 3.181046 -1.676959
v -0.047474 3.287807 -1.645962
v -0.046486 3.272196 -1.607038
v -0.046486 3.365518 -1.586080
v -0.039560 3.263441 -1.585375
v -0.047474 2.990194 -1.752868
v -0.046486 2.972820 -1.713417
v -0.046486 3.061526 -1.675198
v -0.039560 2.963114 -1.691401
v -0.039560 3.052703 -1.652830
v -0.046486 3.165640 -1.637331
v -0.039560 3.156952 -1.615316
v 0.047474 3.081820 -2.260807
v 0.047474 3.029763 -2.172217
v 0.047474 3.043133 -2.299202
v 0.047474 2.989516 -2.207266
v 0.047474 2.941395 -2.247422
v 0.047474 2.970851 -2.178029
v 0.047474 2.922528 -2.217657
v 0.047474 2.891510 -2.285640
v 0.047474 2.873457 -2.257108
v 0.047474 2.848549 -2.316814
v 0.047474 3.011709 -2.143861
v 0.047474 2.897551 -2.401529
v 0.047474 2.943500 -2.375111
v 0.047474 2.505396 -1.375084
v 0.047474 2.462230 -1.401503
v 0.046486 2.535191 -1.405730
v 0.046544 2.493858 -1.430915
v 0.046885 2.472682 -1.446943
v 0.047474 2.440172 -1.417530
v 0.047474 2.395853 -1.465259
v 0.047474 2.420897 -1.436727
v 0.047369 2.453542 -1.465964
v 0.047474 2.449131 -1.513341
v 0.046885 2.474379 -1.485161
v 0.046885 2.472682 -1.446943
v 0.047474 2.440172 -1.417530
v 0.047474 2.449131 -1.513341
v 0.047474 2.467659 -1.531305
v 0.046885 2.474379 -1.485161
v 0.046544 2.492636 -1.503830
v 0.046486 2.537023 -1.548918
v 0.039560 2.551480 -1.533771
v 0.047474 2.511504 -1.575512
v 0.047474 2.234796 -1.231896
v 0.046885 2.201879 -1.202308
v 0.047474 2.260044 -1.213051
v 0.046544 2.228348 -1.183463
v 0.047474 2.314340 -1.177827
v 0.046486 2.284613 -1.147181
v 0.039798 2.210363 -1.166555
v 0.047474 3.319434 -0.831393
v 0.046486 3.414249 -0.818888
v 0.046486 3.291675 -0.791941
v 0.045532 3.384997 -0.779613
v 0.039560 3.276269 -0.770102
v 0.038885 3.429452 -0.774153
v 0.039560 3.460130 -0.812900
v 0.047474 2.201675 -1.689288
v 0.046885 2.234321 -1.718348
v 0.047474 2.187490 -1.707428
v 0.046544 2.220068 -1.735960
v 0.047474 2.167400 -1.734199
v 0.046486 2.200793 -1.761498
v 0.039798 2.238325 -1.752164
v 0.039560 2.219321 -1.776821
v 0.047474 2.274975 -1.670619
v 0.046885 2.270496 -1.716587
v 0.047369 2.250678 -1.698798
v 0.046885 2.234321 -1.718348
v 0.047474 2.218168 -1.669738
v 0.047474 2.201675 -1.689288
v 0.047474 2.242533 -1.641558
v 0.047474 1.796217 -2.421079
v 0.046486 1.847934 -2.426715
v 0.046486 1.774227 -2.476029
v 0.045532 1.828387 -2.477086
v 0.038885 1.818139 -2.502271
v 0.039560 1.876643 -2.429709
v 0.047474 2.843866 -1.831771
v 0.046885 2.816310 -1.797251
v 0.046544 2.837689 -1.784394
v 0.039798 2.822690 -1.764492
v 0.046486 2.865788 -1.768543
v 0.039560 2.852078 -1.748641
v 0.047474 2.890289 -1.803944
v 0.046885 2.775927 -1.791439
v 0.039798 2.773212 -1.757623
v 0.046544 2.757059 -1.771889
v 0.039560 2.727468 -1.712360
v 0.046486 2.711993 -1.726274
v 0.047474 2.729029 -1.795842
v 0.047474 2.684777 -1.750931
v 0.047474 2.747015 -1.815392
v 0.047474 2.429177 -2.819469
v 0.046486 2.414313 -2.859801
v 0.045532 2.461755 -2.862091
v 0.039560 2.499423 -2.830917
v 0.038885 2.487342 -2.862795
v 0.038885 2.453067 -2.884811
v 0.039560 2.404879 -2.885339
v 0.047474 1.822686 -1.048376
v 0.046486 1.759431 -1.011566
v 0.045532 1.781082 -0.981626
v 0.038885 1.793434 -0.965422
v 0.038885 1.755427 -0.967183
v 0.022621 1.747418 -0.961900
v 0.000001 1.723731 -0.990784
v 0.000001 1.746332 -0.961195
v 0.022235 1.767508 -0.950100
v 0.000001 1.767100 -0.949043
v 0.035605 1.769408 -0.955736
v 0.022621 1.797439 -0.958730
v 0.000001 1.797914 -0.957849
v -0.039560 3.173445 -2.880232
v -0.046486 3.156273 -2.850643
v -0.038885 3.132044 -2.879527
v -0.045532 3.115416 -2.851524
v -0.046486 3.063359 -2.761349
v -0.039560 3.041912 -2.763814
v -0.047474 3.102316 -2.756946
v -0.039560 1.598714 -1.187513
v -0.046486 1.623351 -1.201779
v -0.038885 1.578828 -1.217278
v -0.045532 1.602379 -1.231368
v -0.035605 1.573262 -1.232777
v -0.038885 1.591519 -1.247395
v -0.046486 1.661969 -1.265536
v -0.039560 1.650092 -1.281563
v -0.046486 1.765404 -1.324713
v -0.039560 1.753051 -1.340388
v -0.046486 1.867820 -1.383186
v -0.039560 1.854993 -1.398509
v -0.047474 1.683688 -1.236299
v -0.047474 1.891032 -1.355182
v -0.047474 1.787869 -1.296005
v -0.047474 1.683688 -1.236299
v -0.047474 1.821125 -1.253559
v -0.047474 1.925510 -1.313617
v -0.047474 1.984625 -1.347961
v -0.047474 1.949536 -1.388998
v -0.047474 2.013470 -1.366630
v -0.047474 1.978178 -1.407491
v -0.047474 2.055007 -1.318725
v -0.047474 2.025891 -1.299704
v -0.047474 1.965961 -1.264831
v -0.047474 2.096204 -1.271172
v -0.047474 2.066817 -1.251798
v -0.047474 2.131226 -1.230663
v -0.047474 2.101498 -1.211290
v -0.047474 2.006140 -1.216397
v -0.047474 2.040211 -1.175185
v -0.047474 1.860287 -1.203717
v -0.047474 1.715790 -1.192973
v -0.046486 1.623351 -1.201779
v -0.046486 1.654775 -1.157748
v -0.039560 1.598714 -1.187513
v -0.039560 1.629866 -1.143483
v -0.046486 1.691696 -1.106144
v -0.039560 1.666448 -1.091526
v -0.047474 1.753526 -1.141897
v -0.047474 1.899041 -1.154226
v -0.047474 1.932026 -1.112133
v -0.046486 2.063898 -1.146653
v -0.046486 1.954830 -1.083072
v -0.039560 2.077269 -1.130626
v -0.039560 1.967793 -1.066517
v -0.046486 1.844744 -1.018611
v -0.039560 1.857232 -1.001704
v -0.047474 1.822686 -1.048376
v -0.047474 1.790923 -1.091350
v -0.046486 1.728346 -1.055069
v -0.039560 1.702759 -1.040098
v -0.046486 1.759431 -1.011566
v -0.039560 1.733572 -0.996420
v -0.022748 1.694275 -1.035167
v -0.039560 1.702759 -1.040098
v -0.022748 1.725021 -0.991488
v -0.039560 1.733572 -0.996420
v -0.022620 1.747418 -0.961900
v -0.038885 1.755427 -0.967183
v -0.022235 1.767508 -0.950100
v -0.035605 1.769408 -0.955736
v -0.022748 1.658033 -1.086771
v 0.000001 1.693054 -1.034462
v 0.000001 1.723731 -0.990784
v 0.000001 1.746332 -0.961195
v 0.000001 1.767100 -0.949043
v -0.039560 1.629866 -1.143483
v -0.022748 1.621586 -1.138727
v -0.039560 1.598714 -1.187513
v -0.022748 1.590501 -1.182934
v -0.038885 1.578828 -1.217278
v -0.022620 1.570751 -1.213227
v 0.000001 1.656879 -1.086066
v 0.000001 1.620364 -1.138023
v 0.000001 1.589348 -1.182230
v 0.000001 1.569529 -1.212699
v -0.022235 1.567358 -1.233657
v 0.000001 1.566136 -1.233657
v -0.022620 1.586836 -1.253031
v 0.000001 1.586090 -1.253736
v -0.022748 1.645544 -1.287727
v -0.039560 1.650092 -1.281563
v -0.039560 1.753051 -1.340388
v -0.022748 1.748368 -1.346376
v -0.039560 1.854993 -1.398509
v -0.038885 1.591519 -1.247395
v 0.000001 1.644933 -1.288608
v 0.000001 1.747689 -1.347257
v -0.022748 1.850174 -1.404497
v 0.000001 1.849495 -1.405201
v -0.022806 1.906506 -1.437608
v 0.000001 1.905624 -1.438312
v -0.022986 1.924628 -1.455749
v 0.000001 1.923270 -1.455749
v -0.039798 1.912140 -1.432324
v -0.041777 1.936369 -1.455572
v -0.047474 1.891032 -1.355182
v -0.046486 1.867820 -1.383186
v -0.047474 1.949536 -1.388998
v -0.046543 1.925714 -1.416825
v -0.047474 1.978178 -1.407491
v -0.046885 1.953812 -1.435671
v -0.039560 1.854993 -1.398509
v -0.022806 1.919741 -1.475298
v 0.000001 1.918655 -1.474594
v -0.022748 1.894154 -1.510171
v 0.000001 1.893204 -1.509290
v -0.022748 1.847866 -1.570757
v 0.000001 1.846780 -1.570052
v -0.039798 1.927139 -1.480758
v -0.039560 1.901212 -1.515806
v -0.039560 1.855196 -1.576041
v -0.039560 1.797099 -1.655824
v -0.022748 1.789362 -1.650893
v 0.000001 1.788276 -1.650188
v -0.022748 1.789362 -1.650893
v 0.000001 1.727464 -1.740539
v -0.022748 1.728550 -1.741244
v 0.000001 1.668960 -1.837055
v -0.022748 1.670045 -1.837583
v -0.039560 1.736355 -1.745823
v -0.039560 1.677783 -1.842338
v -0.022748 1.616631 -1.937621
v -0.039560 1.624233 -1.942376
v -0.022748 1.568647 -2.038892
v -0.039560 1.575841 -2.044176
v 0.000001 1.615546 -1.936916
v 0.000001 1.567629 -2.038187
v -0.039560 1.797099 -1.655824
v -0.046486 1.817325 -1.668681
v -0.039560 1.736355 -1.745823
v -0.046486 1.756920 -1.758504
v -0.039560 1.677783 -1.842338
v -0.046486 1.698280 -1.854667
v -0.046486 1.644323 -1.954881
v -0.039560 1.575841 -2.044176
v -0.046486 1.594913 -2.057913
v -0.047474 1.680701 -1.977249
v -0.047474 1.629527 -2.082923
v -0.047474 1.734658 -2.010712
v -0.047474 1.789973 -1.910146
v -0.047474 1.735269 -1.877035
v -0.047474 1.848884 -1.814511
v -0.047474 1.794113 -1.781048
v -0.047474 1.907796 -1.726978
v -0.047474 1.853907 -1.692282
v -0.047474 1.971458 -1.767838
v -0.047474 1.913904 -1.853963
v -0.047474 1.855196 -1.949597
v -0.047474 2.035257 -1.808875
v -0.047474 1.979263 -1.893942
v -0.047474 2.089282 -1.843571
v -0.047474 2.034849 -1.927758
v -0.046486 2.126067 -1.867348
v -0.047474 1.921370 -1.989577
v -0.047474 1.799746 -2.050340
v -0.047474 1.681108 -2.119380
v -0.047474 1.581339 -2.191414
v -0.046486 1.550322 -2.160593
v -0.046486 1.514961 -2.246365
v -0.039560 1.499758 -2.225582
v -0.039560 1.533151 -2.143509
v -0.046486 1.594913 -2.057913
v -0.039560 1.575841 -2.044176
v -0.047474 1.542381 -2.283527
v -0.047474 1.628373 -2.235797
v -0.047474 1.745314 -2.160417
v -0.047474 1.866938 -2.090320
v -0.047474 1.978042 -2.023921
v -0.046486 2.072789 -1.950830
v -0.039560 2.146496 -1.880381
v -0.039560 2.093829 -1.963687
v -0.046486 2.016796 -2.047170
v -0.039560 2.038311 -2.060203
v -0.047474 1.925171 -2.124664
v -0.047474 1.814745 -2.198459
v -0.047474 1.876372 -2.228929
v -0.046486 1.965011 -2.148088
v -0.039560 1.987272 -2.161121
v -0.046486 1.918859 -2.249535
v -0.039560 1.942545 -2.261159
v -0.046486 1.878815 -2.346931
v -0.039560 1.905013 -2.354328
v -0.046486 1.847934 -2.426715
v -0.039560 1.876643 -2.429709
v -0.047474 1.796217 -2.421079
v -0.047474 1.831713 -2.333546
v -0.047474 1.722034 -2.410511
v -0.047474 1.763910 -2.312587
v -0.047474 1.876372 -2.228929
v -0.047474 1.814745 -2.198459
v -0.046486 1.696447 -2.471274
v -0.046486 1.774227 -2.476029
v -0.039560 1.684027 -2.500686
v -0.039560 1.763232 -2.503328
v -0.047474 1.690678 -2.280356
v -0.047474 1.645001 -2.384445
v -0.046486 1.617106 -2.448554
v -0.039560 1.603804 -2.479199
v -0.047474 1.584664 -2.336188
v -0.046486 1.518423 -2.340943
v -0.046486 1.557991 -2.398007
v -0.039560 1.506613 -2.369123
v -0.039560 1.545096 -2.427948
v -0.039560 1.545096 -2.427948
v -0.022748 1.502270 -2.379514
v -0.022620 1.478583 -2.335835
v -0.038885 1.482791 -2.326853
v -0.022235 1.469217 -2.303957
v -0.035605 1.473493 -2.303429
v -0.022748 1.540413 -2.438867
v 0.000001 1.501659 -2.380923
v 0.000001 1.477972 -2.337068
v 0.000001 1.468334 -2.303957
v -0.022748 1.599053 -2.490119
v -0.022748 1.679547 -2.511254
v -0.039560 1.763232 -2.503328
v -0.022748 1.759227 -2.513367
v -0.038885 1.818139 -2.502271
v 0.000001 1.539802 -2.440276
v 0.000001 1.598374 -2.491704
v 0.000001 1.678869 -2.512839
v 0.000001 1.758684 -2.514776
v -0.022620 1.815288 -2.511430
v 0.000001 1.814949 -2.512663
v -0.022235 1.848545 -2.502095
v 0.000001 1.849359 -2.503152
v -0.022620 1.868634 -2.477967
v 0.000001 1.870128 -2.478319
v -0.035605 1.844676 -2.497692
v -0.038885 1.857843 -2.477262
v -0.039560 1.876643 -2.429709
v -0.022748 1.887502 -2.430942
v -0.039560 1.905013 -2.354328
v -0.022748 1.914990 -2.357146
v -0.039560 1.942545 -2.261159
v -0.022748 1.951572 -2.265562
v 0.000001 1.916415 -2.357675
v 0.000001 1.952862 -2.266091
v 0.000001 1.889063 -2.431118
v 0.000001 1.996910 -2.166757
v -0.022748 1.951572 -2.265562
v -0.022748 1.995756 -2.166053
v -0.039560 1.987272 -2.161121
v -0.022748 2.046523 -2.065134
v -0.039560 2.038311 -2.060203
v -0.022748 2.101838 -1.968443
v -0.039560 2.093829 -1.963687
v -0.022748 2.154233 -1.885312
v 0.000001 2.047677 -2.065839
v 0.000001 2.102923 -1.969147
v 0.000001 2.155319 -1.886017
v -0.022748 2.154233 -1.885312
v -0.022748 2.196381 -1.823669
v 0.000001 2.197467 -1.824550
v -0.039560 2.189051 -1.818386
v -0.039560 2.146496 -1.880381
v -0.046486 2.126067 -1.867348
v -0.046486 2.169572 -1.804296
v -0.047474 2.089282 -1.843571
v -0.047474 2.134551 -1.778758
v -0.047474 2.035257 -1.808875
v -0.047474 2.082970 -1.741420
v -0.047474 1.971458 -1.767838
v -0.047474 2.022090 -1.697213
v -0.047474 1.907796 -1.726978
v -0.039560 2.219321 -1.776821
v -0.046486 2.200793 -1.761498
v -0.047474 2.167400 -1.734199
v -0.047474 2.118262 -1.693867
v -0.047474 2.187490 -1.707428
v -0.047474 2.139574 -1.665687
v -0.047474 2.201675 -1.689288
v -0.047474 2.154234 -1.647018
v -0.047474 2.083105 -1.616373
v -0.047474 2.098173 -1.597175
v -0.047474 2.060233 -1.646314
v -0.047474 1.961210 -1.653006
v -0.047474 1.909628 -1.615492
v -0.046486 1.817325 -1.668681
v -0.047474 2.002204 -1.598760
v -0.047474 2.026569 -1.566882
v -0.047474 2.042112 -1.547332
v -0.047474 1.978653 -1.525141
v -0.047474 1.994602 -1.505063
v -0.047474 1.953066 -1.558428
v -0.046486 1.874607 -1.590130
v -0.039560 1.797099 -1.655824
v -0.039560 1.855196 -1.576041
v -0.046486 1.919673 -1.531129
v -0.039560 1.901212 -1.515806
v -0.047474 2.011570 -1.484985
v -0.047474 2.059011 -1.527431
v -0.047474 2.036071 -1.456805
v -0.047474 2.098173 -1.597175
v -0.047474 2.114937 -1.577449
v -0.047474 2.154234 -1.647018
v -0.047474 2.170794 -1.627292
v -0.047474 2.201675 -1.689288
v -0.047474 2.218168 -1.669738
v -0.047474 2.195227 -1.599289
v -0.047474 2.242533 -1.641558
v -0.047474 2.139302 -1.549270
v -0.047474 2.083445 -1.499251
v -0.047474 2.071432 -1.415945
v -0.047474 2.038311 -1.386708
v -0.047474 2.079983 -1.338803
v -0.047474 2.055007 -1.318725
v -0.047474 2.096204 -1.271172
v -0.047474 2.121248 -1.291250
v -0.047474 2.131226 -1.230663
v -0.047474 2.156270 -1.250918
v -0.047474 2.154437 -1.320662
v -0.047474 2.189458 -1.280330
v -0.047474 2.002950 -1.427393
v -0.047474 2.013470 -1.366630
v -0.047474 1.978178 -1.407491
v -0.047474 2.113104 -1.368039
v -0.047474 2.118805 -1.458390
v -0.047474 2.174731 -1.508409
v -0.047474 2.230588 -1.558428
v -0.047474 2.277894 -1.600874
v -0.047474 2.274975 -1.670619
v -0.047474 2.310404 -1.629934
v -0.047474 2.294861 -1.688583
v -0.047474 2.330426 -1.648075
v -0.047474 2.352076 -1.582205
v -0.047474 2.372369 -1.600522
v -0.047474 2.319566 -1.552969
v -0.047474 2.272192 -1.510523
v -0.047474 2.216335 -1.460504
v -0.047474 2.160478 -1.410485
v -0.047474 2.201743 -1.363108
v -0.047474 2.257668 -1.413127
v -0.047474 2.313526 -1.463146
v -0.047474 2.360831 -1.505415
v -0.047474 2.393341 -1.534652
v -0.047474 2.413906 -1.553321
v -0.047474 2.428431 -1.494496
v -0.047474 2.449131 -1.513341
v -0.047474 2.395853 -1.465259
v -0.047474 2.348547 -1.422814
v -0.047474 2.292689 -1.372795
v -0.047474 2.236832 -1.322776
v -0.047474 2.214706 -1.251798
v -0.047474 2.262012 -1.294244
v -0.047474 2.234796 -1.231896
v -0.047474 2.317869 -1.344263
v -0.047474 2.373659 -1.394282
v -0.047474 2.420897 -1.436727
v -0.047474 2.393070 -1.375084
v -0.047474 2.440172 -1.417530
v -0.047474 2.337552 -1.324713
v -0.047474 2.281898 -1.274518
v -0.039560 2.268120 -1.130097
v -0.039798 2.210363 -1.166555
v -0.046486 2.284613 -1.147181
v -0.046543 2.228348 -1.183463
v -0.047474 2.314340 -1.177827
v -0.047474 2.260044 -1.213051
v -0.046885 2.201879 -1.202308
v -0.047474 2.306399 -1.256201
v -0.047474 2.281898 -1.274518
v -0.041777 2.176495 -1.180821
v -0.039560 2.499016 -0.986733
v -0.022748 2.494129 -0.979160
v -0.039560 2.373591 -1.062642
v -0.022748 2.368026 -1.055597
v -0.039560 2.268120 -1.130097
v -0.022748 2.261876 -1.123757
v -0.022806 2.204051 -1.159862
v -0.000001 2.493450 -0.977927
v -0.000001 2.367211 -1.054717
v 0.000001 2.260994 -1.122700
v 0.000001 2.203236 -1.158805
v -0.022986 2.175138 -1.169373
v 0.000001 2.175002 -1.168140
v -0.022806 2.144596 -1.159686
v 0.000001 2.145207 -1.158629
v -0.039798 2.139845 -1.166378
v -0.046543 2.125728 -1.182934
v -0.046486 2.063898 -1.146653
v -0.047474 2.040211 -1.175185
v -0.039560 2.077269 -1.130626
v -0.022748 2.082427 -1.124285
v -0.039560 1.967793 -1.066517
v -0.022748 1.972748 -1.060176
v -0.039560 1.857232 -1.001704
v -0.022748 1.861983 -0.995363
v 0.000001 1.973495 -1.059296
v 0.000001 1.862730 -0.994306
v -0.022620 1.797439 -0.958730
v 0.000001 1.797914 -0.957849
v 0.000001 2.083173 -1.123405
v -0.038885 1.793434 -0.965422
v -0.045532 1.781082 -0.981626
v -0.046486 1.844744 -1.018611
v -0.046486 1.759431 -1.011566
v -0.047474 1.822686 -1.048376
v -0.039560 1.733572 -0.996420
v -0.038885 1.755427 -0.967183
v -0.047474 2.131226 -1.230663
v -0.046885 2.156202 -1.201955
v -0.047474 2.156270 -1.250918
v -0.047369 2.181518 -1.222210
v -0.047474 2.189458 -1.280330
v -0.047474 2.214706 -1.251798
v -0.047474 2.234796 -1.231896
v -0.046885 2.156202 -1.201955
v -0.047474 2.101498 -1.211290
v -0.047474 2.747015 -1.815392
v -0.047474 2.765339 -1.837407
v -0.046885 2.775927 -1.791439
v -0.047369 2.794592 -1.813631
v -0.041777 2.797239 -1.773122
v -0.046885 2.816310 -1.797251
v -0.047474 2.822283 -1.847975
v -0.047474 2.843866 -1.831771
v -0.047474 2.793031 -1.871575
v -0.047474 2.684777 -1.750931
v -0.046486 2.711993 -1.726274
v -0.047474 2.729029 -1.795842
v -0.046543 2.757059 -1.771889
v -0.047474 2.747015 -1.815392
v -0.046885 2.775927 -1.791439
v -0.039798 2.773212 -1.757623
v -0.039560 2.727468 -1.712360
v -0.022986 2.798189 -1.762203
v -0.039798 2.773212 -1.757623
v -0.022806 2.778913 -1.751811
v -0.039560 2.727468 -1.712360
v -0.022748 2.733372 -1.706900
v -0.039560 2.639372 -1.622889
v -0.022748 2.645073 -1.617429
v -0.000001 2.734255 -1.706195
v -0.000001 2.779660 -1.751107
v -0.000001 2.798325 -1.760970
v -0.000001 2.816989 -1.755686
v -0.022806 2.817600 -1.756743
v -0.000001 2.846173 -1.740011
v -0.022748 2.846920 -1.741068
v -0.000001 2.891918 -1.715002
v -0.022748 2.892529 -1.716058
v -0.000001 2.958906 -1.681890
v -0.022748 2.959449 -1.682947
v -0.039560 2.896940 -1.724160
v -0.039560 2.963114 -1.691401
v -0.039798 2.822690 -1.764492
v -0.039560 2.852078 -1.748641
v -0.039560 2.852078 -1.748641
v -0.039798 2.822690 -1.764492
v -0.046486 2.865788 -1.768543
v -0.046543 2.837689 -1.784394
v -0.047474 2.890289 -1.803944
v -0.047474 2.864159 -1.818738
v -0.046885 2.816310 -1.797251
v -0.047474 2.843866 -1.831771
v -0.047474 2.902709 -1.868757
v -0.047474 2.843866 -1.831771
v -0.047474 2.883298 -1.881086
v -0.047474 2.925989 -1.855548
v -0.047474 2.890289 -1.803944
v -0.047474 2.959924 -1.837231
v -0.047474 2.929518 -1.782633
v -0.046486 2.865788 -1.768543
v -0.046486 2.908682 -1.745119
v -0.039560 2.896940 -1.724160
v -0.046486 2.972820 -1.713417
v -0.039560 2.963114 -1.691401
v -0.047474 2.990194 -1.752868
v -0.047474 3.045509 -1.878092
v -0.047474 2.995828 -1.901692
v -0.047474 3.075711 -1.946427
v -0.047474 2.968069 -1.916486
v -0.047474 2.948115 -1.927758
v -0.047474 2.929858 -1.939559
v -0.047474 2.993792 -1.986936
v -0.047474 2.976620 -1.998031
v -0.047474 3.010352 -1.977601
v -0.047474 3.031867 -1.966329
v -0.047474 3.101298 -2.004372
v -0.047474 3.062477 -2.021280
v -0.046486 3.118673 -2.043648
v -0.047474 3.046256 -2.029557
v -0.047474 3.032478 -2.037307
v -0.047474 3.016257 -2.047874
v -0.039560 3.083924 -2.083803
v -0.046486 3.070553 -2.064606
v -0.039560 3.094579 -2.078872
v -0.046486 3.083109 -2.058266
v -0.047474 3.016257 -2.047874
v -0.047474 2.995896 -2.063373
v -0.047474 2.955988 -2.013706
v -0.047474 2.929858 -1.939559
v -0.047474 2.908885 -1.955410
v -0.047474 2.883298 -1.881086
v -0.047474 2.966847 -2.086974
v -0.047474 2.926871 -2.037307
v -0.047474 2.925717 -2.120437
v -0.047474 2.953137 -2.154605
v -0.047474 2.904746 -2.194233
v -0.047474 2.922528 -2.217657
v -0.047474 2.873457 -2.257108
v -0.047474 2.855947 -2.234036
v -0.047474 2.831581 -2.290220
v -0.047474 2.994199 -2.120965
v -0.047474 2.970851 -2.178029
v -0.047474 3.011709 -2.143861
v -0.047474 2.877326 -2.160065
v -0.047474 2.885742 -2.070946
v -0.047474 2.879701 -1.979010
v -0.047474 2.861987 -1.897289
v -0.047474 2.843866 -1.831771
v -0.047474 2.822283 -1.847975
v -0.047474 2.832803 -1.920889
v -0.047474 2.793031 -1.871575
v -0.047474 2.838639 -2.012650
v -0.047474 2.837350 -2.110574
v -0.047474 2.828527 -2.199868
v -0.047474 2.814410 -2.267852
v -0.047474 2.787058 -2.233860
v -0.047474 2.788551 -2.150378
v -0.047474 2.747082 -2.184370
v -0.047474 2.758756 -2.256932
v -0.047474 2.718780 -2.207442
v -0.047474 2.741720 -2.271550
v -0.047474 2.701677 -2.222060
v -0.047474 2.671678 -2.149145
v -0.047474 2.654439 -2.163763
v -0.047474 2.624780 -2.091024
v -0.047474 2.607405 -2.105819
v -0.047474 2.585008 -2.041710
v -0.047474 2.567497 -2.056680
v -0.047474 2.613310 -2.018462
v -0.047474 2.653082 -2.067776
v -0.047474 2.699980 -2.125897
v -0.047474 2.741449 -2.092081
v -0.047474 2.568379 -1.963335
v -0.047474 2.585754 -1.984470
v -0.047474 2.609577 -1.929167
v -0.047474 2.627223 -1.950478
v -0.047474 2.658104 -1.889011
v -0.047474 2.675954 -1.910674
v -0.047474 2.654778 -1.984646
v -0.047474 2.694551 -2.033960
v -0.047474 2.743350 -1.993981
v -0.047474 2.790248 -2.052101
v -0.047474 2.791741 -1.954529
v -0.047474 2.751969 -1.905215
v -0.047474 2.703577 -1.944666
v -0.047474 2.724278 -1.871047
v -0.047474 2.706156 -1.849207
v -0.047474 2.747015 -1.815392
v -0.047474 2.765339 -1.837407
v -0.047474 2.350854 -1.743886
v -0.046486 2.325810 -1.770128
v -0.047474 2.311014 -1.704082
v -0.046543 2.286513 -1.731205
v -0.047474 2.294861 -1.688583
v -0.046885 2.270496 -1.716587
v -0.039798 2.273007 -1.746704
v -0.041777 2.254953 -1.737721
v -0.039560 2.312032 -1.784570
v -0.022986 2.255836 -1.748113
v -0.039798 2.273007 -1.746704
v -0.022806 2.268460 -1.752868
v -0.022748 2.306807 -1.790030
v -0.039560 2.391577 -1.864002
v -0.022748 2.386147 -1.869285
v -0.039560 2.471257 -1.943609
v -0.022748 2.465691 -1.948717
v 0.000001 2.385401 -1.870166
v -0.000001 2.306060 -1.790911
v -0.000001 2.267849 -1.753749
v 0.000001 2.255971 -1.749346
v 0.000001 2.245451 -1.759385
v -0.022806 2.244637 -1.758504
v 0.000001 2.227398 -1.783337
v -0.022748 2.226380 -1.782457
v -0.039560 2.219321 -1.776821
v -0.039798 2.238325 -1.752164
v -0.046885 2.234321 -1.718348
v -0.047474 2.218168 -1.669738
v -0.047369 2.250678 -1.698798
v -0.047474 2.242533 -1.641558
v -0.047474 2.274975 -1.670619
v -0.046885 2.270496 -1.716587
v -0.047474 2.294861 -1.688583
v -0.046543 2.220068 -1.735960
v -0.047474 2.167400 -1.734199
v -0.046486 2.200793 -1.761498
v -0.039798 2.238325 -1.752164
v -0.039560 2.219321 -1.776821
v -0.047474 2.201675 -1.689288
v -0.047474 2.311014 -1.704082
v -0.047474 2.330426 -1.648075
v -0.047474 2.347121 -1.664278
v -0.047474 2.372369 -1.600522
v -0.047474 2.389676 -1.617253
v -0.047474 2.413906 -1.553321
v -0.047474 2.431824 -1.570757
v -0.047474 2.449131 -1.513341
v -0.047474 2.467659 -1.531305
v -0.047474 2.474786 -1.614083
v -0.047474 2.511504 -1.575512
v -0.047474 2.350854 -1.743886
v -0.047474 2.387912 -1.705139
v -0.047474 2.431552 -1.659347
v -0.047474 2.449131 -1.513341
v -0.047474 2.467659 -1.531305
v -0.046885 2.474379 -1.485161
v -0.046543 2.492636 -1.503830
v -0.041777 2.494672 -1.466140
v -0.039798 2.507432 -1.488155
v -0.046486 2.537023 -1.548918
v -0.039560 2.551480 -1.533771
v -0.039560 2.551480 -1.533771
v -0.046486 2.624440 -1.637508
v -0.047474 2.598039 -1.663221
v -0.047474 2.511504 -1.575512
v -0.047474 2.560031 -1.700207
v -0.047474 2.474786 -1.614083
v -0.047474 2.515305 -1.743710
v -0.047474 2.431552 -1.659347
v -0.047474 2.470171 -1.787564
v -0.047474 2.387912 -1.705139
v -0.047474 2.431756 -1.824902
v -0.047474 2.350854 -1.743886
v -0.046486 2.405829 -1.850264
v -0.046486 2.325810 -1.770128
v -0.039560 2.391577 -1.864002
v -0.039560 2.312032 -1.784570
v -0.046486 2.485985 -1.930400
v -0.047474 2.512794 -1.906095
v -0.047474 2.552498 -1.870342
v -0.047474 2.599193 -1.828249
v -0.047474 2.645480 -1.786332
v -0.047474 2.684777 -1.750931
v -0.046486 2.711993 -1.726274
v -0.039560 2.727468 -1.712360
v -0.022748 2.556977 -1.527959
v -0.039798 2.507432 -1.488155
v -0.022806 2.513540 -1.482696
v -0.022986 2.505939 -1.466316
v -0.000001 2.514422 -1.481991
v -0.000001 2.507296 -1.466316
v -0.022806 2.518970 -1.453107
v -0.000001 2.520056 -1.453811
v -0.000001 2.645887 -1.616549
v -0.000001 2.557792 -1.527078
v -0.039798 2.511843 -1.447295
v -0.039560 2.551751 -1.422814
v -0.022748 2.557995 -1.429330
v -0.039560 2.624644 -1.380544
v -0.022748 2.630209 -1.387589
v -0.039560 2.719323 -1.330173
v -0.022748 2.724210 -1.337746
v -0.000001 2.630956 -1.388470
v -0.000001 2.724889 -1.338803
v -0.000001 2.827169 -1.293187
v -0.022748 2.826491 -1.291954
v -0.000001 2.934812 -1.255849
v -0.022748 2.934201 -1.254616
v -0.039560 2.821944 -1.284029
v -0.039560 2.929586 -1.246515
v -0.022748 3.046663 -1.227317
v -0.039560 3.042183 -1.218863
v -0.000001 2.558877 -1.430211
v -0.039560 2.719323 -1.330173
v -0.000001 3.047274 -1.228550
v -0.000001 3.163197 -1.210233
v -0.022748 3.162789 -1.209000
v -0.039560 3.159328 -1.200018
v -0.039560 3.159328 -1.200018
v -0.022748 3.162789 -1.209000
v -0.039560 3.276947 -1.188570
v -0.022748 3.278033 -1.197905
v -0.039560 3.376785 -1.181701
v -0.022748 3.375360 -1.191741
v -0.000001 3.278101 -1.199314
v -0.000001 3.375156 -1.193149
v -0.022620 3.439633 -1.186633
v -0.000001 3.439497 -1.188042
v -0.022235 3.476283 -1.174657
v -0.000001 3.477165 -1.175713
v -0.022620 3.497798 -1.147357
v -0.000001 3.499630 -1.147357
v -0.038885 3.441669 -1.176770
v -0.035605 3.471668 -1.170254
v -0.038885 3.485106 -1.147534
v -0.039560 3.502549 -1.098924
v -0.022748 3.516870 -1.097691
v -0.039560 3.523385 -1.027066
v -0.022748 3.538860 -1.025480
v -0.039560 3.527932 -0.946225
v -0.022748 3.544425 -0.944464
v -0.000001 3.541031 -1.025304
v -0.000001 3.546800 -0.944112
v -0.022748 3.517073 -0.870140
v -0.000001 3.519449 -0.869788
v -0.000001 3.518906 -1.097515
v -0.039560 3.500377 -0.872253
v -0.039560 3.460130 -0.812900
v -0.022748 3.476690 -0.810786
v -0.038885 3.429452 -0.774153
v -0.022620 3.444791 -0.771511
v -0.035605 3.408412 -0.757245
v -0.022235 3.413231 -0.752314
v -0.000001 3.446895 -0.771159
v -0.000001 3.414181 -0.751257
v -0.022620 3.363550 -0.750376
v -0.000001 3.363007 -0.749143
v -0.000001 3.479066 -0.810610
v -0.038885 3.368437 -0.758478
v -0.045532 3.384997 -0.779613
v -0.039560 3.460130 -0.812900
v -0.046486 3.414249 -0.818888
v -0.046486 3.291675 -0.791941
v -0.047474 3.319434 -0.831393
v -0.039560 3.276269 -0.770102
v -0.039560 3.128108 -0.790885
v -0.046486 3.142360 -0.812548
v -0.039560 2.966101 -0.817303
v -0.046486 2.979132 -0.838614
v -0.047474 3.167947 -0.851647
v -0.047474 3.002615 -0.877361
v -0.047474 3.204054 -0.909768
v -0.047474 3.036550 -0.934777
v -0.039560 3.276269 -0.770102
v -0.047474 3.319434 -0.831393
v -0.047474 3.357849 -0.890042
v -0.046486 3.414249 -0.818888
v -0.039560 3.500377 -0.872253
v -0.046486 3.453954 -0.878065
v -0.039560 3.527932 -0.946225
v -0.046486 3.482255 -0.951509
v -0.039560 3.523385 -1.027066
v -0.047474 3.388187 -0.962428
v -0.047474 3.238126 -0.980393
v -0.047474 3.073879 -1.003465
v -0.047474 3.258351 -1.054541
v -0.047474 3.107000 -1.074090
v -0.047474 3.394499 -1.040099
v -0.046486 3.480695 -1.031292
v -0.039560 3.502549 -1.098924
v -0.046486 3.463659 -1.102094
v -0.047474 3.387237 -1.108610
v -0.047474 3.268192 -1.119178
v -0.047474 3.132723 -1.134853
v -0.046486 3.273825 -1.163737
v -0.046486 3.149894 -1.176770
v -0.039560 3.276947 -1.188570
v -0.039560 3.159328 -1.200018
v -0.046486 3.380586 -1.155635
v -0.039560 3.376785 -1.181701
v -0.039560 2.153283 -2.754832
v -0.038885 2.124371 -2.713795
v -0.046486 2.165025 -2.725948
v -0.045532 2.135094 -2.686320
v -0.047474 2.184843 -2.677338
v -0.046486 2.153826 -2.640000
v -0.038885 2.118941 -2.664129
v -0.039560 2.136451 -2.619217
v -0.035605 2.112900 -2.690195
v -0.022620 2.112493 -2.656555
v -0.022235 2.107810 -2.691075
v -0.038885 2.124371 -2.713795
v -0.022620 2.119755 -2.723658
v -0.039560 2.153283 -2.754832
v -0.022748 2.148736 -2.766104
v -0.039560 2.198146 -2.811367
v -0.022748 2.193463 -2.822991
v -0.039560 2.259433 -2.860506
v -0.022748 2.254817 -2.872306
v -0.039560 2.334362 -2.881993
v -0.022748 2.330086 -2.892912
v -0.039560 2.404879 -2.885339
v -0.022748 2.401146 -2.895554
v -0.038885 2.453067 -2.884811
v -0.022620 2.450352 -2.893969
v -0.035605 2.476279 -2.880760
v 0.000001 2.400603 -2.896963
v 0.000001 2.329475 -2.894497
v 0.000001 2.254139 -2.873891
v 0.000001 2.192852 -2.824753
v 0.000001 2.148057 -2.767689
v 0.000001 2.119009 -2.724891
v 0.000001 2.106724 -2.691427
v 0.000001 2.111543 -2.655499
v 0.000001 2.128850 -2.610059
v -0.022748 2.129800 -2.611292
v 0.000001 2.154437 -2.549296
v -0.022748 2.155387 -2.550353
v 0.000001 2.189730 -2.472331
v -0.022748 2.190748 -2.473211
v -0.039560 2.162310 -2.557398
v -0.039560 2.197942 -2.479376
v -0.039560 2.136451 -2.619217
v -0.039560 2.245044 -2.387792
v -0.022748 2.190748 -2.473211
v -0.022748 2.237714 -2.381979
v 0.000001 2.236696 -2.381099
v -0.022748 2.294386 -2.285112
v 0.000001 2.293368 -2.284231
v -0.022748 2.356488 -2.193000
v 0.000001 2.355402 -2.192295
v -0.022748 2.414585 -2.115858
v 0.000001 2.413567 -2.114977
v 0.000001 2.458768 -2.060027
v -0.022748 2.459719 -2.061083
v 0.000001 2.489039 -2.026035
v -0.022748 2.489921 -2.026916
v 0.000001 2.504785 -2.008070
v -0.022806 2.505735 -2.008951
v -0.000001 2.509468 -1.999088
v -0.022986 2.510622 -1.999264
v -0.039798 2.511979 -2.015644
v -0.039560 2.496029 -2.033960
v -0.039560 2.466302 -2.067424
v -0.039560 2.421643 -2.121670
v 0.000001 2.502613 -1.987816
v -0.022806 2.503495 -1.987112
v -0.000001 2.464877 -1.949421
v -0.041777 2.520327 -2.000849
v -0.039798 2.509604 -1.982885
v -0.046543 2.525282 -1.970028
v -0.047474 2.512794 -1.906095
v -0.047474 2.552837 -1.946427
v -0.046885 2.540009 -1.986583
v -0.047474 2.568379 -1.963335
v -0.047474 2.512794 -1.906095
v -0.047474 2.552498 -1.870342
v -0.047474 2.552837 -1.946427
v -0.047474 2.593492 -1.911731
v -0.047474 2.609577 -1.929167
v -0.047474 2.641340 -1.870870
v -0.047474 2.658104 -1.889011
v -0.047474 2.688714 -1.830186
v -0.047474 2.729029 -1.795842
v -0.047474 2.706156 -1.849207
v -0.047474 2.747015 -1.815392
v -0.047474 2.599193 -1.828249
v -0.039560 3.502549 -1.098924
v -0.046486 3.463659 -1.102094
v -0.038885 3.485106 -1.147534
v -0.045532 3.449746 -1.150704
v -0.038885 3.441669 -1.176770
v -0.046486 3.380586 -1.155635
v -0.039560 3.376785 -1.181701
v -0.047474 3.387237 -1.108610
v -0.039560 1.499758 -2.225582
v -0.046486 1.514961 -2.246365
v -0.038885 1.479737 -2.277715
v -0.045532 1.493175 -2.300082
v -0.046486 1.518423 -2.340943
v -0.039560 1.506613 -2.369123
v -0.047474 1.542381 -2.283527
v 0.000001 1.473628 -2.269085
v -0.022620 1.474375 -2.270141
v 0.000001 1.493175 -2.216776
v -0.022748 1.494057 -2.217833
v 0.000001 1.525753 -2.136112
v -0.022748 1.526635 -2.136992
v -0.022748 1.568647 -2.038892
v -0.039560 1.533151 -2.143509
v -0.039560 1.575841 -2.044176
v -0.038885 1.479737 -2.277715
v -0.039560 1.499758 -2.225582
v -0.039560 3.372712 -2.758002
v -0.046486 3.354591 -2.727181
v -0.039560 3.341289 -2.811720
v -0.046486 3.322692 -2.779842
v -0.039560 3.295001 -2.858040
v -0.046486 3.276336 -2.825810
v -0.046486 3.215389 -2.846416
v -0.039560 3.173445 -2.880232
v -0.046486 3.156273 -2.850643
v -0.047474 3.158717 -2.748139
v -0.047474 3.102316 -2.756946
v -0.047474 3.297716 -2.629785
v -0.047474 3.264391 -2.679451
v -0.047474 3.217696 -2.724539
v -0.046486 3.354591 -2.727181
v -0.046486 3.319909 -2.593856
v -0.045532 3.375495 -2.688786
v -0.039560 3.332533 -2.573249
v -0.038885 3.386829 -2.667123
v -0.038885 3.392530 -2.718727
v -0.039560 3.372712 -2.758002
v -0.039560 3.123424 -2.218361
v -0.039560 3.226859 -2.393956
v -0.046486 3.108357 -2.233684
v -0.046486 3.213013 -2.411921
v -0.047474 3.081820 -2.260807
v -0.047474 3.188715 -2.443447
v -0.047474 3.043133 -2.299202
v -0.047474 3.152744 -2.487477
v -0.047474 3.297716 -2.629785
v -0.047474 3.264391 -2.679451
v -0.047474 3.105506 -2.530627
v -0.047474 3.217696 -2.724539
v -0.046486 3.319909 -2.593856
v -0.047474 2.995353 -2.340239
v -0.047474 2.943500 -2.375111
v -0.047474 3.050056 -2.559864
v -0.047474 2.897551 -2.401529
v -0.047474 2.998814 -2.577300
v -0.046486 2.866195 -2.418789
v -0.046486 2.963657 -2.588220
v -0.039560 2.849024 -2.428476
v -0.039560 2.944314 -2.594032
v -0.046486 3.063359 -2.761349
v -0.039560 3.041912 -2.763814
v -0.047474 3.158717 -2.748139
v -0.047474 3.102316 -2.756946
v -0.047474 2.831581 -2.290220
v -0.047474 2.873457 -2.257108
v -0.047474 2.848549 -2.316814
v -0.047474 2.891510 -2.285640
v -0.047474 2.897551 -2.401529
v -0.047474 2.941395 -2.247422
v -0.047474 2.989516 -2.207266
v -0.047474 2.970851 -2.178029
v -0.047474 3.011709 -2.143861
v -0.047474 3.029763 -2.172217
v -0.047474 3.043133 -2.299202
v -0.047474 3.081820 -2.260807
v -0.047474 2.922528 -2.217657
v -0.047474 2.261333 -2.656027
v -0.047474 2.322077 -2.704108
v -0.047474 2.361171 -2.614814
v -0.047474 2.424426 -2.659021
v -0.047474 2.300766 -2.567261
v -0.047474 2.213145 -2.609002
v -0.047474 2.250949 -2.525167
v -0.046486 2.180567 -2.576067
v -0.046486 2.216946 -2.495931
v -0.039560 2.197942 -2.479376
v -0.039560 2.136451 -2.619217
v -0.046486 2.153826 -2.640000
v -0.047474 2.231199 -2.729470
v -0.046486 2.165025 -2.725948
v -0.046486 2.210362 -2.781250
v -0.039560 2.153283 -2.754832
v -0.039560 2.198146 -2.811367
v -0.046486 2.271446 -2.830213
v -0.039560 2.259433 -2.860506
v -0.047474 2.292146 -2.778080
v -0.047474 2.389269 -2.740742
v -0.047474 2.479537 -2.694774
v -0.047474 2.449674 -2.765752
v -0.046486 2.517273 -2.718727
v -0.046486 2.491075 -2.781779
v -0.039560 2.538177 -2.731936
v -0.039560 2.514015 -2.790585
v -0.046486 2.474447 -2.826866
v -0.039560 2.499423 -2.830917
v -0.047474 2.429177 -2.819469
v -0.047474 2.363478 -2.806260
v -0.046486 2.345221 -2.853461
v -0.039560 2.334362 -2.881993
v -0.046486 2.414313 -2.859801
v -0.039560 2.404879 -2.885339
v -0.047474 2.429177 -2.819469
v -0.046486 2.414313 -2.859801
v -0.046486 2.474447 -2.826866
v -0.045532 2.461755 -2.862091
v -0.039560 2.499423 -2.830917
v -0.038885 2.487342 -2.862795
v -0.038885 2.453067 -2.884811
v 0.000001 2.450081 -2.895202
v -0.022235 2.479537 -2.885163
v 0.000001 2.480216 -2.886044
v -0.022620 2.496640 -2.863852
v -0.038885 2.487342 -2.862795
v -0.022748 2.508857 -2.832502
v -0.039560 2.514015 -2.790585
v -0.022748 2.522702 -2.793931
v -0.022748 2.546118 -2.736867
v 0.000001 2.523924 -2.794283
v 0.000001 2.510214 -2.832678
v 0.000001 2.497998 -2.864028
v -0.047474 1.978653 -1.525141
v -0.046486 1.919673 -1.531129
v -0.046543 1.945939 -1.496609
v -0.039560 1.901212 -1.515806
v -0.039798 1.927139 -1.480758
v -0.046885 1.961549 -1.475827
v -0.047474 1.994602 -1.505063
v -0.046885 1.953812 -1.435671
v -0.046885 1.961549 -1.475827
v -0.047369 1.978449 -1.455749
v -0.047474 2.011570 -1.484985
v -0.047474 2.036071 -1.456805
v -0.047474 1.978178 -1.407491
v -0.047474 2.897551 -2.401529
v -0.047474 2.848549 -2.316814
v -0.046486 2.866195 -2.418789
v -0.046543 2.819296 -2.337949
v -0.046885 2.803008 -2.313116
v -0.046885 2.803008 -2.313116
v -0.047474 2.814410 -2.267852
v -0.047369 2.786108 -2.291100
v -0.047474 2.787058 -2.233860
v -0.047474 2.758756 -2.256932
v -0.046885 2.769004 -2.305542
v -0.047474 2.741720 -2.271550
v -0.047474 2.731608 -2.281061
v -0.047474 2.691157 -2.232099
v -0.047474 2.701677 -2.222060
v -0.047474 2.681452 -2.242842
v -0.047474 2.723395 -2.290219
v -0.047474 2.665638 -2.261511
v -0.047474 2.710772 -2.305542
v -0.046486 2.751833 -2.322274
v -0.046486 2.741313 -2.335307
v -0.039560 2.758077 -2.351686
v -0.046486 2.716065 -2.370003
v -0.039560 2.734051 -2.385150
v -0.047474 2.683352 -2.342528
v -0.047474 2.635028 -2.301667
v -0.047474 2.578017 -2.253586
v -0.047474 2.612427 -2.209731
v -0.047474 2.521277 -2.205857
v -0.047474 2.631906 -2.187011
v -0.047474 2.643444 -2.174330
v -0.047474 2.654439 -2.163763
v -0.047474 2.595935 -2.116738
v -0.047474 2.607405 -2.105819
v -0.047474 2.555687 -2.067952
v -0.047474 2.567497 -2.056680
v -0.047474 2.540824 -2.084332
v -0.047474 2.582632 -2.131533
v -0.047474 2.559420 -2.158127
v -0.047474 2.473157 -2.165172
v -0.047474 2.514422 -2.114273
v -0.046486 2.440104 -2.137345
v -0.046486 2.483609 -2.084156
v -0.039560 2.421643 -2.121670
v -0.039560 2.466302 -2.067424
v -0.046486 2.512115 -2.051925
v -0.039560 2.496029 -2.033960
v -0.047474 2.358185 -1.223090
v -0.047474 2.314340 -1.177827
v -0.047474 2.453339 -1.163737
v -0.047474 2.414517 -1.114599
v -0.047474 2.569058 -1.095753
v -0.047474 2.609237 -1.158453
v -0.047474 2.499151 -1.221681
v -0.047474 2.649417 -1.220977
v -0.047474 2.544964 -1.279626
v -0.047474 2.683420 -1.273990
v -0.047474 2.583718 -1.328764
v -0.047474 2.461619 -1.329821
v -0.047474 2.409970 -1.276456
v -0.047474 2.361171 -1.307277
v -0.047474 2.337552 -1.324713
v -0.047474 2.415874 -1.358177
v -0.047474 2.393070 -1.375084
v -0.047474 2.505396 -1.375084
v -0.047474 2.462230 -1.401503
v -0.046486 2.610052 -1.362051
v -0.046486 2.535191 -1.405730
v -0.039560 2.624644 -1.380544
v -0.039560 2.551751 -1.422814
v -0.039560 2.719323 -1.330173
v -0.046486 2.706564 -1.310095
v -0.039560 2.719323 -1.330173
v -0.039560 2.821944 -1.284029
v -0.046486 2.706564 -1.310095
v -0.046486 2.809795 -1.263070
v -0.047474 2.787873 -1.225380
v -0.047474 2.649417 -1.220977
v -0.039560 2.929586 -1.246515
v -0.046486 2.917369 -1.224851
v -0.039560 3.042183 -1.218863
v -0.046486 3.030170 -1.196496
v -0.039560 3.159328 -1.200018
v -0.046486 3.149894 -1.176770
v -0.047474 3.008316 -1.156516
v -0.047474 3.132723 -1.134853
v -0.047474 2.895244 -1.186104
v -0.047474 2.755634 -1.170077
v -0.047474 2.609237 -1.158453
v -0.047474 2.717559 -1.104736
v -0.047474 2.862734 -1.129393
v -0.047474 2.976078 -1.098219
v -0.047474 3.107000 -1.074090
v -0.047474 2.937934 -1.030059
v -0.047474 3.073879 -1.003465
v -0.047474 2.824387 -1.062818
v -0.047474 2.679483 -1.039570
v -0.047474 2.534987 -1.042740
v -0.047474 2.647245 -0.984444
v -0.046486 2.511843 -1.006635
v -0.047474 2.786244 -0.996420
v -0.047474 2.899452 -0.962781
v -0.047474 3.036550 -0.934777
v -0.047474 2.866670 -0.906069
v -0.047474 3.002615 -0.877361
v -0.047474 2.753937 -0.940413
v -0.046486 2.625391 -0.946929
v -0.046486 2.732015 -0.902546
v -0.039560 2.613242 -0.926323
v -0.039560 2.499016 -0.986733
v -0.046486 2.844341 -0.867850
v -0.039560 2.719799 -0.881412
v -0.039560 2.831853 -0.846539
v -0.046486 2.979132 -0.838614
v -0.000001 2.960264 -0.807968
v -0.000001 2.826355 -0.837381
v -0.022748 2.961010 -0.809201
v -0.022748 2.827102 -0.838438
v -0.039560 2.966101 -0.817303
v -0.022748 2.715116 -0.873486
v -0.039560 2.719799 -0.881412
v -0.022748 2.608627 -0.918398
v -0.039560 2.613242 -0.926323
v -0.039560 2.499016 -0.986733
v -0.000001 2.714437 -0.872429
v -0.000001 2.607948 -0.917341
v -0.000001 3.121863 -0.781550
v -0.022748 2.961010 -0.809201
v -0.022748 3.122678 -0.782783
v -0.039560 3.128108 -0.790885
v -0.022748 3.270432 -0.761824
v -0.039560 3.276269 -0.770102
v -0.000001 3.269549 -0.760591
v -0.047474 2.534987 -1.042740
v -0.046486 2.388183 -1.081135
v -0.046486 2.284613 -1.147181
v -0.039560 2.268120 -1.130097
v -0.039560 2.373591 -1.062642
v -0.046486 2.511843 -1.006635
v -0.039560 2.499016 -0.986733
v -0.047474 2.505396 -1.375084
v -0.046486 2.535191 -1.405730
v -0.047474 2.462230 -1.401503
v -0.046543 2.493858 -1.430915
v -0.047474 2.440172 -1.417530
v -0.046885 2.472682 -1.446943
v -0.039798 2.511843 -1.447295
v -0.046885 2.472682 -1.446943
v -0.046885 2.474379 -1.485161
v -0.047369 2.453542 -1.465964
v -0.047474 2.428431 -1.494496
v -0.047474 2.420897 -1.436727
v -0.047474 2.395853 -1.465259
v -0.047474 3.046256 -2.029557
v -0.046486 3.070553 -2.064606
v -0.047474 3.032478 -2.037307
v -0.046543 3.058743 -2.071299
v -0.047474 3.016257 -2.047874
v -0.046885 3.043541 -2.081866
v -0.047369 3.023315 -2.097365
v -0.047474 2.995896 -2.063373
v -0.047474 2.994199 -2.120965
v -0.047474 2.966847 -2.086974
v -0.039798 3.073675 -2.090320
v -0.046885 3.040690 -2.120085
v -0.046543 3.057725 -2.147560
v -0.039798 3.074150 -2.133470
v -0.046486 3.108357 -2.233684
v -0.039560 3.123424 -2.218361
v -0.047474 3.011709 -2.143861
v -0.047474 3.081820 -2.260807
v -0.047474 3.029763 -2.172217
v -0.047474 3.011709 -2.143861
v -0.047474 2.540824 -2.084332
v -0.046486 2.512115 -2.051925
v -0.047474 2.555687 -2.067952
v -0.046543 2.527996 -2.034489
v -0.046885 2.539738 -2.022512
v -0.039798 2.511979 -2.015644
v -0.046885 2.540009 -1.986583
v -0.047369 2.557384 -2.007718
v -0.047474 2.568379 -1.963335
v -0.047474 2.585008 -2.041710
v -0.047474 2.613310 -2.018462
v -0.039560 2.496029 -2.033960
v -0.047474 2.567497 -2.056680
v -0.038885 1.818139 -2.502271
v -0.038885 1.857843 -2.477262
v -0.045532 1.828387 -2.477086
v -0.046486 1.847934 -2.426715
v -0.046486 1.774227 -2.476029
v -0.047474 1.796217 -2.421079
v -0.039798 2.774163 -2.333194
v -0.046486 2.751833 -2.322274
v -0.046543 2.759027 -2.314348
v -0.047474 2.723395 -2.290219
v -0.047474 2.731608 -2.281061
v -0.046885 2.769004 -2.305542
v 0.039560 2.734051 -2.385150
v 0.046486 2.716065 -2.370003
v 0.046486 2.668353 -2.439924
v 0.039560 2.629802 -2.548064
v 0.046486 2.610595 -2.533093
v 0.039560 2.577745 -2.646692
v 0.046486 2.557995 -2.631722
v 0.046486 2.517205 -2.718727
v 0.047474 2.522363 -2.604599
v 0.047474 2.524806 -2.465990
v 0.047474 2.525214 -2.326677
v 0.047474 2.521277 -2.205857
v 0.047474 2.634417 -2.413153
v 0.047474 2.635028 -2.301667
v 0.047474 2.584261 -2.373349
v 0.047474 2.578017 -2.253586
v 0.047474 2.575913 -2.505970
v -0.039560 2.538177 -2.731936
v -0.046486 2.517273 -2.718727
v -0.039560 2.577745 -2.646692
v -0.046486 2.557995 -2.631722
v -0.039560 2.629802 -2.548064
v -0.046486 2.610595 -2.533093
v -0.039560 2.687085 -2.454718
v -0.046486 2.668353 -2.439924
v -0.039560 2.734051 -2.385150
v -0.046486 2.716065 -2.370003
v -0.047474 2.634417 -2.413153
v -0.047474 2.683352 -2.342528
v -0.047474 2.479537 -2.694774
v -0.047474 2.522363 -2.604599
v -0.047474 2.424426 -2.659021
v -0.047474 2.470103 -2.564619
v -0.047474 2.361171 -2.614814
v -0.047474 2.409087 -2.517594
v -0.047474 2.300766 -2.567261
v -0.047474 2.349158 -2.470569
v -0.047474 2.250949 -2.525167
v -0.047474 2.298798 -2.430589
v -0.046486 2.216946 -2.495931
v -0.046486 2.264319 -2.403290
v -0.039560 2.197942 -2.479376
v -0.039560 2.245044 -2.387792
v -0.046486 2.320991 -2.306071
v -0.039560 2.301716 -2.290924
v -0.047474 2.575913 -2.505970
v -0.047474 2.355334 -2.333017
v -0.047474 2.405490 -2.372469
v -0.047474 2.464877 -2.418965
v -0.047474 2.524806 -2.465990
v -0.047474 2.584261 -2.373526
v -0.047474 2.635028 -2.301667
v -0.047474 2.525214 -2.326677
v -0.047474 2.466573 -2.280356
v -0.047474 2.416892 -2.240905
v -0.046486 2.382821 -2.213958
v -0.039560 2.363750 -2.198812
v -0.046486 2.440104 -2.137345
v -0.039560 2.421643 -2.121670
v -0.047474 2.473157 -2.165172
v -0.047474 2.521277 -2.205857
v -0.047474 2.578017 -2.253586
v -0.039560 2.363750 -2.198812
v -0.039560 2.963114 -1.691401
v -0.022748 2.959449 -1.682947
v -0.039560 3.052703 -1.652830
v -0.022748 3.049310 -1.644376
v -0.039560 3.156952 -1.615316
v -0.022748 3.153695 -1.606862
v -0.000001 3.048835 -1.643144
v -0.000001 3.153219 -1.605629
v -0.022748 3.260047 -1.577274
v -0.000001 3.259573 -1.576041
v -0.022748 3.351198 -1.557196
v -0.039560 3.355202 -1.565121
v -0.039560 3.263441 -1.585375
vn 0.7825 0.0021 0.6226
vn 0.7428 -0.1329 0.6562
vn 0.9917 -0.0066 0.1281
vn 0.9726 -0.1372 0.1877
vn 0.9998 -0.0109 0.0151
vn 0.9831 -0.1545 0.0980
vn 0.7101 -0.5617 0.4245
vn 0.7333 -0.5868 0.3436
vn 0.2073 -0.7955 0.5695
vn 0.2306 -0.8406 0.4901
vn 0.7365 -0.5867 0.3367
vn 0.2322 -0.8430 0.4853
vn 0.7333 -0.5867 0.3436
vn 0.2253 -0.8430 0.4885
vn 0.0019 -0.8678 0.4968
vn -0.0019 -0.8635 0.5044
vn -0.0037 -0.8111 0.5849
vn -0.0038 -0.5361 0.8441
vn 0.1873 -0.5250 0.8302
vn 0.6218 -0.4291 0.6552
vn 0.2172 -0.1415 0.9658
vn 0.2539 0.0065 0.9672
vn 0.7825 0.0022 0.6227
vn 0.2772 0.1674 0.9461
vn 0.7903 0.1025 0.6041
vn 0.2956 0.4950 0.8171
vn 0.7975 0.3157 0.5142
vn 0.2789 0.7569 0.5910
vn 0.7929 0.4874 0.3657
vn 0.2591 0.8500 0.4587
vn -0.0000 0.8826 0.4701
vn -0.0000 0.7928 0.6095
vn 0.0019 0.5176 0.8556
vn -0.0000 0.1717 0.9851
vn -0.0000 0.0022 1.0000
vn -0.0038 -0.1545 0.9880
vn -0.0019 0.9425 0.3342
vn 0.2281 0.9151 0.3325
vn 0.7858 0.5472 0.2883
vn 0.7477 0.6352 0.1938
vn 0.2016 0.9781 -0.0518
vn 0.0018 0.9986 -0.0524
vn -0.0019 0.9097 -0.4152
vn 0.2241 0.8826 -0.4132
vn 0.0019 0.8635 -0.5044
vn 0.2451 0.8382 -0.4872
vn 0.7255 0.6318 -0.2730
vn 0.7533 0.5689 -0.3299
vn 0.2435 0.8358 -0.4920
vn -0.0000 0.8613 -0.5082
vn 0.2450 0.8382 -0.4872
vn -0.0037 0.9079 -0.4192
vn 0.6380 0.7682 -0.0527
vn 0.7503 0.5689 -0.3368
vn 0.7507 0.5725 -0.3298
vn 0.2424 0.8806 -0.4072
vn 0.7676 0.5797 -0.2736
vn 0.2984 0.9454 0.1312
vn 0.0019 0.9890 0.1480
vn 0.0019 0.6780 0.7351
vn 0.2710 0.6584 0.7022
vn -0.0019 0.4797 0.8774
vn 0.2709 0.4643 0.8433
vn -0.0000 0.3973 0.9177
vn 0.2679 0.3852 0.8831
vn 0.0019 0.3609 0.9326
vn 0.8821 0.4682 0.0528
vn 0.8020 0.4172 0.4274
vn 0.7795 0.3074 0.5458
vn 0.9999 0.0066 0.0076
vn 0.9888 0.0764 0.1280
vn 1.0000 0.0066 0.0075
vn 0.9915 0.0938 0.0904
vn 0.9955 0.0894 0.0302
vn 1.0000 0.0066 -0.0000
vn 0.7760 0.2528 0.5778
vn 0.2679 0.3487 0.8981
vn 0.2769 0.3198 0.9061
vn 0.0019 0.3322 0.9432
vn 0.2825 0.2613 0.9230
vn 0.0019 0.2739 0.9618
vn 0.7793 0.2274 0.5839
vn 0.7849 0.2061 0.5843
vn 0.7880 0.1717 0.5912
vn 0.7956 0.1285 0.5921
vn 0.2883 0.2018 0.9360
vn 0.7997 0.0981 0.5923
vn 0.2938 0.1545 0.9433
vn -0.0037 0.2103 0.9776
vn 0.0019 0.1631 0.9866
vn -0.0019 0.1112 0.9938
vn 0.2972 0.1069 0.9488
vn -0.0000 0.0982 0.9952
vn 0.2975 0.0981 0.9497
vn -0.0000 0.2949 0.9555
vn 0.2770 0.2739 0.9210
vn -0.0019 0.7094 0.7048
vn 0.2315 0.6875 0.6882
vn 0.0019 0.9365 0.3507
vn 0.8027 0.0677 0.5925
vn 0.8027 0.0677 0.5926
vn 0.7668 0.2231 0.6018
vn 0.9998 0.0153 0.0151
vn 0.9744 0.1674 0.1503
vn 0.9904 0.0284 0.1355
vn 0.6576 0.5471 0.5179
vn 0.2384 0.9115 0.3351
vn 0.0038 0.9772 0.2124
vn 0.9866 0.1588 0.0377
vn 0.7418 0.6215 0.2517
vn 0.7744 0.6181 0.1351
vn 0.7418 0.6216 0.2517
vn 0.2753 0.9395 0.2037
vn 0.2965 0.9536 0.0523
vn 0.7882 0.6147 0.0302
vn 0.3004 0.9079 -0.2924
vn 0.7862 0.5867 -0.1941
vn 0.2707 0.7454 -0.6092
vn -0.0019 0.7710 -0.6368
vn -0.0019 0.9523 -0.3053
vn 0.0019 0.9984 0.0567
vn 0.7611 0.4950 -0.4192
vn 0.2300 0.6349 -0.7375
vn 0.7316 0.4448 -0.5166
vn 0.1962 0.5544 -0.8088
vn -0.0019 0.5581 -0.8298
vn 0.0019 0.3198 -0.9475
vn 0.1689 0.3157 -0.9337
vn -0.0000 0.0328 -0.9995
vn 0.0038 0.6485 -0.7612
vn 0.6807 0.4013 -0.6128
vn 0.5739 0.2697 -0.7733
vn 0.2098 0.0241 -0.9774
vn 0.7003 0.0459 -0.7124
vn 0.2466 -0.0981 -0.9641
vn 0.7464 -0.0633 -0.6625
vn 0.2538 -0.1415 -0.9569
vn 0.7583 -0.0938 -0.6451
vn 0.2574 -0.1847 -0.9485
vn 0.0019 -0.1889 -0.9820
vn -0.0000 -0.1415 -0.9899
vn -0.0000 -0.0982 -0.9952
vn 0.7639 -0.1242 -0.6333
vn 0.2630 -0.2317 -0.9366
vn -0.0000 -0.2401 -0.9707
vn 0.2683 -0.2907 -0.9184
vn 0.0019 -0.3032 -0.9529
vn 0.2719 -0.3527 -0.8954
vn 0.7776 -0.2316 -0.5846
vn 0.7764 -0.2655 -0.5716
vn 0.2768 -0.4053 -0.8713
vn -0.0019 -0.3650 -0.9310
vn -0.0019 -0.4212 -0.9070
vn 0.7738 -0.1932 -0.6033
vn 0.7680 -0.1545 -0.6215
vn 0.0038 -0.4604 -0.8877
vn 0.2767 -0.4448 -0.8518
vn -0.0000 -0.4758 -0.8795
vn 0.2749 -0.4565 -0.8462
vn -0.0000 -0.3731 -0.9278
vn 0.7768 -0.2907 -0.5587
vn 0.9888 -0.0633 -0.1354
vn 0.9882 -0.0720 -0.1355
vn 0.9999 -0.0065 -0.0076
vn 1.0000 0.0022 -0.0000
vn 1.0000 -0.0022 -0.0000
vn 0.7782 -0.2990 -0.5523
vn 0.9999 -0.0066 -0.0076
vn 1.0000 -0.0022 -0.0076
vn 1.0000 0.0022 0.0076
vn 1.0000 0.0065 0.0075
vn 0.9888 0.0633 0.1354
vn 0.9882 0.0546 0.1430
vn 0.7795 0.3073 0.5458
vn 1.0000 0.0022 -0.0076
vn 1.0000 -0.0022 0.0076
vn 0.9999 0.0110 0.0076
vn 0.9882 0.1112 0.1055
vn 0.9887 0.1199 0.0905
vn 0.7799 0.4643 0.4198
vn 0.7771 0.5025 0.3790
vn 0.9881 0.1242 0.0905
vn 0.7771 0.5175 0.3581
vn 0.9999 0.0109 0.0075
vn 0.9999 -0.0109 -0.0075
vn 0.9999 -0.0109 -0.0076
vn 1.0000 -0.0066 -0.0000
vn 0.9885 -0.1155 -0.0979
vn 0.9899 -0.1199 -0.0755
vn 1.0000 -0.0065 -0.0000
vn 0.9940 -0.1069 -0.0227
vn 0.7915 -0.5138 -0.3309
vn 0.8752 -0.4835 0.0151
vn 0.2662 -0.8007 -0.5366
vn 0.2808 -0.9587 0.0452
vn 0.0019 -0.8286 -0.5599
vn -0.0000 -0.7483 -0.6634
vn 0.2719 -0.7216 -0.6366
vn 0.0019 -0.7598 -0.6502
vn 0.2717 -0.7306 -0.6264
vn 0.7784 -0.4720 -0.4138
vn 0.7798 -0.4759 -0.4067
vn 0.2747 -0.7541 -0.5966
vn 0.7784 -0.4949 -0.3862
vn -0.0019 -0.7847 -0.6198
vn 0.7783 -0.4950 -0.3862
vn 0.7784 -0.5101 -0.3659
vn 0.2747 -0.7540 -0.5966
vn 0.2738 -0.7820 -0.5599
vn 0.7791 -0.5324 -0.3309
vn 0.2742 -0.8136 -0.5127
vn 0.7778 -0.5508 -0.3028
vn 0.2788 -0.8430 -0.4601
vn 0.7779 -0.5653 -0.2742
vn 0.2769 -0.8635 -0.4216
vn -0.0000 -0.8764 -0.4816
vn 0.0019 -0.8985 -0.4389
vn -0.0019 -0.8136 -0.5814
vn -0.0000 -0.8453 -0.5343
vn -0.0019 -0.9151 -0.4033
vn 0.2731 -0.8806 -0.3874
vn 0.7780 -0.5653 -0.2742
vn 0.7774 -0.5761 -0.2526
vn 0.2724 -0.8927 -0.3590
vn 0.7762 -0.5868 -0.2308
vn 0.2446 -0.9365 -0.2513
vn 0.0019 -0.9691 -0.2465
vn -0.0038 -0.9940 0.1090
vn 0.2209 -0.9691 0.1094
vn 0.0019 -0.8887 0.4585
vn -0.0000 -0.9286 -0.3710
vn 0.7448 -0.6519 -0.1426
vn 0.9879 -0.1459 -0.0528
vn 0.9725 -0.2316 0.0227
vn 0.9998 -0.0196 -0.0000
vn 0.9893 -0.1199 0.0830
vn 0.7567 -0.5902 0.2812
vn 0.8013 -0.4835 0.3523
vn 0.6549 -0.7512 0.0829
vn 0.2648 -0.8522 0.4512
vn -0.0000 -0.8059 0.5920
vn 0.3047 -0.7682 0.5630
vn 0.0038 -0.7094 0.7048
vn 0.3264 -0.6682 0.6685
vn 0.0038 -0.4526 0.8917
vn 0.3337 -0.4251 0.8414
vn -0.0019 -0.1502 0.9887
vn 0.3243 -0.1459 0.9346
vn -0.0000 -0.0022 1.0000
vn 0.7566 -0.5903 0.2812
vn 0.8121 -0.4172 0.4079
vn 0.8187 -0.2655 0.5091
vn 0.8141 -0.0895 0.5738
vn 0.2975 -0.0066 0.9547
vn 0.7964 -0.0066 0.6048
vn 0.2609 0.1459 0.9543
vn 0.7590 0.1242 0.6391
vn 0.2363 0.5435 0.8055
vn -0.0019 0.5581 0.8298
vn 0.0038 0.8657 0.5006
vn 0.2599 0.8406 0.4752
vn 0.0038 0.1588 0.9873
vn 0.6616 0.4172 0.6230
vn 0.7573 0.5508 0.3509
vn 0.2811 0.8985 0.3370
vn 0.7837 0.5797 0.2233
vn 0.2811 0.8966 0.3422
vn 0.7863 0.5761 0.2234
vn 0.2801 0.8806 0.3823
vn 0.7850 0.5689 0.2451
vn -0.0000 0.9334 0.3588
vn 0.0019 0.9168 0.3993
vn 0.2776 0.8613 0.4256
vn 0.7858 0.5545 0.2740
vn 0.7828 0.5398 0.3095
vn 0.2766 0.8358 0.4742
vn 0.0038 0.8966 0.4428
vn -0.0019 0.8700 0.4930
vn 0.2683 0.8111 0.5198
vn -0.0000 0.8406 0.5416
vn 0.2693 0.7928 0.5468
vn -0.0000 0.8212 0.5707
vn 0.7850 0.5689 0.2452
vn 0.7771 0.5176 0.3581
vn 0.7813 0.5250 0.3374
vn 0.7814 0.5250 0.3374
vn 0.9882 0.1285 0.0830
vn 0.7828 0.5398 0.3094
vn 0.9887 -0.1199 -0.0905
vn 0.7799 -0.4758 -0.4067
vn 0.7785 -0.4720 -0.4138
vn 0.9881 -0.1242 -0.0905
vn 0.9888 0.1285 0.0754
vn 0.7859 0.5544 0.2739
vn 0.9888 0.1329 0.0679
vn 0.9893 0.1329 0.0603
vn 0.9882 -0.1285 -0.0830
vn 0.9883 -0.1329 -0.0754
vn 0.7792 -0.5324 -0.3309
vn 0.9882 -0.1372 -0.0679
vn 0.7780 -0.5652 -0.2742
vn 0.7784 -0.5100 -0.3659
vn 0.9842 -0.0938 0.1503
vn 0.9807 -0.1803 0.0755
vn 0.9999 -0.0109 0.0075
vn 0.9920 -0.1112 -0.0603
vn 0.7799 -0.5973 -0.1872
vn 0.7956 -0.5026 -0.3383
vn 0.6645 -0.7064 0.2441
vn 0.7356 -0.4370 0.5176
vn 0.7388 -0.3404 0.5816
vn 0.9834 -0.0895 0.1578
vn 0.7363 -0.3363 0.5872
vn 0.9846 -0.0894 0.1504
vn 0.9999 -0.0066 0.0151
vn 1.0000 -0.0065 0.0075
vn 1.0000 -0.0065 -0.0075
vn 0.9885 -0.0807 -0.1281
vn 0.9875 -0.0807 -0.1356
vn 0.7747 -0.3404 -0.5329
vn 0.7724 -0.3363 -0.5388
vn 0.9878 -0.0764 -0.1354
vn 0.7736 -0.3115 -0.5518
vn 0.9885 0.0677 0.1355
vn 0.9878 0.0764 0.1354
vn 0.7785 0.2739 0.5647
vn 0.7751 0.3072 0.5521
vn 0.9885 0.0807 0.1279
vn 0.7717 0.3281 0.5448
vn 0.2673 0.4681 0.8422
vn 0.2731 0.4212 0.8649
vn 0.0019 0.4370 0.8995
vn 0.0019 0.4835 0.8753
vn 0.2620 0.4912 0.8307
vn -0.0000 0.5101 0.8601
vn 0.2591 0.6043 0.7535
vn -0.0019 0.6181 0.7861
vn 0.7935 0.3973 0.4610
vn 0.9885 0.0808 0.1279
vn 0.9923 0.0851 0.0905
vn 1.0000 0.0065 -0.0000
vn 0.9963 0.0807 0.0302
vn 0.9043 0.4252 0.0377
vn 0.3214 0.9334 0.1596
vn 0.0019 0.9832 0.1825
vn 0.2573 0.7955 -0.5487
vn -0.0038 0.8261 -0.5635
vn 0.2439 0.6939 -0.6775
vn 0.7526 0.4720 -0.4592
vn 0.7486 0.4720 -0.4656
vn 0.2421 0.6907 -0.6814
vn -0.0037 0.7156 -0.6985
vn 0.0019 0.7125 -0.7017
vn 0.2439 0.6844 -0.6872
vn -0.0037 0.7063 -0.7079
vn 0.7818 0.5101 -0.3586
vn 0.7510 0.4682 -0.4656
vn 0.7777 0.3812 -0.4999
vn 0.2540 0.5761 -0.7769
vn -0.0000 0.5903 -0.8072
vn 0.2956 0.1112 -0.9488
vn -0.0000 0.1068 -0.9943
vn 0.2772 -0.3568 -0.8921
vn 0.7978 -0.2231 -0.5601
vn 0.8727 0.0633 -0.4842
vn 0.9999 0.0109 -0.0076
vn 0.9855 0.1199 -0.1205
vn 0.9999 0.0066 -0.0076
vn 0.9883 0.0938 -0.1204
vn 0.9943 0.0415 -0.0979
vn 0.7778 0.3812 -0.4998
vn 0.7511 0.4681 -0.4655
vn 0.9993 0.0066 -0.0377
vn 0.9951 -0.0110 -0.0980
vn 1.0000 -0.0022 -0.0075
vn 0.7979 -0.2231 -0.5600
vn 0.9905 -0.0502 -0.1281
vn 0.9951 -0.0109 -0.0980
vn 1.0000 -0.0066 -0.0075
vn 0.9949 -0.0240 -0.0980
vn 0.9990 0.0022 -0.0453
vn 0.9941 0.0241 -0.1055
vn 1.0000 0.0022 -0.0075
vn 0.8673 -0.0065 -0.4978
vn 0.9885 0.0677 -0.1355
vn 0.9999 0.0066 -0.0151
vn 0.9850 0.0851 -0.1504
vn 0.7782 0.2613 -0.5710
vn 0.7518 0.3322 -0.5696
vn 0.2587 0.3892 -0.8841
vn 0.2475 0.4835 -0.8396
vn 0.2403 0.4911 -0.8373
vn 0.7502 0.3363 -0.5693
vn 0.2402 0.4835 -0.8417
vn 0.7493 0.3281 -0.5752
vn 0.2277 0.3812 -0.8960
vn -0.0000 0.3852 -0.9228
vn 0.0038 0.4987 -0.8667
vn 0.0038 0.5063 -0.8624
vn -0.0019 0.4013 -0.9160
vn 0.2903 0.0022 -0.9569
vn -0.0000 -0.0022 -1.0000
vn 0.2733 -0.4093 -0.8705
vn 0.2637 -0.5138 -0.8164
vn 0.0038 -0.5361 -0.8441
vn 0.2661 -0.5100 -0.8180
vn 0.0038 -0.5287 -0.8488
vn 0.7982 -0.2655 -0.5407
vn 0.7746 -0.3404 -0.5330
vn 0.2675 -0.4759 -0.8379
vn -0.0019 -0.4950 -0.8689
vn -0.0019 -0.4949 -0.8689
vn -0.0019 -0.4291 -0.9033
vn 0.2675 -0.4758 -0.8379
vn 0.2713 -0.4132 -0.8693
vn 0.0019 -0.3445 -0.9388
vn 0.2698 -0.3322 -0.9038
vn -0.0000 -0.2571 -0.9664
vn 0.2719 -0.2486 -0.9296
vn 0.7722 -0.2189 -0.5965
vn 0.7712 -0.1631 -0.6154
vn 0.2649 -0.1803 -0.9473
vn 0.7691 -0.1199 -0.6278
vn 0.7750 -0.2697 -0.5715
vn 0.2667 -0.1458 -0.9527
vn 0.7728 -0.0938 -0.6277
vn 0.7737 -0.0808 -0.6284
vn 0.2703 -0.1285 -0.9542
vn -0.0019 -0.1502 -0.9887
vn 0.0019 -0.1329 -0.9911
vn 0.2522 -0.0459 -0.9666
vn -0.0000 -0.0415 -0.9991
vn 0.2625 0.2907 -0.9201
vn -0.0000 0.2949 -0.9555
vn 0.3424 0.6284 -0.6985
vn 0.0019 0.6617 -0.7497
vn 0.7691 -0.1198 -0.6278
vn 0.7534 -0.0153 -0.6574
vn 0.7016 0.1847 -0.6882
vn 0.8211 0.3527 -0.4487
vn 0.8660 0.3973 -0.3036
vn 0.3905 0.7395 -0.5483
vn 0.8712 0.4331 -0.2312
vn 0.4046 0.8161 -0.4126
vn 0.8721 0.4835 -0.0753
vn 0.4082 0.9042 -0.1259
vn -0.0019 0.8907 -0.4546
vn 0.0019 0.9902 -0.1393
vn 0.3911 0.9061 0.1615
vn -0.0037 0.9840 0.1781
vn 0.0019 0.8033 -0.5955
vn 0.8642 0.4950 0.0903
vn 0.8494 0.4987 0.1723
vn 0.3673 0.8806 0.2995
vn 0.8095 0.4987 0.3098
vn 0.3184 0.8310 0.4561
vn 0.7073 0.3973 0.5847
vn 0.2650 0.5581 0.7863
vn -0.0019 0.5725 0.8199
vn 0.2737 0.1803 0.9448
vn 0.0019 0.1932 0.9812
vn 0.0019 0.9454 0.3260
vn 0.8495 0.4987 0.1723
vn 0.9945 0.0982 0.0378
vn 0.9821 0.1024 0.1579
vn 0.9999 0.0065 0.0151
vn 0.9896 0.0153 0.1430
vn 0.7753 0.1415 0.6155
vn 0.7951 0.0459 0.6048
vn 0.2867 0.0677 0.9556
vn 0.0038 0.0720 0.9974
vn 0.2865 0.0764 0.9550
vn 0.7903 0.0502 0.6106
vn 0.7882 0.0808 0.6100
vn 0.2794 0.1198 0.9527
vn -0.0038 0.0807 0.9967
vn -0.0038 0.1242 0.9923
vn -0.0037 0.1242 0.9922
vn -0.0000 0.1975 0.9803
vn 0.2794 0.1199 0.9527
vn 0.2775 0.1889 0.9420
vn -0.0019 0.2823 0.9593
vn 0.2788 0.2697 0.9217
vn 0.0038 0.3690 0.9294
vn 0.2734 0.3527 0.8949
vn 0.7825 0.2316 0.5779
vn 0.7882 0.0807 0.6100
vn 0.7874 0.1242 0.6038
vn 0.7869 0.1761 0.5914
vn 0.9840 -0.1242 0.1280
vn 0.9999 -0.0066 0.0076
vn 0.9881 -0.0851 0.1280
vn 0.7401 -0.4720 0.4789
vn 0.7714 -0.3486 0.5324
vn 0.2320 -0.6812 0.6944
vn 0.2457 -0.5250 0.8149
vn 0.8908 0.0546 0.4512
vn 0.9949 -0.0240 0.0980
vn 1.0000 -0.0022 0.0075
vn 0.2302 -0.6875 0.6887
vn 0.7355 -0.4797 0.4784
vn 0.2321 -0.6907 0.6849
vn 0.2288 -0.7766 0.5870
vn 0.7587 -0.5250 0.3857
vn 0.9834 -0.1286 0.1280
vn 0.9876 -0.1285 0.0905
vn 0.9999 -0.0109 0.0076
vn 0.9943 -0.1025 0.0302
vn 0.0019 -0.9994 0.0349
vn -0.0019 -0.7928 0.6095
vn 0.0019 -0.7063 0.7079
vn -0.0038 -0.7001 0.7140
vn 0.0038 -0.5361 0.8441
vn 0.3044 0.1718 0.9369
vn -0.0019 0.2018 0.9794
vn 0.2632 0.7094 0.6538
vn -0.0000 0.7454 0.6666
vn 0.2751 0.7710 0.5743
vn 0.7795 0.4988 0.3790
vn 0.7818 0.5101 0.3586
vn 0.2778 0.7848 0.5541
vn 0.0019 0.8033 0.5955
vn 0.7902 0.4330 0.4337
vn 0.7833 0.5176 0.3444
vn 0.2768 0.8033 0.5273
vn 0.0038 0.8161 0.5778
vn 0.0038 0.8358 0.5490
vn 0.0038 0.8568 0.5157
vn 0.2825 0.8237 0.4917
vn -0.0019 0.8806 0.4739
vn 0.2822 0.8453 0.4537
vn 0.0019 0.9042 0.4271
vn 0.2924 0.8657 0.4064
vn 0.7934 0.5361 0.2883
vn 0.7957 0.5472 0.2597
vn 0.2980 0.8806 0.3685
vn 0.8021 0.5508 0.2309
vn 0.7876 0.5287 0.3165
vn -0.0019 0.9220 0.3872
vn 0.8061 0.5508 0.2163
vn 0.3015 0.8887 0.3454
vn 0.3064 0.8867 0.3462
vn 0.2854 0.8286 0.4817
vn -0.0019 0.8590 0.5119
vn 0.2436 0.5287 0.8131
vn -0.0019 0.5435 0.8394
vn 0.2628 0.1372 0.9551
vn -0.0019 0.1502 0.9887
vn 0.8086 0.5472 0.2163
vn 0.7783 0.5250 0.3443
vn 0.6819 0.3892 0.6193
vn 0.7652 0.1156 0.6333
vn 0.8009 0.0022 0.5988
vn 0.2975 0.0022 0.9547
vn 0.8103 -0.0808 0.5804
vn 0.3189 -0.1372 0.9378
vn 0.8106 -0.2781 0.5153
vn 0.3229 -0.4409 0.8375
vn 0.7934 -0.4643 0.3935
vn 0.3014 -0.7155 0.6302
vn -0.0019 -0.4681 0.8837
vn -0.0019 -0.7569 0.6535
vn 0.2685 -0.8261 0.4954
vn 0.0038 -0.8613 0.5082
vn -0.0000 0.0066 1.0000
vn -0.0000 -0.1415 0.9899
vn 0.7744 -0.5435 0.3238
vn 0.7295 -0.6385 0.2450
vn 0.2288 -0.8946 0.3837
vn 0.6176 -0.7847 0.0529
vn 0.1926 -0.9790 0.0670
vn -0.0038 -0.9237 0.3832
vn -0.0038 -0.9979 0.0654
vn 0.2234 -0.9410 -0.2541
vn -0.0000 -0.9670 -0.2549
vn 0.7296 -0.6385 0.2450
vn 0.9883 -0.1329 0.0754
vn 0.9663 -0.2571 0.0151
vn 0.9998 -0.0197 -0.0000
vn 0.9855 -0.1588 -0.0603
vn 0.7180 -0.6779 -0.1575
vn 0.7548 -0.6112 -0.2381
vn 0.2516 -0.9023 -0.3501
vn -0.0038 -0.9318 -0.3629
vn 0.2541 -0.8927 -0.3722
vn -0.0038 -0.9237 -0.3832
vn 0.2656 -0.8785 -0.3971
vn -0.0038 -0.9115 -0.4112
vn 0.7673 -0.5832 -0.2667
vn 0.7612 -0.5973 -0.2525
vn 0.7673 -0.5831 -0.2668
vn 0.9870 -0.1459 -0.0679
vn 0.7613 -0.5973 -0.2525
vn 0.9868 -0.1502 -0.0604
vn 1.0000 -0.0066 0.0075
vn 0.9908 0.1242 0.0528
vn 0.9909 0.1242 0.0528
vn 0.8021 0.5508 0.2308
vn 0.9914 0.1199 0.0528
vn 0.8086 0.5471 0.2163
vn 0.8010 0.0022 0.5987
vn 0.8104 -0.0808 0.5803
vn 0.9908 0.0066 0.1355
vn 0.9916 -0.0197 0.1280
vn 0.9927 -0.0590 0.1055
vn 0.9908 -0.1068 0.0830
vn 0.7935 -0.4643 0.3935
vn 0.8107 -0.2781 0.5152
vn 1.0000 0.0065 -0.0075
vn 0.7402 -0.4720 0.4789
vn 0.9840 -0.1242 0.1279
vn 0.7356 -0.4797 0.4784
vn 0.9834 -0.1283 0.1280
vn 0.9834 -0.1285 0.1280
vn 0.7356 -0.4796 0.4784
vn 0.9854 0.1199 -0.1205
vn 0.9849 0.1241 -0.1205
vn 0.8020 -0.4873 -0.3455
vn 0.9928 -0.0982 -0.0679
vn 0.9924 -0.1025 -0.0679
vn 0.9999 0.0022 -0.0151
vn 0.9925 -0.0895 -0.0829
vn 0.8060 -0.4758 -0.3522
vn 0.9925 -0.0895 -0.0830
vn 0.9853 0.0807 -0.1503
vn 0.9792 -0.0109 -0.2025
vn 0.8059 -0.4758 -0.3522
vn 0.7797 -0.3852 -0.4937
vn 0.2930 -0.7710 -0.5654
vn 0.2873 -0.7820 -0.5531
vn 0.8020 -0.4874 -0.3455
vn 0.2889 -0.7847 -0.5484
vn 0.2823 -0.7847 -0.5518
vn 0.7998 -0.4912 -0.3451
vn 0.2831 -0.7955 -0.5358
vn 0.2615 -0.8966 -0.3574
vn 0.2480 -0.9253 0.2868
vn 0.2183 -0.5938 0.7745
vn 0.7356 -0.4370 0.5177
vn 0.2351 -0.4873 0.8410
vn 0.2314 -0.4835 0.8442
vn 0.2278 -0.4873 0.8430
vn 0.2328 -0.5938 0.7702
vn 0.7653 -0.3973 0.5065
vn 0.3101 -0.9115 0.2701
vn 0.8952 -0.4330 0.1055
vn 0.2844 -0.8657 -0.4120
vn -0.0000 -0.9061 -0.4232
vn 0.0019 -0.9612 0.2760
vn -0.0038 -0.6112 0.7915
vn -0.0019 -0.5025 0.8646
vn -0.0019 -0.4949 0.8689
vn -0.0000 -0.6147 0.7888
vn -0.0037 -0.9536 0.3011
vn -0.0037 -0.9318 -0.3629
vn 0.0019 -0.8187 -0.5743
vn 0.0019 -0.8085 -0.5885
vn 0.2717 -0.6452 -0.7140
vn 0.0019 -0.6650 -0.7468
vn 0.2411 -0.1285 -0.9619
vn 0.6653 -0.0764 -0.7427
vn 0.0019 -0.1285 -0.9917
vn 0.7377 0.2401 -0.6310
vn 0.7494 0.3281 -0.5752
vn 0.9846 0.0894 -0.1504
vn 0.7519 0.3322 -0.5695
vn 0.9849 0.0851 -0.1505
vn 0.9919 -0.1025 -0.0754
vn 0.9920 -0.1112 -0.0604
vn 0.7957 -0.5025 -0.3383
vn 0.7998 -0.4911 -0.3451
vn 0.9924 0.1112 0.0528
vn 0.9933 0.0938 0.0679
vn 0.9999 0.0153 -0.0075
vn 0.9942 0.0589 0.0905
vn 1.0000 0.0022 0.0075
vn 0.9934 0.0196 0.1130
vn 0.7929 0.4873 0.3657
vn 0.7859 0.5471 0.2882
vn 0.7825 0.0022 0.6226
vn 0.9917 -0.0066 0.1280
vn 0.9999 -0.0110 0.0075
vn 0.9999 0.0153 -0.0076
vn 0.9832 -0.1588 0.0904
vn 0.9838 -0.1545 0.0905
vn 0.7333 -0.5867 0.3435
vn 0.9999 0.0110 -0.0075
vn 0.9852 0.1459 -0.0904
vn 0.9852 0.1501 -0.0829
vn 0.7534 0.5689 -0.3299
vn 0.9858 0.1459 -0.0829
vn 0.9852 0.1502 -0.0829
vn 0.9743 0.2231 -0.0302
vn 0.7477 0.6351 0.1938
vn 0.7859 0.5471 0.2883
vn 0.7676 0.5796 -0.2736
vn 0.9876 0.1415 -0.0679
vn 0.8821 0.4681 0.0527
vn 0.9940 0.1068 -0.0226
vn 0.8821 0.4681 0.0528
vn 0.9955 0.0895 0.0302
vn 0.9991 0.0415 -0.0000
vn 0.9887 -0.1372 -0.0604
vn 0.7762 -0.5867 -0.2308
vn 1.0000 -0.0066 0.0076
vn 0.9911 -0.0981 0.0905
vn 0.9918 -0.0590 0.1130
vn 0.8188 -0.2655 0.5090
vn 1.0000 -0.0065 0.0076
vn 0.9891 0.1371 0.0528
vn 0.7863 0.5760 0.2233
vn 0.9887 0.1372 0.0603
vn 0.7837 0.5796 0.2233
vn 0.9998 0.0109 0.0151
vn 0.9915 -0.0241 0.1281
vn 0.8141 -0.0895 0.5737
vn 0.9897 0.0022 0.1430
vn 0.7964 -0.0066 0.6047
vn 0.9749 0.1199 0.1877
vn 0.7573 0.5508 0.3510
vn 0.6617 0.4173 0.6230
vn 0.9907 0.0154 0.1355
vn 0.9905 0.0240 0.1355
vn 0.7998 0.0982 0.5922
vn 0.9904 0.0284 0.1354
vn 0.9999 0.0109 -0.0000
vn 0.9886 0.1502 0.0075
vn 0.9885 0.1415 -0.0528
vn 0.9999 0.0109 -0.0075
vn 0.9999 -0.0022 -0.0150
vn 0.9999 -0.0022 -0.0151
vn 0.9869 -0.0328 -0.1578
vn 0.9860 -0.0240 -0.1652
vn 0.7584 -0.0938 -0.6451
vn 0.9836 -0.0066 -0.1802
vn 0.7464 -0.0633 -0.6624
vn 0.9997 0.0109 -0.0226
vn 0.9999 0.0108 -0.0076
vn 0.9852 0.1285 -0.1131
vn 0.7612 0.4949 -0.4191
vn 0.9808 0.1242 -0.1504
vn 0.9997 0.0109 -0.0227
vn 0.9537 0.1025 -0.2829
vn 0.7003 0.0459 -0.7123
vn 0.6808 0.4013 -0.6128
vn 0.5739 0.2697 -0.7732
vn 0.9897 0.0110 0.1430
vn 0.9895 0.0197 0.1430
vn 0.7904 0.0502 0.6106
vn 0.7883 0.0808 0.6100
vn 0.7951 0.0459 0.6047
vn 1.0000 0.0063 0.0004
vn 0.9945 0.0981 0.0377
vn 0.9955 0.0937 0.0153
vn 0.8642 0.4949 0.0903
vn 0.9959 0.0893 -0.0151
vn 0.9957 0.0807 -0.0452
vn 0.8713 0.4330 -0.2311
vn 0.9956 0.0720 -0.0604
vn 0.9883 -0.0240 -0.1504
vn 0.9882 -0.0284 -0.1504
vn 0.9873 -0.0153 -0.1579
vn 0.7737 -0.0807 -0.6284
vn 0.9893 0.0284 0.1429
vn 0.7870 0.1761 0.5913
vn 0.9889 0.0415 0.1429
vn 0.7826 0.2316 0.5779
vn 0.9893 0.0546 0.1355
vn 0.9999 0.0065 0.0076
vn 0.9874 -0.0676 -0.1430
vn 0.9882 -0.0546 -0.1430
vn 0.9879 -0.0371 -0.1504
vn 0.7712 -0.1631 -0.6153
vn 0.9887 -0.1198 -0.0905
vn 0.9915 -0.1155 -0.0604
vn 0.9956 -0.0938 -0.0075
vn 0.8104 -0.5250 -0.2601
vn 0.7801 -0.5025 -0.3727
vn 1.0000 -0.0022 0.0001
vn 0.9993 -0.0371 0.0075
vn 0.9953 -0.0807 0.0529
vn 0.9883 -0.0938 0.1204
vn 0.7389 -0.3404 0.5815
vn 0.9999 -0.0065 0.0151
vn 0.0038 -0.8007 -0.5990
vn 0.2727 -0.7710 -0.5755
vn 0.7768 -0.5025 -0.3795
vn 0.2704 -0.7874 -0.5539
vn 0.7794 -0.5138 -0.3586
vn 0.2726 -0.8111 -0.5176
vn 0.7761 -0.5324 -0.3379
vn 0.7750 -0.5508 -0.3098
vn 0.2679 -0.8358 -0.4792
vn 0.7702 -0.5689 -0.2884
vn 0.2692 -0.8612 -0.4310
vn 0.7673 -0.5832 -0.2668
vn -0.0019 -0.8927 -0.4507
vn -0.0019 -0.8430 -0.5380
vn 0.0019 -0.8678 -0.4968
vn 0.9999 -0.0108 -0.0075
vn 0.9999 0.0109 0.0076
vn 0.9888 0.1242 0.0829
vn 0.7795 0.4987 0.3790
vn 0.7819 0.5100 0.3586
vn 0.7833 0.5175 0.3443
vn 0.9881 -0.1242 -0.0904
vn 0.9882 -0.1285 -0.0829
vn 0.7761 -0.5324 -0.3378
vn 0.9893 0.1245 0.0756
vn 0.9888 0.1242 0.0830
vn 0.9899 0.1243 0.0679
vn 0.9904 0.1243 0.0604
vn 0.8021 0.5507 0.2309
vn 0.7957 0.5471 0.2597
vn 0.9874 -0.1242 0.0980
vn 0.7483 -0.5398 0.3855
vn 0.2143 -0.8059 0.5519
vn -0.0000 -0.8657 0.5006
vn -0.0019 -0.8334 0.5526
vn 0.2862 -0.3404 0.8956
vn 0.8848 -0.1415 0.4440
vn 0.9944 -0.0546 0.0905
vn 0.0038 -0.3527 0.9357
vn 0.2780 0.4643 0.8409
vn 0.8069 0.2781 0.5211
vn 0.2662 0.7216 0.6390
vn 0.7770 0.5026 0.3790
vn 0.2666 0.7682 0.5821
vn -0.0038 0.7981 0.6025
vn -0.0019 0.4873 0.8732
vn -0.0037 0.7512 0.6601
vn 0.9989 -0.0109 0.0453
vn 0.9944 0.0022 0.1055
vn 0.7799 0.4642 0.4198
vn 0.8070 0.2781 0.5210
vn 0.9910 0.0590 0.1205
vn -0.2574 -0.1846 -0.9485
vn -0.2538 -0.1415 -0.9569
vn -0.7638 -0.1242 -0.6333
vn -0.7559 -0.0938 -0.6480
vn -0.2466 -0.0981 -0.9641
vn -0.7489 -0.0633 -0.6596
vn -0.2098 0.0240 -0.9774
vn -0.6976 0.0459 -0.7150
vn -0.1689 0.3157 -0.9337
vn -0.1925 0.5545 -0.8096
vn -0.2300 0.6351 -0.7374
vn -0.2707 0.7454 -0.6092
vn -0.3004 0.9079 -0.2924
vn 0.0018 0.9984 0.0567
vn -0.2965 0.9536 0.0523
vn 0.0037 0.9772 0.2124
vn -0.2753 0.9395 0.2037
vn -0.2414 0.9115 0.3329
vn -0.2351 0.6875 0.6870
vn -0.2734 0.2739 0.9221
vn -0.2975 0.0981 0.9497
vn -0.2972 0.1068 0.9488
vn 0.0018 0.1631 0.9866
vn -0.2938 0.1545 0.9433
vn -0.8027 0.0677 0.5926
vn -0.7997 0.0981 0.5923
vn -0.7668 0.2231 0.6019
vn -0.6553 0.5471 0.5208
vn -0.9904 0.0284 0.1355
vn -0.9738 0.1674 0.1540
vn -0.9998 0.0153 0.0151
vn -0.9866 0.1588 0.0377
vn -0.7406 0.6215 0.2553
vn -0.7750 0.6181 0.1314
vn -0.7880 0.6147 0.0339
vn -0.7852 0.5868 -0.1978
vn -0.7611 0.4949 -0.4192
vn -0.7316 0.4448 -0.5166
vn -0.6782 0.4013 -0.6156
vn -0.5739 0.2697 -0.7733
vn -0.5739 0.2697 -0.7732
vn -0.6976 0.0458 -0.7150
vn -0.6783 0.4013 -0.6156
vn -0.9537 0.1025 -0.2829
vn -0.9808 0.1242 -0.1504
vn -0.9836 -0.0066 -0.1803
vn -0.9997 0.0109 -0.0227
vn -0.7490 -0.0633 -0.6596
vn -0.7612 0.4949 -0.4191
vn -0.9857 0.1285 -0.1093
vn -0.9997 0.0109 -0.0226
vn -0.9999 0.0108 -0.0076
vn -0.9999 -0.0022 -0.0151
vn -0.9860 -0.0241 -0.1651
vn -0.9836 -0.0066 -0.1802
vn -0.7559 -0.0938 -0.6479
vn -0.7853 0.5867 -0.1977
vn -0.9885 0.1415 -0.0528
vn -0.7881 0.6146 0.0339
vn -0.7639 -0.1242 -0.6333
vn -0.9869 -0.0328 -0.1578
vn -0.9999 -0.0022 -0.0150
vn -1.0000 -0.0022 -0.0000
vn -0.9999 0.0109 -0.0075
vn -0.9887 0.1501 0.0038
vn -0.7751 0.6181 0.1313
vn -0.9999 0.0109 -0.0000
vn -1.0000 0.0022 0.0076
vn -0.9904 0.0284 0.1354
vn -0.9907 0.0154 0.1355
vn -0.8027 0.0676 0.5925
vn -0.8027 0.0677 0.5925
vn -0.9905 0.0240 0.1354
vn -0.7998 0.0982 0.5922
vn -0.7997 0.0982 0.5923
vn -0.7933 0.1285 0.5951
vn -0.2847 0.2018 0.9371
vn -0.0038 0.2103 0.9776
vn -0.2824 0.2613 0.9230
vn -0.2733 0.3198 0.9072
vn 0.0018 0.3322 0.9432
vn -0.2680 0.3486 0.8981
vn -0.2679 0.3852 0.8831
vn -0.2708 0.4643 0.8433
vn -0.2745 0.6585 0.7008
vn 0.0018 0.9890 0.1480
vn -0.2969 0.9454 0.1347
vn -0.0038 0.9079 -0.4192
vn -0.2456 0.8806 -0.4053
vn -0.2417 0.8382 -0.4888
vn -0.2435 0.8358 -0.4920
vn -0.2484 0.8382 -0.4854
vn -0.2241 0.8826 -0.4132
vn -0.2007 0.9781 -0.0554
vn -0.2250 0.9151 0.3346
vn -0.2591 0.8500 0.4587
vn -0.2823 0.7569 0.5894
vn 0.0018 0.5176 0.8556
vn -0.2956 0.4949 0.8171
vn -0.2809 0.1674 0.9450
vn -0.2540 0.0065 0.9672
vn -0.2171 -0.1415 0.9658
vn -0.1873 -0.5250 0.8302
vn -0.0038 -0.8111 0.5849
vn -0.2073 -0.7955 0.5694
vn -0.2306 -0.8406 0.4901
vn -0.2288 -0.8430 0.4869
vn -0.2287 -0.8430 0.4869
vn -0.2143 -0.8059 0.5519
vn -0.2862 -0.3404 0.8956
vn -0.2780 0.4643 0.8409
vn -0.0038 0.7512 0.6601
vn -0.2697 0.7216 0.6376
vn -0.2666 0.7682 0.5820
vn -0.2693 0.7928 0.5468
vn -0.2683 0.8111 0.5198
vn -0.2767 0.8358 0.4742
vn -0.2776 0.8613 0.4256
vn 0.0037 0.8966 0.4428
vn -0.2770 0.8806 0.3845
vn -0.7839 0.5689 0.2488
vn -0.7846 0.5544 0.2775
vn -0.7842 0.5398 0.3060
vn -0.7798 0.5250 0.3409
vn -0.7755 0.5176 0.3615
vn -0.7771 0.5025 0.3790
vn -0.7799 0.4643 0.4198
vn -0.8069 0.2781 0.5211
vn -0.8847 -0.1415 0.4441
vn -0.7483 -0.5398 0.3855
vn -0.7333 -0.5874 0.3424
vn -0.7365 -0.5867 0.3367
vn -0.7333 -0.5867 0.3436
vn -0.7101 -0.5617 0.4245
vn -0.6190 -0.4291 0.6578
vn -0.7403 -0.1329 0.6590
vn -0.7825 0.0022 0.6227
vn -0.7903 0.1025 0.6041
vn -0.7975 0.3157 0.5142
vn -0.7913 0.4874 0.3691
vn -0.7845 0.5472 0.2918
vn -0.7477 0.6352 0.1938
vn -0.6380 0.7683 -0.0527
vn -0.7255 0.6318 -0.2730
vn -0.7518 0.5689 -0.3334
vn -0.7491 0.5725 -0.3333
vn -0.7688 0.5796 -0.2700
vn -0.8821 0.4681 0.0528
vn -0.8002 0.4173 0.4308
vn -0.7795 0.3073 0.5458
vn -0.7783 0.2528 0.5748
vn -0.7770 0.2274 0.5870
vn -0.7770 0.2274 0.5869
vn -0.7827 0.2061 0.5873
vn -0.7880 0.1717 0.5912
vn -0.7771 0.2274 0.5869
vn -0.7827 0.2060 0.5873
vn -0.9888 0.0546 0.1392
vn -0.9890 0.0500 0.1392
vn -0.7881 0.1717 0.5912
vn -0.9899 0.0415 0.1354
vn -0.7933 0.1285 0.5950
vn -0.9902 0.0328 0.1354
vn -0.9905 0.0240 0.1355
vn -0.9868 -0.0371 -0.1578
vn -0.7681 -0.1545 -0.6214
vn -0.7738 -0.1932 -0.6032
vn -0.9881 -0.0459 -0.1468
vn -0.7753 -0.2317 -0.5875
vn -1.0000 0.0022 0.0075
vn -1.0000 -0.0022 -0.0075
vn -0.9888 -0.0546 -0.1392
vn -0.7764 -0.2655 -0.5716
vn -0.9882 -0.0633 -0.1391
vn -1.0000 -0.0066 -0.0075
vn -0.7768 -0.2907 -0.5587
vn -0.9882 -0.0720 -0.1355
vn -0.9999 -0.0065 -0.0076
vn -0.7782 -0.2990 -0.5523
vn -1.0000 -0.0066 -0.0076
vn -1.0000 0.0022 -0.0000
vn -1.0000 -0.0022 -0.0076
vn -1.0000 0.0065 0.0075
vn -1.0000 0.0066 -0.0000
vn -1.0000 0.0066 0.0075
vn -0.9882 0.0633 0.1392
vn -0.9888 0.0764 0.1280
vn -1.0000 -0.0022 0.0076
vn -1.0000 0.0022 -0.0076
vn -1.0000 -0.0066 -0.0000
vn -0.9989 -0.0458 -0.0038
vn -0.9943 -0.1025 0.0302
vn -0.9939 -0.1069 -0.0264
vn -0.8752 -0.4835 0.0151
vn -0.7915 -0.5138 -0.3309
vn -0.9899 -0.1199 -0.0755
vn -0.7802 -0.4720 -0.4105
vn -0.9881 -0.1155 -0.1017
vn -0.9999 -0.0109 -0.0076
vn -0.9999 -0.0109 -0.0075
vn -1.0000 -0.0065 -0.0000
vn -0.9999 0.0066 0.0076
vn -0.7799 -0.4758 -0.4067
vn -0.7767 -0.4949 -0.3896
vn -0.9887 -0.1199 -0.0905
vn -0.9999 0.0110 0.0076
vn -0.9886 0.1112 0.1018
vn -0.9887 0.1199 0.0905
vn -0.7799 0.4642 0.4198
vn -0.9881 0.1242 0.0904
vn -0.7755 0.5175 0.3615
vn -0.9999 0.0108 0.0075
vn -0.8070 0.2781 0.5210
vn -0.9914 0.0590 0.1167
vn -0.8848 -0.1415 0.4440
vn -0.9944 0.0022 0.1055
vn -1.0000 -0.0022 0.0075
vn -0.9999 -0.0109 0.0076
vn -0.9838 -0.1545 0.0905
vn -0.9874 -0.1242 0.0980
vn -0.9947 -0.0546 0.0867
vn -0.9989 -0.0109 0.0453
vn 0.9898 -0.0633 -0.1279
vn 0.8673 -0.0066 -0.4978
vn 0.8212 0.3527 -0.4487
vn 0.9809 0.0502 -0.1877
vn 0.9912 0.0895 0.0980
vn 0.8908 0.0546 0.4511
vn 0.9954 0.0328 0.0905
vn 0.9954 0.0328 0.0904
vn 0.9993 0.0022 0.0378
vn 0.9947 0.0982 -0.0302
vn 0.9044 0.4251 0.0377
vn 0.9887 0.1199 -0.0905
vn 0.7652 0.1155 0.6333
vn 0.9787 0.1112 0.1728
vn 0.9999 0.0066 0.0151
vn 0.9940 -0.1068 -0.0227
vn 0.9989 -0.0458 -0.0000
vn -0.7333 -0.5867 0.3435
vn -0.9831 -0.1545 0.0980
vn -0.9726 -0.1372 0.1877
vn -0.7404 -0.1329 0.6590
vn -0.9917 -0.0066 0.1281
vn -0.7825 0.0022 0.6226
vn -0.9998 -0.0109 0.0151
vn -0.7971 -0.5025 -0.3347
vn -0.7790 -0.5973 -0.1908
vn -0.9917 -0.1112 -0.0641
vn -0.9807 -0.1803 0.0755
vn -0.9999 -0.0109 0.0075
vn -0.9836 -0.0939 0.1540
vn -0.7356 -0.4369 0.5176
vn -0.7388 -0.3404 0.5816
vn -0.9840 -0.0895 0.1541
vn -0.7363 -0.3363 0.5872
vn -0.7389 -0.3404 0.5816
vn -0.6632 -0.7063 0.2476
vn -0.9999 -0.0066 0.0151
vn -0.9919 -0.1025 -0.0754
vn -0.7971 -0.5025 -0.3348
vn -0.7983 -0.4911 -0.3485
vn -0.9924 -0.1025 -0.0679
vn -0.8020 -0.4873 -0.3455
vn -0.9999 -0.0066 -0.0076
vn -1.0000 -0.0065 0.0075
vn -1.0000 0.0065 -0.0075
vn -0.9999 0.0066 -0.0151
vn -0.9855 0.0851 -0.1467
vn -0.9851 0.0894 -0.1467
vn -0.7496 0.3322 -0.5725
vn -0.7502 0.3363 -0.5693
vn -0.9853 0.0807 -0.1503
vn -0.7471 0.3281 -0.5782
vn -0.9928 -0.0982 -0.0679
vn -0.9999 0.0022 -0.0151
vn -0.9928 -0.0895 -0.0792
vn -0.8060 -0.4758 -0.3522
vn -0.8019 -0.4874 -0.3455
vn -0.2873 -0.7820 -0.5531
vn -0.2856 -0.7847 -0.5502
vn -0.7983 -0.4912 -0.3486
vn -0.2856 -0.7847 -0.5501
vn -0.2832 -0.7955 -0.5358
vn -0.2616 -0.8966 -0.3574
vn -0.6631 -0.7064 0.2476
vn -0.2452 -0.9253 0.2892
vn -0.7356 -0.4370 0.5176
vn -0.2219 -0.5938 0.7734
vn -0.2351 -0.4873 0.8410
vn -0.2314 -0.4835 0.8442
vn -0.2278 -0.4873 0.8430
vn -0.7673 -0.3973 0.5034
vn -0.2363 -0.5938 0.7691
vn -0.8952 -0.4331 0.1055
vn -0.9955 -0.0807 0.0491
vn -0.9887 -0.0938 0.1167
vn -1.0000 -0.0066 0.0076
vn -0.9840 -0.0894 0.1541
vn -0.9999 -0.0065 0.0151
vn -0.3101 -0.9115 0.2701
vn -0.0038 -0.9536 0.3011
vn -0.2896 -0.7710 -0.5672
vn -0.2682 -0.6452 -0.7154
vn -0.8059 -0.4759 -0.3522
vn -0.7797 -0.3852 -0.4937
vn -0.2375 -0.1286 -0.9629
vn -0.6653 -0.0764 -0.7426
vn -0.2277 0.3812 -0.8960
vn 0.0037 0.4987 -0.8667
vn -0.2439 0.4836 -0.8406
vn -0.2439 0.4911 -0.8363
vn -0.2438 0.4835 -0.8407
vn -0.2551 0.3892 -0.8851
vn -0.2903 0.0022 -0.9569
vn -0.2769 -0.4093 -0.8694
vn -0.2637 -0.5138 -0.8164
vn -0.2694 -0.5101 -0.8169
vn -0.2675 -0.4758 -0.8379
vn -0.2714 -0.4131 -0.8693
vn -0.2735 -0.3322 -0.9027
vn -0.2719 -0.2486 -0.9297
vn -0.2649 -0.1804 -0.9473
vn -0.7691 -0.1199 -0.6278
vn -0.7688 -0.1631 -0.6183
vn -0.7722 -0.2189 -0.5965
vn -0.7728 -0.2697 -0.5745
vn -0.7714 -0.3115 -0.5549
vn -0.7724 -0.3363 -0.5388
vn -0.7746 -0.3404 -0.5330
vn -0.7982 -0.2655 -0.5407
vn -0.8673 -0.0065 -0.4978
vn -0.7782 0.2613 -0.5710
vn -0.7495 0.3322 -0.5726
vn -0.7470 0.3281 -0.5782
vn -0.7377 0.2401 -0.6310
vn -0.9792 -0.0109 -0.2025
vn -0.9885 0.0677 -0.1355
vn -0.9941 0.0240 -0.1055
vn -0.9999 0.0066 -0.0076
vn -0.7747 -0.3404 -0.5329
vn -0.9880 -0.0807 -0.1318
vn -0.9902 -0.0633 -0.1242
vn -0.9949 -0.0240 -0.0980
vn -0.9990 0.0022 -0.0453
vn -0.9941 0.0241 -0.1055
vn -0.9880 -0.0808 -0.1318
vn -0.9878 -0.0764 -0.1354
vn -0.7714 -0.3115 -0.5548
vn -1.0000 -0.0022 0.0001
vn -0.9993 -0.0371 0.0075
vn -0.9955 -0.0938 -0.0113
vn -0.8952 -0.4330 0.1055
vn -0.9912 -0.1155 -0.0641
vn -0.7785 -0.5025 -0.3761
vn -0.8104 -0.5250 -0.2601
vn -0.9881 -0.1242 -0.0905
vn -0.7794 -0.5138 -0.3586
vn -0.9999 -0.0108 -0.0075
vn -0.9999 0.0109 0.0076
vn -0.9999 0.0109 0.0075
vn -0.9888 0.1242 0.0829
vn -0.7818 0.5101 0.3586
vn -0.7848 0.5175 0.3409
vn -0.2736 0.8033 0.5290
vn -0.2745 0.7847 0.5557
vn 0.0037 0.8358 0.5490
vn -0.7795 0.4987 0.3790
vn -0.7795 0.4988 0.3790
vn -0.2718 0.7710 0.5759
vn -0.7920 0.4331 0.4304
vn -0.2597 0.7094 0.6552
vn -0.8891 0.0546 0.4545
vn -0.3044 0.1717 0.9369
vn -0.2457 -0.5250 0.8149
vn -0.2356 -0.6812 0.6932
vn -0.2301 -0.6875 0.6887
vn -0.2286 -0.6907 0.6861
vn -0.2288 -0.7765 0.5870
vn -0.2808 -0.9587 0.0453
vn -0.2662 -0.8007 -0.5367
vn -0.2719 -0.7216 -0.6367
vn -0.2717 -0.7306 -0.6264
vn -0.2747 -0.7541 -0.5966
vn -0.2738 -0.7820 -0.5599
vn -0.2775 -0.8136 -0.5109
vn -0.2755 -0.8429 -0.4621
vn -0.2737 -0.8635 -0.4237
vn -0.7778 -0.5508 -0.3028
vn -0.7780 -0.5653 -0.2742
vn -0.7791 -0.5324 -0.3309
vn -0.7800 -0.5101 -0.3625
vn -0.7767 -0.4950 -0.3896
vn -0.7587 -0.5250 0.3857
vn -0.7356 -0.4797 0.4784
vn -0.7355 -0.4797 0.4784
vn -0.7381 -0.4720 0.4821
vn -0.7713 -0.3486 0.5324
vn -0.9999 -0.0066 0.0076
vn -0.9840 -0.1242 0.1280
vn -0.9886 -0.0851 0.1243
vn -0.7714 -0.3486 0.5324
vn -0.9949 -0.0240 0.0980
vn -0.7920 0.4330 0.4304
vn -0.9915 0.0894 0.0943
vn -0.8891 0.0546 0.4544
vn -0.9954 0.0328 0.0904
vn -0.9993 0.0022 0.0378
vn -0.9999 0.0109 -0.0076
vn -0.9947 0.0982 -0.0302
vn -0.9887 0.1199 -0.0905
vn -0.9044 0.4251 0.0377
vn -0.7819 0.5100 -0.3585
vn -0.9854 0.1199 -0.1205
vn -0.7526 0.4720 -0.4592
vn -0.9854 0.1199 -0.1206
vn -0.9849 0.1241 -0.1205
vn -0.7486 0.4720 -0.4656
vn -0.9839 -0.1285 0.1243
vn -0.9840 -0.1242 0.1279
vn -0.7511 0.4681 -0.4655
vn -0.9879 -0.1285 0.0867
vn -0.9951 -0.0109 -0.0980
vn -0.9993 0.0066 -0.0377
vn -0.9943 0.0415 -0.0979
vn -0.8745 0.0633 -0.4809
vn -0.9887 0.0938 -0.1167
vn -0.7778 0.3812 -0.4998
vn -0.7511 0.4681 -0.4656
vn -0.2992 0.1112 -0.9477
vn -0.7777 0.3812 -0.4999
vn -0.2576 0.5761 -0.7758
vn -0.7510 0.4682 -0.4656
vn -0.2439 0.6844 -0.6872
vn -0.2456 0.6907 -0.6802
vn -0.7525 0.4720 -0.4592
vn -0.2440 0.6939 -0.6775
vn -0.7818 0.5101 -0.3586
vn -0.2540 0.7955 -0.5502
vn -0.9043 0.4251 0.0377
vn -0.0038 0.7156 -0.6985
vn -0.0038 0.7063 -0.7079
vn -0.2736 -0.3568 -0.8932
vn -0.2749 -0.4565 -0.8462
vn -0.2732 -0.4448 -0.8529
vn -0.2732 -0.4053 -0.8724
vn -0.7767 -0.2907 -0.5587
vn -0.7956 -0.2231 -0.5632
vn -0.9910 -0.0502 -0.1243
vn -0.7957 -0.2231 -0.5631
vn -0.7762 -0.5867 -0.2308
vn -0.7441 -0.6519 -0.1463
vn -0.9881 -0.1459 -0.0491
vn -0.9725 -0.2316 0.0264
vn -0.9998 -0.0196 -0.0000
vn -0.9893 -0.1199 0.0830
vn -0.7580 -0.5902 0.2777
vn -0.8013 -0.4835 0.3524
vn -0.6553 -0.7512 0.0791
vn -0.2473 -0.9365 -0.2486
vn -0.2225 -0.9691 0.1060
vn -0.7579 -0.5903 0.2777
vn -0.2616 -0.8522 0.4531
vn -0.8013 -0.4836 0.3524
vn -0.3047 -0.7682 0.5630
vn -0.8121 -0.4173 0.4079
vn -0.3230 -0.6683 0.6701
vn -0.8187 -0.2655 0.5091
vn -0.3372 -0.4252 0.8400
vn -0.8119 -0.0894 0.5769
vn -0.3279 -0.1458 0.9334
vn -0.7964 -0.0065 0.6048
vn -0.2975 -0.0065 0.9547
vn -0.7590 0.1242 0.6391
vn -0.2609 0.1458 0.9543
vn -0.6590 0.4172 0.6258
vn 0.0037 -0.4526 0.8917
vn -0.2755 -0.8927 -0.3567
vn -0.2731 -0.8806 -0.3874
vn -0.7774 -0.5761 -0.2526
vn -0.7762 -0.5868 -0.2308
vn -0.9882 -0.1372 -0.0679
vn -0.9887 -0.1372 -0.0604
vn -0.9998 -0.0197 -0.0000
vn -0.9895 0.1329 0.0566
vn -0.9889 0.1372 0.0565
vn -0.7839 0.5689 0.2487
vn -0.7873 0.5760 0.2198
vn -0.9885 0.1372 0.0641
vn -0.7847 0.5796 0.2197
vn -0.9998 0.0109 0.0151
vn -1.0000 -0.0065 0.0076
vn -0.9911 -0.0981 0.0905
vn -0.8121 -0.4172 0.4079
vn -0.9923 -0.0590 0.1092
vn -0.9915 -0.0241 0.1281
vn -0.9897 0.0022 0.1430
vn -0.8120 -0.0894 0.5768
vn -0.7964 -0.0066 0.6047
vn -0.8188 -0.2655 0.5090
vn -0.9749 0.1199 0.1877
vn -0.7964 -0.0065 0.6047
vn -0.7557 0.5508 0.3543
vn -0.6591 0.4172 0.6257
vn -0.2811 0.8966 0.3422
vn -0.2812 0.8985 0.3371
vn 0.0037 0.8657 0.5006
vn -0.2599 0.8406 0.4752
vn -0.2327 0.5435 0.8065
vn -0.7556 0.5508 0.3544
vn -0.7873 0.5761 0.2197
vn -0.7928 0.0459 0.6077
vn -0.7753 0.1415 0.6155
vn -0.9896 0.0153 0.1430
vn -0.9821 0.1024 0.1579
vn -0.7073 0.3972 0.5847
vn -0.8095 0.4987 0.3098
vn -0.9945 0.0982 0.0378
vn -0.8495 0.4987 0.1723
vn -0.9999 0.0065 0.0151
vn -0.8095 0.4988 0.3098
vn -0.7073 0.3973 0.5848
vn -0.2686 0.5581 0.7851
vn -0.2700 0.1803 0.9458
vn -0.7753 0.1415 0.6156
vn -0.2867 0.0677 0.9556
vn -0.7928 0.0459 0.6078
vn -0.2865 0.0764 0.9550
vn -0.7880 0.0502 0.6136
vn -0.2794 0.1199 0.9527
vn -0.7882 0.0808 0.6101
vn -0.0038 0.1242 0.9922
vn -0.3184 0.8310 0.4561
vn -0.3649 0.8806 0.3024
vn -0.3926 0.9061 0.1580
vn -0.0038 0.9840 0.1782
vn -0.4070 0.9042 -0.1295
vn -0.8724 0.4835 -0.0716
vn -0.8642 0.4950 0.0903
vn -0.8494 0.4988 0.1723
vn 0.0018 0.9902 -0.1394
vn -0.4046 0.8161 -0.4126
vn -0.3874 0.7395 -0.5505
vn -0.3424 0.6284 -0.6985
vn -0.2661 0.2907 -0.9191
vn -0.2485 -0.0459 -0.9675
vn -0.2667 -0.1285 -0.9552
vn -0.2703 -0.1459 -0.9517
vn -0.2649 -0.1803 -0.9473
vn -0.8722 0.4331 -0.2275
vn -0.8660 0.3973 -0.3036
vn -0.7752 -0.0938 -0.6248
vn -0.7760 -0.0808 -0.6255
vn -0.7534 -0.0153 -0.6574
vn -0.7016 0.1846 -0.6882
vn -0.8193 0.3527 -0.4520
vn -0.9802 0.0502 -0.1914
vn -0.8660 0.3972 -0.3036
vn -0.9956 0.0720 -0.0604
vn -0.9873 -0.0153 -0.1579
vn -0.7761 -0.0807 -0.6254
vn -0.7761 -0.0808 -0.6254
vn -0.7752 -0.0938 -0.6247
vn -0.9883 -0.0240 -0.1504
vn -0.9882 -0.0284 -0.1504
vn -0.9897 0.0109 0.1430
vn -0.9895 0.0197 0.1430
vn -0.7883 0.0807 0.6100
vn -1.0000 0.0063 0.0004
vn -1.0000 0.0065 -0.0000
vn -1.0000 0.0065 -0.0001
vn -0.9957 0.0807 -0.0452
vn -0.8722 0.4330 -0.2275
vn -0.9945 0.0981 0.0377
vn -0.9954 0.0938 0.0189
vn -0.8642 0.4949 0.0903
vn -0.9959 0.0894 -0.0113
vn -0.7548 -0.6112 -0.2381
vn -0.7172 -0.6779 -0.1612
vn -0.9855 -0.1588 -0.0603
vn -0.9663 -0.2571 0.0151
vn -0.9885 -0.1329 0.0717
vn -0.7296 -0.6385 0.2450
vn -0.7744 -0.5435 0.3238
vn -0.6179 -0.7847 0.0491
vn -0.1938 -0.9790 0.0634
vn -0.2206 -0.9410 -0.2566
vn -0.7172 -0.6780 -0.1612
vn -0.2515 -0.9023 -0.3501
vn -0.2572 -0.8927 -0.3701
vn -0.7624 -0.5973 -0.2489
vn -0.2625 -0.8785 -0.3992
vn -0.7673 -0.5832 -0.2668
vn -0.2321 -0.8946 0.3818
vn -0.2685 -0.8261 0.4954
vn -0.3047 -0.7156 0.6285
vn -0.3264 -0.4410 0.8361
vn -0.3190 -0.1372 0.9378
vn -0.2975 0.0022 0.9547
vn -0.2591 0.1372 0.9561
vn -0.2472 0.5287 0.8120
vn -0.2821 0.8286 0.4836
vn -0.3064 0.8867 0.3462
vn -0.3044 0.8887 0.3428
vn -0.2951 0.8806 0.3709
vn -0.7744 -0.5435 0.3239
vn -0.8010 0.5508 0.2345
vn -0.8071 0.5508 0.2127
vn -0.8076 0.5472 0.2200
vn -0.6844 0.3892 0.6165
vn -0.7676 0.1155 0.6304
vn -0.8009 0.0022 0.5988
vn -0.8125 -0.0808 0.5773
vn -0.8086 -0.2781 0.5184
vn -0.7951 -0.4643 0.3901
vn -0.9885 -0.1329 0.0716
vn -0.7744 -0.5434 0.3239
vn -0.9905 -0.1068 0.0867
vn -0.7952 -0.4643 0.3901
vn -1.0000 -0.0066 0.0075
vn -0.9866 -0.1501 -0.0641
vn -0.9872 -0.1459 -0.0642
vn -0.7673 -0.5832 -0.2667
vn -0.9916 -0.0197 0.1280
vn -0.9908 0.0066 0.1355
vn -0.8010 0.0022 0.5987
vn -0.9909 0.1242 0.0528
vn -0.9914 0.1199 0.0528
vn -0.8076 0.5471 0.2200
vn -0.8011 0.5508 0.2345
vn -0.9908 0.1242 0.0528
vn -0.7946 0.5471 0.2633
vn -0.9904 0.1242 0.0603
vn -0.7702 -0.5689 -0.2884
vn -0.9880 -0.1329 -0.0792
vn -0.9899 0.1242 0.0679
vn -0.7921 0.5361 0.2919
vn -0.7862 0.5287 0.3200
vn -0.9894 0.1243 0.0755
vn -0.9885 -0.1285 -0.0792
vn -0.7750 -0.5508 -0.3098
vn -0.7761 -0.5324 -0.3378
vn -0.9881 -0.1242 -0.0904
vn -0.7848 0.5176 0.3409
vn -0.2692 -0.8613 -0.4310
vn -0.2679 -0.8358 -0.4792
vn -0.7761 -0.5325 -0.3379
vn -0.2726 -0.8111 -0.5175
vn -0.2704 -0.7875 -0.5539
vn -0.7793 -0.5138 -0.3586
vn -0.2704 -0.7874 -0.5539
vn -0.2692 -0.7710 -0.5771
vn -0.2844 -0.8657 -0.4120
vn 0.0037 -0.8007 -0.5990
vn -0.7846 0.5471 0.2918
vn -0.9926 0.1112 0.0490
vn -0.7914 0.4873 0.3691
vn -0.9935 0.0938 0.0641
vn -0.9999 0.0153 -0.0075
vn -0.9938 0.0589 0.0942
vn -0.9934 0.0196 0.1130
vn -0.9917 -0.0066 0.1280
vn -0.9999 0.0153 -0.0076
vn -0.9926 0.1112 0.0491
vn -0.9849 0.1502 -0.0867
vn -0.9743 0.2231 -0.0302
vn -0.7518 0.5689 -0.3333
vn -0.7255 0.6317 -0.2730
vn -0.7477 0.6351 0.1938
vn -0.6380 0.7682 -0.0526
vn -0.7845 0.5472 0.2917
vn -0.7492 0.5724 -0.3333
vn -0.9858 0.1459 -0.0829
vn -0.9852 0.1459 -0.0904
vn -0.9999 0.0110 -0.0075
vn -0.9999 -0.0110 0.0075
vn -0.9832 -0.1588 0.0904
vn -0.7739 0.3281 0.5417
vn -0.7752 0.3073 0.5520
vn -0.9885 0.0807 0.1279
vn -0.9878 0.0764 0.1354
vn -0.9885 0.0677 0.1355
vn -0.7808 0.2739 0.5616
vn -1.0000 0.0066 0.0076
vn -1.0000 -0.0065 -0.0076
vn -0.9874 -0.0677 -0.1430
vn -0.9877 -0.0546 -0.1467
vn -0.9889 0.0415 0.1428
vn -0.7847 0.1760 0.5944
vn -0.7826 0.2316 0.5779
vn -0.7874 0.1242 0.6038
vn -0.9893 0.0285 0.1429
vn -0.7883 0.0808 0.6100
vn -0.9879 -0.0371 -0.1504
vn -0.7689 -0.1631 -0.6183
vn -0.9885 0.0808 0.1279
vn -0.9919 0.0851 0.0942
vn -0.7935 0.3972 0.4610
vn -0.9963 0.0807 0.0302
vn -0.9991 0.0415 -0.0000
vn -0.3214 0.9334 0.1596
vn -0.7935 0.3973 0.4611
vn -0.2591 0.6043 0.7535
vn -0.7739 0.3281 0.5418
vn -0.2655 0.4912 0.8296
vn -0.2673 0.4681 0.8423
vn -0.2695 0.4212 0.8660
vn -0.2769 0.3527 0.8938
vn -0.2788 0.2697 0.9217
vn -0.7807 0.2739 0.5617
vn -0.2739 0.1889 0.9430
vn -0.7882 0.0807 0.6100
vn -0.7807 0.2739 0.5616
vn -0.7751 0.3074 0.5520
vn -0.9911 0.0938 0.0942
vn -0.8002 0.4172 0.4308
vn -0.9954 0.0895 0.0340
vn -0.8821 0.4681 0.0527
vn -0.9940 0.1068 -0.0226
vn -0.9876 0.1415 -0.0679
vn -0.7492 0.5725 -0.3332
vn -0.9999 0.0066 0.0151
vn -0.9793 0.1112 0.1691
vn -0.8076 0.5471 0.2199
vn -0.7799 0.5250 0.3409
vn -0.6845 0.3892 0.6164
vn 0.7738 -0.1932 -0.6032
vn 0.9875 -0.0459 -0.1505
vn 0.7681 -0.1545 -0.6214
vn 0.9882 0.0546 0.1429
vn 0.9885 0.0502 0.1430
vn 0.7850 0.2061 0.5843
vn 0.9899 0.0415 0.1354
vn 0.7881 0.1717 0.5912
vn 0.9868 -0.0371 -0.1578
vn 0.9869 -0.0328 -0.1579
vn 0.9902 0.0328 0.1354
vn 0.7956 0.1286 0.5920
vn -0.9891 0.1329 0.0641
vn -0.7842 0.5398 0.3059
vn -0.9891 0.1285 0.0717
vn -0.9885 -0.1329 -0.0716
vn -0.7778 -0.5508 -0.3027
vn -0.7801 -0.5100 -0.3624
vn -0.9885 0.1286 0.0792
vn -0.7756 0.5175 0.3615
vn -0.7753 -0.2317 -0.5876
vn -0.2719 -0.3527 -0.8954
vn -0.7738 -0.1932 -0.6033
vn -0.2683 -0.2907 -0.9184
vn -0.2666 -0.2316 -0.9355
vn -0.2574 -0.1847 -0.9485
vn -0.7680 -0.1545 -0.6215
vn -0.7861 0.5287 0.3200
vn -0.2735 0.8033 0.5290
vn -0.2792 0.8236 0.4936
vn -0.2822 0.8453 0.4537
vn -0.2924 0.8657 0.4064
vn -0.7945 0.5472 0.2633
vn 0.7825 0.0022 -0.6226
vn 0.9917 -0.0066 -0.1281
vn 0.7428 -0.1329 -0.6562
vn 0.9726 -0.1372 -0.1877
vn 0.9998 -0.0109 -0.0151
vn 0.9831 -0.1545 -0.0980
vn 0.7101 -0.5617 -0.4245
vn 0.7333 -0.5868 -0.3436
vn 0.2073 -0.7955 -0.5695
vn 0.2306 -0.8406 -0.4901
vn 0.7365 -0.5867 -0.3367
vn 0.2322 -0.8430 -0.4853
vn 0.7333 -0.5870 -0.3432
vn 0.2253 -0.8430 -0.4885
vn -0.0019 -0.8635 -0.5044
vn -0.0037 -0.8111 -0.5849
vn -0.0038 -0.5361 -0.8441
vn 0.1873 -0.5250 -0.8302
vn 0.6218 -0.4291 -0.6552
vn 0.2172 -0.1415 -0.9658
vn 0.2540 0.0066 -0.9672
vn -0.0000 0.0022 -1.0000
vn -0.0038 -0.1545 -0.9880
vn 0.7825 0.0022 -0.6227
vn 0.2773 0.1675 -0.9461
vn 0.7903 0.1025 -0.6041
vn 0.2956 0.4950 -0.8171
vn 0.7975 0.3157 -0.5142
vn 0.2789 0.7569 -0.5910
vn 0.7929 0.4874 -0.3657
vn -0.0000 0.1717 -0.9851
vn 0.0019 0.5176 -0.8556
vn -0.0000 0.7928 -0.6095
vn -0.0000 0.8826 -0.4701
vn 0.2591 0.8500 -0.4587
vn -0.0019 0.9425 -0.3342
vn 0.2281 0.9151 -0.3325
vn 0.0018 0.9986 0.0524
vn 0.2016 0.9781 0.0518
vn -0.0018 0.9097 0.4152
vn 0.2241 0.8826 0.4132
vn 0.0019 0.8635 0.5044
vn 0.7858 0.5472 -0.2883
vn 0.7477 0.6352 -0.1938
vn 0.6380 0.7683 0.0527
vn 0.7255 0.6318 0.2730
vn 0.2451 0.8382 0.4872
vn 0.7533 0.5689 0.3299
vn 0.2435 0.8358 0.4920
vn 0.7503 0.5689 0.3368
vn 0.2450 0.8382 0.4872
vn 0.0038 0.9079 0.4192
vn 0.2424 0.8806 0.4072
vn 0.0019 0.9890 -0.1480
vn -0.0000 0.8613 0.5082
vn 0.7507 0.5725 0.3298
vn 0.7676 0.5796 0.2736
vn 0.2984 0.9454 -0.1312
vn 0.0019 0.6780 -0.7351
vn 0.2710 0.6584 -0.7022
vn -0.0019 0.4797 -0.8774
vn 0.2709 0.4643 -0.8433
vn -0.0000 0.3973 -0.9177
vn 0.2679 0.3852 -0.8831
vn 0.0019 0.3609 -0.9326
vn 0.8821 0.4682 -0.0528
vn 0.8020 0.4172 -0.4274
vn 0.7795 0.3074 -0.5458
vn 1.0000 0.0066 -0.0075
vn 0.9888 0.0764 -0.1280
vn 0.9915 0.0938 -0.0904
vn 0.9955 0.0894 -0.0302
vn 0.7760 0.2528 -0.5779
vn 0.2680 0.3487 -0.8981
vn 0.2770 0.3198 -0.9061
vn 0.0019 0.3322 -0.9432
vn 0.2824 0.2613 -0.9230
vn 0.0019 0.2739 -0.9618
vn 0.7793 0.2274 -0.5839
vn 0.7849 0.2061 -0.5843
vn 0.7880 0.1717 -0.5912
vn 0.7956 0.1285 -0.5921
vn 0.2883 0.2018 -0.9361
vn 0.7997 0.0982 -0.5923
vn 0.2938 0.1545 -0.9433
vn -0.0037 0.2103 -0.9776
vn 0.0019 0.1631 -0.9866
vn -0.0019 0.1112 -0.9938
vn 0.2972 0.1069 -0.9488
vn -0.0000 0.0982 -0.9952
vn 0.2975 0.0982 -0.9497
vn 0.2770 0.2739 -0.9210
vn -0.0019 0.7094 -0.7048
vn 0.2315 0.6875 -0.6882
vn 0.0019 0.9365 -0.3507
vn 0.8027 0.0677 -0.5925
vn 0.8027 0.0677 -0.5926
vn 0.7668 0.2232 -0.6019
vn 0.9998 0.0153 -0.0151
vn 0.9904 0.0284 -0.1355
vn 0.9744 0.1674 -0.1503
vn 0.6576 0.5471 -0.5179
vn 0.2383 0.9115 -0.3352
vn -0.0037 0.9772 -0.2124
vn 0.2753 0.9395 -0.2037
vn 0.0019 0.9984 -0.0567
vn 0.9866 0.1588 -0.0377
vn 0.7419 0.6215 -0.2517
vn 0.7744 0.6181 -0.1350
vn 0.7418 0.6215 -0.2517
vn 0.7744 0.6181 -0.1351
vn 0.2965 0.9536 -0.0523
vn 0.7882 0.6147 -0.0302
vn 0.3004 0.9079 0.2924
vn 0.7862 0.5867 0.1941
vn 0.2707 0.7454 0.6092
vn -0.0019 0.7710 0.6368
vn 0.0038 0.6485 0.7612
vn 0.2300 0.6349 0.7375
vn -0.0019 0.9523 0.3053
vn 0.7611 0.4950 0.4192
vn 0.7316 0.4448 0.5166
vn 0.1962 0.5544 0.8088
vn 0.6807 0.4013 0.6128
vn 0.1689 0.3157 0.9337
vn 0.5739 0.2697 0.7732
vn 0.2098 0.0241 0.9774
vn -0.0000 0.0328 0.9995
vn -0.0000 -0.0982 0.9952
vn 0.2466 -0.0981 0.9641
vn 0.0019 0.3198 0.9475
vn 0.7003 0.0459 0.7124
vn 0.7464 -0.0633 0.6625
vn 0.2538 -0.1415 0.9569
vn 0.7583 -0.0938 0.6451
vn 0.2574 -0.1847 0.9485
vn 0.7639 -0.1242 0.6333
vn 0.0019 -0.1889 0.9820
vn 0.2630 -0.2317 0.9366
vn 0.7680 -0.1545 0.6215
vn 0.7738 -0.1932 0.6033
vn 0.2683 -0.2907 0.9184
vn 0.7776 -0.2316 0.5846
vn 0.2718 -0.3527 0.8954
vn 0.7764 -0.2655 0.5716
vn 0.2768 -0.4053 0.8713
vn -0.0019 -0.3650 0.9310
vn -0.0019 -0.4212 0.9070
vn -0.0000 -0.2401 0.9707
vn 0.0019 -0.3032 0.9529
vn 0.0038 -0.4604 0.8877
vn 0.2768 -0.4448 0.8518
vn -0.0000 -0.4758 0.8795
vn 0.2749 -0.4566 0.8462
vn -0.0000 -0.3731 0.9278
vn 0.7768 -0.2907 0.5587
vn 0.9888 -0.0633 0.1354
vn 0.9882 -0.0720 0.1355
vn 0.9999 -0.0065 0.0076
vn 0.7782 -0.2990 0.5523
vn 0.9999 0.0065 -0.0076
vn 0.9888 0.0633 -0.1354
vn 0.7760 0.2528 -0.5778
vn 0.7795 0.3073 -0.5458
vn 0.9882 0.0546 -0.1430
vn 0.9885 0.0502 -0.1430
vn 0.9882 0.0546 -0.1429
vn 0.7850 0.2060 -0.5843
vn 0.9899 0.0415 -0.1354
vn 0.7881 0.1717 -0.5912
vn 0.9902 0.0328 -0.1354
vn 0.7956 0.1285 -0.5920
vn 0.9905 0.0240 -0.1355
vn 0.7998 0.0982 -0.5922
vn 0.9999 -0.0022 0.0151
vn 0.9869 -0.0328 0.1579
vn 0.9882 -0.0546 0.1430
vn 0.9868 -0.0371 0.1578
vn 0.7681 -0.1545 0.6214
vn 0.9875 -0.0458 0.1505
vn 0.7738 -0.1932 0.6032
vn 0.9869 -0.0328 0.1578
vn 0.9860 -0.0240 0.1652
vn 0.7584 -0.0938 0.6450
vn 0.9999 -0.0022 0.0150
vn 0.9907 0.0153 -0.1355
vn 0.8027 0.0676 -0.5925
vn 0.9904 0.0284 -0.1354
vn 0.9999 0.0108 -0.0000
vn 0.9999 0.0108 0.0076
vn 0.9997 0.0109 0.0226
vn 0.9836 -0.0065 0.1803
vn 0.7464 -0.0633 0.6624
vn 0.9537 0.1025 0.2829
vn 0.7003 0.0459 0.7123
vn 0.6808 0.4013 0.6128
vn 0.9997 0.0109 0.0227
vn 0.9808 0.1242 0.1504
vn 0.7612 0.4949 0.4191
vn 0.9852 0.1285 0.1131
vn 0.9885 0.1415 0.0528
vn 0.9886 0.1501 -0.0075
vn 0.7882 0.6147 -0.0301
vn 0.9920 -0.1112 0.0603
vn 0.9807 -0.1803 -0.0755
vn 0.9842 -0.0938 -0.1504
vn 0.7356 -0.4369 -0.5176
vn 0.7388 -0.3404 -0.5816
vn 0.9834 -0.0895 -0.1578
vn 0.7363 -0.3363 -0.5871
vn 0.9846 -0.0894 -0.1504
vn 0.7389 -0.3404 -0.5816
vn 0.6645 -0.7063 -0.2441
vn 0.7799 -0.5973 0.1872
vn 0.7956 -0.5026 0.3383
vn 0.9999 -0.0066 -0.0151
vn 0.9920 -0.1112 0.0604
vn 0.9919 -0.1025 0.0755
vn 0.7957 -0.5025 0.3383
vn 0.7998 -0.4911 0.3451
vn 0.9924 -0.1025 0.0678
vn 0.8020 -0.4873 0.3455
vn 0.9990 0.0022 0.0453
vn 0.9941 0.0241 0.1055
vn 0.8673 -0.0065 0.4978
vn 0.9850 0.0851 0.1504
vn 0.7782 0.2613 0.5710
vn 0.7518 0.3322 0.5695
vn 0.2587 0.3892 0.8841
vn 0.2475 0.4835 0.8396
vn 0.7518 0.3322 0.5696
vn 0.2403 0.4911 0.8373
vn 0.7502 0.3363 0.5693
vn 0.2402 0.4835 0.8417
vn 0.7493 0.3281 0.5752
vn 0.0038 0.4987 0.8667
vn 0.0038 0.5063 0.8624
vn -0.0019 0.4013 0.9160
vn 0.2903 0.0022 0.9569
vn 0.2733 -0.4093 0.8705
vn 0.2637 -0.5138 0.8164
vn 0.2659 -0.5100 0.8180
vn 0.0038 -0.5287 0.8488
vn 0.7982 -0.2655 0.5408
vn 0.7746 -0.3404 0.5330
vn 0.7724 -0.3363 0.5388
vn 0.7736 -0.3115 0.5518
vn 0.2675 -0.4759 0.8379
vn -0.0019 -0.4950 0.8689
vn 0.2675 -0.4758 0.8379
vn -0.0019 -0.4291 0.9033
vn 0.2713 -0.4132 0.8693
vn 0.0019 -0.3445 0.9388
vn 0.2698 -0.3322 0.9038
vn -0.0000 -0.2571 0.9664
vn 0.2719 -0.2486 0.9297
vn 0.7750 -0.2697 0.5715
vn 0.7722 -0.2189 0.5965
vn 0.7712 -0.1631 0.6154
vn 0.2649 -0.1803 0.9473
vn 0.7691 -0.1199 0.6278
vn 0.2668 -0.1458 0.9526
vn 0.2703 -0.1285 0.9542
vn 0.0019 -0.1329 0.9911
vn 0.2522 -0.0459 0.9666
vn -0.0000 -0.0415 0.9991
vn 0.7691 -0.1198 0.6279
vn 0.7728 -0.0938 0.6277
vn 0.7737 -0.0807 0.6284
vn 0.7534 -0.0153 0.6574
vn 0.7016 0.1847 0.6882
vn 0.2625 0.2907 0.9201
vn 0.8211 0.3527 0.4487
vn 0.3424 0.6284 0.6985
vn 0.8660 0.3973 0.3036
vn 0.3904 0.7395 0.5483
vn 0.0019 0.6617 0.7497
vn 0.4046 0.8161 0.4126
vn -0.0019 0.8907 0.4546
vn 0.8712 0.4330 0.2312
vn 0.8721 0.4835 0.0754
vn 0.4082 0.9042 0.1259
vn 0.8642 0.4950 -0.0903
vn 0.3911 0.9061 -0.1615
vn 0.8494 0.4987 -0.1723
vn 0.3673 0.8806 -0.2995
vn -0.0037 0.9840 -0.1781
vn 0.0019 0.9454 -0.3260
vn 0.3184 0.8310 -0.4561
vn -0.0019 0.8700 -0.4930
vn 0.0019 0.9902 0.1394
vn 0.8095 0.4987 -0.3098
vn 0.7073 0.3973 -0.5847
vn 0.2650 0.5581 -0.7863
vn 0.7753 0.1415 -0.6155
vn 0.2737 0.1803 -0.9448
vn -0.0019 0.5725 -0.8199
vn 0.0019 0.1932 -0.9812
vn 0.8495 0.4987 -0.1723
vn 0.9945 0.0982 -0.0378
vn 0.9821 0.1025 -0.1579
vn 0.9896 0.0153 -0.1430
vn 0.7951 0.0459 -0.6048
vn 0.2867 0.0677 -0.9556
vn 0.0038 0.0720 -0.9974
vn 0.2865 0.0764 -0.9550
vn 0.7903 0.0502 -0.6106
vn 0.7882 0.0807 -0.6100
vn 0.2794 0.1198 -0.9527
vn -0.0038 0.0807 -0.9967
vn -0.0038 0.1242 -0.9922
vn 0.9999 0.0065 -0.0151
vn -0.0037 0.1242 -0.9922
vn 0.2794 0.1199 -0.9527
vn -0.0000 0.1975 -0.9803
vn 0.2775 0.1889 -0.9420
vn 0.7882 0.0808 -0.6100
vn 0.7874 0.1242 -0.6038
vn 0.2788 0.2697 -0.9217
vn 0.7869 0.1760 -0.5914
vn 0.2733 0.3527 -0.8949
vn 0.7825 0.2316 -0.5779
vn 0.2731 0.4212 -0.8649
vn 0.7785 0.2739 -0.5647
vn 0.0019 0.4370 -0.8995
vn 0.0038 0.3690 -0.9294
vn -0.0019 0.2823 -0.9593
vn 0.0019 0.4835 -0.8753
vn 0.2673 0.4681 -0.8422
vn 0.2620 0.4912 -0.8307
vn -0.0000 0.5101 -0.8601
vn 0.2591 0.6043 -0.7535
vn -0.0019 0.6181 -0.7861
vn 0.3214 0.9334 -0.1595
vn 0.0019 0.9832 -0.1825
vn 0.2573 0.7955 0.5487
vn -0.0038 0.8261 0.5635
vn 0.2439 0.6939 0.6775
vn -0.0037 0.7156 0.6985
vn 0.2421 0.6907 0.6814
vn 0.0019 0.7125 0.7017
vn 0.2439 0.6844 0.6872
vn -0.0037 0.7063 0.7079
vn 0.2540 0.5760 0.7769
vn -0.0000 0.5903 0.8072
vn 0.2956 0.1112 0.9488
vn -0.0000 0.1068 0.9943
vn 0.2771 -0.3568 0.8921
vn 0.7978 -0.2231 0.5601
vn 0.8727 0.0633 0.4842
vn 0.7777 0.3812 0.4999
vn 0.7510 0.4682 0.4656
vn 0.7486 0.4720 0.4656
vn 0.7526 0.4720 0.4592
vn 0.9043 0.4252 -0.0377
vn 0.7935 0.3973 -0.4610
vn 0.7717 0.3281 -0.5448
vn 0.7751 0.3073 -0.5520
vn 0.9878 0.0764 -0.1354
vn 0.9885 0.0807 -0.1279
vn 0.9885 -0.0807 0.1281
vn 0.9875 -0.0807 0.1356
vn 0.7747 -0.3404 0.5329
vn 0.9878 -0.0764 0.1354
vn 0.9943 0.0415 0.0979
vn 0.9993 0.0066 0.0377
vn 0.9951 -0.0110 0.0980
vn 0.9885 -0.1155 0.0979
vn 0.9899 -0.1199 0.0755
vn 0.7784 -0.4720 0.4138
vn 0.9940 -0.1069 0.0227
vn 0.7915 -0.5138 0.3309
vn 0.8752 -0.4835 -0.0151
vn 0.2662 -0.8007 0.5366
vn 0.2808 -0.9587 -0.0452
vn 0.0019 -0.8286 0.5599
vn -0.0000 -0.7483 0.6634
vn 0.2719 -0.7216 0.6366
vn 0.0019 -0.7598 0.6502
vn 0.2717 -0.7306 0.6264
vn 0.7798 -0.4759 0.4067
vn 0.2747 -0.7541 0.5966
vn 0.7783 -0.4950 0.3863
vn -0.0019 -0.7847 0.6198
vn 0.7783 -0.4950 0.3862
vn 0.2747 -0.7540 0.5966
vn 0.7784 -0.5101 0.3659
vn 0.2738 -0.7820 0.5599
vn 0.7791 -0.5324 0.3309
vn 0.2742 -0.8136 0.5127
vn 0.7778 -0.5508 0.3027
vn 0.2788 -0.8430 0.4601
vn -0.0000 -0.8453 0.5343
vn -0.0000 -0.8764 0.4816
vn 0.2769 -0.8635 0.4216
vn 0.0019 -0.8985 0.4389
vn -0.0019 -0.8136 0.5814
vn 0.7779 -0.5653 0.2742
vn 0.7780 -0.5653 0.2742
vn 0.9882 -0.1372 0.0679
vn 0.9882 -0.1285 0.0830
vn 0.9881 -0.1242 0.0905
vn 0.7784 -0.4949 0.3862
vn 0.9887 -0.1199 0.0905
vn 0.9999 -0.0108 0.0076
vn 0.9885 -0.1156 0.0980
vn 0.7799 -0.4758 0.4067
vn 0.7785 -0.4720 0.4138
vn 0.9882 0.1112 -0.1055
vn 0.7799 0.4642 -0.4198
vn 0.7771 0.5025 -0.3790
vn 0.9881 0.1242 -0.0904
vn 0.7771 0.5175 -0.3581
vn 0.2693 0.7928 -0.5468
vn 0.7771 0.5176 -0.3581
vn 0.2683 0.8110 -0.5198
vn 0.7813 0.5250 -0.3374
vn 0.2766 0.8358 -0.4742
vn 0.0038 0.8966 -0.4428
vn 0.2776 0.8613 -0.4256
vn 0.0019 0.9168 -0.3993
vn -0.0000 0.8406 -0.5416
vn -0.0000 0.8212 -0.5707
vn 0.7850 0.5689 -0.2451
vn 0.2801 0.8806 -0.3823
vn 0.7858 0.5545 -0.2740
vn 0.7828 0.5398 -0.3095
vn 0.2811 0.8966 -0.3422
vn 0.7863 0.5761 -0.2234
vn 0.7837 0.5796 -0.2233
vn 0.2812 0.8985 -0.3371
vn -0.0000 0.9334 -0.3588
vn 0.2599 0.8406 -0.4752
vn 0.0038 0.8657 -0.5006
vn 0.2363 0.5435 -0.8055
vn 0.2609 0.1458 -0.9543
vn 0.0038 0.1588 -0.9873
vn 0.7850 0.5689 -0.2452
vn 0.7573 0.5508 -0.3509
vn 0.6616 0.4172 -0.6230
vn 0.7590 0.1242 -0.6391
vn 0.7964 -0.0065 -0.6048
vn 0.2975 -0.0066 -0.9547
vn 0.8141 -0.0895 -0.5738
vn 0.3243 -0.1459 -0.9346
vn 0.3337 -0.4251 -0.8414
vn 0.0038 -0.4526 -0.8917
vn 0.3264 -0.6683 -0.6685
vn 0.8121 -0.4172 -0.4079
vn 0.8013 -0.4835 -0.3524
vn 0.3047 -0.7682 -0.5630
vn 0.0038 -0.7094 -0.7048
vn 0.8187 -0.2655 -0.5091
vn 0.7566 -0.5903 -0.2812
vn 0.2648 -0.8522 -0.4512
vn -0.0000 -0.8059 -0.5920
vn 0.0019 -0.8887 -0.4585
vn 0.2209 -0.9691 -0.1094
vn -0.0038 -0.9940 -0.1090
vn 0.2446 -0.9365 0.2513
vn 0.0019 -0.9691 0.2465
vn 0.6549 -0.7512 -0.0829
vn 0.7448 -0.6519 0.1426
vn 0.9725 -0.2316 -0.0227
vn 0.7567 -0.5902 -0.2812
vn 0.9893 -0.1199 -0.0830
vn 0.9879 -0.1459 0.0528
vn 0.7762 -0.5868 0.2308
vn 0.2724 -0.8927 0.3590
vn -0.0000 -0.9286 0.3711
vn 0.2730 -0.8806 0.3874
vn -0.0019 -0.9151 0.4033
vn 0.7774 -0.5761 0.2526
vn 0.9840 -0.1242 -0.1280
vn 0.9881 -0.0851 -0.1280
vn 0.7714 -0.3486 -0.5324
vn 0.8908 0.0546 -0.4512
vn 0.2457 -0.5249 -0.8149
vn 0.2320 -0.6812 -0.6944
vn 0.7401 -0.4726 -0.4783
vn 0.2301 -0.6875 -0.6887
vn 0.7355 -0.4797 -0.4784
vn 0.2321 -0.6907 -0.6849
vn 0.0019 -0.7063 -0.7079
vn -0.0038 -0.7001 -0.7140
vn 0.3044 0.1718 -0.9369
vn -0.0019 0.2018 -0.9794
vn 0.2632 0.7094 -0.6538
vn -0.0000 0.7454 -0.6666
vn 0.2751 0.7710 -0.5743
vn 0.7902 0.4330 -0.4337
vn 0.7795 0.4988 -0.3790
vn 0.2778 0.7848 -0.5541
vn 0.7833 0.5176 -0.3444
vn 0.2768 0.8033 -0.5273
vn 0.0038 0.8161 -0.5778
vn 0.0038 0.8358 -0.5490
vn 0.0038 0.8568 -0.5157
vn 0.2825 0.8237 -0.4917
vn 0.7876 0.5287 -0.3165
vn 0.2822 0.8453 -0.4537
vn 0.7934 0.5361 -0.2883
vn 0.2924 0.8657 -0.4064
vn 0.7957 0.5472 -0.2598
vn 0.2980 0.8806 -0.3685
vn 0.8021 0.5508 -0.2309
vn -0.0019 0.9220 -0.3872
vn 0.0019 0.9042 -0.4271
vn -0.0019 0.8806 -0.4739
vn 0.8061 0.5508 -0.2163
vn 0.3015 0.8887 -0.3454
vn 0.3064 0.8867 -0.3462
vn 0.2854 0.8286 -0.4817
vn -0.0019 0.8590 -0.5119
vn 0.2436 0.5287 -0.8131
vn -0.0019 0.5435 -0.8394
vn 0.2628 0.1372 -0.9551
vn -0.0019 0.1502 -0.9887
vn 0.8086 0.5472 -0.2163
vn 0.7783 0.5250 -0.3443
vn 0.6819 0.3892 -0.6193
vn 0.7652 0.1155 -0.6333
vn 0.8009 0.0022 -0.5988
vn 0.2975 0.0022 -0.9547
vn 0.8103 -0.0807 -0.5804
vn 0.3190 -0.1372 -0.9378
vn 0.8106 -0.2781 -0.5153
vn 0.3229 -0.4409 -0.8375
vn 0.7935 -0.4643 -0.3935
vn 0.3014 -0.7156 -0.6302
vn -0.0019 -0.4681 -0.8837
vn -0.0000 0.0066 -1.0000
vn 0.7744 -0.5435 -0.3238
vn 0.2685 -0.8261 -0.4954
vn 0.7295 -0.6385 -0.2450
vn 0.2288 -0.8946 -0.3837
vn 0.6176 -0.7847 -0.0529
vn 0.1926 -0.9790 -0.0670
vn -0.0038 -0.9979 -0.0654
vn 0.2234 -0.9410 0.2541
vn -0.0000 -0.9670 0.2549
vn -0.0019 -0.7569 -0.6535
vn 0.0038 -0.8613 -0.5082
vn 0.7296 -0.6385 -0.2450
vn 0.9663 -0.2571 -0.0151
vn 0.9855 -0.1588 0.0603
vn 0.7180 -0.6779 0.1575
vn 0.7548 -0.6112 0.2381
vn 0.2515 -0.9023 0.3501
vn -0.0038 -0.9318 0.3629
vn 0.2541 -0.8927 0.3722
vn 0.2656 -0.8785 0.3971
vn -0.0038 -0.9115 0.4112
vn 0.7673 -0.5832 0.2668
vn 0.7612 -0.5973 0.2525
vn 0.7673 -0.5832 0.2667
vn 0.7613 -0.5973 0.2525
vn 0.9870 -0.1459 0.0679
vn 0.9868 -0.1502 0.0604
vn 0.9909 0.1242 -0.0527
vn 0.9909 0.1242 -0.0528
vn 0.8021 0.5508 -0.2308
vn 0.9914 0.1199 -0.0528
vn 0.8086 0.5471 -0.2163
vn 0.9908 -0.1068 -0.0830
vn 0.7744 -0.5434 -0.3239
vn 0.9927 -0.0590 -0.1055
vn 0.9916 -0.0197 -0.1280
vn 0.9908 0.0066 -0.1355
vn 0.8104 -0.0807 -0.5803
vn 0.8010 0.0022 -0.5987
vn 0.8107 -0.2781 -0.5153
vn 0.9943 -0.1025 -0.0302
vn 0.9876 -0.1285 -0.0905
vn 0.9834 -0.1286 -0.1280
vn 0.7587 -0.5250 -0.3857
vn 0.2288 -0.7766 -0.5870
vn -0.0019 -0.7928 -0.6095
vn 0.0019 -0.9994 -0.0349
vn 0.9940 -0.1068 0.0227
vn 0.9849 0.1241 0.1205
vn 0.9855 0.1198 0.1205
vn 0.7511 0.4681 0.4655
vn 0.9854 0.1199 0.1205
vn 0.9834 -0.1286 -0.1281
vn 0.9834 -0.1283 -0.1280
vn 0.7356 -0.4797 -0.4784
vn 0.9840 -0.1242 -0.1279
vn 0.7402 -0.4720 -0.4789
vn 0.9999 0.0022 0.0151
vn 0.9925 -0.0895 0.0829
vn 0.9928 -0.0982 0.0679
vn 0.8059 -0.4759 0.3522
vn 0.7494 0.3281 0.5752
vn 0.9853 0.0807 0.1503
vn 0.9846 0.0894 0.1504
vn 0.7519 0.3322 0.5695
vn 0.9849 0.0851 0.1505
vn 0.9933 0.0938 -0.0679
vn 0.9999 0.0153 0.0075
vn 0.9924 0.1112 -0.0528
vn 0.7929 0.4873 -0.3657
vn 0.7859 0.5471 -0.2882
vn 0.9942 0.0589 -0.0905
vn 0.9934 0.0197 -0.1130
vn 0.9917 -0.0066 -0.1280
vn 0.6380 0.7682 0.0526
vn 0.7256 0.6317 0.2730
vn 0.7477 0.6351 -0.1938
vn 0.9743 0.2231 0.0302
vn 0.7859 0.5472 -0.2882
vn 0.9852 0.1502 0.0829
vn 0.9999 0.0153 0.0076
vn 0.7534 0.5689 0.3299
vn 0.9852 0.1501 0.0829
vn 0.9999 -0.0110 -0.0075
vn 0.9832 -0.1588 -0.0904
vn 0.7333 -0.5867 -0.3436
vn 0.7333 -0.5867 -0.3435
vn 0.9838 -0.1545 -0.0905
vn 0.9852 0.1459 0.0904
vn 0.9858 0.1459 0.0829
vn 0.7676 0.5796 0.2735
vn 0.9876 0.1415 0.0679
vn 0.8821 0.4681 -0.0527
vn 0.9940 0.1068 0.0226
vn 0.8821 0.4681 -0.0528
vn 0.9955 0.0895 -0.0302
vn 0.7774 -0.5760 0.2526
vn 0.9887 -0.1373 0.0604
vn 0.7762 -0.5867 0.2308
vn 0.9879 -0.1458 0.0528
vn 1.0000 -0.0066 -0.0076
vn 0.9893 0.1329 -0.0603
vn 0.9891 0.1371 -0.0528
vn 0.7863 0.5760 -0.2234
vn 0.9887 0.1372 -0.0603
vn 0.9998 0.0109 -0.0151
vn 1.0000 -0.0065 -0.0076
vn 0.9911 -0.0981 -0.0905
vn 0.9918 -0.0590 -0.1130
vn 0.9915 -0.0241 -0.1281
vn 0.9897 0.0022 -0.1430
vn 0.8141 -0.0894 -0.5738
vn 0.7964 -0.0066 -0.6047
vn 0.8188 -0.2655 -0.5090
vn 0.7883 0.0807 -0.6100
vn 0.7904 0.0502 -0.6106
vn 0.9895 0.0197 -0.1430
vn 0.9897 0.0110 -0.1430
vn 0.7951 0.0459 -0.6047
vn 1.0000 0.0063 -0.0004
vn 0.9945 0.0981 -0.0377
vn 0.9955 0.0937 -0.0153
vn 0.9959 0.0893 0.0151
vn 0.8642 0.4949 -0.0903
vn 0.8721 0.4835 0.0753
vn 0.9957 0.0807 0.0452
vn 0.8713 0.4330 0.2311
vn 0.9956 0.0720 0.0604
vn 0.9883 -0.0240 0.1504
vn 0.9882 -0.0284 0.1504
vn 0.9873 -0.0153 0.1579
vn 0.7737 -0.0808 0.6284
vn 0.9879 -0.0371 0.1504
vn 0.7712 -0.1631 0.6153
vn 0.9882 -0.0546 0.1429
vn 0.9893 0.0285 -0.1429
vn 0.7883 0.0808 -0.6100
vn 0.7870 0.1760 -0.5913
vn 0.9889 0.0415 -0.1429
vn 0.9893 0.0546 -0.1355
vn 0.7826 0.2316 -0.5779
vn 0.9874 -0.0676 0.1430
vn 0.9915 -0.1155 0.0604
vn 0.9956 -0.0938 0.0075
vn 0.8104 -0.5250 0.2601
vn 0.8952 -0.4330 -0.1055
vn 0.9953 -0.0807 -0.0529
vn 0.9993 -0.0371 -0.0075
vn 1.0000 -0.0022 -0.0001
vn 0.9883 -0.0938 -0.1204
vn 0.9999 -0.0065 -0.0151
vn 0.7653 -0.3973 -0.5065
vn 0.7801 -0.5025 0.3727
vn 0.2844 -0.8657 0.4120
vn 0.3101 -0.9115 -0.2701
vn 0.2328 -0.5938 -0.7702
vn 0.2279 -0.4873 -0.8430
vn 0.7363 -0.3363 -0.5872
vn 0.2314 -0.4835 -0.8442
vn 0.2351 -0.4873 -0.8410
vn 0.7356 -0.4370 -0.5177
vn 0.2183 -0.5938 -0.7745
vn 0.2480 -0.9253 -0.2868
vn 0.2615 -0.8966 0.3574
vn 0.2831 -0.7955 0.5358
vn 0.7998 -0.4912 0.3451
vn 0.2823 -0.7847 0.5518
vn 0.2889 -0.7847 0.5484
vn 0.8020 -0.4874 0.3455
vn 0.2873 -0.7820 0.5531
vn 0.2930 -0.7710 0.5654
vn 0.0019 -0.8187 0.5743
vn -0.0037 -0.9318 0.3629
vn -0.0037 -0.9536 -0.3011
vn -0.0000 -0.6147 -0.7888
vn -0.0019 -0.5025 -0.8646
vn -0.0038 -0.6112 -0.7915
vn 0.0019 -0.9612 -0.2760
vn -0.0000 -0.9061 0.4232
vn 0.0038 -0.8007 0.5990
vn 0.2727 -0.7710 0.5755
vn 0.2726 -0.7710 0.5755
vn 0.2704 -0.7874 0.5539
vn 0.7768 -0.5025 0.3795
vn 0.7794 -0.5138 0.3586
vn 0.7761 -0.5325 0.3378
vn 0.2726 -0.8111 0.5176
vn 0.7750 -0.5508 0.3098
vn 0.2679 -0.8358 0.4792
vn -0.0019 -0.8430 0.5380
vn 0.2692 -0.8612 0.4310
vn -0.0019 -0.8927 0.4507
vn 0.7702 -0.5689 0.2884
vn 0.9999 -0.0108 0.0075
vn 0.9888 0.1242 -0.0829
vn 0.7795 0.4987 -0.3790
vn 0.7819 0.5100 -0.3586
vn 0.7833 0.5175 -0.3443
vn 0.9881 -0.1242 0.0904
vn 0.9882 -0.1285 0.0829
vn 0.7794 -0.5138 0.3585
vn 0.7761 -0.5324 0.3378
vn 0.9882 -0.1329 0.0755
vn 0.9893 0.1245 -0.0756
vn 0.9899 0.1243 -0.0679
vn 0.9904 0.1243 -0.0604
vn 0.7957 0.5471 -0.2597
vn 0.9839 -0.1544 -0.0905
vn 0.9874 -0.1242 -0.0980
vn 0.7483 -0.5398 -0.3855
vn 0.2143 -0.8059 -0.5519
vn -0.0000 -0.8657 -0.5006
vn -0.0019 -0.8334 -0.5526
vn 0.2862 -0.3404 -0.8956
vn 0.8848 -0.1415 -0.4440
vn 0.9944 -0.0546 -0.0905
vn 0.0038 -0.3527 -0.9357
vn 0.2780 0.4643 -0.8409
vn 0.8069 0.2781 -0.5211
vn 0.7799 0.4643 -0.4198
vn 0.2662 0.7216 -0.6390
vn 0.2666 0.7682 -0.5821
vn -0.0038 0.7981 -0.6025
vn -0.0019 0.4873 -0.8732
vn -0.0037 0.7512 -0.6601
vn 0.9944 0.0022 -0.1055
vn 0.9989 -0.0109 -0.0453
vn 0.9910 0.0590 -0.1205
vn 0.8070 0.2781 -0.5210
vn -0.2574 -0.1846 0.9485
vn -0.2538 -0.1415 0.9569
vn -0.7639 -0.1242 0.6333
vn -0.7559 -0.0938 0.6480
vn -0.2466 -0.0981 0.9641
vn -0.7489 -0.0633 0.6597
vn -0.2098 0.0240 0.9774
vn -0.1689 0.3157 0.9337
vn -0.1925 0.5544 0.8096
vn 0.0037 0.6485 0.7612
vn -0.2300 0.6351 0.7374
vn -0.2707 0.7454 0.6092
vn -0.3004 0.9079 0.2924
vn 0.0018 0.9984 -0.0567
vn -0.2965 0.9536 -0.0523
vn -0.0038 0.9772 -0.2124
vn -0.2753 0.9395 -0.2037
vn -0.2414 0.9115 -0.3329
vn -0.2351 0.6875 -0.6870
vn -0.2734 0.2739 -0.9221
vn -0.2975 0.0981 -0.9497
vn -0.2972 0.1069 -0.9488
vn -0.2938 0.1545 -0.9433
vn -0.8027 0.0677 -0.5925
vn -0.7997 0.0981 -0.5923
vn -0.8027 0.0677 -0.5926
vn -0.7668 0.2231 -0.6019
vn -0.6553 0.5471 -0.5208
vn -0.9904 0.0284 -0.1355
vn -0.9738 0.1674 -0.1540
vn -0.9998 0.0153 -0.0151
vn -0.9866 0.1588 -0.0377
vn -0.7406 0.6216 -0.2553
vn -0.7750 0.6181 -0.1314
vn -0.7880 0.6147 -0.0340
vn -0.7852 0.5868 0.1977
vn -0.7611 0.4950 0.4191
vn -0.7316 0.4448 0.5166
vn -0.6782 0.4013 0.6156
vn -0.5739 0.2697 0.7733
vn -0.6976 0.0459 0.7150
vn -0.5739 0.2697 0.7732
vn -0.6783 0.4013 0.6156
vn -0.6976 0.0458 0.7150
vn -0.9537 0.1025 0.2829
vn -0.9808 0.1242 0.1504
vn -0.9836 -0.0066 0.1803
vn -0.9997 0.0109 0.0227
vn -0.7490 -0.0633 0.6596
vn -0.7612 0.4949 0.4191
vn -0.9857 0.1285 0.1093
vn -0.9997 0.0109 0.0226
vn -0.9999 0.0108 0.0076
vn -0.9999 -0.0022 0.0151
vn -0.9860 -0.0241 0.1651
vn -0.9836 -0.0066 0.1802
vn -0.7559 -0.0938 0.6479
vn -0.7853 0.5867 0.1977
vn -0.9885 0.1415 0.0528
vn -0.7881 0.6146 -0.0340
vn -0.9869 -0.0328 0.1578
vn -0.9999 -0.0022 0.0150
vn -0.9887 0.1501 -0.0038
vn -0.7751 0.6181 -0.1313
vn -0.9904 0.0284 -0.1354
vn -0.9907 0.0153 -0.1355
vn -0.9905 0.0240 -0.1355
vn -0.7998 0.0982 -0.5922
vn -0.7933 0.1285 -0.5951
vn -0.2847 0.2018 -0.9371
vn -0.0038 0.2103 -0.9776
vn -0.2824 0.2613 -0.9230
vn -0.2734 0.3198 -0.9072
vn -0.2680 0.3487 -0.8981
vn -0.2679 0.3852 -0.8831
vn -0.2708 0.4643 -0.8433
vn -0.2745 0.6585 -0.7008
vn 0.0018 0.9890 -0.1480
vn -0.2969 0.9454 -0.1347
vn 0.0037 0.9079 0.4192
vn -0.2456 0.8806 0.4053
vn -0.2417 0.8382 0.4888
vn -0.2435 0.8358 0.4920
vn -0.2484 0.8382 0.4855
vn -0.0019 0.9097 0.4152
vn -0.2241 0.8826 0.4132
vn -0.2007 0.9781 0.0554
vn -0.2251 0.9151 -0.3347
vn -0.2591 0.8500 -0.4587
vn -0.2823 0.7569 -0.5894
vn -0.2957 0.4949 -0.8171
vn -0.2808 0.1675 -0.9450
vn -0.2540 0.0065 -0.9672
vn -0.2171 -0.1415 -0.9658
vn -0.1873 -0.5250 -0.8302
vn -0.0038 -0.8111 -0.5849
vn -0.2073 -0.7955 -0.5695
vn -0.2306 -0.8406 -0.4901
vn -0.2288 -0.8430 -0.4869
vn -0.2287 -0.8430 -0.4869
vn -0.2143 -0.8059 -0.5519
vn -0.2862 -0.3404 -0.8956
vn -0.2780 0.4643 -0.8409
vn -0.0038 0.7512 -0.6601
vn -0.2697 0.7216 -0.6376
vn -0.2666 0.7682 -0.5820
vn -0.2693 0.7928 -0.5468
vn -0.2683 0.8111 -0.5198
vn -0.2767 0.8358 -0.4742
vn -0.2776 0.8613 -0.4256
vn 0.0037 0.8966 -0.4428
vn -0.2770 0.8806 -0.3845
vn -0.7839 0.5689 -0.2488
vn -0.7846 0.5544 -0.2775
vn -0.7842 0.5398 -0.3060
vn -0.7798 0.5250 -0.3409
vn -0.7755 0.5176 -0.3615
vn -0.7771 0.5025 -0.3790
vn -0.7799 0.4643 -0.4198
vn -0.8069 0.2781 -0.5211
vn -0.8847 -0.1416 -0.4441
vn -0.7483 -0.5398 -0.3855
vn -0.7333 -0.5867 -0.3436
vn -0.7365 -0.5867 -0.3367
vn -0.7101 -0.5617 -0.4245
vn -0.6190 -0.4291 -0.6578
vn -0.7403 -0.1329 -0.6590
vn -0.7825 0.0022 -0.6227
vn -0.7903 0.1025 -0.6041
vn -0.7975 0.3157 -0.5142
vn -0.7913 0.4873 -0.3691
vn -0.7845 0.5472 -0.2918
vn -0.7477 0.6352 -0.1938
vn -0.6380 0.7683 0.0527
vn -0.7255 0.6318 0.2730
vn -0.7518 0.5689 0.3334
vn -0.7491 0.5725 0.3333
vn -0.7688 0.5796 0.2700
vn -0.8821 0.4681 -0.0528
vn -0.8002 0.4173 -0.4308
vn -0.7795 0.3074 -0.5458
vn -0.7783 0.2528 -0.5748
vn -0.7770 0.2274 -0.5870
vn -0.7770 0.2274 -0.5869
vn -0.7827 0.2061 -0.5873
vn -0.7880 0.1717 -0.5912
vn -0.7771 0.2274 -0.5869
vn -0.9888 0.0545 -0.1392
vn -0.9890 0.0503 -0.1393
vn -0.7881 0.1717 -0.5912
vn -0.9899 0.0415 -0.1354
vn -0.7933 0.1286 -0.5950
vn -0.9902 0.0328 -0.1354
vn -0.7998 0.0981 -0.5922
vn -1.0000 0.0022 -0.0075
vn -0.9868 -0.0371 0.1578
vn -0.7681 -0.1545 0.6214
vn -0.9882 -0.0633 0.1391
vn -0.9888 -0.0546 0.1392
vn -0.7765 -0.2655 0.5715
vn -0.7753 -0.2316 0.5876
vn -0.9881 -0.0459 0.1468
vn -0.7738 -0.1932 0.6032
vn 0.9885 0.0808 -0.1279
vn 0.9923 0.0851 -0.0905
vn 0.9963 0.0807 -0.0302
vn 0.9947 0.0982 0.0302
vn 0.9044 0.4251 -0.0377
vn 0.9898 -0.0633 0.1279
vn 0.7982 -0.2655 0.5407
vn 0.8673 -0.0066 0.4978
vn 0.9810 0.0502 0.1877
vn 0.8212 0.3527 0.4487
vn 0.8660 0.3972 0.3036
vn 0.9954 0.0328 -0.0905
vn 0.9912 0.0894 -0.0979
vn 0.8908 0.0546 -0.4511
vn 0.9993 0.0022 -0.0378
vn 0.9954 0.0328 -0.0904
vn 0.9787 0.1112 -0.1728
vn 0.9951 -0.0109 0.0980
vn 0.9905 -0.0502 0.1281
vn 0.7979 -0.2231 0.5600
vn 0.7778 0.3812 0.4998
vn 0.9883 0.0938 0.1204
vn 0.7511 0.4681 0.4656
vn 0.9749 0.1199 -0.1877
vn 0.6617 0.4172 -0.6230
vn 0.7964 -0.0065 -0.6047
vn 0.9925 -0.0895 0.0830
vn 0.9792 -0.0109 0.2025
vn 0.7377 0.2401 0.6310
vn 0.7797 -0.3852 0.4937
vn 0.2717 -0.6452 0.7140
vn 0.0019 -0.8085 0.5885
vn 0.0019 -0.6650 0.7468
vn 0.2411 -0.1285 0.9619
vn 0.0019 -0.1285 0.9917
vn 0.6653 -0.0764 0.7427
vn 0.2277 0.3812 0.8960
vn -0.0000 0.3852 0.9228
vn -0.7825 0.0021 -0.6226
vn -0.7404 -0.1329 -0.6590
vn -0.9917 -0.0066 -0.1281
vn -0.9726 -0.1372 -0.1877
vn -0.9831 -0.1545 -0.0980
vn -0.7333 -0.5867 -0.3435
vn -0.9998 -0.0109 -0.0151
vn -0.7971 -0.5025 0.3348
vn -0.9917 -0.1112 0.0641
vn -0.7790 -0.5973 0.1908
vn -0.9807 -0.1803 -0.0755
vn -0.6632 -0.7063 -0.2476
vn -0.7356 -0.4370 -0.5176
vn -0.9836 -0.0938 -0.1540
vn -0.7388 -0.3404 -0.5816
vn -0.9840 -0.0895 -0.1541
vn -0.7363 -0.3363 -0.5872
vn -0.7389 -0.3404 -0.5816
vn -0.9999 -0.0066 -0.0151
vn -1.0000 -0.0065 -0.0075
vn -0.9919 -0.1025 0.0755
vn -0.7983 -0.4911 0.3485
vn -0.9924 -0.1025 0.0679
vn -0.8020 -0.4873 0.3455
vn -0.9855 0.0851 0.1467
vn -0.9851 0.0894 0.1467
vn -0.7496 0.3322 0.5725
vn -0.7502 0.3363 0.5693
vn -0.9853 0.0807 0.1503
vn -0.7471 0.3281 0.5782
vn -0.9999 0.0022 0.0151
vn -0.9928 -0.0982 0.0679
vn -0.9928 -0.0895 0.0792
vn -0.8060 -0.4758 0.3522
vn -0.8020 -0.4874 0.3455
vn -0.2873 -0.7820 0.5531
vn -0.8019 -0.4874 0.3455
vn -0.2896 -0.7710 0.5672
vn -0.8059 -0.4759 0.3522
vn -0.2682 -0.6452 0.7154
vn -0.7797 -0.3852 0.4937
vn -0.2375 -0.1286 0.9629
vn -0.6653 -0.0764 0.7427
vn -0.2856 -0.7847 0.5502
vn -0.7983 -0.4912 0.3485
vn -0.2856 -0.7847 0.5501
vn -0.2831 -0.7955 0.5358
vn -0.2616 -0.8966 0.3574
vn -0.6631 -0.7064 -0.2477
vn -0.2452 -0.9253 -0.2892
vn -0.0038 -0.9536 -0.3011
vn -0.2219 -0.5938 -0.7734
vn -0.2351 -0.4874 -0.8410
vn -0.2314 -0.4835 -0.8442
vn -0.7356 -0.4370 -0.5177
vn -0.2278 -0.4873 -0.8430
vn -0.2363 -0.5938 -0.7691
vn -0.3101 -0.9115 -0.2701
vn -0.7673 -0.3973 -0.5034
vn -0.8952 -0.4331 -0.1055
vn -0.9999 -0.0065 -0.0151
vn -0.9840 -0.0894 -0.1541
vn -0.9887 -0.0938 -0.1167
vn -0.9955 -0.0807 -0.0491
vn -0.7389 -0.3404 -0.5815
vn -0.2844 -0.8657 0.4120
vn -0.2692 -0.7710 0.5771
vn 0.0037 -0.8007 0.5990
vn -0.2693 -0.7710 0.5771
vn -0.8104 -0.5250 0.2601
vn -0.7785 -0.5025 0.3761
vn -0.7794 -0.5138 0.3586
vn -0.2704 -0.7874 0.5539
vn -0.2704 -0.7875 0.5539
vn -0.2726 -0.8111 0.5176
vn -0.2679 -0.8358 0.4792
vn -0.7761 -0.5324 0.3379
vn -0.7750 -0.5508 0.3098
vn -0.2692 -0.8612 0.4310
vn -0.7702 -0.5689 0.2884
vn -0.2625 -0.8785 0.3992
vn -0.7673 -0.5832 0.2668
vn -0.7793 -0.5138 0.3586
vn -0.7794 -0.5138 0.3585
vn -0.9881 -0.1242 0.0904
vn -0.7761 -0.5324 0.3378
vn -0.9885 -0.1285 0.0792
vn -0.9880 -0.1329 0.0792
vn -0.9882 -0.1372 0.0680
vn -0.9872 -0.1458 0.0642
vn -0.9888 0.1242 -0.0829
vn -0.9866 -0.1502 0.0641
vn -0.9855 -0.1588 0.0603
vn -0.7548 -0.6112 0.2381
vn -0.7624 -0.5973 0.2489
vn -0.9872 -0.1459 0.0642
vn -0.7673 -0.5831 0.2668
vn -0.9894 0.1243 -0.0755
vn -0.7848 0.5176 -0.3409
vn -0.7862 0.5287 -0.3200
vn -0.9899 0.1242 -0.0679
vn -0.7921 0.5361 -0.2918
vn -0.9904 0.1242 -0.0603
vn -0.7946 0.5471 -0.2633
vn -0.9908 0.1242 -0.0528
vn -0.8011 0.5508 -0.2345
vn -0.9909 0.1242 -0.0528
vn -0.8071 0.5508 -0.2127
vn -0.9914 0.1199 -0.0528
vn -0.8076 0.5471 -0.2199
vn -0.9999 0.0065 -0.0151
vn -0.9916 -0.0197 -0.1280
vn -0.9908 0.0066 -0.1355
vn -0.8125 -0.0808 -0.5773
vn -0.8010 0.0022 -0.5987
vn -0.9923 -0.0590 -0.1092
vn -0.8086 -0.2781 -0.5184
vn -0.9885 -0.1328 -0.0716
vn -0.9905 -0.1069 -0.0868
vn -0.7744 -0.5435 -0.3238
vn -0.7952 -0.4643 -0.3901
vn -0.7951 -0.4643 -0.3901
vn -0.2685 -0.8261 -0.4954
vn -0.7744 -0.5435 -0.3239
vn -0.2321 -0.8946 -0.3818
vn -0.7296 -0.6385 -0.2450
vn -0.1938 -0.9790 -0.0634
vn -0.6179 -0.7847 -0.0491
vn -0.3047 -0.7156 -0.6285
vn -0.3264 -0.4410 -0.8361
vn -0.3190 -0.1372 -0.9378
vn -0.8009 0.0022 -0.5988
vn -0.2975 0.0022 -0.9547
vn -0.7676 0.1155 -0.6304
vn -0.2591 0.1372 -0.9561
vn -0.2472 0.5287 -0.8120
vn -0.2821 0.8286 -0.4836
vn -0.6844 0.3893 -0.6165
vn -0.8076 0.5472 -0.2200
vn -0.3064 0.8867 -0.3462
vn -0.3043 0.8887 -0.3429
vn -0.8010 0.5508 -0.2345
vn -0.2951 0.8806 -0.3709
vn -0.2924 0.8657 -0.4064
vn -0.7945 0.5472 -0.2633
vn -0.2822 0.8453 -0.4537
vn -0.7921 0.5361 -0.2919
vn -0.2792 0.8236 -0.4936
vn -0.7861 0.5287 -0.3200
vn -0.2736 0.8033 -0.5290
vn -0.2745 0.7848 -0.5557
vn 0.0037 0.8358 -0.5490
vn -0.7848 0.5175 -0.3409
vn -0.7795 0.4987 -0.3790
vn -0.9881 -0.1242 0.0905
vn -0.9887 -0.1199 0.0905
vn -0.7747 -0.3404 0.5329
vn -0.9880 -0.0807 0.1318
vn -0.7982 -0.2655 0.5407
vn -0.9902 -0.0633 0.1242
vn -0.8673 -0.0065 0.4978
vn -0.7714 -0.3115 0.5549
vn -0.7724 -0.3363 0.5388
vn -0.2675 -0.4758 0.8379
vn -0.2694 -0.5101 0.8169
vn -0.7746 -0.3404 0.5330
vn -0.2637 -0.5138 0.8164
vn -0.2769 -0.4093 0.8694
vn -0.2903 0.0022 0.9569
vn -0.2551 0.3892 0.8851
vn -0.7782 0.2613 0.5710
vn -0.7495 0.3322 0.5726
vn -0.2438 0.4835 0.8407
vn -0.2439 0.4911 0.8362
vn -0.7470 0.3281 0.5782
vn -0.2439 0.4835 0.8407
vn 0.0037 0.4987 0.8667
vn -0.2277 0.3812 0.8960
vn -0.7377 0.2401 0.6310
vn -0.9792 -0.0109 0.2025
vn -0.9941 0.0241 0.1055
vn -0.9990 0.0022 0.0453
vn -0.9941 0.0240 0.1055
vn -0.9943 0.0415 0.0979
vn -0.9993 0.0066 0.0377
vn -0.8745 0.0633 0.4809
vn -0.9951 -0.0110 0.0980
vn -0.9854 0.1199 0.1205
vn -0.9887 0.0938 0.1167
vn -0.7778 0.3812 0.4998
vn -0.7511 0.4681 0.4655
vn -0.7777 0.3812 0.4999
vn -0.2992 0.1112 0.9477
vn -0.2576 0.5761 0.7758
vn -0.7510 0.4682 0.4656
vn -0.2439 0.6844 0.6872
vn -0.7486 0.4720 0.4656
vn -0.2455 0.6907 0.6802
vn -0.0038 0.7063 0.7079
vn -0.2735 -0.3568 0.8932
vn -0.2749 -0.4565 0.8462
vn -0.2732 -0.4448 0.8529
vn -0.2732 -0.4053 0.8724
vn -0.7767 -0.2907 0.5588
vn -0.7764 -0.2655 0.5716
vn -0.7956 -0.2231 0.5632
vn -0.7782 -0.2990 0.5523
vn -0.9882 -0.0720 0.1355
vn -0.7957 -0.2231 0.5631
vn -0.9910 -0.0502 0.1243
vn -0.9951 -0.0109 0.0980
vn -0.9999 -0.0065 0.0076
vn -0.7768 -0.2907 0.5587
vn -1.0000 0.0066 -0.0075
vn -0.9888 0.0546 -0.1392
vn -0.7795 0.3073 -0.5458
vn -0.9888 0.0764 -0.1280
vn -0.9882 0.0633 -0.1392
vn -0.9840 -0.1242 -0.1280
vn -0.9886 -0.0851 -0.1243
vn -0.7714 -0.3486 -0.5324
vn -0.8891 0.0546 -0.4544
vn -0.7381 -0.4720 -0.4821
vn -0.8891 0.0546 -0.4545
vn -0.7713 -0.3486 -0.5324
vn -0.3044 0.1717 -0.9369
vn -0.2457 -0.5250 -0.8149
vn -0.2356 -0.6812 -0.6932
vn -0.7355 -0.4797 -0.4784
vn -0.2302 -0.6875 -0.6887
vn -0.7356 -0.4797 -0.4784
vn -0.2285 -0.6907 -0.6861
vn -0.2597 0.7094 -0.6552
vn -0.2713 0.7710 -0.5761
vn -0.7795 0.4988 -0.3790
vn -0.7920 0.4331 -0.4304
vn -0.9954 0.0328 -0.0904
vn -0.9993 0.0022 -0.0378
vn -0.9915 0.0894 -0.0943
vn -0.7920 0.4330 -0.4304
vn -0.9947 0.0982 0.0302
vn -0.9044 0.4251 -0.0377
vn -0.7819 0.5100 0.3585
vn -0.7526 0.4720 0.4592
vn -0.9849 0.1241 0.1205
vn -0.9839 -0.1285 -0.1243
vn -0.9840 -0.1242 -0.1279
vn -0.2439 0.6939 0.6775
vn -0.2540 0.7955 0.5502
vn -0.9043 0.4251 -0.0377
vn -0.3214 0.9334 -0.1596
vn -0.2591 0.6043 -0.7535
vn -0.0038 0.7156 0.6985
vn -0.7935 0.3973 -0.4610
vn -0.7739 0.3281 -0.5418
vn -0.2655 0.4912 -0.8296
vn -0.7751 0.3073 -0.5520
vn -0.2673 0.4681 -0.8423
vn -0.7807 0.2739 -0.5617
vn -0.2696 0.4213 -0.8659
vn -0.2769 0.3527 -0.8938
vn -0.2789 0.2697 -0.9217
vn -0.7825 0.2316 -0.5779
vn -0.7847 0.1761 -0.5944
vn -0.2739 0.1889 -0.9430
vn -0.7874 0.1242 -0.6038
vn -0.0038 0.1242 -0.9923
vn -0.2794 0.1199 -0.9527
vn -0.7882 0.0807 -0.6101
vn -0.7882 0.0807 -0.6100
vn -0.7880 0.0502 -0.6136
vn -0.2865 0.0764 -0.9550
vn -0.7928 0.0459 -0.6078
vn -0.2867 0.0677 -0.9556
vn -0.2701 0.1803 -0.9458
vn -0.2686 0.5581 -0.7851
vn -0.3184 0.8310 -0.4561
vn -0.7753 0.1415 -0.6156
vn -0.7073 0.3973 -0.5848
vn -0.8095 0.4988 -0.3098
vn -0.8494 0.4988 -0.1724
vn -0.3649 0.8806 -0.3024
vn -0.8642 0.4950 -0.0904
vn -0.3926 0.9061 -0.1580
vn -0.8724 0.4835 0.0716
vn -0.4071 0.9042 0.1295
vn -0.0038 0.9840 -0.1782
vn 0.0018 0.9902 0.1394
vn -0.4046 0.8161 0.4126
vn -0.8722 0.4331 0.2275
vn -0.8660 0.3973 0.3036
vn -0.3874 0.7395 0.5505
vn -0.8193 0.3527 0.4520
vn -0.3424 0.6284 0.6985
vn -0.7016 0.1846 0.6882
vn -0.2661 0.2907 0.9191
vn -0.2485 -0.0459 0.9675
vn -0.7534 -0.0153 0.6574
vn -0.9802 0.0502 0.1914
vn -0.9956 0.0720 0.0604
vn -0.9873 -0.0153 0.1579
vn -0.7761 -0.0807 0.6254
vn -0.7752 -0.0938 0.6247
vn -0.9883 -0.0240 0.1504
vn -0.7691 -0.1198 0.6278
vn -0.9882 -0.0284 0.1504
vn -0.8722 0.4330 0.2275
vn -0.9957 0.0807 0.0452
vn -0.9959 0.0894 0.0113
vn -0.8642 0.4949 -0.0903
vn -1.0000 0.0063 -0.0004
vn -0.9954 0.0938 -0.0189
vn -0.8495 0.4987 -0.1723
vn -0.9945 0.0981 -0.0377
vn -0.9897 0.0109 -0.1430
vn -0.9895 0.0197 -0.1430
vn -0.7883 0.0808 -0.6100
vn -0.9896 0.0153 -0.1430
vn -0.7928 0.0459 -0.6077
vn -0.8013 -0.4835 -0.3523
vn -0.7580 -0.5902 -0.2777
vn -0.9893 -0.1199 -0.0830
vn -0.9725 -0.2316 -0.0264
vn -0.9881 -0.1459 0.0491
vn -0.7441 -0.6519 0.1463
vn -0.7762 -0.5867 0.2308
vn -0.6553 -0.7512 -0.0792
vn -0.2473 -0.9365 0.2486
vn -0.2225 -0.9691 -0.1060
vn -0.7579 -0.5903 -0.2777
vn -0.2616 -0.8522 -0.4531
vn -0.3047 -0.7682 -0.5631
vn -0.8121 -0.4173 -0.4079
vn -0.3230 -0.6683 -0.6701
vn -0.8188 -0.2655 -0.5091
vn -0.3372 -0.4252 -0.8400
vn -0.8119 -0.0895 -0.5769
vn -0.3279 -0.1458 -0.9334
vn -0.7964 -0.0065 -0.6048
vn -0.2975 -0.0065 -0.9547
vn -0.7590 0.1242 -0.6391
vn -0.2608 0.1458 -0.9543
vn -0.6591 0.4172 -0.6257
vn 0.0037 -0.4526 -0.8917
vn -0.2755 -0.8927 0.3567
vn -0.2731 -0.8805 0.3873
vn -0.2737 -0.8635 0.4237
vn -0.7774 -0.5761 0.2526
vn -0.7780 -0.5653 0.2742
vn -0.7778 -0.5508 0.3028
vn -0.2755 -0.8429 0.4621
vn -0.2775 -0.8136 0.5109
vn -0.2738 -0.7820 0.5599
vn -0.2747 -0.7541 0.5966
vn -0.2717 -0.7306 0.6264
vn -0.2719 -0.7216 0.6367
vn -0.2662 -0.8007 0.5366
vn -0.2808 -0.9587 -0.0452
vn -0.7915 -0.5139 0.3309
vn -0.7802 -0.4720 0.4105
vn -0.7799 -0.4758 0.4067
vn -0.7767 -0.4950 0.3896
vn -0.2288 -0.7765 -0.5871
vn -0.8752 -0.4835 -0.0151
vn -0.7587 -0.5250 -0.3857
vn -0.9879 -0.1285 -0.0867
vn -0.9943 -0.1025 -0.0302
vn -0.8095 0.4987 -0.3098
vn -0.9945 0.0982 -0.0378
vn -0.9821 0.1025 -0.1579
vn -0.7073 0.3973 -0.5847
vn -0.7753 0.1415 -0.6155
vn -0.7172 -0.6779 0.1612
vn -0.9663 -0.2571 -0.0151
vn -0.9885 -0.1329 -0.0717
vn -0.2206 -0.9410 0.2566
vn -0.2515 -0.9023 0.3501
vn -0.2572 -0.8927 0.3700
vn -0.7172 -0.6780 0.1612
vn -0.7846 0.5471 -0.2918
vn -0.7914 0.4873 -0.3691
vn -0.9926 0.1112 -0.0490
vn -0.9935 0.0938 -0.0641
vn -0.9938 0.0589 -0.0942
vn -0.9934 0.0197 -0.1130
vn -0.7825 0.0022 -0.6226
vn -0.9917 -0.0066 -0.1280
vn -0.9999 0.0153 0.0075
vn -0.9999 0.0153 0.0076
vn -0.9849 0.1502 0.0867
vn -0.9926 0.1112 -0.0491
vn -0.9743 0.2231 0.0302
vn -0.7255 0.6317 0.2729
vn -0.7477 0.6351 -0.1938
vn -0.6380 0.7682 0.0527
vn -0.7845 0.5471 -0.2918
vn -0.7492 0.5725 0.3332
vn -0.7518 0.5689 0.3333
vn -0.9858 0.1459 0.0829
vn -0.9852 0.1459 0.0904
vn -0.9999 -0.0110 -0.0075
vn -0.9838 -0.1545 -0.0905
vn -0.9832 -0.1589 -0.0904
vn -0.9887 -0.1373 0.0604
vn -0.9882 -0.1372 0.0679
vn -0.7774 -0.5760 0.2526
vn -0.9911 -0.0981 -0.0905
vn -0.8121 -0.4172 -0.4079
vn -0.8188 -0.2655 -0.5090
vn -0.9895 0.1329 -0.0566
vn -0.9889 0.1372 -0.0565
vn -0.7839 0.5689 -0.2487
vn -0.7873 0.5760 -0.2197
vn -0.9885 0.1372 -0.0641
vn -0.7847 0.5796 -0.2197
vn -0.9998 0.0109 -0.0151
vn -0.9915 -0.0240 -0.1280
vn -0.8120 -0.0895 -0.5768
vn -0.9897 0.0022 -0.1430
vn -0.7964 -0.0066 -0.6047
vn -0.9749 0.1199 -0.1877
vn -0.7557 0.5508 -0.3543
vn -0.2327 0.5435 -0.8065
vn -0.2599 0.8406 -0.4752
vn -0.7557 0.5508 -0.3544
vn -0.2812 0.8985 -0.3371
vn -0.7873 0.5761 -0.2197
vn -0.2811 0.8966 -0.3422
vn 0.0037 0.8657 -0.5006
vn -0.9912 -0.1155 0.0641
vn -0.9955 -0.0938 0.0113
vn -0.8952 -0.4330 -0.1054
vn -0.8952 -0.4330 -0.1055
vn -0.9993 -0.0371 -0.0075
vn -1.0000 -0.0022 -0.0001
vn -0.9874 -0.1242 -0.0980
vn -0.9947 -0.0546 -0.0867
vn -0.9989 -0.0109 -0.0453
vn -0.9944 0.0022 -0.1055
vn -0.8848 -0.1415 -0.4440
vn -0.9886 0.1112 -0.1018
vn -0.9881 0.1242 -0.0904
vn -0.7755 0.5175 -0.3615
vn -0.9999 -0.0108 0.0075
vn -0.9881 -0.1155 0.1017
vn -0.7767 -0.4949 0.3896
vn -0.9878 0.0764 -0.1355
vn -0.9885 0.0807 -0.1279
vn -0.7752 0.3073 -0.5520
vn -0.7739 0.3281 -0.5417
vn -0.7808 0.2739 -0.5616
vn -0.7807 0.2739 -0.5616
vn -0.7826 0.2316 -0.5778
vn -1.0000 0.0066 -0.0076
vn -0.7847 0.1760 -0.5944
vn -0.9889 0.0415 -0.1429
vn -0.9893 0.0284 -0.1429
vn -0.9878 -0.0764 0.1354
vn -0.9874 -0.0677 0.1430
vn -0.9877 -0.0546 0.1467
vn -0.7728 -0.2697 0.5745
vn -0.7714 -0.3115 0.5548
vn -0.9879 -0.0371 0.1504
vn -0.7722 -0.2189 0.5965
vn -0.7689 -0.1631 0.6183
vn -0.7691 -0.1199 0.6278
vn -0.2649 -0.1804 0.9473
vn -0.2719 -0.2486 0.9297
vn -0.7688 -0.1631 0.6183
vn -0.2735 -0.3322 0.9027
vn -0.2714 -0.4131 0.8693
vn -0.2649 -0.1803 0.9473
vn -0.2703 -0.1459 0.9517
vn -0.7752 -0.0938 0.6248
vn -0.2667 -0.1285 0.9552
vn -0.7760 -0.0807 0.6255
vn -0.9880 -0.0808 0.1318
vn -0.9885 0.0808 -0.1279
vn -0.9919 0.0851 -0.0942
vn -0.9963 0.0807 -0.0302
vn -0.9911 0.0938 -0.0942
vn -0.9954 0.0895 -0.0340
vn -0.8002 0.4172 -0.4308
vn -0.9940 0.1068 0.0226
vn -0.9876 0.1416 0.0679
vn -0.7689 0.5796 0.2700
vn -0.7492 0.5725 0.3333
vn -0.9899 -0.1199 0.0755
vn -0.9939 -0.1069 0.0264
vn -0.7915 -0.5138 0.3309
vn -0.9989 -0.0458 0.0038
vn -0.7802 -0.4720 0.4104
vn -0.6845 0.3892 -0.6164
vn -0.7799 0.5250 -0.3409
vn -0.9793 0.1112 -0.1691
vn -0.8076 0.5471 -0.2200
vn -0.7799 0.4642 -0.4198
vn -0.8070 0.2781 -0.5210
vn -0.9914 0.0590 -0.1167
vn 0.9881 0.1242 -0.0905
vn 0.7814 0.5250 -0.3374
vn 0.9882 0.1285 -0.0830
vn 0.9888 0.1285 -0.0754
vn 0.7859 0.5544 -0.2740
vn 0.9888 0.1329 -0.0679
vn 0.9893 0.1329 -0.0604
vn -0.9891 0.1329 -0.0641
vn -0.7842 0.5398 -0.3059
vn -0.9891 0.1285 -0.0716
vn -0.7799 0.5250 -0.3408
vn -0.9885 0.1286 -0.0792
vn -0.7756 0.5175 -0.3615
vn -0.7778 -0.5508 0.3027
vn -0.7791 -0.5324 0.3309
vn -0.7801 -0.5100 0.3624
vn -0.7800 -0.5101 0.3625
vn -0.2719 -0.3527 0.8953
vn -0.7738 -0.1932 0.6033
vn -0.2683 -0.2907 0.9184
vn -0.2666 -0.2316 0.9355
vn -0.7638 -0.1242 0.6333
vn -0.7680 -0.1545 0.6215
vt 0.265347 0.494495
vt 0.259328 0.492632
vt 0.264444 0.487976
vt 0.258375 0.486528
vt 0.260331 0.469248
vt 0.253911 0.468420
vt 0.254162 0.486321
vt 0.249296 0.468731
vt 0.250801 0.488080
vt 0.245534 0.471421
vt 0.240518 0.434068
vt 0.236455 0.436137
vt 0.231841 0.399819
vt 0.227577 0.401371
vt 0.232593 0.438621
vt 0.244330 0.486838
vt 0.247741 0.492012
vt 0.251152 0.497185
vt 0.254111 0.493460
vt 0.255967 0.491391
vt 0.258275 0.496254
vt 0.264595 0.498634
vt 0.274175 0.500600
vt 0.274125 0.496357
vt 0.285110 0.500496
vt 0.284207 0.496150
vt 0.295343 0.496254
vt 0.293738 0.492322
vt 0.303719 0.490460
vt 0.308535 0.492632
vt 0.297500 0.499875
vt 0.286465 0.507118
vt 0.273774 0.504842
vt 0.261034 0.502566
vt 0.256068 0.499875
vt 0.312247 0.487666
vt 0.308886 0.485596
vt 0.301462 0.487045
vt 0.306528 0.482699
vt 0.311795 0.481147
vt 0.316009 0.482803
vt 0.317012 0.477008
vt 0.312999 0.474628
vt 0.318015 0.471214
vt 0.312347 0.456521
vt 0.309287 0.474525
vt 0.308134 0.455590
vt 0.309388 0.418444
vt 0.313451 0.419065
vt 0.308886 0.366812
vt 0.306478 0.380884
vt 0.309789 0.365156
vt 0.309337 0.480112
vt 0.305124 0.418444
vt 0.302165 0.381711
vt 0.305927 0.364742
vt 0.301362 0.363604
vt 0.307080 0.360500
vt 0.310692 0.363501
vt 0.312497 0.362052
vt 0.309137 0.358431
vt 0.314303 0.360603
vt 0.311043 0.357085
vt 0.314705 0.360293
vt 0.312698 0.356258
vt 0.315106 0.359983
vt 0.301964 0.356672
vt 0.305826 0.354085
vt 0.308184 0.352740
vt 0.302415 0.338874
vt 0.305425 0.347152
vt 0.299356 0.339599
vt 0.302716 0.348187
vt 0.298804 0.349635
vt 0.295543 0.340634
vt 0.310341 0.351808
vt 0.318216 0.354809
vt 0.331909 0.351601
vt 0.332913 0.355533
vt 0.349766 0.348083
vt 0.350669 0.350981
vt 0.316611 0.350256
vt 0.330555 0.347256
vt 0.348763 0.343945
vt 0.366570 0.341772
vt 0.367422 0.345807
vt 0.380765 0.340427
vt 0.381818 0.344462
vt 0.368476 0.349429
vt 0.386283 0.347773
vt 0.391299 0.347049
vt 0.390145 0.343531
vt 0.396315 0.346221
vt 0.395161 0.342703
vt 0.400628 0.344669
vt 0.399174 0.341565
vt 0.404892 0.343117
vt 0.402534 0.339599
vt 0.408002 0.338150
vt 0.389493 0.339702
vt 0.394609 0.339081
vt 0.398471 0.338254
vt 0.395713 0.328217
vt 0.399073 0.334322
vt 0.394810 0.334632
vt 0.401130 0.337633
vt 0.405293 0.335874
vt 0.411112 0.333184
vt 0.400729 0.328217
vt 0.402484 0.334425
vt 0.404691 0.328527
vt 0.408002 0.329562
vt 0.410560 0.319836
vt 0.406999 0.319525
vt 0.411061 0.308868
vt 0.407350 0.309282
vt 0.407500 0.298831
vt 0.410610 0.297176
vt 0.417030 0.307730
vt 0.414071 0.320457
vt 0.404190 0.299762
vt 0.402434 0.290657
vt 0.399525 0.292106
vt 0.398321 0.285483
vt 0.400327 0.282897
vt 0.396465 0.279068
vt 0.394860 0.282276
vt 0.392402 0.277413
vt 0.404240 0.286725
vt 0.395863 0.286932
vt 0.393807 0.284138
vt 0.391148 0.280413
vt 0.390897 0.283414
vt 0.386784 0.278861
vt 0.386533 0.282276
vt 0.380966 0.277413
vt 0.380665 0.280931
vt 0.372188 0.275964
vt 0.375899 0.272653
vt 0.382119 0.274205
vt 0.388339 0.275757
vt 0.371636 0.279482
vt 0.358695 0.274412
vt 0.359447 0.270894
vt 0.342643 0.273170
vt 0.342995 0.269238
vt 0.326191 0.272653
vt 0.326041 0.276482
vt 0.311294 0.276171
vt 0.311444 0.272239
vt 0.326191 0.269032
vt 0.309388 0.268825
vt 0.342443 0.276999
vt 0.358394 0.278137
vt 0.300509 0.267997
vt 0.300309 0.271515
vt 0.291681 0.267169
vt 0.292333 0.270480
vt 0.289324 0.265720
vt 0.299807 0.275447
vt 0.310943 0.281034
vt 0.299506 0.280620
vt 0.310692 0.288277
vt 0.299657 0.288174
vt 0.310642 0.298831
vt 0.300309 0.299245
vt 0.310993 0.311765
vt 0.301613 0.312593
vt 0.311946 0.325216
vt 0.291581 0.274516
vt 0.291380 0.279896
vt 0.291982 0.287863
vt 0.293537 0.299349
vt 0.286565 0.287656
vt 0.288672 0.299452
vt 0.281900 0.287760
vt 0.284258 0.299866
vt 0.291731 0.313421
vt 0.287568 0.314041
vt 0.295995 0.313007
vt 0.303519 0.326355
vt 0.313300 0.336805
vt 0.305826 0.338150
vt 0.299105 0.326975
vt 0.295543 0.327493
vt 0.291581 0.328320
vt 0.308033 0.346324
vt 0.314855 0.344772
vt 0.290377 0.342082
vt 0.286565 0.329666
vt 0.282803 0.344151
vt 0.279242 0.331632
vt 0.272069 0.346945
vt 0.268708 0.334322
vt 0.275279 0.316939
vt 0.282552 0.315180
vt 0.279091 0.300797
vt 0.276583 0.288588
vt 0.271818 0.302453
vt 0.269109 0.290036
vt 0.264896 0.319525
vt 0.256268 0.337529
vt 0.259378 0.350256
vt 0.246537 0.353567
vt 0.243628 0.340634
vt 0.252657 0.322526
vt 0.240217 0.325527
vt 0.249095 0.307626
vt 0.261385 0.304833
vt 0.258626 0.292313
vt 0.267354 0.281345
vt 0.256770 0.283621
vt 0.266150 0.275550
vt 0.255516 0.277930
vt 0.244230 0.286208
vt 0.242976 0.280620
vt 0.246186 0.295003
vt 0.236656 0.310420
vt 0.233646 0.297796
vt 0.231540 0.288898
vt 0.222912 0.300176
vt 0.226072 0.312903
vt 0.229633 0.328010
vt 0.232894 0.343220
vt 0.235552 0.356465
vt 0.227878 0.358327
vt 0.225470 0.344979
vt 0.222360 0.329666
vt 0.223063 0.359362
vt 0.220856 0.346014
vt 0.217996 0.346842
vt 0.220103 0.360086
vt 0.215187 0.347773
vt 0.217595 0.360603
vt 0.210723 0.349222
vt 0.213783 0.361535
vt 0.218648 0.370019
vt 0.215238 0.370433
vt 0.218498 0.376745
vt 0.215388 0.376848
vt 0.207312 0.372192
vt 0.207864 0.378090
vt 0.205406 0.363811
vt 0.201895 0.352222
vt 0.197180 0.338978
vt 0.206510 0.335150
vt 0.192014 0.326355
vt 0.211777 0.332977
vt 0.214937 0.331735
vt 0.217896 0.330804
vt 0.211425 0.317042
vt 0.214435 0.315904
vt 0.207864 0.318698
vt 0.201845 0.321595
vt 0.187349 0.316007
vt 0.197531 0.310420
vt 0.204052 0.306695
vt 0.207864 0.304522
vt 0.210974 0.303177
vt 0.200792 0.298417
vt 0.204654 0.295727
vt 0.207914 0.294072
vt 0.201293 0.290036
vt 0.204403 0.287346
vt 0.197331 0.286518
vt 0.198735 0.284552
vt 0.193318 0.284035
vt 0.192415 0.285587
vt 0.194321 0.289519
vt 0.185643 0.291278
vt 0.188201 0.294382
vt 0.197632 0.293037
vt 0.191111 0.297900
vt 0.178872 0.300901
vt 0.181129 0.304522
vt 0.178872 0.296969
vt 0.167937 0.312386
vt 0.165830 0.308868
vt 0.153140 0.320871
vt 0.151184 0.317353
vt 0.138694 0.329459
vt 0.136738 0.326044
vt 0.125953 0.337633
vt 0.123846 0.334322
vt 0.134631 0.323043
vt 0.120084 0.331942
vt 0.164024 0.305557
vt 0.149177 0.314145
vt 0.111056 0.338874
vt 0.113764 0.341565
vt 0.115871 0.344876
vt 0.106291 0.347773
vt 0.108548 0.350774
vt 0.101576 0.352636
vt 0.098566 0.350877
vt 0.095005 0.355740
vt 0.098817 0.356982
vt 0.094352 0.361224
vt 0.102077 0.345911
vt 0.103682 0.355119
vt 0.109902 0.355016
vt 0.104685 0.359051
vt 0.111006 0.361224
vt 0.105337 0.365260
vt 0.100974 0.361431
vt 0.101224 0.367639
vt 0.101074 0.357810
vt 0.097713 0.361845
vt 0.093700 0.366605
vt 0.097713 0.368364
vt 0.095506 0.378504
vt 0.098867 0.377676
vt 0.097262 0.390300
vt 0.102077 0.387713
vt 0.105889 0.398577
vt 0.108247 0.396094
vt 0.114467 0.406752
vt 0.102328 0.376331
vt 0.105388 0.385747
vt 0.111056 0.393818
vt 0.115018 0.402302
vt 0.117175 0.399715
vt 0.119984 0.405717
vt 0.121639 0.403337
vt 0.123947 0.407165
vt 0.123696 0.410787
vt 0.128060 0.410063
vt 0.127759 0.407062
vt 0.132424 0.409442
vt 0.119081 0.408821
vt 0.124147 0.404992
vt 0.126806 0.404268
vt 0.132023 0.406131
vt 0.130869 0.402923
vt 0.137289 0.404268
vt 0.136236 0.400854
vt 0.145566 0.401164
vt 0.144763 0.397439
vt 0.137891 0.407683
vt 0.143308 0.405820
vt 0.159059 0.395990
vt 0.158106 0.392059
vt 0.175060 0.386264
vt 0.175862 0.390300
vt 0.159711 0.399508
vt 0.176063 0.393197
vt 0.193669 0.385747
vt 0.194321 0.389679
vt 0.208115 0.382850
vt 0.212579 0.386161
vt 0.193217 0.381298
vt 0.192365 0.375814
vt 0.190459 0.368157
vt 0.187098 0.357292
vt 0.182684 0.344876
vt 0.177869 0.332977
vt 0.173555 0.323250
vt 0.183888 0.309075
vt 0.194070 0.302867
vt 0.170345 0.316732
vt 0.158055 0.331528
vt 0.161767 0.340840
vt 0.165880 0.352119
vt 0.169592 0.363811
vt 0.172401 0.374055
vt 0.174107 0.381194
vt 0.157102 0.387402
vt 0.143609 0.392990
vt 0.155598 0.380573
vt 0.153140 0.370950
vt 0.149930 0.359879
vt 0.146318 0.349015
vt 0.143058 0.340013
vt 0.155246 0.325216
vt 0.140650 0.333701
vt 0.127759 0.341875
vt 0.129866 0.348083
vt 0.132624 0.356878
vt 0.135885 0.367329
vt 0.139145 0.377780
vt 0.141854 0.386678
vt 0.158256 0.078852
vt 0.155547 0.069643
vt 0.163172 0.077610
vt 0.160012 0.068194
vt 0.153993 0.065814
vt 0.158206 0.063952
vt 0.151936 0.067056
vt 0.152488 0.070367
vt 0.154745 0.079369
vt 0.163122 0.095407
vt 0.159209 0.095821
vt 0.167887 0.112376
vt 0.163523 0.112583
vt 0.174056 0.111549
vt 0.168589 0.094373
vt 0.176564 0.092510
vt 0.182935 0.109686
vt 0.186697 0.119826
vt 0.177216 0.121792
vt 0.188703 0.125517
vt 0.178922 0.127690
vt 0.180577 0.133588
vt 0.190409 0.131208
vt 0.182885 0.141762
vt 0.192616 0.139175
vt 0.186195 0.153454
vt 0.179474 0.155317
vt 0.176113 0.143625
vt 0.174809 0.156766
vt 0.171298 0.145177
vt 0.199889 0.122620
vt 0.201644 0.128208
vt 0.210723 0.119516
vt 0.178420 0.170527
vt 0.183135 0.169182
vt 0.189957 0.167216
vt 0.195926 0.150661
vt 0.203952 0.135968
vt 0.212629 0.124896
vt 0.219802 0.116515
vt 0.221809 0.121999
vt 0.214987 0.132657
vt 0.207312 0.147350
vt 0.199839 0.164422
vt 0.193518 0.181288
vt 0.186446 0.183254
vt 0.189155 0.195464
vt 0.184038 0.196705
vt 0.181631 0.184496
vt 0.196478 0.193498
vt 0.203651 0.178391
vt 0.211375 0.160904
vt 0.218448 0.143832
vt 0.224266 0.129656
vt 0.227828 0.140831
vt 0.230887 0.127587
vt 0.222762 0.157283
vt 0.215539 0.174770
vt 0.206911 0.190497
vt 0.198534 0.202189
vt 0.209218 0.198982
vt 0.199889 0.207673
vt 0.210673 0.204362
vt 0.221658 0.195050
vt 0.223213 0.200534
vt 0.219150 0.186669
vt 0.227276 0.170941
vt 0.232342 0.154075
vt 0.234499 0.138555
vt 0.235853 0.126242
vt 0.239415 0.137210
vt 0.239064 0.151695
vt 0.244029 0.150143
vt 0.237208 0.167526
vt 0.231289 0.182737
vt 0.234048 0.191118
vt 0.235753 0.196602
vt 0.244631 0.187703
vt 0.246537 0.193291
vt 0.241572 0.179322
vt 0.244130 0.165043
vt 0.249146 0.163388
vt 0.248795 0.176735
vt 0.254011 0.174873
vt 0.259077 0.173321
vt 0.254212 0.162146
vt 0.249196 0.149212
vt 0.244732 0.136485
vt 0.241321 0.125724
vt 0.254713 0.135244
vt 0.251654 0.124896
vt 0.267805 0.170838
vt 0.263391 0.160180
vt 0.282903 0.166595
vt 0.279342 0.156559
vt 0.258776 0.147660
vt 0.275630 0.144659
vt 0.272420 0.132864
vt 0.269962 0.123034
vt 0.249798 0.117757
vt 0.268507 0.116308
vt 0.249045 0.112997
vt 0.267805 0.111652
vt 0.289976 0.114239
vt 0.289374 0.109893
vt 0.291180 0.120758
vt 0.293086 0.130070
vt 0.295594 0.141245
vt 0.298503 0.152523
vt 0.301262 0.162043
vt 0.303368 0.168665
vt 0.285812 0.173424
vt 0.305024 0.173321
vt 0.288170 0.178081
vt 0.271517 0.178081
vt 0.274677 0.182840
vt 0.290076 0.181909
vt 0.306278 0.177046
vt 0.307130 0.179736
vt 0.291430 0.185427
vt 0.277135 0.186772
vt 0.275730 0.191221
vt 0.270464 0.190187
vt 0.273473 0.193498
vt 0.266852 0.186462
vt 0.263190 0.181081
vt 0.258024 0.183254
vt 0.261836 0.189980
vt 0.267454 0.193084
vt 0.271216 0.195671
vt 0.266551 0.196809
vt 0.270614 0.197430
vt 0.268106 0.207466
vt 0.263742 0.208294
vt 0.268708 0.231472
vt 0.273072 0.230540
vt 0.270012 0.199085
vt 0.277034 0.229713
vt 0.278539 0.253614
vt 0.284007 0.260340
vt 0.261736 0.196084
vt 0.274175 0.254649
vt 0.277636 0.266445
vt 0.281750 0.264065
vt 0.285511 0.262306
vt 0.284107 0.267480
vt 0.286966 0.264375
vt 0.287367 0.269238
vt 0.285812 0.273377
vt 0.280395 0.271825
vt 0.261635 0.258167
vt 0.269009 0.256305
vt 0.264745 0.270377
vt 0.272269 0.268411
vt 0.273925 0.273791
vt 0.275028 0.279793
vt 0.280646 0.278965
vt 0.285562 0.279275
vt 0.233546 0.118481
vt 0.228430 0.119826
vt 0.226323 0.114239
vt 0.231941 0.112066
vt 0.223163 0.108858
vt 0.216993 0.111238
vt 0.211576 0.101512
vt 0.217344 0.099339
vt 0.227426 0.106686
vt 0.221257 0.097373
vt 0.230486 0.104099
vt 0.224617 0.095614
vt 0.214636 0.079059
vt 0.211676 0.081128
vt 0.204754 0.062503
vt 0.202296 0.065194
vt 0.198886 0.054329
vt 0.200290 0.051122
vt 0.204453 0.054329
vt 0.217445 0.076679
vt 0.230386 0.099029
vt 0.233295 0.101926
vt 0.234298 0.107617
vt 0.236255 0.104720
vt 0.238913 0.109065
vt 0.239415 0.105754
vt 0.248544 0.109169
vt 0.242525 0.106686
vt 0.267554 0.107927
vt 0.267203 0.104616
vt 0.238411 0.113101
vt 0.289324 0.106168
vt 0.291882 0.102547
vt 0.307582 0.101202
vt 0.307481 0.104616
vt 0.323232 0.099856
vt 0.323432 0.103581
vt 0.339082 0.099960
vt 0.339483 0.103374
vt 0.323834 0.107203
vt 0.339885 0.106996
vt 0.357892 0.104099
vt 0.358394 0.107720
vt 0.307782 0.108238
vt 0.354933 0.100063
vt 0.380213 0.105961
vt 0.380263 0.109479
vt 0.399826 0.111549
vt 0.400377 0.108238
vt 0.380865 0.102754
vt 0.406798 0.105444
vt 0.411964 0.110411
vt 0.413770 0.107617
vt 0.417984 0.112687
vt 0.420792 0.109893
vt 0.421595 0.115998
vt 0.424003 0.113722
vt 0.411463 0.113308
vt 0.416429 0.114342
vt 0.418385 0.117136
vt 0.420993 0.122310
vt 0.424705 0.121275
vt 0.424003 0.130174
vt 0.427915 0.129553
vt 0.425558 0.139589
vt 0.429621 0.139589
vt 0.431125 0.128518
vt 0.435088 0.139279
vt 0.427915 0.149729
vt 0.431125 0.150557
vt 0.427213 0.117653
vt 0.424053 0.149109
vt 0.421043 0.157179
vt 0.424605 0.158421
vt 0.418385 0.162560
vt 0.421445 0.163905
vt 0.416579 0.165457
vt 0.418034 0.167320
vt 0.423902 0.166078
vt 0.420642 0.170320
vt 0.413068 0.169182
vt 0.414623 0.172286
vt 0.427163 0.161836
vt 0.415626 0.156766
vt 0.413519 0.162353
vt 0.405795 0.156559
vt 0.404591 0.162353
vt 0.412516 0.166078
vt 0.404089 0.166595
vt 0.404591 0.170217
vt 0.408604 0.174252
vt 0.390797 0.170424
vt 0.390446 0.166699
vt 0.373743 0.166595
vt 0.374194 0.170320
vt 0.391449 0.173942
vt 0.374244 0.173631
vt 0.357340 0.173942
vt 0.357140 0.170631
vt 0.340436 0.174356
vt 0.340136 0.171562
vt 0.323783 0.177046
vt 0.323131 0.173631
vt 0.322279 0.169803
vt 0.356588 0.166802
vt 0.339433 0.167837
vt 0.203952 0.223504
vt 0.196428 0.225781
vt 0.201093 0.212226
vt 0.193468 0.214709
vt 0.191161 0.227850
vt 0.188101 0.217193
vt 0.186747 0.229402
vt 0.183888 0.220193
vt 0.185794 0.212847
vt 0.192114 0.210157
vt 0.192114 0.250821
vt 0.196628 0.249579
vt 0.197180 0.272239
vt 0.201795 0.271515
vt 0.198986 0.281655
vt 0.204002 0.282379
vt 0.207413 0.270894
vt 0.209971 0.282172
vt 0.215238 0.269445
vt 0.217996 0.280827
vt 0.211024 0.286932
vt 0.219150 0.285587
vt 0.194171 0.282379
vt 0.194522 0.281241
vt 0.194923 0.279999
vt 0.188001 0.251855
vt 0.181079 0.223815
vt 0.180076 0.222677
vt 0.182032 0.217813
vt 0.179072 0.221642
vt 0.179123 0.216882
vt 0.177267 0.220607
vt 0.174408 0.216365
vt 0.174909 0.212122
vt 0.166382 0.212847
vt 0.166532 0.216882
vt 0.175411 0.219572
vt 0.180678 0.212329
vt 0.154745 0.214916
vt 0.155598 0.218745
vt 0.166884 0.220297
vt 0.158306 0.220918
vt 0.142606 0.225988
vt 0.141453 0.222780
vt 0.126906 0.230954
vt 0.125953 0.228161
vt 0.112009 0.237576
vt 0.110905 0.234369
vt 0.124749 0.224643
vt 0.109601 0.230954
vt 0.096860 0.240681
vt 0.095556 0.237266
vt 0.140349 0.219055
vt 0.097161 0.244095
vt 0.083317 0.243060
vt 0.084672 0.246268
vt 0.085474 0.249476
vt 0.075091 0.250510
vt 0.073737 0.254856
vt 0.069172 0.252580
vt 0.069373 0.255580
vt 0.065009 0.252890
vt 0.065059 0.256408
vt 0.060796 0.251338
vt 0.059993 0.254339
vt 0.073887 0.247406
vt 0.068069 0.249786
vt 0.065109 0.250717
vt 0.062300 0.248958
vt 0.057284 0.245233
vt 0.055228 0.247717
vt 0.050513 0.239025
vt 0.047854 0.241198
vt 0.044544 0.230954
vt 0.041334 0.232610
vt 0.041835 0.221849
vt 0.038525 0.222884
vt 0.036017 0.234886
vt 0.035164 0.223401
vt 0.038023 0.214088
vt 0.034311 0.212019
vt 0.054927 0.252269
vt 0.045497 0.243578
vt 0.041384 0.213571
vt 0.041635 0.207777
vt 0.038525 0.207880
vt 0.041885 0.204466
vt 0.039829 0.203534
vt 0.035314 0.207052
vt 0.036368 0.202086
vt 0.042638 0.199603
vt 0.039628 0.197844
vt 0.045346 0.211502
vt 0.045246 0.205707
vt 0.051967 0.206949
vt 0.051315 0.201155
vt 0.044544 0.201982
vt 0.050262 0.197223
vt 0.048155 0.194429
vt 0.042889 0.193498
vt 0.058037 0.186979
vt 0.055479 0.184289
vt 0.070476 0.178391
vt 0.068069 0.175183
vt 0.072332 0.181599
vt 0.059943 0.189980
vt 0.074088 0.185427
vt 0.061398 0.193912
vt 0.062852 0.199603
vt 0.064909 0.207673
vt 0.053021 0.215123
vt 0.068269 0.217089
vt 0.083267 0.208708
vt 0.087531 0.218641
vt 0.073085 0.226195
vt 0.091293 0.227126
vt 0.077900 0.233851
vt 0.093851 0.233127
vt 0.081211 0.239232
vt 0.071429 0.243992
vt 0.067216 0.239335
vt 0.061297 0.232610
vt 0.076295 0.191014
vt 0.079405 0.199085
vt 0.060796 0.242853
vt 0.054275 0.236645
vt 0.048506 0.228574
vt 0.055880 0.224229
vt 0.045898 0.219572
vt 0.230235 0.283311
vt 0.220605 0.291174
vt 0.241722 0.275654
vt 0.254212 0.272860
vt 0.251152 0.260857
vt 0.238763 0.263858
vt 0.229032 0.278551
vt 0.226122 0.266962
vt 0.201995 0.248337
vt 0.209620 0.246371
vt 0.214736 0.220504
vt 0.220404 0.243681
vt 0.227326 0.216986
vt 0.232994 0.240474
vt 0.245434 0.237266
vt 0.239816 0.213571
vt 0.250500 0.210777
vt 0.256018 0.234472
vt 0.258174 0.209018
vt 0.263441 0.232713
vt 0.247841 0.198568
vt 0.237007 0.201568
vt 0.224467 0.205293
vt 0.211877 0.209018
vt 0.180978 0.056399
vt 0.182734 0.061055
vt 0.172903 0.058779
vt 0.174709 0.063435
vt 0.187098 0.070678
vt 0.194070 0.068505
vt 0.189405 0.059192
vt 0.187700 0.054743
vt 0.198936 0.066849
vt 0.193970 0.057951
vt 0.192214 0.053915
vt 0.187148 0.051432
vt 0.180076 0.052984
vt 0.171749 0.055260
vt 0.163322 0.058054
vt 0.164877 0.061469
vt 0.156250 0.060848
vt 0.151986 0.063435
vt 0.149879 0.066125
vt 0.149578 0.070160
vt 0.151384 0.079162
vt 0.155748 0.096028
vt 0.160012 0.112997
vt 0.161366 0.122206
vt 0.165479 0.122931
vt 0.160563 0.126966
vt 0.165479 0.129863
vt 0.157905 0.130380
vt 0.154996 0.127483
vt 0.157153 0.125000
vt 0.157905 0.121792
vt 0.158607 0.118481
vt 0.152438 0.096132
vt 0.146318 0.073782
vt 0.146318 0.069229
vt 0.146268 0.064573
vt 0.149328 0.061262
vt 0.152387 0.058054
vt 0.161617 0.054950
vt 0.170846 0.051742
vt 0.179624 0.049673
vt 0.188402 0.047707
vt 0.191913 0.050915
vt 0.192264 0.047811
vt 0.195374 0.051536
vt 0.194722 0.053708
vt 0.196127 0.047914
vt 0.196879 0.056606
vt 0.208015 0.082991
vt 0.202748 0.084957
vt 0.195073 0.087440
vt 0.178771 0.073057
vt 0.203249 0.104202
vt 0.208165 0.114032
vt 0.197632 0.117136
vt 0.193217 0.107099
vt 0.185944 0.090027
vt 0.170294 0.075541
vt 0.166683 0.065918
vt 0.300008 0.480526
vt 0.292333 0.485700
vt 0.297751 0.460970
vt 0.289524 0.465833
vt 0.282953 0.489425
vt 0.279693 0.469558
vt 0.273122 0.489735
vt 0.269360 0.470283
vt 0.252155 0.432412
vt 0.261987 0.431998
vt 0.273323 0.430446
vt 0.284308 0.426721
vt 0.245333 0.432930
vt 0.236806 0.397749
vt 0.244130 0.396094
vt 0.254713 0.394128
vt 0.267053 0.391541
vt 0.279191 0.387920
vt 0.293537 0.422583
vt 0.289474 0.384505
vt 0.300208 0.419685
vt 0.303669 0.457452
vt 0.296848 0.382332
vt 0.305375 0.476594
vt 0.295543 0.363811
vt 0.294992 0.357189
vt 0.287618 0.365673
vt 0.286816 0.358948
vt 0.293286 0.350981
vt 0.285361 0.352947
vt 0.275780 0.361742
vt 0.274376 0.355740
vt 0.261585 0.359155
vt 0.248594 0.362673
vt 0.237408 0.365777
vt 0.262940 0.365260
vt 0.249948 0.368778
vt 0.238712 0.371882
vt 0.240117 0.378193
vt 0.251202 0.375400
vt 0.264043 0.372089
vt 0.276734 0.368674
vt 0.121238 0.364121
vt 0.124248 0.374158
vt 0.119131 0.355326
vt 0.117476 0.349118
vt 0.112510 0.370019
vt 0.106541 0.373951
vt 0.109451 0.383264
vt 0.115420 0.379539
vt 0.128261 0.383574
vt 0.132073 0.391438
vt 0.134631 0.396922
vt 0.128812 0.399508
vt 0.125351 0.394852
vt 0.120285 0.388127
vt 0.114768 0.391334
vt 0.120536 0.397439
vt 0.124599 0.401474
vt 0.388740 0.319112
vt 0.375649 0.308351
vt 0.387837 0.308661
vt 0.374044 0.298003
vt 0.377254 0.319215
vt 0.388891 0.328424
vt 0.378658 0.328838
vt 0.389091 0.335046
vt 0.379862 0.335667
vt 0.397017 0.319215
vt 0.402785 0.319422
vt 0.403086 0.309282
vt 0.396916 0.309075
vt 0.385630 0.298831
vt 0.372689 0.289622
vt 0.383072 0.290657
vt 0.371887 0.283724
vt 0.381317 0.284966
vt 0.387737 0.286208
vt 0.390396 0.291692
vt 0.394158 0.299452
vt 0.400026 0.299866
vt 0.395662 0.292313
vt 0.392402 0.287036
vt 0.389593 0.147557
vt 0.366520 0.136692
vt 0.388439 0.137623
vt 0.363660 0.126449
vt 0.369178 0.147039
vt 0.389944 0.156248
vt 0.371285 0.155938
vt 0.390195 0.162353
vt 0.372840 0.162146
vt 0.407400 0.148281
vt 0.418234 0.148695
vt 0.419488 0.139279
vt 0.407801 0.138658
vt 0.385931 0.127794
vt 0.361052 0.117860
vt 0.383173 0.119412
vt 0.405845 0.129242
vt 0.417833 0.130070
vt 0.414874 0.122310
vt 0.402936 0.121275
vt 0.381216 0.113618
vt 0.359297 0.111859
vt 0.400829 0.115584
vt 0.344650 0.125931
vt 0.347559 0.136382
vt 0.350669 0.146936
vt 0.353428 0.156041
vt 0.355384 0.162353
vt 0.338229 0.163284
vt 0.321025 0.165250
vt 0.319169 0.158835
vt 0.316661 0.149523
vt 0.313952 0.138658
vt 0.311494 0.127897
vt 0.309638 0.118792
vt 0.308435 0.112583
vt 0.324586 0.111445
vt 0.325990 0.117550
vt 0.328097 0.126449
vt 0.330756 0.137003
vt 0.333665 0.147660
vt 0.336323 0.156869
vt 0.342292 0.117240
vt 0.340737 0.111135
vt 0.160112 0.150247
vt 0.157102 0.142900
vt 0.166884 0.147039
vt 0.163874 0.139175
vt 0.168439 0.136796
vt 0.161065 0.133898
vt 0.154544 0.138037
vt 0.173555 0.135244
vt 0.171699 0.129035
vt 0.170445 0.122827
vt 0.152789 0.129863
vt 0.152187 0.134312
vt 0.141352 0.140417
vt 0.143509 0.144039
vt 0.127659 0.147557
vt 0.129565 0.151075
vt 0.139597 0.137106
vt 0.126354 0.144452
vt 0.113012 0.154903
vt 0.114768 0.158318
vt 0.100021 0.165664
vt 0.098265 0.162353
vt 0.085825 0.173321
vt 0.084020 0.170113
vt 0.082214 0.167113
vt 0.111357 0.151695
vt 0.096359 0.159042
vt 0.145967 0.148488
vt 0.131872 0.155317
vt 0.149027 0.155317
vt 0.135032 0.161629
vt 0.153090 0.165354
vt 0.139296 0.170941
vt 0.163874 0.161008
vt 0.170445 0.158421
vt 0.174107 0.171872
vt 0.177317 0.185634
vt 0.179624 0.197533
vt 0.171197 0.187186
vt 0.173655 0.198568
vt 0.167786 0.173942
vt 0.157454 0.177356
vt 0.161366 0.189773
vt 0.144011 0.182116
vt 0.164275 0.200327
vt 0.174809 0.206639
vt 0.165780 0.207777
vt 0.153641 0.210157
vt 0.151635 0.203327
vt 0.148324 0.193498
vt 0.133226 0.198671
vt 0.128812 0.187807
vt 0.124097 0.177253
vt 0.119934 0.168458
vt 0.116924 0.162456
vt 0.102077 0.169699
vt 0.104836 0.175494
vt 0.108799 0.183978
vt 0.113263 0.194222
vt 0.117526 0.204673
vt 0.120937 0.213778
vt 0.136738 0.207984
vt 0.138945 0.214502
vt 0.123245 0.220193
vt 0.108046 0.226505
vt 0.105739 0.220297
vt 0.102328 0.211398
vt 0.098215 0.201051
vt 0.094001 0.191118
vt 0.090340 0.182944
vt 0.087731 0.177253
vt 0.232342 0.380677
vt 0.226975 0.383367
vt 0.223063 0.386678
vt 0.220906 0.390403
vt 0.219401 0.389161
vt 0.220906 0.383367
vt 0.224317 0.377469
vt 0.230536 0.374469
vt 0.217896 0.387816
vt 0.219100 0.382539
vt 0.220755 0.376952
vt 0.217394 0.382125
vt 0.214836 0.382022
vt 0.214285 0.386471
vt 0.216943 0.387299
vt 0.216040 0.386885
vt 0.229433 0.367950
vt 0.224266 0.369295
vt 0.221056 0.369812
vt 0.333966 0.613900
vt 0.329050 0.612038
vt 0.339584 0.609762
vt 0.336925 0.606968
vt 0.326994 0.608830
vt 0.335069 0.603657
vt 0.341991 0.603036
vt 0.340136 0.599828
vt 0.345603 0.599414
vt 0.343797 0.596724
vt 0.348261 0.595793
vt 0.351572 0.597759
vt 0.353227 0.592378
vt 0.349967 0.591137
vt 0.354883 0.586894
vt 0.351271 0.584411
vt 0.355535 0.574685
vt 0.351973 0.574788
vt 0.356237 0.562372
vt 0.350468 0.564234
vt 0.347710 0.552646
vt 0.345001 0.554818
vt 0.339233 0.542919
vt 0.338430 0.547472
vt 0.334467 0.540333
vt 0.333414 0.543333
vt 0.329752 0.537849
vt 0.329552 0.541367
vt 0.325840 0.538160
vt 0.325990 0.541160
vt 0.321877 0.538367
vt 0.322228 0.541678
vt 0.317313 0.539505
vt 0.317614 0.542919
vt 0.312748 0.540643
vt 0.309939 0.545299
vt 0.318517 0.546437
vt 0.310491 0.549128
vt 0.345202 0.605623
vt 0.348412 0.601691
vt 0.323232 0.544989
vt 0.326793 0.544057
vt 0.329251 0.543540
vt 0.325138 0.548714
vt 0.328950 0.547162
vt 0.328549 0.553887
vt 0.332963 0.551818
vt 0.331709 0.545610
vt 0.336123 0.549852
vt 0.342142 0.556784
vt 0.347058 0.565683
vt 0.348562 0.575616
vt 0.347860 0.584618
vt 0.346857 0.590930
vt 0.346255 0.594551
vt 0.343546 0.592585
vt 0.344148 0.586274
vt 0.339433 0.595483
vt 0.339483 0.589171
vt 0.344700 0.577375
vt 0.339483 0.580376
vt 0.333063 0.593310
vt 0.333916 0.599414
vt 0.343296 0.567649
vt 0.325489 0.604692
vt 0.323783 0.598690
vt 0.331909 0.584722
vt 0.337828 0.570546
vt 0.338581 0.558750
vt 0.333565 0.561337
vt 0.329752 0.574788
vt 0.321476 0.590309
vt 0.318717 0.580065
vt 0.326191 0.564855
vt 0.322479 0.556578
vt 0.319971 0.550576
vt 0.311494 0.553680
vt 0.315708 0.569511
vt 0.313150 0.560199
vt 0.297199 0.553266
vt 0.296496 0.549335
vt 0.296095 0.545816
vt 0.279643 0.553784
vt 0.279492 0.550990
vt 0.262037 0.556991
vt 0.261535 0.553163
vt 0.248293 0.558854
vt 0.243578 0.555439
vt 0.243126 0.555336
vt 0.242675 0.559475
vt 0.242675 0.555129
vt 0.240970 0.559268
vt 0.240970 0.554405
vt 0.238863 0.558647
vt 0.239314 0.553577
vt 0.236355 0.557405
vt 0.237609 0.551818
vt 0.233696 0.553577
vt 0.235903 0.549955
vt 0.228229 0.537539
vt 0.221257 0.497806
vt 0.217294 0.500082
vt 0.206660 0.445553
vt 0.206109 0.462108
vt 0.202898 0.440069
vt 0.199839 0.444311
vt 0.199136 0.434585
vt 0.196026 0.438414
vt 0.193468 0.431688
vt 0.191311 0.435413
vt 0.187850 0.428791
vt 0.184439 0.432930
vt 0.174558 0.426618
vt 0.174257 0.430964
vt 0.161266 0.424445
vt 0.162971 0.431171
vt 0.150331 0.431895
vt 0.152638 0.435620
vt 0.139396 0.439448
vt 0.144462 0.441414
vt 0.136085 0.444104
vt 0.139597 0.446174
vt 0.132725 0.448864
vt 0.136938 0.450416
vt 0.131922 0.454348
vt 0.136035 0.456625
vt 0.131069 0.459936
vt 0.137239 0.473904
vt 0.137139 0.509498
vt 0.141352 0.510429
vt 0.143208 0.559164
vt 0.145415 0.546230
vt 0.142355 0.560406
vt 0.146418 0.561544
vt 0.141553 0.561648
vt 0.145616 0.565373
vt 0.140399 0.562682
vt 0.144111 0.566821
vt 0.139296 0.563614
vt 0.142456 0.567856
vt 0.137691 0.564648
vt 0.139948 0.568994
vt 0.136136 0.565786
vt 0.133076 0.570753
vt 0.118028 0.573443
vt 0.117175 0.569304
vt 0.099068 0.575927
vt 0.098215 0.572926
vt 0.080508 0.577168
vt 0.079706 0.573340
vt 0.065210 0.577582
vt 0.061197 0.573754
vt 0.066062 0.581721
vt 0.081160 0.581307
vt 0.099920 0.580272
vt 0.119332 0.577996
vt 0.134681 0.575513
vt 0.142456 0.573857
vt 0.145465 0.572822
vt 0.147622 0.571788
vt 0.150832 0.570029
vt 0.151234 0.563510
vt 0.149829 0.546127
vt 0.145716 0.510740
vt 0.141503 0.474939
vt 0.139697 0.456728
vt 0.139446 0.451451
vt 0.142054 0.448968
vt 0.146870 0.444829
vt 0.154444 0.439448
vt 0.164024 0.435516
vt 0.174458 0.435309
vt 0.183787 0.437172
vt 0.190358 0.439241
vt 0.194120 0.440586
vt 0.196277 0.446070
vt 0.202246 0.464799
vt 0.212980 0.501841
vt 0.223614 0.538470
vt 0.229433 0.556164
vt 0.232493 0.562579
vt 0.237057 0.563717
vt 0.239766 0.564131
vt 0.242073 0.564234
vt 0.248393 0.563407
vt 0.262338 0.561337
vt 0.280195 0.557819
vt 0.248694 0.569201
vt 0.262990 0.566718
vt 0.281047 0.562889
vt 0.298102 0.558130
vt 0.299506 0.565062
vt 0.301813 0.574892
vt 0.304773 0.586067
vt 0.308033 0.596621
vt 0.310993 0.605312
vt 0.313150 0.611314
vt 0.314905 0.615556
vt 0.250099 0.577272
vt 0.300058 0.622902
vt 0.298202 0.618660
vt 0.284508 0.629835
vt 0.295694 0.612348
vt 0.292333 0.603243
vt 0.288621 0.592068
vt 0.285211 0.580376
vt 0.282602 0.570236
vt 0.264595 0.574374
vt 0.253008 0.588757
vt 0.267604 0.585239
vt 0.271517 0.597552
vt 0.275780 0.609348
vt 0.279643 0.618867
vt 0.282452 0.625386
vt 0.270413 0.635940
vt 0.268206 0.631284
vt 0.265247 0.624454
vt 0.261284 0.614314
vt 0.256920 0.601898
vt 0.259428 0.640906
vt 0.257221 0.636043
vt 0.254563 0.628697
vt 0.251202 0.617832
vt 0.251553 0.644942
vt 0.249396 0.639665
vt 0.247189 0.631697
vt 0.244631 0.620109
vt 0.247641 0.604485
vt 0.242123 0.606140
vt 0.244631 0.590723
vt 0.241973 0.633974
vt 0.239866 0.621764
vt 0.237910 0.607278
vt 0.240167 0.591758
vt 0.237458 0.635526
vt 0.235502 0.623006
vt 0.233696 0.608209
vt 0.236556 0.592482
vt 0.232493 0.593103
vt 0.235954 0.579548
vt 0.231941 0.579962
vt 0.239114 0.579238
vt 0.242575 0.578720
vt 0.241822 0.570132
vt 0.239064 0.570339
vt 0.226524 0.580479
vt 0.227226 0.593724
vt 0.228480 0.608934
vt 0.218548 0.581204
vt 0.219501 0.594448
vt 0.207262 0.582342
vt 0.206359 0.573133
vt 0.192917 0.574374
vt 0.192064 0.568063
vt 0.178370 0.569304
vt 0.179273 0.575616
vt 0.166482 0.570236
vt 0.217846 0.571995
vt 0.205557 0.566925
vt 0.217094 0.565786
vt 0.194020 0.583583
vt 0.208516 0.595483
vt 0.220906 0.609762
vt 0.230235 0.623937
vt 0.232091 0.636561
vt 0.222661 0.624868
vt 0.224417 0.637699
vt 0.210121 0.611003
vt 0.195525 0.596931
vt 0.180577 0.584929
vt 0.167485 0.576651
vt 0.169040 0.586170
vt 0.182383 0.598380
vt 0.197381 0.612452
vt 0.211927 0.626213
vt 0.213582 0.639147
vt 0.225771 0.646701
vt 0.199237 0.627869
vt 0.184490 0.614004
vt 0.171197 0.599621
vt 0.161065 0.587101
vt 0.163523 0.600656
vt 0.156099 0.587826
vt 0.158808 0.601277
vt 0.166031 0.616280
vt 0.161416 0.616798
vt 0.173505 0.615349
vt 0.186396 0.629525
vt 0.200842 0.640906
vt 0.214836 0.648149
vt 0.226574 0.652702
vt 0.215589 0.654047
vt 0.201995 0.649908
vt 0.202748 0.655703
vt 0.187951 0.642562
vt 0.175511 0.630870
vt 0.168087 0.631697
vt 0.163423 0.632111
vt 0.169442 0.644942
vt 0.164677 0.645356
vt 0.176966 0.644010
vt 0.189054 0.651667
vt 0.189706 0.657462
vt 0.177919 0.653323
vt 0.178521 0.659117
vt 0.170094 0.654358
vt 0.170445 0.660566
vt 0.164978 0.654978
vt 0.164024 0.662325
vt 0.160212 0.660980
vt 0.161366 0.654564
vt 0.155748 0.659428
vt 0.156801 0.653426
vt 0.161266 0.645149
vt 0.156952 0.644528
vt 0.160212 0.632215
vt 0.158306 0.617005
vt 0.155798 0.601587
vt 0.153039 0.588240
vt 0.152839 0.601794
vt 0.150481 0.588654
vt 0.156300 0.631904
vt 0.149578 0.643390
vt 0.149027 0.651667
vt 0.148074 0.657255
vt 0.154895 0.616901
vt 0.136537 0.654771
vt 0.137390 0.649598
vt 0.138142 0.641838
vt 0.149629 0.631284
vt 0.149127 0.616798
vt 0.148023 0.602001
vt 0.146469 0.589171
vt 0.148074 0.579341
vt 0.144663 0.580065
vt 0.136336 0.581514
vt 0.137640 0.590102
vt 0.138543 0.602415
vt 0.138945 0.616694
vt 0.138744 0.630456
vt 0.150481 0.578617
vt 0.153641 0.577892
vt 0.162871 0.545299
vt 0.165579 0.563717
vt 0.155246 0.546334
vt 0.157203 0.564131
vt 0.157805 0.570753
vt 0.159109 0.577375
vt 0.239214 0.118274
vt 0.412566 0.116929
vt 0.180778 0.206225
vt 0.185493 0.205707
vt 0.190960 0.204362
vt 0.252356 0.185220
vt 0.254663 0.191118
vt 0.255767 0.196705
vt 0.065410 0.246992
vt 0.218849 0.314662
vt 0.215539 0.301832
vt 0.212880 0.292830
vt 0.145816 0.473490
vt 0.143459 0.454865
vt 0.148575 0.451141
vt 0.151585 0.470283
vt 0.198886 0.888409
vt 0.194321 0.888409
vt 0.198785 0.883753
vt 0.194120 0.884270
vt 0.198133 0.873820
vt 0.193117 0.874647
vt 0.191061 0.884891
vt 0.189606 0.875475
vt 0.191311 0.857161
vt 0.187449 0.858299
vt 0.189305 0.839364
vt 0.185092 0.840812
vt 0.191913 0.888099
vt 0.195374 0.838019
vt 0.196779 0.856023
vt 0.204754 0.854781
vt 0.205406 0.872888
vt 0.205808 0.883132
vt 0.205908 0.887995
vt 0.214134 0.882201
vt 0.214335 0.887167
vt 0.214084 0.871854
vt 0.214285 0.853643
vt 0.214586 0.835328
vt 0.204152 0.836570
vt 0.203901 0.825809
vt 0.194471 0.827258
vt 0.203701 0.819911
vt 0.193920 0.821256
vt 0.214987 0.818669
vt 0.214887 0.824567
vt 0.225671 0.823740
vt 0.224818 0.834397
vt 0.234750 0.823326
vt 0.235402 0.817428
vt 0.226022 0.817842
vt 0.223664 0.852608
vt 0.233395 0.833983
vt 0.231540 0.851987
vt 0.239415 0.833880
vt 0.237107 0.851780
vt 0.243578 0.834294
vt 0.241020 0.852091
vt 0.235051 0.869474
vt 0.238612 0.869681
vt 0.222711 0.870715
vt 0.222410 0.881063
vt 0.229934 0.869888
vt 0.229282 0.880028
vt 0.222661 0.885926
vt 0.229533 0.884684
vt 0.223313 0.889547
vt 0.214636 0.890789
vt 0.205908 0.891513
vt 0.198434 0.891720
vt 0.193669 0.891410
vt 0.190659 0.890065
vt 0.188452 0.886443
vt 0.186346 0.877338
vt 0.183838 0.859644
vt 0.181330 0.841744
vt 0.183035 0.830258
vt 0.179123 0.832224
vt 0.180577 0.823740
vt 0.186747 0.822394
vt 0.187800 0.828706
vt 0.175561 0.833776
vt 0.176815 0.827878
vt 0.177367 0.837294
vt 0.180276 0.860989
vt 0.183135 0.884684
vt 0.185944 0.889030
vt 0.188753 0.893479
vt 0.192515 0.894307
vt 0.196277 0.895238
vt 0.205657 0.894928
vt 0.215087 0.894617
vt 0.224317 0.892858
vt 0.233546 0.891203
vt 0.230587 0.887995
vt 0.237107 0.888926
vt 0.235201 0.886340
vt 0.233997 0.883546
vt 0.237960 0.884167
vt 0.236405 0.882718
vt 0.239766 0.880235
vt 0.242374 0.882304
vt 0.244080 0.877958
vt 0.241672 0.870922
vt 0.247340 0.853746
vt 0.244280 0.852815
vt 0.250550 0.829534
vt 0.247039 0.834707
vt 0.252306 0.826430
vt 0.249246 0.825292
vt 0.254011 0.823326
vt 0.251553 0.820946
vt 0.257021 0.821256
vt 0.255466 0.818049
vt 0.260030 0.819187
vt 0.264545 0.814427
vt 0.283656 0.812047
vt 0.282703 0.808736
vt 0.307281 0.804908
vt 0.303469 0.802425
vt 0.320674 0.797148
vt 0.322028 0.800252
vt 0.335571 0.792181
vt 0.336825 0.795699
vt 0.350218 0.786283
vt 0.351171 0.789594
vt 0.366570 0.778523
vt 0.365466 0.783489
vt 0.240618 0.886546
vt 0.365617 0.775005
vt 0.349164 0.782869
vt 0.334568 0.788663
vt 0.319620 0.793733
vt 0.302114 0.799010
vt 0.281549 0.805115
vt 0.263642 0.810599
vt 0.253710 0.814324
vt 0.248042 0.817531
vt 0.245735 0.823843
vt 0.237107 0.879304
vt 0.233947 0.879304
vt 0.241170 0.823326
vt 0.242173 0.817324
vt 0.262639 0.805839
vt 0.252657 0.809150
vt 0.247340 0.810909
vt 0.242224 0.811530
vt 0.235402 0.811737
vt 0.261886 0.798700
vt 0.252005 0.801597
vt 0.246838 0.802942
vt 0.251553 0.790525
vt 0.261134 0.788042
vt 0.278238 0.784007
vt 0.279492 0.793836
vt 0.280496 0.800562
vt 0.301061 0.794664
vt 0.235001 0.803770
vt 0.241822 0.803459
vt 0.299807 0.788352
vt 0.298152 0.779144
vt 0.296446 0.768072
vt 0.277085 0.772108
vt 0.295042 0.756897
vt 0.276332 0.759898
vt 0.294089 0.747275
vt 0.276081 0.749551
vt 0.260582 0.762174
vt 0.260632 0.775315
vt 0.251303 0.777178
vt 0.246387 0.791560
vt 0.246186 0.778109
vt 0.251603 0.763519
vt 0.261084 0.750896
vt 0.246487 0.764140
vt 0.252356 0.751620
vt 0.247139 0.751931
vt 0.241672 0.752034
vt 0.241271 0.764347
vt 0.241120 0.778419
vt 0.234048 0.752034
vt 0.233997 0.764347
vt 0.223313 0.752241
vt 0.223012 0.743550
vt 0.210071 0.744067
vt 0.209720 0.738479
vt 0.196578 0.739100
vt 0.197080 0.744688
vt 0.185242 0.739618
vt 0.185894 0.745309
vt 0.197882 0.753379
vt 0.186998 0.754104
vt 0.234098 0.743239
vt 0.222711 0.737962
vt 0.233947 0.737445
vt 0.210623 0.752759
vt 0.223614 0.764554
vt 0.234098 0.778523
vt 0.241371 0.792077
vt 0.234499 0.792284
vt 0.224116 0.778833
vt 0.211425 0.765072
vt 0.199086 0.765796
vt 0.188603 0.766624
vt 0.179424 0.754828
vt 0.181330 0.767244
vt 0.174207 0.755552
vt 0.176364 0.767865
vt 0.183236 0.781523
vt 0.178370 0.781937
vt 0.190258 0.780903
vt 0.200390 0.780075
vt 0.212328 0.779351
vt 0.224768 0.792698
vt 0.225420 0.804184
vt 0.213281 0.793319
vt 0.201594 0.794147
vt 0.191612 0.795078
vt 0.184740 0.795595
vt 0.179875 0.795906
vt 0.185694 0.807598
vt 0.192666 0.806977
vt 0.202547 0.805943
vt 0.214084 0.804908
vt 0.225922 0.812151
vt 0.214736 0.812979
vt 0.203300 0.814117
vt 0.193368 0.815255
vt 0.186245 0.816083
vt 0.180978 0.816497
vt 0.180728 0.807805
vt 0.176063 0.815979
vt 0.176013 0.807702
vt 0.168689 0.815048
vt 0.168840 0.807288
vt 0.168037 0.820222
vt 0.175210 0.821567
vt 0.156250 0.818773
vt 0.156801 0.813910
vt 0.141402 0.817635
vt 0.141854 0.812979
vt 0.157102 0.806667
vt 0.142255 0.806150
vt 0.157102 0.796009
vt 0.168388 0.796009
vt 0.175310 0.796009
vt 0.173906 0.782248
vt 0.171950 0.768383
vt 0.169793 0.756380
vt 0.165730 0.769210
vt 0.167335 0.782662
vt 0.156651 0.783386
vt 0.142606 0.796216
vt 0.142606 0.784214
vt 0.155648 0.770555
vt 0.163824 0.757725
vt 0.142155 0.772108
vt 0.154344 0.759691
vt 0.141402 0.761864
vt 0.152939 0.752241
vt 0.140550 0.754724
vt 0.151485 0.747171
vt 0.139647 0.749861
vt 0.138894 0.746033
vt 0.149930 0.743239
vt 0.140299 0.742825
vt 0.161918 0.749758
vt 0.159861 0.744481
vt 0.157654 0.740445
vt 0.165329 0.741997
vt 0.162169 0.738066
vt 0.169943 0.739411
vt 0.164727 0.735893
vt 0.158958 0.734858
vt 0.160814 0.732996
vt 0.165780 0.732892
vt 0.161366 0.731650
vt 0.165579 0.723166
vt 0.161968 0.730409
vt 0.163974 0.701126
vt 0.159661 0.701437
vt 0.162068 0.679087
vt 0.157353 0.672465
vt 0.160714 0.669361
vt 0.156551 0.671120
vt 0.159510 0.666774
vt 0.155698 0.669878
vt 0.157654 0.665326
vt 0.154695 0.668844
vt 0.153993 0.663773
vt 0.153742 0.667809
vt 0.146719 0.661497
vt 0.145516 0.665119
vt 0.135784 0.658910
vt 0.137339 0.662428
vt 0.120385 0.660048
vt 0.120837 0.656427
vt 0.103482 0.657669
vt 0.104134 0.654047
vt 0.086778 0.655082
vt 0.087581 0.651564
vt 0.070075 0.652392
vt 0.072683 0.648977
vt 0.088032 0.647735
vt 0.073285 0.645149
vt 0.157052 0.736824
vt 0.148676 0.739825
vt 0.104585 0.650115
vt 0.121439 0.652392
vt 0.165329 0.667085
vt 0.166683 0.678259
vt 0.168689 0.700816
vt 0.170345 0.723269
vt 0.170746 0.734444
vt 0.183938 0.723166
vt 0.184841 0.734858
vt 0.176013 0.723580
vt 0.176715 0.735065
vt 0.176966 0.739825
vt 0.167736 0.747792
vt 0.172301 0.746447
vt 0.177919 0.745826
vt 0.174257 0.755552
vt 0.196127 0.734341
vt 0.209269 0.733513
vt 0.195124 0.722441
vt 0.208215 0.721407
vt 0.222260 0.732789
vt 0.221106 0.720476
vt 0.233395 0.732064
vt 0.232091 0.719648
vt 0.242224 0.736824
vt 0.241471 0.731237
vt 0.249396 0.735479
vt 0.247290 0.729788
vt 0.239866 0.718717
vt 0.245384 0.717578
vt 0.237559 0.694504
vt 0.242976 0.693883
vt 0.229884 0.695229
vt 0.219000 0.696160
vt 0.206159 0.697298
vt 0.193167 0.698436
vt 0.182032 0.699471
vt 0.174207 0.700195
vt 0.172201 0.676914
vt 0.180025 0.675673
vt 0.191161 0.674431
vt 0.204152 0.672982
vt 0.216993 0.671741
vt 0.227878 0.670809
vt 0.235552 0.670189
vt 0.241020 0.670085
vt 0.226975 0.658186
vt 0.216040 0.659324
vt 0.203199 0.660773
vt 0.190208 0.662428
vt 0.178972 0.663877
vt 0.170997 0.665326
vt 0.239314 0.644424
vt 0.233646 0.645666
vt 0.234649 0.651874
vt 0.241471 0.651564
vt 0.234850 0.657565
vt 0.240568 0.657669
vt 0.246387 0.654771
vt 0.245133 0.658703
vt 0.245384 0.669671
vt 0.247390 0.693263
vt 0.249898 0.716854
vt 0.251854 0.727615
vt 0.254513 0.723890
vt 0.251403 0.692642
vt 0.248243 0.661290
vt 0.249045 0.659324
vt 0.249798 0.657462
vt 0.252205 0.655082
vt 0.249196 0.651978
vt 0.254613 0.652702
vt 0.253861 0.648770
vt 0.263090 0.648253
vt 0.261435 0.644735
vt 0.271567 0.643804
vt 0.272119 0.639665
vt 0.246236 0.648149
vt 0.243979 0.642458
vt 0.052569 0.640492
vt 0.046550 0.638630
vt 0.051967 0.636147
vt 0.045647 0.634698
vt 0.050262 0.630145
vt 0.043490 0.628904
vt 0.041484 0.634388
vt 0.038876 0.628800
vt 0.043139 0.637492
vt 0.045848 0.641631
vt 0.041685 0.639147
vt 0.038575 0.635526
vt 0.035515 0.629835
vt 0.035816 0.620316
vt 0.032154 0.620833
vt 0.034211 0.610382
vt 0.030298 0.610279
vt 0.035565 0.600449
vt 0.031904 0.599725
vt 0.038374 0.592171
vt 0.035013 0.590930
vt 0.040832 0.586688
vt 0.037923 0.585239
vt 0.042337 0.583790
vt 0.032255 0.587308
vt 0.028493 0.598794
vt 0.024731 0.610382
vt 0.028844 0.621868
vt 0.032907 0.633456
vt 0.036117 0.637699
vt 0.039327 0.642045
vt 0.044243 0.644424
vt 0.049209 0.646804
vt 0.051917 0.643804
vt 0.059642 0.649598
vt 0.060896 0.646287
vt 0.061398 0.642665
vt 0.073235 0.640699
vt 0.061097 0.638320
vt 0.072683 0.634181
vt 0.059993 0.632008
vt 0.071630 0.624972
vt 0.058187 0.623109
vt 0.070326 0.614004
vt 0.047804 0.621454
vt 0.056682 0.612659
vt 0.069022 0.602829
vt 0.056331 0.602105
vt 0.067818 0.593310
vt 0.056482 0.593103
vt 0.066815 0.586481
vt 0.056432 0.586688
vt 0.056181 0.582031
vt 0.049610 0.586791
vt 0.049961 0.582445
vt 0.048506 0.592896
vt 0.046851 0.601380
vt 0.046199 0.611417
vt 0.040631 0.620523
vt 0.039026 0.610693
vt 0.040230 0.600863
vt 0.042688 0.592689
vt 0.044594 0.586998
vt 0.045346 0.583170
vt 0.054676 0.574168
vt 0.055629 0.577996
vt 0.048155 0.574685
vt 0.049459 0.578720
vt 0.043240 0.576651
vt 0.044694 0.579858
vt 0.038324 0.578720
vt 0.040832 0.581824
vt 0.035314 0.583066
vt 0.382671 0.705265
vt 0.389944 0.702368
vt 0.384728 0.708576
vt 0.392302 0.705058
vt 0.393506 0.701230
vt 0.396214 0.702885
vt 0.396365 0.708990
vt 0.400729 0.706300
vt 0.388138 0.713026
vt 0.393807 0.699161
vt 0.388991 0.699678
vt 0.381668 0.702161
vt 0.369930 0.707231
vt 0.371034 0.710439
vt 0.355735 0.713440
vt 0.356738 0.716751
vt 0.354782 0.710646
vt 0.369178 0.704127
vt 0.383574 0.697712
vt 0.388941 0.696677
vt 0.394308 0.695643
vt 0.398070 0.700506
vt 0.398923 0.697608
vt 0.403086 0.703817
vt 0.403588 0.699574
vt 0.409757 0.709818
vt 0.412065 0.707542
vt 0.415776 0.717889
vt 0.412265 0.719751
vt 0.406848 0.712094
vt 0.420492 0.715612
vt 0.418636 0.727098
vt 0.421896 0.726477
vt 0.419488 0.735686
vt 0.423250 0.737445
vt 0.419137 0.741584
vt 0.422297 0.742308
vt 0.417382 0.746136
vt 0.421394 0.747171
vt 0.412968 0.750896
vt 0.415977 0.752655
vt 0.403387 0.757725
vt 0.410610 0.758036
vt 0.386082 0.767969
vt 0.388038 0.770762
vt 0.415024 0.728443
vt 0.415726 0.736410
vt 0.384627 0.764761
vt 0.401381 0.754931
vt 0.411112 0.748516
vt 0.415124 0.745412
vt 0.415626 0.742101
vt 0.410510 0.744791
vt 0.410309 0.739100
vt 0.400528 0.750896
vt 0.400076 0.744998
vt 0.383775 0.760622
vt 0.364814 0.770866
vt 0.383173 0.754621
vt 0.364062 0.764865
vt 0.382320 0.746136
vt 0.363059 0.756173
vt 0.380614 0.736410
vt 0.361704 0.745929
vt 0.377705 0.727201
vt 0.360099 0.735686
vt 0.374645 0.719544
vt 0.358594 0.726994
vt 0.372489 0.714164
vt 0.357541 0.720993
vt 0.392853 0.719544
vt 0.397167 0.727719
vt 0.399324 0.736824
vt 0.409607 0.731133
vt 0.402033 0.714888
vt 0.407099 0.722441
vt 0.053623 0.809047
vt 0.046801 0.807495
vt 0.052770 0.805322
vt 0.045697 0.804080
vt 0.050814 0.800045
vt 0.043190 0.799114
vt 0.041835 0.803977
vt 0.038926 0.799217
vt 0.043591 0.806563
vt 0.042387 0.808322
vt 0.046400 0.810288
vt 0.053121 0.812151
vt 0.064558 0.814427
vt 0.064859 0.811116
vt 0.078703 0.816704
vt 0.079004 0.813289
vt 0.077850 0.820325
vt 0.063554 0.817531
vt 0.049259 0.814738
vt 0.044895 0.812979
vt 0.040531 0.811116
vt 0.039327 0.805322
vt 0.037220 0.807598
vt 0.036017 0.800355
vt 0.033960 0.803977
vt 0.032154 0.792491
vt 0.029095 0.793836
vt 0.029797 0.782869
vt 0.024229 0.783696
vt 0.031201 0.772418
vt 0.027991 0.771694
vt 0.034361 0.763209
vt 0.031753 0.759691
vt 0.037371 0.757208
vt 0.034963 0.755138
vt 0.040431 0.753690
vt 0.038174 0.750586
vt 0.044393 0.751724
vt 0.042838 0.748723
vt 0.050964 0.750689
vt 0.047553 0.746861
vt 0.061949 0.750275
vt 0.061147 0.746757
vt 0.075793 0.750172
vt 0.074790 0.746757
vt 0.076044 0.753897
vt 0.062200 0.754000
vt 0.051466 0.754311
vt 0.044945 0.754828
vt 0.041735 0.755552
vt 0.040130 0.758553
vt 0.037521 0.764244
vt 0.034612 0.772832
vt 0.033358 0.782662
vt 0.035415 0.791871
vt 0.039879 0.791767
vt 0.048005 0.792491
vt 0.061548 0.793733
vt 0.063253 0.801700
vt 0.064457 0.807184
vt 0.078953 0.809254
vt 0.078552 0.803459
vt 0.077900 0.795078
vt 0.077298 0.784938
vt 0.060394 0.784007
vt 0.046299 0.783282
vt 0.037923 0.782765
vt 0.039127 0.773142
vt 0.041835 0.764658
vt 0.049309 0.764761
vt 0.047202 0.773453
vt 0.060595 0.773867
vt 0.076897 0.774280
vt 0.076596 0.765072
vt 0.061448 0.764968
vt 0.062050 0.758553
vt 0.050814 0.758656
vt 0.076345 0.758553
vt 0.091644 0.753793
vt 0.092045 0.758449
vt 0.092597 0.765072
vt 0.093249 0.774487
vt 0.093801 0.785455
vt 0.094102 0.796009
vt 0.094202 0.804701
vt 0.094202 0.810806
vt 0.094102 0.814945
vt 0.109902 0.811737
vt 0.110053 0.805529
vt 0.110203 0.796423
vt 0.110103 0.785455
vt 0.109701 0.774280
vt 0.109099 0.764658
vt 0.108598 0.757932
vt 0.108146 0.753276
vt 0.124699 0.751931
vt 0.125251 0.756690
vt 0.125853 0.763519
vt 0.126354 0.773453
vt 0.126655 0.785041
vt 0.126555 0.796423
vt 0.126254 0.805839
vt 0.125903 0.812358
vt 0.109701 0.816083
vt 0.125602 0.816807
vt 0.093801 0.818463
vt 0.109451 0.819704
vt 0.125351 0.820532
vt 0.109049 0.823326
vt 0.125151 0.823947
vt 0.141051 0.821360
vt 0.141202 0.824567
vt 0.093450 0.821877
vt 0.155347 0.826016
vt 0.155648 0.822601
vt 0.167235 0.824050
vt 0.173455 0.825602
vt 0.169492 0.827465
vt 0.171649 0.828810
vt 0.173806 0.830258
vt 0.185041 0.444104
vt 0.175812 0.442242
vt 0.190158 0.463764
vt 0.180577 0.462315
vt 0.165579 0.442345
vt 0.169843 0.462522
vt 0.156149 0.446070
vt 0.159811 0.465833
vt 0.197180 0.464902
vt 0.191663 0.445657
vt 0.218197 0.539712
vt 0.207714 0.502462
vt 0.210372 0.540333
vt 0.200290 0.502255
vt 0.199337 0.540643
vt 0.189957 0.501634
vt 0.178170 0.502152
vt 0.186446 0.541471
vt 0.173705 0.543333
vt 0.166783 0.504739
vt 0.157303 0.508050
vt 0.150582 0.510119
vt 0.177166 0.562475
vt 0.190659 0.561130
vt 0.204052 0.559992
vt 0.215488 0.559061
vt 0.263291 0.737652
vt 0.276884 0.737341
vt 0.262037 0.743032
vt 0.276382 0.742308
vt 0.293688 0.740549
vt 0.293487 0.735893
vt 0.311294 0.743860
vt 0.312447 0.753069
vt 0.313952 0.763933
vt 0.315758 0.774487
vt 0.317363 0.783386
vt 0.318617 0.789491
vt 0.333665 0.784524
vt 0.332612 0.778523
vt 0.331207 0.769728
vt 0.329702 0.759174
vt 0.328348 0.748516
vt 0.327345 0.739307
vt 0.326693 0.732892
vt 0.310591 0.737341
vt 0.326141 0.728443
vt 0.310090 0.732892
vt 0.341640 0.722959
vt 0.342242 0.727305
vt 0.342844 0.733720
vt 0.343797 0.742825
vt 0.345001 0.753483
vt 0.346305 0.763933
vt 0.347459 0.772728
vt 0.348362 0.778730
vt 0.253510 0.743032
vt 0.255115 0.737031
vt 0.248042 0.742825
vt 0.242123 0.743032
vt 0.255817 0.725959
vt 0.253911 0.731133
vt 0.257322 0.732685
vt 0.264194 0.733513
vt 0.259228 0.729167
vt 0.261284 0.730409
vt 0.277235 0.733409
vt 0.277185 0.729995
vt 0.293286 0.732168
vt 0.293035 0.729581
vt 0.308836 0.725959
vt 0.309488 0.729167
vt 0.324636 0.722338
vt 0.325338 0.724925
vt 0.339734 0.716440
vt 0.257171 0.727925
vt 0.340737 0.719544
vt 0.236104 0.570236
vt 0.231891 0.570339
vt 0.225571 0.564545
vt 0.223664 0.558026
vt 0.226122 0.571063
vt 0.043992 0.758760
vt 0.325790 0.281241
vt 0.342343 0.281552
vt 0.325589 0.288070
vt 0.325589 0.298210
vt 0.325890 0.310420
vt 0.326743 0.323147
vt 0.327897 0.334218
vt 0.329201 0.341979
vt 0.347609 0.338874
vt 0.346305 0.331528
vt 0.344800 0.321077
vt 0.343546 0.309075
vt 0.342794 0.297590
vt 0.342443 0.288070
vt 0.358444 0.282483
vt 0.358795 0.288691
vt 0.359447 0.297590
vt 0.360651 0.308454
vt 0.362256 0.319732
vt 0.364012 0.329769
vt 0.365466 0.336805
vt 0.082164 0.586377
vt 0.100974 0.585446
vt 0.083468 0.593413
vt 0.085023 0.603553
vt 0.086477 0.615246
vt 0.087430 0.626731
vt 0.087982 0.636354
vt 0.088183 0.643079
vt 0.104936 0.645356
vt 0.122041 0.647528
vt 0.122592 0.640182
vt 0.105037 0.638423
vt 0.104986 0.628283
vt 0.104485 0.616177
vt 0.103431 0.603760
vt 0.102177 0.592999
vt 0.120586 0.583583
vt 0.121690 0.591654
vt 0.122592 0.603243
vt 0.123094 0.616591
vt 0.122994 0.629525
vt 0.286214 0.633560
vt 0.301763 0.626524
vt 0.287618 0.636974
vt 0.303669 0.630249
vt 0.316661 0.618971
vt 0.318818 0.622075
vt 0.124198 0.748102
vt 0.107795 0.749447
vt 0.123897 0.744688
vt 0.107444 0.746447
vt 0.091343 0.749965
vt 0.091092 0.746550
s 1
usemtl Head_bend_Material
f 1/1/1 2/2/2 3/3/3
f 2/2/2 4/4/4 3/3/3
f 3/3/3 4/4/4 5/5/5
f 5/5/5 4/4/4 6/6/6
f 4/4/4 7/7/7 6/6/6
f 6/6/6 7/7/7 8/8/8
f 7/7/7 9/9/9 8/8/8
f 9/9/9 10/10/10 8/8/8
f 8/8/8 10/10/10 11/11/11
f 10/10/10 12/12/12 11/11/11
f 11/11/11 12/12/12 13/13/13
f 13/13/13 12/12/12 14/14/14
f 14/14/14 12/12/12 15/15/15
f 15/15/15 12/12/12 16/16/16
f 12/12/12 10/10/10 16/16/16
f 16/16/16 10/10/10 17/17/17
f 10/10/10 9/9/9 17/17/17
f 17/17/17 9/9/9 18/18/18
f 18/18/18 9/9/9 19/19/19
f 9/9/9 7/7/7 19/19/19
f 19/19/19 7/7/7 20/20/20
f 7/7/7 4/4/4 20/20/20
f 4/4/4 2/2/2 20/20/20
f 20/20/20 2/2/2 21/21/21
f 21/21/21 2/2/2 22/22/22
f 2/2/2 23/1/23 22/22/22
f 22/22/22 23/1/23 24/23/24
f 23/1/23 25/24/25 24/23/24
f 24/23/24 25/24/25 26/25/26
f 25/24/25 27/26/27 26/25/26
f 26/25/26 27/26/27 28/27/28
f 27/26/27 29/28/29 28/27/28
f 29/28/29 30/29/30 28/27/28
f 30/29/30 31/30/31 28/27/28
f 31/30/31 32/31/32 28/27/28
f 28/27/28 32/31/32 26/25/26
f 32/31/32 33/32/33 26/25/26
f 26/25/26 33/32/33 24/23/24
f 33/32/33 34/33/34 24/23/24
f 24/23/24 34/33/34 22/22/22
f 34/33/34 35/34/35 22/22/22
f 22/22/22 35/34/35 21/21/21
f 35/34/35 36/35/36 21/21/21
f 21/21/21 36/35/36 19/19/19
f 36/35/36 18/18/18 19/19/19
f 20/20/20 21/21/21 19/19/19
f 31/30/31 30/29/30 37/36/37
f 37/36/37 30/29/30 38/37/38
f 30/29/30 39/38/39 38/37/38
f 39/38/39 40/39/40 38/37/38
f 40/39/40 41/40/41 38/37/38
f 38/37/38 41/40/41 42/41/42
f 42/41/42 41/40/41 43/42/43
f 41/40/41 44/43/44 43/42/43
f 43/42/43 44/43/44 45/44/45
f 45/44/45 44/43/44 46/45/46
f 44/43/44 47/46/47 46/45/46
f 47/46/47 48/47/48 46/45/46
f 48/47/48 49/48/49 46/45/46
f 46/45/46 49/48/49 50/49/50
f 50/49/50 49/48/49 51/50/45
f 49/48/49 52/51/51 51/50/45
f 51/50/45 52/51/51 53/52/52
f 38/37/38 42/41/42 37/36/37
f 29/28/29 39/38/39 30/29/30
f 40/39/40 54/53/53 41/40/41
f 41/40/41 54/53/53 44/43/44
f 54/53/53 47/46/47 44/43/44
f 46/45/46 50/49/50 45/44/45
f 48/47/48 55/54/54 49/48/49
f 49/48/49 55/54/54 52/51/51
f 55/54/54 56/55/55 52/51/51
f 52/51/51 56/55/55 57/56/56
f 56/55/55 58/57/57 57/56/56
f 58/57/57 59/58/58 57/56/56
f 57/56/56 59/58/58 60/59/59
f 60/59/59 59/58/58 61/60/60
f 59/58/58 62/61/61 61/60/60
f 61/60/60 62/61/61 63/62/62
f 62/61/61 64/63/63 63/62/62
f 63/62/62 64/63/63 65/64/64
f 64/63/63 66/65/65 65/64/64
f 65/64/64 66/65/65 67/66/66
f 52/51/51 57/56/56 53/52/52
f 53/52/52 57/56/56 60/59/59
f 58/57/57 68/67/67 59/58/58
f 59/58/58 68/67/67 62/61/61
f 68/67/67 69/68/68 62/61/61
f 62/61/61 69/68/68 64/63/63
f 69/68/68 70/69/69 64/63/63
f 64/63/63 70/69/69 66/65/65
f 71/70/70 73/71/71 72/72/72
f 72/72/72 73/71/71 74/73/73
f 73/71/71 70/69/69 74/73/73
f 70/69/69 69/68/68 74/73/73
f 74/73/73 69/68/68 75/74/74
f 69/68/68 68/67/67 75/74/74
f 75/74/74 76/75/75 74/73/73
f 76/75/75 72/72/72 74/73/73
f 70/69/69 77/76/76 66/65/65
f 77/76/76 78/77/77 66/65/65
f 66/65/65 78/77/77 67/66/66
f 78/77/77 79/78/78 67/66/66
f 67/66/66 79/78/78 80/79/79
f 79/78/78 81/80/80 80/79/79
f 80/79/79 81/80/80 82/81/81
f 77/76/76 83/82/82 78/77/77
f 83/82/82 84/83/83 78/77/77
f 78/77/77 84/83/83 79/78/78
f 84/83/83 85/84/84 79/78/78
f 79/78/78 85/84/84 81/80/80
f 85/84/84 86/85/85 81/80/80
f 81/80/80 86/85/85 87/86/86
f 86/85/85 88/87/87 87/86/86
f 88/87/87 89/88/88 87/86/86
f 87/86/86 89/88/88 90/89/89
f 89/88/88 91/90/90 90/89/89
f 81/80/80 87/86/86 82/81/81
f 87/86/86 90/89/89 82/81/81
f 91/90/90 92/88/88 93/91/91
f 92/88/88 94/92/92 93/91/91
f 93/91/91 94/92/92 95/93/93
f 94/92/92 96/94/94 95/93/93
f 95/93/93 96/94/94 97/95/95
f 96/94/94 98/96/96 97/95/95
f 97/95/95 98/96/96 99/97/97
f 98/96/96 100/98/98 99/97/97
f 99/97/97 100/98/98 101/99/99
f 92/88/88 88/87/87 94/92/92
f 88/87/87 102/100/100 94/92/92
f 94/92/92 102/100/100 96/94/94
f 102/100/100 103/101/101 96/94/94
f 96/94/94 103/101/101 98/96/96
f 103/101/101 104/102/102 98/96/96
f 98/96/96 104/102/102 100/98/98
f 105/103/103 107/104/104 106/105/105
f 106/105/105 107/104/104 104/102/102
f 107/104/104 108/106/106 104/102/102
f 104/102/102 108/106/106 100/98/98
f 108/106/106 109/107/107 100/98/98
f 100/98/98 109/107/107 101/99/99
f 109/107/107 110/108/108 101/99/99
f 106/105/105 104/102/102 103/101/101
f 105/103/103 111/109/109 107/104/104
f 107/104/104 111/109/109 112/110/110
f 111/109/109 113/111/111 112/110/110
f 107/104/104 112/110/110 108/106/106
f 108/106/106 114/110/112 109/107/107
f 109/107/107 114/110/112 115/112/113
f 114/110/112 116/111/111 115/112/113
f 115/112/113 116/111/111 117/113/114
f 116/111/111 118/114/115 117/113/114
f 117/113/114 118/114/115 119/115/116
f 118/114/115 120/116/117 119/115/116
f 120/116/117 121/117/118 119/115/116
f 121/117/118 122/118/119 119/115/116
f 122/118/119 123/119/120 119/115/116
f 119/115/116 123/119/120 117/113/114
f 123/119/120 124/120/121 117/113/114
f 117/113/114 124/120/121 115/112/113
f 124/120/121 110/108/108 115/112/113
f 115/112/113 110/108/108 109/107/107
f 120/116/117 125/121/122 121/117/118
f 121/117/118 125/121/122 126/122/123
f 125/121/122 127/123/124 126/122/123
f 127/123/124 128/124/125 126/122/123
f 126/122/123 128/124/125 129/125/126
f 129/125/126 128/124/125 130/126/127
f 128/124/125 131/127/128 130/126/127
f 130/126/127 131/127/128 132/128/129
f 122/118/119 121/117/118 133/129/130
f 121/117/118 126/122/123 133/129/130
f 133/129/130 126/122/123 129/125/126
f 131/127/128 128/124/125 134/130/131
f 134/130/131 128/124/125 127/123/124
f 134/130/131 135/131/132 131/127/128
f 131/127/128 135/131/132 136/132/133
f 135/131/132 137/133/134 136/132/133
f 136/132/133 137/133/134 138/134/135
f 137/133/134 139/135/136 138/134/135
f 138/134/135 139/135/136 140/136/137
f 139/135/136 141/137/138 140/136/137
f 141/137/138 142/138/139 140/136/137
f 142/138/139 143/139/140 140/136/137
f 143/139/140 144/140/141 140/136/137
f 140/136/137 144/140/141 138/134/135
f 144/140/141 145/141/142 138/134/135
f 138/134/135 145/141/142 136/132/133
f 145/141/142 132/128/129 136/132/133
f 136/132/133 132/128/129 131/127/128
f 141/137/138 146/142/143 142/138/139
f 142/138/139 147/143/144 143/139/140
f 143/139/140 147/143/144 148/144/145
f 147/143/144 149/145/146 148/144/145
f 148/144/145 149/145/146 150/146/147
f 150/146/147 149/145/146 151/147/148
f 149/145/146 152/148/149 151/147/148
f 152/148/149 153/149/150 151/147/148
f 153/149/150 154/150/151 151/147/148
f 151/147/148 154/150/151 155/151/152
f 154/150/151 156/152/153 155/151/152
f 152/148/149 149/145/146 157/153/154
f 149/145/146 147/143/144 157/153/154
f 157/153/154 147/143/144 158/154/155
f 147/143/144 142/138/139 158/154/155
f 158/154/155 142/138/139 159/142/143
f 151/147/148 155/151/152 150/146/147
f 156/152/153 160/150/151 161/155/156
f 160/150/151 162/156/157 161/155/156
f 161/155/156 162/156/157 163/157/158
f 162/156/157 164/158/159 163/157/158
f 163/157/158 164/158/159 165/159/160
f 160/150/151 166/149/150 162/156/157
f 162/156/157 166/149/150 167/160/161
f 166/149/150 168/161/162 167/160/161
f 167/160/161 168/161/162 169/162/163
f 168/161/162 170/163/164 169/162/163
f 169/162/163 170/163/164 171/164/164
f 170/163/164 172/165/165 171/164/164
f 171/164/164 172/165/165 173/166/166
f 172/165/165 174/167/165 173/166/166
f 173/166/166 174/167/165 175/168/166
f 174/167/165 176/169/165 175/168/166
f 167/160/161 164/158/159 162/156/157
f 167/160/161 169/162/163 177/170/167
f 177/170/167 169/162/163 178/171/163
f 169/162/163 171/164/164 178/171/163
f 178/171/163 171/164/164 179/172/168
f 171/164/164 173/166/166 179/172/168
f 179/172/168 173/166/166 180/173/165
f 173/166/166 175/168/166 180/173/165
f 179/172/168 180/173/165 181/174/169
f 180/173/165 182/175/166 181/174/169
f 181/174/169 182/175/166 183/176/169
f 183/176/169 182/175/166 184/177/166
f 182/175/166 185/178/165 184/177/166
f 184/177/166 185/178/165 186/179/166
f 185/178/165 182/175/166 187/180/165
f 182/175/166 180/173/165 187/180/165
f 180/173/165 175/168/166 187/180/165
f 187/180/165 175/168/166 188/181/166
f 175/168/166 176/169/165 188/181/166
f 176/169/165 189/182/170 188/181/166
f 189/182/170 190/183/72 188/181/166
f 190/183/72 191/184/165 188/181/166
f 188/181/166 191/184/165 187/180/165
f 187/180/165 191/184/165 185/178/165
f 191/184/165 192/185/165 185/178/165
f 185/178/165 192/185/165 186/179/166
f 186/179/166 192/185/165 193/186/165
f 193/186/165 192/185/165 72/72/171
f 72/72/171 192/185/165 194/70/171
f 192/185/165 191/184/165 194/70/171
f 191/184/165 190/183/72 194/70/171
f 194/70/171 190/183/72 195/187/172
f 190/183/72 196/188/173 195/187/172
f 196/188/173 197/82/82 195/187/172
f 197/82/82 198/76/76 195/187/172
f 195/187/172 198/76/76 199/71/71
f 198/76/76 200/69/174 199/71/71
f 194/70/171 195/187/172 199/71/71
f 190/183/72 189/182/170 196/188/173
f 193/186/165 72/72/171 201/75/75
f 202/75/75 203/189/165 193/186/165
f 193/186/165 203/189/165 204/190/165
f 203/189/165 205/191/165 204/190/165
f 204/190/165 205/191/165 206/192/165
f 205/191/165 207/193/165 206/192/165
f 207/193/165 208/194/165 206/192/165
f 208/194/165 209/195/165 206/192/165
f 206/192/165 209/195/165 210/196/165
f 209/195/165 211/197/166 210/196/165
f 210/196/165 211/197/166 212/177/166
f 212/177/166 211/197/166 213/176/169
f 213/176/169 211/197/166 214/198/165
f 211/197/166 215/199/166 214/198/165
f 214/198/165 215/199/166 216/200/165
f 193/186/165 204/190/165 217/179/166
f 217/179/166 204/190/165 210/196/165
f 204/190/165 206/192/165 210/196/165
f 210/196/165 212/177/166 217/179/166
f 211/197/166 209/195/165 215/199/166
f 215/199/166 209/195/165 218/201/165
f 209/195/165 208/194/165 218/201/165
f 218/201/165 208/194/165 219/202/165
f 208/194/165 220/203/165 219/202/165
f 220/203/165 221/204/165 219/202/165
f 221/204/165 222/205/165 219/202/165
f 219/202/165 222/205/165 223/206/165
f 222/205/165 224/207/165 223/206/165
f 224/207/165 225/208/165 223/206/165
f 223/206/165 225/208/165 226/209/165
f 225/208/165 227/210/165 226/209/165
f 226/209/165 227/210/165 216/200/165
f 216/200/165 227/210/165 228/211/165
f 227/210/165 229/212/165 228/211/165
f 228/211/165 229/212/165 230/213/175
f 230/213/175 229/212/165 231/214/165
f 229/212/165 232/215/165 231/214/165
f 231/214/165 232/215/165 233/216/165
f 219/202/165 223/206/165 218/201/165
f 223/206/165 226/209/165 218/201/165
f 218/201/165 226/209/165 215/199/166
f 226/209/165 216/200/165 215/199/166
f 220/203/165 208/194/165 207/193/165
f 232/215/165 229/212/165 234/217/165
f 229/212/165 227/210/165 234/217/165
f 227/210/165 225/208/165 234/217/165
f 234/217/165 225/208/165 235/218/165
f 225/208/165 224/207/165 235/218/165
f 235/218/165 236/219/165 234/217/165
f 234/217/165 236/219/165 232/215/165
f 236/219/165 237/220/166 232/215/165
f 232/215/165 237/220/166 233/216/165
f 237/220/166 236/219/165 238/221/166
f 238/221/166 236/219/165 239/222/165
f 236/219/165 235/218/165 239/222/165
f 239/222/165 235/218/165 240/223/165
f 235/218/165 224/207/165 240/223/165
f 240/223/165 224/207/165 241/224/165
f 224/207/165 222/205/165 241/224/165
f 241/224/165 222/205/165 242/225/166
f 222/205/165 221/204/165 242/225/166
f 242/225/166 243/226/166 241/224/165
f 243/226/166 244/227/165 241/224/165
f 241/224/165 244/227/165 240/223/165
f 244/227/165 245/228/165 240/223/165
f 240/223/165 245/228/165 239/222/165
f 243/226/166 246/229/176 244/227/165
f 244/227/165 246/229/176 247/230/166
f 247/230/166 246/229/176 248/231/165
f 246/229/176 249/232/170 248/231/165
f 248/231/165 249/232/170 250/233/165
f 249/232/170 251/234/171 250/233/165
f 250/233/165 251/234/171 252/235/166
f 252/235/166 251/234/171 253/236/177
f 251/234/171 254/237/178 253/236/177
f 253/236/177 254/237/178 255/238/179
f 254/237/178 256/239/180 255/238/179
f 256/239/180 257/240/181 255/238/179
f 255/238/179 257/240/181 258/241/182
f 257/240/181 259/242/183 258/241/182
f 247/230/166 245/228/165 244/227/165
f 258/241/182 260/243/184 255/238/179
f 255/238/179 260/243/184 253/236/177
f 260/243/184 261/244/165 253/236/177
f 253/236/177 261/244/165 252/235/166
f 261/244/165 262/245/165 252/235/166
f 252/235/166 262/245/165 263/246/165
f 262/245/165 264/247/165 263/246/165
f 252/235/166 263/246/165 250/233/165
f 263/246/165 265/248/165 250/233/165
f 250/233/165 265/248/165 248/231/165
f 265/248/165 266/249/166 248/231/165
f 248/231/165 266/249/166 247/230/166
f 247/230/166 266/249/166 267/250/166
f 266/249/166 268/251/165 267/250/166
f 267/250/166 268/251/165 269/252/166
f 268/251/165 266/249/166 270/253/165
f 266/249/166 265/248/165 270/253/165
f 270/253/165 265/248/165 271/254/165
f 265/248/165 263/246/165 271/254/165
f 263/246/165 264/247/165 271/254/165
f 264/247/165 272/255/185 271/254/165
f 272/255/185 273/256/186 271/254/165
f 271/254/165 273/256/186 270/253/165
f 273/256/186 274/257/185 270/253/165
f 270/253/165 274/257/185 268/251/165
f 274/257/185 275/258/186 268/251/165
f 268/251/165 275/258/186 269/252/166
f 275/258/186 276/259/187 269/252/166
f 277/257/186 278/260/188 275/258/185
f 278/260/188 279/261/189 275/258/185
f 275/258/185 279/261/189 280/259/190
f 280/259/190 279/261/189 281/262/191
f 279/261/189 282/263/192 281/262/191
f 281/262/191 282/263/192 283/264/193
f 282/263/192 284/265/194 283/264/193
f 283/264/193 284/265/194 285/266/195
f 285/266/195 284/265/194 286/267/196
f 286/267/196 284/265/194 287/268/197
f 284/265/194 288/269/198 287/268/197
f 287/268/197 288/269/198 289/270/199
f 289/270/199 288/269/198 290/271/200
f 288/269/198 291/272/201 290/271/200
f 291/272/201 292/273/202 290/271/200
f 290/271/200 292/273/202 293/274/203
f 292/273/202 294/275/204 293/274/203
f 278/260/188 291/272/201 279/261/189
f 279/261/189 291/272/201 282/263/192
f 291/272/201 288/269/198 282/263/192
f 282/263/192 288/269/198 284/265/194
f 293/274/203 295/276/205 290/271/200
f 290/271/200 295/276/205 289/270/199
f 294/275/206 297/277/207 296/274/208
f 296/274/208 297/277/207 298/278/209
f 297/277/207 299/279/210 298/278/209
f 298/278/209 299/279/210 300/280/211
f 299/279/210 301/281/212 300/280/211
f 300/280/211 301/281/212 302/282/213
f 301/281/212 303/283/214 302/282/213
f 303/283/214 304/284/215 302/282/213
f 302/282/213 304/284/215 305/285/216
f 304/284/215 306/286/217 305/285/216
f 296/274/208 298/278/209 295/276/205
f 295/276/205 298/278/209 307/287/218
f 298/278/209 300/280/211 307/287/218
f 307/287/218 300/280/211 308/288/219
f 300/280/211 302/282/213 308/288/219
f 308/288/219 302/282/213 305/285/216
f 306/286/217 310/284/215 309/289/220
f 309/289/220 310/284/215 311/290/221
f 310/284/215 312/283/222 311/290/221
f 312/283/222 313/291/223 311/290/221
f 311/290/221 313/291/223 314/292/224
f 313/291/223 315/293/225 314/292/224
f 315/293/225 316/294/226 314/292/224
f 314/292/224 316/294/226 317/295/227
f 317/295/227 316/294/226 318/296/228
f 316/294/226 319/297/229 318/296/228
f 318/296/228 319/297/229 320/298/230
f 309/289/220 311/290/221 321/299/231
f 311/290/221 314/292/224 321/299/231
f 321/299/231 314/292/224 317/295/227
f 319/297/229 316/294/226 322/300/232
f 316/294/226 315/293/225 322/300/232
f 315/293/225 323/301/233 322/300/232
f 322/300/232 323/301/233 324/302/234
f 323/301/233 325/303/235 324/302/234
f 325/303/235 326/304/236 324/302/234
f 324/302/234 326/304/236 327/305/237
f 326/304/236 328/306/238 327/305/237
f 327/305/237 329/307/239 324/302/234
f 324/302/234 329/307/239 322/300/232
f 322/300/232 329/307/239 319/297/229
f 329/307/239 330/308/240 319/297/229
f 319/297/229 330/308/240 320/298/230
f 320/298/230 330/308/240 331/309/241
f 330/308/240 332/310/242 331/309/241
f 331/309/241 332/310/242 333/311/243
f 332/310/242 334/312/244 333/311/243
f 333/311/243 334/312/244 335/313/245
f 334/312/244 336/314/246 335/313/245
f 335/313/245 336/314/246 337/315/247
f 336/314/246 338/316/248 337/315/247
f 337/315/247 338/316/248 339/317/249
f 329/307/239 340/305/250 330/308/240
f 330/308/240 340/305/250 332/310/242
f 340/305/250 341/306/238 332/310/242
f 332/310/242 341/306/238 334/312/244
f 341/306/238 342/318/251 334/312/244
f 334/312/244 342/318/251 336/314/246
f 342/318/251 343/319/252 336/314/246
f 336/314/246 343/319/252 338/316/248
f 343/319/252 344/320/253 338/316/248
f 338/316/248 344/320/253 345/321/254
f 344/320/253 346/322/255 345/321/254
f 345/321/254 346/322/255 347/323/256
f 346/322/255 348/324/257 347/323/256
f 348/324/257 349/325/258 347/323/256
f 347/323/256 349/325/258 350/326/259
f 350/326/259 349/325/258 351/327/260
f 349/325/258 352/328/261 351/327/260
f 351/327/260 352/328/261 353/329/99
f 338/316/248 345/321/254 339/317/249
f 339/317/249 345/321/254 354/330/262
f 345/321/254 347/323/256 354/330/262
f 354/330/262 347/323/256 350/326/259
f 348/324/257 355/331/263 349/325/258
f 349/325/258 355/331/263 352/328/261
f 355/331/263 356/332/264 352/328/261
f 352/328/261 356/332/264 357/333/265
f 356/332/264 358/334/266 357/333/265
f 357/333/265 358/334/266 359/335/267
f 358/334/266 360/336/268 359/335/267
f 359/335/267 360/336/268 361/337/269
f 360/336/268 362/338/270 361/337/269
f 352/328/261 357/333/265 353/329/99
f 353/329/99 357/333/265 363/339/271
f 357/333/265 359/335/267 363/339/271
f 363/339/271 359/335/267 364/340/272
f 359/335/267 361/337/269 364/340/272
f 364/340/272 361/337/269 365/341/273
f 361/337/269 366/342/274 365/341/273
f 366/342/274 367/343/275 365/341/273
f 367/343/275 368/344/276 365/341/273
f 365/341/273 368/344/276 369/345/277
f 369/345/277 368/344/276 370/346/278
f 368/344/276 371/347/279 370/346/278
f 370/346/278 371/347/279 372/348/280
f 371/347/279 373/349/281 372/348/280
f 372/348/280 373/349/281 374/350/282
f 365/341/273 369/345/277 364/340/272
f 366/342/274 361/337/269 375/338/283
f 373/349/281 371/347/279 259/242/284
f 259/242/284 371/347/279 376/351/285
f 371/347/279 368/344/276 376/351/285
f 376/351/285 368/344/276 367/343/275
f 377/242/183 376/351/286 378/241/182
f 378/241/182 376/351/286 379/352/287
f 376/351/286 380/343/288 379/352/287
f 378/241/182 379/352/287 260/243/184
f 379/352/287 381/353/184 260/243/184
f 260/243/184 381/353/184 382/244/165
f 381/353/184 383/354/165 382/244/165
f 382/244/165 383/354/165 384/245/165
f 383/354/165 385/355/165 384/245/165
f 384/245/165 385/355/165 386/247/165
f 385/355/165 387/356/165 386/247/165
f 386/247/165 387/356/165 272/255/185
f 387/356/165 388/357/185 272/255/185
f 388/357/185 389/358/289 272/255/185
f 272/255/185 389/358/289 273/256/186
f 389/358/289 390/359/188 273/256/186
f 273/256/186 390/359/188 274/257/185
f 274/257/185 390/359/188 391/260/188
f 390/359/188 392/273/290 391/260/188
f 391/260/188 392/273/290 393/272/291
f 392/273/290 390/359/188 394/275/204
f 394/275/204 390/359/188 389/358/289
f 395/275/204 389/358/289 396/360/292
f 389/358/289 388/357/185 396/360/292
f 396/360/292 388/357/185 397/361/185
f 397/361/185 388/357/185 398/362/165
f 388/357/185 387/356/165 398/362/165
f 398/362/165 387/356/165 399/363/165
f 387/356/165 385/355/165 399/363/165
f 399/363/165 385/355/165 400/364/165
f 385/355/165 383/354/165 400/364/165
f 400/364/165 383/354/165 401/365/184
f 383/354/165 381/353/184 401/365/184
f 401/365/184 381/353/184 402/366/293
f 381/353/184 379/352/287 402/366/293
f 379/352/287 380/343/288 402/366/293
f 380/343/288 403/342/294 402/366/293
f 402/366/293 403/342/294 404/367/295
f 403/342/294 362/338/270 404/367/295
f 362/338/270 405/368/296 404/367/295
f 405/368/296 406/369/184 404/367/295
f 404/367/295 406/369/184 401/365/184
f 401/365/184 406/369/184 400/364/165
f 406/369/184 407/370/165 400/364/165
f 400/364/165 407/370/165 399/363/165
f 407/370/165 408/371/165 399/363/165
f 399/363/165 408/371/165 398/362/165
f 408/371/165 409/372/165 398/362/165
f 398/362/165 409/372/165 397/361/185
f 409/372/165 410/373/185 397/361/185
f 397/361/185 410/373/185 411/374/297
f 410/373/185 412/375/298 411/374/297
f 411/374/297 412/375/298 413/279/299
f 413/279/299 412/375/298 414/281/212
f 412/375/298 415/376/300 414/281/212
f 414/281/212 415/376/300 303/283/301
f 395/275/204 396/360/292 416/277/302
f 416/277/302 396/360/292 411/374/297
f 396/360/292 397/361/185 411/374/297
f 416/277/302 411/374/297 413/279/299
f 401/365/184 402/366/293 404/367/295
f 415/376/300 412/375/298 417/377/185
f 412/375/298 410/373/185 417/377/185
f 417/377/185 410/373/185 418/378/165
f 410/373/185 409/372/165 418/378/165
f 418/378/165 409/372/165 419/379/165
f 409/372/165 408/371/165 419/379/165
f 419/379/165 408/371/165 420/380/165
f 408/371/165 407/370/165 420/380/165
f 420/380/165 407/370/165 421/381/184
f 407/370/165 406/369/184 421/381/184
f 421/381/184 406/369/184 405/368/296
f 422/382/303 424/383/304 423/384/305
f 423/384/305 424/383/304 425/385/306
f 424/383/304 426/386/307 425/385/306
f 425/385/306 426/386/307 427/387/308
f 426/386/307 424/383/304 428/388/309
f 428/388/309 424/383/304 429/389/310
f 424/383/304 422/382/303 429/389/310
f 429/389/310 422/382/303 430/390/311
f 422/382/303 431/391/312 430/390/311
f 430/390/311 431/391/312 432/392/313
f 431/391/312 433/393/314 432/392/313
f 432/392/313 433/393/314 434/394/311
f 433/393/314 431/391/312 435/395/315
f 435/395/315 431/391/312 436/396/315
f 431/391/312 422/382/303 436/396/315
f 422/382/303 437/384/305 436/396/315
f 437/384/305 438/397/165 436/396/315
f 438/397/165 439/398/165 436/396/315
f 436/396/315 439/398/165 435/395/315
f 439/398/165 440/399/165 435/395/315
f 435/395/315 440/399/165 441/400/316
f 440/399/165 442/401/165 441/400/316
f 441/400/316 442/401/165 443/402/187
f 443/402/187 442/401/165 444/403/166
f 442/401/165 445/404/165 444/403/166
f 444/403/166 445/404/165 446/405/166
f 445/404/165 447/406/165 446/405/166
f 447/406/165 448/407/165 446/405/166
f 448/407/165 449/408/165 446/405/166
f 446/405/166 449/408/165 450/409/166
f 449/408/165 451/410/165 450/409/166
f 450/409/166 451/410/165 452/411/187
f 442/401/165 453/412/165 445/404/165
f 445/404/165 453/412/165 454/413/165
f 453/412/165 455/414/165 454/413/165
f 447/406/165 445/404/165 454/413/165
f 451/410/165 449/408/165 456/415/165
f 456/415/165 449/408/165 457/416/165
f 449/408/165 448/407/165 457/416/165
f 457/416/165 448/407/165 458/417/165
f 458/417/165 448/407/165 459/418/165
f 448/407/165 447/406/165 459/418/165
f 459/418/165 447/406/165 460/419/165
f 447/406/165 454/413/165 460/419/165
f 460/419/165 454/413/165 461/420/165
f 454/413/165 455/414/165 461/420/165
f 455/414/165 462/421/175 461/420/165
f 462/421/175 463/422/165 461/420/165
f 463/422/165 464/423/165 461/420/165
f 461/420/165 464/423/165 460/419/165
f 464/423/165 465/424/165 460/419/165
f 460/419/165 465/424/165 459/418/165
f 465/424/165 466/425/165 459/418/165
f 459/418/165 466/425/165 458/417/165
f 466/425/165 467/426/165 458/417/165
f 458/417/165 467/426/165 468/427/165
f 467/426/165 469/428/166 468/427/165
f 469/428/166 470/429/170 468/427/165
f 470/429/170 471/430/165 468/427/165
f 468/427/165 471/430/165 457/416/165
f 471/430/165 456/415/165 457/416/165
f 468/427/165 457/416/165 458/417/165
f 469/428/166 467/426/165 472/431/166
f 472/431/166 467/426/165 473/432/165
f 467/426/165 466/425/165 473/432/165
f 473/432/165 466/425/165 474/433/165
f 466/425/165 465/424/165 474/433/165
f 474/433/165 465/424/165 475/434/165
f 465/424/165 464/423/165 475/434/165
f 475/434/165 464/423/165 476/435/165
f 464/423/165 463/422/165 476/435/165
f 475/434/165 476/435/165 477/436/165
f 476/435/165 478/437/165 477/436/165
f 477/436/165 479/438/165 475/434/165
f 475/434/165 479/438/165 474/433/165
f 479/438/165 480/439/165 474/433/165
f 474/433/165 480/439/165 473/432/165
f 480/439/165 481/440/165 473/432/165
f 473/432/165 481/440/165 472/431/166
f 472/431/166 481/440/165 482/441/165
f 481/440/165 483/442/165 482/441/165
f 482/441/165 483/442/165 484/443/176
f 484/443/176 483/442/165 485/444/165
f 483/442/165 486/445/165 485/444/165
f 485/444/165 486/445/165 487/446/165
f 486/445/165 483/442/165 488/447/165
f 483/442/165 481/440/165 488/447/165
f 481/440/165 480/439/165 488/447/165
f 488/447/165 480/439/165 489/448/165
f 480/439/165 479/438/165 489/448/165
f 489/448/165 479/438/165 490/449/165
f 479/438/165 477/436/165 490/449/165
f 490/449/165 477/436/165 491/450/165
f 477/436/165 478/437/165 491/450/165
f 478/437/165 492/451/169 491/450/165
f 492/451/169 493/452/165 491/450/165
f 491/450/165 493/452/165 494/453/165
f 493/452/165 495/454/165 494/453/165
f 491/450/165 494/453/165 490/449/165
f 494/453/165 496/455/165 490/449/165
f 490/449/165 496/455/165 489/448/165
f 496/455/165 497/456/165 489/448/165
f 489/448/165 497/456/165 488/447/165
f 488/447/165 497/456/165 486/445/165
f 497/456/165 498/457/165 486/445/165
f 486/445/165 498/457/165 487/446/165
f 487/446/165 498/457/165 499/458/165
f 498/457/165 500/459/165 499/458/165
f 499/458/165 500/459/165 501/460/75
f 500/459/165 498/457/165 502/461/165
f 498/457/165 497/456/165 502/461/165
f 497/456/165 496/455/165 502/461/165
f 502/461/165 496/455/165 503/462/165
f 496/455/165 494/453/165 503/462/165
f 494/453/165 495/454/165 503/462/165
f 495/454/165 504/463/165 503/462/165
f 503/462/165 504/463/165 505/464/165
f 504/463/165 506/465/75 505/464/165
f 502/461/165 503/462/165 505/464/165
f 506/465/75 508/463/165 507/466/171
f 507/466/171 508/463/165 509/467/165
f 508/463/165 495/454/165 509/467/165
f 509/467/165 495/454/165 510/468/165
f 495/454/165 511/452/165 510/468/165
f 510/468/165 511/452/165 512/469/165
f 511/452/165 513/451/169 512/469/165
f 513/451/169 514/470/317 512/469/165
f 512/469/165 514/470/317 515/471/165
f 514/470/317 516/472/317 515/471/165
f 507/466/171 509/467/165 517/473/171
f 509/467/165 518/474/165 517/473/171
f 517/473/171 518/474/165 519/475/72
f 519/475/72 518/474/165 520/476/165
f 518/474/165 521/477/165 520/476/165
f 520/476/165 521/477/165 522/478/165
f 521/477/165 515/471/165 522/478/165
f 522/478/165 515/471/165 523/479/165
f 515/471/165 516/472/317 523/479/165
f 523/479/165 516/472/317 524/480/168
f 516/472/317 525/481/318 524/480/168
f 524/480/168 525/481/318 526/482/319
f 525/481/318 527/483/320 526/482/319
f 527/483/320 528/484/321 526/482/319
f 526/482/319 528/484/321 529/485/322
f 528/484/321 530/486/323 529/485/322
f 515/471/165 521/477/165 512/469/165
f 512/469/165 521/477/165 510/468/165
f 521/477/165 518/474/165 510/468/165
f 510/468/165 518/474/165 509/467/165
f 529/485/322 531/487/168 526/482/319
f 526/482/319 531/487/168 524/480/168
f 531/487/168 532/488/165 524/480/168
f 524/480/168 532/488/165 523/479/165
f 532/488/165 533/489/165 523/479/165
f 523/479/165 533/489/165 522/478/165
f 533/489/165 534/490/165 522/478/165
f 522/478/165 534/490/165 520/476/165
f 534/490/165 535/491/70 520/476/165
f 520/476/165 535/491/70 519/475/72
f 535/491/70 536/492/324 519/475/72
f 519/475/72 536/492/324 537/493/325
f 536/492/324 538/494/326 537/493/325
f 538/494/326 539/495/327 537/493/325
f 537/493/325 539/495/327 540/496/328
f 540/496/328 539/495/327 541/497/329
f 541/497/329 539/495/327 542/498/330
f 539/495/327 543/499/331 542/498/330
f 543/499/331 544/500/332 542/498/330
f 544/500/332 545/501/333 542/498/330
f 542/498/330 545/501/333 546/502/334
f 545/501/333 547/503/335 546/502/334
f 546/502/334 547/503/335 548/504/336
f 547/503/335 549/505/337 548/504/336
f 519/475/72 537/493/325 517/473/171
f 537/493/325 540/496/328 517/473/171
f 539/495/327 550/494/326 543/499/331
f 542/498/330 546/502/334 541/497/329
f 541/497/329 546/502/334 551/506/338
f 546/502/334 548/504/336 551/506/338
f 552/473/70 553/496/339 554/466/70
f 553/496/339 555/507/340 554/466/70
f 554/466/70 555/507/340 556/465/341
f 556/465/341 555/507/340 557/508/342
f 555/507/340 551/506/338 557/508/342
f 557/508/342 551/506/338 558/509/343
f 551/506/338 548/504/336 558/509/343
f 558/509/343 548/504/336 559/510/344
f 548/504/336 549/505/337 559/510/344
f 549/505/337 560/511/345 559/510/344
f 559/510/344 560/511/345 561/512/346
f 560/511/345 562/513/347 561/512/346
f 562/513/347 563/514/348 561/512/346
f 561/512/346 563/514/348 564/515/349
f 564/515/349 563/514/348 565/516/350
f 565/516/350 563/514/348 566/517/351
f 563/514/348 567/518/352 566/517/351
f 567/518/352 568/519/353 566/517/351
f 566/517/351 568/519/353 569/520/354
f 568/519/353 570/521/355 569/520/354
f 551/506/338 555/507/340 541/497/329
f 555/507/340 553/496/339 541/497/329
f 564/515/349 571/522/356 561/512/346
f 561/512/346 571/522/356 559/510/344
f 571/522/356 558/509/343 559/510/344
f 563/514/348 562/513/347 567/518/352
f 565/516/350 566/517/351 572/523/357
f 566/517/351 569/520/354 572/523/357
f 572/523/357 569/520/354 573/524/358
f 573/524/358 569/520/354 574/525/359
f 569/520/354 570/521/355 574/525/359
f 570/521/355 575/526/360 574/525/359
f 574/525/359 575/526/360 576/527/361
f 575/526/360 577/528/362 576/527/361
f 576/527/361 577/528/362 578/529/363
f 577/528/362 165/159/160 578/529/363
f 165/159/160 164/158/159 578/529/363
f 578/529/363 164/158/159 579/170/167
f 164/158/159 167/160/161 579/170/167
f 579/170/167 580/530/364 578/529/363
f 578/529/363 580/530/364 576/527/361
f 580/530/364 581/531/365 576/527/361
f 576/527/361 581/531/365 574/525/359
f 581/531/365 573/524/358 574/525/359
f 582/532/366 583/533/367 584/534/368
f 583/533/367 585/535/369 584/534/368
f 584/534/368 585/535/369 586/213/175
f 586/213/175 585/535/369 587/536/370
f 585/535/369 588/524/371 587/536/370
f 587/536/370 588/524/371 581/531/365
f 588/524/371 585/535/369 589/523/372
f 589/523/372 585/535/369 583/533/367
f 590/213/175 592/536/370 591/211/165
f 591/211/165 592/536/370 593/537/373
f 592/536/370 581/531/365 593/537/373
f 581/531/365 594/538/374 593/537/373
f 593/537/373 594/538/374 595/198/165
f 594/538/374 213/176/375 595/198/165
f 591/211/165 593/537/373 216/200/165
f 593/537/373 595/198/165 216/200/165
f 596/170/167 597/171/163 598/530/376
f 597/171/163 599/539/377 598/530/376
f 598/530/376 599/539/377 581/531/365
f 581/531/365 599/539/377 600/538/378
f 599/539/377 181/174/169 600/538/378
f 600/538/378 181/174/169 601/176/375
f 597/171/163 602/172/379 599/539/377
f 599/539/377 602/172/379 181/174/169
f 603/451/169 478/437/165 604/540/380
f 604/540/380 478/437/165 605/541/381
f 478/437/165 606/435/165 605/541/381
f 606/435/165 463/422/165 605/541/381
f 605/541/381 463/422/165 607/542/382
f 463/422/165 608/421/383 607/542/382
f 604/540/380 605/541/381 609/543/384
f 605/541/381 607/542/382 609/543/384
f 609/543/384 607/542/382 610/544/385
f 607/542/382 611/545/368 610/544/385
f 611/545/368 612/546/386 610/544/385
f 612/546/386 613/547/387 610/544/385
f 610/544/385 613/547/387 614/548/388
f 613/547/387 615/549/389 614/548/388
f 607/542/382 616/421/175 611/545/368
f 610/544/385 614/548/388 609/543/384
f 609/543/384 614/548/388 617/550/390
f 617/550/390 614/548/388 618/551/391
f 614/548/388 619/549/389 618/551/391
f 618/551/391 619/549/389 620/552/392
f 619/549/389 621/553/393 620/552/392
f 620/552/392 621/553/393 622/554/394
f 621/553/393 623/555/395 622/554/394
f 623/555/395 624/556/396 622/554/394
f 624/556/396 625/557/397 622/554/394
f 625/557/397 626/558/398 622/554/394
f 622/554/394 626/558/398 620/552/392
f 626/558/398 627/559/399 620/552/392
f 620/552/392 627/559/399 618/551/391
f 627/559/399 628/560/398 618/551/391
f 618/551/391 628/560/398 617/550/390
f 628/560/398 629/561/400 617/550/390
f 617/550/390 629/561/400 630/562/401
f 629/561/400 631/563/402 630/562/401
f 630/562/401 631/563/402 632/564/403
f 631/563/402 633/565/153 632/564/403
f 632/564/403 633/565/153 634/566/404
f 633/565/153 635/567/405 634/566/404
f 634/566/404 635/567/405 636/568/406
f 635/567/405 637/569/407 636/568/406
f 617/550/390 630/562/401 609/543/384
f 609/543/384 630/562/401 638/570/408
f 630/562/401 632/564/403 638/570/408
f 638/570/408 632/564/403 639/483/409
f 632/564/403 634/566/404 639/483/409
f 639/483/409 634/566/404 640/484/321
f 634/566/404 636/568/406 640/484/321
f 640/484/321 636/568/406 641/486/323
f 641/486/323 636/568/406 642/571/410
f 636/568/406 637/569/407 642/571/410
f 642/571/410 637/569/407 643/572/411
f 643/572/412 645/573/413 644/571/414
f 644/571/414 645/573/413 646/574/415
f 645/573/413 647/575/416 646/574/415
f 646/574/415 647/575/416 648/576/417
f 647/575/416 649/577/418 648/576/417
f 649/577/418 650/578/419 648/576/417
f 648/576/417 650/578/419 651/579/420
f 651/579/420 650/578/419 652/580/421
f 650/578/419 653/581/422 652/580/421
f 652/580/421 653/581/422 654/582/423
f 644/571/414 646/574/415 530/486/323
f 530/486/323 646/574/415 655/583/424
f 646/574/415 648/576/417 655/583/424
f 655/583/424 648/576/417 651/579/420
f 649/577/418 656/584/140 650/578/419
f 650/578/419 656/584/140 653/581/422
f 656/584/140 657/585/425 653/581/422
f 653/581/422 657/585/425 658/586/426
f 658/586/426 657/585/425 659/587/427
f 659/587/427 657/585/425 660/588/428
f 657/585/425 661/589/429 660/588/428
f 661/589/429 662/590/430 660/588/428
f 660/588/428 662/590/430 663/591/431
f 662/590/430 664/592/432 663/591/431
f 663/591/431 664/592/432 665/593/433
f 664/592/432 666/594/434 665/593/433
f 665/593/433 666/594/434 667/595/435
f 666/594/434 668/596/436 667/595/435
f 657/585/425 656/584/140 661/589/429
f 658/586/426 669/582/437 653/581/422
f 659/587/427 660/588/428 670/597/438
f 660/588/428 663/591/431 670/597/438
f 670/597/438 663/591/431 671/598/439
f 663/591/431 665/593/433 671/598/439
f 671/598/439 665/593/433 672/599/440
f 665/593/433 667/595/435 672/599/440
f 672/599/440 667/595/435 673/600/441
f 667/595/435 674/601/442 673/600/441
f 673/600/441 674/601/442 675/602/443
f 674/601/442 676/603/444 675/602/443
f 675/602/443 676/603/444 677/604/445
f 677/604/445 676/603/444 678/605/446
f 676/603/444 679/606/447 678/605/446
f 679/606/447 680/607/448 678/605/446
f 678/605/446 680/607/448 681/608/449
f 680/607/448 682/609/450 681/608/449
f 667/595/435 668/596/436 674/601/442
f 668/596/436 683/610/451 674/601/442
f 674/601/442 683/610/451 676/603/444
f 683/610/451 679/606/447 676/603/444
f 677/604/445 678/605/446 684/611/452
f 678/605/446 681/608/449 684/611/452
f 684/611/452 681/608/449 685/612/453
f 681/608/449 686/613/454 685/612/453
f 685/612/453 686/613/454 687/614/455
f 686/613/454 688/615/456 687/614/455
f 687/614/455 688/615/456 689/616/457
f 689/616/457 688/615/456 690/617/458
f 688/615/456 691/618/278 690/617/458
f 691/618/278 692/619/459 690/617/458
f 690/617/458 692/619/459 693/620/460
f 692/619/459 694/621/461 693/620/460
f 681/608/449 682/609/450 686/613/454
f 682/609/450 695/622/462 686/613/454
f 686/613/454 695/622/462 688/615/456
f 695/622/462 691/618/278 688/615/456
f 696/612/463 687/614/455 697/623/464
f 687/614/455 698/624/465 697/623/464
f 697/623/464 698/624/465 699/625/466
f 699/625/466 698/624/465 700/626/467
f 698/624/465 701/627/468 700/626/467
f 700/626/467 701/627/468 702/628/469
f 701/627/468 693/620/460 702/628/469
f 702/628/469 693/620/460 703/629/470
f 693/620/460 694/621/461 703/629/470
f 694/621/461 704/630/471 703/629/470
f 704/630/471 705/631/472 703/629/470
f 703/629/470 705/631/472 706/632/473
f 706/632/473 705/631/472 707/633/474
f 707/633/474 705/631/472 708/634/475
f 705/631/472 709/635/476 708/634/475
f 708/634/475 709/635/476 710/636/477
f 693/620/460 701/627/468 690/617/458
f 690/617/458 701/627/468 689/616/457
f 701/627/468 698/624/465 689/616/457
f 689/616/457 698/624/465 687/614/455
f 706/632/473 702/628/469 703/629/470
f 705/631/472 704/630/471 709/635/476
f 710/636/478 712/637/479 711/634/480
f 711/634/480 712/637/479 713/638/481
f 712/637/479 714/639/482 713/638/481
f 713/638/481 714/639/482 715/640/483
f 714/639/482 716/641/484 715/640/483
f 715/640/483 716/641/484 717/642/485
f 716/641/484 544/500/332 717/642/485
f 544/500/332 718/499/331 717/642/485
f 717/642/485 718/499/331 719/643/486
f 718/499/331 550/494/326 719/643/486
f 711/634/480 713/638/481 720/633/487
f 720/633/487 713/638/481 721/644/488
f 713/638/481 715/640/483 721/644/488
f 721/644/488 715/640/483 722/645/489
f 715/640/483 717/642/485 722/645/489
f 722/645/489 717/642/485 719/643/486
f 723/646/305 725/647/490 724/648/491
f 724/648/491 725/647/490 726/649/492
f 725/647/490 727/650/493 726/649/492
f 726/649/492 727/650/493 728/651/494
f 727/650/493 729/652/495 728/651/494
f 729/652/495 730/653/496 728/651/494
f 730/653/496 731/654/497 728/651/494
f 731/654/497 732/655/498 728/651/494
f 728/651/494 732/655/498 726/649/492
f 732/655/498 733/443/499 726/649/492
f 726/649/492 733/443/499 724/648/491
f 729/652/495 727/650/493 734/656/500
f 727/650/493 735/657/501 734/656/500
f 734/656/500 735/657/501 736/658/502
f 735/657/501 737/659/501 736/658/502
f 736/658/502 737/659/501 738/660/503
f 738/660/503 737/659/501 739/661/504
f 737/659/501 740/662/505 739/661/504
f 739/661/504 740/662/505 741/663/506
f 740/662/505 742/664/507 741/663/506
f 742/664/507 743/665/507 741/663/506
f 741/663/506 743/665/507 744/666/508
f 743/665/507 745/667/187 744/666/508
f 744/666/508 283/264/193 741/663/506
f 741/663/506 283/264/193 739/661/504
f 283/264/193 285/266/195 739/661/504
f 739/661/504 285/266/195 738/660/503
f 285/266/195 746/668/509 738/660/503
f 746/668/509 747/669/510 738/660/503
f 738/660/503 747/669/510 736/658/502
f 747/669/510 748/670/243 736/658/502
f 736/658/502 748/670/243 734/656/500
f 748/670/243 749/671/511 734/656/500
f 734/656/500 749/671/511 729/652/495
f 749/671/511 750/672/512 729/652/495
f 729/652/495 750/672/512 730/653/496
f 750/672/512 751/673/513 730/653/496
f 730/653/496 751/673/513 752/674/514
f 751/673/513 753/675/515 752/674/514
f 752/674/514 753/675/515 754/676/516
f 753/675/515 755/677/517 754/676/516
f 755/677/517 756/678/518 754/676/516
f 754/676/516 756/678/518 757/679/519
f 757/679/519 756/678/518 758/680/520
f 758/680/520 756/678/518 759/681/521
f 759/681/521 756/678/518 760/682/522
f 756/678/518 755/677/517 760/682/522
f 285/266/195 286/267/196 746/668/509
f 730/653/496 752/674/514 731/654/497
f 731/654/497 752/674/514 761/683/523
f 752/674/514 754/676/516 761/683/523
f 761/683/523 754/676/516 757/679/519
f 758/680/520 759/681/521 762/684/524
f 762/684/524 759/681/521 763/685/525
f 759/681/521 764/686/526 763/685/525
f 764/686/526 765/687/527 763/685/525
f 765/687/527 766/688/528 763/685/525
f 763/685/525 766/688/528 767/689/529
f 766/688/528 768/690/530 767/689/529
f 767/689/529 768/690/530 769/691/531
f 768/690/530 770/692/532 769/691/531
f 770/692/532 771/693/533 769/691/531
f 769/691/531 771/693/533 772/694/534
f 772/694/534 771/693/533 773/695/535
f 771/693/533 774/696/536 773/695/535
f 773/695/535 774/696/536 775/697/537
f 759/681/521 760/682/522 764/686/526
f 763/685/525 767/689/529 776/684/524
f 776/684/524 767/689/529 777/698/538
f 767/689/529 769/691/531 777/698/538
f 777/698/538 769/691/531 772/694/534
f 774/696/536 771/693/533 778/699/539
f 778/699/539 771/693/533 770/692/532
f 779/697/537 781/696/536 780/700/540
f 780/700/540 781/696/536 782/701/541
f 781/696/536 778/699/539 782/701/541
f 778/699/539 783/702/271 782/701/541
f 782/701/541 783/702/271 784/703/542
f 783/702/271 785/704/271 784/703/542
f 784/703/542 785/704/271 786/705/543
f 785/704/271 787/706/544 786/705/543
f 786/705/543 787/706/544 788/707/545
f 787/706/544 789/708/546 788/707/545
f 788/707/545 789/708/546 790/709/547
f 789/708/546 791/710/548 790/709/547
f 780/700/540 782/701/541 792/711/549
f 782/701/541 784/703/542 792/711/549
f 792/711/549 784/703/542 793/712/550
f 784/703/542 786/705/543 793/712/550
f 793/712/550 786/705/543 794/713/551
f 786/705/543 788/707/545 794/713/551
f 794/713/551 788/707/545 795/714/552
f 788/707/545 790/709/547 795/714/552
f 795/714/552 790/709/547 796/715/553
f 790/709/547 797/716/554 796/715/553
f 796/715/553 797/716/554 798/717/555
f 797/716/554 799/718/556 798/717/555
f 798/717/555 799/718/556 800/719/557
f 799/718/556 801/720/558 800/719/557
f 800/719/557 801/720/558 802/721/559
f 802/721/559 801/720/558 803/722/560
f 801/720/558 804/723/561 803/722/560
f 804/723/561 805/724/562 803/722/560
f 803/722/560 805/724/562 806/725/563
f 805/724/562 807/726/564 806/725/563
f 790/709/547 791/710/548 797/716/554
f 791/710/548 808/727/565 797/716/554
f 797/716/554 808/727/565 799/718/556
f 808/727/565 809/728/566 799/718/556
f 799/718/556 809/728/566 801/720/558
f 809/728/566 804/723/561 801/720/558
f 802/721/559 803/722/560 810/729/567
f 803/722/560 806/725/563 810/729/567
f 810/729/567 806/725/563 811/730/568
f 806/725/563 812/731/569 811/730/568
f 811/730/568 812/731/569 813/732/570
f 813/732/570 812/731/569 814/733/571
f 812/731/569 815/734/572 814/733/571
f 815/734/572 816/735/573 814/733/571
f 814/733/571 816/735/573 817/736/574
f 816/735/573 818/737/575 817/736/574
f 806/725/563 807/726/564 812/731/569
f 807/726/564 815/734/572 812/731/569
f 819/729/567 820/730/576 821/738/577
f 820/730/576 822/739/578 821/738/577
f 821/738/577 822/739/578 823/740/579
f 823/740/579 822/739/578 824/741/580
f 822/739/578 825/742/581 824/741/580
f 824/741/580 825/742/581 826/743/582
f 825/742/581 817/736/574 826/743/582
f 826/743/582 817/736/574 827/744/583
f 817/736/574 818/737/575 827/744/583
f 818/737/575 828/745/584 827/744/583
f 827/744/583 828/745/584 829/746/585
f 828/745/584 830/747/586 829/746/585
f 829/746/585 830/747/586 831/748/587
f 830/747/586 832/749/588 831/748/587
f 817/736/574 825/742/581 814/733/571
f 814/733/571 825/742/581 813/732/570
f 825/742/581 822/739/578 813/732/570
f 813/732/570 822/739/578 820/730/576
f 831/748/587 833/750/589 829/746/585
f 833/750/589 834/751/590 829/746/585
f 829/746/585 834/751/590 827/744/583
f 834/751/590 826/743/582 827/744/583
f 835/750/591 836/752/592 834/751/593
f 836/752/592 837/753/594 834/751/593
f 834/751/593 837/753/594 838/743/582
f 838/743/582 837/753/594 839/741/580
f 837/753/594 840/754/185 839/741/580
f 839/741/580 840/754/185 841/740/579
f 840/754/185 842/755/165 841/740/579
f 841/740/579 842/755/165 843/756/595
f 843/756/595 842/755/165 844/757/165
f 842/755/165 845/758/165 844/757/165
f 845/758/165 846/759/165 844/757/165
f 844/757/165 846/759/165 847/760/165
f 846/759/165 848/761/184 847/760/165
f 847/760/165 848/761/184 849/762/184
f 848/761/184 850/763/596 849/762/184
f 849/762/184 850/763/596 851/764/597
f 850/763/596 775/697/598 851/764/597
f 775/697/598 852/700/540 851/764/597
f 851/764/597 852/700/540 853/765/599
f 852/700/540 854/711/600 853/765/599
f 843/756/595 855/738/577 841/740/579
f 853/765/599 856/766/466 851/764/597
f 851/764/597 856/766/466 849/762/184
f 856/766/466 857/767/176 849/762/184
f 849/762/184 857/767/176 847/760/165
f 840/754/185 837/753/594 858/768/186
f 858/768/186 837/753/594 836/752/592
f 858/768/186 859/769/165 840/754/185
f 840/754/185 859/769/165 842/755/165
f 859/769/165 845/758/165 842/755/165
f 860/715/601 798/717/602 861/770/603
f 798/717/602 862/771/604 861/770/603
f 861/770/603 862/771/604 856/766/466
f 856/766/466 862/771/604 857/767/176
f 862/771/604 863/772/605 857/767/176
f 863/772/605 864/773/176 857/767/176
f 857/767/176 864/773/176 847/760/165
f 847/760/165 864/773/176 844/757/165
f 844/757/165 864/773/176 843/756/595
f 843/756/595 864/773/176 865/774/606
f 864/773/176 863/772/605 865/774/606
f 865/774/606 863/772/605 866/721/607
f 866/721/607 863/772/605 867/719/608
f 863/772/605 862/771/604 867/719/608
f 867/719/608 862/771/604 798/717/602
f 866/721/607 868/729/567 865/774/606
f 868/729/567 855/738/577 865/774/606
f 865/774/606 855/738/577 843/756/595
f 869/667/187 871/775/166 870/776/166
f 870/776/166 871/775/166 237/220/166
f 237/220/166 871/775/166 233/216/165
f 871/775/166 872/777/165 233/216/165
f 233/216/165 872/777/165 873/778/165
f 872/777/165 874/779/165 873/778/165
f 874/779/165 875/532/366 873/778/165
f 875/532/366 876/534/609 873/778/165
f 873/778/165 876/534/609 877/214/165
f 876/534/609 230/213/175 877/214/165
f 238/221/166 870/776/166 237/220/166
f 873/778/165 877/214/165 233/216/165
f 874/779/165 872/777/165 878/780/165
f 872/777/165 879/781/166 878/780/165
f 878/780/165 879/781/166 880/782/166
f 879/781/166 881/665/507 880/782/166
f 880/782/166 881/665/507 882/664/507
f 872/777/165 871/775/166 879/781/166
f 871/775/166 883/667/187 879/781/166
f 879/781/166 883/667/187 881/665/507
f 884/650/610 886/647/611 885/657/612
f 885/657/612 886/647/611 887/783/613
f 886/647/611 888/646/507 887/783/613
f 887/783/613 888/646/507 889/784/507
f 888/646/507 890/785/166 889/784/507
f 889/784/507 890/785/166 891/786/165
f 890/785/166 892/787/165 891/786/165
f 892/787/165 893/788/165 891/786/165
f 891/786/165 893/788/165 880/782/166
f 880/782/166 893/788/165 894/780/165
f 893/788/165 895/789/165 894/780/165
f 894/780/165 895/789/165 896/779/165
f 880/782/166 897/664/507 891/786/165
f 891/786/165 897/664/507 889/784/507
f 897/664/507 898/662/614 889/784/507
f 889/784/507 898/662/614 887/783/613
f 898/662/614 899/659/615 887/783/613
f 887/783/613 899/659/615 885/657/612
f 892/787/165 900/790/165 893/788/165
f 893/788/165 900/790/165 895/789/165
f 900/790/165 901/791/366 895/789/165
f 895/789/165 901/791/366 902/792/366
f 901/791/366 903/793/616 902/792/366
f 902/792/366 903/793/616 904/794/617
f 903/793/616 905/515/349 904/794/617
f 905/515/349 906/516/350 904/794/617
f 904/794/617 906/516/350 907/533/616
f 906/516/350 908/523/372 907/533/616
f 895/789/165 902/792/366 896/779/165
f 896/779/165 902/792/366 909/532/366
f 902/792/366 904/794/617 909/532/366
f 909/532/366 904/794/617 907/533/616
f 910/791/366 900/790/165 911/795/366
f 911/795/366 900/790/165 912/796/165
f 900/790/165 913/787/165 912/796/165
f 912/796/165 913/787/165 914/797/165
f 913/787/165 915/785/166 914/797/165
f 914/797/165 915/785/166 916/798/166
f 915/785/166 917/646/507 916/798/166
f 917/646/507 918/648/316 916/798/166
f 916/798/166 918/648/316 919/444/165
f 918/648/316 920/443/176 919/444/165
f 911/795/366 912/796/165 921/460/75
f 921/460/75 912/796/165 922/458/165
f 912/796/165 914/797/165 922/458/165
f 922/458/165 914/797/165 923/446/165
f 914/797/165 916/798/166 923/446/165
f 923/446/165 916/798/166 919/444/165
f 924/799/618 926/800/619 925/801/618
f 925/801/618 926/800/619 927/802/620
f 927/802/620 926/800/619 928/803/379
f 928/803/379 926/800/619 929/804/621
f 929/804/621 926/800/619 930/805/622
f 926/800/619 924/799/618 930/805/622
f 930/805/622 924/799/618 931/806/623
f 932/804/621 934/805/624 933/807/625
f 933/807/625 934/805/624 935/808/626
f 934/805/624 931/806/627 935/808/626
f 935/808/626 931/806/627 936/809/628
f 936/809/628 931/806/627 937/810/629
f 937/810/629 931/806/627 938/811/630
f 931/806/627 939/799/631 938/811/630
f 938/811/630 939/799/631 940/812/632
f 939/799/631 925/801/631 940/812/632
f 940/812/632 925/801/631 941/813/633
f 925/801/631 942/814/634 941/813/633
f 941/813/633 942/814/634 943/815/635
f 942/814/634 427/387/308 943/815/635
f 943/815/635 427/387/308 944/816/636
f 427/387/308 426/386/307 944/816/636
f 944/816/636 426/386/307 945/817/637
f 426/386/307 428/388/309 945/817/637
f 945/817/637 428/388/309 946/818/638
f 428/388/309 947/389/639 946/818/638
f 946/818/638 947/389/639 948/819/640
f 947/389/639 949/390/311 948/819/640
f 948/819/640 949/390/311 950/820/641
f 949/390/311 951/392/313 950/820/641
f 950/820/641 951/392/313 952/821/642
f 951/392/313 953/394/311 952/821/642
f 952/821/642 953/394/311 954/822/643
f 953/394/311 955/823/644 954/822/643
f 954/822/643 955/823/644 956/824/645
f 955/823/644 957/825/646 956/824/645
f 957/825/646 958/826/647 956/824/645
f 958/826/647 959/827/648 956/824/645
f 959/827/648 960/828/649 956/824/645
f 956/824/645 960/828/649 954/822/643
f 960/828/649 961/829/650 954/822/643
f 954/822/643 961/829/650 952/821/642
f 961/829/650 962/830/651 952/821/642
f 952/821/642 962/830/651 950/820/641
f 962/830/651 963/831/652 950/820/641
f 950/820/641 963/831/652 948/819/640
f 963/831/652 964/832/651 948/819/640
f 948/819/640 964/832/651 946/818/638
f 964/832/651 965/833/653 946/818/638
f 946/818/638 965/833/653 945/817/637
f 965/833/653 966/834/654 945/817/637
f 945/817/637 966/834/654 944/816/636
f 966/834/654 967/835/655 944/816/636
f 944/816/636 967/835/655 943/815/635
f 967/835/655 968/836/196 943/815/635
f 943/815/635 968/836/196 941/813/633
f 968/836/196 969/837/656 941/813/633
f 941/813/633 969/837/656 940/812/632
f 969/837/656 970/838/656 940/812/632
f 940/812/632 970/838/656 938/811/630
f 970/838/656 971/839/656 938/811/630
f 938/811/630 971/839/656 937/810/629
f 971/839/656 972/840/657 937/810/629
f 937/810/629 972/840/657 973/841/658
f 972/840/657 974/842/659 973/841/658
f 974/842/659 975/843/660 973/841/658
f 975/843/660 976/844/661 973/841/658
f 976/844/661 936/809/628 973/841/658
f 973/841/658 936/809/628 937/810/629
f 975/843/660 974/842/659 977/845/662
f 936/809/628 978/846/663 935/808/626
f 978/846/663 623/555/395 935/808/626
f 935/808/626 623/555/395 933/807/625
f 623/555/395 978/846/663 624/556/396
f 624/556/396 978/846/663 975/843/660
f 975/843/660 978/846/663 976/844/661
f 978/846/663 936/809/628 976/844/661
f 975/843/660 977/845/662 624/556/396
f 977/845/662 625/557/397 624/556/396
f 979/555/664 980/553/393 933/807/625
f 980/553/393 981/847/665 933/807/625
f 933/807/625 981/847/665 929/804/621
f 981/847/665 982/848/386 929/804/621
f 929/804/621 982/848/386 928/803/379
f 982/848/386 983/849/165 928/803/379
f 983/849/165 984/850/317 928/803/379
f 928/803/379 984/850/317 927/802/620
f 980/553/393 615/549/666 981/847/665
f 615/549/666 985/547/667 981/847/665
f 981/847/665 985/547/667 982/848/386
f 985/547/667 986/546/386 982/848/386
f 982/848/386 986/546/386 983/849/165
f 983/849/165 986/546/386 987/851/165
f 986/546/386 988/545/609 987/851/165
f 987/851/165 988/545/609 989/852/165
f 988/545/609 990/421/175 989/852/165
f 990/421/175 991/414/165 989/852/165
f 989/852/165 991/414/165 992/853/165
f 991/414/165 993/412/165 992/853/165
f 992/853/165 993/412/165 440/399/165
f 993/412/165 442/401/165 440/399/165
f 440/399/165 439/398/165 992/853/165
f 439/398/165 994/854/165 992/853/165
f 992/853/165 994/854/165 989/852/165
f 989/852/165 994/854/165 987/851/165
f 994/854/165 995/855/165 987/851/165
f 987/851/165 995/855/165 983/849/165
f 983/849/165 995/855/165 984/850/317
f 995/855/165 996/856/379 984/850/317
f 984/850/317 996/856/379 997/857/668
f 996/856/379 998/385/669 997/857/668
f 998/385/669 999/387/670 997/857/668
f 999/387/670 1000/814/671 997/857/668
f 997/857/668 1000/814/671 927/802/620
f 1000/814/671 925/801/618 927/802/620
f 439/398/165 438/397/165 994/854/165
f 994/854/165 438/397/165 995/855/165
f 995/855/165 438/397/165 996/856/379
f 438/397/165 437/384/305 996/856/379
f 996/856/379 437/384/305 998/385/669
f 984/850/317 997/857/668 927/802/620
f 1001/858/672 1002/859/673 1003/860/674
f 1003/860/674 1002/859/673 1004/861/165
f 1002/859/673 1005/862/675 1004/861/165
f 1004/861/165 1005/862/675 1006/863/676
f 1005/862/675 1007/864/677 1006/863/676
f 1006/863/676 1007/864/677 1008/865/170
f 1002/859/673 1001/858/672 29/28/678
f 29/28/678 1001/858/672 1009/38/679
f 29/28/678 1010/26/27 1002/859/673
f 1002/859/673 1010/26/27 1005/862/675
f 1010/26/27 1011/24/25 1005/862/675
f 1005/862/675 1011/24/25 1007/864/677
f 1011/24/25 1012/1/680 1007/864/677
f 1012/1/680 1013/3/681 1007/864/677
f 1007/864/677 1013/3/681 1008/865/170
f 1013/3/681 1014/5/5 1008/865/170
f 1014/5/5 1015/866/682 1016/865/170
f 1015/866/682 1017/867/165 1016/865/170
f 1016/865/170 1017/867/165 1018/863/170
f 1017/867/165 1019/868/165 1018/863/170
f 1018/863/170 1019/868/165 1020/861/165
f 1019/868/165 1021/869/165 1020/861/165
f 1020/861/165 1021/869/165 1022/860/683
f 1014/5/5 1023/870/684 1015/866/682
f 1015/866/682 1023/870/684 1024/871/685
f 1024/871/685 1023/870/684 1025/13/686
f 1025/13/686 1023/870/684 1026/11/11
f 1026/11/11 1023/870/684 6/6/6
f 1023/870/684 1014/5/5 6/6/6
f 1024/871/685 1027/872/682 1015/866/682
f 1015/866/682 1027/872/682 1017/867/165
f 1027/872/682 1028/873/165 1017/867/165
f 1017/867/165 1028/873/165 1019/868/165
f 1028/873/165 1029/874/165 1019/868/165
f 1019/868/165 1029/874/165 1021/869/165
f 1029/874/165 1030/875/165 1021/869/165
f 1021/869/165 1030/875/165 1031/876/687
f 1030/875/165 1032/877/366 1031/876/687
f 1032/877/366 1033/878/688 1031/876/687
f 1031/876/687 1033/878/688 1034/879/689
f 1034/879/689 1033/878/688 1035/47/690
f 1035/47/690 1033/878/688 55/54/54
f 1033/878/688 1036/880/691 55/54/54
f 55/54/54 1036/880/691 1037/55/55
f 1026/11/11 6/6/6 1038/8/686
f 1021/869/165 1031/876/687 1022/860/683
f 1031/876/687 1034/879/689 1022/860/683
f 1032/877/366 1036/880/691 1033/878/688
f 1022/860/683 1040/879/692 1039/858/672
f 1039/858/672 1040/879/692 1041/881/693
f 1040/879/692 1042/47/690 1041/881/693
f 1042/47/690 1043/46/47 1041/881/693
f 1041/881/693 1043/46/47 1044/39/694
f 1043/46/47 54/53/53 1044/39/694
f 1039/858/672 1041/881/693 1009/38/695
f 1041/881/693 1044/39/694 1009/38/695
f 1045/55/55 1046/880/691 1047/57/696
f 1046/880/691 1048/882/697 1047/57/696
f 1047/57/696 1048/882/697 68/67/698
f 68/67/698 1048/882/697 1049/883/699
f 1048/882/697 1050/884/366 1049/883/699
f 1049/883/699 1050/884/366 1051/885/75
f 1046/880/691 1032/877/366 1048/882/697
f 1048/882/697 1032/877/366 1050/884/366
f 68/67/700 1053/883/699 1052/74/701
f 1052/74/701 1053/883/699 1054/886/702
f 1053/883/699 1055/885/341 1054/886/702
f 1055/885/341 1056/887/165 1054/886/702
f 1054/886/702 1056/887/165 1057/189/165
f 1056/887/165 205/191/165 1057/189/165
f 1052/74/701 1054/886/702 201/75/341
f 1054/886/702 1057/189/165 201/75/341
f 1058/885/75 1059/888/165 1060/887/165
f 1059/888/165 1061/889/165 1060/887/165
f 1060/887/165 1061/889/165 205/191/165
f 205/191/165 1061/889/165 207/193/165
f 1061/889/165 1062/890/165 207/193/165
f 207/193/165 1062/890/165 220/203/165
f 1062/890/165 1063/891/165 220/203/165
f 220/203/165 1063/891/165 221/204/165
f 1063/891/165 1064/892/166 221/204/165
f 221/204/165 1064/892/166 242/225/166
f 1059/888/165 1065/893/165 1061/889/165
f 1061/889/165 1065/893/165 1062/890/165
f 1065/893/165 1066/894/165 1062/890/165
f 1062/890/165 1066/894/165 1063/891/165
f 1066/894/165 1067/895/176 1063/891/165
f 1063/891/165 1067/895/176 1064/892/166
f 1067/895/176 1069/894/165 1068/896/507
f 1068/896/507 1069/894/165 1070/897/166
f 1069/894/165 1071/893/165 1070/897/166
f 1070/897/166 1071/893/165 1072/898/165
f 1071/893/165 1073/888/165 1072/898/165
f 1072/898/165 1073/888/165 1074/899/165
f 1073/888/165 1075/885/75 1074/899/165
f 1075/885/75 1076/884/366 1074/899/165
f 1074/899/165 1076/884/366 1077/875/165
f 1076/884/366 1078/877/366 1077/875/165
f 1068/896/507 1070/897/166 1079/872/507
f 1079/872/507 1070/897/166 1080/873/165
f 1070/897/166 1072/898/165 1080/873/165
f 1080/873/165 1072/898/165 1029/874/165
f 1072/898/165 1074/899/165 1029/874/165
f 1029/874/165 1074/899/165 1077/875/165
f 1081/900/165 1083/379/165 1082/901/165
f 1082/901/165 1083/379/165 1084/380/165
f 1083/379/165 1081/900/165 1085/378/165
f 1081/900/165 1086/902/185 1085/378/165
f 1085/378/165 1086/902/185 1087/377/185
f 1086/902/185 1088/903/703 1087/377/185
f 1087/377/185 1088/903/703 1089/376/300
f 1088/903/703 1090/291/223 1089/376/300
f 1089/376/300 1090/291/223 1091/283/222
f 1090/291/223 1088/903/703 1092/293/704
f 1092/293/704 1088/903/703 1093/301/233
f 1088/903/703 1086/902/185 1093/301/233
f 1093/301/233 1086/902/185 1094/303/579
f 1086/902/185 1081/900/165 1094/303/579
f 1094/303/579 1081/900/165 1095/904/705
f 1081/900/165 1082/901/165 1095/904/705
f 1094/303/579 1095/904/705 1096/304/236
f 1095/904/705 1097/905/706 1096/304/236
f 1096/304/236 1097/905/706 328/306/238
f 328/306/238 1097/905/706 1098/318/251
f 1097/905/706 1099/906/707 1098/318/251
f 1098/318/251 1099/906/707 343/319/708
f 1099/906/707 1097/905/706 1100/907/709
f 1097/905/706 1095/904/705 1100/907/709
f 1095/904/705 1082/901/165 1100/907/709
f 1100/907/709 1082/901/165 1101/908/165
f 1082/901/165 1084/380/165 1101/908/165
f 1084/380/165 1102/381/184 1101/908/165
f 1101/908/165 1102/381/184 1103/909/184
f 1102/381/184 1104/368/296 1103/909/184
f 1103/909/184 1104/368/296 1105/910/710
f 1104/368/296 1106/338/270 1105/910/710
f 1106/338/270 1107/336/711 1105/910/710
f 1105/910/710 1107/336/711 1108/911/712
f 1107/336/711 358/334/713 1108/911/712
f 1108/911/712 1109/912/714 1105/910/710
f 1105/910/710 1109/912/714 1103/909/184
f 1109/912/714 1110/913/176 1103/909/184
f 1103/909/184 1110/913/176 1101/908/165
f 1101/908/165 1110/913/176 1100/907/709
f 1100/907/709 1110/913/176 1099/906/707
f 1110/913/176 1111/914/715 1099/906/707
f 1099/906/707 1111/914/715 343/319/708
f 343/319/708 1111/914/715 1112/320/716
f 1111/914/715 1113/915/717 1112/320/716
f 1112/320/716 1113/915/717 1114/322/718
f 1110/913/176 1109/912/714 1111/914/715
f 1111/914/715 1109/912/714 1113/915/717
f 1115/912/714 1108/911/712 1116/915/717
f 1116/915/717 1108/911/712 1117/916/719
f 1108/911/712 1118/334/713 1117/916/719
f 1118/334/713 1119/332/720 1117/916/719
f 1117/916/719 1119/332/720 1120/324/257
f 1119/332/720 355/331/721 1120/324/257
f 1116/915/717 1117/916/719 1121/322/718
f 1117/916/719 1120/324/257 1121/322/718
f 1122/917/165 1123/918/165 1124/919/165
f 1123/918/165 1125/920/165 1124/919/165
f 1123/918/165 1122/917/165 1126/921/165
f 1122/917/165 1127/922/170 1126/921/165
f 1126/921/165 1127/922/170 1128/923/170
f 1127/922/170 1129/924/722 1128/923/170
f 1128/923/170 1129/924/722 1130/925/723
f 1129/924/722 1131/100/100 1130/925/723
f 1130/925/723 1131/100/100 1132/87/724
f 1131/100/100 1129/924/722 103/101/100
f 103/101/100 1129/924/722 1133/105/725
f 1129/924/722 1127/922/170 1133/105/725
f 1133/105/725 1127/922/170 1134/103/103
f 1127/922/170 1122/917/165 1134/103/103
f 1134/103/103 1122/917/165 1135/926/726
f 1122/917/165 1124/919/165 1135/926/726
f 1134/103/103 1135/926/726 1136/109/109
f 1135/926/726 1137/927/727 1136/109/109
f 1136/109/109 1137/927/727 113/111/111
f 113/111/111 1137/927/727 1138/114/115
f 1137/927/727 1139/928/728 1138/114/115
f 1138/114/115 1139/928/728 1140/116/117
f 1139/928/728 1137/927/727 1141/929/729
f 1137/927/727 1135/926/726 1141/929/729
f 1135/926/726 1124/919/165 1141/929/729
f 1141/929/729 1124/919/165 1142/930/165
f 1124/919/165 1125/920/165 1142/930/165
f 1125/920/165 1143/931/730 1142/930/165
f 1142/930/165 1143/931/730 1144/932/731
f 1143/931/730 1145/933/732 1144/932/731
f 1144/932/731 1145/933/732 1146/934/733
f 1145/933/732 159/142/143 1146/934/733
f 159/142/143 1147/137/734 1146/934/733
f 1146/934/733 1147/137/734 1148/935/735
f 1147/137/734 1149/135/736 1148/935/735
f 1148/935/735 1150/936/737 1146/934/733
f 1146/934/733 1150/936/737 1144/932/731
f 1150/936/737 1151/937/738 1144/932/731
f 1144/932/731 1151/937/738 1142/930/165
f 1142/930/165 1151/937/738 1141/929/729
f 1141/929/729 1151/937/738 1139/928/728
f 1151/937/738 1152/938/739 1139/928/728
f 1139/928/728 1152/938/739 1140/116/117
f 1140/116/117 1152/938/739 1153/121/740
f 1152/938/739 1154/939/741 1153/121/740
f 1153/121/740 1154/939/741 1155/123/124
f 1151/937/738 1150/936/737 1152/938/739
f 1152/938/739 1150/936/737 1154/939/741
f 1156/936/742 1148/935/735 1157/939/741
f 1157/939/741 1148/935/735 1158/940/743
f 1148/935/735 1149/135/736 1158/940/743
f 1149/135/736 1159/133/744 1158/940/743
f 1158/940/743 1159/133/744 1160/130/745
f 1159/133/744 135/131/746 1160/130/745
f 1157/939/741 1158/940/743 127/123/124
f 1158/940/743 1160/130/745 127/123/124
f 1161/941/165 1162/942/165 1163/943/165
f 1162/942/165 1164/944/165 1163/943/165
f 1162/942/165 1161/941/165 1165/945/165
f 1161/941/165 1166/946/676 1165/945/165
f 1165/945/165 1166/946/676 1167/947/170
f 1166/946/676 1168/948/747 1167/947/170
f 1167/947/170 1168/948/747 1169/949/748
f 1168/948/747 1170/632/749 1169/949/748
f 1169/949/748 1170/632/749 1171/633/750
f 1170/632/749 1168/948/747 1172/628/751
f 1172/628/751 1168/948/747 700/626/467
f 1168/948/747 1166/946/676 700/626/467
f 700/626/467 1166/946/676 1173/625/466
f 1166/946/676 1161/941/165 1173/625/466
f 1173/625/466 1161/941/165 1174/950/752
f 1161/941/165 1163/943/165 1174/950/752
f 1173/625/466 1174/950/752 1175/623/753
f 1174/950/752 1176/951/754 1175/623/753
f 1175/623/753 1176/951/754 1177/612/463
f 1177/612/463 1176/951/754 684/611/755
f 1176/951/754 1178/952/756 684/611/755
f 684/611/755 1178/952/756 1179/604/445
f 1178/952/756 1176/951/754 1180/953/75
f 1176/951/754 1174/950/752 1180/953/75
f 1174/950/752 1163/943/165 1180/953/75
f 1180/953/75 1163/943/165 1181/954/165
f 1163/943/165 1164/944/165 1181/954/165
f 1164/944/165 1182/955/730 1181/954/165
f 1182/955/730 1183/956/731 1181/954/165
f 1183/956/731 1184/957/341 1181/954/165
f 1181/954/165 1184/957/341 1180/953/75
f 1180/953/75 1184/957/341 1178/952/756
f 1184/957/341 1185/958/757 1178/952/756
f 1178/952/756 1185/958/757 1179/604/445
f 1179/604/445 1185/958/757 1186/602/758
f 1185/958/757 1187/959/759 1186/602/758
f 1186/602/758 1187/959/759 673/600/441
f 1187/959/759 1185/958/757 1188/960/621
f 1185/958/757 1184/957/341 1188/960/621
f 1184/957/341 1183/956/731 1188/960/621
f 1188/960/621 1183/956/731 1189/961/760
f 1183/956/731 1190/962/761 1189/961/760
f 1190/962/761 1191/582/437 1189/961/760
f 1191/582/437 1192/586/426 1189/961/760
f 1189/961/760 1192/586/426 1193/963/762
f 1192/586/426 1194/587/763 1193/963/762
f 1189/961/760 1193/963/762 1188/960/621
f 1190/962/761 1183/956/731 1182/955/730
f 1182/955/731 1195/944/165 1196/964/165
f 1196/964/165 1195/944/165 1197/965/165
f 1195/944/165 1198/942/165 1197/965/165
f 1197/965/165 1198/942/165 1199/966/165
f 1198/942/165 1200/945/165 1199/966/165
f 1199/966/165 1200/945/165 1201/967/170
f 1200/945/165 1202/947/170 1201/967/170
f 1201/967/170 1202/947/170 1203/968/764
f 1202/947/170 1204/949/748 1203/968/764
f 1203/968/764 1204/949/748 1205/644/488
f 1204/949/748 1171/633/750 1205/644/488
f 1205/644/488 1206/645/765 1203/968/764
f 1206/645/765 1207/969/766 1203/968/764
f 1203/968/764 1207/969/766 1201/967/170
f 1206/645/765 1208/643/767 1207/969/766
f 1207/969/766 1208/643/767 1209/970/768
f 1208/643/767 1210/494/326 1209/970/768
f 1210/494/326 1211/492/324 1209/970/768
f 1209/970/768 1211/492/324 1212/971/676
f 1211/492/324 1213/491/769 1212/971/676
f 1212/971/676 1213/491/769 1214/972/165
f 1213/491/769 1215/490/165 1214/972/165
f 1214/972/165 1215/490/165 1216/973/165
f 1215/490/165 1217/489/165 1216/973/165
f 1216/973/165 1217/489/165 1218/974/165
f 1217/489/165 1219/488/165 1218/974/165
f 1218/974/165 1219/488/165 1220/975/164
f 1219/488/165 1221/487/168 1220/975/164
f 1220/975/164 1221/487/168 1222/976/770
f 1221/487/168 1223/485/322 1222/976/770
f 1222/976/770 1223/485/322 1224/583/424
f 1223/485/322 1225/486/323 1224/583/424
f 1224/583/424 1226/579/420 1222/976/770
f 1226/579/420 1227/977/771 1222/976/770
f 1222/976/770 1227/977/771 1220/975/164
f 1227/977/771 1228/978/169 1220/975/164
f 1220/975/164 1228/978/169 1218/974/165
f 1228/978/169 1229/979/165 1218/974/165
f 1218/974/165 1229/979/165 1216/973/165
f 1229/979/165 1230/980/165 1216/973/165
f 1216/973/165 1230/980/165 1214/972/165
f 1230/980/165 1231/981/165 1214/972/165
f 1214/972/165 1231/981/165 1212/971/676
f 1231/981/165 1232/982/676 1212/971/676
f 1212/971/676 1232/982/676 1209/970/768
f 1209/970/768 1232/982/676 1207/969/766
f 1207/969/766 1232/982/676 1201/967/170
f 1201/967/170 1232/982/676 1199/966/165
f 1232/982/676 1231/981/165 1199/966/165
f 1199/966/165 1231/981/165 1197/965/165
f 1231/981/165 1230/980/165 1197/965/165
f 1197/965/165 1230/980/165 1196/964/165
f 1230/980/165 1229/979/165 1196/964/165
f 1196/964/165 1229/979/165 1233/983/731
f 1229/979/165 1228/978/169 1233/983/731
f 1233/983/731 1228/978/169 1234/984/772
f 1228/978/169 1227/977/771 1234/984/772
f 1234/984/772 1227/977/771 1235/580/773
f 1227/977/771 1226/579/420 1235/580/773
f 1196/964/165 1233/983/731 1182/955/731
f 1182/955/731 1233/983/731 1236/962/761
f 1233/983/731 1234/984/772 1236/962/761
f 1236/962/761 1234/984/772 1237/582/423
f 1234/984/772 1235/580/773 1237/582/423
f 1238/985/185 1239/986/774 1240/987/186
f 1239/986/774 1241/988/775 1240/987/186
f 1240/987/186 1241/988/775 1242/411/190
f 1242/411/190 1241/988/775 1243/989/776
f 1241/988/775 1244/990/777 1243/989/776
f 1243/989/776 1244/990/777 957/825/646
f 1244/990/777 958/826/647 957/825/646
f 1239/986/774 1245/991/778 1241/988/775
f 1245/991/778 1244/990/777 1241/988/775
f 446/405/166 1246/409/166 1247/403/779
f 1246/409/166 1248/992/780 1247/403/779
f 1247/403/779 1248/992/780 1249/402/187
f 1248/992/780 1250/993/781 1249/402/187
f 1249/402/187 1250/993/781 1251/994/782
f 1250/993/781 1252/823/644 1251/994/782
f 1252/823/644 434/394/783 1251/994/782
f 434/394/783 1253/393/314 1251/994/782
f 1251/994/782 1253/393/314 1254/400/705
f 1253/393/314 1255/395/784 1254/400/705
f 1252/823/644 1250/993/781 957/825/646
f 957/825/646 1250/993/781 1243/989/776
f 1250/993/781 1248/992/780 1243/989/776
f 1243/989/776 1248/992/780 1256/411/190
f 1248/992/780 1246/409/166 1256/411/190
f 1249/402/187 1251/994/782 1254/400/705
f 959/827/648 958/826/647 1257/995/785
f 1257/995/785 958/826/647 1258/996/786
f 958/826/647 1244/990/777 1258/996/786
f 1244/990/777 1245/991/778 1258/996/786
f 1258/996/786 1245/991/778 1259/997/786
f 1245/991/778 1260/998/787 1259/997/786
f 1259/997/786 1260/998/787 1261/999/788
f 1260/998/787 1262/1000/789 1261/999/788
f 1257/995/785 1258/996/786 1263/1001/785
f 1258/996/786 1259/997/786 1263/1001/785
f 1263/1001/785 1259/997/786 1264/1002/656
f 1259/997/786 1261/999/788 1264/1002/656
f 1264/1002/656 1261/999/788 1265/1003/790
f 1261/999/788 1266/1004/791 1265/1003/790
f 1266/1004/791 1267/1005/792 1265/1003/790
f 1265/1003/790 1267/1005/792 1268/1006/793
f 1267/1005/792 1269/1007/794 1268/1006/793
f 1268/1006/793 1269/1007/794 1270/1008/795
f 1269/1007/794 1271/750/796 1270/1008/795
f 1271/750/796 1272/748/587 1270/1008/795
f 1270/1008/795 1272/748/587 1273/1009/797
f 1272/748/587 832/749/588 1273/1009/797
f 1264/1002/656 1265/1003/790 1274/1010/798
f 1265/1003/790 1268/1006/793 1274/1010/798
f 1274/1010/798 1268/1006/793 1275/1011/799
f 1268/1006/793 1270/1008/795 1275/1011/799
f 1275/1011/799 1270/1008/795 1273/1009/797
f 1266/1004/791 1261/999/788 1262/1000/789
f 1245/991/778 1239/986/774 1276/998/787
f 1239/986/774 1277/1012/292 1276/998/787
f 1276/998/787 1277/1012/292 1262/1000/789
f 1262/1000/789 1277/1012/292 1278/1013/292
f 1277/1012/292 1279/1014/185 1278/1013/292
f 1278/1013/292 1279/1014/185 1280/1015/800
f 1279/1014/185 1281/1016/165 1280/1015/800
f 1280/1015/800 1281/1016/165 1282/1017/165
f 1239/986/774 1283/985/185 1277/1012/292
f 1277/1012/292 1283/985/185 1279/1014/185
f 1283/985/185 1284/1018/165 1279/1014/185
f 1279/1014/185 1284/1018/165 1281/1016/165
f 1285/411/187 451/410/165 1286/987/186
f 1286/987/186 451/410/165 1287/1019/165
f 451/410/165 456/415/165 1287/1019/165
f 1287/1019/165 456/415/165 1288/1020/165
f 456/415/165 1289/430/165 1288/1020/165
f 1288/1020/165 1289/430/165 1290/1021/165
f 1289/430/165 470/429/170 1290/1021/165
f 470/429/170 1291/1022/171 1290/1021/165
f 1290/1021/165 1291/1022/171 1292/1023/165
f 1291/1022/171 1293/1024/801 1292/1023/165
f 1286/987/186 1287/1019/165 1283/985/185
f 1283/985/185 1287/1019/165 1284/1018/165
f 1287/1019/165 1288/1020/165 1284/1018/165
f 1284/1018/165 1288/1020/165 1294/1025/165
f 1288/1020/165 1290/1021/165 1294/1025/165
f 1290/1021/165 1292/1023/165 1294/1025/165
f 1294/1025/165 1292/1023/165 1295/1026/165
f 1292/1023/165 1296/1027/165 1295/1026/165
f 1296/1027/165 1297/1028/165 1295/1026/165
f 1297/1028/165 1282/1017/165 1295/1026/165
f 1282/1017/165 1281/1016/165 1295/1026/165
f 1295/1026/165 1281/1016/165 1294/1025/165
f 1281/1016/165 1284/1018/165 1294/1025/165
f 1292/1023/165 1293/1024/801 1296/1027/165
f 1296/1027/165 1293/1024/801 1298/1029/184
f 1293/1024/801 1299/1030/179 1298/1029/184
f 1298/1029/184 1299/1030/179 1300/1031/802
f 1299/1030/179 1301/679/803 1300/1031/802
f 1301/679/803 1302/680/804 1300/1031/802
f 1300/1031/802 1302/680/804 1303/1032/802
f 1302/680/804 1304/684/805 1303/1032/802
f 1303/1032/802 1305/1033/184 1300/1031/802
f 1300/1031/802 1305/1033/184 1298/1029/184
f 1305/1033/184 1306/1034/165 1298/1029/184
f 1298/1029/184 1306/1034/165 1296/1027/165
f 1296/1027/165 1306/1034/165 1297/1028/165
f 1306/1034/165 1307/1035/165 1297/1028/165
f 1307/1035/165 1308/1036/165 1297/1028/165
f 1297/1028/165 1308/1036/165 1309/1017/165
f 1308/1036/165 1310/1037/165 1309/1017/165
f 1309/1017/165 1310/1037/165 1311/1015/185
f 1310/1037/165 1312/1038/185 1311/1015/185
f 1311/1015/185 1312/1038/185 1313/1013/806
f 1312/1038/185 1314/1039/807 1313/1013/806
f 1313/1013/806 1314/1039/807 1315/1000/789
f 1315/1000/789 1314/1039/807 1316/1004/808
f 1314/1039/807 1317/1040/298 1316/1004/808
f 1316/1004/808 1317/1040/298 1318/1005/792
f 1317/1040/298 1314/1039/807 1319/1041/185
f 1314/1039/807 1312/1038/185 1319/1041/185
f 1319/1041/185 1312/1038/185 1320/1042/165
f 1312/1038/185 1310/1037/165 1320/1042/165
f 1320/1042/165 1310/1037/165 1321/1043/165
f 1310/1037/165 1308/1036/165 1321/1043/165
f 1321/1043/165 1308/1036/165 1322/1044/165
f 1308/1036/165 1307/1035/165 1322/1044/165
f 1322/1044/165 1307/1035/165 1323/1045/184
f 1323/1045/184 1307/1035/165 1324/1046/184
f 1307/1035/165 1306/1034/165 1324/1046/184
f 1306/1034/165 1305/1033/184 1324/1046/184
f 1324/1046/184 1305/1033/184 1325/1047/809
f 1305/1033/184 1326/1032/810 1325/1047/809
f 1325/1047/809 1326/1032/810 1327/698/538
f 1326/1032/810 1328/684/805 1327/698/538
f 1327/698/538 1329/694/534 1325/1047/809
f 1329/694/534 1330/1048/811 1325/1047/809
f 1325/1047/809 1330/1048/811 1324/1046/184
f 1324/1046/184 1330/1048/811 1323/1045/184
f 1330/1048/811 1331/1049/812 1323/1045/184
f 1323/1045/184 1331/1049/812 1332/1050/184
f 1332/1050/184 1331/1049/812 1333/763/597
f 1333/763/597 1331/1049/812 1334/697/813
f 1334/697/813 1331/1049/812 1335/695/814
f 1331/1049/812 1330/1048/811 1335/695/814
f 1335/695/814 1330/1048/811 1329/694/534
f 1323/1045/184 1332/1050/184 1322/1044/165
f 1332/1050/184 1336/1051/165 1322/1044/165
f 1322/1044/165 1336/1051/165 1321/1043/165
f 1336/1051/165 1337/1052/165 1321/1043/165
f 1321/1043/165 1337/1052/165 1320/1042/165
f 1337/1052/165 1338/1053/165 1320/1042/165
f 1320/1042/165 1338/1053/165 1319/1041/185
f 1338/1053/165 1339/1054/186 1319/1041/185
f 1319/1041/185 1339/1054/186 1317/1040/298
f 1339/1054/186 1340/1055/300 1317/1040/298
f 1317/1040/298 1340/1055/300 1318/1005/792
f 1318/1005/792 1340/1055/300 1341/1007/794
f 1340/1055/300 836/752/592 1341/1007/794
f 1341/1007/794 836/752/592 833/750/796
f 836/752/592 1340/1055/300 1342/768/185
f 1340/1055/300 1339/1054/186 1342/768/185
f 1342/768/185 1339/1054/186 1343/769/165
f 1339/1054/186 1338/1053/165 1343/769/165
f 1343/769/165 1338/1053/165 845/758/165
f 1338/1053/165 1337/1052/165 845/758/165
f 845/758/165 1337/1052/165 1344/759/165
f 1337/1052/165 1336/1051/165 1344/759/165
f 1344/759/165 1336/1051/165 1345/761/184
f 1336/1051/165 1332/1050/184 1345/761/184
f 1345/761/184 1332/1050/184 1333/763/597
f 1346/872/507 1348/871/685 1347/896/507
f 1347/896/507 1348/871/685 1349/1056/815
f 1348/871/685 13/13/13 1349/1056/815
f 1349/1056/815 13/13/13 1350/1057/816
f 13/13/13 14/14/14 1350/1057/816
f 1350/1057/816 14/14/14 1351/1058/817
f 14/14/14 1352/1059/818 1351/1058/817
f 1352/1059/818 1353/1060/819 1351/1058/817
f 1353/1060/819 1354/1061/820 1351/1058/817
f 1354/1061/820 1355/1062/821 1351/1058/817
f 1351/1058/817 1355/1062/821 1350/1057/816
f 1355/1062/821 1356/1063/822 1350/1057/816
f 1350/1057/816 1356/1063/822 1349/1056/815
f 1356/1063/822 1357/895/499 1349/1056/815
f 1349/1056/815 1357/895/499 1347/896/507
f 14/14/14 15/15/15 1352/1059/818
f 1353/1060/819 1358/1064/823 1354/1061/820
f 1358/1064/823 1359/1065/824 1354/1061/820
f 1354/1061/820 1359/1065/824 1360/1066/825
f 1360/1066/825 1359/1065/824 1361/239/180
f 1359/1065/824 1362/1067/826 1361/239/180
f 1361/239/180 1362/1067/826 1363/240/827
f 1362/1067/826 1364/1068/828 1363/240/827
f 1363/240/827 1364/1068/828 1365/242/284
f 1365/242/284 1364/1068/828 1366/349/281
f 1364/1068/828 1367/1069/829 1366/349/281
f 1366/349/281 1367/1069/829 374/350/282
f 1358/1064/823 1368/1070/830 1359/1065/824
f 1359/1065/824 1368/1070/830 1362/1067/826
f 1368/1070/830 1369/1071/831 1362/1067/826
f 1362/1067/826 1369/1071/831 1364/1068/828
f 1369/1071/831 1367/1069/829 1364/1068/828
f 1360/1066/825 1355/1062/821 1354/1061/820
f 1370/895/176 1372/1063/822 1371/892/166
f 1371/892/166 1372/1063/822 1373/1072/832
f 1372/1063/822 1355/1062/821 1373/1072/832
f 1355/1062/821 1374/1073/833 1373/1072/832
f 1373/1072/832 1374/1073/833 1375/226/166
f 1374/1073/833 1376/229/499 1375/226/166
f 1371/892/166 1373/1072/832 1377/225/166
f 1373/1072/832 1375/226/166 1377/225/166
f 1378/239/834 1379/237/178 1380/1066/835
f 1379/237/178 1381/1074/836 1380/1066/835
f 1380/1066/835 1381/1074/836 1355/1062/821
f 1355/1062/821 1381/1074/836 1382/1073/833
f 1381/1074/836 1383/232/170 1382/1073/833
f 1382/1073/833 1383/232/170 246/229/176
f 1379/237/178 1384/234/70 1381/1074/836
f 1381/1074/836 1384/234/70 1383/232/170
f 1385/1075/140 1387/1076/837 1386/1077/141
f 1386/1077/141 1387/1076/837 1388/1078/838
f 1387/1076/837 1389/1079/839 1388/1078/838
f 1389/1079/839 1390/1080/840 1388/1078/838
f 1388/1078/838 1390/1080/840 1391/1081/841
f 1390/1080/840 1392/1082/842 1391/1081/841
f 1391/1081/841 1392/1082/842 1393/1083/843
f 1392/1082/842 1394/1084/844 1393/1083/843
f 1394/1084/844 1395/1085/845 1393/1083/843
f 1393/1083/843 1395/1085/845 1396/1086/127
f 1396/1086/127 1395/1085/845 1397/1087/126
f 1395/1085/845 1398/1088/846 1397/1087/126
f 1397/1087/126 1398/1088/846 1399/1089/130
f 1398/1088/846 1400/1090/847 1399/1089/130
f 1399/1089/130 1400/1090/847 1401/1091/119
f 1400/1090/847 1402/1092/848 1401/1091/119
f 1401/1091/119 1402/1092/848 1403/1093/120
f 1402/1092/848 1404/1094/849 1403/1093/120
f 1403/1093/120 1404/1094/849 1405/1095/850
f 1404/1094/849 1406/1096/851 1405/1095/850
f 1405/1095/850 1406/1096/851 1407/1097/852
f 1406/1096/851 1408/1098/853 1407/1097/852
f 1407/1097/852 1408/1098/853 1409/1099/99
f 1408/1098/853 1410/1100/854 1409/1099/99
f 1409/1099/99 1410/1100/854 1411/1101/97
f 1410/1100/854 1412/1102/855 1411/1101/97
f 1411/1101/97 1412/1102/855 1413/1103/95
f 1412/1102/855 1414/1104/856 1413/1103/95
f 1413/1103/95 1414/1104/856 1415/1105/93
f 1414/1104/856 1416/1106/857 1415/1105/93
f 1415/1105/93 1416/1106/857 1417/1107/91
f 1416/1106/857 1418/1108/858 1417/1107/91
f 1417/1107/91 1418/1108/858 1419/1109/859
f 1419/1109/859 1418/1108/858 1420/1110/860
f 1418/1108/858 1421/1111/861 1420/1110/860
f 1420/1110/860 1421/1111/861 1422/1112/862
f 1386/1077/141 1388/1078/838 1423/1113/142
f 1388/1078/838 1391/1081/841 1423/1113/142
f 1423/1113/142 1391/1081/841 1424/1114/129
f 1391/1081/841 1393/1083/843 1424/1114/129
f 1424/1114/129 1393/1083/843 1396/1086/127
f 1421/1111/861 1418/1108/858 1425/1115/861
f 1418/1108/858 1416/1106/857 1425/1115/861
f 1425/1115/861 1416/1106/857 1426/1116/863
f 1416/1106/857 1414/1104/856 1426/1116/863
f 1426/1116/863 1414/1104/856 1427/1117/864
f 1414/1104/856 1412/1102/855 1427/1117/864
f 1425/1115/861 1426/1116/863 1428/1118/865
f 1426/1116/863 1429/1119/866 1428/1118/865
f 1428/1118/865 1429/1119/866 1430/1120/867
f 1430/1120/867 1429/1119/866 1431/1121/868
f 1431/1121/868 1429/1119/866 1432/1122/869
f 1429/1119/866 1427/1117/864 1432/1122/869
f 1427/1117/864 1412/1102/855 1432/1122/869
f 1412/1102/855 1410/1100/854 1432/1122/869
f 1432/1122/869 1410/1100/854 1433/1123/870
f 1410/1100/854 1408/1098/853 1433/1123/870
f 1433/1123/870 1408/1098/853 1434/1124/871
f 1408/1098/853 1406/1096/851 1434/1124/871
f 1434/1124/871 1406/1096/851 1435/1125/872
f 1406/1096/851 1404/1094/849 1435/1125/872
f 1435/1125/872 1404/1094/849 1436/1126/873
f 1404/1094/849 1402/1092/848 1436/1126/873
f 1436/1126/873 1402/1092/848 1437/1127/874
f 1402/1092/848 1400/1090/847 1437/1127/874
f 1437/1127/874 1400/1090/847 1438/1128/875
f 1400/1090/847 1398/1088/846 1438/1128/875
f 1438/1128/875 1398/1088/846 1439/1129/876
f 1398/1088/846 1395/1085/845 1439/1129/876
f 1439/1129/876 1395/1085/845 1394/1084/844
f 1429/1119/866 1426/1116/863 1427/1117/864
f 1439/1129/877 1440/1084/878 1441/1128/879
f 1440/1084/878 1442/1130/880 1441/1128/879
f 1441/1128/879 1442/1130/880 1437/1127/874
f 1437/1127/874 1442/1130/880 1443/1131/881
f 1442/1130/880 1444/1132/882 1443/1131/881
f 1443/1131/881 1444/1132/882 1445/1133/883
f 1440/1084/878 1392/1082/884 1442/1130/880
f 1442/1130/880 1392/1082/884 1444/1132/882
f 1446/1127/874 1443/1131/881 1447/1126/885
f 1447/1126/885 1443/1131/881 1448/1134/886
f 1443/1131/881 1449/1133/887 1448/1134/886
f 1448/1134/886 1449/1133/887 1450/1135/888
f 1450/1135/888 1449/1133/887 1451/1136/889
f 1451/1136/889 1449/1133/887 1452/1137/890
f 1449/1133/887 1453/1132/891 1452/1137/890
f 1452/1137/890 1453/1132/891 1390/1080/892
f 1453/1132/891 1454/1082/884 1390/1080/892
f 1447/1126/885 1448/1134/886 1455/1125/893
f 1448/1134/886 1456/1138/894 1455/1125/893
f 1455/1125/893 1456/1138/894 1457/1124/895
f 1450/1135/888 1456/1138/894 1448/1134/886
f 1390/1080/892 1458/1079/896 1452/1137/890
f 1458/1079/896 1459/1139/897 1452/1137/890
f 1452/1137/890 1459/1139/897 1451/1136/889
f 1459/1139/897 1460/1140/898 1451/1136/889
f 1460/1140/898 1461/1141/899 1451/1136/889
f 1451/1136/889 1461/1141/899 1450/1135/888
f 1461/1141/899 1462/1142/900 1450/1135/888
f 1450/1135/888 1462/1142/900 1456/1138/894
f 1462/1142/900 1463/1143/901 1456/1138/894
f 1456/1138/894 1463/1143/901 1457/1124/895
f 1457/1124/895 1463/1143/901 1464/1123/902
f 1464/1123/902 1463/1143/901 1465/1121/868
f 1463/1143/901 1466/1144/903 1465/1121/868
f 1465/1121/868 1466/1144/903 1430/1120/867
f 1463/1143/901 1462/1142/900 1466/1144/903
f 1466/1144/903 1462/1142/900 1467/1145/899
f 1462/1142/900 1461/1141/899 1467/1145/899
f 1467/1145/899 1461/1141/899 1468/1146/899
f 1461/1141/899 1460/1140/898 1468/1146/899
f 1468/1146/899 1469/1147/899 1467/1145/899
f 1469/1147/899 1470/1148/899 1467/1145/899
f 1467/1145/899 1470/1148/899 1466/1144/903
f 1466/1144/903 1470/1148/899 1430/1120/867
f 1470/1148/899 1471/1149/904 1430/1120/867
f 1430/1120/867 1471/1149/904 1472/1118/905
f 1471/1149/904 1473/1150/906 1472/1118/905
f 1472/1118/905 1473/1150/906 1474/1115/907
f 1474/1115/907 1473/1150/906 1475/1111/908
f 1473/1150/906 1476/1151/909 1475/1111/908
f 1475/1111/908 1476/1151/909 1477/1112/910
f 1469/1147/899 1478/1152/899 1470/1148/899
f 1470/1148/899 1478/1152/899 1471/1149/904
f 1478/1152/899 1479/1153/904 1471/1149/904
f 1471/1149/904 1479/1153/904 1473/1150/906
f 1479/1153/904 1476/1151/909 1473/1150/906
f 1477/1112/911 1480/1154/912 1481/1110/860
f 1480/1154/912 1482/1155/913 1481/1110/860
f 1481/1110/860 1482/1155/913 1419/1109/90
f 1419/1109/90 1482/1155/913 1483/1156/914
f 1482/1155/913 1484/1157/915 1483/1156/914
f 1483/1156/914 1484/1157/915 1485/1158/81
f 1484/1157/915 1486/1159/916 1485/1158/81
f 1485/1158/81 1486/1159/916 1487/1160/917
f 1486/1159/916 1488/1161/918 1487/1160/917
f 1487/1160/917 1488/1161/918 1489/1162/66
f 1489/1162/66 1488/1161/918 1490/1163/64
f 1488/1161/918 1491/1164/919 1490/1163/64
f 1490/1163/64 1491/1164/919 1492/1165/62
f 1491/1164/919 1493/1166/920 1492/1165/62
f 1492/1165/62 1493/1166/920 1494/1167/60
f 1493/1166/920 1495/1168/921 1494/1167/60
f 1494/1167/60 1495/1168/921 1496/1169/922
f 1495/1168/921 1497/1170/923 1496/1169/922
f 1496/1169/922 1497/1170/923 1498/1171/924
f 1497/1170/923 1499/1172/925 1498/1171/924
f 1498/1171/924 1499/1172/925 1500/1173/45
f 1499/1172/925 1501/1174/926 1500/1173/45
f 1500/1173/45 1501/1174/926 1502/1175/50
f 1501/1174/926 1503/1176/927 1502/1175/50
f 1502/1175/50 1503/1176/927 1504/1177/45
f 1503/1176/927 1505/1178/928 1504/1177/45
f 1504/1177/45 1505/1178/928 1506/1179/43
f 1505/1178/928 1507/1180/929 1506/1179/43
f 1506/1179/43 1507/1180/929 1508/1181/42
f 1507/1180/929 1509/1182/930 1508/1181/42
f 1508/1181/42 1509/1182/930 1510/1183/37
f 1509/1182/930 1511/1184/931 1510/1183/37
f 1510/1183/37 1511/1184/931 1512/1185/31
f 1511/1184/931 1513/1186/932 1512/1185/31
f 1512/1185/31 1513/1186/932 1514/1187/32
f 1513/1186/932 1515/1188/933 1514/1187/32
f 1514/1187/32 1515/1188/933 1516/1189/934
f 1515/1188/933 1517/1190/935 1516/1189/934
f 1516/1189/934 1517/1190/935 1518/1191/34
f 1517/1190/935 1519/1192/936 1518/1191/34
f 1518/1191/34 1519/1192/936 1520/1193/35
f 1519/1192/936 1521/1194/937 1520/1193/35
f 1520/1193/35 1521/1194/937 1522/1195/36
f 1521/1194/937 1523/1196/938 1522/1195/36
f 1522/1195/36 1523/1196/938 1524/1197/18
f 1523/1196/938 1525/1198/939 1524/1197/18
f 1524/1197/18 1525/1198/939 1526/1199/940
f 1525/1198/939 1527/1200/941 1526/1199/940
f 1526/1199/940 1527/1200/941 1528/1201/16
f 1527/1200/941 1529/1202/942 1528/1201/16
f 1528/1201/16 1529/1202/942 1530/1203/15
f 1529/1202/942 1531/1204/943 1530/1203/15
f 1530/1203/15 1531/1204/943 1532/1205/818
f 1531/1204/943 1533/1206/944 1532/1205/818
f 1532/1205/818 1533/1206/944 1534/1207/819
f 1533/1206/944 1535/1208/945 1534/1207/819
f 1534/1207/819 1535/1208/945 1536/1209/823
f 1535/1208/945 1537/1210/946 1536/1209/823
f 1536/1209/823 1537/1210/946 1538/1211/830
f 1537/1210/946 1539/1212/947 1538/1211/830
f 1538/1211/830 1539/1212/947 1540/1213/948
f 1539/1212/947 1541/1214/949 1540/1213/948
f 1540/1213/948 1541/1214/949 1542/1215/829
f 1541/1214/949 1543/1216/950 1542/1215/829
f 1542/1215/829 1543/1216/950 1544/1217/282
f 1543/1216/950 1545/1218/951 1544/1217/282
f 1545/1218/951 1546/1219/952 1544/1217/282
f 1544/1217/282 1546/1219/952 1547/1220/280
f 1546/1219/952 1548/1221/953 1547/1220/280
f 1547/1220/280 1548/1221/953 1549/1222/278
f 1548/1221/953 1550/1223/954 1549/1222/278
f 1549/1222/278 1550/1223/954 1551/1224/955
f 1550/1223/954 1552/1225/956 1551/1224/955
f 1551/1224/955 1552/1225/956 1553/1226/272
f 1552/1225/956 1550/1223/954 1554/1227/957
f 1554/1227/957 1550/1223/954 1555/1228/958
f 1550/1223/954 1548/1221/953 1555/1228/958
f 1555/1228/958 1548/1221/953 1556/1229/959
f 1548/1221/953 1546/1219/952 1556/1229/959
f 1556/1229/959 1546/1219/952 1557/1230/960
f 1546/1219/952 1545/1218/951 1557/1230/960
f 1557/1230/960 1545/1218/951 1558/1231/961
f 1558/1231/961 1545/1218/951 1559/1232/962
f 1545/1218/951 1543/1216/950 1559/1232/962
f 1559/1232/962 1543/1216/950 1560/1233/963
f 1543/1216/950 1541/1214/949 1560/1233/963
f 1560/1233/963 1541/1214/949 1561/1234/964
f 1541/1214/949 1539/1212/947 1561/1234/964
f 1561/1234/964 1539/1212/947 1562/1235/965
f 1539/1212/947 1537/1210/946 1562/1235/965
f 1562/1235/965 1537/1210/946 1563/1236/966
f 1537/1210/946 1535/1208/945 1563/1236/966
f 1563/1236/966 1535/1208/945 1564/1237/967
f 1535/1208/945 1533/1206/944 1564/1237/967
f 1564/1237/967 1533/1206/944 1565/1238/968
f 1533/1206/944 1531/1204/943 1565/1238/968
f 1565/1238/968 1531/1204/943 1566/1239/969
f 1531/1204/943 1529/1202/942 1566/1239/969
f 1566/1239/969 1529/1202/942 1567/1240/970
f 1529/1202/942 1527/1200/941 1567/1240/970
f 1567/1240/970 1527/1200/941 1568/1241/971
f 1527/1200/941 1525/1198/939 1568/1241/971
f 1568/1241/971 1525/1198/939 1569/1242/972
f 1525/1198/939 1523/1196/938 1569/1242/972
f 1569/1242/972 1523/1196/938 1570/1243/973
f 1523/1196/938 1521/1194/937 1570/1243/973
f 1570/1243/973 1521/1194/937 1571/1244/974
f 1521/1194/937 1519/1192/936 1571/1244/974
f 1571/1244/974 1519/1192/936 1572/1245/975
f 1519/1192/936 1517/1190/935 1572/1245/975
f 1572/1245/975 1517/1190/935 1573/1246/976
f 1517/1190/935 1515/1188/933 1573/1246/976
f 1573/1246/976 1515/1188/933 1574/1247/977
f 1515/1188/933 1513/1186/932 1574/1247/977
f 1574/1247/977 1513/1186/932 1575/1248/978
f 1513/1186/932 1511/1184/931 1575/1248/978
f 1575/1248/978 1511/1184/931 1576/1249/979
f 1511/1184/931 1509/1182/930 1576/1249/979
f 1576/1249/979 1509/1182/930 1577/1250/980
f 1509/1182/930 1507/1180/929 1577/1250/980
f 1577/1250/980 1507/1180/929 1578/1251/981
f 1507/1180/929 1505/1178/928 1578/1251/981
f 1578/1251/981 1505/1178/928 1579/1252/981
f 1505/1178/928 1503/1176/927 1579/1252/981
f 1579/1252/981 1503/1176/927 1580/1253/982
f 1503/1176/927 1501/1174/926 1580/1253/982
f 1580/1253/982 1501/1174/926 1581/1254/983
f 1501/1174/926 1499/1172/925 1581/1254/983
f 1581/1254/983 1499/1172/925 1582/1255/984
f 1499/1172/925 1497/1170/923 1582/1255/984
f 1582/1255/984 1497/1170/923 1583/1256/985
f 1497/1170/923 1495/1168/921 1583/1256/985
f 1583/1256/985 1495/1168/921 1584/1257/986
f 1495/1168/921 1493/1166/920 1584/1257/986
f 1584/1257/986 1493/1166/920 1585/1258/987
f 1493/1166/920 1491/1164/919 1585/1258/987
f 1585/1258/987 1491/1164/919 1586/1259/988
f 1491/1164/919 1488/1161/918 1586/1259/988
f 1488/1161/918 1486/1159/916 1587/1259/989
f 1587/1259/989 1486/1159/916 1588/1260/990
f 1486/1159/916 1484/1157/915 1588/1260/990
f 1588/1260/990 1484/1157/915 1589/1261/991
f 1484/1157/915 1482/1155/913 1589/1261/991
f 1589/1261/991 1482/1155/913 1480/1154/912
f 1587/1259/992 1591/1260/993 1590/1262/994
f 1590/1262/994 1591/1260/993 1592/1263/995
f 1591/1260/993 1593/1261/996 1592/1263/995
f 1592/1263/995 1593/1261/996 1594/1264/997
f 1593/1261/996 1480/1154/998 1594/1264/997
f 1594/1264/997 1480/1154/998 1595/1265/999
f 1480/1154/998 1596/1112/910 1595/1265/999
f 1596/1112/910 1597/1151/1000 1595/1265/999
f 1595/1265/999 1597/1151/1000 1598/1266/904
f 1597/1151/1000 1479/1153/904 1598/1266/904
f 1598/1266/904 1479/1153/904 1599/1267/899
f 1479/1153/904 1600/1152/899 1599/1267/899
f 1599/1267/899 1600/1152/899 1601/1268/899
f 1600/1152/899 1602/1147/899 1601/1268/899
f 1601/1268/899 1602/1147/899 1603/1269/899
f 1602/1147/899 1604/1146/899 1603/1269/899
f 1603/1269/899 1604/1146/899 1605/1270/889
f 1604/1146/899 1460/1140/889 1605/1270/889
f 1605/1270/889 1460/1140/889 1606/1271/1001
f 1460/1140/889 1607/1139/897 1606/1271/1001
f 1606/1271/1001 1607/1139/897 1608/1272/1002
f 1607/1139/897 1389/1079/896 1608/1272/1002
f 1592/1263/995 1609/1273/904 1590/1262/994
f 1608/1272/1002 1610/1274/1003 1606/1271/1001
f 1606/1271/1001 1610/1274/1003 1611/1275/1004
f 1610/1274/1003 1612/1276/1005 1611/1275/1004
f 1606/1271/1001 1611/1275/1004 1605/1270/889
f 1611/1275/1004 1613/1277/889 1605/1270/889
f 1605/1270/889 1613/1277/889 1603/1269/899
f 1613/1277/889 1614/1278/899 1603/1269/899
f 1603/1269/899 1614/1278/899 1601/1268/899
f 1614/1278/899 1615/1279/899 1601/1268/899
f 1601/1268/899 1615/1279/899 1599/1267/899
f 1615/1279/899 1616/1280/899 1599/1267/899
f 1599/1267/899 1616/1280/899 1598/1266/904
f 1616/1280/899 1617/1281/1006 1598/1266/904
f 1598/1266/904 1617/1281/1006 1595/1265/999
f 1595/1265/999 1617/1281/1006 1594/1264/997
f 1617/1281/1006 1618/1282/904 1594/1264/997
f 1594/1264/997 1618/1282/904 1592/1263/995
f 1592/1263/995 1618/1282/904 1609/1273/904
f 1609/1273/904 1618/1282/904 1619/1283/899
f 1619/1283/899 1618/1282/904 1620/1284/899
f 1618/1282/904 1617/1281/1006 1620/1284/899
f 1617/1281/1006 1616/1280/899 1620/1284/899
f 1620/1284/899 1616/1280/899 1621/1285/899
f 1616/1280/899 1615/1279/899 1621/1285/899
f 1621/1285/899 1615/1279/899 1622/1286/899
f 1615/1279/899 1614/1278/899 1622/1286/899
f 1622/1286/899 1614/1278/899 1623/1287/1007
f 1614/1278/899 1613/1277/889 1623/1287/1007
f 1623/1287/1007 1613/1277/889 1624/1288/1008
f 1613/1277/889 1611/1275/1004 1624/1288/1008
f 1611/1275/1004 1612/1276/1005 1624/1288/1008
f 1612/1276/1005 1625/1289/1009 1624/1288/1008
f 1625/1289/1009 1626/1290/1010 1624/1288/1008
f 1624/1288/1008 1626/1290/1010 1623/1287/1007
f 1626/1290/1010 1627/1291/1011 1623/1287/1007
f 1623/1287/1007 1627/1291/1011 1622/1286/899
f 1627/1291/1011 1628/1292/899 1622/1286/899
f 1622/1286/899 1628/1292/899 1621/1285/899
f 1628/1292/899 1629/1293/899 1621/1285/899
f 1621/1285/899 1629/1293/899 1620/1284/899
f 1629/1293/899 1619/1283/899 1620/1284/899
f 1630/1289/1009 1631/1294/1012 1632/1290/1010
f 1631/1294/1012 1633/1295/1013 1632/1290/1010
f 1632/1290/1010 1633/1295/1013 1634/1291/1014
f 1633/1295/1013 1635/1296/1014 1634/1291/1014
f 1634/1291/1014 1635/1296/1014 1628/1292/899
f 1635/1296/1014 1636/1297/899 1628/1292/899
f 1628/1292/899 1636/1297/899 1637/1293/899
f 1631/1294/1012 1638/1298/1015 1633/1295/1013
f 1638/1298/1015 1639/1299/1013 1633/1295/1013
f 1633/1295/1013 1639/1299/1013 1635/1296/1014
f 1639/1299/1013 1640/1300/1016 1635/1296/1014
f 1635/1296/1014 1640/1300/1016 1636/1297/899
f 1640/1300/1016 1641/1301/1017 1636/1297/899
f 1636/1297/899 1641/1301/1017 1642/1302/899
f 1641/1301/1017 1643/1303/899 1642/1302/899
f 1643/1303/899 1644/1304/1017 1642/1302/899
f 1642/1302/899 1644/1304/1017 1645/1283/899
f 1644/1304/1017 1646/1273/904 1645/1283/899
f 1640/1300/1016 1647/1305/1018 1641/1301/1017
f 1647/1305/1018 1648/1306/1017 1641/1301/1017
f 1641/1301/1017 1648/1306/1017 1643/1303/899
f 1648/1306/1017 1649/1307/1017 1643/1303/899
f 1649/1307/1017 1650/1308/899 1643/1303/899
f 1643/1303/899 1650/1308/899 1644/1304/1017
f 1636/1297/899 1642/1302/899 1637/1293/899
f 1637/1293/899 1642/1302/899 1645/1283/899
f 1647/1305/1018 1651/1309/1018 1648/1306/1017
f 1651/1309/1018 1652/1310/1017 1648/1306/1017
f 1648/1306/1017 1652/1310/1017 1649/1307/1017
f 1652/1310/1017 1653/1311/1017 1649/1307/1017
f 1649/1307/1017 1653/1311/1017 1654/1312/899
f 1653/1311/1017 1655/1313/1017 1654/1312/899
f 1654/1312/899 1655/1313/1017 1656/1314/1019
f 1655/1313/1017 1657/1315/1020 1656/1314/1019
f 1649/1307/1017 1654/1312/899 1650/1308/899
f 1654/1312/899 1658/1316/1019 1650/1308/899
f 1650/1308/899 1658/1316/1019 1659/1317/1021
f 1658/1316/1019 1660/1318/1022 1659/1317/1021
f 1659/1317/1021 1660/1318/1022 1661/1262/994
f 1661/1262/994 1660/1318/1022 1586/1259/992
f 1586/1259/992 1660/1318/1022 1662/1258/987
f 1660/1318/1022 1663/1319/1023 1662/1258/987
f 1662/1258/987 1663/1319/1023 1664/1257/986
f 1654/1312/899 1656/1314/1019 1658/1316/1019
f 1650/1308/899 1659/1317/1021 1644/1304/1017
f 1644/1304/1017 1659/1317/1021 1646/1273/904
f 1659/1317/1021 1661/1262/994 1646/1273/904
f 1658/1316/1019 1663/1319/1023 1660/1318/1022
f 1665/1315/1020 1655/1313/1017 1666/1320/1017
f 1666/1320/1017 1655/1313/1017 1667/1321/899
f 1655/1313/1017 1668/1311/1017 1667/1321/899
f 1667/1321/899 1668/1311/1017 1669/1322/899
f 1668/1311/1017 1670/1310/1017 1669/1322/899
f 1666/1320/1017 1667/1321/899 1671/1323/1017
f 1667/1321/899 1672/1324/899 1671/1323/1017
f 1672/1324/899 1673/1325/899 1671/1323/1017
f 1671/1323/1017 1673/1325/899 1674/1326/899
f 1673/1325/899 1675/1327/899 1674/1326/899
f 1674/1326/899 1675/1327/899 1676/1328/899
f 1676/1328/899 1675/1327/899 1677/1329/899
f 1675/1327/899 1678/1330/899 1677/1329/899
f 1677/1329/899 1678/1330/899 1679/1331/1024
f 1672/1324/899 1667/1321/899 1669/1322/899
f 1671/1323/1017 1674/1326/899 1680/1332/1017
f 1674/1326/899 1681/1333/899 1680/1332/1017
f 1680/1332/1017 1681/1333/899 1682/1334/1020
f 1676/1328/899 1681/1333/899 1674/1326/899
f 1678/1330/899 1675/1327/899 1683/1335/899
f 1675/1327/899 1673/1325/899 1683/1335/899
f 1683/1335/899 1673/1325/899 1684/1336/899
f 1673/1325/899 1672/1324/899 1684/1336/899
f 1684/1336/899 1672/1324/899 1685/1337/899
f 1672/1324/899 1669/1322/899 1685/1337/899
f 1685/1337/899 1669/1322/899 1686/1338/899
f 1669/1322/899 1670/1310/1017 1686/1338/899
f 1670/1310/1017 1687/1309/1018 1686/1338/899
f 1687/1309/1018 1688/1339/1017 1686/1338/899
f 1686/1338/899 1688/1339/1017 1689/1340/899
f 1688/1339/1017 1690/1341/1017 1689/1340/899
f 1686/1338/899 1689/1340/899 1685/1337/899
f 1689/1340/899 1691/1342/899 1685/1337/899
f 1685/1337/899 1691/1342/899 1684/1336/899
f 1691/1342/899 1692/1343/899 1684/1336/899
f 1684/1336/899 1692/1343/899 1683/1335/899
f 1692/1343/899 1693/1344/899 1683/1335/899
f 1683/1335/899 1693/1344/899 1678/1330/899
f 1693/1344/899 1694/1345/899 1678/1330/899
f 1678/1330/899 1694/1345/899 1679/1331/1024
f 1694/1345/899 1693/1344/899 1695/1346/899
f 1695/1346/899 1693/1344/899 1696/1347/899
f 1693/1344/899 1692/1343/899 1696/1347/899
f 1696/1347/899 1692/1343/899 1697/1348/899
f 1692/1343/899 1691/1342/899 1697/1348/899
f 1697/1348/899 1691/1342/899 1698/1349/899
f 1691/1342/899 1689/1340/899 1698/1349/899
f 1689/1340/899 1690/1341/1017 1698/1349/899
f 1698/1349/899 1690/1341/1017 1699/1350/899
f 1690/1341/1017 1700/1351/1017 1699/1350/899
f 1699/1350/899 1701/1352/899 1698/1349/899
f 1698/1349/899 1701/1352/899 1697/1348/899
f 1701/1352/899 1702/1353/899 1697/1348/899
f 1697/1348/899 1702/1353/899 1696/1347/899
f 1702/1353/899 1703/1354/899 1696/1347/899
f 1696/1347/899 1703/1354/899 1695/1346/899
f 1695/1346/899 1703/1354/899 1704/1355/899
f 1703/1354/899 1705/1356/899 1704/1355/899
f 1704/1355/899 1705/1356/899 1706/1357/1024
f 1706/1357/1024 1705/1356/899 1707/1358/1017
f 1705/1356/899 1708/1359/899 1707/1358/1017
f 1707/1358/1017 1708/1359/899 1709/1360/1017
f 1708/1359/899 1705/1356/899 1710/1361/1017
f 1705/1356/899 1703/1354/899 1710/1361/1017
f 1703/1354/899 1702/1353/899 1710/1361/1017
f 1710/1361/1017 1702/1353/899 1711/1362/899
f 1702/1353/899 1701/1352/899 1711/1362/899
f 1711/1362/899 1701/1352/899 1712/1363/899
f 1701/1352/899 1699/1350/899 1712/1363/899
f 1712/1363/899 1699/1350/899 1713/1364/899
f 1699/1350/899 1700/1351/1017 1713/1364/899
f 1700/1351/1017 1714/1365/1025 1713/1364/899
f 1714/1365/1025 1715/1366/899 1713/1364/899
f 1713/1364/899 1715/1366/899 1716/1367/899
f 1715/1366/899 1717/1368/899 1716/1367/899
f 1713/1364/899 1716/1367/899 1712/1363/899
f 1716/1367/899 1718/1369/899 1712/1363/899
f 1712/1363/899 1718/1369/899 1711/1362/899
f 1718/1369/899 1719/1370/1017 1711/1362/899
f 1711/1362/899 1719/1370/1017 1710/1361/1017
f 1710/1361/1017 1719/1370/1017 1708/1359/899
f 1719/1370/1017 1720/1371/899 1708/1359/899
f 1708/1359/899 1720/1371/899 1709/1360/1017
f 1709/1360/1017 1720/1371/899 1721/1372/899
f 1720/1371/899 1722/1373/899 1721/1372/899
f 1721/1372/899 1722/1373/899 1723/1374/1026
f 1722/1373/899 1720/1371/899 1724/1375/899
f 1720/1371/899 1719/1370/1017 1724/1375/899
f 1719/1370/1017 1718/1369/899 1724/1375/899
f 1724/1375/899 1718/1369/899 1725/1376/899
f 1718/1369/899 1716/1367/899 1725/1376/899
f 1716/1367/899 1717/1368/899 1725/1376/899
f 1717/1368/899 1726/1377/899 1725/1376/899
f 1725/1376/899 1726/1377/899 1727/1378/899
f 1726/1377/899 1728/1379/1026 1727/1378/899
f 1724/1375/899 1725/1376/899 1727/1378/899
f 1729/1375/899 1727/1378/899 1730/1373/899
f 1730/1373/899 1727/1378/899 1731/1380/1027
f 1727/1378/899 1732/1379/1026 1731/1380/1027
f 1732/1379/1026 1733/1381/1028 1731/1380/1027
f 1731/1380/1027 1733/1381/1028 1734/1382/1029
f 1733/1381/1028 1735/1383/1030 1734/1382/1029
f 1735/1383/1030 1736/1384/1031 1734/1382/1029
f 1734/1382/1029 1736/1384/1031 1737/1385/1032
f 1736/1384/1031 1738/1386/1033 1737/1385/1032
f 1738/1386/1033 1739/1387/1034 1737/1385/1032
f 1737/1385/1032 1739/1387/1034 1740/1388/1035
f 1739/1387/1034 1741/1389/1036 1740/1388/1035
f 1730/1373/899 1731/1380/1027 1742/1374/1037
f 1731/1380/1027 1734/1382/1029 1742/1374/1037
f 1734/1382/1029 1737/1385/1032 1743/1374/1037
f 1737/1385/1032 1740/1388/1035 1743/1374/1037
f 1743/1374/1026 1744/1388/1035 1745/1372/899
f 1744/1388/1035 1746/1390/899 1745/1372/899
f 1745/1372/899 1746/1390/899 1747/1360/1017
f 1746/1390/899 1748/1391/1017 1747/1360/1017
f 1747/1360/1017 1748/1391/1017 1749/1358/1017
f 1748/1391/1017 1750/1392/1017 1749/1358/1017
f 1749/1358/1017 1750/1392/1017 1751/1357/1024
f 1751/1357/1024 1750/1392/1017 1752/1393/904
f 1750/1392/1017 1753/1394/899 1752/1393/904
f 1752/1393/904 1753/1394/899 1754/1395/1038
f 1744/1388/1035 1755/1389/1036 1746/1390/899
f 1746/1390/899 1755/1389/1036 1756/1396/899
f 1756/1396/899 1755/1389/1036 1757/1397/1035
f 1757/1397/1035 1755/1389/1036 1758/1398/1034
f 1755/1389/1036 1759/1387/1034 1758/1398/1034
f 1758/1398/1034 1759/1387/1034 1760/1399/1039
f 1759/1387/1034 1761/1386/1033 1760/1399/1039
f 1746/1390/899 1756/1396/899 1748/1391/1017
f 1756/1396/899 1762/1400/899 1748/1391/1017
f 1748/1391/1017 1762/1400/899 1750/1392/1017
f 1762/1400/899 1753/1394/899 1750/1392/1017
f 1760/1399/1039 1763/1401/1040 1758/1398/1034
f 1763/1401/1040 1764/1402/1041 1758/1398/1034
f 1758/1398/1034 1764/1402/1041 1757/1397/1035
f 1764/1402/1041 1765/1403/1036 1757/1397/1035
f 1765/1403/1036 1766/1404/899 1757/1397/1035
f 1757/1397/1035 1766/1404/899 1756/1396/899
f 1756/1396/899 1766/1404/899 1762/1400/899
f 1766/1404/899 1767/1405/1017 1762/1400/899
f 1762/1400/899 1767/1405/1017 1753/1394/899
f 1767/1405/1017 1768/1406/1017 1753/1394/899
f 1753/1394/899 1768/1406/1017 1754/1395/1038
f 1768/1406/1017 1769/1407/1042 1754/1395/1038
f 1754/1395/1038 1769/1407/1042 1770/1408/1043
f 1769/1407/1042 1771/1409/1044 1770/1408/1043
f 1770/1408/1043 1771/1409/1044 1560/1233/1045
f 1560/1233/1045 1771/1409/1044 1772/1232/962
f 1771/1409/1044 1773/1410/1046 1772/1232/962
f 1772/1232/962 1773/1410/1046 1774/1231/1047
f 1773/1410/1046 1771/1409/1044 1775/1411/1048
f 1771/1409/1044 1769/1407/1042 1775/1411/1048
f 1775/1411/1048 1769/1407/1042 1776/1412/899
f 1769/1407/1042 1768/1406/1017 1776/1412/899
f 1776/1412/899 1768/1406/1017 1777/1413/899
f 1768/1406/1017 1767/1405/1017 1777/1413/899
f 1777/1413/899 1767/1405/1017 1778/1414/899
f 1767/1405/1017 1766/1404/899 1778/1414/899
f 1778/1414/899 1766/1404/899 1765/1403/1036
f 1560/1233/1045 1780/1234/1049 1779/1408/1043
f 1779/1408/1043 1780/1234/1049 1781/1415/1050
f 1780/1234/1049 1562/1235/1051 1781/1415/1050
f 1562/1235/1051 1782/1416/1052 1781/1415/1050
f 1781/1415/1050 1782/1416/1052 1783/1393/904
f 1782/1416/1052 1706/1357/1053 1783/1393/904
f 1779/1408/1043 1781/1415/1050 1784/1395/1038
f 1781/1415/1050 1783/1393/904 1784/1395/1038
f 1785/1417/1054 1786/1418/1054 1787/1419/1055
f 1786/1418/1054 1788/1420/1056 1787/1419/1055
f 1787/1419/1055 1788/1420/1056 1564/1237/967
f 1564/1237/967 1788/1420/1056 1563/1236/966
f 1788/1420/1056 1789/1421/1057 1563/1236/966
f 1563/1236/966 1789/1421/1057 1562/1235/965
f 1789/1421/1057 1788/1420/1056 1679/1331/1053
f 1679/1331/1053 1788/1420/1056 1786/1418/1054
f 1679/1331/1024 1791/1345/899 1790/1421/1057
f 1790/1421/1057 1791/1345/899 1792/1422/1058
f 1791/1345/899 1793/1346/899 1792/1422/1058
f 1793/1346/899 1794/1355/899 1792/1422/1058
f 1792/1422/1058 1794/1355/899 1795/1416/1052
f 1794/1355/899 1751/1357/1053 1795/1416/1052
f 1790/1421/1057 1792/1422/1058 1562/1235/1051
f 1792/1422/1058 1795/1416/1052 1562/1235/1051
f 639/483/320 1796/481/318 1797/570/408
f 1796/481/318 1798/1423/1059 1797/570/408
f 1797/570/408 1798/1423/1059 609/543/1060
f 609/543/1060 1798/1423/1059 1799/540/380
f 1798/1423/1059 1800/470/168 1799/540/380
f 1799/540/380 1800/470/168 1801/451/375
f 1796/481/318 1802/472/168 1798/1423/1059
f 1798/1423/1059 1802/472/168 1800/470/168
f 671/598/439 1803/599/1061 670/597/438
f 670/597/438 1803/599/1061 1804/1424/1062
f 1803/599/1061 1805/600/441 1804/1424/1062
f 1805/600/441 1806/959/759 1804/1424/1062
f 1804/1424/1062 1806/959/759 1807/963/762
f 1806/959/759 1808/960/621 1807/963/762
f 670/597/438 1804/1424/1062 1809/587/763
f 1804/1424/1062 1807/963/762 1809/587/763
f 1810/679/803 1811/1030/179 1812/683/523
f 1811/1030/179 1813/1425/1063 1812/683/523
f 1812/683/523 1813/1425/1063 731/654/1064
f 731/654/1064 1813/1425/1063 1814/1426/1065
f 1813/1425/1063 1815/1022/171 1814/1426/1065
f 1814/1426/1065 1815/1022/171 1816/429/170
f 1811/1030/179 1817/1024/801 1813/1425/1063
f 1813/1425/1063 1817/1024/801 1815/1022/171
f 1818/429/676 1820/428/166 1819/1426/1066
f 1819/1426/1066 1820/428/166 1821/1427/1067
f 1820/428/166 1822/431/166 1821/1427/1067
f 1822/431/166 1823/441/165 1821/1427/1067
f 1821/1427/1067 1823/441/165 1824/655/498
f 1823/441/165 733/443/499 1824/655/498
f 1824/655/498 731/654/1064 1821/1427/1067
f 731/654/1064 1819/1426/1066 1821/1427/1067
f 1825/461/165 1826/464/165 500/459/165
f 1826/464/165 1827/1428/702 500/459/165
f 500/459/165 1827/1428/702 1828/460/75
f 1828/460/75 1827/1428/702 1829/1429/1068
f 1827/1428/702 1830/508/342 1829/1429/1068
f 1829/1429/1068 1830/508/342 558/509/1069
f 1826/464/165 1831/465/75 1827/1428/702
f 1827/1428/702 1831/465/75 1830/508/342
f 1832/515/349 1833/793/616 571/522/356
f 571/522/356 1833/793/616 1834/1430/1070
f 1833/793/616 1835/791/729 1834/1430/1070
f 1835/791/729 1836/795/366 1834/1430/1070
f 1834/1430/1070 1836/795/366 1837/1429/1068
f 1836/795/366 1838/460/75 1837/1429/1068
f 1837/1429/1068 558/509/343 1834/1430/1070
f 558/509/343 571/522/356 1834/1430/1070
f 794/713/551 1839/714/1071 793/712/550
f 1839/714/1071 1840/1431/1072 793/712/550
f 793/712/550 1840/1431/1072 1841/711/600
f 1841/711/600 1840/1431/1072 1842/765/599
f 1840/1431/1072 1843/770/603 1842/765/599
f 1842/765/599 1843/770/603 1844/766/1073
f 1839/714/1071 796/715/601 1840/1431/1072
f 1840/1431/1072 796/715/601 1843/770/603
f 247/230/166 1845/250/166 245/228/165
f 245/228/165 1845/250/166 1846/1432/166
f 1845/250/166 269/252/166 1846/1432/166
f 1846/1432/166 269/252/166 1847/1433/166
f 269/252/166 280/259/187 1847/1433/166
f 245/228/165 1846/1432/166 239/222/165
f 239/222/165 1846/1432/166 238/221/166
f 1846/1432/166 1847/1433/166 238/221/166
f 283/264/193 1848/666/508 1849/262/1074
f 1848/666/508 1850/1434/1075 1849/262/1074
f 1849/262/1074 1850/1434/1075 276/259/190
f 276/259/190 1850/1434/1075 1851/1433/166
f 1850/1434/1075 1852/776/166 1851/1433/166
f 1851/1433/166 1852/776/166 1853/221/166
f 1848/666/508 1854/667/187 1850/1434/1075
f 1850/1434/1075 1854/667/187 1852/776/166
f 1855/1239/1076 1567/1240/970 1856/1435/1077
f 1856/1435/1077 1567/1240/970 1857/1436/1078
f 1567/1240/970 1568/1241/971 1857/1436/1078
f 1568/1241/971 1858/1242/1079 1857/1436/1078
f 1857/1436/1078 1858/1242/1079 1859/1437/1080
f 1858/1242/1079 1860/1243/1081 1859/1437/1080
f 1856/1435/1077 1857/1436/1078 1861/1438/1082
f 1857/1436/1078 1859/1437/1080 1861/1438/1082
f 1862/1439/1083 1863/1440/1084 1864/1441/1085
f 1863/1440/1084 1865/1442/1086 1864/1441/1085
f 1864/1441/1085 1865/1442/1086 1866/1443/1087
f 1866/1443/1087 1865/1442/1086 1867/1444/1088
f 1865/1442/1086 1868/1445/1089 1867/1444/1088
f 1868/1445/1089 1869/1446/1090 1867/1444/1088
f 1867/1444/1088 1869/1446/1090 1870/1447/1091
f 1869/1446/1090 1871/1448/1092 1870/1447/1091
f 1870/1447/1091 1871/1448/1092 1872/1449/1091
f 1871/1448/1092 1873/1450/1093 1872/1449/1091
f 1863/1440/1084 1874/1451/1094 1865/1442/1086
f 1874/1451/1094 1868/1445/1089 1865/1442/1086
f 1872/1449/1091 1875/1452/1095 1870/1447/1091
f 1875/1452/1095 1876/1453/1095 1870/1447/1091
f 1870/1447/1091 1876/1453/1095 1867/1444/1088
f 1867/1444/1088 1876/1453/1095 1877/1443/1087
f 1876/1453/1095 1878/1454/899 1877/1443/1087
f 1878/1454/899 1879/1455/1011 1877/1443/1087
f 1877/1443/1087 1879/1455/1011 1880/1441/1085
f 1879/1455/1011 1881/1456/1096 1880/1441/1085
f 1880/1441/1085 1881/1456/1096 1882/1439/1097
f 1882/1439/1097 1881/1456/1096 1883/1457/1098
f 1881/1456/1096 1884/1458/1099 1883/1457/1098
f 1883/1457/1098 1884/1458/1099 1885/1459/1100
f 1884/1458/1099 1881/1456/1096 1886/1460/1101
f 1881/1456/1096 1879/1455/1011 1886/1460/1101
f 1886/1460/1101 1879/1455/1011 1887/1461/899
f 1879/1455/1011 1878/1454/899 1887/1461/899
f 1887/1461/899 1878/1454/899 1888/1462/899
f 1888/1462/899 1878/1454/899 1889/1463/899
f 1878/1454/899 1876/1453/1095 1889/1463/899
f 1876/1453/1095 1875/1452/1095 1889/1463/899
f 1889/1463/899 1875/1452/1095 1890/1464/899
f 1875/1452/1095 1891/1465/1102 1890/1464/899
f 1890/1464/899 1891/1465/1102 1892/1466/899
f 1891/1465/1102 1893/1467/1026 1892/1466/899
f 1892/1466/899 1894/1468/899 1890/1464/899
f 1894/1468/899 1895/1469/899 1890/1464/899
f 1890/1464/899 1895/1469/899 1889/1463/899
f 1889/1463/899 1895/1469/899 1888/1462/899
f 1895/1469/899 1896/1470/899 1888/1462/899
f 1888/1462/899 1896/1470/899 1897/1471/899
f 1897/1471/899 1896/1470/899 1898/1472/1103
f 1898/1472/1103 1896/1470/899 1899/1473/1025
f 1899/1473/1025 1896/1470/899 1900/1474/1017
f 1896/1470/899 1895/1469/899 1900/1474/1017
f 1900/1474/1017 1895/1469/899 1894/1468/899
f 1888/1462/899 1897/1471/899 1887/1461/899
f 1887/1461/899 1897/1471/899 1901/1475/899
f 1897/1471/899 1902/1476/1104 1901/1475/899
f 1901/1475/899 1902/1476/1104 1903/1477/1104
f 1902/1476/1104 1904/1478/1105 1903/1477/1104
f 1903/1477/1104 1904/1478/1105 1905/1479/1106
f 1904/1478/1105 1906/1480/1107 1905/1479/1106
f 1906/1480/1107 1907/1481/1108 1905/1479/1106
f 1905/1479/1106 1907/1481/1108 1908/1482/1109
f 1907/1481/1108 1909/1483/1110 1908/1482/1109
f 1887/1461/899 1901/1475/899 1886/1460/1101
f 1901/1475/899 1910/1484/1011 1886/1460/1101
f 1886/1460/1101 1910/1484/1011 1884/1458/1099
f 1884/1458/1099 1910/1484/1011 1911/1485/1111
f 1910/1484/1011 1912/1486/1112 1911/1485/1111
f 1912/1486/1112 1913/1487/1113 1911/1485/1111
f 1911/1485/1111 1913/1487/1113 1914/1488/1100
f 1913/1487/1113 1915/1489/1114 1914/1488/1100
f 1898/1472/1103 1902/1476/1104 1897/1471/899
f 1908/1482/1109 1912/1486/1112 1905/1479/1106
f 1905/1479/1106 1912/1486/1112 1903/1477/1104
f 1912/1486/1112 1910/1484/1011 1903/1477/1104
f 1903/1477/1104 1910/1484/1011 1901/1475/899
f 1914/1488/1100 1885/1459/1100 1911/1485/1111
f 1911/1485/1111 1885/1459/1100 1884/1458/1099
f 1916/1488/1115 1917/1490/1116 1885/1459/1100
f 1917/1490/1116 1918/1491/1117 1885/1459/1100
f 1885/1459/1100 1918/1491/1117 1919/1457/1118
f 1918/1491/1117 1920/1492/1119 1919/1457/1118
f 1919/1457/1118 1920/1492/1119 1921/1439/1097
f 1920/1492/1119 1922/1493/1120 1921/1439/1097
f 1921/1439/1097 1922/1493/1120 1923/1440/1084
f 1922/1493/1120 1924/1494/1121 1923/1440/1084
f 1923/1440/1084 1924/1494/1121 1874/1451/1122
f 1924/1494/1121 1925/1495/1123 1874/1451/1122
f 1874/1451/1122 1925/1495/1123 1926/1445/1124
f 1925/1495/1123 1927/1496/1125 1926/1445/1124
f 1926/1445/1124 1927/1496/1125 1928/1446/1090
f 1927/1496/1125 1929/1497/1126 1928/1446/1090
f 1928/1446/1090 1929/1497/1126 1930/1448/1092
f 1929/1497/1126 1931/1498/1127 1930/1448/1092
f 1930/1448/1092 1931/1498/1127 1932/1450/1090
f 1931/1498/1127 1933/1499/1128 1932/1450/1090
f 1932/1450/1090 1933/1499/1128 1934/1500/1129
f 1933/1499/1128 1935/1501/1130 1934/1500/1129
f 1935/1501/1130 1936/1502/1131 1934/1500/1129
f 1936/1502/1131 1937/1503/1132 1934/1500/1129
f 1934/1500/1129 1937/1503/1132 1938/1504/1133
f 1937/1503/1132 1939/1467/1026 1938/1504/1133
f 1939/1467/1026 1940/1465/1134 1938/1504/1133
f 1938/1504/1133 1940/1465/1134 1941/1449/1135
f 1940/1465/1134 1942/1452/1136 1941/1449/1135
f 1934/1500/1129 1938/1504/1133 1943/1450/1093
f 1938/1504/1133 1941/1449/1135 1943/1450/1093
f 1944/1505/650 1945/1506/1137 1935/1501/1130
f 1945/1506/1137 1936/1502/1131 1935/1501/1130
f 1944/1505/650 1935/1501/1130 1946/1507/651
f 1935/1501/1130 1933/1499/1128 1946/1507/651
f 1946/1507/651 1933/1499/1128 1947/1508/652
f 1933/1499/1128 1931/1498/1127 1947/1508/652
f 1947/1508/652 1931/1498/1127 1948/1509/651
f 1931/1498/1127 1929/1497/1126 1948/1509/651
f 1948/1509/651 1929/1497/1126 1949/1510/653
f 1929/1497/1126 1927/1496/1125 1949/1510/653
f 1949/1510/653 1927/1496/1125 1950/1511/1138
f 1927/1496/1125 1925/1495/1123 1950/1511/1138
f 1950/1511/1138 1925/1495/1123 1951/1512/584
f 1925/1495/1123 1924/1494/1121 1951/1512/584
f 1951/1512/584 1924/1494/1121 1952/1513/196
f 1924/1494/1121 1922/1493/1120 1952/1513/196
f 1952/1513/196 1922/1493/1120 1953/1514/656
f 1922/1493/1120 1920/1492/1119 1953/1514/656
f 1953/1514/656 1920/1492/1119 1954/1515/656
f 1920/1492/1119 1918/1491/1117 1954/1515/656
f 1954/1515/656 1918/1491/1117 1955/1516/656
f 1918/1491/1117 1917/1490/1116 1955/1516/656
f 1955/1516/656 1917/1490/1116 1956/1517/657
f 1917/1490/1116 1957/1518/1139 1956/1517/657
f 1956/1517/657 1957/1518/1139 1958/1519/659
f 1958/1519/659 1957/1518/1139 1959/1520/1140
f 1957/1518/1139 1960/1489/1141 1959/1520/1140
f 1960/1489/1141 1961/1521/1142 1959/1520/1140
f 1959/1520/1140 1961/1521/1142 1962/1522/1143
f 1961/1521/1142 1963/1523/1144 1962/1522/1143
f 1963/1523/1144 1964/1524/1145 1962/1522/1143
f 1962/1522/1143 1964/1524/1145 1965/1525/397
f 1965/1525/397 1964/1524/1145 1966/1526/1146
f 1964/1524/1145 1967/1527/1147 1966/1526/1146
f 1966/1526/1146 1967/1527/1147 1968/1528/399
f 1967/1527/1147 1969/1529/1148 1968/1528/399
f 1968/1528/399 1969/1529/1148 1970/1530/1146
f 1969/1529/1148 1971/1531/1149 1970/1530/1146
f 1970/1530/1146 1971/1531/1149 1972/1532/400
f 1971/1531/1149 1973/1533/1150 1972/1532/400
f 1972/1532/400 1973/1533/1150 1974/1534/402
f 1973/1533/1150 1975/1535/1151 1974/1534/402
f 1974/1534/402 1975/1535/1151 1976/1536/153
f 1975/1535/1151 1977/1537/1152 1976/1536/153
f 1976/1536/153 1977/1537/1152 1978/1538/405
f 1977/1537/1152 1979/1539/1153 1978/1538/405
f 1978/1538/405 1979/1539/1153 1980/1540/407
f 1979/1539/1153 1981/1541/1154 1980/1540/407
f 1980/1540/407 1981/1541/1154 1982/1542/412
f 1981/1541/1154 1983/1543/1155 1982/1542/412
f 1983/1543/1155 1984/1544/1156 1982/1542/412
f 1982/1542/412 1984/1544/1156 1985/1545/413
f 1984/1544/1156 1986/1546/1157 1985/1545/413
f 1985/1545/413 1986/1546/1157 1987/1547/416
f 1986/1546/1157 1988/1548/1158 1987/1547/416
f 1987/1547/416 1988/1548/1158 1989/1549/418
f 1988/1548/1158 1990/1550/1159 1989/1549/418
f 1989/1549/418 1990/1550/1159 1991/1551/140
f 1917/1490/1116 1916/1488/1115 1957/1518/1139
f 1957/1518/1139 1916/1488/1115 1960/1489/1141
f 1958/1519/659 1959/1520/1140 1992/1552/662
f 1959/1520/1140 1962/1522/1143 1992/1552/662
f 1992/1552/662 1962/1522/1143 1965/1525/397
f 1990/1550/1159 1988/1548/1158 1993/1553/1160
f 1993/1553/1160 1988/1548/1158 1994/1554/1161
f 1988/1548/1158 1986/1546/1157 1994/1554/1161
f 1994/1554/1161 1986/1546/1157 1995/1555/1162
f 1986/1546/1157 1984/1544/1156 1995/1555/1162
f 1995/1555/1162 1984/1544/1156 1996/1556/1163
f 1984/1544/1156 1983/1543/1155 1996/1556/1163
f 1996/1556/1163 1983/1543/1155 1997/1557/1164
f 1998/1557/1164 1983/1543/1155 1999/1558/1165
f 1983/1543/1155 1981/1541/1154 1999/1558/1165
f 1999/1558/1165 1981/1541/1154 2000/1559/1166
f 1981/1541/1154 1979/1539/1153 2000/1559/1166
f 2000/1559/1166 1979/1539/1153 2001/1560/1167
f 1979/1539/1153 1977/1537/1152 2001/1560/1167
f 2001/1560/1167 1977/1537/1152 2002/1561/1168
f 1977/1537/1152 1975/1535/1151 2002/1561/1168
f 2002/1561/1168 1975/1535/1151 2003/1562/1169
f 1975/1535/1151 1973/1533/1150 2003/1562/1169
f 2003/1562/1169 1973/1533/1150 2004/1480/1170
f 1973/1533/1150 1971/1531/1149 2004/1480/1170
f 2004/1480/1170 1971/1531/1149 2005/1481/1108
f 1971/1531/1149 1969/1529/1148 2005/1481/1108
f 2005/1481/1108 1969/1529/1148 2006/1483/1171
f 1969/1529/1148 1967/1527/1147 2006/1483/1171
f 2006/1483/1171 1967/1527/1147 2007/1563/1172
f 1967/1527/1147 1964/1524/1145 2007/1563/1172
f 1964/1524/1145 1963/1523/1144 2007/1563/1172
f 1963/1523/1144 2008/1521/1142 2007/1563/1172
f 2007/1563/1172 2008/1521/1142 2009/1564/1173
f 2008/1521/1142 2010/1489/1114 2009/1564/1173
f 2010/1489/1114 2011/1487/1113 2009/1564/1173
f 2009/1564/1173 2011/1487/1113 2012/1482/1109
f 2011/1487/1113 2013/1486/1112 2012/1482/1109
f 2007/1563/1172 2009/1564/1173 2006/1483/1171
f 2009/1564/1173 2012/1482/1109 2006/1483/1171
f 2004/1480/1170 2014/1478/1105 2003/1562/1169
f 2014/1478/1105 2015/1565/1174 2003/1562/1169
f 2003/1562/1169 2015/1565/1174 2002/1561/1168
f 2002/1561/1168 2015/1565/1174 2016/1566/1175
f 2015/1565/1174 2017/1472/1176 2016/1566/1175
f 2016/1566/1175 2017/1472/1176 2018/1473/1025
f 2014/1478/1105 2019/1476/1104 2015/1565/1174
f 2015/1565/1174 2019/1476/1104 2017/1472/1176
f 2020/1559/1177 2001/1560/1167 2021/1567/1178
f 2021/1567/1178 2001/1560/1167 2022/1568/1179
f 2001/1560/1167 2002/1561/1168 2022/1568/1179
f 2022/1568/1179 2002/1561/1168 2023/1569/1180
f 2023/1569/1180 2002/1561/1168 2024/1570/1181
f 2002/1561/1168 2025/1566/1182 2024/1570/1181
f 2024/1570/1181 2025/1566/1182 2026/1571/1017
f 2025/1566/1182 2027/1473/1025 2026/1571/1017
f 2021/1567/1178 2022/1568/1179 2028/1572/1101
f 2028/1572/1101 2022/1568/1179 2029/1573/1011
f 2022/1568/1179 2023/1569/1180 2029/1573/1011
f 2023/1569/1180 2030/1574/1007 2029/1573/1011
f 2030/1574/1007 2031/1575/899 2029/1573/1011
f 2031/1575/899 2032/1576/899 2029/1573/1011
f 2029/1573/1011 2032/1576/899 2033/1572/1101
f 2032/1576/899 2034/1577/899 2033/1572/1101
f 2034/1577/899 2035/1578/1101 2033/1572/1101
f 2033/1572/1101 2035/1578/1101 2036/1567/1183
f 2035/1578/1101 2037/1579/1183 2036/1567/1183
f 2036/1567/1183 2037/1579/1183 2038/1559/1177
f 2038/1559/1177 2037/1579/1183 2039/1558/1165
f 2037/1579/1183 2040/1580/1184 2039/1558/1165
f 2039/1558/1165 2040/1580/1184 2041/1557/1185
f 2026/1571/1017 2042/1581/1017 2024/1570/1181
f 2042/1581/1017 2043/1582/1017 2024/1570/1181
f 2024/1570/1181 2043/1582/1017 2023/1569/1180
f 2043/1582/1017 2044/1574/1018 2023/1569/1180
f 2040/1580/1184 2037/1579/1183 2045/1583/1016
f 2037/1579/1183 2035/1578/1101 2045/1583/1016
f 2045/1583/1016 2035/1578/1101 2046/1584/899
f 2035/1578/1101 2034/1577/899 2046/1584/899
f 2046/1584/899 2034/1577/899 2047/1585/899
f 2034/1577/899 2048/1586/899 2047/1585/899
f 2047/1585/899 2048/1586/899 2049/1587/899
f 2048/1586/899 2050/1588/899 2049/1587/899
f 2049/1587/899 2050/1588/899 2051/1589/1038
f 2051/1589/1038 2050/1588/899 2052/1590/1021
f 2052/1590/1021 2050/1588/899 2053/1591/899
f 2050/1588/899 2054/1592/899 2053/1591/899
f 2053/1591/899 2054/1592/899 2055/1593/899
f 2054/1592/899 2031/1575/899 2055/1593/899
f 2055/1593/899 2031/1575/899 2056/1594/899
f 2031/1575/899 2030/1574/1007 2056/1594/899
f 2034/1577/899 2032/1576/899 2048/1586/899
f 2032/1576/899 2054/1592/899 2048/1586/899
f 2048/1586/899 2054/1592/899 2050/1588/899
f 2031/1575/899 2054/1592/899 2032/1576/899
f 2056/1594/899 2057/1595/899 2055/1593/899
f 2057/1595/899 2058/1596/899 2055/1593/899
f 2055/1593/899 2058/1596/899 2053/1591/899
f 2058/1596/899 2059/1597/1019 2053/1591/899
f 2053/1591/899 2059/1597/1019 2052/1590/1021
f 2057/1595/899 2060/1598/899 2058/1596/899
f 2058/1596/899 2060/1598/899 2061/1599/1019
f 2060/1598/899 2062/1600/1020 2061/1599/1019
f 2058/1596/899 2061/1599/1019 2059/1597/1019
f 2062/1600/1020 2064/1598/899 2063/1601/1017
f 2063/1601/1017 2064/1598/899 2065/1602/899
f 2064/1598/899 2066/1595/899 2065/1602/899
f 2065/1602/899 2066/1595/899 2067/1603/899
f 2066/1595/899 2068/1594/899 2067/1603/899
f 2063/1601/1017 2065/1602/899 2069/1604/1017
f 2065/1602/899 2070/1605/899 2069/1604/1017
f 2070/1605/899 2071/1606/899 2069/1604/1017
f 2069/1604/1017 2071/1606/899 2072/1607/899
f 2071/1606/899 2073/1608/899 2072/1607/899
f 2072/1607/899 2073/1608/899 2074/1609/899
f 2074/1609/899 2073/1608/899 2075/1610/899
f 2073/1608/899 2076/1611/899 2075/1610/899
f 2075/1610/899 2076/1611/899 2077/1612/1024
f 2077/1612/1024 2076/1611/899 2078/1613/1017
f 2076/1611/899 2079/1614/899 2078/1613/1017
f 2078/1613/1017 2079/1614/899 2080/1615/899
f 2070/1605/899 2065/1602/899 2067/1603/899
f 2069/1604/1017 2072/1607/899 2081/1616/1017
f 2072/1607/899 2082/1617/899 2081/1616/1017
f 2081/1616/1017 2082/1617/899 2083/1618/1020
f 2074/1609/899 2082/1617/899 2072/1607/899
f 2079/1614/899 2076/1611/899 2084/1619/899
f 2076/1611/899 2073/1608/899 2084/1619/899
f 2073/1608/899 2071/1606/899 2084/1619/899
f 2084/1619/899 2071/1606/899 2085/1620/899
f 2071/1606/899 2070/1605/899 2085/1620/899
f 2085/1620/899 2070/1605/899 2086/1621/899
f 2070/1605/899 2067/1603/899 2086/1621/899
f 2086/1621/899 2067/1603/899 2087/1622/899
f 2067/1603/899 2068/1594/899 2087/1622/899
f 2068/1594/899 2030/1574/1018 2087/1622/899
f 2030/1574/1018 2088/1582/1017 2087/1622/899
f 2087/1622/899 2088/1582/1017 2089/1623/899
f 2088/1582/1017 2090/1581/1017 2089/1623/899
f 2087/1622/899 2089/1623/899 2086/1621/899
f 2089/1623/899 2091/1624/899 2086/1621/899
f 2086/1621/899 2091/1624/899 2085/1620/899
f 2091/1624/899 2092/1625/899 2085/1620/899
f 2085/1620/899 2092/1625/899 2084/1619/899
f 2084/1619/899 2092/1625/899 2079/1614/899
f 2092/1625/899 2093/1626/899 2079/1614/899
f 2079/1614/899 2093/1626/899 2080/1615/899
f 2093/1626/899 2094/1627/899 2080/1615/899
f 2080/1615/899 2094/1627/899 2095/1628/899
f 2094/1627/899 2096/1629/899 2095/1628/899
f 2095/1628/899 2096/1629/899 2097/1630/904
f 2097/1630/904 2096/1629/899 2098/1631/899
f 2096/1629/899 2099/1632/899 2098/1631/899
f 2098/1631/899 2099/1632/899 2100/1633/899
f 2099/1632/899 2096/1629/899 2101/1634/899
f 2096/1629/899 2094/1627/899 2101/1634/899
f 2101/1634/899 2094/1627/899 2102/1635/899
f 2094/1627/899 2093/1626/899 2102/1635/899
f 2102/1635/899 2093/1626/899 2103/1636/899
f 2093/1626/899 2092/1625/899 2103/1636/899
f 2092/1625/899 2091/1624/899 2103/1636/899
f 2103/1636/899 2091/1624/899 2104/1637/899
f 2091/1624/899 2089/1623/899 2104/1637/899
f 2089/1623/899 2090/1581/1017 2104/1637/899
f 2104/1637/899 2090/1581/1017 2105/1638/899
f 2090/1581/1017 2106/1571/1017 2105/1638/899
f 2105/1638/899 2107/1639/899 2104/1637/899
f 2104/1637/899 2107/1639/899 2103/1636/899
f 2103/1636/899 2107/1639/899 2102/1635/899
f 2107/1639/899 2108/1640/899 2102/1635/899
f 2102/1635/899 2108/1640/899 2101/1634/899
f 2108/1640/899 2109/1641/899 2101/1634/899
f 2101/1634/899 2109/1641/899 2099/1632/899
f 2109/1641/899 2110/1642/899 2099/1632/899
f 2099/1632/899 2110/1642/899 2100/1633/899
f 2100/1633/899 2110/1642/899 2111/1643/899
f 2111/1643/899 2110/1642/899 2112/1644/899
f 2112/1644/899 2110/1642/899 2113/1645/899
f 2110/1642/899 2109/1641/899 2113/1645/899
f 2113/1645/899 2109/1641/899 2114/1646/899
f 2109/1641/899 2108/1640/899 2114/1646/899
f 2114/1646/899 2108/1640/899 2115/1647/899
f 2108/1640/899 2107/1639/899 2115/1647/899
f 2107/1639/899 2105/1638/899 2115/1647/899
f 2115/1647/899 2105/1638/899 2116/1648/899
f 2105/1638/899 2106/1571/1017 2116/1648/899
f 2106/1571/1017 2018/1473/1025 2116/1648/899
f 2018/1473/1025 2117/1474/1017 2116/1648/899
f 2117/1474/1017 2118/1649/899 2116/1648/899
f 2116/1648/899 2118/1649/899 2115/1647/899
f 2115/1647/899 2118/1649/899 2114/1646/899
f 2118/1649/899 2119/1650/899 2114/1646/899
f 2114/1646/899 2119/1650/899 2113/1645/899
f 2113/1645/899 2119/1650/899 2120/1651/899
f 2119/1650/899 2121/1466/899 2120/1651/899
f 2120/1651/899 2121/1466/899 2122/1467/1026
f 2121/1466/899 2119/1650/899 2123/1468/899
f 2119/1650/899 2118/1649/899 2123/1468/899
f 2123/1468/899 2118/1649/899 2117/1474/1017
f 2124/1645/899 2120/1651/1186 2125/1644/899
f 2125/1644/899 2120/1651/1186 2126/1652/1187
f 2120/1651/1186 2127/1467/1026 2126/1652/1187
f 2127/1467/1026 2128/1503/1132 2126/1652/1187
f 2126/1652/1187 2128/1503/1132 2129/1653/1188
f 2128/1503/1132 1936/1502/1189 2129/1653/1188
f 2129/1653/1188 2130/1654/1037 2126/1652/1187
f 2130/1654/1037 2125/1644/899 2126/1652/1187
f 2131/1653/1188 2132/1655/1190 2130/1654/1037
f 2130/1654/1037 2132/1655/1190 2133/1656/1035
f 2132/1655/1190 2134/1657/1041 2133/1656/1035
f 2133/1656/1035 2134/1657/1041 2135/1658/1036
f 2134/1657/1041 2132/1655/1190 2136/1659/1191
f 2136/1659/1191 2132/1655/1190 2137/1660/1192
f 2132/1655/1190 2131/1653/1188 2137/1660/1192
f 2137/1660/1192 2131/1653/1188 1936/1502/1189
f 2138/1659/1191 2140/1661/1191 2139/1657/1041
f 2139/1657/1041 2140/1661/1191 2141/1662/1193
f 2140/1661/1191 2142/1663/1194 2141/1662/1193
f 2142/1663/1194 2143/1664/1193 2141/1662/1193
f 2141/1662/1193 2143/1664/1193 2144/1665/1036
f 2143/1664/1193 2145/1666/1195 2144/1665/1036
f 2145/1666/1195 2146/1667/899 2144/1665/1036
f 2146/1667/899 2147/1668/899 2144/1665/1036
f 2144/1665/1036 2147/1668/899 2135/1658/1036
f 2147/1668/899 2148/1669/899 2135/1658/1036
f 2135/1658/1036 2148/1669/899 2149/1656/1035
f 2148/1669/899 2111/1643/899 2149/1656/1035
f 2149/1656/1035 2111/1643/899 2150/1654/1026
f 2111/1643/899 2112/1644/899 2150/1654/1026
f 2139/1657/1041 2141/1662/1193 2135/1658/1036
f 2141/1662/1193 2144/1665/1036 2135/1658/1036
f 2111/1643/899 2148/1669/899 2151/1633/899
f 2148/1669/899 2152/1670/899 2151/1633/899
f 2151/1633/899 2152/1670/899 2153/1631/899
f 2152/1670/899 2154/1671/1017 2153/1631/899
f 2153/1631/899 2154/1671/1017 2155/1630/904
f 2155/1630/904 2154/1671/1017 2156/1672/1019
f 2156/1672/1019 2154/1671/1017 2157/1673/899
f 2154/1671/1017 2158/1674/899 2157/1673/899
f 2157/1673/899 2158/1674/899 2159/1675/899
f 2158/1674/899 2146/1667/899 2159/1675/899
f 2159/1675/899 2146/1667/899 2160/1676/899
f 2146/1667/899 2145/1666/1195 2160/1676/899
f 2148/1669/899 2147/1668/899 2152/1670/899
f 2147/1668/899 2158/1674/899 2152/1670/899
f 2152/1670/899 2158/1674/899 2154/1671/1017
f 2158/1674/899 2147/1668/899 2146/1667/899
f 2160/1676/899 2161/1677/899 2159/1675/899
f 2161/1677/899 2162/1678/899 2159/1675/899
f 2159/1675/899 2162/1678/899 2157/1673/899
f 2162/1678/899 2163/1679/1196 2157/1673/899
f 2157/1673/899 2163/1679/1196 2156/1672/1019
f 2161/1677/899 2164/1680/899 2162/1678/899
f 2162/1678/899 2164/1680/899 2165/1681/1197
f 2164/1680/899 2166/1682/1197 2165/1681/1197
f 2165/1681/1197 2166/1682/1197 2167/1683/1198
f 2166/1682/1197 2168/1684/1198 2167/1683/1198
f 2167/1683/1198 2168/1684/1198 2169/1685/1199
f 2168/1684/1198 2170/1686/1200 2169/1685/1199
f 2170/1686/1200 2171/1687/1201 2169/1685/1199
f 2169/1685/1199 2171/1687/1201 2172/1688/1202
f 2171/1687/1201 2173/1689/1203 2172/1688/1202
f 2162/1678/899 2165/1681/1197 2163/1679/1196
f 2163/1679/1196 2165/1681/1197 2174/1690/1044
f 2165/1681/1197 2167/1683/1198 2174/1690/1044
f 2174/1690/1044 2167/1683/1198 2175/1691/1204
f 2167/1683/1198 2169/1685/1199 2175/1691/1204
f 2169/1685/1199 2172/1688/1202 2176/1691/1205
f 2172/1688/1202 2177/1692/1206 2176/1691/1205
f 2176/1691/1205 2177/1692/1206 2178/1693/1207
f 2177/1692/1206 2179/1694/1208 2178/1693/1207
f 2178/1693/1207 2179/1694/1208 2180/1695/1209
f 2180/1695/1209 2179/1694/1208 2181/1696/1210
f 2179/1694/1208 2182/1697/517 2181/1696/1210
f 2182/1697/517 2183/1698/515 2181/1696/1210
f 2181/1696/1210 2183/1698/515 2184/1699/1211
f 2183/1698/515 2185/1700/513 2184/1699/1211
f 2184/1699/1211 2185/1700/513 2186/1701/1212
f 2185/1700/513 2187/1702/512 2186/1701/1212
f 2186/1701/1212 2187/1702/512 2188/1703/1213
f 2187/1702/512 2189/1704/511 2188/1703/1213
f 2188/1703/1213 2189/1704/511 2190/1705/1214
f 2189/1704/511 2191/1706/243 2190/1705/1214
f 2190/1705/1214 2191/1706/243 2192/1707/1215
f 2191/1706/243 2193/1708/510 2192/1707/1215
f 2192/1707/1215 2193/1708/510 2194/1709/1216
f 2193/1708/510 2195/1710/509 2194/1709/1216
f 2194/1709/1216 2195/1710/509 2196/1711/1217
f 2195/1710/509 2197/1712/196 2196/1711/1217
f 2196/1711/1217 2197/1712/196 2198/1713/1218
f 2197/1712/196 2199/1714/197 2198/1713/1218
f 2198/1713/1218 2199/1714/197 2200/1715/1219
f 2199/1714/197 2201/1716/199 2200/1715/1219
f 2200/1715/1219 2201/1716/199 2202/1717/1220
f 2201/1716/199 2203/1718/205 2202/1717/1220
f 2203/1718/205 2204/1719/218 2202/1717/1220
f 2202/1717/1220 2204/1719/218 2205/1720/1221
f 2204/1719/218 2206/1721/219 2205/1720/1221
f 2205/1720/1221 2206/1721/219 2207/1722/1222
f 2206/1721/219 2208/1723/216 2207/1722/1222
f 2207/1722/1222 2208/1723/216 2209/1724/1223
f 2208/1723/216 2210/1725/217 2209/1724/1223
f 2210/1725/217 2211/1726/1224 2209/1724/1223
f 2209/1724/1223 2211/1726/1224 2212/1727/1225
f 2211/1726/1224 2213/1728/1226 2212/1727/1225
f 2182/1697/517 2179/1694/1208 2214/1729/522
f 2179/1694/1208 2177/1692/1206 2214/1729/522
f 2214/1729/522 2177/1692/1206 2215/1730/526
f 2177/1692/1206 2172/1688/1202 2215/1730/526
f 2215/1730/526 2172/1688/1202 2173/1689/1203
f 2212/1727/1225 2216/1731/1227 2209/1724/1223
f 2209/1724/1223 2216/1731/1227 2207/1722/1222
f 2216/1731/1227 2217/1732/1228 2207/1722/1222
f 2207/1722/1222 2217/1732/1228 2205/1720/1221
f 2217/1732/1228 2218/1401/1229 2205/1720/1221
f 2205/1720/1221 2218/1401/1229 2202/1717/1220
f 2202/1717/1220 2219/1401/1229 2200/1715/1219
f 2219/1401/1229 2220/1399/1039 2200/1715/1219
f 2200/1715/1219 2220/1399/1039 2198/1713/1218
f 2220/1399/1039 2221/1386/1033 2198/1713/1218
f 2198/1713/1218 2221/1386/1033 2196/1711/1217
f 2221/1386/1033 2222/1384/1031 2196/1711/1217
f 2196/1711/1217 2222/1384/1031 2194/1709/1216
f 2222/1384/1031 1735/1383/1030 2194/1709/1216
f 2194/1709/1216 1735/1383/1030 2192/1707/1215
f 1735/1383/1030 2223/1733/1230 2192/1707/1215
f 2192/1707/1215 2223/1733/1230 2190/1705/1214
f 2223/1733/1230 2224/1734/1231 2190/1705/1214
f 2190/1705/1214 2224/1734/1231 2188/1703/1213
f 2224/1734/1231 2225/1735/1232 2188/1703/1213
f 2188/1703/1213 2225/1735/1232 2186/1701/1212
f 2225/1735/1232 2226/1736/1233 2186/1701/1212
f 2186/1701/1212 2226/1736/1233 2184/1699/1211
f 2226/1736/1233 2227/1737/1234 2184/1699/1211
f 2184/1699/1211 2227/1737/1234 2181/1696/1210
f 2227/1737/1234 2180/1695/1209 2181/1696/1210
f 2228/1738/1087 2229/1739/1235 2230/1740/1236
f 2229/1739/1235 2231/1741/1237 2230/1740/1236
f 2230/1740/1236 2231/1741/1237 2226/1736/1233
f 2226/1736/1233 2231/1741/1237 2232/1737/1238
f 2231/1741/1237 2233/1742/1239 2232/1737/1238
f 2232/1737/1238 2233/1742/1239 2180/1695/1209
f 2233/1742/1239 2231/1741/1237 2234/1612/1053
f 2234/1612/1053 2231/1741/1237 2229/1739/1235
f 2235/1691/1204 2237/1693/1240 2236/1690/1044
f 2236/1690/1044 2237/1693/1240 2238/1743/1241
f 2237/1693/1240 2180/1695/1242 2238/1743/1241
f 2238/1743/1241 2180/1695/1242 2239/1744/1243
f 2239/1744/1243 2180/1695/1242 2240/1745/1244
f 2180/1695/1242 2241/1742/1239 2240/1745/1244
f 2240/1745/1244 2241/1742/1239 2242/1613/1017
f 2241/1742/1239 2243/1612/1053 2242/1613/1017
f 2236/1690/1044 2238/1743/1241 2244/1679/1196
f 2244/1679/1196 2238/1743/1241 2156/1672/1019
f 2238/1743/1241 2239/1744/1243 2156/1672/1019
f 2156/1672/1019 2239/1744/1243 2245/1746/904
f 2242/1613/1017 2246/1615/899 2240/1745/1244
f 2246/1615/899 2247/1628/899 2240/1745/1244
f 2240/1745/1244 2247/1628/899 2239/1744/1243
f 2247/1628/899 2097/1630/1006 2239/1744/1243
f 2243/1612/1024 2248/1739/1102 2249/1610/899
f 2248/1739/1102 2250/1747/899 2249/1610/899
f 2249/1610/899 2250/1747/899 2251/1609/899
f 2251/1609/899 2250/1747/899 2252/1748/899
f 2250/1747/899 2253/1749/899 2252/1748/899
f 2253/1749/899 2254/1750/899 2252/1748/899
f 2252/1748/899 2254/1750/899 2255/1751/899
f 2254/1750/899 2256/1752/899 2255/1751/899
f 2255/1751/899 2256/1752/899 2257/1753/1245
f 2256/1752/899 2258/1754/1245 2257/1753/1245
f 2248/1739/1102 2259/1738/1054 2250/1747/899
f 2259/1738/1054 2253/1749/899 2250/1747/899
f 2251/1609/899 2252/1748/899 2260/1617/899
f 2252/1748/899 2255/1751/899 2260/1617/899
f 2260/1617/899 2255/1751/899 2261/1618/1020
f 2255/1751/899 2257/1753/1245 2261/1618/1020
f 2262/1618/1020 2263/1753/1245 2264/1755/1246
f 2263/1753/1245 2265/1756/1247 2264/1755/1246
f 2264/1755/1246 2265/1756/1247 2266/1757/1248
f 2266/1757/1248 2265/1756/1247 2267/1758/1249
f 2265/1756/1247 2268/1759/1250 2267/1758/1249
f 2267/1758/1249 2268/1759/1250 2269/1760/1251
f 2263/1753/1245 2258/1754/900 2265/1756/1247
f 2265/1756/1247 2258/1754/900 2268/1759/1250
f 2268/1759/1252 2271/1761/1253 2270/1760/1251
f 2270/1760/1251 2271/1761/1253 2272/1762/1254
f 2271/1761/1253 2268/1759/1252 2273/1763/1245
f 2268/1759/1252 2274/1754/1245 2273/1763/1245
f 2273/1763/1245 2274/1754/1245 2275/1764/899
f 2274/1754/1245 2276/1752/899 2275/1764/899
f 2275/1764/899 2276/1752/899 2277/1765/899
f 2276/1752/899 2278/1750/899 2277/1765/899
f 2277/1765/899 2278/1750/899 2279/1766/899
f 2278/1750/899 2280/1749/899 2279/1766/899
f 2279/1766/899 2280/1749/899 2281/1767/1054
f 2280/1749/899 2282/1738/1054 2281/1767/1054
f 2281/1767/1054 2282/1738/1054 2283/1768/1255
f 2282/1738/1054 2284/1740/1256 2283/1768/1255
f 2283/1768/1255 2284/1740/1256 2285/1735/1231
f 2284/1740/1256 2286/1736/1233 2285/1735/1231
f 2285/1735/1231 2224/1734/1231 2283/1768/1255
f 2224/1734/1231 2287/1769/1255 2283/1768/1255
f 2283/1768/1255 2287/1769/1255 2281/1767/1054
f 2287/1769/1255 2288/1770/1054 2281/1767/1054
f 2281/1767/1054 2288/1770/1054 2279/1766/899
f 2288/1770/1054 2289/1771/899 2279/1766/899
f 2279/1766/899 2289/1771/899 2277/1765/899
f 2289/1771/899 2290/1772/899 2277/1765/899
f 2277/1765/899 2290/1772/899 2275/1764/899
f 2290/1772/899 2291/1773/899 2275/1764/899
f 2275/1764/899 2291/1773/899 2273/1763/1245
f 2291/1773/899 2292/1774/900 2273/1763/1245
f 2273/1763/1245 2292/1774/900 2271/1761/1253
f 2292/1774/900 2293/1775/1250 2271/1761/1253
f 2271/1761/1253 2293/1775/1250 2272/1762/1254
f 2293/1775/1250 2294/1776/1257 2272/1762/1254
f 2287/1769/1255 2224/1734/1231 2223/1733/1230
f 2295/1365/1025 2297/1777/1103 2296/1366/899
f 2296/1366/899 2297/1777/1103 2298/1778/899
f 2297/1777/1103 2292/1774/900 2298/1778/899
f 2292/1774/900 2291/1773/899 2298/1778/899
f 2298/1778/899 2291/1773/899 2299/1779/899
f 2291/1773/899 2300/1772/899 2299/1779/899
f 2299/1779/899 2300/1772/899 2301/1780/899
f 2300/1772/899 2302/1771/899 2301/1780/899
f 2301/1780/899 2302/1771/899 2303/1781/1054
f 2302/1771/899 2304/1770/1054 2303/1781/1054
f 2296/1366/899 2298/1778/899 2305/1368/899
f 2298/1778/899 2299/1779/899 2305/1368/899
f 2305/1368/899 2299/1779/899 2306/1377/899
f 2299/1779/899 2301/1780/899 2306/1377/899
f 2306/1377/899 2301/1780/899 2307/1379/1026
f 2301/1780/899 2303/1781/1054 2307/1379/1026
f 2307/1379/1026 2308/1781/1054 2309/1381/1028
f 2308/1781/1054 2310/1782/1258 2309/1381/1028
f 2309/1381/1028 2310/1782/1258 1735/1383/1030
f 1735/1383/1030 2310/1782/1258 2223/1733/1230
f 2223/1733/1230 2310/1782/1258 2287/1769/1255
f 2287/1769/1255 2310/1782/1258 2311/1770/1054
f 2310/1782/1258 2308/1781/1054 2311/1770/1054
f 2312/1309/1007 2313/1783/1259 2314/1339/1017
f 2313/1783/1259 2315/1784/1260 2314/1339/1017
f 2314/1339/1017 2315/1784/1260 2316/1341/1017
f 2316/1341/1017 2315/1784/1260 2317/1351/1017
f 2315/1784/1260 2318/1785/1261 2317/1351/1017
f 2317/1351/1017 2318/1785/1261 2319/1365/1025
f 2313/1783/1259 2320/1786/1262 2315/1784/1260
f 2315/1784/1260 2320/1786/1262 2318/1785/1261
f 2321/1774/1245 2323/1777/1176 2322/1775/1250
f 2322/1775/1250 2323/1777/1176 2324/1787/1263
f 2323/1777/1176 2325/1365/1025 2324/1787/1263
f 2325/1365/1025 2326/1785/1261 2324/1787/1263
f 2324/1787/1263 2326/1785/1261 2327/1788/1264
f 2326/1785/1261 2320/1786/1262 2327/1788/1264
f 2327/1788/1264 2328/1776/1265 2324/1787/1263
f 2328/1776/1265 2322/1775/1250 2324/1787/1263
f 2320/1786/1262 2329/1789/1266 2330/1788/1267
f 2329/1789/1266 2331/1790/1268 2330/1788/1267
f 2330/1788/1267 2331/1790/1268 2332/1776/1269
f 2331/1790/1268 2333/1791/1270 2332/1776/1269
f 2332/1776/1269 2333/1791/1270 2272/1762/1254
f 2333/1791/1270 2334/1792/1271 2272/1762/1254
f 2272/1762/1254 2334/1792/1271 2269/1760/1272
f 2334/1792/1271 2335/1793/1273 2269/1760/1272
f 2269/1760/1272 2335/1793/1273 2336/1758/1274
f 2335/1793/1273 2337/1794/1275 2336/1758/1274
f 2336/1758/1274 2337/1794/1275 2266/1757/1276
f 2337/1794/1275 2335/1793/1273 2338/1795/1277
f 2338/1795/1277 2335/1793/1273 2339/1796/353
f 2335/1793/1273 2334/1792/1271 2339/1796/353
f 2339/1796/353 2334/1792/1271 2340/1797/1278
f 2334/1792/1271 2333/1791/1270 2340/1797/1278
f 2340/1797/1278 2333/1791/1270 2341/1798/360
f 2333/1791/1270 2331/1790/1268 2341/1798/360
f 2341/1798/360 2331/1790/1268 2342/1799/362
f 2331/1790/1268 2329/1789/1266 2342/1799/362
f 2342/1799/362 2329/1789/1266 2343/1800/160
f 2329/1789/1266 2344/1801/1279 2343/1800/160
f 2343/1800/160 2344/1801/1279 2345/1802/158
f 2344/1801/1279 2346/1803/1280 2345/1802/158
f 2345/1802/158 2346/1803/1280 2347/1804/156
f 2346/1803/1280 2348/1805/1281 2347/1804/156
f 2347/1804/156 2348/1805/1281 2349/1806/153
f 2349/1806/153 2348/1805/1281 2350/1807/1282
f 2348/1805/1281 2351/1294/1283 2350/1807/1282
f 2350/1807/1282 2351/1294/1283 2352/1289/1009
f 2329/1789/1266 2320/1786/1262 2344/1801/1279
f 2320/1786/1262 2353/1808/1284 2344/1801/1279
f 2344/1801/1279 2353/1808/1284 2346/1803/1280
f 2353/1808/1284 1638/1298/1015 2346/1803/1280
f 2346/1803/1280 1638/1298/1015 2348/1805/1281
f 1638/1298/1015 2351/1294/1283 2348/1805/1281
f 2354/1309/1007 1647/1305/1018 2355/1783/1259
f 1647/1305/1018 2356/1809/1285 2355/1783/1259
f 2355/1783/1259 2356/1809/1285 2320/1786/1262
f 2320/1786/1262 2356/1809/1285 2357/1808/1286
f 2356/1809/1285 2358/1299/1013 2357/1808/1286
f 2357/1808/1286 2358/1299/1013 2359/1298/1015
f 1647/1305/1018 2360/1300/1011 2356/1809/1285
f 2356/1809/1285 2360/1300/1011 2358/1299/1013
f 1431/1121/868 1432/1122/869 1464/1123/902
f 2361/1810/1287 2362/1811/1288 2363/1812/1289
f 2362/1811/1288 2364/1813/1290 2363/1812/1289
f 2363/1812/1289 2364/1813/1290 2365/1814/1291
f 2365/1814/1291 2364/1813/1290 2366/1815/1292
f 2364/1813/1290 2367/1816/1293 2366/1815/1292
f 2366/1815/1292 2367/1816/1293 2368/1817/1294
f 2367/1816/1293 2364/1813/1290 2369/1818/1295
f 2364/1813/1290 2362/1811/1288 2369/1818/1295
f 2362/1811/1288 2370/1819/1296 2369/1818/1295
f 2370/1819/1296 2371/1820/1297 2369/1818/1295
f 2369/1818/1295 2371/1820/1297 2372/1816/1298
f 2371/1820/1297 2373/1821/1299 2372/1816/1298
f 2372/1816/1298 2373/1821/1299 2374/1817/1300
f 2373/1821/1299 2375/1822/1301 2374/1817/1300
f 2374/1817/1300 2375/1822/1301 2376/1823/1302
f 2375/1822/1301 2377/1824/1303 2376/1823/1302
f 2376/1823/1302 2377/1824/1303 2378/1825/1304
f 2377/1824/1303 2379/1826/1305 2378/1825/1304
f 2378/1825/1304 2379/1826/1305 2380/1827/1306
f 2379/1826/1305 2381/1828/1307 2380/1827/1306
f 2380/1827/1306 2381/1828/1307 2382/1829/1308
f 2381/1828/1307 2383/1830/1309 2382/1829/1308
f 2382/1829/1308 2383/1830/1309 2384/1831/1310
f 2383/1830/1309 2385/1832/1311 2384/1831/1310
f 2384/1831/1310 2385/1832/1311 2386/1833/1312
f 2385/1832/1311 2383/1830/1309 2387/1834/249
f 2387/1834/249 2383/1830/1309 2388/1835/247
f 2383/1830/1309 2381/1828/1307 2388/1835/247
f 2388/1835/247 2381/1828/1307 2389/1836/1313
f 2381/1828/1307 2379/1826/1305 2389/1836/1313
f 2389/1836/1313 2379/1826/1305 2390/1837/243
f 2379/1826/1305 2377/1824/1303 2390/1837/243
f 2390/1837/243 2377/1824/1303 2391/1838/241
f 2377/1824/1303 2375/1822/1301 2391/1838/241
f 2391/1838/241 2375/1822/1301 2392/1839/230
f 2375/1822/1301 2373/1821/1299 2392/1839/230
f 2392/1839/230 2373/1821/1299 2393/1840/228
f 2373/1821/1299 2371/1820/1297 2393/1840/228
f 2393/1840/228 2371/1820/1297 2394/1841/227
f 2371/1820/1297 2370/1819/1296 2394/1841/227
f 2394/1841/227 2370/1819/1296 2395/1842/231
f 2370/1819/1296 2396/1843/1314 2395/1842/231
f 2395/1842/231 2396/1843/1314 2397/1844/220
f 2396/1843/1314 2398/1845/1315 2397/1844/220
f 2397/1844/220 2398/1845/1315 2210/1725/217
f 2210/1725/217 2398/1845/1315 2399/1726/1224
f 2398/1845/1315 2400/1846/1316 2399/1726/1224
f 2399/1726/1224 2400/1846/1316 2213/1728/1226
f 2370/1819/1296 2362/1811/1288 2396/1843/1314
f 2362/1811/1288 2401/1810/1317 2396/1843/1314
f 2396/1843/1314 2401/1810/1317 2398/1845/1315
f 2401/1810/1317 2400/1846/1316 2398/1845/1315
f 2402/1728/1226 2400/1846/1316 2403/1847/1318
f 2400/1846/1316 2404/1848/1319 2403/1847/1318
f 2403/1847/1318 2404/1848/1319 2405/1849/1036
f 2404/1848/1319 2406/1850/1036 2405/1849/1036
f 2405/1849/1036 2406/1850/1036 2407/1851/899
f 2406/1850/1036 2408/1852/899 2407/1851/899
f 2407/1851/899 2408/1852/899 2409/1853/899
f 2400/1846/1316 2410/1810/1287 2404/1848/1319
f 2410/1810/1287 2411/1812/1289 2404/1848/1319
f 2404/1848/1319 2411/1812/1289 2406/1850/1036
f 2411/1812/1289 2365/1814/1320 2406/1850/1036
f 2406/1850/1036 2365/1814/1320 2408/1852/899
f 2365/1814/1320 2412/1854/1134 2408/1852/899
f 2412/1854/1134 2413/1855/899 2408/1852/899
f 2408/1852/899 2413/1855/899 2409/1853/899
f 2409/1853/899 2413/1855/899 2414/1856/899
f 2413/1855/899 2415/1857/899 2414/1856/899
f 2414/1856/899 2415/1857/899 2416/1858/1197
f 2415/1857/899 2417/1859/1197 2416/1858/1197
f 2416/1858/1197 2417/1859/1197 2418/1860/1321
f 2417/1859/1197 2419/1861/1322 2418/1860/1321
f 2418/1860/1321 2419/1861/1322 2420/1227/1323
f 2420/1227/1323 2419/1861/1322 2421/1862/1324
f 2419/1861/1322 2422/1863/1325 2421/1862/1324
f 2421/1862/1324 2422/1863/1325 2423/1864/1326
f 2412/1854/1134 2365/1814/1320 2424/1815/1292
f 2422/1863/1325 2419/1861/1322 2425/1865/1327
f 2419/1861/1322 2417/1859/1197 2425/1865/1327
f 2425/1865/1327 2417/1859/1197 2426/1866/1024
f 2417/1859/1197 2415/1857/899 2426/1866/1024
f 2426/1866/1024 2415/1857/899 2427/1867/1328
f 2415/1857/899 2413/1855/899 2427/1867/1328
f 2413/1855/899 2412/1854/1134 2427/1867/1328
f 2427/1867/1328 2412/1854/1134 2428/1868/1329
f 2412/1854/1134 2424/1815/1292 2428/1868/1329
f 2424/1815/1292 2429/1817/1294 2428/1868/1329
f 2429/1817/1294 2430/1823/1330 2428/1868/1329
f 2430/1823/1330 2431/1869/1331 2428/1868/1329
f 2428/1868/1329 2431/1869/1331 2427/1867/1328
f 2427/1867/1328 2431/1869/1331 2426/1866/1024
f 2431/1869/1331 2432/1870/1332 2426/1866/1024
f 2426/1866/1024 2432/1870/1332 2425/1865/1327
f 2425/1865/1327 2432/1870/1332 2433/1871/1333
f 2432/1870/1332 2434/1827/1334 2433/1871/1333
f 2433/1871/1333 2434/1827/1334 2435/1829/1335
f 2434/1827/1334 2432/1870/1332 2436/1825/1336
f 2432/1870/1332 2431/1869/1331 2436/1825/1336
f 2436/1825/1336 2431/1869/1331 2430/1823/1330
f 2437/1865/1327 2439/1871/1333 2438/1863/1325
f 2438/1863/1325 2439/1871/1333 2440/1872/1337
f 2439/1871/1333 2435/1829/1338 2440/1872/1337
f 2435/1829/1338 2441/1831/1310 2440/1872/1337
f 2440/1872/1337 2441/1831/1310 2442/1873/1339
f 2441/1831/1310 2386/1833/1340 2442/1873/1339
f 2442/1873/1339 2443/1864/1326 2440/1872/1337
f 2443/1864/1326 2438/1863/1325 2440/1872/1337
f 1553/1226/272 2444/1225/956 2445/1874/271
f 2444/1225/956 2446/1875/1341 2445/1874/271
f 2445/1874/271 2446/1875/1341 2447/1876/99
f 2446/1875/1341 2448/1877/1342 2447/1876/99
f 2447/1876/99 2448/1877/1342 2449/1878/1343
f 2448/1877/1342 2450/1879/1344 2449/1878/1343
f 2449/1878/1343 2450/1879/1344 2451/1880/259
f 2451/1880/259 2450/1879/1344 2452/1881/1345
f 2450/1879/1344 2453/1873/1346 2452/1881/1345
f 2453/1873/1346 2386/1833/1312 2452/1881/1345
f 2386/1833/1312 2385/1832/1311 2452/1881/1345
f 2385/1832/1311 2454/1882/262 2452/1881/1345
f 2452/1881/1345 2454/1882/262 2451/1880/259
f 2453/1873/1346 2450/1879/1344 2443/1864/1326
f 2450/1879/1344 2448/1877/1342 2443/1864/1326
f 2443/1864/1326 2448/1877/1342 2455/1862/1347
f 2448/1877/1342 2446/1875/1341 2455/1862/1347
f 2455/1862/1347 2446/1875/1341 2420/1227/957
f 2446/1875/1341 2444/1225/956 2420/1227/957
f 2387/1834/249 2454/1882/262 2385/1832/1311
f 2456/1883/1348 2458/1884/1349 2457/1885/1350
f 2457/1885/1350 2458/1884/1349 2459/1886/1351
f 2458/1884/1349 2460/1887/1352 2459/1886/1351
f 2460/1887/1352 2461/1888/1353 2459/1886/1351
f 2459/1886/1351 2461/1888/1353 2462/1889/1354
f 2461/1888/1353 2463/1890/1355 2462/1889/1354
f 2457/1885/1350 2459/1886/1351 2464/1891/1356
f 2459/1886/1351 2462/1889/1354 2464/1891/1356
f 2465/1888/1357 2460/1887/1358 2466/1892/1359
f 2466/1892/1359 2460/1887/1358 2467/1893/1360
f 2460/1887/1358 2468/1884/1361 2467/1893/1360
f 2467/1893/1360 2468/1884/1361 2469/1894/1362
f 2468/1884/1361 2470/1883/1363 2469/1894/1362
f 2469/1894/1362 2470/1883/1363 2471/1895/1364
f 2470/1883/1363 2472/1896/1365 2471/1895/1364
f 2471/1895/1364 2472/1896/1365 2473/1897/1366
f 2472/1896/1365 2474/1898/1367 2473/1897/1366
f 2473/1897/1366 2475/1899/1368 2471/1895/1364
f 2475/1899/1368 2476/1900/476 2471/1895/1364
f 2471/1895/1364 2476/1900/476 2469/1894/1362
f 2476/1900/476 2477/1901/471 2469/1894/1362
f 2469/1894/1362 2477/1901/471 2467/1893/1360
f 2477/1901/471 2478/1902/461 2467/1893/1360
f 2467/1893/1360 2478/1902/461 2466/1892/1359
f 2478/1902/461 2479/1903/459 2466/1892/1359
f 2466/1892/1359 2479/1903/459 2480/1904/1369
f 2479/1903/459 2481/1905/278 2480/1904/1369
f 2480/1904/1369 2481/1905/278 2482/1906/1370
f 2481/1905/278 2483/1907/462 2482/1906/1370
f 2482/1906/1370 2483/1907/462 2484/1908/1371
f 2483/1907/462 2485/1909/1372 2484/1908/1371
f 2485/1909/1372 2486/1910/1373 2484/1908/1371
f 2486/1910/1373 2487/1911/1374 2484/1908/1371
f 2487/1911/1374 2488/1912/1375 2484/1908/1371
f 2484/1908/1371 2488/1912/1375 2482/1906/1370
f 2488/1912/1375 2489/1890/1376 2482/1906/1370
f 2482/1906/1370 2489/1890/1376 2480/1904/1369
f 2489/1890/1376 2465/1888/1357 2480/1904/1369
f 2480/1904/1369 2465/1888/1357 2466/1892/1359
f 2485/1909/1372 2490/1913/1377 2486/1910/1373
f 2486/1910/1373 2490/1913/1377 2491/1914/1378
f 2490/1913/1377 2492/1915/447 2491/1914/1378
f 2491/1914/1378 2492/1915/447 2493/1916/1379
f 2492/1915/447 2494/1917/451 2493/1916/1379
f 2493/1916/1379 2494/1917/451 2495/1918/1380
f 2494/1917/451 2496/1919/436 2495/1918/1380
f 2495/1918/1380 2496/1919/436 2497/1920/1381
f 2496/1919/436 2498/1921/434 2497/1920/1381
f 2497/1920/1381 2498/1921/434 2499/1922/1382
f 2498/1921/434 2500/1923/432 2499/1922/1382
f 2499/1922/1382 2500/1923/432 2501/1924/1383
f 2500/1923/432 2502/1925/430 2501/1924/1383
f 2501/1924/1383 2502/1925/430 2503/1926/1384
f 2502/1925/430 2504/1927/429 2503/1926/1384
f 2503/1926/1384 2504/1927/429 2505/1550/1385
f 2504/1927/429 1991/1551/140 2505/1550/1385
f 2487/1911/1374 2486/1910/1373 2506/1928/1386
f 2486/1910/1373 2491/1914/1378 2506/1928/1386
f 2506/1928/1386 2491/1914/1378 2507/1929/1387
f 2491/1914/1378 2493/1916/1379 2507/1929/1387
f 2505/1550/1385 1993/1553/1160 2503/1926/1384
f 1993/1553/1160 2508/1930/1388 2503/1926/1384
f 2503/1926/1384 2508/1930/1388 2501/1924/1383
f 2508/1930/1388 2509/1931/1389 2501/1924/1383
f 2501/1924/1383 2509/1931/1389 2499/1922/1382
f 2509/1931/1389 2510/1932/1390 2499/1922/1382
f 2499/1922/1382 2510/1932/1390 2497/1920/1381
f 2510/1932/1390 2511/1933/1391 2497/1920/1381
f 2497/1920/1381 2511/1933/1391 2495/1918/1380
f 2511/1933/1391 2512/1934/1392 2495/1918/1380
f 2495/1918/1380 2512/1934/1392 2493/1916/1379
f 2512/1934/1392 2507/1929/1387 2493/1916/1379
f 2511/1933/1391 2510/1932/1390 2512/1934/1392
f 2510/1932/1390 2513/1935/1393 2512/1934/1392
f 2512/1934/1392 2513/1935/1393 2514/1929/1394
f 2514/1929/1394 2513/1935/1393 2515/1936/1395
f 2513/1935/1393 2516/1937/1396 2515/1936/1395
f 2515/1936/1395 2516/1937/1396 2517/1938/1112
f 2510/1932/1390 2518/1931/1397 2513/1935/1393
f 2513/1935/1393 2518/1931/1397 2516/1937/1396
f 2519/1931/1398 2520/1930/1399 2516/1937/1396
f 2516/1937/1396 2520/1930/1399 2521/1939/1400
f 2520/1930/1399 2522/1553/1160 2521/1939/1400
f 2522/1553/1160 2523/1940/1401 2521/1939/1400
f 2521/1939/1400 2523/1940/1401 2524/1941/889
f 2523/1940/1401 2525/1942/898 2524/1941/889
f 2524/1941/889 2525/1942/898 2526/1943/899
f 2525/1942/898 2527/1944/899 2526/1943/899
f 2526/1943/899 2527/1944/899 2528/1945/899
f 2527/1944/899 2529/1946/899 2528/1945/899
f 2528/1945/899 2529/1946/899 2530/1947/899
f 2529/1946/899 2531/1948/899 2530/1947/899
f 2530/1947/899 2531/1948/899 2532/1949/1006
f 2531/1948/899 2533/1950/904 2532/1949/1006
f 2532/1949/1006 2533/1950/904 2534/1951/1402
f 2533/1950/904 2535/1952/1403 2534/1951/1402
f 2534/1951/1402 2535/1952/1403 2536/1896/1365
f 2535/1952/1403 2537/1898/1404 2536/1896/1365
f 2516/1937/1396 2521/1939/1400 2538/1938/1112
f 2521/1939/1400 2524/1941/889 2538/1938/1112
f 2536/1896/1365 2539/1883/1348 2534/1951/1402
f 2539/1883/1348 2540/1885/1350 2534/1951/1402
f 2534/1951/1402 2540/1885/1350 2532/1949/1006
f 2540/1885/1350 2541/1891/1356 2532/1949/1006
f 2532/1949/1006 2541/1891/1356 2530/1947/899
f 2541/1891/1356 2542/1953/1405 2530/1947/899
f 2530/1947/899 2542/1953/1405 2528/1945/899
f 2542/1953/1405 2543/1954/1406 2528/1945/899
f 2528/1945/899 2543/1954/1406 2526/1943/899
f 2543/1954/1406 2544/1955/1407 2526/1943/899
f 2526/1943/899 2544/1955/1407 2524/1941/889
f 2524/1941/889 2544/1955/1407 2538/1938/1112
f 2544/1955/1407 2545/1956/1408 2538/1938/1112
f 2538/1938/1112 2545/1956/1408 2546/1936/1395
f 2545/1956/1408 2547/1928/1409 2546/1936/1395
f 2546/1936/1395 2547/1928/1409 2507/1929/1387
f 2541/1891/1356 2548/1889/1410 2542/1953/1405
f 2542/1953/1405 2548/1889/1410 2549/1957/1411
f 2548/1889/1410 2550/1890/1355 2549/1957/1411
f 2550/1890/1355 2551/1912/1412 2549/1957/1411
f 2549/1957/1411 2551/1912/1412 2552/1958/1413
f 2551/1912/1412 2553/1911/1374 2552/1958/1413
f 2552/1958/1413 2553/1911/1374 2545/1956/1408
f 2553/1911/1374 2547/1928/1409 2545/1956/1408
f 2545/1956/1408 2544/1955/1407 2552/1958/1413
f 2544/1955/1407 2543/1954/1406 2552/1958/1413
f 2552/1958/1413 2543/1954/1406 2549/1957/1411
f 2543/1954/1406 2542/1953/1405 2549/1957/1411
f 2554/1959/1414 2555/1960/1415 2556/1961/1416
f 2555/1960/1415 2557/1962/1417 2556/1961/1416
f 2556/1961/1416 2557/1962/1417 2558/1963/1320
f 2558/1963/1320 2557/1962/1417 2559/1964/1418
f 2557/1962/1417 2560/1965/1419 2559/1964/1418
f 2559/1964/1418 2560/1965/1419 2561/1966/1420
f 2555/1960/1415 2562/1967/1421 2557/1962/1417
f 2557/1962/1417 2562/1967/1421 2560/1965/1419
f 2560/1965/1419 2562/1967/1421 2563/1968/1422
f 2563/1968/1422 2562/1967/1421 2564/1969/1423
f 2562/1967/1421 2565/1960/1424 2564/1969/1423
f 2564/1969/1423 2565/1960/1424 2566/1970/1425
f 2565/1960/1424 2567/1959/1414 2566/1970/1425
f 2566/1970/1425 2567/1959/1414 2568/1971/1426
f 2567/1959/1414 2569/1972/1427 2568/1971/1426
f 2568/1971/1426 2569/1972/1427 2570/1973/1428
f 2569/1972/1427 2571/1974/1429 2570/1973/1428
f 2570/1973/1428 2572/1975/588 2568/1971/1426
f 2572/1975/588 2573/1976/586 2568/1971/1426
f 2568/1971/1426 2573/1976/586 2566/1970/1425
f 2573/1976/586 2574/1977/584 2566/1970/1425
f 2566/1970/1425 2574/1977/584 2564/1969/1423
f 2574/1977/584 2575/1978/575 2564/1969/1423
f 2564/1969/1423 2575/1978/575 2563/1968/1422
f 2575/1978/575 2576/1979/573 2563/1968/1422
f 2563/1968/1422 2576/1979/573 2577/1980/1430
f 2576/1979/573 2578/1981/572 2577/1980/1430
f 2577/1980/1430 2578/1981/572 2579/1982/1431
f 2578/1981/572 2580/1983/564 2579/1982/1431
f 2579/1982/1431 2580/1983/564 2581/1984/1432
f 2580/1983/564 2582/1985/562 2581/1984/1432
f 2581/1984/1432 2582/1985/562 2583/1986/1433
f 2582/1985/562 2584/1987/561 2583/1986/1433
f 2583/1986/1433 2584/1987/561 2585/1988/1434
f 2584/1987/561 2586/1989/566 2585/1988/1434
f 2585/1988/1434 2586/1989/566 2587/1990/1435
f 2586/1989/566 2588/1991/565 2587/1990/1435
f 2587/1990/1435 2588/1991/565 2589/1992/1436
f 2588/1991/565 2590/1993/548 2589/1992/1436
f 2589/1992/1436 2590/1993/548 2591/1994/1437
f 2590/1993/548 2592/1995/546 2591/1994/1437
f 2591/1994/1437 2592/1995/546 2593/1996/1438
f 2592/1995/546 2594/1997/544 2593/1996/1438
f 2593/1996/1438 2594/1997/544 2595/1998/1439
f 2594/1997/544 2596/1999/271 2595/1998/1439
f 2595/1998/1439 2596/1999/271 2597/2000/1440
f 2596/1999/271 2598/2001/271 2597/2000/1440
f 2597/2000/1440 2598/2001/271 2599/2002/1441
f 2598/2001/271 2600/2003/539 2599/2002/1441
f 2563/1968/1422 2577/1980/1430 2560/1965/1419
f 2560/1965/1419 2577/1980/1430 2601/1966/1442
f 2577/1980/1430 2579/1982/1431 2601/1966/1442
f 2599/2002/1441 2602/2004/1443 2597/2000/1440
f 2602/2004/1443 2603/2005/1444 2597/2000/1440
f 2597/2000/1440 2603/2005/1444 2595/1998/1439
f 2603/2005/1444 2604/2006/1445 2595/1998/1439
f 2595/1998/1439 2604/2006/1445 2593/1996/1438
f 2604/2006/1445 2605/2007/960 2593/1996/1438
f 2593/1996/1438 2605/2007/960 2591/1994/1437
f 2605/2007/960 2606/2008/1446 2591/1994/1437
f 2591/1994/1437 2606/2008/1446 2589/1992/1436
f 2606/2008/1446 2607/2009/1447 2589/1992/1436
f 2589/1992/1436 2607/2009/1447 2587/1990/1435
f 2607/2009/1447 2608/2010/1448 2587/1990/1435
f 2587/1990/1435 2608/2010/1448 2585/1988/1434
f 2608/2010/1448 2609/2011/1449 2585/1988/1434
f 2585/1988/1434 2609/2011/1449 2583/1986/1433
f 2609/2011/1449 2610/2012/1450 2583/1986/1433
f 2583/1986/1433 2610/2012/1450 2581/1984/1432
f 2610/2012/1450 2611/2013/1451 2581/1984/1432
f 2581/1984/1432 2611/2013/1451 2579/1982/1431
f 2611/2013/1451 2601/1966/1442 2579/1982/1431
f 2612/1964/1452 2601/1966/1453 2613/2014/1454
f 2601/1966/1453 2614/2013/1455 2613/2014/1454
f 2613/2014/1454 2615/2015/1456 2612/1964/1452
f 2612/1964/1452 2615/2015/1456 2616/1963/1320
f 2615/2015/1456 2617/2016/899 2616/1963/1320
f 2617/2016/899 2618/2017/1036 2616/1963/1320
f 2616/1963/1320 2618/2017/1036 2619/1961/1416
f 2618/2017/1036 2620/2018/1457 2619/1961/1416
f 2619/1961/1416 2620/2018/1457 2621/1959/1414
f 2621/1959/1414 2620/2018/1457 2622/1972/1427
f 2620/2018/1457 2623/2019/1458 2622/1972/1427
f 2622/1972/1427 2623/2019/1458 2624/1974/1459
f 2623/2019/1458 2620/2018/1457 2625/2020/1036
f 2620/2018/1457 2618/2017/1036 2625/2020/1036
f 2625/2020/1036 2618/2017/1036 2626/2021/899
f 2618/2017/1036 2617/2016/899 2626/2021/899
f 2626/2021/899 2617/2016/899 2627/2022/899
f 2627/2022/899 2617/2016/899 2628/2023/899
f 2617/2016/899 2615/2015/1456 2628/2023/899
f 2628/2023/899 2615/2015/1456 2629/2024/1024
f 2615/2015/1456 2613/2014/1454 2629/2024/1024
f 2629/2024/1024 2613/2014/1454 2630/2025/1331
f 2613/2014/1454 2614/2013/1455 2630/2025/1331
f 2614/2013/1455 2610/2012/1450 2630/2025/1331
f 2630/2025/1331 2610/2012/1450 2631/2026/1460
f 2610/2012/1450 2609/2011/1449 2631/2026/1460
f 2631/2026/1460 2609/2011/1449 2632/2027/1461
f 2609/2011/1449 2633/2010/1462 2632/2027/1461
f 2632/2027/1461 2634/2028/1356 2631/2026/1460
f 2634/2028/1356 2635/2029/1024 2631/2026/1460
f 2631/2026/1460 2635/2029/1024 2630/2025/1331
f 2630/2025/1331 2635/2029/1024 2629/2024/1024
f 2635/2029/1024 2636/2030/899 2629/2024/1024
f 2629/2024/1024 2636/2030/899 2628/2023/899
f 2636/2030/899 2637/2031/899 2628/2023/899
f 2628/2023/899 2637/2031/899 2627/2022/899
f 2637/2031/899 2636/2030/899 2638/2032/1197
f 2638/2032/1197 2636/2030/899 2639/2033/1197
f 2636/2030/899 2635/2029/1024 2639/2033/1197
f 2635/2029/1024 2634/2028/1356 2639/2033/1197
f 2639/2033/1197 2634/2028/1356 2640/2034/1463
f 2634/2028/1356 2641/2035/1464 2640/2034/1463
f 2640/2034/1463 2641/2035/1464 2642/2005/1444
f 2641/2035/1464 2643/2006/1465 2642/2005/1444
f 2642/2005/1444 2644/2004/1466 2640/2034/1463
f 2644/2004/1466 2645/2036/1467 2640/2034/1463
f 2640/2034/1463 2645/2036/1467 2639/2033/1197
f 2645/2036/1467 2638/2032/1197 2639/2033/1197
f 2644/2004/1466 2646/2037/1468 2645/2036/1467
f 2646/2037/1468 2647/2038/1469 2645/2036/1467
f 2645/2036/1467 2647/2038/1469 2648/2032/1197
f 2647/2038/1469 2649/2039/1197 2648/2032/1197
f 2648/2032/1197 2649/2039/1197 2650/2031/899
f 2649/2039/1197 2651/2040/899 2650/2031/899
f 2650/2031/899 2651/2040/899 2627/2022/899
f 2651/2040/899 2652/2041/899 2627/2022/899
f 2627/2022/899 2652/2041/899 2626/2021/899
f 2652/2041/899 2653/2042/899 2626/2021/899
f 2626/2021/899 2653/2042/899 2625/2020/1036
f 2653/2042/899 2654/2043/1036 2625/2020/1036
f 2625/2020/1036 2654/2043/1036 2655/2019/1458
f 2654/2043/1036 2656/2044/1318 2655/2019/1458
f 2655/2019/1458 2656/2044/1318 2657/1974/1429
f 2657/1974/1429 2656/2044/1318 2658/2045/1470
f 2658/2045/1470 2656/2044/1318 2659/2046/1471
f 2659/2046/1471 2656/2044/1318 2660/2047/1036
f 2656/2044/1318 2654/2043/1036 2660/2047/1036
f 2660/2047/1036 2654/2043/1036 2661/2048/899
f 2654/2043/1036 2653/2042/899 2661/2048/899
f 2661/2048/899 2653/2042/899 2662/2049/899
f 2653/2042/899 2652/2041/899 2662/2049/899
f 2662/2049/899 2652/2041/899 2663/2050/899
f 2652/2041/899 2651/2040/899 2663/2050/899
f 2663/2050/899 2651/2040/899 2664/2051/1197
f 2651/2040/899 2649/2039/1197 2664/2051/1197
f 2664/2051/1197 2649/2039/1197 2665/2052/1472
f 2649/2039/1197 2647/2038/1469 2665/2052/1472
f 2665/2052/1472 2647/2038/1469 2666/2053/1473
f 2647/2038/1469 2646/2037/1468 2666/2053/1473
f 2666/2053/1473 2667/2054/1474 2665/2052/1472
f 2667/2054/1474 2668/2055/1475 2665/2052/1472
f 2665/2052/1472 2668/2055/1475 2664/2051/1197
f 2668/2055/1475 2669/2056/1197 2664/2051/1197
f 2664/2051/1197 2669/2056/1197 2663/2050/899
f 2669/2056/1197 2670/2057/899 2663/2050/899
f 2663/2050/899 2670/2057/899 2662/2049/899
f 2670/2057/899 2671/2058/899 2662/2049/899
f 2662/2049/899 2671/2058/899 2661/2048/899
f 2671/2058/899 2672/2059/899 2661/2048/899
f 2661/2048/899 2672/2059/899 2660/2047/1036
f 2672/2059/899 2673/2060/1036 2660/2047/1036
f 2660/2047/1036 2673/2060/1036 2659/2046/1471
f 2673/2060/1036 2674/2061/1476 2659/2046/1471
f 2659/2046/1471 2674/2061/1476 2675/2062/1477
f 2675/2062/1477 2674/2061/1476 2676/2063/1478
f 2674/2061/1476 2677/1664/1479 2676/2063/1478
f 2676/2063/1478 2677/1664/1479 2678/1663/1194
f 2667/2054/1474 2679/1686/1480 2668/2055/1475
f 2679/1686/1480 2680/1684/1198 2668/2055/1475
f 2668/2055/1475 2680/1684/1198 2669/2056/1197
f 2658/2045/1470 2659/2046/1471 2675/2062/1477
f 2677/1664/1479 2674/2061/1476 2145/1666/1036
f 2674/2061/1476 2673/2060/1036 2145/1666/1036
f 2145/1666/1036 2673/2060/1036 2681/1676/899
f 2673/2060/1036 2672/2059/899 2681/1676/899
f 2681/1676/899 2672/2059/899 2682/1677/899
f 2672/2059/899 2671/2058/899 2682/1677/899
f 2682/1677/899 2671/2058/899 2683/1680/899
f 2671/2058/899 2670/2057/899 2683/1680/899
f 2683/1680/899 2670/2057/899 2684/1682/1197
f 2670/2057/899 2669/2056/1197 2684/1682/1197
f 2684/1682/1197 2669/2056/1197 2680/1684/1198
f 2685/1974/1429 2658/2045/1470 2686/1973/1428
f 2686/1973/1428 2658/2045/1470 2687/2064/1481
f 2658/2045/1470 2688/2062/1477 2687/2064/1481
f 2687/2064/1481 2688/2062/1477 2689/2065/1482
f 2688/2062/1477 2690/2063/1483 2689/2065/1482
f 2690/2063/1483 2691/2066/1484 2689/2065/1482
f 2689/2065/1482 2691/2066/1484 2692/2067/799
f 2692/2067/799 2691/2066/1484 2693/2068/798
f 2691/2066/1484 2694/2069/1485 2693/2068/798
f 2693/2068/798 2694/2069/1485 2695/2070/656
f 2686/1973/1428 2687/2064/1481 2572/1975/588
f 2572/1975/588 2687/2064/1481 2696/2071/797
f 2687/2064/1481 2689/2065/1482 2696/2071/797
f 2696/2071/797 2689/2065/1482 2692/2067/799
f 2694/2069/1485 2691/2066/1484 2697/1663/1486
f 2697/1663/1486 2691/2066/1484 2690/2063/1483
f 2695/2070/656 2699/2069/1487 2698/2072/785
f 2698/2072/785 2699/2069/1487 2700/2073/1488
f 2699/2069/1487 2697/1663/1194 2700/2073/1488
f 2697/1663/1194 2701/1661/1191 2700/2073/1488
f 2700/2073/1488 2701/1661/1191 2702/2074/1488
f 2701/1661/1191 2703/1659/1191 2702/2074/1488
f 2702/2074/1488 2703/1659/1191 2704/2075/1489
f 2703/1659/1191 2705/1660/1192 2704/2075/1489
f 2704/2075/1489 2705/1660/1192 1945/1506/1137
f 2705/1660/1192 1936/1502/1131 1945/1506/1137
f 2698/2072/785 2700/2073/1488 2706/2076/1490
f 2700/2073/1488 2702/2074/1488 2706/2076/1490
f 2706/2076/1490 2702/2074/1488 2707/2077/648
f 2702/2074/1488 2704/2075/1489 2707/2077/648
f 2707/2077/648 2704/2075/1489 2708/2078/649
f 2704/2075/1489 1945/1506/1137 2708/2078/649
f 2708/2078/649 1945/1506/1137 1944/1505/650
f 2709/1247/1491 2711/2079/1492 2710/1246/1493
f 2710/1246/1493 2711/2079/1492 2712/2080/1494
f 2711/2079/1492 2713/2081/1495 2712/2080/1494
f 2713/2081/1495 2714/2082/1017 2712/2080/1494
f 2712/2080/1494 2714/2082/1017 2715/2083/1496
f 2714/2082/1017 2716/2084/1006 2715/2083/1496
f 2715/2083/1496 2716/2084/1006 2717/2085/1497
f 2716/2084/1006 2718/2086/904 2717/2085/1497
f 2717/2085/1497 2718/2086/904 2719/1437/1498
f 2718/2086/904 2720/1438/1082 2719/1437/1498
f 2710/1246/1493 2712/2080/1494 2721/1245/975
f 2712/2080/1494 2715/2083/1496 2721/1245/975
f 2721/1245/975 2715/2083/1496 1571/1244/974
f 2715/2083/1496 2717/2085/1497 1571/1244/974
f 1571/1244/974 2717/2085/1497 2722/1243/1081
f 2717/2085/1497 2719/1437/1498 2722/1243/1081
f 2713/2081/1499 2723/2079/1500 2724/2087/1501
f 2723/2079/1500 2725/2088/1502 2724/2087/1501
f 2724/2087/1501 2725/2088/1502 2726/1251/1503
f 2726/1251/1503 2725/2088/1502 2727/1250/1504
f 2725/2088/1502 2728/1248/1505 2727/1250/1504
f 2727/1250/1504 2728/1248/1505 1576/1249/1506
f 2723/2079/1500 2729/1247/1507 2725/2088/1502
f 2725/2088/1502 2729/1247/1507 2728/1248/1505
f 2730/1253/1508 2732/2089/1509 2731/1252/981
f 2731/1252/981 2732/2089/1509 2733/2090/1510
f 2732/2089/1509 2734/2091/1245 2733/2090/1510
f 2733/2090/1510 2734/2091/1245 2735/2092/1511
f 2734/2091/1245 2736/2093/899 2735/2092/1511
f 2736/2093/899 2737/2094/899 2735/2092/1511
f 2735/2092/1511 2737/2094/899 2738/2081/1499
f 2738/2081/1499 2737/2094/899 2739/2082/1017
f 2737/2094/899 2740/2095/899 2739/2082/1017
f 2739/2082/1017 2740/2095/899 2741/2084/904
f 2731/1252/981 2733/2090/1510 2726/1251/1503
f 2726/1251/1503 2733/2090/1510 2742/2087/1501
f 2733/2090/1510 2735/2092/1511 2742/2087/1501
f 2742/2087/1501 2735/2092/1511 2738/2081/1499
f 2736/2093/899 2743/2096/899 2737/2094/899
f 2737/2094/899 2743/2096/899 2740/2095/899
f 2743/2096/899 2744/2097/899 2740/2095/899
f 2740/2095/899 2744/2097/899 2745/2098/899
f 2744/2097/899 2746/1417/1512 2745/2098/899
f 2745/2098/899 2746/1417/1512 2747/2099/1512
f 2746/1417/1512 2748/1419/1055 2747/2099/1512
f 2747/2099/1512 2748/1419/1055 2749/2100/1513
f 2748/1419/1055 2750/1237/1076 2749/2100/1513
f 2750/1237/1076 2751/1238/968 2749/2100/1513
f 2749/2100/1513 2751/1238/968 2752/1435/1077
f 2751/1238/968 2753/1239/969 2752/1435/1077
f 2740/2095/899 2745/2098/899 2741/2084/904
f 2741/2084/904 2745/2098/899 2754/2086/904
f 2745/2098/899 2747/2099/1512 2754/2086/904
f 2754/2086/904 2747/2099/1512 2755/1438/1082
f 2747/2099/1512 2749/2100/1513 2755/1438/1082
f 2755/1438/1082 2749/2100/1513 2752/1435/1077
f 2756/1331/1024 2758/1418/1054 2757/1329/899
f 2757/1329/899 2758/1418/1054 2759/2101/899
f 2758/1418/1054 2760/1417/1054 2759/2101/899
f 2760/1417/1054 2744/2097/899 2759/2101/899
f 2759/2101/899 2744/2097/899 2761/2102/899
f 2744/2097/899 2743/2096/899 2761/2102/899
f 2761/2102/899 2743/2096/899 2762/2103/899
f 2743/2096/899 2763/2093/899 2762/2103/899
f 2762/2103/899 2763/2093/899 2764/2104/1245
f 2763/2093/899 2765/2091/1245 2764/2104/1245
f 2757/1329/899 2759/2101/899 2766/1328/899
f 2759/2101/899 2761/2102/899 2766/1328/899
f 2766/1328/899 2761/2102/899 2767/1333/899
f 2761/2102/899 2762/2103/899 2767/1333/899
f 2767/1333/899 2762/2103/899 2768/1334/1020
f 2762/2103/899 2764/2104/1245 2768/1334/1020
f 2769/2105/1514 2770/2106/1515 2771/2107/1516
f 2770/2106/1515 2772/2108/1517 2771/2107/1516
f 2771/2107/1516 2772/2108/1517 2059/1597/1019
f 2059/1597/1019 2772/2108/1517 2052/1590/1021
f 2772/2108/1517 2773/2109/1518 2052/1590/1021
f 2052/1590/1021 2773/2109/1518 2051/1589/1038
f 2770/2106/1515 2774/2110/1519 2772/2108/1517
f 2772/2108/1517 2774/2110/1519 2773/2109/1518
f 2051/1589/1520 2776/2111/904 2775/1587/899
f 2776/2111/904 2777/2112/899 2775/1587/899
f 2775/1587/899 2777/2112/899 2778/1585/899
f 2777/2112/899 2779/2113/899 2778/1585/899
f 2778/1585/899 2779/2113/899 2046/1584/899
f 2779/2113/899 2780/2114/899 2046/1584/899
f 2046/1584/899 2780/2114/899 2781/1583/1521
f 2780/2114/899 2782/2115/1011 2781/1583/1521
f 2781/1583/1521 2782/2115/1011 2783/1580/1184
f 2782/2115/1011 2784/2116/1522 2783/1580/1184
f 2783/1580/1184 2784/2116/1522 2785/1557/1185
f 2785/1557/1185 2784/2116/1522 2786/1556/1163
f 2784/2116/1522 2787/2117/1523 2786/1556/1163
f 2786/1556/1163 2787/2117/1523 2788/1555/1162
f 2787/2117/1523 2784/2116/1522 2789/2118/1007
f 2784/2116/1522 2782/2115/1011 2789/2118/1007
f 2789/2118/1007 2782/2115/1011 2790/2119/899
f 2782/2115/1011 2780/2114/899 2790/2119/899
f 2790/2119/899 2780/2114/899 2791/2120/899
f 2780/2114/899 2779/2113/899 2791/2120/899
f 2791/2120/899 2779/2113/899 2792/2121/899
f 2779/2113/899 2777/2112/899 2792/2121/899
f 2792/2121/899 2777/2112/899 2793/2122/904
f 2777/2112/899 2776/2111/904 2793/2122/904
f 2793/2122/904 2776/2111/904 2794/2123/1524
f 2776/2111/904 2795/2124/994 2794/2123/1524
f 2794/2123/1524 2795/2124/994 2796/2125/1525
f 2796/2125/1525 2795/2124/994 2797/2126/1526
f 2795/2124/994 2798/2109/1518 2797/2126/1526
f 2797/2126/1526 2798/2109/1518 2799/2110/1519
f 2776/2111/904 2051/1589/1520 2795/2124/994
f 2795/2124/994 2051/1589/1520 2798/2109/1518
f 2796/2125/1525 2800/2127/1527 2794/2123/1524
f 2794/2123/1524 2800/2127/1527 2801/2128/1528
f 2800/2127/1527 2802/1898/1529 2801/2128/1528
f 2802/1898/1529 2803/1952/1403 2801/2128/1528
f 2801/2128/1528 2803/1952/1403 2804/2129/1006
f 2803/1952/1403 2805/1950/904 2804/2129/1006
f 2804/2129/1006 2805/1950/904 2806/2130/899
f 2805/1950/904 2807/1948/899 2806/2130/899
f 2806/2130/899 2807/1948/899 2808/2131/899
f 2807/1948/899 2809/1946/899 2808/2131/899
f 2794/2123/1524 2801/2128/1528 2793/2122/904
f 2801/2128/1528 2804/2129/1006 2793/2122/904
f 2793/2122/904 2804/2129/1006 2792/2121/899
f 2804/2129/1006 2806/2130/899 2792/2121/899
f 2792/2121/899 2806/2130/899 2791/2120/899
f 2806/2130/899 2808/2131/899 2791/2120/899
f 2791/2120/899 2808/2131/899 2790/2119/899
f 2808/2131/899 2810/2132/899 2790/2119/899
f 2790/2119/899 2810/2132/899 2789/2118/1007
f 2810/2132/899 2811/2133/889 2789/2118/1007
f 2789/2118/1007 2811/2133/889 2787/2117/1523
f 2811/2133/889 2812/2134/1530 2787/2117/1523
f 2787/2117/1523 2812/2134/1530 2788/1555/1162
f 2788/1555/1162 2812/2134/1530 1994/1554/1531
f 2812/2134/1530 2813/1940/1401 1994/1554/1531
f 1994/1554/1531 2813/1940/1401 2522/1553/1160
f 2808/2131/899 2809/1946/899 2810/2132/899
f 2809/1946/899 2814/1944/899 2810/2132/899
f 2810/2132/899 2814/1944/899 2811/2133/889
f 2814/1944/899 2815/1942/889 2811/2133/889
f 2811/2133/889 2815/1942/889 2812/2134/1530
f 2815/1942/889 2813/1940/1401 2812/2134/1530
f 2816/1597/1038 2817/1599/1520 2818/2107/1532
f 2817/1599/1520 2819/2135/1533 2818/2107/1532
f 2818/2107/1532 2819/2135/1533 2820/2105/1514
f 2820/2105/1514 2819/2135/1533 2821/2136/1534
f 2819/2135/1533 2822/2137/1535 2821/2136/1534
f 2821/2136/1534 2822/2137/1535 2266/1757/1248
f 2822/2137/1535 2819/2135/1533 2823/1600/1406
f 2823/1600/1406 2819/2135/1533 2817/1599/1520
f 2824/1604/1017 2826/1616/1017 2825/1601/1017
f 2825/1601/1017 2826/1616/1017 2827/2138/1536
f 2826/1616/1017 2083/1618/1020 2827/2138/1536
f 2083/1618/1020 2828/1755/1246 2827/2138/1536
f 2827/2138/1536 2828/1755/1246 2829/2137/1535
f 2828/1755/1246 2266/1757/1248 2829/2137/1535
f 2825/1601/1017 2827/2138/1536 2823/1600/1020
f 2827/2138/1536 2829/2137/1535 2823/1600/1020
f 2338/1795/1277 2830/2139/347 2337/1794/1275
f 2830/2139/347 2831/2140/1537 2337/1794/1275
f 2337/1794/1275 2831/2140/1537 2266/1757/1276
f 2266/1757/1276 2831/2140/1537 2832/2136/1538
f 2831/2140/1537 2833/2141/1539 2832/2136/1538
f 2832/2136/1538 2833/2141/1539 2820/2105/1540
f 2820/2105/1540 2833/2141/1539 2834/2142/1541
f 2833/2141/1539 2835/2143/337 2834/2142/1541
f 2835/2143/337 2836/2144/335 2834/2142/1541
f 2834/2142/1541 2836/2144/335 2837/2145/1542
f 2836/2144/335 2838/2146/333 2837/2145/1542
f 2837/2145/1542 2838/2146/333 2839/2147/1543
f 2838/2146/333 2840/2148/332 2839/2147/1543
f 2840/2148/332 2841/2149/484 2839/2147/1543
f 2839/2147/1543 2841/2149/484 2842/2150/1544
f 2841/2149/484 2843/2151/482 2842/2150/1544
f 2842/2150/1544 2843/2151/482 2844/2152/1545
f 2843/2151/482 2845/2153/479 2844/2152/1545
f 2830/2139/347 2846/2154/345 2831/2140/1537
f 2831/2140/1537 2846/2154/345 2833/2141/1539
f 2846/2154/345 2835/2143/337 2833/2141/1539
f 2839/2147/1543 2842/2150/1544 2847/2110/1546
f 2847/2110/1546 2842/2150/1544 2848/2126/1526
f 2842/2150/1544 2844/2152/1545 2848/2126/1526
f 2848/2126/1526 2844/2152/1545 2849/2125/1525
f 2844/2152/1545 2850/2155/1547 2849/2125/1525
f 2849/2125/1525 2850/2155/1547 2851/2127/1527
f 2850/2155/1547 2852/1897/1366 2851/2127/1527
f 2851/2127/1527 2852/1897/1366 2853/1898/1548
f 2844/2152/1545 2845/2153/479 2850/2155/1547
f 2845/2153/479 2475/1899/477 2850/2155/1547
f 2850/2155/1547 2475/1899/477 2852/1897/1366
f 2839/2147/1543 2854/2110/1549 2837/2145/1542
f 2854/2110/1549 2855/2106/1550 2837/2145/1542
f 2837/2145/1542 2855/2106/1550 2834/2142/1541
f 2855/2106/1550 2820/2105/1540 2834/2142/1541
f 2856/1316/1038 2857/1314/1021 2858/1319/1023
f 2857/1314/1021 2859/2156/1551 2858/1319/1023
f 2858/1319/1023 2859/2156/1551 1584/1257/986
f 1584/1257/986 2859/2156/1551 2860/1256/1552
f 2859/2156/1551 2861/2157/1553 2860/1256/1552
f 2860/1256/1552 2861/2157/1553 1582/1255/1554
f 2861/2157/1553 2862/2158/1555 1582/1255/1554
f 2862/2158/1555 2863/2159/1556 1582/1255/1554
f 1582/1255/1554 2863/2159/1556 2864/1254/983
f 2863/2159/1556 2865/2089/1509 2864/1254/983
f 2864/1254/983 2865/2089/1509 2866/1253/1557
f 2857/1314/1021 2867/1315/1406 2859/2156/1551
f 2859/2156/1551 2867/1315/1406 2861/2157/1553
f 2867/1315/1406 2868/2160/1536 2861/2157/1553
f 2861/2157/1553 2868/2160/1536 2862/2158/1555
f 2862/2158/1555 2868/2160/1536 2869/1334/1406
f 2869/1334/1406 2868/2160/1536 2870/1332/1017
f 2868/2160/1536 2871/1320/1017 2870/1332/1017
f 2870/1332/1017 2871/1320/1017 2872/1323/1017
f 2865/2089/1509 2863/2159/1556 2873/2091/1245
f 2873/2091/1245 2863/2159/1556 2874/2104/1245
f 2863/2159/1556 2862/2158/1555 2874/2104/1245
f 2874/2104/1245 2862/2158/1555 2875/1334/1020
f 2868/2160/1536 2867/1315/1406 2871/1320/1017
f 2876/2028/1558 2877/2027/1461 2878/2035/1464
f 2877/2027/1461 2879/2161/1559 2878/2035/1464
f 2878/2035/1464 2879/2161/1559 2604/2006/1560
f 2604/2006/1560 2879/2161/1559 2880/2007/1561
f 2879/2161/1559 2881/2009/1447 2880/2007/1561
f 2880/2007/1561 2881/2009/1447 2606/2008/1562
f 2877/2027/1461 2633/2010/1462 2879/2161/1559
f 2879/2161/1559 2633/2010/1462 2881/2009/1447
f 166/149/150 2883/148/149 2882/161/162
f 2882/161/162 2883/148/149 2884/2162/771
f 2883/148/149 2885/153/1563 2884/2162/771
f 2884/2162/771 2885/153/1563 2886/2163/1564
f 2885/153/1563 2887/154/1565 2886/2163/1564
f 2882/161/162 2884/2162/771 2888/163/164
f 2884/2162/771 2889/2164/169 2888/163/164
f 2888/163/164 2889/2164/169 2890/165/165
f 2889/2164/169 2891/2165/165 2890/165/165
f 2890/165/165 2891/2165/165 2892/167/165
f 2891/2165/165 2893/2166/165 2892/167/165
f 2892/167/165 2893/2166/165 2894/169/165
f 2893/2166/165 2895/2167/165 2894/169/165
f 2894/169/165 2895/2167/165 189/182/170
f 2895/2167/165 2896/2168/170 189/182/170
f 189/182/170 2896/2168/170 2897/188/1566
f 2896/2168/170 2898/2169/1567 2897/188/1566
f 2897/188/1566 2898/2169/1567 83/82/82
f 83/82/82 2898/2169/1567 2899/83/1568
f 2898/2169/1567 2900/2170/1569 2899/83/1568
f 2899/83/1568 2900/2170/1569 2901/84/1570
f 2889/2164/169 2884/2162/771 2886/2163/1564
f 2900/2170/1569 2898/2169/1567 2902/2171/676
f 2898/2169/1567 2896/2168/170 2902/2171/676
f 2902/2171/676 2896/2168/170 2903/2172/165
f 2896/2168/170 2895/2167/165 2903/2172/165
f 2903/2172/165 2895/2167/165 2904/2173/165
f 2895/2167/165 2893/2166/165 2904/2173/165
f 2904/2173/165 2893/2166/165 2905/2174/165
f 2893/2166/165 2891/2165/165 2905/2174/165
f 2905/2174/165 2891/2165/165 2906/2175/731
f 2891/2165/165 2889/2164/169 2906/2175/731
f 2889/2164/169 2886/2163/1564 2906/2175/731
f 2906/2175/731 2886/2163/1564 2907/2176/1571
f 2886/2163/1564 2887/154/1565 2907/2176/1571
f 2887/154/1565 159/142/143 2907/2176/1571
f 159/142/143 2908/933/1572 2907/2176/1571
f 2908/933/1572 2909/2177/731 2907/2176/1571
f 2907/2176/1571 2909/2177/731 2906/2175/731
f 2906/2175/731 2909/2177/731 2905/2174/165
f 2909/2177/731 2910/2178/165 2905/2174/165
f 2905/2174/165 2910/2178/165 2904/2173/165
f 2910/2178/165 2911/2179/165 2904/2173/165
f 2904/2173/165 2911/2179/165 2903/2172/165
f 2911/2179/165 2912/2180/165 2903/2172/165
f 2903/2172/165 2912/2180/165 2902/2171/676
f 2912/2180/165 2913/2181/676 2902/2171/676
f 2902/2171/676 2913/2181/676 2900/2170/1569
f 2913/2181/676 2914/2182/1573 2900/2170/1569
f 2900/2170/1569 2914/2182/1573 2901/84/1570
f 2901/84/1570 2914/2182/1573 2915/85/1574
f 2914/2182/1573 1130/925/723 2915/85/1574
f 2915/85/1574 1130/925/723 2916/87/724
f 1130/925/723 2914/2182/1573 2917/923/170
f 2914/2182/1573 2913/2181/676 2917/923/170
f 2917/923/170 2913/2181/676 2918/921/165
f 2913/2181/676 2912/2180/165 2918/921/165
f 2918/921/165 2912/2180/165 2919/918/165
f 2912/2180/165 2911/2179/165 2919/918/165
f 2919/918/165 2911/2179/165 2920/920/165
f 2911/2179/165 2910/2178/165 2920/920/165
f 2920/920/165 2910/2178/165 2921/931/731
f 2910/2178/165 2909/2177/731 2921/931/731
f 2921/931/731 2909/2177/731 2908/933/1572
f 2922/1227/1323 2924/1228/958 2923/1860/1321
f 2923/1860/1321 2924/1228/958 2925/2183/1575
f 2924/1228/958 2926/1229/1576 2925/2183/1575
f 2925/2183/1575 2926/1229/1576 2927/2184/1577
f 2926/1229/1576 2928/1230/1561 2927/2184/1577
f 2923/1860/1321 2925/2183/1575 2929/1858/1197
f 2925/2183/1575 2930/2185/1197 2929/1858/1197
f 2929/1858/1197 2930/2185/1197 2931/1856/899
f 2930/2185/1197 2932/2186/899 2931/1856/899
f 2931/1856/899 2932/2186/899 2933/1853/899
f 2932/2186/899 2934/2187/899 2933/1853/899
f 2933/1853/899 2934/2187/899 2935/1851/899
f 2934/2187/899 2936/2188/899 2935/1851/899
f 2935/1851/899 2936/2188/899 2937/1849/1036
f 2936/2188/899 2938/2189/1035 2937/1849/1036
f 2937/1849/1036 2938/2189/1035 2939/1847/1318
f 2938/2189/1035 2940/2190/1578 2939/1847/1318
f 2939/1847/1318 2940/2190/1578 2941/1728/1226
f 2941/1728/1226 2940/2190/1578 2942/1727/1579
f 2940/2190/1578 2943/2191/1476 2942/1727/1579
f 2942/1727/1579 2943/2191/1476 2216/1731/1227
f 2943/2191/1476 2944/2192/1479 2216/1731/1227
f 2216/1731/1227 2944/2192/1479 2945/1732/1580
f 2944/2192/1479 2946/1402/1041 2945/1732/1580
f 2945/1732/1580 2946/1402/1041 2218/1401/1229
f 2930/2185/1197 2925/2183/1575 2927/2184/1577
f 2946/1402/1041 2944/2192/1479 2947/1403/1036
f 2944/2192/1479 2948/2193/1036 2947/1403/1036
f 2947/1403/1036 2948/2193/1036 2949/1414/899
f 2944/2192/1479 2943/2191/1476 2948/2193/1036
f 2948/2193/1036 2943/2191/1476 2950/2194/1036
f 2943/2191/1476 2940/2190/1578 2950/2194/1036
f 2940/2190/1578 2938/2189/1035 2950/2194/1036
f 2950/2194/1036 2938/2189/1035 2951/2195/899
f 2938/2189/1035 2936/2188/899 2951/2195/899
f 2951/2195/899 2936/2188/899 2952/2196/899
f 2936/2188/899 2934/2187/899 2952/2196/899
f 2952/2196/899 2934/2187/899 2953/2197/899
f 2934/2187/899 2932/2186/899 2953/2197/899
f 2953/2197/899 2932/2186/899 2954/2198/1197
f 2932/2186/899 2930/2185/1197 2954/2198/1197
f 2930/2185/1197 2927/2184/1577 2954/2198/1197
f 2954/2198/1197 2927/2184/1577 2955/2199/1581
f 2927/2184/1577 2928/1230/1561 2955/2199/1581
f 2928/1230/1561 2956/1231/1582 2955/2199/1581
f 2956/1231/1582 2957/1410/1046 2955/2199/1581
f 2957/1410/1046 2958/2200/1196 2955/2199/1581
f 2955/2199/1581 2958/2200/1196 2954/2198/1197
f 2954/2198/1197 2958/2200/1196 2953/2197/899
f 2958/2200/1196 2959/2201/899 2953/2197/899
f 2953/2197/899 2959/2201/899 2952/2196/899
f 2959/2201/899 2960/2202/899 2952/2196/899
f 2952/2196/899 2960/2202/899 2951/2195/899
f 2960/2202/899 2961/2203/899 2951/2195/899
f 2951/2195/899 2961/2203/899 2950/2194/1036
f 2950/2194/1036 2961/2203/899 2948/2193/1036
f 2948/2193/1036 2961/2203/899 2949/1414/899
f 2949/1414/899 2961/2203/899 2962/1413/899
f 2961/2203/899 2960/2202/899 2962/1413/899
f 2962/1413/899 2960/2202/899 2963/1412/899
f 2960/2202/899 2959/2201/899 2963/1412/899
f 2963/1412/899 2959/2201/899 2964/1411/1197
f 2959/2201/899 2958/2200/1196 2964/1411/1197
f 2964/1411/1197 2958/2200/1196 2957/1410/1046
f 2965/1289/1009 2967/1276/1583 2966/1807/1282
f 2966/1807/1282 2967/1276/1583 2968/2204/1584
f 2967/1276/1583 2969/1274/1585 2968/2204/1584
f 2969/1274/1585 2970/2205/1586 2968/2204/1584
f 2968/2204/1584 2970/2205/1586 2971/2206/152
f 2971/2206/152 2970/2205/1586 2972/2207/147
f 2970/2205/1586 2973/2208/1587 2972/2207/147
f 2972/2207/147 2973/2208/1587 2974/2209/145
f 2973/2208/1587 2975/1076/1588 2974/2209/145
f 2974/2209/145 2975/1076/1588 1385/1075/140
f 2966/1807/1282 2968/2204/1584 2349/1806/153
f 2349/1806/153 2968/2204/1584 2971/2206/152
f 2969/1274/1585 2976/1272/1589 2970/2205/1586
f 2970/2205/1586 2976/1272/1589 2973/2208/1587
f 2976/1272/1589 2977/1079/839 2973/2208/1587
f 2973/2208/1587 2977/1079/839 2975/1076/1588
f 2679/1686/1480 2979/2054/1590 2978/1687/1591
f 2978/1687/1591 2979/2054/1590 2980/2210/1592
f 2979/2054/1590 2981/2053/1473 2980/2210/1592
f 2981/2053/1473 2982/2211/1593 2980/2210/1592
f 2980/2210/1592 2982/2211/1593 2983/2212/528
f 2983/2212/528 2982/2211/1593 2984/2213/530
f 2982/2211/1593 2985/2214/1594 2984/2213/530
f 2984/2213/530 2985/2214/1594 2986/2215/532
f 2985/2214/1594 2987/2002/1441 2986/2215/532
f 2986/2215/532 2987/2002/1441 2600/2003/539
f 2978/1687/1591 2980/2210/1592 2173/1689/527
f 2173/1689/527 2980/2210/1592 2983/2212/528
f 2981/2053/1473 2988/2037/1595 2982/2211/1593
f 2982/2211/1593 2988/2037/1595 2985/2214/1594
f 2988/2037/1595 2602/2004/1443 2985/2214/1594
f 2985/2214/1594 2602/2004/1443 2987/2002/1441
f 2989/1/1596 2991/3/1597 2990/2/1598
f 2990/2/1598 2991/3/1597 2992/4/1599
f 2991/3/1597 2993/5/1600 2992/4/1599
f 2993/5/1600 2994/6/1601 2992/4/1599
f 2992/4/1599 2994/6/1601 2995/7/1602
f 2994/6/1601 2996/8/1603 2995/7/1602
f 2995/7/1602 2996/8/1603 2997/9/1604
f 2997/9/1604 2996/8/1603 2998/10/1605
f 2996/8/1603 2999/11/1606 2998/10/1605
f 2998/10/1605 2999/11/1606 3000/12/1607
f 2999/11/1606 3001/13/1608 3000/12/1607
f 3001/13/1608 3002/14/1609 3000/12/1607
f 3002/14/1609 3003/15/799 3000/12/1607
f 3003/15/799 3004/16/1610 3000/12/1607
f 3000/12/1607 3004/16/1610 2998/10/1605
f 3004/16/1610 3005/17/1611 2998/10/1605
f 2998/10/1605 3005/17/1611 2997/9/1604
f 3005/17/1611 3006/18/1612 2997/9/1604
f 3006/18/1612 3007/19/1613 2997/9/1604
f 2997/9/1604 3007/19/1613 2995/7/1602
f 3007/19/1613 3008/20/1614 2995/7/1602
f 2995/7/1602 3008/20/1614 2992/4/1599
f 2992/4/1599 3008/20/1614 2990/2/1598
f 3008/20/1614 3009/21/1615 2990/2/1598
f 2990/2/1598 3009/21/1615 3010/22/1616
f 3010/22/1616 3009/21/1615 3011/34/1617
f 3011/34/1617 3009/21/1615 3012/35/1618
f 3009/21/1615 3007/19/1613 3012/35/1618
f 3012/35/1618 3007/19/1613 3006/18/1612
f 3008/20/1614 3007/19/1613 3009/21/1615
f 2990/2/1598 3010/22/1616 3013/1/1619
f 3010/22/1616 3014/23/1620 3013/1/1619
f 3013/1/1619 3014/23/1620 3015/24/1621
f 3014/23/1620 3016/25/1622 3015/24/1621
f 3015/24/1621 3016/25/1622 3017/26/1623
f 3016/25/1622 3018/27/1624 3017/26/1623
f 3017/26/1623 3018/27/1624 3019/28/1625
f 3011/34/1617 3020/33/1626 3010/22/1616
f 3010/22/1616 3020/33/1626 3014/23/1620
f 3020/33/1626 3021/32/1627 3014/23/1620
f 3014/23/1620 3021/32/1627 3016/25/1622
f 3021/32/1627 3022/31/1628 3016/25/1622
f 3016/25/1622 3022/31/1628 3018/27/1624
f 3022/31/1628 3023/30/1629 3018/27/1624
f 3018/27/1624 3023/30/1629 3024/29/1630
f 3023/30/1629 3025/36/1631 3024/29/1630
f 3024/29/1630 3025/36/1631 3026/37/1632
f 3025/36/1631 3027/41/1633 3026/37/1632
f 3026/37/1632 3027/41/1633 3028/40/1634
f 3027/41/1633 3029/42/1635 3028/40/1634
f 3028/40/1634 3029/42/1635 3030/43/1636
f 3029/42/1635 3031/44/1637 3030/43/1636
f 3018/27/1624 3024/29/1630 3019/28/1625
f 3019/28/1625 3024/29/1630 3032/38/1638
f 3024/29/1630 3026/37/1632 3032/38/1638
f 3032/38/1638 3026/37/1632 3033/39/1639
f 3026/37/1632 3028/40/1634 3033/39/1639
f 3033/39/1639 3028/40/1634 3034/53/1640
f 3028/40/1634 3030/43/1636 3034/53/1640
f 3034/53/1640 3030/43/1636 3035/46/1641
f 3030/43/1636 3036/45/1642 3035/46/1641
f 3035/46/1641 3036/45/1642 3037/47/1643
f 3036/45/1642 3038/48/1644 3037/47/1643
f 3037/47/1643 3038/48/1644 3039/54/1645
f 3039/54/1645 3038/48/1644 3040/51/1646
f 3038/48/1644 3041/50/1637 3040/51/1646
f 3041/50/1637 3042/52/1647 3040/51/1646
f 3040/51/1646 3042/52/1647 3043/56/1648
f 3042/52/1647 3044/59/1649 3043/56/1648
f 3030/43/1636 3031/44/1637 3036/45/1642
f 3031/44/1637 3045/49/1650 3036/45/1642
f 3036/45/1642 3045/49/1650 3038/48/1644
f 3045/49/1650 3041/50/1637 3038/48/1644
f 3043/56/1648 3046/55/1651 3040/51/1646
f 3046/55/1651 3039/54/1645 3040/51/1646
f 3046/55/1651 3043/56/1648 3047/57/1652
f 3047/57/1652 3043/56/1648 3048/58/1653
f 3043/56/1648 3044/59/1649 3048/58/1653
f 3044/59/1649 3049/60/1654 3048/58/1653
f 3048/58/1653 3049/60/1654 3050/61/1655
f 3049/60/1654 3051/62/1656 3050/61/1655
f 3050/61/1655 3051/62/1656 3052/63/1657
f 3051/62/1656 3053/64/1658 3052/63/1657
f 3052/63/1657 3053/64/1658 3054/65/1659
f 3053/64/1658 3055/66/1660 3054/65/1659
f 3047/57/1652 3048/58/1653 3056/67/1661
f 3048/58/1653 3050/61/1655 3056/67/1661
f 3056/67/1661 3050/61/1655 3057/68/1662
f 3050/61/1655 3052/63/1657 3057/68/1662
f 3057/68/1662 3052/63/1657 3058/69/1663
f 3052/63/1657 3054/65/1659 3058/69/1663
f 3059/70/368 3060/72/1664 3061/71/1665
f 3060/72/1664 3062/73/1666 3061/71/1665
f 3061/71/1665 3062/73/1666 3058/69/1663
f 3058/69/1663 3062/73/1666 3057/68/1662
f 3062/73/1666 3063/74/1667 3057/68/1662
f 3057/68/1662 3063/74/1667 3056/67/1661
f 3063/74/1667 3062/73/1666 3064/75/341
f 3064/75/341 3062/73/1666 3060/72/1664
f 3058/69/1663 3054/65/1659 3065/76/1668
f 3065/76/1668 3054/65/1659 3066/77/1669
f 3054/65/1659 3055/66/1660 3066/77/1669
f 3066/77/1669 3055/66/1660 3067/78/1670
f 3055/66/1660 3068/79/1671 3067/78/1670
f 3067/78/1670 3068/79/1671 3069/80/1672
f 3068/79/1671 3070/81/1673 3069/80/1672
f 3065/76/1668 3066/77/1669 3071/82/1674
f 3071/82/1674 3066/77/1669 3072/83/1675
f 3066/77/1669 3067/78/1670 3072/83/1675
f 3072/83/1675 3067/78/1670 3073/84/1676
f 3067/78/1670 3069/80/1672 3073/84/1676
f 3073/84/1676 3069/80/1672 3074/85/1677
f 3069/80/1672 3075/86/1678 3074/85/1677
f 3074/85/1677 3075/86/1678 3076/87/1679
f 3076/87/1679 3075/86/1678 3077/88/1680
f 3075/86/1678 3078/89/1681 3077/88/1680
f 3077/88/1680 3078/89/1681 3079/90/1682
f 3069/80/1672 3070/81/1673 3075/86/1678
f 3075/86/1678 3070/81/1673 3078/89/1681
f 3079/90/1682 3081/91/1683 3080/88/1680
f 3080/88/1680 3081/91/1683 3082/92/1684
f 3081/91/1683 3083/93/1685 3082/92/1684
f 3082/92/1684 3083/93/1685 3084/94/1686
f 3083/93/1685 3085/95/434 3084/94/1686
f 3084/94/1686 3085/95/434 3086/96/1687
f 3085/95/434 3087/97/1688 3086/96/1687
f 3086/96/1687 3087/97/1688 3088/98/1689
f 3087/97/1688 3089/99/1690 3088/98/1689
f 3080/88/1680 3082/92/1684 3076/87/1679
f 3076/87/1679 3082/92/1684 3090/100/1691
f 3082/92/1684 3084/94/1686 3090/100/1691
f 3090/100/1691 3084/94/1686 3091/101/1692
f 3084/94/1686 3086/96/1687 3091/101/1692
f 3091/101/1692 3086/96/1687 3092/102/1693
f 3086/96/1687 3088/98/1689 3092/102/1693
f 3093/103/1694 3094/105/1695 3095/104/1696
f 3094/105/1695 3092/102/1693 3095/104/1696
f 3095/104/1696 3092/102/1693 3096/106/1697
f 3092/102/1693 3088/98/1689 3096/106/1697
f 3096/106/1697 3088/98/1689 3097/107/1698
f 3088/98/1689 3089/99/1690 3097/107/1698
f 3089/99/1690 3098/108/1699 3097/107/1698
f 3097/107/1698 3098/108/1699 3099/112/1700
f 3098/108/1699 3100/120/1701 3099/112/1700
f 3094/105/1695 3091/101/1692 3092/102/1693
f 3093/103/1694 3095/104/1696 3101/109/1702
f 3101/109/1702 3095/104/1696 3102/110/1703
f 3095/104/1696 3096/106/1697 3102/110/1703
f 3101/109/1702 3102/110/1703 3103/111/1704
f 3096/106/1697 3097/107/1698 3104/110/1705
f 3097/107/1698 3099/112/1700 3104/110/1705
f 3104/110/1705 3099/112/1700 3105/111/1706
f 3099/112/1700 3106/113/1707 3105/111/1706
f 3105/111/1706 3106/113/1707 3107/114/1708
f 3106/113/1707 3108/115/1709 3107/114/1708
f 3107/114/1708 3108/115/1709 3109/116/1710
f 3109/116/1710 3108/115/1709 3110/117/1711
f 3108/115/1709 3111/118/1712 3110/117/1711
f 3111/118/1712 3112/129/1713 3110/117/1711
f 3110/117/1711 3112/129/1713 3113/122/1714
f 3112/129/1713 3114/125/259 3113/122/1714
f 3099/112/1700 3100/120/1701 3106/113/1707
f 3100/120/1701 3115/119/1715 3106/113/1707
f 3106/113/1707 3115/119/1715 3108/115/1709
f 3115/119/1715 3111/118/1712 3108/115/1709
f 3109/116/1710 3110/117/1711 3116/121/1716
f 3110/117/1711 3113/122/1714 3116/121/1716
f 3116/121/1716 3113/122/1714 3117/123/1717
f 3113/122/1714 3118/124/1718 3117/123/1717
f 3117/123/1717 3118/124/1718 3119/130/1719
f 3118/124/1718 3120/127/1720 3119/130/1719
f 3119/130/1719 3120/127/1720 3121/131/1721
f 3121/131/1721 3120/127/1720 3122/132/1722
f 3120/127/1720 3123/128/1723 3122/132/1722
f 3123/128/1723 3124/141/1724 3122/132/1722
f 3122/132/1722 3124/141/1724 3125/134/1725
f 3124/141/1724 3126/140/566 3125/134/1725
f 3113/122/1714 3114/125/259 3118/124/1718
f 3114/125/259 3127/126/1726 3118/124/1718
f 3118/124/1718 3127/126/1726 3120/127/1720
f 3127/126/1726 3123/128/1723 3120/127/1720
f 3125/134/1725 3128/133/1727 3122/132/1722
f 3128/133/1727 3121/131/1721 3122/132/1722
f 3128/133/1727 3125/134/1725 3129/135/1728
f 3125/134/1725 3130/136/1729 3129/135/1728
f 3129/135/1728 3130/136/1729 3131/137/1730
f 3130/136/1729 3132/138/1731 3131/137/1730
f 3131/137/1730 3132/138/1731 3133/142/1732
f 3125/134/1725 3126/140/566 3130/136/1729
f 3126/140/566 3134/139/1733 3130/136/1729
f 3130/136/1729 3134/139/1733 3132/138/1731
f 3134/139/1733 3135/143/1734 3132/138/1731
f 3132/138/1731 3135/143/1734 3136/154/1735
f 3136/154/1735 3135/143/1734 3137/153/1736
f 3135/143/1734 3138/145/1737 3137/153/1736
f 3137/153/1736 3138/145/1737 3139/148/1738
f 3138/145/1737 3140/147/1739 3139/148/1738
f 3139/148/1738 3140/147/1739 3141/149/1740
f 3141/149/1740 3140/147/1739 3142/150/1741
f 3140/147/1739 3143/151/1742 3142/150/1741
f 3142/150/1741 3143/151/1742 3144/152/1743
f 3134/139/1733 3145/144/1744 3135/143/1734
f 3135/143/1734 3145/144/1744 3138/145/1737
f 3145/144/1744 3146/146/1745 3138/145/1737
f 3138/145/1737 3146/146/1745 3140/147/1739
f 3146/146/1745 3143/151/1742 3140/147/1739
f 3136/154/1735 3147/142/1732 3132/138/1731
f 3144/152/1743 3149/155/1746 3148/150/1741
f 3148/150/1741 3149/155/1746 3150/156/1747
f 3149/155/1746 3151/157/1748 3150/156/1747
f 3150/156/1747 3151/157/1748 3152/158/1749
f 3151/157/1748 3153/159/1750 3152/158/1749
f 3148/150/1741 3150/156/1747 3154/149/1740
f 3150/156/1747 3155/160/1751 3154/149/1740
f 3154/149/1740 3155/160/1751 3156/161/1752
f 3155/160/1751 3157/162/1753 3156/161/1752
f 3156/161/1752 3157/162/1753 3158/163/1754
f 3157/162/1753 3159/164/1754 3158/163/1754
f 3158/163/1754 3159/164/1754 3160/165/165
f 3159/164/1754 3161/166/166 3160/165/165
f 3160/165/165 3161/166/166 3162/167/165
f 3161/166/166 3163/168/166 3162/167/165
f 3162/167/165 3163/168/166 3164/169/165
f 3155/160/1751 3150/156/1747 3152/158/1749
f 3155/160/1751 3165/170/1755 3157/162/1753
f 3165/170/1755 3166/171/1753 3157/162/1753
f 3157/162/1753 3166/171/1753 3159/164/1754
f 3166/171/1753 3167/172/705 3159/164/1754
f 3159/164/1754 3167/172/705 3161/166/166
f 3167/172/705 3168/173/165 3161/166/166
f 3161/166/166 3168/173/165 3163/168/166
f 3167/172/705 3169/174/176 3168/173/165
f 3168/173/165 3169/174/176 3170/175/166
f 3169/174/176 3171/176/176 3170/175/166
f 3171/176/176 3172/177/166 3170/175/166
f 3170/175/166 3172/177/166 3173/178/165
f 3172/177/166 3174/179/166 3173/178/165
f 3173/178/165 3174/179/166 3175/185/165
f 3174/179/166 3176/186/165 3175/185/165
f 3175/185/165 3176/186/165 3060/72/609
f 3176/186/165 3177/75/75 3060/72/609
f 3060/72/609 3178/70/609 3175/185/165
f 3178/70/609 3179/184/165 3175/185/165
f 3175/185/165 3179/184/165 3173/178/165
f 3179/184/165 3180/180/165 3173/178/165
f 3173/178/165 3180/180/165 3170/175/166
f 3170/175/166 3180/180/165 3168/173/165
f 3168/173/165 3180/180/165 3163/168/166
f 3180/180/165 3181/181/166 3163/168/166
f 3163/168/166 3181/181/166 3164/169/165
f 3164/169/165 3181/181/166 3182/182/175
f 3182/182/175 3181/181/166 3183/183/1756
f 3181/181/166 3179/184/165 3183/183/1756
f 3179/184/165 3178/70/609 3183/183/1756
f 3183/183/1756 3178/70/609 3184/187/1757
f 3178/70/609 3185/71/1665 3184/187/1757
f 3184/187/1757 3185/71/1665 3186/76/1758
f 3185/71/1665 3187/69/1759 3186/76/1758
f 3180/180/165 3179/184/165 3181/181/166
f 3186/76/1758 3188/82/1674 3184/187/1757
f 3188/82/1674 3189/188/1760 3184/187/1757
f 3184/187/1757 3189/188/1760 3183/183/1756
f 3189/188/1760 3182/182/175 3183/183/1756
f 3071/82/1674 3190/2169/1761 3191/188/1762
f 3190/2169/1761 3192/2168/175 3191/188/1762
f 3191/188/1762 3192/2168/175 3182/182/175
f 3192/2168/175 3193/2167/165 3182/182/175
f 3182/182/175 3193/2167/165 3194/169/165
f 3071/82/1674 3195/83/1763 3190/2169/1761
f 3190/2169/1761 3195/83/1763 3196/2170/1764
f 3195/83/1763 3197/84/1765 3196/2170/1764
f 3196/2170/1764 3197/84/1765 3198/2182/1766
f 3197/84/1765 3199/85/1767 3198/2182/1766
f 3198/2182/1766 3199/85/1767 3200/925/1768
f 3199/85/1767 3201/87/1769 3200/925/1768
f 3190/2169/1761 3196/2170/1764 3202/2171/383
f 3202/2171/383 3196/2170/1764 3203/2181/383
f 3196/2170/1764 3198/2182/1766 3203/2181/383
f 3203/2181/383 3198/2182/1766 3204/923/175
f 3198/2182/1766 3200/925/1768 3204/923/175
f 3204/923/175 3205/921/165 3203/2181/383
f 3205/921/165 3206/2180/165 3203/2181/383
f 3203/2181/383 3206/2180/165 3202/2171/383
f 3206/2180/165 3207/2172/165 3202/2171/383
f 3202/2171/383 3207/2172/165 3192/2168/175
f 3192/2168/175 3207/2172/165 3193/2167/165
f 3207/2172/165 3208/2173/165 3193/2167/165
f 3208/2173/165 3209/2166/165 3193/2167/165
f 3193/2167/165 3209/2166/165 3194/169/165
f 3194/169/165 3209/2166/165 3210/167/165
f 3209/2166/165 3211/2165/165 3210/167/165
f 3210/167/165 3211/2165/165 3212/165/165
f 3190/2169/1761 3202/2171/383 3192/2168/175
f 3205/921/165 3213/918/165 3206/2180/165
f 3213/918/165 3214/2179/165 3206/2180/165
f 3206/2180/165 3214/2179/165 3207/2172/165
f 3207/2172/165 3214/2179/165 3208/2173/165
f 3214/2179/165 3215/2178/165 3208/2173/165
f 3208/2173/165 3215/2178/165 3216/2174/165
f 3216/2174/165 3215/2178/165 3217/2177/1770
f 3215/2178/165 3218/931/1770 3217/2177/1770
f 3217/2177/1770 3218/931/1770 3219/933/1771
f 3213/918/165 3220/920/165 3214/2179/165
f 3214/2179/165 3220/920/165 3215/2178/165
f 3220/920/165 3218/931/1770 3215/2178/165
f 3208/2173/165 3216/2174/165 3209/2166/165
f 3209/2166/165 3216/2174/165 3211/2165/165
f 3216/2174/165 3221/2175/1770 3211/2165/165
f 3221/2175/1770 3222/2164/176 3211/2165/165
f 3211/2165/165 3222/2164/176 3212/165/165
f 3212/165/165 3222/2164/176 3223/163/1754
f 3222/2164/176 3224/2162/1772 3223/163/1754
f 3223/163/1754 3224/2162/1772 3225/161/1752
f 3224/2162/1772 3226/148/1738 3225/161/1752
f 3225/161/1752 3226/148/1738 3154/149/1740
f 3216/2174/165 3217/2177/1770 3221/2175/1770
f 3221/2175/1770 3217/2177/1770 3227/2176/1773
f 3217/2177/1770 3219/933/1771 3227/2176/1773
f 3219/933/1771 3147/142/1732 3227/2176/1773
f 3147/142/1732 3228/154/1774 3227/2176/1773
f 3227/2176/1773 3228/154/1774 3229/2163/1775
f 3228/154/1774 3230/153/1776 3229/2163/1775
f 3229/2163/1775 3230/153/1776 3224/2162/1772
f 3230/153/1776 3226/148/1738 3224/2162/1772
f 3224/2162/1772 3222/2164/176 3229/2163/1775
f 3222/2164/176 3221/2175/1770 3229/2163/1775
f 3229/2163/1775 3221/2175/1770 3227/2176/1773
f 3231/933/1777 3232/934/1778 3147/142/1732
f 3147/142/1732 3232/934/1778 3233/137/1779
f 3232/934/1778 3231/933/1777 3234/932/1770
f 3231/933/1777 3235/931/1780 3234/932/1770
f 3234/932/1770 3235/931/1780 3236/930/165
f 3235/931/1780 3237/920/165 3236/930/165
f 3236/930/165 3237/920/165 3238/919/165
f 3237/920/165 3239/918/165 3238/919/165
f 3238/919/165 3239/918/165 3240/917/165
f 3239/918/165 3241/921/165 3240/917/165
f 3240/917/165 3241/921/165 3242/922/175
f 3241/921/165 3243/923/175 3242/922/175
f 3242/922/175 3243/923/175 3244/924/1781
f 3243/923/175 3200/925/1768 3244/924/1781
f 3244/924/1781 3200/925/1768 3245/100/1691
f 3200/925/1768 3246/87/1769 3245/100/1691
f 3245/100/1691 3091/101/1782 3244/924/1781
f 3091/101/1782 3247/105/1783 3244/924/1781
f 3244/924/1781 3247/105/1783 3242/922/175
f 3247/105/1783 3248/103/1694 3242/922/175
f 3242/922/175 3248/103/1694 3240/917/165
f 3248/103/1694 3249/926/1784 3240/917/165
f 3240/917/165 3249/926/1784 3238/919/165
f 3249/926/1784 3250/929/184 3238/919/165
f 3238/919/165 3250/929/184 3236/930/165
f 3250/929/184 3251/937/1785 3236/930/165
f 3236/930/165 3251/937/1785 3234/932/1770
f 3251/937/1785 3252/936/1786 3234/932/1770
f 3234/932/1770 3252/936/1786 3232/934/1778
f 3252/936/1786 3253/935/1787 3232/934/1778
f 3232/934/1778 3253/935/1787 3233/137/1779
f 3233/137/1779 3253/935/1787 3254/135/1788
f 3253/935/1787 3255/940/1789 3254/135/1788
f 3254/135/1788 3255/940/1789 3256/133/1790
f 3255/940/1789 3257/130/1791 3256/133/1790
f 3256/133/1790 3257/130/1791 3121/131/1721
f 3249/926/1784 3248/103/1694 3258/109/1702
f 3259/936/1792 3260/939/1793 3253/935/1787
f 3253/935/1787 3260/939/1793 3255/940/1789
f 3260/939/1793 3117/123/1717 3255/940/1789
f 3255/940/1789 3117/123/1717 3257/130/1791
f 3261/123/1717 3263/939/1793 3262/121/1794
f 3262/121/1794 3263/939/1793 3264/938/1795
f 3263/939/1793 3252/936/1786 3264/938/1795
f 3252/936/1786 3251/937/1785 3264/938/1795
f 3264/938/1795 3251/937/1785 3265/928/1796
f 3251/937/1785 3250/929/184 3265/928/1796
f 3265/928/1796 3250/929/184 3266/927/1797
f 3250/929/184 3249/926/1784 3266/927/1797
f 3249/926/1784 3258/109/1702 3266/927/1797
f 3258/109/1702 3103/111/1704 3266/927/1797
f 3103/111/1704 3267/114/1798 3266/927/1797
f 3266/927/1797 3267/114/1798 3265/928/1796
f 3267/114/1798 3268/116/1710 3265/928/1796
f 3265/928/1796 3268/116/1710 3264/938/1795
f 3268/116/1710 3262/121/1794 3264/938/1795
f 3269/385/1799 3270/383/1800 3271/384/185
f 3271/384/185 3270/383/1800 3272/382/1801
f 3270/383/1800 3273/389/1802 3272/382/1801
f 3273/389/1802 3274/390/1803 3272/382/1801
f 3272/382/1801 3274/390/1803 3275/391/1804
f 3274/390/1803 3276/392/1805 3275/391/1804
f 3275/391/1804 3276/392/1805 3277/393/1806
f 3276/392/1805 3278/394/1807 3277/393/1806
f 3273/389/1802 3270/383/1800 3279/388/1808
f 3279/388/1808 3270/383/1800 3280/386/1809
f 3270/383/1800 3269/385/1799 3280/386/1809
f 3280/386/1809 3269/385/1799 3281/387/1810
f 3277/393/1806 3282/395/1811 3275/391/1804
f 3282/395/1811 3283/396/1811 3275/391/1804
f 3275/391/1804 3283/396/1811 3272/382/1801
f 3272/382/1801 3283/396/1811 3284/384/185
f 3283/396/1811 3285/397/165 3284/384/185
f 3285/397/165 3286/856/595 3284/384/185
f 3284/384/185 3286/856/595 3287/385/1812
f 3286/856/595 3288/857/1813 3287/385/1812
f 3287/385/1812 3288/857/1813 3289/387/1814
f 3289/387/1814 3288/857/1813 3290/814/1815
f 3288/857/1813 3291/802/1816 3290/814/1815
f 3290/814/1815 3291/802/1816 3292/801/1817
f 3291/802/1816 3288/857/1813 3293/850/491
f 3288/857/1813 3286/856/595 3293/850/491
f 3293/850/491 3286/856/595 3294/855/165
f 3286/856/595 3285/397/165 3294/855/165
f 3294/855/165 3285/397/165 3295/854/165
f 3285/397/165 3296/398/165 3295/854/165
f 3295/854/165 3296/398/165 3297/853/165
f 3296/398/165 3298/399/165 3297/853/165
f 3297/853/165 3298/399/165 3299/412/165
f 3299/412/165 3298/399/165 3300/401/165
f 3298/399/165 3301/400/317 3300/401/165
f 3301/400/317 3302/402/187 3300/401/165
f 3302/402/187 3303/403/166 3300/401/165
f 3300/401/165 3303/403/166 3304/404/165
f 3303/403/166 3305/405/166 3304/404/165
f 3285/397/165 3283/396/1811 3296/398/165
f 3283/396/1811 3282/395/1811 3296/398/165
f 3296/398/165 3282/395/1811 3298/399/165
f 3282/395/1811 3301/400/317 3298/399/165
f 3300/401/165 3304/404/165 3306/412/165
f 3304/404/165 3307/413/165 3306/412/165
f 3306/412/165 3307/413/165 3308/414/165
f 3307/413/165 3304/404/165 3309/406/165
f 3304/404/165 3305/405/166 3309/406/165
f 3305/405/166 3310/407/165 3309/406/165
f 3310/407/165 3311/418/165 3309/406/165
f 3311/418/165 3312/419/165 3309/406/165
f 3309/406/165 3312/419/165 3307/413/165
f 3312/419/165 3313/420/165 3307/413/165
f 3307/413/165 3313/420/165 3308/414/165
f 3308/414/165 3313/420/165 3314/421/170
f 3314/421/170 3313/420/165 3315/422/165
f 3315/422/165 3313/420/165 3316/423/165
f 3313/420/165 3312/419/165 3316/423/165
f 3316/423/165 3312/419/165 3317/424/165
f 3312/419/165 3311/418/165 3317/424/165
f 3317/424/165 3311/418/165 3318/425/165
f 3318/425/165 3311/418/165 3319/417/165
f 3311/418/165 3310/407/165 3319/417/165
f 3319/417/165 3310/407/165 3320/416/165
f 3310/407/165 3321/408/165 3320/416/165
f 3320/416/165 3321/408/165 3322/415/165
f 3322/415/165 3321/408/165 3323/410/165
f 3321/408/165 3324/409/166 3323/410/165
f 3323/410/165 3324/409/166 3325/411/187
f 3310/407/165 3305/405/166 3321/408/165
f 3321/408/165 3305/405/166 3324/409/166
f 3322/415/165 3326/430/165 3320/416/165
f 3320/416/165 3326/430/165 3327/427/165
f 3326/430/165 3328/429/175 3327/427/165
f 3328/429/175 3329/428/166 3327/427/165
f 3327/427/165 3329/428/166 3330/426/165
f 3329/428/166 3331/431/166 3330/426/165
f 3331/431/166 3332/432/165 3330/426/165
f 3330/426/165 3332/432/165 3318/425/165
f 3332/432/165 3333/433/165 3318/425/165
f 3318/425/165 3333/433/165 3317/424/165
f 3333/433/165 3334/434/165 3317/424/165
f 3317/424/165 3334/434/165 3316/423/165
f 3334/434/165 3335/435/165 3316/423/165
f 3316/423/165 3335/435/165 3315/422/165
f 3320/416/165 3327/427/165 3319/417/165
f 3327/427/165 3330/426/165 3319/417/165
f 3319/417/165 3330/426/165 3318/425/165
f 3334/434/165 3336/436/165 3335/435/165
f 3335/435/165 3336/436/165 3337/437/165
f 3336/436/165 3334/434/165 3338/438/165
f 3334/434/165 3333/433/165 3338/438/165
f 3338/438/165 3333/433/165 3339/439/165
f 3333/433/165 3332/432/165 3339/439/165
f 3339/439/165 3332/432/165 3340/440/165
f 3332/432/165 3331/431/166 3340/440/165
f 3331/431/166 3341/441/165 3340/440/165
f 3340/440/165 3341/441/165 3342/442/165
f 3341/441/165 3343/443/169 3342/442/165
f 3343/443/169 3344/444/165 3342/442/165
f 3342/442/165 3344/444/165 3345/445/165
f 3344/444/165 3346/446/165 3345/445/165
f 3345/445/165 3346/446/165 3347/457/165
f 3346/446/165 3348/458/165 3347/457/165
f 3347/457/165 3348/458/165 3349/459/165
f 3348/458/165 3350/460/75 3349/459/165
f 3342/442/165 3345/445/165 3351/447/165
f 3345/445/165 3352/456/165 3351/447/165
f 3352/456/165 3353/448/165 3351/447/165
f 3351/447/165 3353/448/165 3339/439/165
f 3353/448/165 3338/438/165 3339/439/165
f 3345/445/165 3347/457/165 3352/456/165
f 3347/457/165 3354/461/165 3352/456/165
f 3352/456/165 3354/461/165 3355/455/165
f 3355/455/165 3354/461/165 3356/462/165
f 3354/461/165 3357/464/165 3356/462/165
f 3356/462/165 3357/464/165 3358/463/165
f 3357/464/165 3359/465/75 3358/463/165
f 3347/457/165 3349/459/165 3354/461/165
f 3342/442/165 3351/447/165 3340/440/165
f 3340/440/165 3351/447/165 3339/439/165
f 3352/456/165 3355/455/165 3353/448/165
f 3353/448/165 3355/455/165 3360/449/165
f 3355/455/165 3361/453/165 3360/449/165
f 3361/453/165 3362/450/165 3360/449/165
f 3360/449/165 3362/450/165 3336/436/165
f 3362/450/165 3337/437/165 3336/436/165
f 3358/463/165 3363/454/165 3356/462/165
f 3363/454/165 3361/453/165 3356/462/165
f 3356/462/165 3361/453/165 3355/455/165
f 3353/448/165 3360/449/165 3338/438/165
f 3338/438/165 3360/449/165 3336/436/165
f 3364/451/176 3365/540/498 3337/437/165
f 3365/540/498 3366/541/1818 3337/437/165
f 3337/437/165 3366/541/1818 3367/435/165
f 3367/435/165 3366/541/1818 3315/422/165
f 3366/541/1818 3368/542/1819 3315/422/165
f 3315/422/165 3368/542/1819 3369/421/170
f 3337/437/165 3362/450/165 3370/451/176
f 3370/451/176 3362/450/165 3371/452/165
f 3362/450/165 3361/453/165 3371/452/165
f 3371/452/165 3361/453/165 3363/454/165
f 3365/540/498 3372/543/1820 3366/541/1818
f 3366/541/1818 3372/543/1820 3368/542/1819
f 3372/543/1820 3373/544/324 3368/542/1819
f 3368/542/1819 3373/544/324 3374/545/70
f 3374/545/70 3373/544/324 3375/546/1073
f 3375/546/1073 3373/544/324 3376/547/1821
f 3373/544/324 3377/548/1822 3376/547/1821
f 3376/547/1821 3377/548/1822 3378/549/1823
f 3368/542/1819 3374/545/70 3379/421/170
f 3373/544/324 3372/543/1820 3377/548/1822
f 3372/543/1820 3380/550/1824 3377/548/1822
f 3380/550/1824 3381/551/1825 3377/548/1822
f 3377/548/1822 3381/551/1825 3382/549/1826
f 3381/551/1825 3383/552/1827 3382/549/1826
f 3382/549/1826 3383/552/1827 3384/553/1828
f 3383/552/1827 3385/554/1829 3384/553/1828
f 3384/553/1828 3385/554/1829 3386/555/1830
f 3385/554/1829 3383/552/1827 3387/558/1831
f 3387/558/1831 3383/552/1827 3388/559/1832
f 3383/552/1827 3381/551/1825 3388/559/1832
f 3388/559/1832 3381/551/1825 3389/560/1831
f 3381/551/1825 3380/550/1824 3389/560/1831
f 3389/560/1831 3380/550/1824 3390/561/1833
f 3380/550/1824 3391/562/1834 3390/561/1833
f 3390/561/1833 3391/562/1834 3392/563/249
f 3391/562/1834 3393/564/1835 3392/563/249
f 3392/563/249 3393/564/1835 3394/565/1743
f 3393/564/1835 3395/566/1836 3394/565/1743
f 3394/565/1743 3395/566/1836 3396/567/513
f 3395/566/1836 3397/568/1837 3396/567/513
f 3396/567/513 3397/568/1837 3398/569/1838
f 3380/550/1824 3372/543/1820 3391/562/1834
f 3372/543/1820 3399/570/1839 3391/562/1834
f 3391/562/1834 3399/570/1839 3393/564/1835
f 3399/570/1839 3400/483/1840 3393/564/1835
f 3393/564/1835 3400/483/1840 3395/566/1836
f 3400/483/1840 3401/484/1841 3395/566/1836
f 3395/566/1836 3401/484/1841 3397/568/1837
f 3401/484/1841 3402/486/1842 3397/568/1837
f 3402/486/1842 3403/571/1843 3397/568/1837
f 3397/568/1837 3403/571/1843 3398/569/1838
f 3403/571/1843 3404/572/1844 3398/569/1838
f 3404/572/652 3405/571/1845 3406/573/1846
f 3405/571/1845 3407/574/1847 3406/573/1846
f 3406/573/1846 3407/574/1847 3408/575/1848
f 3407/574/1847 3409/576/1849 3408/575/1848
f 3408/575/1848 3409/576/1849 3410/577/1850
f 3409/576/1849 3411/578/1851 3410/577/1850
f 3410/577/1850 3411/578/1851 3412/584/1733
f 3405/571/1845 3413/486/1842 3407/574/1847
f 3413/486/1842 3414/583/1852 3407/574/1847
f 3407/574/1847 3414/583/1852 3409/576/1849
f 3414/583/1852 3415/579/1853 3409/576/1849
f 3409/576/1849 3415/579/1853 3411/578/1851
f 3415/579/1853 3416/580/1854 3411/578/1851
f 3411/578/1851 3416/580/1854 3417/581/1855
f 3416/580/1854 3418/582/1856 3417/581/1855
f 3411/578/1851 3417/581/1855 3412/584/1733
f 3417/581/1855 3419/585/1857 3412/584/1733
f 3412/584/1733 3419/585/1857 3420/589/247
f 3419/585/1857 3421/588/1858 3420/589/247
f 3420/589/247 3421/588/1858 3422/590/1859
f 3421/588/1858 3423/591/1860 3422/590/1859
f 3422/590/1859 3423/591/1860 3424/592/1861
f 3425/582/1862 3426/586/1863 3417/581/1855
f 3417/581/1855 3426/586/1863 3419/585/1857
f 3426/586/1863 3427/587/1864 3419/585/1857
f 3419/585/1857 3427/587/1864 3421/588/1858
f 3427/587/1864 3428/597/1865 3421/588/1858
f 3421/588/1858 3428/597/1865 3423/591/1860
f 3428/597/1865 3429/598/1866 3423/591/1860
f 3423/591/1860 3429/598/1866 3430/593/1867
f 3429/598/1866 3431/599/1868 3430/593/1867
f 3430/593/1867 3431/599/1868 3432/595/1869
f 3431/599/1868 3433/600/1870 3432/595/1869
f 3433/600/1870 3434/601/1871 3432/595/1869
f 3432/595/1869 3434/601/1871 3435/596/1872
f 3435/596/1872 3434/601/1871 3436/610/522
f 3434/601/1871 3437/603/1873 3436/610/522
f 3436/610/522 3437/603/1873 3438/606/1874
f 3423/591/1860 3430/593/1867 3424/592/1861
f 3424/592/1861 3430/593/1867 3439/594/95
f 3430/593/1867 3432/595/1869 3439/594/95
f 3439/594/95 3432/595/1869 3435/596/1872
f 3437/603/1873 3434/601/1871 3440/602/1875
f 3440/602/1875 3434/601/1871 3433/600/1870
f 3440/602/1875 3441/604/1876 3437/603/1873
f 3437/603/1873 3441/604/1876 3442/605/1877
f 3441/604/1876 3443/611/1878 3442/605/1877
f 3442/605/1877 3443/611/1878 3444/608/1879
f 3443/611/1878 3445/612/1880 3444/608/1879
f 3445/612/1880 3446/613/1881 3444/608/1879
f 3444/608/1879 3446/613/1881 3447/609/1882
f 3447/609/1882 3446/613/1881 3448/622/1883
f 3446/613/1881 3449/615/1884 3448/622/1883
f 3448/622/1883 3449/615/1884 3450/618/1885
f 3437/603/1873 3442/605/1877 3438/606/1874
f 3438/606/1874 3442/605/1877 3451/607/1886
f 3442/605/1877 3444/608/1879 3451/607/1886
f 3451/607/1886 3444/608/1879 3447/609/1882
f 3445/612/1880 3452/614/1887 3446/613/1881
f 3446/613/1881 3452/614/1887 3449/615/1884
f 3452/614/1887 3453/616/1888 3449/615/1884
f 3449/615/1884 3453/616/1888 3454/617/1889
f 3453/616/1888 3455/627/1890 3454/617/1889
f 3455/627/1890 3456/620/1891 3454/617/1889
f 3454/617/1889 3456/620/1891 3457/619/1892
f 3456/620/1891 3458/621/1893 3457/619/1892
f 3449/615/1884 3454/617/1889 3450/618/1885
f 3454/617/1889 3457/619/1892 3450/618/1885
f 3459/612/1894 3460/623/1895 3452/614/1887
f 3460/623/1895 3461/624/1896 3452/614/1887
f 3452/614/1887 3461/624/1896 3453/616/1888
f 3453/616/1888 3461/624/1896 3455/627/1890
f 3461/624/1896 3462/626/1897 3455/627/1890
f 3462/626/1897 3463/628/1898 3455/627/1890
f 3455/627/1890 3463/628/1898 3456/620/1891
f 3463/628/1898 3464/629/1899 3456/620/1891
f 3456/620/1891 3464/629/1899 3458/621/1893
f 3458/621/1893 3464/629/1899 3465/630/1900
f 3465/630/1900 3464/629/1899 3466/631/1901
f 3464/629/1899 3467/632/1902 3466/631/1901
f 3467/632/1902 3468/633/1903 3466/631/1901
f 3468/633/1903 3469/634/1904 3466/631/1901
f 3466/631/1901 3469/634/1904 3470/635/1905
f 3469/634/1904 3471/636/1906 3470/635/1905
f 3460/623/1895 3472/625/1907 3461/624/1896
f 3472/625/1907 3462/626/1897 3461/624/1896
f 3467/632/1902 3464/629/1899 3463/628/1898
f 3466/631/1901 3470/635/1905 3465/630/1900
f 3471/636/1908 3473/634/1909 3474/637/1910
f 3474/637/1910 3473/634/1909 3475/638/1911
f 3473/634/1909 3476/633/1912 3475/638/1911
f 3476/633/1912 3477/644/1913 3475/638/1911
f 3475/638/1911 3477/644/1913 3478/640/1914
f 3477/644/1913 3479/645/1915 3478/640/1914
f 3478/640/1914 3479/645/1915 3480/642/1916
f 3479/645/1915 3481/643/1917 3480/642/1916
f 3480/642/1916 3481/643/1917 3482/499/1918
f 3481/643/1917 3483/494/1919 3482/499/1918
f 3482/499/1918 3484/500/1920 3480/642/1916
f 3484/500/1920 3485/641/1921 3480/642/1916
f 3480/642/1916 3485/641/1921 3478/640/1914
f 3485/641/1921 3486/639/1922 3478/640/1914
f 3478/640/1914 3486/639/1922 3475/638/1911
f 3486/639/1922 3474/637/1910 3475/638/1911
f 3487/501/1923 3484/500/1920 3488/498/1924
f 3484/500/1920 3489/499/1918 3488/498/1924
f 3488/498/1924 3490/502/1925 3487/501/1923
f 3487/501/1923 3490/502/1925 3491/503/1926
f 3490/502/1925 3492/504/1927 3491/503/1926
f 3491/503/1926 3492/504/1927 3493/505/1928
f 3492/504/1927 3494/510/1929 3493/505/1928
f 3493/505/1928 3494/510/1929 3495/511/1930
f 3494/510/1929 3496/512/1931 3495/511/1930
f 3495/511/1930 3496/512/1931 3497/513/1932
f 3496/512/1931 3498/514/1933 3497/513/1932
f 3497/513/1932 3498/514/1933 3499/518/1934
f 3498/514/1933 3500/517/1935 3499/518/1934
f 3499/518/1934 3500/517/1935 3501/519/1936
f 3500/517/1935 3502/520/1937 3501/519/1936
f 3501/519/1936 3502/520/1937 3503/521/1938
f 3502/520/1937 3504/525/1939 3503/521/1938
f 3503/521/1938 3504/525/1939 3505/526/1940
f 3504/525/1939 3506/527/1941 3505/526/1940
f 3505/526/1940 3506/527/1941 3507/528/1942
f 3506/527/1941 3508/529/1943 3507/528/1942
f 3507/528/1942 3508/529/1943 3153/159/1750
f 3153/159/1750 3508/529/1943 3152/158/1749
f 3508/529/1943 3509/170/1755 3152/158/1749
f 3152/158/1749 3509/170/1755 3155/160/1751
f 3509/170/1755 3508/529/1943 3510/530/1944
f 3508/529/1943 3506/527/1941 3510/530/1944
f 3510/530/1944 3506/527/1941 3511/531/1945
f 3506/527/1941 3504/525/1939 3511/531/1945
f 3511/531/1945 3504/525/1939 3512/524/1946
f 3504/525/1939 3502/520/1937 3512/524/1946
f 3512/524/1946 3502/520/1937 3513/523/1947
f 3502/520/1937 3500/517/1935 3513/523/1947
f 3513/523/1947 3500/517/1935 3514/516/1948
f 3500/517/1935 3498/514/1933 3514/516/1948
f 3514/516/1948 3498/514/1933 3515/515/1949
f 3498/514/1933 3496/512/1931 3515/515/1949
f 3515/515/1949 3496/512/1931 3516/522/520
f 3496/512/1931 3494/510/1929 3516/522/520
f 3516/522/520 3494/510/1929 3517/509/1950
f 3494/510/1929 3492/504/1927 3517/509/1950
f 3517/509/1950 3492/504/1927 3518/506/1951
f 3492/504/1927 3490/502/1925 3518/506/1951
f 3518/506/1951 3490/502/1925 3519/497/1952
f 3490/502/1925 3488/498/1924 3519/497/1952
f 3519/497/1952 3488/498/1924 3520/495/1953
f 3488/498/1924 3489/499/1918 3520/495/1953
f 3520/495/1953 3489/499/1918 3483/494/1919
f 3521/494/1919 3522/493/1954 3520/495/1953
f 3520/495/1953 3522/493/1954 3523/496/1955
f 3523/496/1955 3522/493/1954 3524/473/609
f 3524/473/609 3522/493/1954 3525/475/1664
f 3522/493/1954 3526/492/385 3525/475/1664
f 3526/492/385 3527/491/368 3525/475/1664
f 3525/475/1664 3527/491/368 3528/476/165
f 3527/491/368 3529/490/165 3528/476/165
f 3523/496/1955 3519/497/1952 3520/495/1953
f 3522/493/1954 3521/494/1919 3526/492/385
f 3359/465/75 3530/466/609 3531/463/165
f 3530/466/609 3532/467/165 3531/463/165
f 3531/463/165 3532/467/165 3363/454/165
f 3532/467/165 3533/468/165 3363/454/165
f 3363/454/165 3533/468/165 3534/452/165
f 3530/466/609 3524/473/609 3532/467/165
f 3532/467/165 3524/473/609 3535/474/165
f 3524/473/609 3525/475/1664 3535/474/165
f 3525/475/1664 3528/476/165 3535/474/165
f 3528/476/165 3536/477/165 3535/474/165
f 3535/474/165 3536/477/165 3533/468/165
f 3536/477/165 3537/469/165 3533/468/165
f 3533/468/165 3537/469/165 3534/452/165
f 3534/452/165 3537/469/165 3538/451/176
f 3538/451/176 3537/469/165 3539/470/316
f 3537/469/165 3540/471/165 3539/470/316
f 3539/470/316 3540/471/165 3541/472/491
f 3533/468/165 3532/467/165 3535/474/165
f 3537/469/165 3536/477/165 3540/471/165
f 3536/477/165 3542/478/165 3540/471/165
f 3540/471/165 3542/478/165 3543/479/165
f 3543/479/165 3542/478/165 3544/489/165
f 3544/489/165 3542/478/165 3529/490/165
f 3529/490/165 3542/478/165 3528/476/165
f 3542/478/165 3536/477/165 3528/476/165
f 3540/471/165 3543/479/165 3541/472/491
f 3543/479/165 3545/480/491 3541/472/491
f 3541/472/491 3545/480/491 3546/481/1956
f 3545/480/491 3547/482/1957 3546/481/1956
f 3546/481/1956 3547/482/1957 3548/483/1958
f 3548/483/1958 3547/482/1957 3549/484/1841
f 3547/482/1957 3550/485/1959 3549/484/1841
f 3549/484/1841 3550/485/1959 3413/486/1842
f 3550/485/1959 3547/482/1957 3551/487/491
f 3547/482/1957 3545/480/491 3551/487/491
f 3551/487/491 3545/480/491 3552/488/165
f 3545/480/491 3543/479/165 3552/488/165
f 3552/488/165 3543/479/165 3544/489/165
f 3553/213/170 3555/211/165 3554/536/1960
f 3554/536/1960 3555/211/165 3556/537/1961
f 3555/211/165 3557/200/165 3556/537/1961
f 3557/200/165 3558/198/165 3556/537/1961
f 3556/537/1961 3558/198/165 3559/538/1962
f 3558/198/165 3560/176/499 3559/538/1962
f 3559/538/1962 3511/531/1945 3556/537/1961
f 3511/531/1945 3554/536/1960 3556/537/1961
f 3561/198/165 3562/197/166 3560/176/176
f 3562/197/166 3563/177/166 3560/176/176
f 3562/197/166 3561/198/165 3564/199/166
f 3561/198/165 3557/200/165 3564/199/166
f 3564/199/166 3557/200/165 3565/209/165
f 3565/209/165 3557/200/165 3566/210/165
f 3557/200/165 3567/211/165 3566/210/165
f 3566/210/165 3567/211/165 3568/212/165
f 3567/211/165 3569/213/170 3568/212/165
f 3569/213/170 3570/214/165 3568/212/165
f 3568/212/165 3570/214/165 3571/215/165
f 3570/214/165 3572/216/165 3571/215/165
f 3571/215/165 3573/217/165 3568/212/165
f 3568/212/165 3573/217/165 3566/210/165
f 3573/217/165 3574/208/165 3566/210/165
f 3566/210/165 3574/208/165 3565/209/165
f 3574/208/165 3575/206/165 3565/209/165
f 3575/206/165 3576/201/165 3565/209/165
f 3565/209/165 3576/201/165 3564/199/166
f 3576/201/165 3577/195/165 3564/199/166
f 3564/199/166 3577/195/165 3562/197/166
f 3577/195/165 3578/196/165 3562/197/166
f 3562/197/166 3578/196/165 3563/177/166
f 3563/177/166 3578/196/165 3579/179/166
f 3578/196/165 3580/190/165 3579/179/166
f 3579/179/166 3580/190/165 3176/186/165
f 3580/190/165 3581/189/165 3176/186/165
f 3176/186/165 3581/189/165 3582/75/75
f 3581/189/165 3580/190/165 3583/191/165
f 3583/191/165 3580/190/165 3584/192/165
f 3580/190/165 3578/196/165 3584/192/165
f 3578/196/165 3577/195/165 3584/192/165
f 3584/192/165 3577/195/165 3585/194/165
f 3577/195/165 3576/201/165 3585/194/165
f 3585/194/165 3576/201/165 3586/202/165
f 3576/201/165 3575/206/165 3586/202/165
f 3575/206/165 3587/205/165 3586/202/165
f 3587/205/165 3588/204/165 3586/202/165
f 3586/202/165 3588/204/165 3589/203/165
f 3588/204/165 3590/891/165 3589/203/165
f 3590/891/165 3591/890/165 3589/203/165
f 3589/203/165 3591/890/165 3592/193/165
f 3591/890/165 3593/889/165 3592/193/165
f 3592/193/165 3593/889/165 3583/191/165
f 3583/191/165 3593/889/165 3594/887/165
f 3593/889/165 3595/888/165 3594/887/165
f 3594/887/165 3595/888/165 3596/885/75
f 3586/202/165 3589/203/165 3585/194/165
f 3589/203/165 3592/193/165 3585/194/165
f 3585/194/165 3592/193/165 3584/192/165
f 3592/193/165 3583/191/165 3584/192/165
f 3595/888/165 3593/889/165 3597/893/165
f 3593/889/165 3591/890/165 3597/893/165
f 3597/893/165 3591/890/165 3598/894/165
f 3591/890/165 3590/891/165 3598/894/165
f 3598/894/165 3590/891/165 3599/895/169
f 3599/895/169 3590/891/165 3600/892/166
f 3590/891/165 3588/204/165 3600/892/166
f 3600/892/166 3588/204/165 3601/225/166
f 3588/204/165 3587/205/165 3601/225/166
f 3587/205/165 3602/224/165 3601/225/166
f 3601/225/166 3602/224/165 3603/226/166
f 3602/224/165 3604/227/165 3603/226/166
f 3603/226/166 3604/227/165 3605/229/169
f 3604/227/165 3606/230/166 3605/229/169
f 3605/229/169 3606/230/166 3607/231/165
f 3606/230/166 3608/249/166 3607/231/165
f 3608/249/166 3609/248/165 3607/231/165
f 3609/248/165 3610/233/165 3607/231/165
f 3607/231/165 3610/233/165 3611/232/175
f 3610/233/165 3612/234/368 3611/232/175
f 3605/229/169 3607/231/165 3611/232/175
f 3606/230/166 3613/250/166 3608/249/166
f 3608/249/166 3613/250/166 3614/251/165
f 3613/250/166 3615/252/166 3614/251/165
f 3614/251/165 3615/252/166 3616/258/507
f 3615/252/166 3617/259/187 3616/258/507
f 3618/257/507 3616/258/507 3619/260/1963
f 3616/258/507 3620/261/1964 3619/260/1963
f 3619/260/1963 3620/261/1964 3621/272/1965
f 3614/251/165 3622/253/165 3608/249/166
f 3608/249/166 3622/253/165 3609/248/165
f 3622/253/165 3614/251/165 3623/257/305
f 3623/257/305 3614/251/165 3616/258/507
f 3616/258/507 3624/259/190 3620/261/1964
f 3624/259/190 3625/262/1966 3620/261/1964
f 3620/261/1964 3625/262/1966 3626/263/1967
f 3625/262/1966 3627/264/1968 3626/263/1967
f 3626/263/1967 3627/264/1968 3628/265/1969
f 3627/264/1968 3629/266/1970 3628/265/1969
f 3629/266/1970 3630/267/1971 3628/265/1969
f 3630/267/1971 3631/268/1972 3628/265/1969
f 3628/265/1969 3631/268/1972 3632/269/1973
f 3631/268/1972 3633/270/1974 3632/269/1973
f 3633/270/1974 3634/271/1975 3632/269/1973
f 3632/269/1973 3634/271/1975 3621/272/1965
f 3621/272/1965 3634/271/1975 3635/273/1976
f 3634/271/1975 3636/274/1977 3635/273/1976
f 3635/273/1976 3636/274/1977 3637/275/1978
f 3620/261/1964 3626/263/1967 3621/272/1965
f 3621/272/1965 3626/263/1967 3632/269/1973
f 3626/263/1967 3628/265/1969 3632/269/1973
f 3636/274/1977 3634/271/1975 3638/276/1979
f 3634/271/1975 3633/270/1974 3638/276/1979
f 3637/275/1980 3639/274/1981 3640/277/1982
f 3639/274/1981 3641/278/1983 3640/277/1982
f 3640/277/1982 3641/278/1983 3642/279/1984
f 3641/278/1983 3643/280/1985 3642/279/1984
f 3642/279/1984 3643/280/1985 3644/281/1986
f 3644/281/1986 3643/280/1985 3645/282/1987
f 3643/280/1985 3646/288/1988 3645/282/1987
f 3646/288/1988 3647/285/1989 3645/282/1987
f 3645/282/1987 3647/285/1989 3648/284/1990
f 3647/285/1989 3649/286/1991 3648/284/1990
f 3639/274/1981 3638/276/1979 3641/278/1983
f 3638/276/1979 3650/287/1992 3641/278/1983
f 3641/278/1983 3650/287/1992 3643/280/1985
f 3650/287/1992 3646/288/1988 3643/280/1985
f 3648/284/1990 3651/283/1993 3645/282/1987
f 3651/283/1993 3644/281/1986 3645/282/1987
f 3651/283/1994 3652/376/1995 3653/281/1986
f 3652/376/1995 3654/375/577 3653/281/1986
f 3653/281/1986 3654/375/577 3655/279/1984
f 3654/375/577 3656/374/1996 3655/279/1984
f 3655/279/1984 3656/374/1996 3657/277/1982
f 3656/374/1996 3658/360/1997 3657/277/1982
f 3657/277/1982 3658/360/1997 3659/275/1998
f 3659/275/1998 3658/360/1997 3660/358/1999
f 3660/358/1999 3658/360/1997 3661/357/305
f 3661/357/305 3658/360/1997 3662/361/305
f 3658/360/1997 3656/374/1996 3662/361/305
f 3662/361/305 3656/374/1996 3663/373/305
f 3656/374/1996 3654/375/577 3663/373/305
f 3663/373/305 3654/375/577 3664/377/305
f 3654/375/577 3652/376/1995 3664/377/305
f 3664/377/305 3665/378/165 3663/373/305
f 3665/378/165 3666/372/165 3663/373/305
f 3663/373/305 3666/372/165 3662/361/305
f 3666/372/165 3667/362/165 3662/361/305
f 3662/361/305 3667/362/165 3661/357/305
f 3665/378/165 3668/379/165 3666/372/165
f 3666/372/165 3668/379/165 3669/371/165
f 3668/379/165 3670/380/165 3669/371/165
f 3669/371/165 3670/380/165 3671/370/165
f 3670/380/165 3672/381/729 3671/370/165
f 3666/372/165 3669/371/165 3667/362/165
f 3669/371/165 3673/363/165 3667/362/165
f 3673/363/165 3674/356/165 3667/362/165
f 3667/362/165 3674/356/165 3661/357/305
f 3674/356/165 3675/255/305 3661/357/305
f 3661/357/305 3675/255/305 3660/358/1999
f 3675/255/305 3676/256/2000 3660/358/1999
f 3660/358/1999 3676/256/2000 3677/359/2001
f 3676/256/2000 3623/257/305 3677/359/2001
f 3623/257/305 3678/260/1963 3677/359/2001
f 3677/359/2001 3678/260/1963 3679/273/2002
f 3678/260/1963 3680/272/2003 3679/273/2002
f 3673/363/165 3669/371/165 3671/370/165
f 3660/358/1999 3677/359/2001 3681/275/1998
f 3681/275/1998 3677/359/2001 3679/273/2002
f 3623/257/305 3676/256/2000 3622/253/165
f 3622/253/165 3676/256/2000 3682/254/165
f 3676/256/2000 3675/255/305 3682/254/165
f 3675/255/305 3683/247/165 3682/254/165
f 3682/254/165 3683/247/165 3684/246/165
f 3683/247/165 3685/245/165 3684/246/165
f 3684/246/165 3685/245/165 3686/235/166
f 3685/245/165 3687/244/165 3686/235/166
f 3687/244/165 3688/236/729 3686/235/166
f 3686/235/166 3688/236/729 3612/234/368
f 3612/234/368 3688/236/729 3689/237/2004
f 3689/237/2004 3688/236/729 3690/238/1070
f 3690/238/1070 3688/236/729 3691/243/729
f 3688/236/729 3687/244/165 3691/243/729
f 3622/253/165 3682/254/165 3609/248/165
f 3682/254/165 3684/246/165 3609/248/165
f 3609/248/165 3684/246/165 3610/233/165
f 3684/246/165 3686/235/166 3610/233/165
f 3610/233/165 3686/235/166 3612/234/368
f 3689/237/2004 3690/238/1070 3692/239/2005
f 3692/239/2005 3690/238/1070 3693/240/2006
f 3690/238/1070 3694/241/2007 3693/240/2006
f 3693/240/2006 3694/241/2007 3695/242/2008
f 3690/238/1070 3691/243/729 3694/241/2007
f 3696/349/2009 3695/242/2010 3697/347/2011
f 3695/242/2010 3698/351/2012 3697/347/2011
f 3698/351/2012 3699/344/2013 3697/347/2011
f 3697/347/2011 3699/344/2013 3700/346/1885
f 3700/346/1885 3699/344/2013 3701/345/2014
f 3699/344/2013 3702/341/2015 3701/345/2014
f 3701/345/2014 3702/341/2015 3703/340/2016
f 3700/346/1885 3704/348/2017 3697/347/2011
f 3697/347/2011 3704/348/2017 3696/349/2009
f 3704/348/2017 3705/350/2018 3696/349/2009
f 3706/338/2019 3707/337/2020 3708/342/2021
f 3707/337/2020 3702/341/2015 3708/342/2021
f 3708/342/2021 3702/341/2015 3709/343/2022
f 3702/341/2015 3699/344/2013 3709/343/2022
f 3709/343/2022 3699/344/2013 3698/351/2012
f 3702/341/2015 3707/337/2020 3703/340/2016
f 3703/340/2016 3707/337/2020 3710/335/2023
f 3707/337/2020 3711/336/2024 3710/335/2023
f 3711/336/2024 3712/334/2025 3710/335/2023
f 3712/334/2025 3713/333/2026 3710/335/2023
f 3710/335/2023 3713/333/2026 3714/339/2027
f 3714/339/2027 3713/333/2026 3715/329/1690
f 3713/333/2026 3716/328/2028 3715/329/1690
f 3715/329/1690 3716/328/2028 3717/327/2029
f 3716/328/2028 3718/325/2030 3717/327/2029
f 3717/327/2029 3718/325/2030 3719/326/126
f 3718/325/2030 3720/323/2031 3719/326/126
f 3719/326/126 3720/323/2031 3721/330/2032
f 3710/335/2023 3714/339/2027 3703/340/2016
f 3711/336/2024 3707/337/2020 3722/338/2033
f 3716/328/2028 3713/333/2026 3723/332/2034
f 3723/332/2034 3713/333/2026 3712/334/2025
f 3723/332/2034 3724/331/2035 3716/328/2028
f 3716/328/2028 3724/331/2035 3718/325/2030
f 3724/331/2035 3725/324/2036 3718/325/2030
f 3718/325/2030 3725/324/2036 3720/323/2031
f 3725/324/2036 3726/322/2037 3720/323/2031
f 3720/323/2031 3726/322/2037 3727/321/2038
f 3726/322/2037 3728/320/2039 3727/321/2038
f 3728/320/2039 3729/316/2040 3727/321/2038
f 3727/321/2038 3729/316/2040 3730/317/402
f 3730/317/402 3729/316/2040 3731/315/429
f 3729/316/2040 3732/314/2041 3731/315/429
f 3731/315/429 3732/314/2041 3733/313/2042
f 3733/313/2042 3732/314/2041 3734/312/2043
f 3732/314/2041 3735/318/2044 3734/312/2043
f 3735/318/2044 3736/306/2045 3734/312/2043
f 3736/306/2045 3737/310/2046 3734/312/2043
f 3737/310/2046 3738/311/2047 3734/312/2043
f 3734/312/2043 3738/311/2047 3733/313/2042
f 3720/323/2031 3727/321/2038 3721/330/2032
f 3721/330/2032 3727/321/2038 3730/317/402
f 3728/320/2039 3739/319/2048 3729/316/2040
f 3729/316/2040 3739/319/2048 3732/314/2041
f 3739/319/2048 3735/318/2044 3732/314/2041
f 3736/306/2045 3740/305/2049 3737/310/2046
f 3740/305/2049 3741/308/2050 3737/310/2046
f 3737/310/2046 3741/308/2050 3742/309/2051
f 3742/309/2051 3741/308/2050 3743/298/2052
f 3741/308/2050 3744/297/2053 3743/298/2052
f 3743/298/2052 3744/297/2053 3745/296/2054
f 3744/297/2053 3746/294/2055 3745/296/2054
f 3745/296/2054 3746/294/2055 3747/295/2056
f 3737/310/2046 3742/309/2051 3738/311/2047
f 3740/305/2049 3748/307/2057 3741/308/2050
f 3741/308/2050 3748/307/2057 3744/297/2053
f 3748/307/2057 3749/300/2058 3744/297/2053
f 3744/297/2053 3749/300/2058 3746/294/2055
f 3749/300/2058 3748/307/2057 3750/302/2059
f 3748/307/2057 3751/305/2060 3750/302/2059
f 3750/302/2059 3751/305/2060 3752/304/2061
f 3751/305/2060 3753/306/2045 3752/304/2061
f 3752/304/2061 3754/303/235 3750/302/2059
f 3754/303/235 3755/301/2062 3750/302/2059
f 3750/302/2059 3755/301/2062 3749/300/2058
f 3755/301/2062 3756/293/2063 3749/300/2058
f 3749/300/2058 3756/293/2063 3746/294/2055
f 3756/293/2063 3757/292/2064 3746/294/2055
f 3746/294/2055 3757/292/2064 3747/295/2056
f 3747/295/2056 3757/292/2064 3758/299/2065
f 3757/292/2064 3759/290/2066 3758/299/2065
f 3758/299/2065 3759/290/2066 3760/289/2067
f 3759/290/2066 3761/284/1990 3760/289/2067
f 3760/289/2067 3761/284/1990 3649/286/1991
f 3756/293/2063 3762/291/2068 3757/292/2064
f 3757/292/2064 3762/291/2068 3759/290/2066
f 3762/291/2068 3763/283/1994 3759/290/2066
f 3759/290/2066 3763/283/1994 3761/284/1990
f 3764/646/185 3766/648/168 3765/647/2069
f 3765/647/2069 3766/648/168 3767/649/2070
f 3766/648/168 3768/443/375 3767/649/2070
f 3768/443/375 3769/655/380 3767/649/2070
f 3767/649/2070 3769/655/380 3770/651/2071
f 3769/655/380 3771/654/2072 3770/651/2071
f 3771/654/2072 3772/653/2073 3770/651/2071
f 3772/653/2073 3773/652/2074 3770/651/2071
f 3770/651/2071 3773/652/2074 3774/650/2075
f 3773/652/2074 3775/656/2076 3774/650/2075
f 3774/650/2075 3775/656/2076 3776/657/2077
f 3775/656/2076 3777/658/2078 3776/657/2077
f 3776/657/2077 3777/658/2078 3778/659/2077
f 3765/647/2069 3767/649/2070 3774/650/2075
f 3774/650/2075 3767/649/2070 3770/651/2071
f 3777/658/2078 3775/656/2076 3779/670/2047
f 3779/670/2047 3775/656/2076 3780/671/2079
f 3775/656/2076 3773/652/2074 3780/671/2079
f 3780/671/2079 3773/652/2074 3781/672/2080
f 3773/652/2074 3772/653/2073 3781/672/2080
f 3781/672/2080 3772/653/2073 3782/673/405
f 3772/653/2073 3783/674/2081 3782/673/405
f 3782/673/405 3783/674/2081 3784/675/2082
f 3783/674/2081 3785/676/2083 3784/675/2082
f 3784/675/2082 3785/676/2083 3786/677/2084
f 3785/676/2083 3787/678/2085 3786/677/2084
f 3786/677/2084 3787/678/2085 3788/682/451
f 3772/653/2073 3771/654/2072 3783/674/2081
f 3771/654/2072 3789/683/2086 3783/674/2081
f 3783/674/2081 3789/683/2086 3785/676/2083
f 3789/683/2086 3790/679/2087 3785/676/2083
f 3785/676/2083 3790/679/2087 3787/678/2085
f 3790/679/2087 3791/680/356 3787/678/2085
f 3787/678/2085 3791/680/356 3792/681/2088
f 3791/680/356 3793/684/2089 3792/681/2088
f 3793/684/2089 3794/685/2090 3792/681/2088
f 3792/681/2088 3794/685/2090 3795/686/2091
f 3795/686/2091 3794/685/2090 3796/687/2092
f 3796/687/2092 3794/685/2090 3797/688/2093
f 3797/688/2093 3794/685/2090 3798/689/2094
f 3794/685/2090 3799/684/2089 3798/689/2094
f 3799/684/2089 3800/698/2095 3798/689/2094
f 3798/689/2094 3800/698/2095 3801/691/2096
f 3800/698/2095 3802/694/2097 3801/691/2096
f 3801/691/2096 3802/694/2097 3803/693/2098
f 3802/694/2097 3804/695/2099 3803/693/2098
f 3803/693/2098 3804/695/2099 3805/696/2100
f 3804/695/2099 3806/697/2101 3805/696/2100
f 3787/678/2085 3792/681/2088 3788/682/451
f 3792/681/2088 3795/686/2091 3788/682/451
f 3805/696/2100 3807/699/2102 3803/693/2098
f 3807/699/2102 3808/692/2103 3803/693/2098
f 3803/693/2098 3808/692/2103 3801/691/2096
f 3808/692/2103 3809/690/2104 3801/691/2096
f 3801/691/2096 3809/690/2104 3798/689/2094
f 3809/690/2104 3797/688/2093 3798/689/2094
f 3810/697/2101 3811/700/2105 3812/696/2100
f 3811/700/2105 3813/701/2106 3812/696/2100
f 3812/696/2100 3813/701/2106 3807/699/2102
f 3807/699/2102 3813/701/2106 3814/702/2027
f 3813/701/2106 3815/703/2107 3814/702/2027
f 3814/702/2027 3815/703/2107 3816/704/2027
f 3815/703/2107 3817/705/2108 3816/704/2027
f 3816/704/2027 3817/705/2108 3818/706/2109
f 3817/705/2108 3819/707/2110 3818/706/2109
f 3818/706/2109 3819/707/2110 3820/708/2111
f 3819/707/2110 3821/709/2112 3820/708/2111
f 3820/708/2111 3821/709/2112 3822/710/2113
f 3811/700/2105 3823/711/2114 3813/701/2106
f 3813/701/2106 3823/711/2114 3815/703/2107
f 3823/711/2114 3824/712/2115 3815/703/2107
f 3815/703/2107 3824/712/2115 3817/705/2108
f 3824/712/2115 3825/713/2116 3817/705/2108
f 3817/705/2108 3825/713/2116 3819/707/2110
f 3825/713/2116 3826/714/2117 3819/707/2110
f 3819/707/2110 3826/714/2117 3821/709/2112
f 3826/714/2117 3827/715/2118 3821/709/2112
f 3821/709/2112 3827/715/2118 3828/716/2119
f 3827/715/2118 3829/717/2120 3828/716/2119
f 3828/716/2119 3829/717/2120 3830/718/2121
f 3829/717/2120 3831/719/2122 3830/718/2121
f 3830/718/2121 3831/719/2122 3832/720/2123
f 3831/719/2122 3833/721/2124 3832/720/2123
f 3833/721/2124 3834/722/2125 3832/720/2123
f 3834/722/2125 3835/723/2126 3832/720/2123
f 3835/723/2126 3836/728/141 3832/720/2123
f 3832/720/2123 3836/728/141 3830/718/2121
f 3836/728/141 3837/727/2127 3830/718/2121
f 3830/718/2121 3837/727/2127 3828/716/2119
f 3837/727/2127 3822/710/2113 3828/716/2119
f 3828/716/2119 3822/710/2113 3821/709/2112
f 3833/721/2124 3838/729/2128 3834/722/2125
f 3834/722/2125 3838/729/2128 3839/725/2129
f 3838/729/2128 3840/730/2130 3839/725/2129
f 3839/725/2129 3840/730/2130 3841/731/2131
f 3840/730/2130 3842/732/2132 3841/731/2131
f 3842/732/2132 3843/733/2133 3841/731/2131
f 3841/731/2131 3843/733/2133 3844/734/586
f 3844/734/586 3843/733/2133 3845/735/2134
f 3843/733/2133 3846/736/2135 3845/735/2134
f 3845/735/2134 3846/736/2135 3847/737/2136
f 3835/723/2126 3834/722/2125 3848/724/2137
f 3834/722/2125 3839/725/2129 3848/724/2137
f 3848/724/2137 3839/725/2129 3849/726/2138
f 3839/725/2129 3841/731/2131 3849/726/2138
f 3849/726/2138 3841/731/2131 3844/734/586
f 3850/729/2128 3852/738/298 3851/730/2139
f 3851/730/2139 3852/738/298 3853/739/2140
f 3852/738/298 3854/740/579 3853/739/2140
f 3854/740/579 3855/741/2141 3853/739/2140
f 3853/739/2140 3855/741/2141 3856/742/2142
f 3855/741/2141 3857/743/2143 3856/742/2142
f 3856/742/2142 3857/743/2143 3846/736/2135
f 3857/743/2143 3858/744/2144 3846/736/2135
f 3846/736/2135 3858/744/2144 3847/737/2136
f 3847/737/2136 3858/744/2144 3859/745/2145
f 3858/744/2144 3860/746/2146 3859/745/2145
f 3859/745/2145 3860/746/2146 3861/747/572
f 3860/746/2146 3862/748/2147 3861/747/572
f 3861/747/572 3862/748/2147 3863/749/2148
f 3846/736/2135 3843/733/2133 3856/742/2142
f 3843/733/2133 3842/732/2132 3856/742/2142
f 3856/742/2142 3842/732/2132 3853/739/2140
f 3842/732/2132 3851/730/2139 3853/739/2140
f 3862/748/2147 3860/746/2146 3864/750/2149
f 3864/750/2149 3860/746/2146 3865/751/2150
f 3860/746/2146 3858/744/2144 3865/751/2150
f 3865/751/2150 3858/744/2144 3857/743/2143
f 3866/750/2151 3865/751/2152 3867/752/2153
f 3867/752/2153 3865/751/2152 3868/753/2154
f 3865/751/2152 3869/743/2143 3868/753/2154
f 3869/743/2143 3870/741/2141 3868/753/2154
f 3868/753/2154 3870/741/2141 3871/754/305
f 3870/741/2141 3872/740/579 3871/754/305
f 3871/754/305 3872/740/579 3873/755/165
f 3872/740/579 3874/756/379 3873/755/165
f 3874/756/379 3875/757/165 3873/755/165
f 3873/755/165 3875/757/165 3876/758/165
f 3876/758/165 3875/757/165 3877/759/165
f 3875/757/165 3878/760/165 3877/759/165
f 3877/759/165 3878/760/165 3879/761/729
f 3878/760/165 3880/762/729 3879/761/729
f 3879/761/729 3880/762/729 3881/763/2155
f 3880/762/729 3882/764/2156 3881/763/2155
f 3881/763/2155 3882/764/2156 3806/697/2157
f 3806/697/2157 3882/764/2156 3883/700/2105
f 3882/764/2156 3884/765/2158 3883/700/2105
f 3883/700/2105 3884/765/2158 3885/711/2159
f 3874/756/379 3872/740/579 3886/738/298
f 3884/765/2158 3882/764/2156 3887/766/1907
f 3882/764/2156 3880/762/729 3887/766/1907
f 3887/766/1907 3880/762/729 3888/767/169
f 3880/762/729 3878/760/165 3888/767/169
f 3888/767/169 3878/760/165 3889/773/169
f 3878/760/165 3875/757/165 3889/773/169
f 3875/757/165 3874/756/379 3889/773/169
f 3889/773/169 3874/756/379 3890/774/2160
f 3874/756/379 3886/738/298 3890/774/2160
f 3886/738/298 3891/729/2161 3890/774/2160
f 3891/729/2161 3892/721/2124 3890/774/2160
f 3892/721/2124 3893/772/2162 3890/774/2160
f 3890/774/2160 3893/772/2162 3889/773/169
f 3889/773/169 3893/772/2162 3888/767/169
f 3893/772/2162 3894/771/2163 3888/767/169
f 3888/767/169 3894/771/2163 3887/766/1907
f 3887/766/1907 3894/771/2163 3895/770/2164
f 3894/771/2163 3829/717/2165 3895/770/2164
f 3895/770/2164 3829/717/2165 3896/715/2166
f 3829/717/2165 3894/771/2163 3897/719/2167
f 3894/771/2163 3893/772/2162 3897/719/2167
f 3897/719/2167 3893/772/2162 3892/721/2124
f 3871/754/305 3898/768/507 3868/753/2154
f 3868/753/2154 3898/768/507 3867/752/2153
f 3898/768/507 3871/754/305 3899/769/165
f 3871/754/305 3873/755/165 3899/769/165
f 3899/769/165 3873/755/165 3876/758/165
f 3900/667/187 3902/665/186 3901/666/2168
f 3901/666/2168 3902/665/186 3903/663/2169
f 3902/665/186 3904/664/186 3903/663/2169
f 3904/664/186 3905/662/2170 3903/663/2169
f 3903/663/2169 3905/662/2170 3906/661/2171
f 3905/662/2170 3778/659/2077 3906/661/2171
f 3906/661/2171 3778/659/2077 3907/660/2172
f 3778/659/2077 3777/658/2078 3907/660/2172
f 3907/660/2172 3777/658/2078 3908/669/2173
f 3777/658/2078 3779/670/2047 3908/669/2173
f 3901/666/2168 3903/663/2169 3627/264/1968
f 3903/663/2169 3906/661/2171 3627/264/1968
f 3627/264/1968 3906/661/2171 3629/266/1970
f 3906/661/2171 3907/660/2172 3629/266/1970
f 3629/266/1970 3907/660/2172 3909/668/2174
f 3907/660/2172 3908/669/2173 3909/668/2174
f 3629/266/1970 3909/668/2174 3630/267/1971
f 3627/264/1968 3911/262/2175 3910/666/2168
f 3910/666/2168 3911/262/2175 3912/1434/1075
f 3911/262/2175 3617/259/190 3912/1434/1075
f 3617/259/190 3913/1433/166 3912/1434/1075
f 3912/1434/1075 3913/1433/166 3914/776/166
f 3913/1433/166 3915/221/166 3914/776/166
f 3910/666/2168 3912/1434/1075 3916/667/187
f 3912/1434/1075 3914/776/166 3916/667/187
f 3571/215/165 3917/220/166 3918/219/165
f 3917/220/166 3919/221/166 3918/219/165
f 3919/221/166 3920/222/165 3918/219/165
f 3918/219/165 3920/222/165 3921/218/165
f 3920/222/165 3922/223/165 3921/218/165
f 3922/223/165 3923/207/165 3921/218/165
f 3921/218/165 3923/207/165 3574/208/165
f 3574/208/165 3923/207/165 3575/206/165
f 3575/206/165 3923/207/165 3587/205/165
f 3587/205/165 3923/207/165 3602/224/165
f 3923/207/165 3922/223/165 3602/224/165
f 3602/224/165 3922/223/165 3604/227/165
f 3922/223/165 3924/228/165 3604/227/165
f 3604/227/165 3924/228/165 3606/230/166
f 3606/230/166 3924/228/165 3925/250/166
f 3925/250/166 3924/228/165 3926/1432/166
f 3924/228/165 3920/222/165 3926/1432/166
f 3920/222/165 3919/221/166 3926/1432/166
f 3919/221/166 3927/1433/166 3926/1432/166
f 3926/1432/166 3927/1433/166 3615/252/166
f 3927/1433/166 3624/259/187 3615/252/166
f 3574/208/165 3573/217/165 3921/218/165
f 3921/218/165 3573/217/165 3918/219/165
f 3573/217/165 3571/215/165 3918/219/165
f 3571/215/165 3572/216/165 3917/220/166
f 3572/216/165 3928/775/166 3917/220/166
f 3917/220/166 3928/775/166 3929/776/166
f 3928/775/166 3930/667/187 3929/776/166
f 3924/228/165 3922/223/165 3920/222/165
f 3925/250/166 3926/1432/166 3615/252/166
f 3919/221/166 3917/220/166 3929/776/166
f 3931/664/186 3933/665/186 3932/782/166
f 3932/782/166 3933/665/186 3934/781/166
f 3933/665/186 3935/667/187 3934/781/166
f 3935/667/187 3928/775/166 3934/781/166
f 3934/781/166 3928/775/166 3936/777/165
f 3928/775/166 3572/216/165 3936/777/165
f 3572/216/165 3937/778/165 3936/777/165
f 3936/777/165 3937/778/165 3938/779/165
f 3938/779/165 3937/778/165 3939/532/801
f 3939/532/801 3937/778/165 3940/534/171
f 3937/778/165 3941/214/165 3940/534/171
f 3940/534/171 3941/214/165 3569/213/170
f 3938/779/165 3942/780/165 3936/777/165
f 3936/777/165 3942/780/165 3934/781/166
f 3942/780/165 3932/782/166 3934/781/166
f 3937/778/165 3572/216/165 3941/214/165
f 3943/664/186 3932/782/166 3944/786/165
f 3944/786/165 3932/782/166 3945/788/165
f 3932/782/166 3946/780/165 3945/788/165
f 3945/788/165 3946/780/165 3947/789/165
f 3946/780/165 3948/779/165 3947/789/165
f 3947/789/165 3948/779/165 3949/792/801
f 3948/779/165 3950/532/801 3949/792/801
f 3949/792/801 3950/532/801 3951/794/2176
f 3950/532/801 3952/533/2177 3951/794/2176
f 3951/794/2176 3952/533/2177 3953/516/1948
f 3952/533/2177 3954/523/2178 3953/516/1948
f 3953/516/1948 3955/515/1949 3951/794/2176
f 3955/515/1949 3956/793/2179 3951/794/2176
f 3951/794/2176 3956/793/2179 3949/792/801
f 3956/793/2179 3957/791/801 3949/792/801
f 3949/792/801 3957/791/801 3947/789/165
f 3957/791/801 3958/790/165 3947/789/165
f 3947/789/165 3958/790/165 3945/788/165
f 3958/790/165 3959/787/165 3945/788/165
f 3945/788/165 3959/787/165 3944/786/165
f 3959/787/165 3960/785/166 3944/786/165
f 3960/785/166 3961/784/186 3944/786/165
f 3944/786/165 3961/784/186 3943/664/186
f 3943/664/186 3961/784/186 3962/662/2180
f 3961/784/186 3963/783/2181 3962/662/2180
f 3962/662/2180 3963/783/2181 3964/659/2182
f 3964/659/2182 3963/783/2181 3965/657/2182
f 3963/783/2181 3966/647/2183 3965/657/2182
f 3965/657/2182 3966/647/2183 3967/650/2184
f 3966/647/2183 3963/783/2181 3968/646/186
f 3963/783/2181 3961/784/186 3968/646/186
f 3968/646/186 3961/784/186 3960/785/166
f 3969/791/801 3970/795/801 3958/790/165
f 3958/790/165 3970/795/801 3971/796/165
f 3970/795/801 3972/460/75 3971/796/165
f 3972/460/75 3973/458/165 3971/796/165
f 3971/796/165 3973/458/165 3974/797/165
f 3973/458/165 3975/446/165 3974/797/165
f 3974/797/165 3975/446/165 3976/798/166
f 3975/446/165 3977/444/165 3976/798/166
f 3976/798/166 3977/444/165 3978/648/317
f 3977/444/165 3979/443/169 3978/648/317
f 3978/648/317 3980/646/186 3976/798/166
f 3980/646/186 3981/785/166 3976/798/166
f 3976/798/166 3981/785/166 3974/797/165
f 3981/785/166 3982/787/165 3974/797/165
f 3974/797/165 3982/787/165 3971/796/165
f 3982/787/165 3958/790/165 3971/796/165
f 3983/804/2185 3984/805/2186 3985/800/2187
f 3984/805/2186 3986/799/1817 3985/800/2187
f 3986/799/1817 3292/801/1817 3985/800/2187
f 3292/801/1817 3291/802/1816 3985/800/2187
f 3985/800/2187 3291/802/1816 3987/803/316
f 3291/802/1816 3293/850/491 3987/803/316
f 3987/803/316 3293/850/491 3988/849/165
f 3293/850/491 3294/855/165 3988/849/165
f 3984/805/2186 3989/806/2188 3986/799/1817
f 3985/800/2187 3987/803/316 3983/804/2185
f 3983/804/2185 3987/803/316 3990/848/1073
f 3987/803/316 3988/849/165 3990/848/1073
f 3991/555/2189 3992/807/2190 3993/553/1828
f 3992/807/2190 3994/847/2191 3993/553/1828
f 3993/553/1828 3994/847/2191 3378/549/2192
f 3378/549/2192 3994/847/2191 3995/547/2193
f 3994/847/2191 3990/848/1073 3995/547/2193
f 3995/547/2193 3990/848/1073 3996/546/1073
f 3990/848/1073 3988/849/165 3996/546/1073
f 3996/546/1073 3988/849/165 3997/851/165
f 3988/849/165 3294/855/165 3997/851/165
f 3294/855/165 3295/854/165 3997/851/165
f 3295/854/165 3998/852/165 3997/851/165
f 3997/851/165 3998/852/165 3999/545/171
f 3999/545/171 3998/852/165 4000/421/170
f 4000/421/170 3998/852/165 4001/414/165
f 3998/852/165 3297/853/165 4001/414/165
f 4001/414/165 3297/853/165 3299/412/165
f 3990/848/1073 3994/847/2191 3983/804/2185
f 3983/804/2185 3994/847/2191 3992/807/2190
f 3999/545/171 3996/546/1073 3997/851/165
f 3998/852/165 3295/854/165 3297/853/165
f 4002/861/165 4004/859/2194 4003/860/2195
f 4003/860/2195 4004/859/2194 4005/858/2196
f 4004/859/2194 3019/28/2197 4005/858/2196
f 4005/858/2196 3019/28/2197 4006/38/2198
f 3019/28/2197 4004/859/2194 4007/26/1623
f 4007/26/1623 4004/859/2194 4008/862/2199
f 4004/859/2194 4002/861/165 4008/862/2199
f 4002/861/165 4009/863/383 4008/862/2199
f 4008/862/2199 4009/863/383 4010/864/2200
f 4009/863/383 4011/865/175 4010/864/2200
f 4010/864/2200 4011/865/175 4012/3/2201
f 4011/865/175 4013/5/1600 4012/3/2201
f 4012/3/2201 4014/1/1596 4010/864/2200
f 4014/1/1596 4015/24/1621 4010/864/2200
f 4010/864/2200 4015/24/1621 4008/862/2199
f 4015/24/1621 4007/26/1623 4008/862/2199
f 3034/53/2202 4016/46/2203 4017/39/2204
f 4016/46/2203 4018/881/2205 4017/39/2204
f 4017/39/2204 4018/881/2205 4006/38/2206
f 4006/38/2206 4018/881/2205 4019/858/2196
f 4018/881/2205 4020/879/2207 4019/858/2196
f 4019/858/2196 4020/879/2207 4021/860/2208
f 4016/46/2203 4022/47/2209 4018/881/2205
f 4018/881/2205 4022/47/2209 4020/879/2207
f 4023/879/2210 4024/876/184 4021/860/2208
f 4024/876/184 4025/869/165 4021/860/2208
f 4021/860/2208 4025/869/165 4026/861/165
f 4025/869/165 4027/868/165 4026/861/165
f 4026/861/165 4027/868/165 4028/863/175
f 4027/868/165 4029/867/165 4028/863/175
f 4028/863/175 4029/867/165 4030/865/175
f 4029/867/165 4031/866/2211 4030/865/175
f 4030/865/175 4031/866/2211 4013/5/1600
f 4031/866/2211 4032/870/2212 4013/5/1600
f 4013/5/1600 4032/870/2212 2994/6/1601
f 4032/870/2212 4033/11/1606 2994/6/1601
f 2994/6/1601 4033/11/1606 4034/8/2213
f 4033/11/1606 4032/870/2212 4035/13/2214
f 4035/13/2214 4032/870/2212 4036/871/2215
f 4032/870/2212 4031/866/2211 4036/871/2215
f 4036/871/2215 4031/866/2211 4037/872/2211
f 4031/866/2211 4029/867/165 4037/872/2211
f 4037/872/2211 4029/867/165 4038/873/165
f 4029/867/165 4027/868/165 4038/873/165
f 4038/873/165 4027/868/165 4039/874/165
f 4027/868/165 4025/869/165 4039/874/165
f 4039/874/165 4025/869/165 4040/875/165
f 4025/869/165 4024/876/184 4040/875/165
f 4040/875/165 4024/876/184 4041/877/801
f 4024/876/184 4042/878/2216 4041/877/801
f 4041/877/801 4042/878/2216 4043/880/2217
f 4042/878/2216 3039/54/1645 4043/880/2217
f 4043/880/2217 3039/54/1645 4044/55/1651
f 4024/876/184 4023/879/2210 4042/878/2216
f 4023/879/2210 4045/47/2209 4042/878/2216
f 4042/878/2216 4045/47/2209 3039/54/1645
f 4046/55/1651 4048/57/2218 4047/880/2217
f 4047/880/2217 4048/57/2218 4049/882/2219
f 4048/57/2218 3056/67/2220 4049/882/2219
f 3056/67/2220 4050/883/2221 4049/882/2219
f 4049/882/2219 4050/883/2221 4051/884/801
f 4050/883/2221 4052/885/75 4051/884/801
f 4047/880/2217 4049/882/2219 4041/877/801
f 4049/882/2219 4051/884/801 4041/877/801
f 3056/67/2222 4053/74/2223 4054/883/2221
f 4053/74/2223 4055/886/702 4054/883/2221
f 4054/883/2221 4055/886/702 4056/885/341
f 4056/885/341 4055/886/702 4057/887/165
f 4055/886/702 4058/189/165 4057/887/165
f 4057/887/165 4058/189/165 3583/191/165
f 4053/74/2223 3177/75/341 4055/886/702
f 4055/886/702 3177/75/341 4058/189/165
f 4059/283/1994 4061/291/2224 4060/376/1995
f 4060/376/1995 4061/291/2224 4062/903/2225
f 4061/291/2224 4063/293/2226 4062/903/2225
f 4063/293/2226 4064/301/2227 4062/903/2225
f 4062/903/2225 4064/301/2227 4065/902/305
f 4064/301/2227 4066/303/579 4065/902/305
f 4065/902/305 4066/303/579 4067/900/165
f 4066/303/579 4068/904/2228 4067/900/165
f 4068/904/2228 4069/901/165 4067/900/165
f 4067/900/165 4069/901/165 4070/379/165
f 4070/379/165 4069/901/165 4071/380/165
f 4069/901/165 4072/908/165 4071/380/165
f 4071/380/165 4072/908/165 4073/381/729
f 4072/908/165 4074/909/729 4073/381/729
f 4073/381/729 4074/909/729 4075/368/2229
f 4074/909/729 4076/910/2230 4075/368/2229
f 4075/368/2229 4076/910/2230 4077/338/2033
f 4077/338/2033 4076/910/2230 4078/336/2231
f 4076/910/2230 4079/911/2232 4078/336/2231
f 4078/336/2231 4079/911/2232 3712/334/2025
f 4070/379/165 4080/378/165 4067/900/165
f 4067/900/165 4080/378/165 4065/902/305
f 4080/378/165 4081/377/305 4065/902/305
f 4065/902/305 4081/377/305 4062/903/2225
f 4081/377/305 4060/376/1995 4062/903/2225
f 4068/904/2228 4066/303/579 4082/304/2061
f 4079/911/2232 4076/910/2230 4083/912/2233
f 4076/910/2230 4074/909/729 4083/912/2233
f 4083/912/2233 4074/909/729 4084/913/169
f 4074/909/729 4072/908/165 4084/913/169
f 4084/913/169 4072/908/165 4085/907/2234
f 4072/908/165 4069/901/165 4085/907/2234
f 4069/901/165 4068/904/2228 4085/907/2234
f 4085/907/2234 4068/904/2228 4086/905/2235
f 4068/904/2228 4082/304/2061 4086/905/2235
f 4082/304/2061 3753/306/2045 4086/905/2235
f 3753/306/2045 4087/318/2044 4086/905/2235
f 4087/318/2044 4088/906/2236 4086/905/2235
f 4086/905/2235 4088/906/2236 4085/907/2234
f 4085/907/2234 4088/906/2236 4084/913/169
f 4088/906/2236 4089/914/2237 4084/913/169
f 4084/913/169 4089/914/2237 4083/912/2233
f 4083/912/2233 4089/914/2237 4090/915/2238
f 4089/914/2237 4091/320/2239 4090/915/2238
f 4090/915/2238 4091/320/2239 4092/322/2240
f 4091/320/2239 4089/914/2237 3739/319/2241
f 4089/914/2237 4088/906/2236 3739/319/2241
f 3739/319/2241 4088/906/2236 4087/318/2044
f 4093/633/2242 4095/632/2243 4094/949/2244
f 4094/949/2244 4095/632/2243 4096/948/2245
f 4095/632/2243 4097/628/2246 4096/948/2245
f 4097/628/2246 3462/626/1897 4096/948/2245
f 4096/948/2245 3462/626/1897 4098/946/383
f 3462/626/1897 4099/625/1907 4098/946/383
f 4098/946/383 4099/625/1907 4100/941/165
f 4099/625/1907 4101/950/2247 4100/941/165
f 4101/950/2247 4102/943/165 4100/941/165
f 4100/941/165 4102/943/165 4103/942/165
f 4103/942/165 4102/943/165 4104/944/165
f 4102/943/165 4105/954/165 4104/944/165
f 4104/944/165 4105/954/165 4106/955/1780
f 4103/942/165 4107/945/165 4100/941/165
f 4100/941/165 4107/945/165 4098/946/383
f 4107/945/165 4108/947/175 4098/946/383
f 4098/946/383 4108/947/175 4096/948/2245
f 4108/947/175 4094/949/2244 4096/948/2245
f 4099/625/1907 4109/623/2248 4101/950/2247
f 4109/623/2248 4110/951/2249 4101/950/2247
f 4101/950/2247 4110/951/2249 4111/953/341
f 4110/951/2249 4112/952/2250 4111/953/341
f 4112/952/2250 4113/957/341 4111/953/341
f 4111/953/341 4113/957/341 4105/954/165
f 4113/957/341 4114/956/1770 4105/954/165
f 4105/954/165 4114/956/1770 4106/955/1780
f 4105/954/165 4102/943/165 4111/953/341
f 4111/953/341 4102/943/165 4101/950/2247
f 4109/623/2248 4115/612/1894 4110/951/2249
f 4115/612/1894 3443/611/2251 4110/951/2249
f 4110/951/2249 3443/611/2251 4112/952/2250
f 3443/611/2251 4116/604/2252 4112/952/2250
f 4112/952/2250 4116/604/2252 4117/958/2253
f 4116/604/2252 4118/602/2254 4117/958/2253
f 4117/958/2253 4118/602/2254 4119/959/2255
f 4118/602/2254 3433/600/1870 4119/959/2255
f 4112/952/2250 4117/958/2253 4113/957/341
f 4117/958/2253 4120/960/2185 4113/957/341
f 4113/957/341 4120/960/2185 4114/956/1770
f 4120/960/2185 4121/961/2256 4114/956/1770
f 4114/956/1770 4121/961/2256 4122/962/2257
f 4122/962/2257 4121/961/2256 4123/582/1856
f 4123/582/1856 4121/961/2256 4124/586/1863
f 4121/961/2256 4125/963/2258 4124/586/1863
f 4124/586/1863 4125/963/2258 4126/587/2259
f 4120/960/2185 4117/958/2253 4119/959/2255
f 4121/961/2256 4120/960/2185 4125/963/2258
f 4122/962/2257 4106/955/1780 4114/956/1770
f 4127/582/1856 4128/984/2260 4129/962/2257
f 4128/984/2260 4130/983/1770 4129/962/2257
f 4129/962/2257 4130/983/1770 4106/955/1770
f 4130/983/1770 4131/964/165 4106/955/1770
f 4106/955/1770 4131/964/165 4132/944/165
f 4127/582/1856 4133/580/2261 4128/984/2260
f 4128/984/2260 4133/580/2261 4134/977/2262
f 4133/580/2261 4135/579/1853 4134/977/2262
f 4134/977/2262 4136/978/176 4128/984/2260
f 4128/984/2260 4136/978/176 4130/983/1770
f 4136/978/176 4137/979/165 4130/983/1770
f 4130/983/1770 4137/979/165 4131/964/165
f 4137/979/165 4138/980/165 4131/964/165
f 4131/964/165 4138/980/165 4139/965/165
f 4138/980/165 4140/981/165 4139/965/165
f 4139/965/165 4140/981/165 4141/966/165
f 4140/981/165 4142/982/383 4141/966/165
f 4142/982/383 4143/967/175 4141/966/165
f 4141/966/165 4143/967/175 4144/945/165
f 4144/945/165 4143/967/175 4145/947/175
f 4143/967/175 4146/968/2263 4145/947/175
f 4145/947/175 4146/968/2263 4147/949/2244
f 4146/968/2263 4148/644/1913 4147/949/2244
f 4147/949/2244 4148/644/1913 4093/633/2264
f 4131/964/165 4139/965/165 4132/944/165
f 4132/944/165 4139/965/165 4149/942/165
f 4139/965/165 4141/966/165 4149/942/165
f 4149/942/165 4141/966/165 4144/945/165
f 4148/644/1913 4146/968/2263 4150/645/2265
f 4150/645/2265 4146/968/2263 4151/969/2266
f 4146/968/2263 4143/967/175 4151/969/2266
f 4143/967/175 4142/982/383 4151/969/2266
f 4151/969/2266 4142/982/383 4152/970/2267
f 4142/982/383 4153/971/383 4152/970/2267
f 4153/971/383 4154/492/385 4152/970/2267
f 4154/492/385 4155/494/1919 4152/970/2267
f 4155/494/1919 4156/643/2268 4152/970/2267
f 4152/970/2267 4156/643/2268 4151/969/2266
f 4156/643/2268 4150/645/2265 4151/969/2266
f 4142/982/383 4140/981/165 4153/971/383
f 4140/981/165 4157/972/165 4153/971/383
f 4153/971/383 4157/972/165 4158/491/1756
f 4158/491/1756 4157/972/165 4159/490/165
f 4159/490/165 4157/972/165 4160/973/165
f 4157/972/165 4138/980/165 4160/973/165
f 4138/980/165 4137/979/165 4160/973/165
f 4160/973/165 4137/979/165 4161/974/165
f 4137/979/165 4136/978/176 4161/974/165
f 4161/974/165 4136/978/176 4162/975/1754
f 4136/978/176 4134/977/2262 4162/975/1754
f 4162/975/1754 4134/977/2262 4163/976/2269
f 4134/977/2262 4135/579/1853 4163/976/2269
f 4135/579/1853 4164/583/1852 4163/976/2269
f 4163/976/2269 4164/583/1852 4165/485/1959
f 4164/583/1852 4166/486/1842 4165/485/1959
f 4157/972/165 4140/981/165 4138/980/165
f 4154/492/385 4153/971/383 4158/491/1756
f 4159/490/165 4160/973/165 4167/489/165
f 4160/973/165 4161/974/165 4167/489/165
f 4167/489/165 4161/974/165 4168/488/165
f 4161/974/165 4162/975/1754 4168/488/165
f 4168/488/165 4162/975/1754 4169/487/705
f 4162/975/1754 4163/976/2269 4169/487/705
f 4169/487/705 4163/976/2269 4165/485/1959
f 4170/985/305 4172/987/507 4171/986/1999
f 4171/986/1999 4172/987/507 4173/988/2270
f 4172/987/507 4174/411/190 4173/988/2270
f 4174/411/190 4175/989/2271 4173/988/2270
f 4173/988/2270 4175/989/2271 4176/990/2272
f 4176/990/2272 4175/989/2271 4177/825/2273
f 4177/825/2273 4175/989/2271 4178/993/2274
f 4178/993/2274 4175/989/2271 4179/992/2275
f 4175/989/2271 4180/411/190 4179/992/2275
f 4180/411/190 4181/409/166 4179/992/2275
f 4179/992/2275 4181/409/166 4182/403/2276
f 4181/409/166 3305/405/166 4182/403/2276
f 4182/403/2276 4183/402/187 4179/992/2275
f 4179/992/2275 4183/402/187 4178/993/2274
f 4178/993/2274 4183/402/187 4184/994/2277
f 4183/402/187 4185/400/168 4184/994/2277
f 4184/994/2277 4185/400/168 4186/393/1806
f 4185/400/168 4187/395/2278 4186/393/1806
f 4186/393/1806 3278/394/1807 4184/994/2277
f 3278/394/1807 4188/823/2279 4184/994/2277
f 4184/994/2277 4188/823/2279 4178/993/2274
f 4188/823/2279 4177/825/2273 4178/993/2274
f 4171/986/1999 4173/988/2270 4189/991/2280
f 4173/988/2270 4176/990/2272 4189/991/2280
f 4176/990/2272 4177/825/2273 4190/826/2281
f 4190/826/2281 4177/825/2273 4191/824/2282
f 4177/825/2273 4192/823/2279 4191/824/2282
f 4191/824/2282 4192/823/2279 4193/822/2283
f 4192/823/2279 4194/394/1803 4193/822/2283
f 4193/822/2283 4194/394/1803 4195/821/2284
f 4194/394/1803 4196/392/2285 4195/821/2284
f 4195/821/2284 4196/392/2285 4197/820/2286
f 4196/392/2285 4198/390/1803 4197/820/2286
f 4197/820/2286 4198/390/1803 4199/819/2287
f 4198/390/1803 4200/389/2288 4199/819/2287
f 4199/819/2287 4200/389/2288 4201/818/2289
f 4200/389/2288 3279/388/1808 4201/818/2289
f 4201/818/2289 3279/388/1808 4202/817/2290
f 3279/388/1808 3280/386/1809 4202/817/2290
f 4202/817/2290 3280/386/1809 4203/816/2291
f 3280/386/1809 3281/387/1810 4203/816/2291
f 4203/816/2291 3281/387/1810 4204/815/2292
f 3281/387/1810 4205/814/2293 4204/815/2292
f 4204/815/2292 4205/814/2293 4206/813/2294
f 4205/814/2293 3292/801/1817 4206/813/2294
f 4206/813/2294 3292/801/1817 4207/812/2295
f 3292/801/1817 4208/799/2296 4207/812/2295
f 4207/812/2295 4208/799/2296 4209/811/2297
f 4208/799/2296 3989/806/2188 4209/811/2297
f 3989/806/2188 4210/810/2298 4209/811/2297
f 4210/810/2298 4211/839/2299 4209/811/2297
f 4211/839/2299 4212/838/2299 4209/811/2297
f 4209/811/2297 4212/838/2299 4207/812/2295
f 4212/838/2299 4213/837/2299 4207/812/2295
f 4207/812/2295 4213/837/2299 4206/813/2294
f 4213/837/2299 4214/836/1971 4206/813/2294
f 4206/813/2294 4214/836/1971 4204/815/2292
f 4214/836/1971 4215/835/2300 4204/815/2292
f 4204/815/2292 4215/835/2300 4203/816/2291
f 4215/835/2300 4216/834/2301 4203/816/2291
f 4203/816/2291 4216/834/2301 4202/817/2290
f 4216/834/2301 4217/833/2302 4202/817/2290
f 4202/817/2290 4217/833/2302 4201/818/2289
f 4217/833/2302 4218/832/2303 4201/818/2289
f 4201/818/2289 4218/832/2303 4199/819/2287
f 4218/832/2303 4219/831/412 4199/819/2287
f 4199/819/2287 4219/831/412 4197/820/2286
f 4219/831/412 4220/830/2303 4197/820/2286
f 4197/820/2286 4220/830/2303 4195/821/2284
f 4220/830/2303 4221/829/2304 4195/821/2284
f 4195/821/2284 4221/829/2304 4193/822/2283
f 4221/829/2304 4222/828/2305 4193/822/2283
f 4193/822/2283 4222/828/2305 4191/824/2282
f 4222/828/2305 4223/827/2306 4191/824/2282
f 4191/824/2282 4223/827/2306 4190/826/2281
f 4223/827/2306 4224/995/2307 4190/826/2281
f 4190/826/2281 4224/995/2307 4225/996/2308
f 4224/995/2307 4226/1001/2307 4225/996/2308
f 4225/996/2308 4226/1001/2307 4227/997/2309
f 4226/1001/2307 4228/1002/2299 4227/997/2309
f 4228/1002/2299 4229/999/2310 4227/997/2309
f 4227/997/2309 4229/999/2310 4230/998/2311
f 4230/998/2311 4229/999/2310 4231/1000/2312
f 4231/1000/2312 4229/999/2310 4232/1004/2313
f 4229/999/2310 4233/1003/2314 4232/1004/2313
f 4232/1004/2313 4233/1003/2314 4234/1005/2315
f 4234/1005/2315 4233/1003/2314 4235/1006/2316
f 4233/1003/2314 4236/1010/2317 4235/1006/2316
f 4236/1010/2317 4237/1011/15 4235/1006/2316
f 4235/1006/2316 4237/1011/15 4238/1008/2318
f 4237/1011/15 4239/1009/2319 4238/1008/2318
f 4190/826/2281 4225/996/2308 4176/990/2272
f 4176/990/2272 4225/996/2308 4189/991/2280
f 4225/996/2308 4227/997/2309 4189/991/2280
f 4189/991/2280 4227/997/2309 4230/998/2311
f 4229/999/2310 4228/1002/2299 4233/1003/2314
f 4233/1003/2314 4228/1002/2299 4236/1010/2317
f 4234/1005/2315 4235/1006/2316 4240/1007/2320
f 4235/1006/2316 4238/1008/2318 4240/1007/2320
f 4240/1007/2320 4238/1008/2318 4241/750/2149
f 4241/750/2149 4238/1008/2318 4242/748/2147
f 4238/1008/2318 4239/1009/2319 4242/748/2147
f 4242/748/2147 4239/1009/2319 3863/749/2148
f 4189/991/2280 4243/998/2311 4171/986/1999
f 4171/986/1999 4243/998/2311 4244/1012/1997
f 4243/998/2311 4231/1000/2312 4244/1012/1997
f 4231/1000/2312 4245/1013/1997 4244/1012/1997
f 4244/1012/1997 4245/1013/1997 4246/1014/305
f 4245/1013/1997 4247/1015/2321 4246/1014/305
f 4246/1014/305 4247/1015/2321 4248/1016/165
f 4247/1015/2321 4249/1017/165 4248/1016/165
f 4171/986/1999 4244/1012/1997 4250/985/305
f 4244/1012/1997 4246/1014/305 4250/985/305
f 4250/985/305 4246/1014/305 4251/1018/165
f 4246/1014/305 4248/1016/165 4251/1018/165
f 4252/411/187 4253/987/507 3323/410/165
f 4253/987/507 4254/1019/165 3323/410/165
f 3323/410/165 4254/1019/165 3322/415/165
f 4254/1019/165 4255/1020/165 3322/415/165
f 3322/415/165 4255/1020/165 4256/430/165
f 4255/1020/165 4257/1021/165 4256/430/165
f 4256/430/165 4257/1021/165 3328/429/175
f 3328/429/175 4257/1021/165 4258/1022/609
f 4258/1022/609 4257/1021/165 4259/1023/165
f 4259/1023/165 4257/1021/165 4260/1025/165
f 4257/1021/165 4255/1020/165 4260/1025/165
f 4260/1025/165 4255/1020/165 4251/1018/165
f 4255/1020/165 4254/1019/165 4251/1018/165
f 4251/1018/165 4254/1019/165 4250/985/305
f 4254/1019/165 4253/987/507 4250/985/305
f 4251/1018/165 4248/1016/165 4260/1025/165
f 4248/1016/165 4261/1026/165 4260/1025/165
f 4260/1025/165 4261/1026/165 4259/1023/165
f 4261/1026/165 4262/1027/165 4259/1023/165
f 4259/1023/165 4262/1027/165 4263/1024/366
f 4262/1027/165 4264/1029/729 4263/1024/366
f 4263/1024/366 4264/1029/729 4265/1030/1070
f 4264/1029/729 4266/1031/2322 4265/1030/1070
f 4265/1030/1070 4266/1031/2322 4267/679/2323
f 4267/679/2323 4266/1031/2322 4268/680/2324
f 4266/1031/2322 4269/1032/2322 4268/680/2324
f 4268/680/2324 4269/1032/2322 4270/684/2325
f 4258/1022/609 4259/1023/165 4263/1024/366
f 4248/1016/165 4249/1017/165 4261/1026/165
f 4249/1017/165 4271/1028/165 4261/1026/165
f 4261/1026/165 4271/1028/165 4262/1027/165
f 4271/1028/165 4272/1034/165 4262/1027/165
f 4262/1027/165 4272/1034/165 4264/1029/729
f 4272/1034/165 4273/1033/729 4264/1029/729
f 4264/1029/729 4273/1033/729 4266/1031/2322
f 4273/1033/729 4269/1032/2322 4266/1031/2322
f 4272/1034/165 4271/1028/165 4274/1035/165
f 4274/1035/165 4271/1028/165 4275/1036/165
f 4271/1028/165 4276/1017/165 4275/1036/165
f 4275/1036/165 4276/1017/165 4277/1037/165
f 4276/1017/165 4278/1015/305 4277/1037/165
f 4277/1037/165 4278/1015/305 4279/1038/305
f 4278/1015/305 4280/1013/2326 4279/1038/305
f 4279/1038/305 4280/1013/2326 4281/1039/2327
f 4280/1013/2326 4282/1000/2328 4281/1039/2327
f 4282/1000/2328 4283/1004/2329 4281/1039/2327
f 4281/1039/2327 4283/1004/2329 4284/1040/2330
f 4283/1004/2329 4285/1005/2315 4284/1040/2330
f 4284/1040/2330 4285/1005/2315 4286/1055/1995
f 4285/1005/2315 4287/1007/2320 4286/1055/1995
f 4286/1055/1995 4287/1007/2320 3867/752/2153
f 4287/1007/2320 3864/750/2149 3867/752/2153
f 3867/752/2153 4288/768/305 4286/1055/1995
f 4288/768/305 4289/1054/507 4286/1055/1995
f 4286/1055/1995 4289/1054/507 4284/1040/2330
f 4289/1054/507 4290/1041/305 4284/1040/2330
f 4284/1040/2330 4290/1041/305 4281/1039/2327
f 4281/1039/2327 4290/1041/305 4279/1038/305
f 4290/1041/305 4291/1042/165 4279/1038/305
f 4279/1038/305 4291/1042/165 4277/1037/165
f 4288/768/305 4292/769/165 4289/1054/507
f 4289/1054/507 4292/769/165 4293/1053/165
f 4292/769/165 3876/758/165 4293/1053/165
f 4293/1053/165 3876/758/165 4294/1052/165
f 3876/758/165 4295/759/165 4294/1052/165
f 4289/1054/507 4293/1053/165 4290/1041/305
f 4290/1041/305 4293/1053/165 4291/1042/165
f 4293/1053/165 4294/1052/165 4291/1042/165
f 4291/1042/165 4294/1052/165 4296/1043/165
f 4294/1052/165 4297/1051/165 4296/1043/165
f 4297/1051/165 4298/1044/165 4296/1043/165
f 4296/1043/165 4298/1044/165 4275/1036/165
f 4298/1044/165 4274/1035/165 4275/1036/165
f 4291/1042/165 4296/1043/165 4277/1037/165
f 4296/1043/165 4275/1036/165 4277/1037/165
f 4294/1052/165 4295/759/165 4297/1051/165
f 4295/759/165 4299/761/729 4297/1051/165
f 4297/1051/165 4299/761/729 4300/1050/729
f 4299/761/729 4301/763/2156 4300/1050/729
f 4297/1051/165 4300/1050/729 4298/1044/165
f 4300/1050/729 4302/1045/729 4298/1044/165
f 4298/1044/165 4302/1045/729 4274/1035/165
f 4302/1045/729 4303/1046/729 4274/1035/165
f 4274/1035/165 4303/1046/729 4272/1034/165
f 4272/1034/165 4303/1046/729 4273/1033/729
f 4303/1046/729 4304/1047/2331 4273/1033/729
f 4273/1033/729 4304/1047/2331 4305/1032/2322
f 4304/1047/2331 4306/698/2095 4305/1032/2322
f 4305/1032/2322 4306/698/2095 4307/684/2325
f 4306/698/2095 4304/1047/2331 4308/694/2097
f 4308/694/2097 4304/1047/2331 4309/1048/2332
f 4304/1047/2331 4303/1046/729 4309/1048/2332
f 4303/1046/729 4302/1045/729 4309/1048/2332
f 4309/1048/2332 4302/1045/729 4310/1049/2333
f 4302/1045/729 4300/1050/729 4310/1049/2333
f 4300/1050/729 4301/763/2156 4310/1049/2333
f 4301/763/2156 4311/697/2101 4310/1049/2333
f 4311/697/2101 4312/695/2334 4310/1049/2333
f 4310/1049/2333 4312/695/2334 4309/1048/2332
f 4312/695/2334 4308/694/2097 4309/1048/2332
f 4313/872/186 4314/896/186 4315/871/2335
f 4314/896/186 4316/1056/2336 4315/871/2335
f 4315/871/2335 4316/1056/2336 3001/13/1608
f 4316/1056/2336 4317/1057/2337 3001/13/1608
f 3001/13/1608 4317/1057/2337 3002/14/1609
f 4317/1057/2337 4318/1058/2338 3002/14/1609
f 3002/14/1609 4318/1058/2338 4319/1059/2339
f 4319/1059/2339 4318/1058/2338 4320/1060/2340
f 4320/1060/2340 4318/1058/2338 4321/1061/2341
f 4321/1061/2341 4318/1058/2338 4322/1062/2342
f 4318/1058/2338 4317/1057/2337 4322/1062/2342
f 4322/1062/2342 4317/1057/2337 4323/1063/2343
f 4317/1057/2337 4316/1056/2336 4323/1063/2343
f 4323/1063/2343 4316/1056/2336 4324/895/375
f 4316/1056/2336 4314/896/186 4324/895/375
f 3002/14/1609 4319/1059/2339 3003/15/799
f 4320/1060/2340 4321/1061/2341 4325/1064/2344
f 4325/1064/2344 4321/1061/2341 4326/1065/2345
f 4321/1061/2341 4327/1066/2346 4326/1065/2345
f 4327/1066/2346 4328/239/2347 4326/1065/2345
f 4326/1065/2345 4328/239/2347 4329/1067/2348
f 4328/239/2347 4330/240/2006 4329/1067/2348
f 4329/1067/2348 4330/240/2006 4331/1068/2349
f 4330/240/2006 4332/242/2010 4331/1068/2349
f 4332/242/2010 4333/349/2009 4331/1068/2349
f 4331/1068/2349 4333/349/2009 4334/1069/2350
f 4333/349/2009 3705/350/2018 4334/1069/2350
f 4325/1064/2344 4326/1065/2345 4335/1070/2351
f 4326/1065/2345 4329/1067/2348 4335/1070/2351
f 4335/1070/2351 4329/1067/2348 4336/1071/2352
f 4329/1067/2348 4331/1068/2349 4336/1071/2352
f 4336/1071/2352 4331/1068/2349 4334/1069/2350
f 4327/1066/2346 4321/1061/2341 4322/1062/2342
f 4337/229/375 4338/1073/2353 4339/226/166
f 4338/1073/2353 4340/1072/2354 4339/226/166
f 4339/226/166 4340/1072/2354 4341/225/166
f 4341/225/166 4340/1072/2354 4342/892/166
f 4340/1072/2354 4343/1063/2343 4342/892/166
f 4342/892/166 4343/1063/2343 4344/895/169
f 4338/1073/2353 4322/1062/2342 4340/1072/2354
f 4340/1072/2354 4322/1062/2342 4343/1063/2343
f 3605/229/375 4346/232/175 4345/1073/2353
f 4345/1073/2353 4346/232/175 4347/1074/2355
f 4346/232/175 4348/234/368 4347/1074/2355
f 4348/234/368 4349/237/2004 4347/1074/2355
f 4347/1074/2355 4349/237/2004 4350/1066/2356
f 4349/237/2004 4351/239/2005 4350/1066/2356
f 4350/1066/2356 4322/1062/2342 4347/1074/2355
f 4322/1062/2342 4345/1073/2353 4347/1074/2355
f 4352/1075/1733 4353/1077/566 4354/1076/2357
f 4353/1077/566 4355/1078/2358 4354/1076/2357
f 4354/1076/2357 4355/1078/2358 4356/1079/2359
f 4356/1079/2359 4355/1078/2358 4357/1080/2360
f 4355/1078/2358 4358/1081/2361 4357/1080/2360
f 4357/1080/2360 4358/1081/2361 4359/1082/2362
f 4359/1082/2362 4358/1081/2361 4360/1083/2363
f 4358/1081/2361 4361/1114/1723 4360/1083/2363
f 4361/1114/1723 4362/1086/1726 4360/1083/2363
f 4360/1083/2363 4362/1086/1726 4363/1085/2364
f 4362/1086/1726 4364/1087/259 4363/1085/2364
f 4363/1085/2364 4364/1087/259 4365/1088/2365
f 4364/1087/259 4366/1089/2366 4365/1088/2365
f 4365/1088/2365 4366/1089/2366 4367/1090/2367
f 4366/1089/2366 4368/1091/1712 4367/1090/2367
f 4367/1090/2367 4368/1091/1712 4369/1092/2368
f 4368/1091/1712 4370/1093/1715 4369/1092/2368
f 4369/1092/2368 4370/1093/1715 4371/1094/2369
f 4370/1093/1715 4372/1095/2370 4371/1094/2369
f 4371/1094/2369 4372/1095/2370 4373/1096/2371
f 4372/1095/2370 4374/1097/2372 4373/1096/2371
f 4373/1096/2371 4374/1097/2372 4375/1098/2373
f 4374/1097/2372 4376/1099/1690 4375/1098/2373
f 4375/1098/2373 4376/1099/1690 4377/1100/2374
f 4376/1099/1690 4378/1101/1688 4377/1100/2374
f 4377/1100/2374 4378/1101/1688 4379/1102/2375
f 4378/1101/1688 4380/1103/434 4379/1102/2375
f 4379/1102/2375 4380/1103/434 4381/1104/2376
f 4380/1103/434 4382/1105/1685 4381/1104/2376
f 4381/1104/2376 4382/1105/1685 4383/1106/2377
f 4382/1105/1685 4384/1107/1683 4383/1106/2377
f 4383/1106/2377 4384/1107/1683 4385/1108/2378
f 4384/1107/1683 4386/1109/1682 4385/1108/2378
f 4386/1109/1682 4387/1110/2379 4385/1108/2378
f 4385/1108/2378 4387/1110/2379 4388/1111/2380
f 4387/1110/2379 4389/1112/2381 4388/1111/2380
f 4361/1114/1723 4358/1081/2361 4390/1113/1724
f 4358/1081/2361 4355/1078/2358 4390/1113/1724
f 4390/1113/1724 4355/1078/2358 4353/1077/566
f 4388/1111/2380 4391/1115/2382 4385/1108/2378
f 4385/1108/2378 4391/1115/2382 4383/1106/2377
f 4391/1115/2382 4392/1116/2383 4383/1106/2377
f 4383/1106/2377 4392/1116/2383 4381/1104/2376
f 4392/1116/2383 4393/1117/2384 4381/1104/2376
f 4381/1104/2376 4393/1117/2384 4379/1102/2375
f 4391/1115/2382 4394/1118/2385 4392/1116/2383
f 4392/1116/2383 4394/1118/2385 4395/1119/2386
f 4394/1118/2385 4396/1120/2387 4395/1119/2386
f 4396/1120/2387 4397/1121/2388 4395/1119/2386
f 4397/1121/2388 4398/1122/2389 4395/1119/2386
f 4395/1119/2386 4398/1122/2389 4393/1117/2384
f 4393/1117/2384 4398/1122/2389 4379/1102/2375
f 4379/1102/2375 4398/1122/2389 4377/1100/2374
f 4398/1122/2389 4399/1123/2390 4377/1100/2374
f 4377/1100/2374 4399/1123/2390 4375/1098/2373
f 4399/1123/2390 4400/1124/2391 4375/1098/2373
f 4375/1098/2373 4400/1124/2391 4373/1096/2371
f 4400/1124/2391 4401/1125/2392 4373/1096/2371
f 4373/1096/2371 4401/1125/2392 4371/1094/2369
f 4401/1125/2392 4402/1126/2393 4371/1094/2369
f 4371/1094/2369 4402/1126/2393 4369/1092/2368
f 4402/1126/2393 4403/1127/2394 4369/1092/2368
f 4369/1092/2368 4403/1127/2394 4367/1090/2367
f 4403/1127/2394 4404/1128/2395 4367/1090/2367
f 4367/1090/2367 4404/1128/2395 4365/1088/2365
f 4404/1128/2395 4405/1129/2396 4365/1088/2365
f 4365/1088/2365 4405/1129/2396 4363/1085/2364
f 4405/1129/2396 4406/1084/2397 4363/1085/2364
f 4363/1085/2364 4406/1084/2397 4360/1083/2363
f 4406/1084/2397 4359/1082/2362 4360/1083/2363
f 4395/1119/2386 4393/1117/2384 4392/1116/2383
f 4405/1129/2398 4408/1128/2399 4407/1084/2400
f 4407/1084/2400 4408/1128/2399 4409/1130/2401
f 4408/1128/2399 4403/1127/2394 4409/1130/2401
f 4403/1127/2394 4410/1131/2402 4409/1130/2401
f 4409/1130/2401 4410/1131/2402 4411/1132/2403
f 4410/1131/2402 4412/1133/2404 4411/1132/2403
f 4411/1132/2403 4359/1082/2405 4409/1130/2401
f 4359/1082/2405 4407/1084/2400 4409/1130/2401
f 4413/1127/2394 4414/1126/2406 4410/1131/2402
f 4414/1126/2406 4415/1134/2407 4410/1131/2402
f 4410/1131/2402 4415/1134/2407 4416/1133/2408
f 4415/1134/2407 4417/1135/2409 4416/1133/2408
f 4417/1135/2409 4418/1136/2410 4416/1133/2408
f 4418/1136/2410 4419/1137/2411 4416/1133/2408
f 4416/1133/2408 4419/1137/2411 4420/1132/2412
f 4419/1137/2411 4357/1080/2413 4420/1132/2412
f 4420/1132/2412 4357/1080/2413 4421/1082/2405
f 4414/1126/2406 4422/1125/2414 4415/1134/2407
f 4415/1134/2407 4422/1125/2414 4423/1138/2415
f 4422/1125/2414 4424/1124/2416 4423/1138/2415
f 4417/1135/2409 4415/1134/2407 4423/1138/2415
f 4357/1080/2413 4419/1137/2411 4425/1079/2359
f 4425/1079/2359 4419/1137/2411 4426/1139/2417
f 4419/1137/2411 4418/1136/2410 4426/1139/2417
f 4426/1139/2417 4418/1136/2410 4427/1140/2418
f 4427/1140/2418 4418/1136/2410 4428/1141/899
f 4418/1136/2410 4417/1135/2409 4428/1141/899
f 4428/1141/899 4417/1135/2409 4429/1142/1197
f 4417/1135/2409 4423/1138/2415 4429/1142/1197
f 4429/1142/1197 4423/1138/2415 4430/1143/2419
f 4423/1138/2415 4424/1124/2416 4430/1143/2419
f 4424/1124/2416 4431/1123/2420 4430/1143/2419
f 4431/1123/2420 4432/1121/2388 4430/1143/2419
f 4430/1143/2419 4432/1121/2388 4433/1144/903
f 4432/1121/2388 4396/1120/2387 4433/1144/903
f 4430/1143/2419 4433/1144/903 4429/1142/1197
f 4433/1144/903 4434/1145/899 4429/1142/1197
f 4429/1142/1197 4434/1145/899 4428/1141/899
f 4434/1145/899 4435/1146/899 4428/1141/899
f 4428/1141/899 4435/1146/899 4427/1140/2418
f 4435/1146/899 4434/1145/899 4436/1147/899
f 4436/1147/899 4434/1145/899 4437/1148/899
f 4434/1145/899 4433/1144/903 4437/1148/899
f 4433/1144/903 4396/1120/2387 4437/1148/899
f 4437/1148/899 4396/1120/2387 4438/1149/1025
f 4396/1120/2387 4439/1118/2421 4438/1149/1025
f 4438/1149/1025 4439/1118/2421 4440/1150/2422
f 4439/1118/2421 4441/1115/2380 4440/1150/2422
f 4441/1115/2380 4442/1111/2380 4440/1150/2422
f 4440/1150/2422 4442/1111/2380 4443/1151/2423
f 4442/1111/2380 4444/1112/2424 4443/1151/2423
f 4436/1147/899 4437/1148/899 4445/1152/899
f 4437/1148/899 4438/1149/1025 4445/1152/899
f 4445/1152/899 4438/1149/1025 4446/1153/1025
f 4438/1149/1025 4440/1150/2422 4446/1153/1025
f 4446/1153/1025 4440/1150/2422 4443/1151/2423
f 4444/1112/2381 4448/1110/2379 4447/1154/2425
f 4447/1154/2425 4448/1110/2379 4449/1155/2426
f 4448/1110/2379 4386/1109/1682 4449/1155/2426
f 4386/1109/1682 4450/1156/2427 4449/1155/2426
f 4449/1155/2426 4450/1156/2427 4451/1157/2428
f 4450/1156/2427 4452/1158/1673 4451/1157/2428
f 4451/1157/2428 4452/1158/1673 4453/1159/2429
f 4452/1158/1673 4454/1160/1671 4453/1159/2429
f 4453/1159/2429 4454/1160/1671 4455/1161/2430
f 4454/1160/1671 4456/1162/1660 4455/1161/2430
f 4456/1162/1660 4457/1163/1658 4455/1161/2430
f 4455/1161/2430 4457/1163/1658 4458/1164/2431
f 4457/1163/1658 4459/1165/1656 4458/1164/2431
f 4458/1164/2431 4459/1165/1656 4460/1166/2432
f 4459/1165/1656 4461/1167/1654 4460/1166/2432
f 4460/1166/2432 4461/1167/1654 4462/1168/2433
f 4461/1167/1654 4463/1169/2434 4462/1168/2433
f 4462/1168/2433 4463/1169/2434 4464/1170/2435
f 4463/1169/2434 4465/1171/2436 4464/1170/2435
f 4464/1170/2435 4465/1171/2436 4466/1172/2437
f 4465/1171/2436 4467/1173/1637 4466/1172/2437
f 4466/1172/2437 4467/1173/1637 4468/1174/2438
f 4467/1173/1637 4469/1175/1650 4468/1174/2438
f 4468/1174/2438 4469/1175/1650 4470/1176/2439
f 4469/1175/1650 4471/1177/1637 4470/1176/2439
f 4470/1176/2439 4471/1177/1637 4472/1178/2440
f 4471/1177/1637 4473/1179/2441 4472/1178/2440
f 4472/1178/2440 4473/1179/2441 4474/1180/2442
f 4473/1179/2441 4475/1181/1633 4474/1180/2442
f 4474/1180/2442 4475/1181/1633 4476/1182/2443
f 4475/1181/1633 4477/1183/1631 4476/1182/2443
f 4476/1182/2443 4477/1183/1631 4478/1184/2444
f 4477/1183/1631 4479/1185/1629 4478/1184/2444
f 4478/1184/2444 4479/1185/1629 4480/1186/2445
f 4479/1185/1629 4481/1187/1628 4480/1186/2445
f 4480/1186/2445 4481/1187/1628 4482/1188/2446
f 4481/1187/1628 4483/1189/1627 4482/1188/2446
f 4482/1188/2446 4483/1189/1627 4484/1190/2447
f 4483/1189/1627 4485/1191/1626 4484/1190/2447
f 4484/1190/2447 4485/1191/1626 4486/1192/2448
f 4485/1191/1626 4487/1193/1617 4486/1192/2448
f 4486/1192/2448 4487/1193/1617 4488/1194/2449
f 4487/1193/1617 4489/1195/1618 4488/1194/2449
f 4488/1194/2449 4489/1195/1618 4490/1196/2450
f 4489/1195/1618 4491/1197/1612 4490/1196/2450
f 4490/1196/2450 4491/1197/1612 4492/1198/2451
f 4491/1197/1612 4493/1199/2452 4492/1198/2451
f 4492/1198/2451 4493/1199/2452 4494/1200/2453
f 4493/1199/2452 4495/1201/1610 4494/1200/2453
f 4494/1200/2453 4495/1201/1610 4496/1202/2454
f 4495/1201/1610 4497/1203/799 4496/1202/2454
f 4496/1202/2454 4497/1203/799 4498/1204/2455
f 4497/1203/799 4499/1205/2339 4498/1204/2455
f 4498/1204/2455 4499/1205/2339 4500/1206/2456
f 4499/1205/2339 4501/1207/2340 4500/1206/2456
f 4500/1206/2456 4501/1207/2340 4502/1208/2457
f 4501/1207/2340 4503/1209/2344 4502/1208/2457
f 4502/1208/2457 4503/1209/2344 4504/1210/2458
f 4503/1209/2344 4505/1211/2351 4504/1210/2458
f 4504/1210/2458 4505/1211/2351 4506/1212/2459
f 4505/1211/2351 4507/1213/2460 4506/1212/2459
f 4506/1212/2459 4507/1213/2460 4508/1214/2461
f 4507/1213/2460 4509/1215/2350 4508/1214/2461
f 4508/1214/2461 4509/1215/2350 4510/1216/2462
f 4509/1215/2350 4511/1217/2018 4510/1216/2462
f 4510/1216/2462 4511/1217/2018 4512/1218/2463
f 4512/1218/2463 4511/1217/2018 4513/1219/2464
f 4511/1217/2018 4514/1220/2017 4513/1219/2464
f 4513/1219/2464 4514/1220/2017 4515/1221/2465
f 4514/1220/2017 4516/1222/1885 4515/1221/2465
f 4515/1221/2465 4516/1222/1885 4517/1223/2466
f 4516/1222/1885 4518/1224/2467 4517/1223/2466
f 4517/1223/2466 4518/1224/2467 4519/1225/2468
f 4518/1224/2467 4520/1226/2016 4519/1225/2468
f 4519/1225/2468 4521/1227/2469 4517/1223/2466
f 4521/1227/2469 4522/1228/2470 4517/1223/2466
f 4517/1223/2466 4522/1228/2470 4515/1221/2465
f 4522/1228/2470 4523/1229/2471 4515/1221/2465
f 4515/1221/2465 4523/1229/2471 4513/1219/2464
f 4523/1229/2471 4524/1230/2472 4513/1219/2464
f 4513/1219/2464 4524/1230/2472 4512/1218/2463
f 4524/1230/2472 4525/1231/2473 4512/1218/2463
f 4525/1231/2473 4526/1232/2474 4512/1218/2463
f 4512/1218/2463 4526/1232/2474 4510/1216/2462
f 4526/1232/2474 4527/1233/2475 4510/1216/2462
f 4510/1216/2462 4527/1233/2475 4508/1214/2461
f 4527/1233/2475 4528/1234/2476 4508/1214/2461
f 4508/1214/2461 4528/1234/2476 4506/1212/2459
f 4528/1234/2476 4529/1235/2477 4506/1212/2459
f 4506/1212/2459 4529/1235/2477 4504/1210/2458
f 4529/1235/2477 4530/1236/2478 4504/1210/2458
f 4504/1210/2458 4530/1236/2478 4502/1208/2457
f 4530/1236/2478 4531/1237/2479 4502/1208/2457
f 4502/1208/2457 4531/1237/2479 4500/1206/2456
f 4531/1237/2479 4532/1238/2480 4500/1206/2456
f 4500/1206/2456 4532/1238/2480 4498/1204/2455
f 4532/1238/2480 4533/1239/2479 4498/1204/2455
f 4498/1204/2455 4533/1239/2479 4496/1202/2454
f 4533/1239/2479 4534/1240/2481 4496/1202/2454
f 4496/1202/2454 4534/1240/2481 4494/1200/2453
f 4534/1240/2481 4535/1241/2482 4494/1200/2453
f 4494/1200/2453 4535/1241/2482 4492/1198/2451
f 4535/1241/2482 4536/1242/2483 4492/1198/2451
f 4492/1198/2451 4536/1242/2483 4490/1196/2450
f 4536/1242/2483 4537/1243/2484 4490/1196/2450
f 4490/1196/2450 4537/1243/2484 4488/1194/2449
f 4537/1243/2484 4538/1244/2485 4488/1194/2449
f 4488/1194/2449 4538/1244/2485 4486/1192/2448
f 4538/1244/2485 4539/1245/2486 4486/1192/2448
f 4486/1192/2448 4539/1245/2486 4484/1190/2447
f 4539/1245/2486 4540/1246/2487 4484/1190/2447
f 4484/1190/2447 4540/1246/2487 4482/1188/2446
f 4540/1246/2487 4541/1247/2488 4482/1188/2446
f 4482/1188/2446 4541/1247/2488 4480/1186/2445
f 4541/1247/2488 4542/1248/2489 4480/1186/2445
f 4480/1186/2445 4542/1248/2489 4478/1184/2444
f 4542/1248/2489 4543/1249/2490 4478/1184/2444
f 4478/1184/2444 4543/1249/2490 4476/1182/2443
f 4543/1249/2490 4544/1250/2491 4476/1182/2443
f 4476/1182/2443 4544/1250/2491 4474/1180/2442
f 4544/1250/2491 4545/1251/2492 4474/1180/2442
f 4474/1180/2442 4545/1251/2492 4472/1178/2440
f 4545/1251/2492 4546/1252/2492 4472/1178/2440
f 4472/1178/2440 4546/1252/2492 4470/1176/2439
f 4546/1252/2492 4547/1253/2493 4470/1176/2439
f 4470/1176/2439 4547/1253/2493 4468/1174/2438
f 4547/1253/2493 4548/1254/2494 4468/1174/2438
f 4468/1174/2438 4548/1254/2494 4466/1172/2437
f 4548/1254/2494 4549/1255/2495 4466/1172/2437
f 4466/1172/2437 4549/1255/2495 4464/1170/2435
f 4549/1255/2495 4550/1256/2496 4464/1170/2435
f 4464/1170/2435 4550/1256/2496 4462/1168/2433
f 4550/1256/2496 4551/1257/2497 4462/1168/2433
f 4462/1168/2433 4551/1257/2497 4460/1166/2432
f 4551/1257/2497 4552/1258/2498 4460/1166/2432
f 4460/1166/2432 4552/1258/2498 4458/1164/2431
f 4552/1258/2498 4553/1259/2499 4458/1164/2431
f 4458/1164/2431 4553/1259/2499 4455/1161/2430
f 4455/1161/2430 4554/1259/2500 4453/1159/2429
f 4554/1259/2500 4555/1260/2501 4453/1159/2429
f 4453/1159/2429 4555/1260/2501 4451/1157/2428
f 4555/1260/2501 4556/1261/2502 4451/1157/2428
f 4451/1157/2428 4556/1261/2502 4449/1155/2426
f 4556/1261/2502 4447/1154/2425 4449/1155/2426
f 4554/1259/2503 4557/1262/2504 4558/1260/2501
f 4557/1262/2504 4559/1263/2505 4558/1260/2501
f 4558/1260/2501 4559/1263/2505 4560/1261/2506
f 4559/1263/2505 4561/1264/2507 4560/1261/2506
f 4560/1261/2506 4561/1264/2507 4447/1154/2508
f 4561/1264/2507 4562/1265/2509 4447/1154/2508
f 4447/1154/2508 4562/1265/2509 4563/1112/2510
f 4562/1265/2509 4564/1151/2423 4563/1112/2510
f 4557/1262/2504 4565/1273/1025 4559/1263/2505
f 4565/1273/1025 4566/1282/1025 4559/1263/2505
f 4559/1263/2505 4566/1282/1025 4561/1264/2507
f 4566/1282/1025 4567/1281/2511 4561/1264/2507
f 4561/1264/2507 4567/1281/2511 4562/1265/2509
f 4567/1281/2511 4568/1266/1025 4562/1265/2509
f 4562/1265/2509 4568/1266/1025 4564/1151/2423
f 4564/1151/2423 4568/1266/1025 4446/1153/2511
f 4568/1266/1025 4569/1267/899 4446/1153/2511
f 4446/1153/2511 4569/1267/899 4570/1152/899
f 4565/1273/1025 4571/1283/899 4566/1282/1025
f 4566/1282/1025 4571/1283/899 4572/1284/899
f 4571/1283/899 4573/1293/899 4572/1284/899
f 4572/1284/899 4573/1293/899 4574/1285/899
f 4573/1293/899 4575/1292/899 4574/1285/899
f 4566/1282/1025 4572/1284/899 4567/1281/2511
f 4572/1284/899 4576/1280/899 4567/1281/2511
f 4567/1281/2511 4576/1280/899 4568/1266/1025
f 4568/1266/1025 4576/1280/899 4569/1267/899
f 4576/1280/899 4577/1279/899 4569/1267/899
f 4577/1279/899 4578/1268/899 4569/1267/899
f 4569/1267/899 4578/1268/899 4570/1152/899
f 4570/1152/899 4578/1268/899 4579/1147/899
f 4578/1268/899 4580/1269/899 4579/1147/899
f 4579/1147/899 4580/1269/899 4581/1146/899
f 4572/1284/899 4574/1285/899 4576/1280/899
f 4576/1280/899 4574/1285/899 4577/1279/899
f 4574/1285/899 4582/1286/899 4577/1279/899
f 4577/1279/899 4582/1286/899 4583/1278/899
f 4582/1286/899 4584/1287/1053 4583/1278/899
f 4584/1287/1053 4585/1277/2410 4583/1278/899
f 4583/1278/899 4585/1277/2410 4580/1269/899
f 4585/1277/2410 4586/1270/2410 4580/1269/899
f 4580/1269/899 4586/1270/2410 4581/1146/899
f 4581/1146/899 4586/1270/2410 4427/1140/2410
f 4586/1270/2410 4587/1271/2512 4427/1140/2410
f 4427/1140/2410 4587/1271/2512 4588/1139/2417
f 4587/1271/2512 4589/1272/2513 4588/1139/2417
f 4588/1139/2417 4589/1272/2513 4356/1079/2359
f 4580/1269/899 4578/1268/899 4583/1278/899
f 4583/1278/899 4578/1268/899 4577/1279/899
f 4574/1285/899 4575/1292/899 4582/1286/899
f 4575/1292/899 4590/1291/1456 4582/1286/899
f 4582/1286/899 4590/1291/1456 4584/1287/1053
f 4590/1291/1456 4591/1290/2514 4584/1287/1053
f 4584/1287/1053 4591/1290/2514 4592/1288/2515
f 4591/1290/2514 4593/1289/2516 4592/1288/2515
f 4593/1289/2516 4594/1276/2517 4592/1288/2515
f 4592/1288/2515 4594/1276/2517 4595/1275/2518
f 4594/1276/2517 4596/1274/2519 4595/1275/2518
f 4595/1275/2518 4596/1274/2519 4587/1271/2512
f 4596/1274/2519 4589/1272/2513 4587/1271/2512
f 4587/1271/2512 4586/1270/2410 4595/1275/2518
f 4586/1270/2410 4585/1277/2410 4595/1275/2518
f 4595/1275/2518 4585/1277/2410 4592/1288/2515
f 4585/1277/2410 4584/1287/1053 4592/1288/2515
f 4597/877/801 4598/884/801 4599/875/165
f 4598/884/801 4600/899/165 4599/875/165
f 4599/875/165 4600/899/165 4039/874/165
f 4039/874/165 4600/899/165 4601/898/165
f 4600/899/165 4602/888/165 4601/898/165
f 4602/888/165 4603/893/165 4601/898/165
f 4601/898/165 4603/893/165 4604/897/166
f 4603/893/165 4605/894/165 4604/897/166
f 4604/897/166 4605/894/165 4606/896/186
f 4605/894/165 3599/895/169 4606/896/186
f 4602/888/165 4600/899/165 4607/885/75
f 4600/899/165 4598/884/801 4607/885/75
f 4606/896/186 4608/872/186 4604/897/166
f 4608/872/186 4609/873/165 4604/897/166
f 4604/897/166 4609/873/165 4601/898/165
f 4609/873/165 4039/874/165 4601/898/165
f 4610/473/609 4611/466/368 4612/496/2520
f 4611/466/368 4613/507/2521 4612/496/2520
f 4612/496/2520 4613/507/2521 3519/497/1952
f 3519/497/1952 4613/507/2521 3518/506/1951
f 4613/507/2521 4614/508/2522 3518/506/1951
f 3518/506/1951 4614/508/2522 3517/509/1950
f 4614/508/2522 4613/507/2521 4615/465/341
f 4615/465/341 4613/507/2521 4611/466/368
f 4616/461/165 3349/459/165 4617/464/165
f 4617/464/165 3349/459/165 4618/1428/702
f 3349/459/165 4619/460/75 4618/1428/702
f 4619/460/75 4620/1429/2523 4618/1428/702
f 4618/1428/702 4620/1429/2523 4621/508/2522
f 4620/1429/2523 3517/509/2524 4621/508/2522
f 4621/508/2522 4622/465/75 4618/1428/702
f 4622/465/75 4617/464/165 4618/1428/702
f 4623/460/75 4624/795/801 4625/1429/2523
f 4624/795/801 4626/1430/179 4625/1429/2523
f 4625/1429/2523 4626/1430/179 3517/509/1950
f 3517/509/1950 4626/1430/179 3516/522/520
f 4626/1430/179 4627/793/2179 3516/522/520
f 3516/522/520 4627/793/2179 4628/515/1949
f 4624/795/801 4629/791/184 4626/1430/179
f 4626/1430/179 4629/791/184 4627/793/2179
f 4630/451/176 4632/470/491 4631/540/498
f 4631/540/498 4632/470/491 4633/1423/2525
f 4632/470/491 4634/472/491 4633/1423/2525
f 4634/472/491 4635/481/1956 4633/1423/2525
f 4633/1423/2525 4635/481/1956 4636/570/2526
f 4635/481/1956 3400/483/1958 4636/570/2526
f 4631/540/498 4633/1423/2525 3372/543/2527
f 4633/1423/2525 4636/570/2526 3372/543/2527
f 4637/960/2185 4638/959/2255 4639/963/2258
f 4638/959/2255 4640/1424/2528 4639/963/2258
f 4639/963/2258 4640/1424/2528 4641/587/2259
f 4641/587/2259 4640/1424/2528 3428/597/1865
f 4640/1424/2528 4642/599/2529 3428/597/1865
f 3428/597/1865 4642/599/2529 3429/598/1866
f 4638/959/2255 4643/600/2530 4640/1424/2528
f 4640/1424/2528 4643/600/2530 4642/599/2529
f 4644/429/175 4646/1022/368 4645/1426/2531
f 4645/1426/2531 4646/1022/368 4647/1425/2532
f 4646/1022/368 4648/1024/366 4647/1425/2532
f 4648/1024/366 4649/1030/1070 4647/1425/2532
f 4647/1425/2532 4649/1030/1070 4650/683/2086
f 4649/1030/1070 4651/679/2323 4650/683/2086
f 4645/1426/2531 4647/1425/2532 3771/654/2533
f 4647/1425/2532 4650/683/2086 3771/654/2533
f 3768/443/375 4652/441/165 4653/655/380
f 4652/441/165 4654/1427/2534 4653/655/380
f 4653/655/380 4654/1427/2534 3771/654/2533
f 3771/654/2533 4654/1427/2534 4655/1426/2535
f 4654/1427/2534 4656/428/166 4655/1426/2535
f 4655/1426/2535 4656/428/166 4657/429/383
f 4652/441/165 4658/431/166 4654/1427/2534
f 4654/1427/2534 4658/431/166 4656/428/166
f 4659/766/386 4661/770/2164 4660/765/2158
f 4660/765/2158 4661/770/2164 4662/1431/2536
f 4661/770/2164 3827/715/2166 4662/1431/2536
f 3827/715/2166 4663/714/2117 4662/1431/2536
f 4662/1431/2536 4663/714/2117 3824/712/2115
f 4663/714/2117 3825/713/2116 3824/712/2115
f 4660/765/2158 4662/1431/2536 4664/711/2159
f 4662/1431/2536 3824/712/2115 4664/711/2159
f 4665/176/499 3169/174/176 4666/538/2537
f 3169/174/176 4667/539/2538 4666/538/2537
f 4666/538/2537 4667/539/2538 3511/531/1945
f 3511/531/1945 4667/539/2538 4668/530/2539
f 4667/539/2538 4669/171/1753 4668/530/2539
f 4668/530/2539 4669/171/1753 4670/170/1755
f 3169/174/176 4671/172/595 4667/539/2538
f 4667/539/2538 4671/172/595 4669/171/1753
f 3511/531/1945 4673/524/2540 4672/536/1960
f 4672/536/1960 4673/524/2540 4674/535/2541
f 4673/524/2540 4675/523/2542 4674/535/2541
f 4675/523/2542 4676/533/2179 4674/535/2541
f 4674/535/2541 4676/533/2179 4677/534/70
f 4676/533/2179 4678/532/801 4677/534/70
f 4672/536/1960 4674/535/2541 4679/213/170
f 4674/535/2541 4677/534/70 4679/213/170
f 4680/912/2233 4681/915/2238 4079/911/2232
f 4681/915/2238 4682/916/2543 4079/911/2232
f 4079/911/2232 4682/916/2543 4683/334/2025
f 4683/334/2025 4682/916/2543 4684/332/2034
f 4682/916/2543 4685/324/2036 4684/332/2034
f 4684/332/2034 4685/324/2036 3724/331/2544
f 4681/915/2238 4686/322/2545 4682/916/2543
f 4682/916/2543 4686/322/2545 4685/324/2036
f 4687/804/2185 3992/807/2190 4688/805/2546
f 4688/805/2546 3992/807/2190 4689/808/2547
f 3992/807/2190 3386/555/1830 4689/808/2547
f 3386/555/1830 4690/846/2548 4689/808/2547
f 4690/846/2548 4691/809/2549 4689/808/2547
f 4689/808/2547 4691/809/2549 3989/806/2188
f 3989/806/2188 4691/809/2549 4210/810/2298
f 4691/809/2549 4692/841/2550 4210/810/2298
f 4210/810/2298 4692/841/2550 4693/840/2551
f 4693/840/2551 4692/841/2550 4694/842/2552
f 4692/841/2550 4695/843/2553 4694/842/2552
f 4694/842/2552 4695/843/2553 4696/845/2554
f 4689/808/2547 3989/806/2188 4688/805/2546
f 4210/810/2298 4693/840/2551 4211/839/2299
f 4695/843/2553 4692/841/2550 4697/844/2555
f 4692/841/2550 4691/809/2549 4697/844/2555
f 4691/809/2549 4690/846/2548 4697/844/2555
f 4697/844/2555 4690/846/2548 4695/843/2553
f 4690/846/2548 4698/556/2556 4695/843/2553
f 4695/843/2553 4698/556/2556 4696/845/2554
f 4696/845/2554 4698/556/2556 4699/557/2557
f 4698/556/2556 3385/554/1829 4699/557/2557
f 4699/557/2557 3385/554/1829 3387/558/1831
f 4690/846/2548 3386/555/1830 4698/556/2556
f 4698/556/2556 3386/555/1830 3385/554/1829
f 4700/1243/2558 4702/1242/2559 4701/1437/2560
f 4701/1437/2560 4702/1242/2559 4703/1436/2561
f 4702/1242/2559 4535/1241/2482 4703/1436/2561
f 4535/1241/2482 4534/1240/2481 4703/1436/2561
f 4703/1436/2561 4534/1240/2481 4704/1435/2562
f 4534/1240/2481 4705/1239/2563 4704/1435/2562
f 4701/1437/2560 4703/1436/2561 4706/1438/2564
f 4703/1436/2561 4704/1435/2562 4706/1438/2564
f 4707/1439/2565 4708/1441/2566 4709/1440/2567
f 4708/1441/2566 4710/1442/2568 4709/1440/2567
f 4709/1440/2567 4710/1442/2568 4711/1451/2569
f 4711/1451/2569 4710/1442/2568 4712/1445/2570
f 4710/1442/2568 4713/1444/2571 4712/1445/2570
f 4712/1445/2570 4713/1444/2571 4714/1446/2572
f 4713/1444/2571 4715/1447/2573 4714/1446/2572
f 4714/1446/2572 4715/1447/2573 4716/1448/2574
f 4715/1447/2573 4717/1449/2573 4716/1448/2574
f 4716/1448/2574 4717/1449/2573 4718/1450/2575
f 4708/1441/2566 4719/1443/1036 4710/1442/2568
f 4710/1442/2568 4719/1443/1036 4713/1444/2571
f 4717/1449/2573 4715/1447/2573 4720/1452/2576
f 4720/1452/2576 4715/1447/2573 4721/1453/2576
f 4715/1447/2573 4713/1444/2571 4721/1453/2576
f 4713/1444/2571 4722/1443/1036 4721/1453/2576
f 4722/1443/1036 4723/1454/899 4721/1453/2576
f 4723/1454/899 4724/1463/899 4721/1453/2576
f 4721/1453/2576 4724/1463/899 4720/1452/2576
f 4724/1463/899 4725/1464/899 4720/1452/2576
f 4720/1452/2576 4725/1464/899 4726/1465/2577
f 4725/1464/899 4727/1466/899 4726/1465/2577
f 4726/1465/2577 4727/1466/899 4728/1467/1026
f 4727/1466/899 4725/1464/899 4729/1468/899
f 4729/1468/899 4725/1464/899 4730/1469/899
f 4725/1464/899 4724/1463/899 4730/1469/899
f 4730/1469/899 4724/1463/899 4731/1462/899
f 4724/1463/899 4723/1454/899 4731/1462/899
f 4729/1468/899 4730/1469/899 4732/1474/1017
f 4730/1469/899 4733/1470/899 4732/1474/1017
f 4732/1474/1017 4733/1470/899 4734/1473/904
f 4734/1473/904 4733/1470/899 4735/1472/1019
f 4733/1470/899 4736/1471/899 4735/1472/1019
f 4735/1472/1019 4736/1471/899 4737/1476/1558
f 4730/1469/899 4731/1462/899 4733/1470/899
f 4733/1470/899 4731/1462/899 4736/1471/899
f 4736/1471/899 4731/1462/899 4738/1461/899
f 4731/1462/899 4723/1454/899 4738/1461/899
f 4738/1461/899 4723/1454/899 4739/1455/1456
f 4723/1454/899 4722/1443/1036 4739/1455/1456
f 4722/1443/1036 4740/1441/2566 4739/1455/1456
f 4739/1455/1456 4740/1441/2566 4741/1456/2578
f 4740/1441/2566 4742/1439/2565 4741/1456/2578
f 4742/1439/2565 4743/1457/2579 4741/1456/2578
f 4741/1456/2578 4743/1457/2579 4744/1458/2580
f 4743/1457/2579 4745/1459/2581 4744/1458/2580
f 4744/1458/2580 4746/1460/1235 4741/1456/2578
f 4741/1456/2578 4746/1460/1235 4739/1455/1456
f 4739/1455/1456 4746/1460/1235 4738/1461/899
f 4746/1460/1235 4747/1475/899 4738/1461/899
f 4738/1461/899 4747/1475/899 4736/1471/899
f 4736/1471/899 4747/1475/899 4737/1476/1558
f 4747/1475/899 4748/1477/1558 4737/1476/1558
f 4737/1476/1558 4748/1477/1558 4749/1478/2582
f 4748/1477/1558 4750/1479/2583 4749/1478/2582
f 4749/1478/2582 4750/1479/2583 4751/1480/2584
f 4751/1480/2584 4750/1479/2583 4752/1481/2585
f 4750/1479/2583 4753/1482/2586 4752/1481/2585
f 4752/1481/2585 4753/1482/2586 4754/1483/2587
f 4753/1482/2586 4750/1479/2583 4755/1486/2588
f 4750/1479/2583 4748/1477/1558 4755/1486/2588
f 4755/1486/2588 4748/1477/1558 4756/1484/1456
f 4748/1477/1558 4747/1475/899 4756/1484/1456
f 4747/1475/899 4746/1460/1235 4756/1484/1456
f 4746/1460/1235 4744/1458/2580 4756/1484/1456
f 4756/1484/1456 4744/1458/2580 4757/1485/2589
f 4744/1458/2580 4745/1459/2581 4757/1485/2589
f 4745/1459/2581 4758/1488/2581 4757/1485/2589
f 4757/1485/2589 4758/1488/2581 4759/1487/2590
f 4758/1488/2581 4760/1489/2591 4759/1487/2590
f 4756/1484/1456 4757/1485/2589 4755/1486/2588
f 4757/1485/2589 4759/1487/2590 4755/1486/2588
f 4745/1459/2592 4761/1490/2593 4762/1488/2594
f 4761/1490/2593 4763/1518/2595 4762/1488/2594
f 4762/1488/2594 4763/1518/2595 4764/1489/2596
f 4763/1518/2595 4765/1520/2597 4764/1489/2596
f 4764/1489/2596 4765/1520/2597 4766/1521/2598
f 4765/1520/2597 4767/1522/2599 4766/1521/2598
f 4766/1521/2598 4767/1522/2599 4768/1523/2600
f 4745/1459/2592 4769/1491/2601 4761/1490/2593
f 4769/1491/2601 4770/1516/2299 4761/1490/2593
f 4770/1516/2299 4771/1517/2551 4761/1490/2593
f 4761/1490/2593 4771/1517/2551 4763/1518/2595
f 4771/1517/2551 4772/1519/2552 4763/1518/2595
f 4763/1518/2595 4772/1519/2552 4765/1520/2597
f 4772/1519/2552 4773/1552/2554 4765/1520/2597
f 4765/1520/2597 4773/1552/2554 4767/1522/2599
f 4745/1459/2592 4774/1457/2602 4769/1491/2601
f 4769/1491/2601 4774/1457/2602 4775/1492/2603
f 4774/1457/2602 4776/1439/2565 4775/1492/2603
f 4775/1492/2603 4776/1439/2565 4777/1493/2604
f 4776/1439/2565 4778/1440/2567 4777/1493/2604
f 4777/1493/2604 4778/1440/2567 4779/1494/2605
f 4778/1440/2567 4711/1451/2606 4779/1494/2605
f 4770/1516/2299 4769/1491/2601 4780/1515/2299
f 4769/1491/2601 4775/1492/2603 4780/1515/2299
f 4780/1515/2299 4775/1492/2603 4781/1514/2299
f 4775/1492/2603 4777/1493/2604 4781/1514/2299
f 4781/1514/2299 4777/1493/2604 4782/1513/1971
f 4777/1493/2604 4779/1494/2605 4782/1513/1971
f 4782/1513/1971 4779/1494/2605 4783/1512/2145
f 4779/1494/2605 4784/1495/2607 4783/1512/2145
f 4783/1512/2145 4784/1495/2607 4785/1511/2608
f 4784/1495/2607 4786/1496/2609 4785/1511/2608
f 4785/1511/2608 4786/1496/2609 4787/1510/2302
f 4787/1510/2302 4786/1496/2609 4788/1497/2610
f 4786/1496/2609 4789/1446/2572 4788/1497/2610
f 4789/1446/2572 4790/1448/2574 4788/1497/2610
f 4788/1497/2610 4790/1448/2574 4791/1498/2611
f 4790/1448/2574 4792/1450/2572 4791/1498/2611
f 4779/1494/2605 4711/1451/2606 4784/1495/2607
f 4711/1451/2606 4793/1445/2612 4784/1495/2607
f 4784/1495/2607 4793/1445/2612 4786/1496/2609
f 4793/1445/2612 4789/1446/2572 4786/1496/2609
f 4787/1510/2302 4788/1497/2610 4794/1509/2303
f 4788/1497/2610 4791/1498/2611 4794/1509/2303
f 4794/1509/2303 4791/1498/2611 4795/1508/412
f 4791/1498/2611 4796/1499/2613 4795/1508/412
f 4795/1508/412 4796/1499/2613 4797/1507/2303
f 4796/1499/2613 4798/1501/2614 4797/1507/2303
f 4797/1507/2303 4798/1501/2614 4799/1505/2304
f 4798/1501/2614 4800/1506/2615 4799/1505/2304
f 4799/1505/2304 4800/1506/2615 4801/2078/2305
f 4791/1498/2611 4792/1450/2572 4796/1499/2613
f 4792/1450/2572 4802/1500/2616 4796/1499/2613
f 4796/1499/2613 4802/1500/2616 4798/1501/2614
f 4802/1500/2616 4803/1502/2617 4798/1501/2614
f 4798/1501/2614 4803/1502/2617 4800/1506/2615
f 4804/1452/2618 4806/1465/1016 4805/1449/2619
f 4805/1449/2619 4806/1465/1016 4807/1504/2620
f 4806/1465/1016 4808/1467/1026 4807/1504/2620
f 4808/1467/1026 4809/1503/2621 4807/1504/2620
f 4807/1504/2620 4809/1503/2621 4802/1500/2616
f 4809/1503/2621 4803/1502/2617 4802/1500/2616
f 4802/1500/2616 4810/1450/2622 4807/1504/2620
f 4810/1450/2622 4805/1449/2619 4807/1504/2620
f 4800/1506/2615 4811/2075/2623 4801/2078/2305
f 4801/2078/2305 4811/2075/2623 4812/2077/2306
f 4811/2075/2623 4813/2074/2624 4812/2077/2306
f 4812/2077/2306 4813/2074/2624 4814/2076/2625
f 4813/2074/2624 4815/2073/2626 4814/2076/2625
f 4814/2076/2625 4815/2073/2626 4816/2072/2307
f 4811/2075/2623 4800/1506/2615 4817/1660/2627
f 4817/1660/2627 4800/1506/2615 4803/1502/2617
f 4817/1660/2627 4818/1659/2628 4811/2075/2623
f 4811/2075/2623 4818/1659/2628 4813/2074/2624
f 4818/1659/2628 4819/1661/2628 4813/2074/2624
f 4813/2074/2624 4819/1661/2628 4815/2073/2626
f 4819/1661/2628 4820/1663/2629 4815/2073/2626
f 4820/1663/2629 4821/2069/2630 4815/2073/2626
f 4815/2073/2626 4821/2069/2630 4816/2072/2307
f 4821/2069/2630 4822/2070/2299 4816/2072/2307
f 4822/2070/2299 4823/2069/2631 4824/2068/2317
f 4823/2069/2631 4825/2066/2632 4824/2068/2317
f 4824/2068/2317 4825/2066/2632 4826/2067/15
f 4826/2067/15 4825/2066/2632 4827/2065/2633
f 4825/2066/2632 4828/2063/2634 4827/2065/2633
f 4828/2063/2634 4829/2062/2635 4827/2065/2633
f 4827/2065/2633 4829/2062/2635 4830/2064/2636
f 4829/2062/2635 4831/2045/2637 4830/2064/2636
f 4830/2064/2636 4831/2045/2637 4832/1973/2638
f 4831/2045/2637 4833/1974/2639 4832/1973/2638
f 4823/2069/2631 4820/1663/2640 4825/2066/2632
f 4820/1663/2640 4828/2063/2634 4825/2066/2632
f 4826/2067/15 4827/2065/2633 4834/2071/2319
f 4827/2065/2633 4830/2064/2636 4834/2071/2319
f 4834/2071/2319 4830/2064/2636 4835/1975/2148
f 4830/2064/2636 4832/1973/2638 4835/1975/2148
f 4836/1663/2641 4837/1664/2642 4838/2063/2643
f 4837/1664/2642 4839/2061/2644 4838/2063/2643
f 4838/2063/2643 4839/2061/2644 4840/2062/2635
f 4839/2061/2644 4841/2046/2645 4840/2062/2635
f 4840/2062/2635 4841/2046/2645 4831/2045/2637
f 4841/2046/2645 4842/2044/2646 4831/2045/2637
f 4831/2045/2637 4842/2044/2646 4843/1974/2639
f 4843/1974/2639 4842/2044/2646 4844/2019/2647
f 4842/2044/2646 4845/2043/1087 4844/2019/2647
f 4844/2019/2647 4845/2043/1087 4846/2020/1087
f 4846/2020/1087 4845/2043/1087 4847/2042/899
f 4847/2042/899 4845/2043/1087 4848/2048/899
f 4845/2043/1087 4849/2047/1087 4848/2048/899
f 4848/2048/899 4849/2047/1087 4850/2059/899
f 4849/2047/1087 4851/2060/1087 4850/2059/899
f 4850/2059/899 4851/2060/1087 4852/1676/899
f 4852/1676/899 4851/2060/1087 4853/1666/1087
f 4851/2060/1087 4839/2061/2644 4853/1666/1087
f 4853/1666/1087 4839/2061/2644 4837/1664/2642
f 4839/2061/2644 4851/2060/1087 4841/2046/2645
f 4851/2060/1087 4849/2047/1087 4841/2046/2645
f 4841/2046/2645 4849/2047/1087 4842/2044/2646
f 4849/2047/1087 4845/2043/1087 4842/2044/2646
f 4852/1676/899 4854/1677/899 4850/2059/899
f 4854/1677/899 4855/2058/899 4850/2059/899
f 4850/2059/899 4855/2058/899 4848/2048/899
f 4855/2058/899 4856/2049/899 4848/2048/899
f 4848/2048/899 4856/2049/899 4847/2042/899
f 4854/1677/899 4857/1680/899 4855/2058/899
f 4855/2058/899 4857/1680/899 4858/2057/899
f 4857/1680/899 4859/1682/900 4858/2057/899
f 4858/2057/899 4859/1682/900 4860/2056/900
f 4859/1682/900 4861/1684/2648 4860/2056/900
f 4855/2058/899 4858/2057/899 4856/2049/899
f 4858/2057/899 4862/2050/899 4856/2049/899
f 4862/2050/899 4863/2041/899 4856/2049/899
f 4856/2049/899 4863/2041/899 4847/2042/899
f 4863/2041/899 4864/2021/899 4847/2042/899
f 4847/2042/899 4864/2021/899 4846/2020/1087
f 4864/2021/899 4865/2017/1087 4846/2020/1087
f 4846/2020/1087 4865/2017/1087 4866/2018/2649
f 4865/2017/1087 4867/1961/2650 4866/2018/2649
f 4867/1961/2650 4868/1959/2651 4866/2018/2649
f 4868/1959/2651 4869/1972/2652 4866/2018/2649
f 4866/2018/2649 4869/1972/2652 4870/2019/2653
f 4869/1972/2652 4871/1974/2654 4870/2019/2653
f 4862/2050/899 4858/2057/899 4860/2056/900
f 4846/2020/1087 4866/2018/2649 4870/2019/2653
f 4867/1961/2650 4865/2017/1087 4872/1963/1320
f 4872/1963/1320 4865/2017/1087 4873/2016/899
f 4865/2017/1087 4864/2021/899 4873/2016/899
f 4873/2016/899 4864/2021/899 4874/2022/899
f 4864/2021/899 4863/2041/899 4874/2022/899
f 4874/2022/899 4863/2041/899 4875/2040/899
f 4863/2041/899 4862/2050/899 4875/2040/899
f 4875/2040/899 4862/2050/899 4876/2051/900
f 4862/2050/899 4860/2056/900 4876/2051/900
f 4876/2051/900 4860/2056/900 4877/2055/2655
f 4860/2056/900 4861/1684/2648 4877/2055/2655
f 4861/1684/2648 4878/1686/2656 4877/2055/2655
f 4878/1686/2656 4879/2054/2657 4877/2055/2655
f 4877/2055/2655 4879/2054/2657 4880/2052/2658
f 4879/2054/2657 4881/2053/2659 4880/2052/2658
f 4877/2055/2655 4880/2052/2658 4876/2051/900
f 4880/2052/2658 4882/2039/900 4876/2051/900
f 4876/2051/900 4882/2039/900 4875/2040/899
f 4882/2039/900 4883/2031/899 4875/2040/899
f 4875/2040/899 4883/2031/899 4874/2022/899
f 4883/2031/899 4882/2039/900 4884/2032/900
f 4884/2032/900 4882/2039/900 4885/2038/2660
f 4882/2039/900 4880/2052/2658 4885/2038/2660
f 4880/2052/2658 4881/2053/2659 4885/2038/2660
f 4881/2053/2659 4886/2037/2661 4885/2038/2660
f 4885/2038/2660 4886/2037/2661 4887/2036/2662
f 4886/2037/2661 4888/2004/2663 4887/2036/2662
f 4887/2036/2662 4888/2004/2663 4889/2034/2664
f 4888/2004/2663 4890/2005/2665 4889/2034/2664
f 4889/2034/2664 4890/2005/2665 4891/2035/2666
f 4890/2005/2665 4892/2006/2667 4891/2035/2666
f 4884/2032/900 4885/2038/2660 4887/2036/2662
f 4891/2035/2666 4893/2028/2668 4889/2034/2664
f 4889/2034/2664 4893/2028/2668 4894/2033/900
f 4893/2028/2668 4895/2029/1018 4894/2033/900
f 4895/2029/1018 4896/2030/899 4894/2033/900
f 4894/2033/900 4896/2030/899 4897/2032/900
f 4896/2030/899 4898/2031/899 4897/2032/900
f 4889/2034/2664 4894/2033/900 4887/2036/2662
f 4894/2033/900 4897/2032/900 4887/2036/2662
f 4895/2029/1018 4893/2028/2668 4899/2026/2669
f 4893/2028/2668 4900/2027/2670 4899/2026/2669
f 4899/2026/2669 4900/2027/2670 4901/2011/2671
f 4900/2027/2670 4902/2010/2672 4901/2011/2671
f 4898/2031/899 4896/2030/899 4903/2023/899
f 4903/2023/899 4896/2030/899 4904/2024/1018
f 4896/2030/899 4895/2029/1018 4904/2024/1018
f 4904/2024/1018 4895/2029/1018 4905/2025/2673
f 4895/2029/1018 4899/2026/2669 4905/2025/2673
f 4905/2025/2673 4899/2026/2669 4906/2012/2674
f 4899/2026/2669 4901/2011/2671 4906/2012/2674
f 4898/2031/899 4903/2023/899 4874/2022/899
f 4874/2022/899 4903/2023/899 4873/2016/899
f 4903/2023/899 4907/2015/1011 4873/2016/899
f 4873/2016/899 4907/2015/1011 4872/1963/1320
f 4872/1963/1320 4907/2015/1011 4908/1964/2675
f 4907/2015/1011 4909/2014/2676 4908/1964/2675
f 4908/1964/2675 4909/2014/2676 4910/1966/2677
f 4910/1966/2677 4909/2014/2676 4911/2013/2678
f 4909/2014/2676 4905/2025/2673 4911/2013/2678
f 4911/2013/2678 4905/2025/2673 4906/2012/2674
f 4903/2023/899 4904/2024/1018 4907/2015/1011
f 4907/2015/1011 4904/2024/1018 4909/2014/2676
f 4904/2024/1018 4905/2025/2673 4909/2014/2676
f 4912/2013/2679 4913/1982/2680 4910/1966/2681
f 4913/1982/2680 4914/1980/2682 4910/1966/2681
f 4910/1966/2681 4914/1980/2682 4915/1965/2683
f 4914/1980/2682 4916/1968/2684 4915/1965/2683
f 4915/1965/2683 4916/1968/2684 4917/1967/2685
f 4912/2013/2679 4918/1984/2686 4913/1982/2680
f 4918/1984/2686 4919/1983/2138 4913/1982/2680
f 4919/1983/2138 4920/1981/586 4913/1982/2680
f 4913/1982/2680 4920/1981/586 4914/1980/2682
f 4920/1981/586 4921/1979/2134 4914/1980/2682
f 4914/1980/2682 4921/1979/2134 4916/1968/2684
f 4912/2013/2679 4906/2012/2674 4918/1984/2686
f 4918/1984/2686 4906/2012/2674 4922/1986/2687
f 4906/2012/2674 4901/2011/2671 4922/1986/2687
f 4922/1986/2687 4901/2011/2671 4923/1988/2688
f 4901/2011/2671 4924/2010/2689 4923/1988/2688
f 4923/1988/2688 4924/2010/2689 4925/1990/2690
f 4924/2010/2689 4926/2009/2691 4925/1990/2690
f 4919/1983/2138 4918/1984/2686 4927/1985/2137
f 4918/1984/2686 4922/1986/2687 4927/1985/2137
f 4927/1985/2137 4922/1986/2687 4928/1987/2126
f 4922/1986/2687 4923/1988/2688 4928/1987/2126
f 4928/1987/2126 4923/1988/2688 4929/1989/141
f 4923/1988/2688 4925/1990/2690 4929/1989/141
f 4929/1989/141 4925/1990/2690 4930/1991/2127
f 4925/1990/2690 4931/1992/2692 4930/1991/2127
f 4930/1991/2127 4931/1992/2692 4932/1993/2113
f 4931/1992/2692 4933/1994/2693 4932/1993/2113
f 4932/1993/2113 4933/1994/2693 4934/1995/2111
f 4933/1994/2693 4935/1996/2694 4934/1995/2111
f 4934/1995/2111 4935/1996/2694 4936/1997/2109
f 4925/1990/2690 4926/2009/2691 4931/1992/2692
f 4926/2009/2691 4937/2008/2695 4931/1992/2692
f 4931/1992/2692 4937/2008/2695 4933/1994/2693
f 4937/2008/2695 4938/2007/2472 4933/1994/2693
f 4933/1994/2693 4938/2007/2472 4935/1996/2694
f 4938/2007/2472 4939/2006/2696 4935/1996/2694
f 4935/1996/2694 4939/2006/2696 4940/1998/2697
f 4939/2006/2696 4941/2005/2665 4940/1998/2697
f 4940/1998/2697 4941/2005/2665 4942/2000/2698
f 4941/2005/2665 4943/2004/2699 4942/2000/2698
f 4943/2004/2699 4944/2002/2700 4942/2000/2698
f 4942/2000/2698 4944/2002/2700 4945/2001/2027
f 4944/2002/2700 4946/2003/2102 4945/2001/2027
f 4935/1996/2694 4940/1998/2697 4936/1997/2109
f 4936/1997/2109 4940/1998/2697 4947/1999/2027
f 4940/1998/2697 4942/2000/2698 4947/1999/2027
f 4947/1999/2027 4942/2000/2698 4945/2001/2027
f 4946/2003/2102 4949/2002/2700 4948/2215/2103
f 4948/2215/2103 4949/2002/2700 4950/2214/2701
f 4949/2002/2700 4943/2004/2699 4950/2214/2701
f 4943/2004/2699 4951/2037/2702 4950/2214/2701
f 4950/2214/2701 4951/2037/2702 4952/2211/2703
f 4951/2037/2702 4953/2053/2704 4952/2211/2703
f 4952/2211/2703 4953/2053/2704 4954/2210/2705
f 4953/2053/2704 4955/2054/2706 4954/2210/2705
f 4954/2210/2705 4955/2054/2706 4956/1687/2707
f 4955/2054/2706 4878/1686/2656 4956/1687/2707
f 4948/2215/2103 4950/2214/2701 4957/2213/2104
f 4950/2214/2701 4952/2211/2703 4957/2213/2104
f 4957/2213/2104 4952/2211/2703 4958/2212/2093
f 4952/2211/2703 4954/2210/2705 4958/2212/2093
f 4958/2212/2093 4954/2210/2705 4959/1689/2092
f 4954/2210/2705 4956/1687/2707 4959/1689/2092
f 4960/1687/2707 4961/1688/2708 4959/1689/2709
f 4961/1688/2708 4962/1730/2091 4959/1689/2709
f 4961/1688/2708 4960/1687/2707 4963/1685/1274
f 4960/1687/2707 4964/1686/2710 4963/1685/1274
f 4964/1686/2710 4965/1684/2648 4963/1685/1274
f 4963/1685/1274 4965/1684/2648 4966/1683/2648
f 4965/1684/2648 4967/1682/900 4966/1683/2648
f 4966/1683/2648 4967/1682/900 4968/1681/900
f 4967/1682/900 4969/1680/899 4968/1681/900
f 4968/1681/900 4969/1680/899 4970/1678/899
f 4969/1680/899 4971/1677/899 4970/1678/899
f 4970/1678/899 4971/1677/899 4972/1675/899
f 4971/1677/899 4973/1676/899 4972/1675/899
f 4963/1685/1274 4966/1683/2648 4974/1691/2711
f 4974/1691/2711 4966/1683/2648 4975/1690/1247
f 4966/1683/2648 4968/1681/900 4975/1690/1247
f 4975/1690/1247 4968/1681/900 4976/1679/1245
f 4968/1681/900 4970/1678/899 4976/1679/1245
f 4976/1679/1245 4970/1678/899 4977/1673/899
f 4970/1678/899 4972/1675/899 4977/1673/899
f 4976/1679/1245 4977/1673/899 4978/1672/1103
f 4977/1673/899 4979/1671/1017 4978/1672/1103
f 4978/1672/1103 4979/1671/1017 4980/1630/1025
f 4980/1630/1025 4979/1671/1017 4981/1631/899
f 4979/1671/1017 4982/1670/899 4981/1631/899
f 4981/1631/899 4982/1670/899 4983/1633/899
f 4982/1670/899 4979/1671/1017 4984/1674/899
f 4979/1671/1017 4977/1673/899 4984/1674/899
f 4977/1673/899 4972/1675/899 4984/1674/899
f 4984/1674/899 4972/1675/899 4985/1667/899
f 4972/1675/899 4973/1676/899 4985/1667/899
f 4973/1676/899 4853/1666/1054 4985/1667/899
f 4985/1667/899 4853/1666/1054 4986/1665/1087
f 4853/1666/1054 4987/1664/2642 4986/1665/1087
f 4986/1665/1087 4988/1668/899 4985/1667/899
f 4985/1667/899 4988/1668/899 4984/1674/899
f 4984/1674/899 4988/1668/899 4982/1670/899
f 4988/1668/899 4989/1669/899 4982/1670/899
f 4982/1670/899 4989/1669/899 4983/1633/899
f 4983/1633/899 4989/1669/899 4990/1643/899
f 4989/1669/899 4991/1656/1054 4990/1643/899
f 4990/1643/899 4991/1656/1054 4992/1654/1026
f 4991/1656/1054 4989/1669/899 4993/1658/1087
f 4989/1669/899 4988/1668/899 4993/1658/1087
f 4988/1668/899 4986/1665/1087 4993/1658/1087
f 4993/1658/1087 4986/1665/1087 4994/1662/2712
f 4986/1665/1087 4987/1664/2642 4994/1662/2712
f 4987/1664/2642 4995/1663/2629 4994/1662/2712
f 4995/1663/2629 4996/1661/2628 4994/1662/2712
f 4994/1662/2712 4996/1661/2628 4997/1657/2713
f 4996/1661/2628 4998/1659/2628 4997/1657/2713
f 4993/1658/1087 4994/1662/2712 4997/1657/2713
f 4992/1654/1026 4999/1644/899 4990/1643/899
f 4990/1643/899 4999/1644/899 5000/1642/899
f 4999/1644/899 5001/1645/899 5000/1642/899
f 4990/1643/899 5000/1642/899 5002/1633/899
f 5000/1642/899 5003/1632/899 5002/1633/899
f 5002/1633/899 5003/1632/899 5004/1631/899
f 5003/1632/899 5005/1629/899 5004/1631/899
f 5004/1631/899 5005/1629/899 5006/1630/1025
f 5006/1630/1025 5005/1629/899 5007/1628/899
f 5005/1629/899 5008/1627/899 5007/1628/899
f 5007/1628/899 5008/1627/899 5009/1615/899
f 5008/1627/899 5005/1629/899 5010/1634/899
f 5005/1629/899 5003/1632/899 5010/1634/899
f 5010/1634/899 5003/1632/899 5011/1641/899
f 5003/1632/899 5000/1642/899 5011/1641/899
f 5000/1642/899 5001/1645/899 5011/1641/899
f 5011/1641/899 5001/1645/899 5012/1646/899
f 5001/1645/899 5013/1650/899 5012/1646/899
f 5012/1646/899 5013/1650/899 5014/1649/899
f 5013/1650/899 5015/1468/899 5014/1649/899
f 5015/1468/899 5016/1474/1017 5014/1649/899
f 5014/1649/899 5016/1474/1017 5017/1648/899
f 5016/1474/1017 5018/1473/904 5017/1648/899
f 5018/1473/904 5019/1571/1017 5017/1648/899
f 5017/1648/899 5019/1571/1017 5020/1638/899
f 5019/1571/1017 5021/1581/1017 5020/1638/899
f 5001/1645/899 5022/1651/899 5013/1650/899
f 5022/1651/899 5023/1466/899 5013/1650/899
f 5013/1650/899 5023/1466/899 5015/1468/899
f 5022/1651/899 5024/1467/1026 5023/1466/899
f 5020/1638/899 5025/1647/899 5017/1648/899
f 5017/1648/899 5025/1647/899 5014/1649/899
f 5014/1649/899 5025/1647/899 5012/1646/899
f 5025/1647/899 5026/1640/899 5012/1646/899
f 5012/1646/899 5026/1640/899 5011/1641/899
f 5011/1641/899 5026/1640/899 5010/1634/899
f 5026/1640/899 5027/1635/899 5010/1634/899
f 5010/1634/899 5027/1635/899 5008/1627/899
f 5027/1635/899 5028/1626/899 5008/1627/899
f 5008/1627/899 5028/1626/899 5009/1615/899
f 5028/1626/899 5029/1614/899 5009/1615/899
f 5009/1615/899 5029/1614/899 5030/1613/1017
f 5029/1614/899 5031/1611/899 5030/1613/1017
f 5030/1613/1017 5031/1611/899 5032/1612/1018
f 5032/1612/1018 5031/1611/899 5033/1610/899
f 5031/1611/899 5034/1608/899 5033/1610/899
f 5033/1610/899 5034/1608/899 5035/1609/899
f 5034/1608/899 5031/1611/899 5036/1619/899
f 5031/1611/899 5029/1614/899 5036/1619/899
f 5036/1619/899 5029/1614/899 5037/1625/899
f 5029/1614/899 5028/1626/899 5037/1625/899
f 5037/1625/899 5028/1626/899 5038/1636/899
f 5028/1626/899 5027/1635/899 5038/1636/899
f 5038/1636/899 5027/1635/899 5039/1639/899
f 5027/1635/899 5026/1640/899 5039/1639/899
f 5026/1640/899 5025/1647/899 5039/1639/899
f 5025/1647/899 5020/1638/899 5039/1639/899
f 5039/1639/899 5020/1638/899 5040/1637/899
f 5020/1638/899 5021/1581/1017 5040/1637/899
f 5039/1639/899 5040/1637/899 5038/1636/899
f 5040/1637/899 5041/1624/899 5038/1636/899
f 5038/1636/899 5041/1624/899 5037/1625/899
f 5041/1624/899 5042/1620/899 5037/1625/899
f 5037/1625/899 5042/1620/899 5036/1619/899
f 5042/1620/899 5043/1606/899 5036/1619/899
f 5036/1619/899 5043/1606/899 5034/1608/899
f 5043/1606/899 5044/1607/899 5034/1608/899
f 5034/1608/899 5044/1607/899 5035/1609/899
f 5035/1609/899 5044/1607/899 5045/1617/899
f 5044/1607/899 5046/1616/1017 5045/1617/899
f 5045/1617/899 5046/1616/1017 5047/1618/1020
f 5046/1616/1017 5044/1607/899 5048/1604/1017
f 5044/1607/899 5043/1606/899 5048/1604/1017
f 5048/1604/1017 5043/1606/899 5049/1605/899
f 5043/1606/899 5042/1620/899 5049/1605/899
f 5049/1605/899 5042/1620/899 5050/1621/899
f 5042/1620/899 5041/1624/899 5050/1621/899
f 5050/1621/899 5041/1624/899 5051/1623/899
f 5041/1624/899 5040/1637/899 5051/1623/899
f 5040/1637/899 5021/1581/1017 5051/1623/899
f 5021/1581/1017 5052/1582/1017 5051/1623/899
f 5051/1623/899 5052/1582/1017 5053/1622/899
f 5052/1582/1017 5054/1574/1024 5053/1622/899
f 5051/1623/899 5053/1622/899 5050/1621/899
f 5053/1622/899 5055/1603/899 5050/1621/899
f 5050/1621/899 5055/1603/899 5049/1605/899
f 5055/1603/899 5056/1602/899 5049/1605/899
f 5049/1605/899 5056/1602/899 5048/1604/1017
f 5048/1604/1017 5056/1602/899 5057/1601/1017
f 5056/1602/899 5058/1598/899 5057/1601/1017
f 5057/1601/1017 5058/1598/899 5059/1600/1020
f 5058/1598/899 5056/1602/899 5060/1595/899
f 5056/1602/899 5055/1603/899 5060/1595/899
f 5060/1595/899 5055/1603/899 5061/1594/899
f 5055/1603/899 5053/1622/899 5061/1594/899
f 5061/1594/899 5053/1622/899 5054/1574/1024
f 5062/1559/2714 5064/1567/2715 5063/1560/2716
f 5063/1560/2716 5064/1567/2715 5065/1568/2717
f 5064/1567/2715 5066/1572/1235 5065/1568/2717
f 5066/1572/1235 5067/1573/1456 5065/1568/2717
f 5065/1568/2717 5067/1573/1456 5068/1569/1239
f 5068/1569/1239 5067/1573/1456 5054/1574/1053
f 5067/1573/1456 5069/1575/899 5054/1574/1053
f 5054/1574/1053 5069/1575/899 5070/1594/899
f 5063/1560/2716 5065/1568/2717 5071/1561/2718
f 5071/1561/2718 5065/1568/2717 5068/1569/1239
f 5072/1557/2719 5074/1558/2720 5073/1543/2721
f 5073/1543/2721 5074/1558/2720 5075/1541/2722
f 5074/1558/2720 5076/1559/2723 5075/1541/2722
f 5075/1541/2722 5076/1559/2723 5077/1539/2724
f 5076/1559/2723 5063/1560/2716 5077/1539/2724
f 5077/1539/2724 5063/1560/2716 5078/1537/2725
f 5063/1560/2716 5071/1561/2718 5078/1537/2725
f 5073/1543/2721 5075/1541/2722 5079/1542/652
f 5079/1542/652 5075/1541/2722 5080/1540/1838
f 5075/1541/2722 5077/1539/2724 5080/1540/1838
f 5080/1540/1838 5077/1539/2724 5081/1538/513
f 5077/1539/2724 5078/1537/2725 5081/1538/513
f 5081/1538/513 5078/1537/2725 5082/1536/1743
f 5078/1537/2725 5083/1535/2726 5082/1536/1743
f 5082/1536/1743 5083/1535/2726 5084/1534/249
f 5083/1535/2726 5085/1533/2727 5084/1534/249
f 5084/1534/249 5085/1533/2727 5086/1532/1833
f 5078/1537/2725 5071/1561/2718 5083/1535/2726
f 5083/1535/2726 5071/1561/2718 5087/1562/2728
f 5071/1561/2718 5088/1565/1518 5087/1562/2728
f 5087/1562/2728 5088/1565/1518 5089/1478/2582
f 5088/1565/1518 5090/1476/1558 5089/1478/2582
f 5083/1535/2726 5087/1562/2728 5085/1533/2727
f 5087/1562/2728 5091/1480/2729 5085/1533/2727
f 5085/1533/2727 5091/1480/2729 5092/1531/2730
f 5091/1480/2729 5093/1481/2585 5092/1531/2730
f 5092/1531/2730 5093/1481/2585 5094/1529/2731
f 5093/1481/2585 5095/1483/2732 5094/1529/2731
f 5095/1483/2732 5096/1527/2733 5094/1529/2731
f 5094/1529/2731 5096/1527/2733 5097/1528/1832
f 5097/1528/1832 5096/1527/2733 5098/1526/2734
f 5096/1527/2733 5099/1524/2735 5098/1526/2734
f 5098/1526/2734 5099/1524/2735 5100/1525/2557
f 5099/1524/2735 4767/1522/2599 5100/1525/2557
f 5100/1525/2557 4767/1522/2599 4773/1552/2554
f 5087/1562/2728 5089/1478/2582 5091/1480/2729
f 5085/1533/2727 5092/1531/2730 5086/1532/1833
f 5086/1532/1833 5092/1531/2730 5101/1530/2734
f 5092/1531/2730 5094/1529/2731 5101/1530/2734
f 5101/1530/2734 5094/1529/2731 5097/1528/1832
f 4767/1522/2599 5099/1524/2735 4768/1523/2600
f 4768/1523/2600 5099/1524/2735 5102/1563/2736
f 5099/1524/2735 5096/1527/2733 5102/1563/2736
f 5096/1527/2733 5095/1483/2732 5102/1563/2736
f 5102/1563/2736 5095/1483/2732 5103/1564/2737
f 5095/1483/2732 5104/1482/2586 5103/1564/2737
f 5103/1564/2737 5104/1482/2586 5105/1487/2590
f 5104/1482/2586 5106/1486/2588 5105/1487/2590
f 5105/1487/2590 5107/1489/2591 5103/1564/2737
f 5107/1489/2591 5108/1521/2598 5103/1564/2737
f 5103/1564/2737 5108/1521/2598 5102/1563/2736
f 5108/1521/2598 4768/1523/2600 5102/1563/2736
f 5109/1473/1006 5110/1566/2738 5111/1571/1017
f 5110/1566/2738 5112/1570/2739 5111/1571/1017
f 5111/1571/1017 5112/1570/2739 5113/1581/1017
f 5113/1581/1017 5112/1570/2739 5114/1582/1017
f 5112/1570/2739 5068/1569/1239 5114/1582/1017
f 5114/1582/1017 5068/1569/1239 5115/1574/1024
f 5110/1566/2738 5071/1561/2718 5112/1570/2739
f 5112/1570/2739 5071/1561/2718 5068/1569/1239
f 5071/1561/2718 5116/1566/2740 5088/1565/1518
f 5088/1565/1518 5116/1566/2740 5117/1472/1038
f 5116/1566/2740 5018/1473/904 5117/1472/1038
f 5088/1565/1518 5117/1472/1038 5090/1476/1558
f 5118/1365/904 5120/1785/2741 5119/1351/1017
f 5119/1351/1017 5120/1785/2741 5121/1784/2742
f 5120/1785/2741 5122/1786/2743 5121/1784/2742
f 5122/1786/2743 5123/1783/2744 5121/1784/2742
f 5121/1784/2742 5123/1783/2744 5124/1339/1017
f 5123/1783/2744 5125/1309/1053 5124/1339/1017
f 5119/1351/1017 5121/1784/2742 5126/1341/1017
f 5121/1784/2742 5124/1339/1017 5126/1341/1017
f 5127/1774/1196 5128/1775/2745 5129/1777/1038
f 5128/1775/2745 5130/1787/2746 5129/1777/1038
f 5129/1777/1038 5130/1787/2746 5131/1365/904
f 5131/1365/904 5130/1787/2746 5132/1785/2741
f 5130/1787/2746 5133/1788/2747 5132/1785/2741
f 5132/1785/2741 5133/1788/2747 5122/1786/2743
f 5133/1788/2747 5130/1787/2746 5134/1776/2748
f 5134/1776/2748 5130/1787/2746 5128/1775/2745
f 5122/1786/2743 5136/1788/2749 5135/1789/2750
f 5135/1789/2750 5136/1788/2749 5137/1790/2751
f 5136/1788/2749 5138/1776/2752 5137/1790/2751
f 5137/1790/2751 5138/1776/2752 5139/1791/2753
f 5138/1776/2752 5140/1762/2754 5139/1791/2753
f 5140/1762/2754 5141/1792/2755 5139/1791/2753
f 5141/1792/2755 5142/1797/2756 5139/1791/2753
f 5142/1797/2756 5143/1798/1940 5139/1791/2753
f 5139/1791/2753 5143/1798/1940 5137/1790/2751
f 5143/1798/1940 5144/1799/1942 5137/1790/2751
f 5137/1790/2751 5144/1799/1942 5135/1789/2750
f 5144/1799/1942 5145/1800/1750 5135/1789/2750
f 5135/1789/2750 5145/1800/1750 5146/1801/2757
f 5145/1800/1750 5147/1802/1748 5146/1801/2757
f 5146/1801/2757 5147/1802/1748 5148/1803/2758
f 5147/1802/1748 5149/1804/1746 5148/1803/2758
f 5148/1803/2758 5149/1804/1746 5150/1805/2759
f 5149/1804/1746 5151/1806/1743 5150/1805/2759
f 5151/1806/1743 5152/1807/2760 5150/1805/2759
f 5150/1805/2759 5152/1807/2760 5153/1294/2761
f 5152/1807/2760 5154/1289/2762 5153/1294/2761
f 5135/1789/2750 5146/1801/2757 5122/1786/2743
f 5122/1786/2743 5146/1801/2757 5155/1808/2763
f 5146/1801/2757 5148/1803/2758 5155/1808/2763
f 5155/1808/2763 5148/1803/2758 5156/1298/2764
f 5148/1803/2758 5150/1805/2759 5156/1298/2764
f 5156/1298/2764 5150/1805/2759 5153/1294/2761
f 5157/1298/2764 5159/1299/2765 5158/1808/2766
f 5158/1808/2766 5159/1299/2765 5160/1809/2767
f 5159/1299/2765 5161/1300/1456 5160/1809/2767
f 5161/1300/1456 5162/1305/1024 5160/1809/2767
f 5160/1809/2767 5162/1305/1024 5163/1783/2768
f 5162/1305/1024 5164/1309/1053 5163/1783/2768
f 5158/1808/2766 5160/1809/2767 5122/1786/2743
f 5160/1809/2767 5163/1783/2768 5122/1786/2743
f 5162/1305/1024 5165/1306/1017 5166/1309/1024
f 5165/1306/1017 5167/1310/1017 5166/1309/1024
f 5165/1306/1017 5162/1305/1024 5168/1301/1017
f 5162/1305/1024 5169/1300/1134 5168/1301/1017
f 5168/1301/1017 5169/1300/1134 5170/1297/899
f 5170/1297/899 5169/1300/1134 5171/1296/2769
f 5169/1300/1134 5172/1299/2765 5171/1296/2769
f 5171/1296/2769 5172/1299/2765 5173/1295/2765
f 5172/1299/2765 5156/1298/2764 5173/1295/2765
f 5156/1298/2764 5174/1294/2770 5173/1295/2765
f 5173/1295/2765 5174/1294/2770 5175/1290/2514
f 5174/1294/2770 5176/1289/2762 5175/1290/2514
f 5175/1290/2514 5177/1291/2769 5173/1295/2765
f 5173/1295/2765 5177/1291/2769 5171/1296/2769
f 5177/1291/2769 4575/1292/899 5171/1296/2769
f 5171/1296/2769 4575/1292/899 5170/1297/899
f 4575/1292/899 5178/1293/899 5170/1297/899
f 5170/1297/899 5178/1293/899 5179/1302/899
f 5178/1293/899 5180/1283/899 5179/1302/899
f 5170/1297/899 5179/1302/899 5168/1301/1017
f 5179/1302/899 5181/1303/899 5168/1301/1017
f 5168/1301/1017 5181/1303/899 5165/1306/1017
f 5181/1303/899 5182/1307/1017 5165/1306/1017
f 5165/1306/1017 5182/1307/1017 5167/1310/1017
f 5167/1310/1017 5182/1307/1017 5183/1311/1017
f 5182/1307/1017 5184/1312/899 5183/1311/1017
f 5183/1311/1017 5184/1312/899 5185/1313/1017
f 5184/1312/899 5182/1307/1017 5186/1308/899
f 5182/1307/1017 5181/1303/899 5186/1308/899
f 5186/1308/899 5181/1303/899 5187/1304/1017
f 5181/1303/899 5179/1302/899 5187/1304/1017
f 5179/1302/899 5180/1283/899 5187/1304/1017
f 5180/1283/899 5188/1273/1025 5187/1304/1017
f 5187/1304/1017 5188/1273/1025 5189/1317/2771
f 5188/1273/1025 5190/1262/2772 5189/1317/2771
f 5187/1304/1017 5189/1317/2771 5186/1308/899
f 5189/1317/2771 5191/1316/1103 5186/1308/899
f 5186/1308/899 5191/1316/1103 5184/1312/899
f 5191/1316/1103 5192/1314/1103 5184/1312/899
f 5184/1312/899 5192/1314/1103 5185/1313/1017
f 5192/1314/1103 5193/1315/1020 5185/1313/1017
f 5194/1257/2773 5195/1319/2774 5196/1258/2498
f 5195/1319/2774 5197/1318/2775 5196/1258/2498
f 5196/1258/2498 5197/1318/2775 4553/1259/2503
f 4553/1259/2503 5197/1318/2775 5190/1262/2772
f 5190/1262/2772 5197/1318/2775 5189/1317/2771
f 5189/1317/2771 5197/1318/2775 5191/1316/1103
f 5197/1318/2775 5195/1319/2774 5191/1316/1103
f 5198/1315/1020 5199/1320/1017 5185/1313/1017
f 5199/1320/1017 5200/1321/899 5185/1313/1017
f 5185/1313/1017 5200/1321/899 5201/1311/1017
f 5200/1321/899 5202/1322/899 5201/1311/1017
f 5201/1311/1017 5202/1322/899 5203/1310/1017
f 5199/1320/1017 5204/1323/1017 5200/1321/899
f 5200/1321/899 5204/1323/1017 5205/1324/899
f 5205/1324/899 5204/1323/1017 5206/1325/899
f 5204/1323/1017 5207/1326/899 5206/1325/899
f 5206/1325/899 5207/1326/899 5208/1327/899
f 5207/1326/899 5209/1328/899 5208/1327/899
f 5209/1328/899 5210/1329/899 5208/1327/899
f 5208/1327/899 5210/1329/899 5211/1330/899
f 5210/1329/899 5212/1331/1018 5211/1330/899
f 5205/1324/899 5202/1322/899 5200/1321/899
f 5204/1323/1017 5213/1332/1017 5207/1326/899
f 5207/1326/899 5213/1332/1017 5214/1333/899
f 5213/1332/1017 5215/1334/1020 5214/1333/899
f 5209/1328/899 5207/1326/899 5214/1333/899
f 5211/1330/899 5216/1335/899 5208/1327/899
f 5208/1327/899 5216/1335/899 5206/1325/899
f 5216/1335/899 5217/1336/899 5206/1325/899
f 5206/1325/899 5217/1336/899 5205/1324/899
f 5217/1336/899 5218/1337/899 5205/1324/899
f 5205/1324/899 5218/1337/899 5202/1322/899
f 5218/1337/899 5219/1338/899 5202/1322/899
f 5202/1322/899 5219/1338/899 5203/1310/1017
f 5203/1310/1017 5219/1338/899 5220/1309/1024
f 5220/1309/1024 5219/1338/899 5221/1339/1017
f 5219/1338/899 5222/1340/899 5221/1339/1017
f 5221/1339/1017 5222/1340/899 5223/1341/1017
f 5219/1338/899 5218/1337/899 5222/1340/899
f 5222/1340/899 5218/1337/899 5224/1342/899
f 5218/1337/899 5217/1336/899 5224/1342/899
f 5224/1342/899 5217/1336/899 5225/1343/899
f 5217/1336/899 5216/1335/899 5225/1343/899
f 5225/1343/899 5216/1335/899 5226/1344/899
f 5216/1335/899 5211/1330/899 5226/1344/899
f 5226/1344/899 5211/1330/899 5227/1345/899
f 5211/1330/899 5212/1331/1018 5227/1345/899
f 5227/1345/899 5228/1346/899 5226/1344/899
f 5228/1346/899 5229/1347/899 5226/1344/899
f 5226/1344/899 5229/1347/899 5225/1343/899
f 5229/1347/899 5228/1346/899 5230/1354/899
f 5228/1346/899 5231/1355/899 5230/1354/899
f 5230/1354/899 5231/1355/899 5232/1356/899
f 5231/1355/899 5233/1357/1018 5232/1356/899
f 5233/1357/1018 5234/1358/1017 5232/1356/899
f 5232/1356/899 5234/1358/1017 5235/1359/899
f 5234/1358/1017 5236/1360/1017 5235/1359/899
f 5235/1359/899 5236/1360/1017 5237/1371/899
f 5236/1360/1017 5238/1372/899 5237/1371/899
f 5237/1371/899 5238/1372/899 5239/1373/899
f 5238/1372/899 5240/1374/1026 5239/1373/899
f 5239/1373/899 5241/1375/899 5237/1371/899
f 5241/1375/899 5242/1370/1017 5237/1371/899
f 5237/1371/899 5242/1370/1017 5235/1359/899
f 5242/1370/1017 5243/1361/1017 5235/1359/899
f 5235/1359/899 5243/1361/1017 5232/1356/899
f 5232/1356/899 5243/1361/1017 5230/1354/899
f 5243/1361/1017 5244/1353/899 5230/1354/899
f 5230/1354/899 5244/1353/899 5229/1347/899
f 5245/1379/1026 5247/1377/899 5246/1378/899
f 5246/1378/899 5247/1377/899 5248/1376/899
f 5247/1377/899 5249/1368/899 5248/1376/899
f 5249/1368/899 5250/1367/899 5248/1376/899
f 5250/1367/899 5251/1369/899 5248/1376/899
f 5248/1376/899 5251/1369/899 5241/1375/899
f 5241/1375/899 5251/1369/899 5242/1370/1017
f 5251/1369/899 5252/1362/899 5242/1370/1017
f 5242/1370/1017 5252/1362/899 5243/1361/1017
f 5243/1361/1017 5252/1362/899 5244/1353/899
f 5252/1362/899 5253/1352/899 5244/1353/899
f 5253/1352/899 5254/1348/899 5244/1353/899
f 5244/1353/899 5254/1348/899 5229/1347/899
f 5229/1347/899 5254/1348/899 5225/1343/899
f 5225/1343/899 5254/1348/899 5224/1342/899
f 5254/1348/899 5255/1349/899 5224/1342/899
f 5224/1342/899 5255/1349/899 5222/1340/899
f 5222/1340/899 5255/1349/899 5223/1341/1017
f 5223/1341/1017 5255/1349/899 5256/1350/899
f 5255/1349/899 5253/1352/899 5256/1350/899
f 5256/1350/899 5253/1352/899 5257/1363/899
f 5253/1352/899 5252/1362/899 5257/1363/899
f 5252/1362/899 5251/1369/899 5257/1363/899
f 5251/1369/899 5250/1367/899 5257/1363/899
f 5257/1363/899 5250/1367/899 5258/1364/899
f 5250/1367/899 5259/1366/899 5258/1364/899
f 5259/1366/899 5260/1365/904 5258/1364/899
f 5260/1365/904 5261/1351/1017 5258/1364/899
f 5258/1364/899 5261/1351/1017 5256/1350/899
f 5261/1351/1017 5223/1341/1017 5256/1350/899
f 5241/1375/899 5246/1378/899 5248/1376/899
f 5250/1367/899 5249/1368/899 5259/1366/899
f 5254/1348/899 5253/1352/899 5255/1349/899
f 5257/1363/899 5258/1364/899 5256/1350/899
f 5262/1738/1036 5263/1740/2776 5264/1739/1101
f 5263/1740/2776 5265/1741/2777 5264/1739/1101
f 5264/1739/1101 5265/1741/2777 5266/1612/1007
f 5266/1612/1007 5265/1741/2777 5267/1742/1180
f 5265/1741/2777 5268/1737/2778 5267/1742/1180
f 5267/1742/1180 5268/1737/2778 5269/1695/2779
f 5263/1740/2776 5270/1736/2780 5265/1741/2777
f 5265/1741/2777 5270/1736/2780 5268/1737/2778
f 5269/1695/2781 5272/1737/2782 5271/1696/2783
f 5271/1696/2783 5272/1737/2782 5273/1699/2784
f 5272/1737/2782 5270/1736/2780 5273/1699/2784
f 5273/1699/2784 5270/1736/2780 5274/1701/2785
f 5270/1736/2780 5275/1735/2786 5274/1701/2785
f 5274/1701/2785 5275/1735/2786 5276/1703/2787
f 5275/1735/2786 5277/1734/2788 5276/1703/2787
f 5277/1734/2788 5278/1705/2789 5276/1703/2787
f 5278/1705/2789 5279/1704/2079 5276/1703/2787
f 5279/1704/2079 5280/1702/2080 5276/1703/2787
f 5276/1703/2787 5280/1702/2080 5274/1701/2785
f 5280/1702/2080 5281/1700/405 5274/1701/2785
f 5274/1701/2785 5281/1700/405 5273/1699/2784
f 5281/1700/405 5282/1698/2082 5273/1699/2784
f 5273/1699/2784 5282/1698/2082 5271/1696/2783
f 5282/1698/2082 5283/1697/2084 5271/1696/2783
f 5271/1696/2783 5283/1697/2084 5284/1694/2790
f 5283/1697/2084 5285/1729/451 5284/1694/2790
f 5284/1694/2790 5285/1729/451 5286/1692/2791
f 5285/1729/451 4962/1730/2091 5286/1692/2791
f 4962/1730/2091 4961/1688/2708 5286/1692/2791
f 5286/1692/2791 4961/1688/2708 5287/1691/2792
f 4961/1688/2708 4963/1685/1274 5287/1691/2792
f 5271/1696/2783 5284/1694/2790 5269/1695/2781
f 5269/1695/2781 5284/1694/2790 5288/1693/2793
f 5284/1694/2790 5286/1692/2791 5288/1693/2793
f 5288/1693/2793 5286/1692/2791 5287/1691/2792
f 5006/1630/2511 5290/1628/899 5289/1744/2794
f 5289/1744/2794 5290/1628/899 5291/1745/2795
f 5290/1628/899 5292/1615/899 5291/1745/2795
f 5292/1615/899 5293/1613/1017 5291/1745/2795
f 5291/1745/2795 5293/1613/1017 5294/1742/1180
f 5293/1613/1017 5295/1612/1007 5294/1742/1180
f 5294/1742/1180 5269/1695/2779 5291/1745/2795
f 5291/1745/2795 5269/1695/2779 5289/1744/2794
f 5269/1695/2779 5296/1743/2796 5289/1744/2794
f 5289/1744/2794 5296/1743/2796 4978/1672/1176
f 4978/1672/1176 5296/1743/2796 5297/1679/1245
f 5297/1679/1245 5296/1743/2796 5298/1690/1247
f 5296/1743/2796 5299/1693/2797 5298/1690/1247
f 5298/1690/1247 5299/1693/2797 5300/1691/2711
f 5269/1695/2779 5299/1693/2797 5296/1743/2796
f 5289/1744/2794 4978/1672/1176 5301/1746/1025
f 5295/1612/1018 5303/1610/899 5302/1739/2577
f 5302/1739/2577 5303/1610/899 5304/1747/899
f 5303/1610/899 5305/1609/899 5304/1747/899
f 5304/1747/899 5305/1609/899 5306/1748/899
f 5305/1609/899 5307/1617/899 5306/1748/899
f 5306/1748/899 5307/1617/899 5308/1751/899
f 5307/1617/899 5309/1618/1020 5308/1751/899
f 5309/1618/1020 5310/1753/1196 5308/1751/899
f 5308/1751/899 5310/1753/1196 5311/1752/899
f 5310/1753/1196 5312/1754/1196 5311/1752/899
f 5302/1739/2577 5304/1747/899 5313/1738/1035
f 5313/1738/1035 5304/1747/899 5314/1749/899
f 5304/1747/899 5306/1748/899 5314/1749/899
f 5314/1749/899 5306/1748/899 5315/1750/899
f 5306/1748/899 5308/1751/899 5315/1750/899
f 5315/1750/899 5308/1751/899 5311/1752/899
f 5316/1618/1020 5318/1755/2798 5317/1753/1196
f 5317/1753/1196 5318/1755/2798 5319/1756/1044
f 5318/1755/2798 5320/1757/2799 5319/1756/1044
f 5320/1757/2799 5321/1758/2800 5319/1756/1044
f 5319/1756/1044 5321/1758/2800 5322/1759/2745
f 5321/1758/2800 5323/1760/2801 5322/1759/2745
f 5317/1753/1196 5319/1756/1044 5312/1754/1197
f 5319/1756/1044 5322/1759/2745 5312/1754/1197
f 5322/1759/2745 5324/1760/2801 5325/1761/2802
f 5324/1760/2801 5140/1762/2754 5325/1761/2802
f 5325/1761/2802 5326/1763/1196 5322/1759/2745
f 5322/1759/2745 5326/1763/1196 5327/1754/1196
f 5326/1763/1196 5328/1764/899 5327/1754/1196
f 5327/1754/1196 5328/1764/899 5329/1752/899
f 5328/1764/899 5330/1765/899 5329/1752/899
f 5329/1752/899 5330/1765/899 5331/1750/899
f 5330/1765/899 5332/1766/899 5331/1750/899
f 5331/1750/899 5332/1766/899 5333/1749/899
f 5332/1766/899 5334/1767/1035 5333/1749/899
f 5333/1749/899 5334/1767/1035 5335/1738/1035
f 5334/1767/1035 5336/1768/2803 5335/1738/1035
f 5335/1738/1035 5336/1768/2803 5337/1740/2804
f 5336/1768/2803 5338/1735/2788 5337/1740/2804
f 5337/1740/2804 5338/1735/2788 5339/1736/2780
f 5338/1735/2788 5336/1768/2803 5277/1734/2788
f 5277/1734/2788 5336/1768/2803 5340/1769/2803
f 5336/1768/2803 5334/1767/1035 5340/1769/2803
f 5340/1769/2803 5334/1767/1035 5341/1770/1035
f 5334/1767/1035 5332/1766/899 5341/1770/1035
f 5341/1770/1035 5332/1766/899 5342/1771/899
f 5332/1766/899 5330/1765/899 5342/1771/899
f 5342/1771/899 5330/1765/899 5343/1772/899
f 5330/1765/899 5328/1764/899 5343/1772/899
f 5343/1772/899 5328/1764/899 5344/1773/899
f 5328/1764/899 5326/1763/1196 5344/1773/899
f 5344/1773/899 5326/1763/1196 5345/1774/1197
f 5326/1763/1196 5325/1761/2802 5345/1774/1197
f 5345/1774/1197 5325/1761/2802 5346/1775/2745
f 5325/1761/2802 5140/1762/2754 5346/1775/2745
f 5346/1775/2745 5140/1762/2754 5347/1776/2748
f 5140/1762/2754 5323/1760/2801 5141/1792/2755
f 5141/1792/2755 5323/1760/2801 5348/1793/2805
f 5323/1760/2801 5349/1758/1199 5348/1793/2805
f 5348/1793/2805 5349/1758/1199 5350/1794/2806
f 5349/1758/1199 5320/1757/2807 5350/1794/2806
f 5320/1757/2807 5351/2140/2808 5350/1794/2806
f 5350/1794/2806 5351/2140/2808 5352/2139/1932
f 5352/2139/1932 5351/2140/2808 5353/2154/1930
f 5351/2140/2808 5354/2141/2809 5353/2154/1930
f 5353/2154/1930 5354/2141/2809 5355/2143/1928
f 5142/1797/2756 5141/1792/2755 5356/1796/1936
f 5141/1792/2755 5348/1793/2805 5356/1796/1936
f 5356/1796/1936 5348/1793/2805 5357/1795/2810
f 5348/1793/2805 5350/1794/2806 5357/1795/2810
f 5357/1795/2810 5350/1794/2806 5352/2139/1932
f 5354/2141/2809 5351/2140/2808 5358/2136/2811
f 5358/2136/2811 5351/2140/2808 5320/1757/2807
f 5358/2136/2811 5359/2105/2812 5354/2141/2809
f 5354/2141/2809 5359/2105/2812 5360/2142/2813
f 5359/2105/2812 5361/2106/2814 5360/2142/2813
f 5360/2142/2813 5361/2106/2814 5362/2145/2815
f 5361/2106/2814 5363/2110/2816 5362/2145/2815
f 5363/2110/2816 5364/2147/2817 5362/2145/2815
f 5362/2145/2815 5364/2147/2817 5365/2146/1923
f 5365/2146/1923 5364/2147/2817 5366/2148/1920
f 5366/2148/1920 5364/2147/2817 5367/2149/1921
f 5364/2147/2817 5368/2150/2818 5367/2149/1921
f 5367/2149/1921 5368/2150/2818 5369/2151/1922
f 5369/2151/1922 5368/2150/2818 5370/2152/2819
f 5368/2150/2818 5371/2126/2820 5370/2152/2819
f 5371/2126/2820 5372/2125/2821 5370/2152/2819
f 5370/2152/2819 5372/2125/2821 5373/2155/2822
f 5372/2125/2821 5374/2127/2823 5373/2155/2822
f 5354/2141/2809 5360/2142/2813 5355/2143/1928
f 5355/2143/1928 5360/2142/2813 5375/2144/1926
f 5360/2142/2813 5362/2145/2815 5375/2144/1926
f 5375/2144/1926 5362/2145/2815 5365/2146/1923
f 5364/2147/2817 5376/2110/2816 5368/2150/2818
f 5368/2150/2818 5376/2110/2816 5371/2126/2820
f 5369/2151/1922 5370/2152/2819 5377/2153/1910
f 5370/2152/2819 5373/2155/2822 5377/2153/1910
f 5377/2153/1910 5373/2155/2822 5378/1899/2824
f 5378/1899/2824 5373/2155/2822 5379/1897/2825
f 5373/2155/2822 5374/2127/2823 5379/1897/2825
f 5379/1897/2825 5374/2127/2823 5380/1898/2826
f 5381/1898/2827 5383/1896/2828 5382/1897/2825
f 5382/1897/2825 5383/1896/2828 5384/1895/2829
f 5383/1896/2828 5385/1883/2830 5384/1895/2829
f 5385/1883/2830 5386/1894/2831 5384/1895/2829
f 5384/1895/2829 5386/1894/2831 5387/1900/1905
f 5387/1900/1905 5386/1894/2831 5388/1901/1900
f 5386/1894/2831 5389/1893/2832 5388/1901/1900
f 5388/1901/1900 5389/1893/2832 5390/1902/1893
f 5389/1893/2832 5391/1892/2833 5390/1902/1893
f 5390/1902/1893 5391/1892/2833 5392/1903/1892
f 5391/1892/2833 5393/1904/2834 5392/1903/1892
f 5392/1903/1892 5393/1904/2834 5394/1905/1885
f 5382/1897/2825 5384/1895/2829 5378/1899/1906
f 5378/1899/1906 5384/1895/2829 5387/1900/1905
f 5385/1883/2830 5395/1884/2835 5386/1894/2831
f 5386/1894/2831 5395/1884/2835 5389/1893/2832
f 5395/1884/2835 5396/1887/2836 5389/1893/2832
f 5389/1893/2832 5396/1887/2836 5391/1892/2833
f 5396/1887/2836 5397/1888/2837 5391/1892/2833
f 5391/1892/2833 5397/1888/2837 5393/1904/2834
f 5397/1888/2837 5398/1890/2838 5393/1904/2834
f 5393/1904/2834 5398/1890/2838 5399/1906/2839
f 5398/1890/2838 5400/1912/2840 5399/1906/2839
f 5399/1906/2839 5400/1912/2840 5401/1908/2841
f 5400/1912/2840 5402/1911/2842 5401/1908/2841
f 5402/1911/2842 5403/1910/2843 5401/1908/2841
f 5401/1908/2841 5403/1910/2843 5404/1909/2844
f 5404/1909/2844 5403/1910/2843 5405/1913/2845
f 5403/1910/2843 5406/1914/2846 5405/1913/2845
f 5405/1913/2845 5406/1914/2846 5407/1915/1874
f 5393/1904/2834 5399/1906/2839 5394/1905/1885
f 5394/1905/1885 5399/1906/2839 5408/1907/1883
f 5399/1906/2839 5401/1908/2841 5408/1907/1883
f 5408/1907/1883 5401/1908/2841 5404/1909/2844
f 5402/1911/2842 5409/1928/2847 5403/1910/2843
f 5403/1910/2843 5409/1928/2847 5406/1914/2846
f 5409/1928/2847 5410/1929/2848 5406/1914/2846
f 5406/1914/2846 5410/1929/2848 5411/1916/2849
f 5410/1929/2848 5412/1934/2850 5411/1916/2849
f 5411/1916/2849 5412/1934/2850 5413/1918/2851
f 5412/1934/2850 5414/1933/2852 5413/1918/2851
f 5414/1933/2852 5415/1920/2853 5413/1918/2851
f 5413/1918/2851 5415/1920/2853 5416/1919/1872
f 5416/1919/1872 5415/1920/2853 5417/1921/95
f 5415/1920/2853 5418/1922/2854 5417/1921/95
f 5417/1921/95 5418/1922/2854 5419/1923/1861
f 5406/1914/2846 5411/1916/2849 5407/1915/1874
f 5407/1915/1874 5411/1916/2849 5420/1917/522
f 5411/1916/2849 5413/1918/2851 5420/1917/522
f 5420/1917/522 5413/1918/2851 5416/1919/1872
f 5418/1922/2854 5415/1920/2853 5421/1932/2855
f 5415/1920/2853 5414/1933/2852 5421/1932/2855
f 5414/1933/2852 5412/1934/2850 5421/1932/2855
f 5421/1932/2855 5412/1934/2850 5422/1935/2856
f 5412/1934/2850 5423/1929/2848 5422/1935/2856
f 5423/1929/2848 5424/1936/2857 5422/1935/2856
f 5422/1935/2856 5424/1936/2857 5425/1937/2858
f 5424/1936/2857 5426/1938/2588 5425/1937/2858
f 5427/1931/2859 5425/1937/2858 5428/1930/2860
f 5425/1937/2858 5429/1939/2861 5428/1930/2860
f 5428/1930/2860 5429/1939/2861 5430/1553/2862
f 5430/1553/2862 5429/1939/2861 5431/1940/2863
f 5429/1939/2861 5432/1941/2410 5431/1940/2863
f 5431/1940/2863 5432/1941/2410 5433/1942/2418
f 5432/1941/2410 5434/1943/899 5433/1942/2418
f 5433/1942/2418 5434/1943/899 5435/1944/899
f 5421/1932/2855 5422/1935/2856 5436/1931/2859
f 5436/1931/2859 5422/1935/2856 5425/1937/2858
f 5425/1937/2858 5437/1938/2588 5429/1939/2861
f 5429/1939/2861 5437/1938/2588 5432/1941/2410
f 5437/1938/2588 5438/1955/1406 5432/1941/2410
f 5432/1941/2410 5438/1955/1406 5434/1943/899
f 5410/1929/2848 5440/1928/2864 5439/1936/2857
f 5439/1936/2857 5440/1928/2864 5441/1956/2865
f 5440/1928/2864 5442/1911/2842 5441/1956/2865
f 5441/1956/2865 5442/1911/2842 5443/1958/2866
f 5442/1911/2842 5444/1912/2867 5443/1958/2866
f 5439/1936/2857 5441/1956/2865 5437/1938/2588
f 5437/1938/2588 5441/1956/2865 5438/1955/1406
f 5441/1956/2865 5443/1958/2866 5438/1955/1406
f 5443/1958/2866 5445/1954/1406 5438/1955/1406
f 5438/1955/1406 5445/1954/1406 5434/1943/899
f 5445/1954/1406 5446/1945/899 5434/1943/899
f 5434/1943/899 5446/1945/899 5435/1944/899
f 5435/1944/899 5446/1945/899 5447/1946/899
f 5446/1945/899 5448/1947/899 5447/1946/899
f 5447/1946/899 5448/1947/899 5449/1948/899
f 5448/1947/899 5446/1945/899 5450/1953/2868
f 5446/1945/899 5445/1954/1406 5450/1953/2868
f 5450/1953/2868 5445/1954/1406 5451/1957/2869
f 5445/1954/1406 5443/1958/2866 5451/1957/2869
f 5443/1958/2866 5444/1912/2867 5451/1957/2869
f 5444/1912/2867 5452/1890/2870 5451/1957/2869
f 5452/1890/2870 5453/1889/2871 5451/1957/2869
f 5451/1957/2869 5453/1889/2871 5450/1953/2868
f 5453/1889/2871 5454/1891/2668 5450/1953/2868
f 5450/1953/2868 5454/1891/2668 5448/1947/899
f 5454/1891/2668 5455/1949/2511 5448/1947/899
f 5448/1947/899 5455/1949/2511 5449/1948/899
f 5449/1948/899 5455/1949/2511 5456/1950/1025
f 5455/1949/2511 5457/1951/2872 5456/1950/1025
f 5456/1950/1025 5457/1951/2872 5458/1952/2873
f 5457/1951/2872 5459/1896/2828 5458/1952/2873
f 5458/1952/2873 5459/1896/2828 5460/1898/2874
f 5454/1891/2668 5461/1885/2875 5455/1949/2511
f 5455/1949/2511 5461/1885/2875 5457/1951/2872
f 5461/1885/2875 5462/1883/2876 5457/1951/2872
f 5457/1951/2872 5462/1883/2876 5459/1896/2828
f 4397/1121/2388 4431/1123/2420 4398/1122/2389
f 5463/1817/2877 5464/1816/2878 5465/1815/2879
f 5464/1816/2878 5466/1813/2880 5465/1815/2879
f 5465/1815/2879 5466/1813/2880 5467/1814/1291
f 5467/1814/1291 5466/1813/2880 5468/1812/2881
f 5466/1813/2880 5469/1811/2882 5468/1812/2881
f 5468/1812/2881 5469/1811/2882 5470/1810/2883
f 5464/1816/2878 5471/1818/2884 5466/1813/2880
f 5466/1813/2880 5471/1818/2884 5469/1811/2882
f 5469/1811/2882 5471/1818/2884 5472/1819/2885
f 5472/1819/2885 5471/1818/2884 5473/1820/2886
f 5471/1818/2884 5474/1816/2887 5473/1820/2886
f 5473/1820/2886 5474/1816/2887 5475/1821/2888
f 5474/1816/2887 5476/1817/2877 5475/1821/2888
f 5475/1821/2888 5476/1817/2877 5477/1822/2889
f 5476/1817/2877 5478/1823/2890 5477/1822/2889
f 5477/1822/2889 5478/1823/2890 5479/1824/2891
f 5478/1823/2890 5480/1825/2892 5479/1824/2891
f 5479/1824/2891 5480/1825/2892 5481/1826/2893
f 5480/1825/2892 5482/1827/2894 5481/1826/2893
f 5481/1826/2893 5482/1827/2894 5483/1828/2895
f 5482/1827/2894 5484/1829/2896 5483/1828/2895
f 5483/1828/2895 5484/1829/2896 5485/1830/2897
f 5484/1829/2896 5486/1831/2898 5485/1830/2897
f 5485/1830/2897 5486/1831/2898 5487/1832/2899
f 5486/1831/2898 5488/1833/2900 5487/1832/2899
f 5487/1832/2899 5489/1834/402 5485/1830/2897
f 5489/1834/402 5490/1835/429 5485/1830/2897
f 5485/1830/2897 5490/1835/429 5483/1828/2895
f 5490/1835/429 5491/1836/2901 5483/1828/2895
f 5483/1828/2895 5491/1836/2901 5481/1826/2893
f 5491/1836/2901 5492/1837/2047 5481/1826/2893
f 5481/1826/2893 5492/1837/2047 5479/1824/2891
f 5492/1837/2047 5493/1838/2051 5479/1824/2891
f 5479/1824/2891 5493/1838/2051 5477/1822/2889
f 5493/1838/2051 5494/1839/2052 5477/1822/2889
f 5477/1822/2889 5494/1839/2052 5475/1821/2888
f 5494/1839/2052 5495/1840/2054 5475/1821/2888
f 5475/1821/2888 5495/1840/2054 5473/1820/2886
f 5495/1840/2054 5496/1841/2056 5473/1820/2886
f 5473/1820/2886 5496/1841/2056 5472/1819/2885
f 5496/1841/2056 5497/1842/2065 5472/1819/2885
f 5472/1819/2885 5497/1842/2065 5498/1843/2902
f 5497/1842/2065 5499/1844/2067 5498/1843/2902
f 5498/1843/2902 5499/1844/2067 5500/1845/2903
f 5499/1844/2067 5501/1725/1991 5500/1845/2903
f 5501/1725/1991 5502/1726/2904 5500/1845/2903
f 5500/1845/2903 5502/1726/2904 5503/1846/2905
f 5502/1726/2904 5504/1728/2906 5503/1846/2905
f 5472/1819/2885 5498/1843/2902 5469/1811/2882
f 5469/1811/2882 5498/1843/2902 5505/1810/2883
f 5498/1843/2902 5500/1845/2903 5505/1810/2883
f 5505/1810/2883 5500/1845/2903 5503/1846/2905
f 5504/1728/2906 5507/1726/2904 5506/1727/2907
f 5506/1727/2907 5507/1726/2904 5508/1724/2908
f 5507/1726/2904 5501/1725/1991 5508/1724/2908
f 5501/1725/1991 5509/1723/1989 5508/1724/2908
f 5508/1724/2908 5509/1723/1989 5510/1722/2909
f 5509/1723/1989 5511/1721/1988 5510/1722/2909
f 5510/1722/2909 5511/1721/1988 5512/1720/2910
f 5511/1721/1988 5513/1719/1992 5512/1720/2910
f 5512/1720/2910 5513/1719/1992 5514/1717/2911
f 5513/1719/1992 5515/1718/1979 5514/1717/2911
f 5515/1718/1979 5516/1716/1974 5514/1717/2911
f 5514/1717/2911 5516/1716/1974 5517/1715/2912
f 5516/1716/1974 5518/1714/1972 5517/1715/2912
f 5517/1715/2912 5518/1714/1972 5519/1713/2913
f 5518/1714/1972 5520/1712/1971 5519/1713/2913
f 5519/1713/2913 5520/1712/1971 5521/1711/2914
f 5520/1712/1971 5522/1710/2174 5521/1711/2914
f 5522/1710/2174 5523/1709/2915 5521/1711/2914
f 5523/1709/2915 5524/1384/2916 5521/1711/2914
f 5524/1384/2916 5525/1386/2917 5521/1711/2914
f 5521/1711/2914 5525/1386/2917 5519/1713/2913
f 5525/1386/2917 5526/1399/2918 5519/1713/2913
f 5519/1713/2913 5526/1399/2918 5517/1715/2912
f 5526/1399/2918 5527/1401/2919 5517/1715/2912
f 5517/1715/2912 5527/1401/2919 5514/1717/2911
f 5522/1710/2174 5528/1708/2173 5523/1709/2915
f 5523/1709/2915 5528/1708/2173 5529/1707/2920
f 5528/1708/2173 5530/1706/2047 5529/1707/2920
f 5529/1707/2920 5530/1706/2047 5278/1705/2789
f 5530/1706/2047 5279/1704/2079 5278/1705/2789
f 5524/1384/2916 5523/1709/2915 5531/1383/2921
f 5523/1709/2915 5529/1707/2920 5531/1383/2921
f 5531/1383/2921 5529/1707/2920 5532/1733/2922
f 5529/1707/2920 5278/1705/2789 5532/1733/2922
f 5278/1705/2789 5277/1734/2788 5532/1733/2922
f 5277/1734/2788 5340/1769/2803 5532/1733/2922
f 5532/1733/2922 5340/1769/2803 5533/1782/2923
f 5340/1769/2803 5534/1770/1035 5533/1782/2923
f 5534/1770/1035 5535/1781/1035 5533/1782/2923
f 5533/1782/2923 5535/1781/1035 5536/1381/2924
f 5535/1781/1035 5537/1379/1026 5536/1381/2924
f 5532/1733/2922 5533/1782/2923 5531/1383/2921
f 5533/1782/2923 5536/1381/2924 5531/1383/2921
f 5538/1770/1035 5539/1771/899 5540/1781/1035
f 5539/1771/899 5541/1780/899 5540/1781/1035
f 5540/1781/1035 5541/1780/899 5537/1379/1026
f 5537/1379/1026 5541/1780/899 5542/1377/899
f 5541/1780/899 5543/1779/899 5542/1377/899
f 5542/1377/899 5543/1779/899 5544/1368/899
f 5544/1368/899 5543/1779/899 5545/1778/899
f 5543/1779/899 5344/1773/899 5545/1778/899
f 5344/1773/899 5345/1774/1197 5545/1778/899
f 5345/1774/1197 5546/1777/1019 5545/1778/899
f 5545/1778/899 5546/1777/1019 5547/1366/899
f 5546/1777/1019 5548/1365/904 5547/1366/899
f 5539/1771/899 5549/1772/899 5541/1780/899
f 5541/1780/899 5549/1772/899 5543/1779/899
f 5549/1772/899 5344/1773/899 5543/1779/899
f 5545/1778/899 5547/1366/899 5544/1368/899
f 5550/1890/2870 5552/1888/2925 5551/1889/2926
f 5551/1889/2926 5552/1888/2925 5553/1886/2927
f 5552/1888/2925 5396/1887/2928 5553/1886/2927
f 5396/1887/2928 5554/1884/2929 5553/1886/2927
f 5553/1886/2927 5554/1884/2929 5555/1885/2875
f 5554/1884/2929 5556/1883/2876 5555/1885/2875
f 5551/1889/2926 5553/1886/2927 5557/1891/2668
f 5553/1886/2927 5555/1885/2875 5557/1891/2668
f 5558/1959/2651 5559/1961/2650 5560/1960/2930
f 5559/1961/2650 5561/1962/2931 5560/1960/2930
f 5560/1960/2930 5561/1962/2931 4917/1967/2685
f 4917/1967/2685 5561/1962/2931 4915/1965/2683
f 5561/1962/2931 5562/1964/2932 4915/1965/2683
f 4915/1965/2683 5562/1964/2932 5563/1966/2677
f 5562/1964/2932 5561/1962/2931 5564/1963/1320
f 5564/1963/1320 5561/1962/2931 5559/1961/2650
f 4921/1979/2134 5565/1978/2136 4916/1968/2684
f 4916/1968/2684 5565/1978/2136 5566/1969/2933
f 5565/1978/2136 5567/1977/2145 5566/1969/2933
f 5566/1969/2933 5567/1977/2145 5568/1970/2934
f 5567/1977/2145 5569/1976/572 5568/1970/2934
f 5568/1970/2934 5569/1976/572 5570/1971/2935
f 5569/1976/572 4835/1975/2148 5570/1971/2935
f 4835/1975/2148 5571/1973/2638 5570/1971/2935
f 5570/1971/2935 5571/1973/2638 5572/1972/2652
f 5571/1973/2638 5573/1974/2639 5572/1972/2652
f 4916/1968/2684 5566/1969/2933 4917/1967/2685
f 4917/1967/2685 5566/1969/2933 5574/1960/2936
f 5566/1969/2933 5568/1970/2934 5574/1960/2936
f 5574/1960/2936 5568/1970/2934 5575/1959/2651
f 5568/1970/2934 5570/1971/2935 5575/1959/2651
f 5575/1959/2651 5570/1971/2935 5572/1972/2652
f 5576/1247/2937 5578/1246/2938 5577/2079/2939
f 5577/2079/2939 5578/1246/2938 5579/2080/2940
f 5578/1246/2938 5580/1245/2486 5579/2080/2940
f 5579/2080/2940 5580/1245/2486 5581/2083/2941
f 5580/1245/2486 4538/1244/2485 5581/2083/2941
f 5581/2083/2941 4538/1244/2485 5582/2085/2942
f 4538/1244/2485 5583/1243/2943 5582/2085/2942
f 5583/1243/2943 5584/1437/2944 5582/2085/2942
f 5582/2085/2942 5584/1437/2944 5585/2086/1025
f 5584/1437/2944 5586/1438/2564 5585/2086/1025
f 5577/2079/2939 5579/2080/2940 5587/2081/2945
f 5587/2081/2945 5579/2080/2940 5588/2082/1017
f 5579/2080/2940 5581/2083/2941 5588/2082/1017
f 5588/2082/1017 5581/2083/2941 5589/2084/2511
f 5581/2083/2941 5582/2085/2942 5589/2084/2511
f 5589/2084/2511 5582/2085/2942 5585/2086/1025
f 5587/2081/2946 5591/2087/2947 5590/2079/2948
f 5590/2079/2948 5591/2087/2947 5592/2088/2949
f 5591/2087/2947 5593/1251/2492 5592/2088/2949
f 5593/1251/2492 5594/1250/2950 5592/2088/2949
f 5592/2088/2949 5594/1250/2950 5595/1248/2951
f 5594/1250/2950 4543/1249/2952 5595/1248/2951
f 5590/2079/2948 5592/2088/2949 5596/1247/2953
f 5592/2088/2949 5595/1248/2951 5596/1247/2953
f 5597/1253/2954 5598/1252/2955 5599/2089/2956
f 5598/1252/2955 5600/2090/2957 5599/2089/2956
f 5599/2089/2956 5600/2090/2957 5601/2091/1196
f 5600/2090/2957 5602/2092/1197 5601/2091/1196
f 5601/2091/1196 5602/2092/1197 5603/2093/899
f 5603/2093/899 5602/2092/1197 5604/2094/899
f 5602/2092/1197 5605/2081/2946 5604/2094/899
f 5605/2081/2946 5606/2082/1017 5604/2094/899
f 5604/2094/899 5606/2082/1017 5607/2095/899
f 5606/2082/1017 5608/2084/1025 5607/2095/899
f 5598/1252/2955 5593/1251/2492 5600/2090/2957
f 5593/1251/2492 5609/2087/2947 5600/2090/2957
f 5600/2090/2957 5609/2087/2947 5602/2092/1197
f 5609/2087/2947 5605/2081/2946 5602/2092/1197
f 5603/2093/899 5604/2094/899 5610/2096/899
f 5604/2094/899 5607/2095/899 5610/2096/899
f 5610/2096/899 5607/2095/899 5611/2097/899
f 5607/2095/899 5612/2098/899 5611/2097/899
f 5611/2097/899 5612/2098/899 5613/1417/2958
f 5612/2098/899 5614/2099/2958 5613/1417/2958
f 5613/1417/2958 5614/2099/2958 5615/1419/2959
f 5614/2099/2958 5616/2100/2960 5615/1419/2959
f 5615/1419/2959 5616/2100/2960 5617/1237/2563
f 5617/1237/2563 5616/2100/2960 5618/1238/2480
f 5616/2100/2960 5619/1435/2562 5618/1238/2480
f 5618/1238/2480 5619/1435/2562 5620/1239/2563
f 5607/2095/899 5608/2084/1025 5612/2098/899
f 5608/2084/1025 5621/2086/1025 5612/2098/899
f 5612/2098/899 5621/2086/1025 5614/2099/2958
f 5621/2086/1025 5622/1438/2564 5614/2099/2958
f 5614/2099/2958 5622/1438/2564 5616/2100/2960
f 5622/1438/2564 5619/1435/2562 5616/2100/2960
f 5623/1331/1018 5624/1329/899 5625/1418/1035
f 5624/1329/899 5626/2101/899 5625/1418/1035
f 5625/1418/1035 5626/2101/899 5627/1417/1035
f 5627/1417/1035 5626/2101/899 5611/2097/899
f 5626/2101/899 5628/2102/899 5611/2097/899
f 5611/2097/899 5628/2102/899 5610/2096/899
f 5610/2096/899 5628/2102/899 5629/2103/899
f 5628/2102/899 5630/1333/899 5629/2103/899
f 5630/1333/899 5631/1334/1020 5629/2103/899
f 5631/1334/1020 5632/2104/1196 5629/2103/899
f 5629/2103/899 5632/2104/1196 5633/2093/899
f 5632/2104/1196 5634/2091/1196 5633/2093/899
f 5624/1329/899 5635/1328/899 5626/2101/899
f 5626/2101/899 5635/1328/899 5628/2102/899
f 5635/1328/899 5630/1333/899 5628/2102/899
f 5629/2103/899 5633/2093/899 5610/2096/899
f 5636/1852/899 5638/1853/899 5637/1855/899
f 5637/1855/899 5638/1853/899 5639/1856/899
f 5638/1853/899 5636/1852/899 5640/1851/899
f 5636/1852/899 5641/1850/1087 5640/1851/899
f 5640/1851/899 5641/1850/1087 5642/1849/1087
f 5641/1850/1087 5643/1848/2961 5642/1849/1087
f 5642/1849/1087 5643/1848/2961 5644/1847/2962
f 5643/1848/2961 5503/1846/2963 5644/1847/2962
f 5644/1847/2962 5503/1846/2963 5645/1728/2906
f 5503/1846/2963 5643/1848/2961 5646/1810/2883
f 5646/1810/2883 5643/1848/2961 5647/1812/2881
f 5643/1848/2961 5641/1850/1087 5647/1812/2881
f 5647/1812/2881 5641/1850/1087 5467/1814/1320
f 5641/1850/1087 5636/1852/899 5467/1814/1320
f 5467/1814/1320 5636/1852/899 5648/1854/1016
f 5636/1852/899 5637/1855/899 5648/1854/1016
f 5467/1814/1320 5648/1854/1016 5649/1815/2879
f 5648/1854/1016 5650/1868/2964 5649/1815/2879
f 5649/1815/2879 5650/1868/2964 5651/1817/2877
f 5651/1817/2877 5650/1868/2964 5652/1823/2965
f 5650/1868/2964 5653/1869/2673 5652/1823/2965
f 5652/1823/2965 5653/1869/2673 5654/1825/2966
f 5653/1869/2673 5650/1868/2964 5655/1867/1521
f 5650/1868/2964 5648/1854/1016 5655/1867/1521
f 5648/1854/1016 5637/1855/899 5655/1867/1521
f 5655/1867/1521 5637/1855/899 5656/1857/899
f 5637/1855/899 5639/1856/899 5656/1857/899
f 5639/1856/899 5657/1858/900 5656/1857/899
f 5656/1857/899 5657/1858/900 5658/1859/900
f 5657/1858/900 5659/1860/2967 5658/1859/900
f 5658/1859/900 5659/1860/2967 5660/1861/2968
f 5659/1860/2967 5661/1227/2969 5660/1861/2968
f 5661/1227/2969 5662/1862/2970 5660/1861/2968
f 5660/1861/2968 5662/1862/2970 5663/1863/2971
f 5662/1862/2970 5664/1864/2972 5663/1863/2971
f 5663/1863/2971 5665/1865/2973 5660/1861/2968
f 5660/1861/2968 5665/1865/2973 5658/1859/900
f 5665/1865/2973 5666/1866/1018 5658/1859/900
f 5658/1859/900 5666/1866/1018 5656/1857/899
f 5656/1857/899 5666/1866/1018 5655/1867/1521
f 5655/1867/1521 5666/1866/1018 5653/1869/2673
f 5666/1866/1018 5667/1870/2974 5653/1869/2673
f 5653/1869/2673 5667/1870/2974 5654/1825/2966
f 5654/1825/2966 5667/1870/2974 5668/1827/2975
f 5667/1870/2974 5669/1871/2976 5668/1827/2975
f 5668/1827/2975 5669/1871/2976 5670/1829/2977
f 5666/1866/1018 5665/1865/2973 5667/1870/2974
f 5667/1870/2974 5665/1865/2973 5669/1871/2976
f 5671/1865/2973 5673/1863/2971 5672/1871/2976
f 5672/1871/2976 5673/1863/2971 5674/1872/2978
f 5673/1863/2971 5675/1864/2972 5674/1872/2978
f 5675/1864/2972 5676/1873/2979 5674/1872/2978
f 5674/1872/2978 5676/1873/2979 5677/1831/2898
f 5676/1873/2979 5488/1833/2900 5677/1831/2898
f 5672/1871/2976 5674/1872/2978 5670/1829/2977
f 5674/1872/2978 5677/1831/2898 5670/1829/2977
f 5489/1834/402 5487/1832/2899 5678/1882/2032
f 5487/1832/2899 5679/1881/2980 5678/1882/2032
f 5678/1882/2032 5679/1881/2980 5680/1880/126
f 5680/1880/126 5679/1881/2980 5681/1879/2981
f 5679/1881/2980 5682/1873/2982 5681/1879/2981
f 5682/1873/2982 5675/1864/2972 5681/1879/2981
f 5681/1879/2981 5675/1864/2972 5683/1877/2983
f 5675/1864/2972 5684/1862/2984 5683/1877/2983
f 5683/1877/2983 5684/1862/2984 5685/1875/2985
f 5684/1862/2984 5661/1227/2469 5685/1875/2985
f 5661/1227/2469 5686/1225/2468 5685/1875/2985
f 5686/1225/2468 5687/1874/2027 5685/1875/2985
f 5687/1874/2027 5688/1876/1690 5685/1875/2985
f 5685/1875/2985 5688/1876/1690 5683/1877/2983
f 5688/1876/1690 5689/1878/2986 5683/1877/2983
f 5683/1877/2983 5689/1878/2986 5681/1879/2981
f 5689/1878/2986 5680/1880/126 5681/1879/2981
f 5487/1832/2899 5488/1833/2900 5679/1881/2980
f 5488/1833/2900 5682/1873/2982 5679/1881/2980
f 5687/1874/2027 5686/1225/2468 4520/1226/2016
f 4993/1658/1087 5691/1657/2713 5690/1656/1054
f 5690/1656/1054 5691/1657/2713 5692/1655/2987
f 5691/1657/2713 5693/1659/2628 5692/1655/2987
f 5693/1659/2628 5694/1660/2627 5692/1655/2987
f 5692/1655/2987 5694/1660/2627 5695/1653/2988
f 5694/1660/2627 4803/1502/2989 5695/1653/2988
f 5690/1656/1054 5692/1655/2987 5696/1654/1037
f 5692/1655/2987 5695/1653/2988 5696/1654/1037
f 4803/1502/2990 5697/1503/2621 5698/1653/2988
f 5697/1503/2621 5699/1652/2991 5698/1653/2988
f 5698/1653/2988 5699/1652/2991 5696/1654/1037
f 5696/1654/1037 5699/1652/2991 5700/1644/899
f 5699/1652/2991 5022/1651/2992 5700/1644/899
f 5700/1644/899 5022/1651/2992 5701/1645/899
f 5697/1503/2621 5702/1467/1026 5699/1652/2991
f 5699/1652/2991 5702/1467/1026 5022/1651/2992
f 5703/1417/1035 5705/1419/2959 5704/1418/1035
f 5704/1418/1035 5705/1419/2959 5706/1420/2993
f 5705/1419/2959 4531/1237/2479 5706/1420/2993
f 4531/1237/2479 4530/1236/2478 5706/1420/2993
f 5706/1420/2993 4530/1236/2478 5707/1421/2994
f 4530/1236/2478 4529/1235/2477 5707/1421/2994
f 5704/1418/1035 5706/1420/2993 5212/1331/1007
f 5706/1420/2993 5707/1421/2994 5212/1331/1007
f 5212/1331/1018 5708/1421/2994 5709/1345/899
f 5708/1421/2994 5710/1422/2995 5709/1345/899
f 5709/1345/899 5710/1422/2995 5711/1346/899
f 5711/1346/899 5710/1422/2995 5712/1355/899
f 5710/1422/2995 5713/1416/2996 5712/1355/899
f 5712/1355/899 5713/1416/2996 5714/1357/1007
f 5708/1421/2994 4529/1235/2997 5710/1422/2995
f 5710/1422/2995 4529/1235/2997 5713/1416/2996
f 5715/1393/1025 5716/1392/1017 5714/1357/1018
f 5714/1357/1018 5716/1392/1017 5717/1358/1017
f 5716/1392/1017 5715/1393/1025 5718/1394/899
f 5715/1393/1025 5719/1395/1103 5718/1394/899
f 5718/1394/899 5719/1395/1103 5720/1406/1017
f 5720/1406/1017 5719/1395/1103 5721/1407/900
f 5719/1395/1103 5722/1408/2998 5721/1407/900
f 5721/1407/900 5722/1408/2998 5723/1409/1247
f 5722/1408/2998 4527/1233/2475 5723/1409/1247
f 4527/1233/2475 5724/1232/2474 5723/1409/1247
f 5723/1409/1247 5724/1232/2474 5725/1410/2999
f 5724/1232/2474 5726/1231/3000 5725/1410/2999
f 5725/1410/2999 5727/1411/900 5723/1409/1247
f 5723/1409/1247 5727/1411/900 5721/1407/900
f 5727/1411/900 5728/1412/899 5721/1407/900
f 5721/1407/900 5728/1412/899 5720/1406/1017
f 5728/1412/899 5729/1413/899 5720/1406/1017
f 5720/1406/1017 5729/1413/899 5730/1405/1017
f 5729/1413/899 5731/1414/899 5730/1405/1017
f 5720/1406/1017 5730/1405/1017 5718/1394/899
f 5730/1405/1017 5732/1400/899 5718/1394/899
f 5718/1394/899 5732/1400/899 5716/1392/1017
f 5732/1400/899 5733/1391/1017 5716/1392/1017
f 5716/1392/1017 5733/1391/1017 5717/1358/1017
f 5717/1358/1017 5733/1391/1017 5734/1360/1017
f 5733/1391/1017 5735/1390/899 5734/1360/1017
f 5734/1360/1017 5735/1390/899 5736/1372/899
f 5735/1390/899 5737/1388/1054 5736/1372/899
f 5736/1372/899 5737/1388/1054 5738/1374/1026
f 5737/1388/1054 5735/1390/899 5739/1389/1087
f 5739/1389/1087 5735/1390/899 5740/1396/899
f 5735/1390/899 5733/1391/1017 5740/1396/899
f 5733/1391/1017 5732/1400/899 5740/1396/899
f 5740/1396/899 5732/1400/899 5741/1404/899
f 5732/1400/899 5730/1405/1017 5741/1404/899
f 5730/1405/1017 5731/1414/899 5741/1404/899
f 5731/1414/899 5742/1403/1087 5741/1404/899
f 5741/1404/899 5742/1403/1087 5743/1397/3001
f 5742/1403/1087 5744/1402/2713 5743/1397/3001
f 5743/1397/3001 5744/1402/2713 5745/1398/3002
f 5744/1402/2713 5746/1401/3003 5745/1398/3002
f 5746/1401/3003 5747/1399/2918 5745/1398/3002
f 5745/1398/3002 5747/1399/2918 5748/1387/3002
f 5747/1399/2918 5749/1386/2917 5748/1387/3002
f 5741/1404/899 5743/1397/3001 5740/1396/899
f 5740/1396/899 5743/1397/3001 5739/1389/1087
f 5743/1397/3001 5745/1398/3002 5739/1389/1087
f 5739/1389/1087 5745/1398/3002 5748/1387/3002
f 5067/1573/1456 5751/1572/1102 5750/1576/899
f 5750/1576/899 5751/1572/1102 5752/1577/899
f 5751/1572/1102 5753/1578/1235 5752/1577/899
f 5753/1578/1235 5754/1584/899 5752/1577/899
f 5754/1584/899 5755/1585/899 5752/1577/899
f 5752/1577/899 5755/1585/899 5756/1586/899
f 5755/1585/899 5757/1587/899 5756/1586/899
f 5756/1586/899 5757/1587/899 5758/1588/899
f 5757/1587/899 5759/1589/1176 5758/1588/899
f 5759/1589/1176 5760/1590/2771 5758/1588/899
f 5760/1590/2771 5761/1591/899 5758/1588/899
f 5758/1588/899 5761/1591/899 5762/1592/899
f 5761/1591/899 5763/1593/899 5762/1592/899
f 5762/1592/899 5763/1593/899 5069/1575/899
f 5069/1575/899 5763/1593/899 5070/1594/899
f 5070/1594/899 5763/1593/899 5764/1595/899
f 5763/1593/899 5765/1596/899 5764/1595/899
f 5764/1595/899 5765/1596/899 5766/1598/899
f 5752/1577/899 5756/1586/899 5750/1576/899
f 5750/1576/899 5756/1586/899 5762/1592/899
f 5756/1586/899 5758/1588/899 5762/1592/899
f 5067/1573/1456 5750/1576/899 5069/1575/899
f 5750/1576/899 5762/1592/899 5069/1575/899
f 5763/1593/899 5761/1591/899 5765/1596/899
f 5761/1591/899 5767/1597/1103 5765/1596/899
f 5767/1597/1103 5768/1599/1103 5765/1596/899
f 5765/1596/899 5768/1599/1103 5766/1598/899
f 5768/1599/1103 5059/1600/1020 5766/1598/899
f 5761/1591/899 5760/1590/2771 5767/1597/1103
f 5760/1590/2771 5769/2108/3004 5767/1597/1103
f 5767/1597/1103 5769/2108/3004 5770/2107/3005
f 5769/2108/3004 5771/2106/3006 5770/2107/3005
f 5770/2107/3005 5771/2106/3006 5772/2105/3007
f 5771/2106/3006 5769/2108/3004 5773/2110/3008
f 5773/2110/3008 5769/2108/3004 5774/2109/1174
f 5769/2108/3004 5760/1590/2771 5774/2109/1174
f 5774/2109/1174 5760/1590/2771 5759/1589/1176
f 5775/2110/3009 5777/2109/1174 5776/2126/3010
f 5776/2126/3010 5777/2109/1174 5778/2124/2772
f 5777/2109/1174 5759/1589/3011 5778/2124/2772
f 5778/2124/2772 5759/1589/3011 5779/2111/1025
f 5759/1589/3011 5780/1587/899 5779/2111/1025
f 5776/2126/3010 5778/2124/2772 5781/2125/3012
f 5778/2124/2772 5782/2123/3013 5781/2125/3012
f 5781/2125/3012 5782/2123/3013 5783/2127/2823
f 5782/2123/3013 5784/2128/3014 5783/2127/2823
f 5783/2127/2823 5784/2128/3014 5785/1898/2874
f 5785/1898/2874 5784/2128/3014 5786/1952/2873
f 5784/2128/3014 5787/2129/1025 5786/1952/2873
f 5786/1952/2873 5787/2129/1025 5788/1950/1025
f 5778/2124/2772 5779/2111/1025 5782/2123/3013
f 5782/2123/3013 5779/2111/1025 5789/2122/1025
f 5789/2122/1025 5779/2111/1025 5790/2112/899
f 5779/2111/1025 5780/1587/899 5790/2112/899
f 5780/1587/899 5791/1585/899 5790/2112/899
f 5790/2112/899 5791/1585/899 5792/2113/899
f 5791/1585/899 5754/1584/899 5792/2113/899
f 5782/2123/3013 5789/2122/1025 5784/2128/3014
f 5784/2128/3014 5789/2122/1025 5787/2129/1025
f 5789/2122/1025 5793/2121/899 5787/2129/1025
f 5793/2121/899 5794/2130/899 5787/2129/1025
f 5787/2129/1025 5794/2130/899 5788/1950/1025
f 5788/1950/1025 5794/2130/899 5795/1948/899
f 5794/2130/899 5796/2131/899 5795/1948/899
f 5795/1948/899 5796/2131/899 5797/1946/899
f 5789/2122/1025 5790/2112/899 5793/2121/899
f 5790/2112/899 5792/2113/899 5793/2121/899
f 5793/2121/899 5792/2113/899 5798/2120/899
f 5798/2120/899 5792/2113/899 5799/2114/899
f 5792/2113/899 5754/1584/899 5799/2114/899
f 5754/1584/899 5800/1583/2769 5799/2114/899
f 5799/2114/899 5800/1583/2769 5801/2115/1456
f 5800/1583/2769 5802/1580/3015 5801/2115/1456
f 5793/2121/899 5798/2120/899 5794/2130/899
f 5794/2130/899 5798/2120/899 5796/2131/899
f 5798/2120/899 5803/2119/899 5796/2131/899
f 5803/2119/899 5804/2132/899 5796/2131/899
f 5796/2131/899 5804/2132/899 5797/1946/899
f 5797/1946/899 5804/2132/899 5805/1944/899
f 5804/2132/899 5806/2133/2410 5805/1944/899
f 5805/1944/899 5806/2133/2410 5807/1942/2410
f 5798/2120/899 5799/2114/899 5803/2119/899
f 5799/2114/899 5801/2115/1456 5803/2119/899
f 5803/2119/899 5801/2115/1456 5808/2118/1053
f 5801/2115/1456 5809/2116/3016 5808/2118/1053
f 5808/2118/1053 5809/2116/3016 5810/2117/3017
f 5810/2117/3017 5809/2116/3016 5811/1556/3018
f 5811/1556/3018 5809/2116/3016 5812/1557/3019
f 5812/1557/3019 5809/2116/3016 5802/1580/3015
f 5809/2116/3016 5801/2115/1456 5802/1580/3015
f 5803/2119/899 5808/2118/1053 5804/2132/899
f 5804/2132/899 5808/2118/1053 5806/2133/2410
f 5808/2118/1053 5810/2117/3017 5806/2133/2410
f 5806/2133/2410 5810/2117/3017 5813/2134/3020
f 5810/2117/3017 5814/1555/3021 5813/2134/3020
f 5814/1555/3021 5815/1554/3022 5813/2134/3020
f 5813/2134/3020 5815/1554/3022 5816/1940/2863
f 5815/1554/3022 5430/1553/3023 5816/1940/2863
f 5806/2133/2410 5813/2134/3020 5807/1942/2410
f 5813/2134/3020 5816/1940/2863 5807/1942/2410
f 5810/2117/3017 5811/1556/3018 5814/1555/3021
f 5817/1551/1733 5819/1550/3024 5818/1549/1850
f 5818/1549/1850 5819/1550/3024 5820/1548/3025
f 5819/1550/3024 5821/1553/3023 5820/1548/3025
f 5821/1553/3023 5815/1554/3026 5820/1548/3025
f 5820/1548/3025 5815/1554/3026 5822/1546/3027
f 5815/1554/3026 5823/1555/3021 5822/1546/3027
f 5822/1546/3027 5823/1555/3021 5824/1544/3028
f 5823/1555/3021 5825/1556/3018 5824/1544/3028
f 5824/1544/3028 5825/1556/3018 5073/1543/2721
f 5825/1556/3018 5826/1557/2719 5073/1543/2721
f 5818/1549/1850 5820/1548/3025 5827/1547/1848
f 5820/1548/3025 5822/1546/3027 5827/1547/1848
f 5827/1547/1848 5822/1546/3027 5828/1545/1846
f 5822/1546/3027 5824/1544/3028 5828/1545/1846
f 5828/1545/1846 5824/1544/3028 5079/1542/652
f 5824/1544/3028 5073/1543/2721 5079/1542/652
f 5817/1551/1733 5829/1927/247 5830/1550/3029
f 5829/1927/247 5831/1926/3030 5830/1550/3029
f 5830/1550/3029 5831/1926/3030 5821/1553/3023
f 5821/1553/3023 5831/1926/3030 5832/1930/3031
f 5831/1926/3030 5833/1924/3032 5832/1930/3031
f 5832/1930/3031 5833/1924/3032 5834/1931/3033
f 5833/1924/3032 5418/1922/2854 5834/1931/3033
f 5834/1931/3033 5418/1922/2854 5421/1932/2855
f 5829/1927/247 5835/1925/1859 5831/1926/3030
f 5831/1926/3030 5835/1925/1859 5833/1924/3032
f 5835/1925/1859 5419/1923/1861 5833/1924/3032
f 5833/1924/3032 5419/1923/1861 5418/1922/2854
f 5754/1584/899 5753/1578/1235 5836/1583/1134
f 5836/1583/1134 5753/1578/1235 5837/1579/3034
f 5753/1578/1235 5838/1567/3034 5837/1579/3034
f 5838/1567/3034 5839/1559/2714 5837/1579/3034
f 5839/1559/2714 5840/1558/2720 5837/1579/3034
f 5837/1579/3034 5840/1558/2720 5841/1580/3015
f 5840/1558/2720 5842/1557/3019 5841/1580/3015
f 5837/1579/3034 5841/1580/3015 5836/1583/1134
f 5838/1567/3034 5753/1578/1235 5751/1572/1102
f 5843/1597/1103 5844/2107/3035 5845/1599/3011
f 5844/2107/3035 5846/2135/3036 5845/1599/3011
f 5845/1599/3011 5846/2135/3036 5847/1600/1406
f 5847/1600/1406 5846/2135/3036 5848/2137/3037
f 5846/2135/3036 5849/2136/2811 5848/2137/3037
f 5848/2137/3037 5849/2136/2811 5320/1757/2799
f 5844/2107/3035 5359/2105/3007 5846/2135/3036
f 5846/2135/3036 5359/2105/3007 5849/2136/2811
f 5320/1757/2799 5851/1755/2798 5850/2137/3037
f 5850/2137/3037 5851/1755/2798 5852/2138/1536
f 5851/1755/2798 5047/1618/1020 5852/2138/1536
f 5047/1618/1020 5853/1616/1017 5852/2138/1536
f 5852/2138/1536 5853/1616/1017 5854/1601/1017
f 5853/1616/1017 5855/1604/1017 5854/1601/1017
f 5850/2137/3037 5852/2138/1536 5847/1600/1020
f 5852/2138/1536 5854/1601/1017 5847/1600/1020
f 5856/1316/3011 5857/1319/2774 5858/1314/2771
f 5857/1319/2774 5859/2156/3038 5858/1314/2771
f 5858/1314/2771 5859/2156/3038 5860/1315/1406
f 5859/2156/3038 5861/2157/3039 5860/1315/1406
f 5861/2157/3039 5862/2160/1536 5860/1315/1406
f 5860/1315/1406 5862/2160/1536 5863/1320/1017
f 5862/2160/1536 5864/1332/1017 5863/1320/1017
f 5863/1320/1017 5864/1332/1017 5865/1323/1017
f 5857/1319/2774 4551/1257/2497 5859/2156/3038
f 4551/1257/2497 5866/1256/3040 5859/2156/3038
f 5859/2156/3038 5866/1256/3040 5861/2157/3039
f 5866/1256/3040 4549/1255/2495 5861/2157/3039
f 5861/2157/3039 4549/1255/2495 5867/2158/3041
f 5867/2158/3041 4549/1255/2495 5868/2159/3042
f 4549/1255/2495 5869/1254/3043 5868/2159/3042
f 5868/2159/3042 5869/1254/3043 5870/2089/2956
f 5869/1254/3043 5871/1253/3044 5870/2089/2956
f 5864/1332/1017 5862/2160/1536 5872/1334/1406
f 5872/1334/1406 5862/2160/1536 5867/2158/3041
f 5862/2160/1536 5861/2157/3039 5867/2158/3041
f 5870/2089/2956 5873/2091/1196 5868/2159/3042
f 5873/2091/1196 5874/2104/1196 5868/2159/3042
f 5868/2159/3042 5874/2104/1196 5867/2158/3041
f 5874/2104/1196 5875/1334/1020 5867/2158/3041
f 5876/1389/1054 5877/1387/3002 5878/1388/1054
f 5877/1387/3002 5879/1385/3045 5878/1388/1054
f 5878/1388/1054 5879/1385/3045 5738/1374/1037
f 5738/1374/1037 5879/1385/3045 5880/1382/3046
f 5879/1385/3045 5881/1384/3047 5880/1382/3046
f 5881/1384/3047 5531/1383/2921 5880/1382/3046
f 5531/1383/2921 5882/1381/2924 5880/1382/3046
f 5880/1382/3046 5882/1381/2924 5883/1380/3048
f 5882/1381/2924 5884/1379/1026 5883/1380/3048
f 5884/1379/1026 5246/1378/899 5883/1380/3048
f 5883/1380/3048 5246/1378/899 5885/1373/899
f 5246/1378/899 5886/1375/899 5885/1373/899
f 5877/1387/3002 5887/1386/3049 5879/1385/3045
f 5887/1386/3049 5881/1384/3047 5879/1385/3045
f 5880/1382/3046 5883/1380/3048 5888/1374/1037
f 5883/1380/3048 5885/1373/899 5888/1374/1037
f 4937/2008/3050 5889/2009/2691 5890/2007/3051
f 5889/2009/2691 5891/2161/3052 5890/2007/3051
f 5890/2007/3051 5891/2161/3052 4939/2006/3053
f 4939/2006/3053 5891/2161/3052 5892/2035/2666
f 5891/2161/3052 5893/2027/2670 5892/2035/2666
f 5892/2035/2666 5893/2027/2670 5894/2028/1104
f 5889/2009/2691 4902/2010/2672 5891/2161/3052
f 5891/2161/3052 4902/2010/2672 5893/2027/2670
f 4527/1233/3054 5896/1408/2998 5895/1234/3055
f 5895/1234/3055 5896/1408/2998 5897/1415/3056
f 5896/1408/2998 5898/1395/1176 5897/1415/3056
f 5898/1395/1176 5899/1393/1025 5897/1415/3056
f 5897/1415/3056 5899/1393/1025 5900/1416/2996
f 5899/1393/1025 5233/1357/1018 5900/1416/2996
f 5895/1234/3055 5897/1415/3056 4529/1235/2997
f 5897/1415/3056 5900/1416/2996 4529/1235/2997
f 5901/242/2008 5902/241/3057 3698/351/3058
f 5902/241/3057 5903/352/3059 3698/351/3058
f 3698/351/3058 5903/352/3059 5904/343/2022
f 5903/352/3059 5905/366/3060 5904/343/2022
f 5904/343/2022 5905/366/3060 5906/342/3061
f 5905/366/3060 5907/367/3062 5906/342/3061
f 5906/342/3061 5907/367/3062 3722/338/2033
f 3722/338/2033 5907/367/3062 5908/368/3063
f 5907/367/3062 5909/369/729 5908/368/3063
f 5908/368/3063 5909/369/729 3672/381/729
f 3672/381/729 5909/369/729 3671/370/165
f 5909/369/729 5910/364/165 3671/370/165
f 3671/370/165 5910/364/165 3673/363/165
f 5910/364/165 5911/355/165 3673/363/165
f 3673/363/165 5911/355/165 3674/356/165
f 5911/355/165 5912/247/165 3674/356/165
f 3674/356/165 5912/247/165 3675/255/305
f 5902/241/3057 3691/243/729 5903/352/3059
f 5903/352/3059 3691/243/729 5913/353/729
f 3691/243/729 5914/244/165 5913/353/729
f 5913/353/729 5914/244/165 5915/354/165
f 5914/244/165 5916/245/165 5915/354/165
f 5915/354/165 5916/245/165 5911/355/165
f 5916/245/165 5912/247/165 5911/355/165
f 5903/352/3059 5913/353/729 5905/366/3060
f 5913/353/729 5917/365/729 5905/366/3060
f 5905/366/3060 5917/365/729 5907/367/3062
f 5907/367/3062 5917/365/729 5909/369/729
f 5909/369/729 5917/365/729 5910/364/165
f 5917/365/729 5915/354/165 5910/364/165
f 5910/364/165 5915/354/165 5911/355/165
f 5915/354/165 5917/365/729 5913/353/729
f 5918/1227/2969 5919/1860/2967 5920/1228/2470
f 5919/1860/2967 5921/2183/3064 5920/1228/2470
f 5920/1228/2470 5921/2183/3064 5922/1229/3065
f 5921/2183/3064 5923/2184/3066 5922/1229/3065
f 5922/1229/3065 5923/2184/3066 5924/1230/3067
f 5923/2184/3066 5925/2199/3068 5924/1230/3067
f 5924/1230/3067 5925/2199/3068 5926/1231/3069
f 5926/1231/3069 5925/2199/3068 5927/1410/2999
f 5925/2199/3068 5928/2200/1245 5927/1410/2999
f 5927/1410/2999 5928/2200/1245 5929/1411/900
f 5919/1860/2967 5930/1858/900 5921/2183/3064
f 5921/2183/3064 5930/1858/900 5931/2185/900
f 5930/1858/900 5932/1856/899 5931/2185/900
f 5931/2185/900 5932/1856/899 5933/2186/899
f 5932/1856/899 5934/1853/899 5933/2186/899
f 5933/2186/899 5934/1853/899 5935/2187/899
f 5934/1853/899 5936/1851/899 5935/2187/899
f 5935/2187/899 5936/1851/899 5937/2188/899
f 5936/1851/899 5938/1849/1087 5937/2188/899
f 5937/2188/899 5938/1849/1087 5939/2189/1054
f 5938/1849/1087 5940/1847/2962 5939/2189/1054
f 5939/2189/1054 5940/1847/2962 5941/2190/1452
f 5940/1847/2962 5942/1728/2906 5941/2190/1452
f 5942/1728/2906 5943/1727/3070 5941/2190/1452
f 5941/2190/1452 5943/1727/3070 5944/2191/2644
f 5943/1727/3070 5945/1731/3071 5944/2191/2644
f 5921/2183/3064 5931/2185/900 5923/2184/3066
f 5931/2185/900 5946/2198/900 5923/2184/3066
f 5923/2184/3066 5946/2198/900 5925/2199/3068
f 5946/2198/900 5928/2200/1245 5925/2199/3068
f 5933/2186/899 5946/2198/900 5931/2185/900
f 5944/2191/2644 5947/2194/1087 5941/2190/1452
f 5941/2190/1452 5947/2194/1087 5939/2189/1054
f 5947/2194/1087 5948/2195/899 5939/2189/1054
f 5939/2189/1054 5948/2195/899 5937/2188/899
f 5948/2195/899 5949/2196/899 5937/2188/899
f 5937/2188/899 5949/2196/899 5935/2187/899
f 5949/2196/899 5950/2197/899 5935/2187/899
f 5935/2187/899 5950/2197/899 5933/2186/899
f 5933/2186/899 5950/2197/899 5946/2198/900
f 5946/2198/900 5950/2197/899 5928/2200/1245
f 5950/2197/899 5951/2201/899 5928/2200/1245
f 5928/2200/1245 5951/2201/899 5929/1411/900
f 5929/1411/900 5951/2201/899 5952/1412/899
f 5952/1412/899 5951/2201/899 5953/2202/899
f 5951/2201/899 5949/2196/899 5953/2202/899
f 5949/2196/899 5948/2195/899 5953/2202/899
f 5953/2202/899 5948/2195/899 5954/2203/899
f 5948/2195/899 5947/2194/1087 5954/2203/899
f 5954/2203/899 5947/2194/1087 5955/2193/1087
f 5947/2194/1087 5944/2191/2644 5955/2193/1087
f 5955/2193/1087 5944/2191/2644 5956/2192/2712
f 5944/2191/2644 5945/1731/3071 5956/2192/2712
f 5945/1731/3071 5957/1732/3072 5956/2192/2712
f 5956/2192/2712 5957/1732/3072 5958/1402/2713
f 5957/1732/3072 5959/1401/3003 5958/1402/2713
f 5949/2196/899 5951/2201/899 5950/2197/899
f 5958/1402/2713 5960/1403/1087 5956/2192/2712
f 5956/2192/2712 5960/1403/1087 5955/2193/1087
f 5960/1403/1087 5961/1414/899 5955/2193/1087
f 5955/2193/1087 5961/1414/899 5954/2203/899
f 5961/1414/899 5962/1413/899 5954/2203/899
f 5954/2203/899 5962/1413/899 5953/2202/899
f 5962/1413/899 5952/1412/899 5953/2202/899
f 5514/1717/2911 5959/1401/2919 5512/1720/2910
f 5959/1401/2919 5963/1732/3073 5512/1720/2910
f 5512/1720/2910 5963/1732/3073 5510/1722/2909
f 5963/1732/3073 5945/1731/3071 5510/1722/2909
f 5510/1722/2909 5945/1731/3071 5508/1724/2908
f 5945/1731/3071 5506/1727/2907 5508/1724/2908
f 5964/1289/2762 5965/1807/2760 5966/1276/2517
f 5965/1807/2760 5967/2204/3074 5966/1276/2517
f 5966/1276/2517 5967/2204/3074 5968/1274/3075
f 5968/1274/3075 5967/2204/3074 5969/2205/3076
f 5967/2204/3074 5970/2206/1742 5969/2205/3076
f 5970/2206/1742 5971/2207/1745 5969/2205/3076
f 5969/2205/3076 5971/2207/1745 5972/2208/3077
f 5971/2207/1745 5973/2209/1744 5972/2208/3077
f 5972/2208/3077 5973/2209/1744 5974/1076/2357
f 5973/2209/1744 4352/1075/1733 5974/1076/2357
f 5970/2206/1742 5967/2204/3074 5151/1806/1743
f 5967/2204/3074 5965/1807/2760 5151/1806/1743
f 5974/1076/2357 5975/1079/3078 5972/2208/3077
f 5975/1079/3078 5976/1272/3079 5972/2208/3077
f 5972/2208/3077 5976/1272/3079 5969/2205/3076
f 5976/1272/3079 5968/1274/3075 5969/2205/3076
